{"type":"FeatureCollection","features":[{"type":"Feature","properties":{"name":"서울신내초등학교","kind":"zone","note":"학구도안내서비스 2026-03-20 기준 (교육청 공식)","shared":false},"geometry":{"type":"Polygon","coordinates":[[[127.10187,37.60927],[127.10212,37.60926],[127.10318,37.60975],[127.10341,37.60963],[127.10354,37.60699],[127.10334,37.60604],[127.10313,37.60551],[127.10265,37.60461],[127.10219,37.60403],[127.10229,37.60388],[127.10178,37.60344],[127.10064,37.60266],[127.10062,37.60256],[127.09976,37.60209],[127.09814,37.60146],[127.0986,37.60014],[127.09712,37.59981],[127.09674,37.60091],[127.09735,37.60116],[127.09705,37.60177],[127.09691,37.60225],[127.09677,37.60232],[127.09709,37.60294],[127.09769,37.60495],[127.09801,37.6058],[127.09814,37.60598],[127.09804,37.60608],[127.09788,37.60694],[127.09791,37.60724],[127.09806,37.60765],[127.09793,37.60788],[127.09999,37.60824],[127.09865,37.60925],[127.09767,37.6108],[127.09775,37.61107],[127.09724,37.61115],[127.09647,37.61222],[127.09637,37.61307],[127.09604,37.61433],[127.10011,37.61313],[127.10134,37.61297],[127.10106,37.60934],[127.10187,37.60927]]]}},{"type":"Feature","properties":{"name":"서울신내초등학교","kind":"zone","note":"학구도안내서비스 2026-03-20 기준 (교육청 공식)","shared":false},"geometry":{"type":"Polygon","coordinates":[[[127.09533,37.59876],[127.09548,37.59947],[127.09658,37.5997],[127.0968,37.59908],[127.09533,37.59876]]]}},{"type":"Feature","properties":{"name":"서울양원숲초등학교","kind":"zone","note":"학구도안내서비스 2026-03-20 기준 (교육청 공식)","shared":false},"geometry":{"type":"Polygon","coordinates":[[[127.10479,37.61305],[127.10521,37.61308],[127.10538,37.61342],[127.10604,37.61343],[127.10683,37.6132],[127.10733,37.61292],[127.10806,37.6129],[127.10882,37.61278],[127.10984,37.61249],[127.10982,37.61242],[127.11007,37.61233],[127.11028,37.61233],[127.11131,37.61201],[127.11265,37.61106],[127.11357,37.6106],[127.11299,37.61025],[127.1136,37.60992],[127.1167,37.60885],[127.1168,37.60886],[127.11726,37.60865],[127.11803,37.60817],[127.11848,37.60761],[127.11809,37.60667],[127.11465,37.60739],[127.11377,37.60751],[127.11211,37.60739],[127.11046,37.60718],[127.10782,37.60662],[127.10503,37.60578],[127.10424,37.60541],[127.10364,37.60504],[127.10229,37.60388],[127.10219,37.60403],[127.10265,37.60461],[127.10313,37.60551],[127.10347,37.60656],[127.10354,37.60761],[127.10341,37.60963],[127.10313,37.60973],[127.10212,37.60926],[127.10106,37.60934],[127.10141,37.61392],[127.10304,37.61338],[127.10479,37.61305]]]}},{"type":"Feature","properties":{"name":"서울동원초등학교","kind":"zone","note":"학구도안내서비스 2026-03-20 기준 (교육청 공식)","shared":false},"geometry":{"type":"Polygon","coordinates":[[[127.11738,37.60394],[127.11702,37.60339],[127.11687,37.60305],[127.11572,37.60211],[127.11553,37.60164],[127.11498,37.60167],[127.11451,37.60162],[127.11395,37.60144],[127.11338,37.60096],[127.11289,37.60065],[127.11245,37.60044],[127.11155,37.60027],[127.10961,37.60039],[127.10971,37.60054],[127.1098,37.60117],[127.10915,37.60124],[127.10873,37.6018],[127.10812,37.60204],[127.10819,37.6017],[127.10787,37.60165],[127.10775,37.60173],[127.10755,37.60168],[127.10753,37.60185],[127.10687,37.60155],[127.10664,37.60161],[127.10618,37.60213],[127.10594,37.6023],[127.10589,37.60204],[127.10529,37.60163],[127.10469,37.60157],[127.10461,37.6015],[127.1033,37.60142],[127.10328,37.60153],[127.10211,37.60156],[127.10208,37.60092],[127.10125,37.60073],[127.1013,37.60159],[127.10051,37.60162],[127.10045,37.60056],[127.0986,37.60014],[127.09814,37.60146],[127.09976,37.60209],[127.10062,37.60256],[127.10064,37.60266],[127.10135,37.60311],[127.10199,37.60361],[127.10325,37.60475],[127.10405,37.6053],[127.10468,37.60563],[127.1057,37.60601],[127.10782,37.60662],[127.10973,37.60704],[127.11159,37.60733],[127.11322,37.60748],[127.11404,37.60748],[127.11809,37.60667],[127.118,37.60589],[127.11809,37.60557],[127.11805,37.6046],[127.11738,37.60394]]]}},{"type":"Feature","properties":{"name":"서울미아초등학교","kind":"zone","note":"학구도안내서비스 2026-03-20 기준 (교육청 공식)","shared":false},"geometry":{"type":"Polygon","coordinates":[[[127.02581,37.60832],[127.02413,37.60782],[127.02482,37.60588],[127.02508,37.60571],[127.02542,37.60573],[127.02575,37.60643],[127.02598,37.60635],[127.02608,37.60643],[127.02645,37.60615],[127.02708,37.60587],[127.02513,37.60422],[127.02248,37.60259],[127.02229,37.6023],[127.02217,37.60193],[127.02102,37.60196],[127.02122,37.60279],[127.0216,37.60294],[127.02166,37.60356],[127.02179,37.6036],[127.02268,37.60347],[127.02275,37.60405],[127.02249,37.60482],[127.02189,37.60468],[127.02198,37.60434],[127.02177,37.60432],[127.02182,37.604],[127.02148,37.60371],[127.02063,37.60377],[127.02045,37.6041],[127.01992,37.60431],[127.01976,37.60465],[127.01998,37.6052],[127.01976,37.60515],[127.01955,37.60532],[127.01857,37.60491],[127.01835,37.60509],[127.01833,37.6052],[127.01826,37.6052],[127.01825,37.60509],[127.01794,37.60515],[127.01769,37.60511],[127.01736,37.60554],[127.01749,37.60563],[127.01744,37.6059],[127.01717,37.60595],[127.01719,37.60607],[127.01682,37.6062],[127.01701,37.60639],[127.01715,37.60678],[127.01733,37.60654],[127.01768,37.60643],[127.01865,37.6067],[127.01926,37.6068],[127.0194,37.60689],[127.01951,37.60711],[127.0194,37.60776],[127.01989,37.60782],[127.02019,37.60792],[127.02044,37.6083],[127.02015,37.60863],[127.02051,37.60878],[127.02021,37.60922],[127.02021,37.60938],[127.01965,37.61011],[127.01889,37.61068],[127.01867,37.61078],[127.02076,37.61108],[127.02242,37.61144],[127.0225,37.61137],[127.02274,37.61151],[127.02344,37.61173],[127.02392,37.61196],[127.02456,37.61214],[127.02518,37.61201],[127.02572,37.61213],[127.02606,37.61183],[127.02571,37.61156],[127.02586,37.61114],[127.02613,37.61113],[127.02636,37.61094],[127.02614,37.61051],[127.02603,37.61049],[127.02625,37.61033],[127.02631,37.61021],[127.02624,37.61003],[127.02592,37.60967],[127.02588,37.6095],[127.026,37.60934],[127.02582,37.6092],[127.02626,37.60855],[127.02581,37.60832]]]}},{"type":"Feature","properties":{"name":"서울옥수초등학교 · 서울금옥초등학교","kind":"zone","note":"학구도안내서비스 2026-03-20 기준 (교육청 공식)","shared":true},"geometry":{"type":"Polygon","coordinates":[[[127.01833,37.54508],[127.01775,37.54526],[127.01742,37.54547],[127.01859,37.54644],[127.01942,37.54695],[127.0199,37.54677],[127.02037,37.54669],[127.0201,37.5463],[127.01907,37.54606],[127.01863,37.54562],[127.01836,37.54561],[127.01833,37.54508]]]}},{"type":"Feature","properties":{"name":"서울은로초등학교","kind":"zone","note":"학구도안내서비스 2026-03-20 기준 (교육청 공식)","shared":false},"geometry":{"type":"Polygon","coordinates":[[[126.95861,37.50869],[126.95866,37.50869],[126.95868,37.50888],[126.95904,37.50864],[126.95924,37.50883],[126.95958,37.50856],[126.95939,37.5084],[126.9596,37.50823],[126.95952,37.50816],[126.9596,37.50808],[126.95956,37.50805],[126.95978,37.50793],[126.95973,37.50784],[126.95984,37.5078],[126.95971,37.50769],[126.96019,37.50749],[126.96092,37.50775],[126.96107,37.50793],[126.96187,37.50733],[126.96202,37.50752],[126.96304,37.50808],[126.96316,37.50804],[126.96298,37.50759],[126.96334,37.50742],[126.96328,37.50732],[126.96361,37.50715],[126.96345,37.50698],[126.96349,37.50693],[126.96429,37.50621],[126.96456,37.50581],[126.96448,37.50579],[126.96451,37.50568],[126.96447,37.50567],[126.96483,37.50521],[126.96472,37.50492],[126.96497,37.50454],[126.96545,37.50446],[126.96553,37.50471],[126.96571,37.50497],[126.96602,37.50497],[126.96649,37.50437],[126.96661,37.50371],[126.96653,37.50358],[126.96661,37.5035],[126.96679,37.50349],[126.96735,37.50293],[126.96668,37.50268],[126.96672,37.50227],[126.96659,37.50202],[126.9663,37.50178],[126.9656,37.50143],[126.96555,37.5012],[126.96566,37.50122],[126.9656,37.50109],[126.96536,37.50095],[126.96519,37.50067],[126.9647,37.50046],[126.96411,37.50001],[126.96335,37.49957],[126.96324,37.49904],[126.96305,37.49872],[126.96304,37.49847],[126.96222,37.49781],[126.96198,37.49743],[126.95984,37.49819],[126.95934,37.49815],[126.95929,37.49789],[126.95948,37.49723],[126.95914,37.49729],[126.95902,37.49737],[126.95826,37.49747],[126.95706,37.49789],[126.95711,37.498],[126.95705,37.49802],[126.95713,37.49818],[126.95729,37.49814],[126.95763,37.49871],[126.95729,37.4992],[126.95642,37.5002],[126.95604,37.50052],[126.95582,37.50123],[126.95509,37.50193],[126.95521,37.50211],[126.95527,37.50275],[126.95502,37.50387],[126.9544,37.50371],[126.95379,37.50409],[126.95359,37.50439],[126.95352,37.50499],[126.95395,37.50505],[126.95454,37.50617],[126.95458,37.50711],[126.95448,37.50712],[126.95463,37.50748],[126.95595,37.50704],[126.95652,37.50629],[126.95701,37.50649],[126.95703,37.5068],[126.95683,37.50749],[126.9572,37.50747],[126.95721,37.50762],[126.95705,37.50767],[126.95713,37.50787],[126.95701,37.50796],[126.95716,37.50814],[126.95696,37.50827],[126.95684,37.50813],[126.95663,37.50829],[126.95694,37.50863],[126.95731,37.50859],[126.95749,37.5085],[126.95779,37.50873],[126.95812,37.50888],[126.95861,37.50869]]]}},{"type":"Feature","properties":{"name":"서울염리초등학교","kind":"zone","note":"학구도안내서비스 2026-03-20 기준 (교육청 공식)","shared":false},"geometry":{"type":"Polygon","coordinates":[[[126.94338,37.54616],[126.94419,37.54596],[126.94476,37.54571],[126.94472,37.54564],[126.9484,37.5442],[126.94884,37.54487],[126.95103,37.54393],[126.95024,37.54287],[126.94982,37.54242],[126.94664,37.5401],[126.94649,37.5402],[126.94509,37.53913],[126.94518,37.53905],[126.94343,37.53776],[126.94103,37.53626],[126.93856,37.53784],[126.93823,37.53799],[126.94097,37.54035],[126.93997,37.54108],[126.94084,37.54182],[126.93994,37.54252],[126.94034,37.54269],[126.9403,37.54275],[126.94084,37.54277],[126.9411,37.5429],[126.94094,37.54349],[126.94071,37.54375],[126.94152,37.54423],[126.94052,37.54488],[126.94075,37.54511],[126.94121,37.54507],[126.94183,37.54547],[126.94219,37.54589],[126.94258,37.54573],[126.94292,37.54608],[126.94305,37.54615],[126.94338,37.54616]]]}},{"type":"Feature","properties":{"name":"서울염리초등학교 · 서울용강초등학교","kind":"zone","note":"학구도안내서비스 2026-03-20 기준 (교육청 공식)","shared":true},"geometry":{"type":"Polygon","coordinates":[[[126.94884,37.54487],[126.9484,37.5442],[126.94583,37.5452],[126.94641,37.54596],[126.94884,37.54487]]]}},{"type":"Feature","properties":{"name":"서울석촌초등학교","kind":"zone","note":"학구도안내서비스 2026-03-20 기준 (교육청 공식)","shared":false},"geometry":{"type":"Polygon","coordinates":[[[127.10617,37.50632],[127.11013,37.50197],[127.10049,37.49893],[127.10062,37.49831],[127.09762,37.49741],[127.09725,37.49676],[127.09655,37.497],[127.09696,37.50245],[127.09877,37.50258],[127.09876,37.50372],[127.10002,37.50391],[127.09955,37.50607],[127.09874,37.50596],[127.09876,37.50646],[127.09992,37.5067],[127.10124,37.50722],[127.10255,37.5078],[127.10402,37.50869],[127.10617,37.50632]]]}},{"type":"Feature","properties":{"name":"서울신양초등학교 · 서울동자초등학교","kind":"zone","note":"학구도안내서비스 2026-03-20 기준 (교육청 공식)","shared":true},"geometry":{"type":"Polygon","coordinates":[[[127.07297,37.53219],[127.07276,37.53195],[127.07288,37.53185],[127.07252,37.53146],[127.07207,37.53172],[127.07195,37.53152],[127.07175,37.53168],[127.07165,37.53162],[127.07096,37.53182],[127.07086,37.53198],[127.07118,37.53212],[127.07075,37.53249],[127.07092,37.53278],[127.07297,37.53219]]]}},{"type":"Feature","properties":{"name":"서울숭곡초등학교","kind":"zone","note":"학구도안내서비스 2026-03-20 기준 (교육청 공식)","shared":false},"geometry":{"type":"Polygon","coordinates":[[[127.03453,37.61266],[127.03516,37.61139],[127.03684,37.60626],[127.03716,37.60481],[127.03746,37.60413],[127.03748,37.60394],[127.03721,37.60367],[127.03846,37.60255],[127.03857,37.6022],[127.03428,37.60273],[127.03327,37.60295],[127.03041,37.60425],[127.02945,37.60454],[127.02852,37.60473],[127.0276,37.60471],[127.02687,37.60444],[127.02637,37.60407],[127.02585,37.60335],[127.02532,37.60406],[127.02513,37.60422],[127.02708,37.60587],[127.02645,37.60615],[127.02608,37.60643],[127.02598,37.60635],[127.02575,37.60643],[127.02542,37.60573],[127.02508,37.60571],[127.02488,37.60582],[127.02413,37.60782],[127.02519,37.60811],[127.02581,37.60832],[127.02626,37.60855],[127.02582,37.6092],[127.026,37.60934],[127.02588,37.6095],[127.02592,37.60967],[127.02624,37.61003],[127.02631,37.61021],[127.02625,37.61033],[127.02603,37.61049],[127.02614,37.61051],[127.02636,37.61094],[127.02613,37.61113],[127.02586,37.61114],[127.02571,37.61156],[127.02583,37.61165],[127.02594,37.61145],[127.02638,37.61146],[127.02649,37.61159],[127.02787,37.61158],[127.028,37.61256],[127.0291,37.6124],[127.03018,37.61236],[127.03009,37.61283],[127.03052,37.61287],[127.03131,37.61255],[127.03165,37.61288],[127.03202,37.61261],[127.0339,37.61266],[127.03427,37.61318],[127.03453,37.61266]]]}},{"type":"Feature","properties":{"name":"서울갈산초등학교","kind":"zone","note":"학구도안내서비스 2026-03-20 기준 (교육청 공식)","shared":false},"geometry":{"type":"Polygon","coordinates":[[[126.86995,37.51852],[126.8699,37.51844],[126.87041,37.51834],[126.87042,37.51806],[126.87124,37.51691],[126.87172,37.51592],[126.87243,37.515],[126.87547,37.51325],[126.87246,37.50968],[126.87096,37.50534],[126.8706,37.50577],[126.87111,37.50678],[126.87085,37.50684],[126.87085,37.50673],[126.87037,37.50642],[126.87005,37.50636],[126.86898,37.50655],[126.86898,37.5068],[126.86823,37.5065],[126.86734,37.50638],[126.86691,37.50643],[126.86664,37.50639],[126.86653,37.50599],[126.86616,37.50628],[126.86605,37.50647],[126.86684,37.50681],[126.86752,37.50764],[126.86811,37.5081],[126.86918,37.5087],[126.86949,37.50909],[126.86992,37.50986],[126.87041,37.51025],[126.8705,37.51093],[126.86957,37.51102],[126.86891,37.51046],[126.86817,37.50968],[126.86792,37.50951],[126.86804,37.50945],[126.86808,37.509],[126.86786,37.50894],[126.8674,37.50908],[126.86714,37.50889],[126.867,37.50888],[126.86688,37.50915],[126.86618,37.50901],[126.86615,37.50918],[126.86648,37.50929],[126.86623,37.50974],[126.86679,37.51006],[126.86731,37.51061],[126.86802,37.51124],[126.87046,37.51255],[126.86971,37.51401],[126.86402,37.51205],[126.86238,37.51507],[126.86339,37.51542],[126.86252,37.51684],[126.86724,37.51846],[126.8676,37.51863],[126.86791,37.51888],[126.86816,37.51922],[126.86995,37.51852]]]}},{"type":"Feature","properties":{"name":"서울온수초등학교","kind":"zone","note":"학구도안내서비스 2026-03-20 기준 (교육청 공식)","shared":false},"geometry":{"type":"Polygon","coordinates":[[[126.83313,37.50653],[126.83385,37.50534],[126.83491,37.5049],[126.83575,37.50511],[126.83652,37.50256],[126.83629,37.50209],[126.83633,37.50138],[126.83546,37.50026],[126.83514,37.49998],[126.83512,37.49973],[126.83442,37.49916],[126.83412,37.49862],[126.83423,37.49833],[126.83447,37.49814],[126.83493,37.49741],[126.83525,37.49731],[126.83542,37.49707],[126.83616,37.49666],[126.83618,37.49675],[126.83633,37.49671],[126.83805,37.4961],[126.83877,37.49543],[126.83923,37.49528],[126.83935,37.49518],[126.84009,37.49441],[126.83736,37.49311],[126.82712,37.49304],[126.82714,37.49319],[126.82523,37.49309],[126.82377,37.49275],[126.82247,37.49223],[126.82173,37.49185],[126.82031,37.49077],[126.82015,37.49076],[126.81941,37.49112],[126.81925,37.49131],[126.81857,37.49156],[126.81789,37.49154],[126.81587,37.49263],[126.81457,37.49319],[126.81432,37.49376],[126.81435,37.49443],[126.81387,37.4949],[126.81301,37.4964],[126.81325,37.49673],[126.81404,37.49735],[126.81414,37.49813],[126.81428,37.49827],[126.81464,37.498],[126.81514,37.49801],[126.81577,37.49764],[126.8161,37.49764],[126.81658,37.49781],[126.81689,37.49802],[126.81758,37.49823],[126.81821,37.49886],[126.81891,37.49875],[126.81964,37.49921],[126.81947,37.49978],[126.81938,37.50046],[126.81942,37.50079],[126.82,37.50143],[126.82061,37.50177],[126.82134,37.50202],[126.82156,37.50216],[126.82156,37.5029],[126.82165,37.50324],[126.82198,37.5039],[126.82197,37.50411],[126.82183,37.50454],[126.82202,37.50508],[126.82238,37.50535],[126.82255,37.50569],[126.82248,37.5061],[126.83058,37.50649],[126.83313,37.50653]]]}},{"type":"Feature","properties":{"name":"서울당중초등학교","kind":"zone","note":"학구도안내서비스 2026-03-20 기준 (교육청 공식)","shared":false},"geometry":{"type":"Polygon","coordinates":[[[126.89869,37.52483],[126.89842,37.52374],[126.89622,37.52408],[126.89587,37.52266],[126.89378,37.52298],[126.89411,37.52441],[126.89337,37.52452],[126.89274,37.52186],[126.88388,37.52321],[126.8816,37.52362],[126.8816,37.52411],[126.8817,37.52454],[126.88191,37.52494],[126.88266,37.52584],[126.88299,37.5261],[126.88661,37.5274],[126.88778,37.52797],[126.88818,37.52825],[126.88893,37.52899],[126.88935,37.52959],[126.8898,37.53045],[126.89294,37.52975],[126.8936,37.5295],[126.89683,37.52789],[126.89927,37.52715],[126.89869,37.52483]]]}},{"type":"Feature","properties":{"name":"서울재동초등학교","kind":"zone","note":"학구도안내서비스 2026-03-20 기준 (교육청 공식)","shared":false},"geometry":{"type":"Polygon","coordinates":[[[126.97714,37.59768],[126.97795,37.59768],[126.97857,37.59725],[126.97863,37.59706],[126.97855,37.59699],[126.97857,37.59679],[126.97911,37.59639],[126.97979,37.59622],[126.98026,37.59595],[126.98091,37.59584],[126.98149,37.59534],[126.98248,37.5952],[126.98276,37.59487],[126.98292,37.59478],[126.98347,37.59468],[126.98384,37.59444],[126.9845,37.59437],[126.98515,37.5945],[126.98543,37.59445],[126.98578,37.59425],[126.9859,37.59401],[126.98612,37.59378],[126.98627,37.59328],[126.9867,37.59275],[126.98717,37.59272],[126.98732,37.59265],[126.98775,37.59226],[126.98852,37.59194],[126.98908,37.59141],[126.98901,37.59134],[126.98918,37.59053],[126.98909,37.58983],[126.98902,37.58962],[126.98865,37.58962],[126.98843,37.58934],[126.98837,37.58914],[126.98806,37.58899],[126.98797,37.58872],[126.98801,37.58861],[126.9878,37.58827],[126.98803,37.58778],[126.98773,37.58727],[126.9877,37.58712],[126.98787,37.58667],[126.98779,37.5862],[126.98795,37.58556],[126.98811,37.58554],[126.98815,37.58561],[126.9884,37.58566],[126.9889,37.5856],[126.98877,37.58503],[126.98892,37.58441],[126.98904,37.5841],[126.98933,37.58368],[126.98938,37.58291],[126.98967,37.58257],[126.98976,37.58234],[126.98949,37.58177],[126.98955,37.58092],[126.98928,37.58091],[126.98924,37.58058],[126.98927,37.57946],[126.98918,37.57876],[126.98929,37.57741],[126.98743,37.57733],[126.98686,37.57717],[126.98676,37.57712],[126.98681,37.57706],[126.98502,37.5762],[126.98495,37.57628],[126.98399,37.57584],[126.98352,37.57567],[126.98284,37.57554],[126.98231,37.57555],[126.97978,37.57593],[126.97949,37.57587],[126.97963,37.5789],[126.9797,37.57931],[126.98024,37.58098],[126.98026,37.58198],[126.98022,37.58251],[126.98008,37.58282],[126.97927,37.58353],[126.9792,37.5843],[126.97905,37.5847],[126.97907,37.58485],[126.97922,37.58507],[126.97959,37.58538],[126.97961,37.58549],[126.97955,37.58597],[126.97918,37.58654],[126.97918,37.58712],[126.9791,37.58732],[126.97866,37.58758],[126.97858,37.58778],[126.97831,37.58782],[126.97755,37.5885],[126.97704,37.58858],[126.97683,37.58895],[126.97672,37.58944],[126.97637,37.58969],[126.97609,37.58974],[126.97556,37.58968],[126.97468,37.59108],[126.97441,37.59191],[126.97364,37.59262],[126.97377,37.59297],[126.97368,37.59303],[126.9736,37.59336],[126.97412,37.59384],[126.97425,37.59413],[126.97457,37.5944],[126.97462,37.59453],[126.97515,37.59476],[126.97504,37.59573],[126.97509,37.59583],[126.97554,37.59603],[126.97588,37.59655],[126.97597,37.59683],[126.97656,37.59749],[126.97668,37.59772],[126.97642,37.59804],[126.97656,37.59809],[126.9769,37.59772],[126.97714,37.59768]]]}},{"type":"Feature","properties":{"name":"서울월촌초등학교","kind":"zone","note":"학구도안내서비스 2026-03-20 기준 (교육청 공식)","shared":false},"geometry":{"type":"Polygon","coordinates":[[[126.88016,37.54128],[126.88031,37.54052],[126.88045,37.54029],[126.88088,37.53998],[126.88201,37.5397],[126.8823,37.53954],[126.88252,37.53934],[126.88277,37.53895],[126.88311,37.53825],[126.87762,37.53632],[126.87701,37.53598],[126.87648,37.53554],[126.87603,37.53581],[126.87555,37.53598],[126.87512,37.53604],[126.87329,37.53583],[126.87275,37.53586],[126.87209,37.53612],[126.87149,37.53659],[126.87408,37.53883],[126.87492,37.53979],[126.87468,37.53998],[126.87496,37.54023],[126.87505,37.54055],[126.87495,37.54062],[126.875,37.54074],[126.87478,37.54076],[126.87477,37.54089],[126.87506,37.5412],[126.87508,37.54145],[126.87547,37.54205],[126.87571,37.54202],[126.87579,37.54172],[126.87615,37.54138],[126.87643,37.54134],[126.87664,37.54124],[126.87859,37.54179],[126.87999,37.54226],[126.88016,37.54128]]]}},{"type":"Feature","properties":{"name":"서울시흥초등학교","kind":"zone","note":"학구도안내서비스 2026-03-20 기준 (교육청 공식)","shared":false},"geometry":{"type":"Polygon","coordinates":[[[126.905,37.45944],[126.90565,37.45622],[126.90806,37.45654],[126.90844,37.45593],[126.90965,37.45575],[126.90974,37.4556],[126.90973,37.45537],[126.90946,37.45485],[126.90905,37.45481],[126.90867,37.45486],[126.90803,37.45447],[126.90755,37.45429],[126.90735,37.45439],[126.90721,37.45423],[126.90695,37.45368],[126.90615,37.45371],[126.90602,37.45224],[126.90392,37.45351],[126.90411,37.45173],[126.90527,37.45199],[126.90539,37.45088],[126.90559,37.45086],[126.90411,37.45022],[126.90244,37.44982],[126.89932,37.45795],[126.90012,37.45815],[126.89993,37.4585],[126.90052,37.45902],[126.90101,37.45903],[126.90181,37.45943],[126.9023,37.45937],[126.90386,37.46097],[126.90397,37.461],[126.90388,37.46145],[126.9046,37.46153],[126.905,37.45944]]]}},{"type":"Feature","properties":{"name":"서울안천초등학교","kind":"zone","note":"학구도안내서비스 2026-03-20 기준 (교육청 공식)","shared":false},"geometry":{"type":"Polygon","coordinates":[[[126.88725,37.46102],[126.88822,37.45987],[126.88898,37.45886],[126.89036,37.45675],[126.8908,37.45655],[126.89096,37.45642],[126.89168,37.45513],[126.89231,37.45356],[126.89295,37.45238],[126.89272,37.45201],[126.89248,37.45195],[126.8922,37.45222],[126.89172,37.45222],[126.89158,37.45211],[126.8914,37.4521],[126.89125,37.45222],[126.89072,37.45232],[126.89032,37.4525],[126.89015,37.45249],[126.88985,37.45228],[126.88964,37.45232],[126.8895,37.4527],[126.88965,37.45332],[126.88965,37.4536],[126.88952,37.45377],[126.88908,37.45397],[126.88902,37.45417],[126.88926,37.45448],[126.88929,37.45457],[126.8892,37.45472],[126.88876,37.45477],[126.88834,37.45509],[126.8882,37.4554],[126.88802,37.45558],[126.88737,37.45546],[126.88724,37.4555],[126.88668,37.45593],[126.88626,37.45636],[126.88587,37.45759],[126.88595,37.45789],[126.88632,37.45845],[126.88637,37.45871],[126.88634,37.45896],[126.88623,37.45921],[126.8861,37.4593],[126.88542,37.45942],[126.88534,37.45964],[126.88534,37.46005],[126.88613,37.4609],[126.88683,37.46093],[126.88725,37.46102]]]}},{"type":"Feature","properties":{"name":"서울구의초등학교","kind":"zone","note":"학구도안내서비스 2026-03-20 기준 (교육청 공식)","shared":false},"geometry":{"type":"Polygon","coordinates":[[[127.08698,37.54498],[127.09007,37.54481],[127.09065,37.54469],[127.08907,37.53789],[127.08732,37.53745],[127.08736,37.53736],[127.08514,37.53677],[127.08508,37.53689],[127.08356,37.53656],[127.08322,37.53961],[127.08231,37.53965],[127.08212,37.53954],[127.08094,37.53948],[127.0808,37.53892],[127.08069,37.53892],[127.08033,37.53912],[127.08028,37.53903],[127.08013,37.53906],[127.07995,37.53867],[127.07911,37.53883],[127.07904,37.53905],[127.07924,37.53913],[127.0801,37.541],[127.08122,37.54116],[127.0814,37.54138],[127.08146,37.54162],[127.08138,37.54212],[127.08126,37.54213],[127.08123,37.54235],[127.08116,37.54239],[127.0789,37.54253],[127.07858,37.54312],[127.07873,37.54381],[127.07895,37.54388],[127.0796,37.54384],[127.07988,37.54423],[127.07997,37.54427],[127.07999,37.5449],[127.07959,37.54498],[127.07767,37.54485],[127.07704,37.54494],[127.07634,37.54465],[127.07629,37.54473],[127.07554,37.54462],[127.0755,37.54481],[127.07479,37.54459],[127.07397,37.54474],[127.07414,37.54565],[127.07436,37.54615],[127.0749,37.54704],[127.07728,37.5459],[127.07938,37.54544],[127.08698,37.54498]]]}},{"type":"Feature","properties":{"name":"서울매봉초등학교","kind":"zone","note":"학구도안내서비스 2026-03-20 기준 (교육청 공식)","shared":false},"geometry":{"type":"Polygon","coordinates":[[[126.84569,37.50585],[126.84653,37.50418],[126.84651,37.50404],[126.84685,37.50322],[126.84694,37.50268],[126.84717,37.5023],[126.84761,37.50199],[126.84654,37.50159],[126.84708,37.50049],[126.84672,37.5004],[126.84654,37.50009],[126.84612,37.50021],[126.84619,37.50004],[126.84593,37.49984],[126.84615,37.49942],[126.84582,37.49934],[126.8455,37.4997],[126.84512,37.49955],[126.84498,37.4993],[126.84405,37.49973],[126.84404,37.50068],[126.84284,37.50027],[126.84209,37.49985],[126.84174,37.50008],[126.84087,37.50013],[126.84058,37.50006],[126.84021,37.49974],[126.84006,37.49969],[126.83874,37.50023],[126.83798,37.50007],[126.83758,37.49992],[126.83739,37.49995],[126.83721,37.50006],[126.83715,37.50039],[126.83706,37.50054],[126.83678,37.50066],[126.83659,37.50083],[126.83647,37.50106],[126.83648,37.50131],[126.83632,37.50158],[126.83629,37.50209],[126.83652,37.50256],[126.83575,37.50511],[126.83691,37.5054],[126.84041,37.50728],[126.8405,37.50711],[126.8405,37.50679],[126.84087,37.50633],[126.84077,37.50603],[126.84117,37.50583],[126.84207,37.50567],[126.84243,37.50548],[126.84269,37.50549],[126.84358,37.50582],[126.84441,37.50568],[126.84448,37.50574],[126.84468,37.50574],[126.84438,37.50649],[126.84461,37.50673],[126.84487,37.50732],[126.84534,37.50777],[126.84556,37.50717],[126.84587,37.50683],[126.84568,37.50676],[126.84599,37.50593],[126.84569,37.50585]]]}},{"type":"Feature","properties":{"name":"서울광장초등학교","kind":"zone","note":"학구도안내서비스 2026-03-20 기준 (교육청 공식)","shared":false},"geometry":{"type":"Polygon","coordinates":[[[127.11386,37.55843],[127.11357,37.55796],[127.11353,37.55753],[127.11335,37.55719],[127.11331,37.55683],[127.11336,37.55683],[127.11296,37.55534],[127.11195,37.5524],[127.11025,37.54854],[127.10998,37.54734],[127.10927,37.5461],[127.10728,37.54426],[127.10468,37.54498],[127.10411,37.5445],[127.10358,37.54468],[127.10374,37.54507],[127.10256,37.54548],[127.10262,37.54561],[127.09822,37.54714],[127.0983,37.54749],[127.09824,37.5475],[127.09766,37.54825],[127.09764,37.54857],[127.09771,37.54933],[127.09799,37.54947],[127.09819,37.55006],[127.09792,37.55029],[127.09869,37.55102],[127.09895,37.55112],[127.09895,37.55136],[127.09869,37.55198],[127.09983,37.55272],[127.09983,37.5528],[127.10001,37.55297],[127.10041,37.55314],[127.10069,37.55315],[127.10089,37.55326],[127.10144,37.55338],[127.10166,37.55334],[127.10214,37.55308],[127.10271,37.55352],[127.10299,37.55357],[127.10344,37.55414],[127.1037,37.55462],[127.10411,37.5549],[127.10458,37.55502],[127.10493,37.55642],[127.1054,37.55634],[127.10604,37.55637],[127.1064,37.55646],[127.10668,37.55682],[127.10714,37.55711],[127.10752,37.55761],[127.10831,37.55803],[127.10854,37.55825],[127.10922,37.55839],[127.10953,37.55855],[127.10999,37.55834],[127.11035,37.55825],[127.11142,37.55852],[127.1122,37.55894],[127.1124,37.55897],[127.11386,37.55843]]]}},{"type":"Feature","properties":{"name":"서울장안초등학교","kind":"zone","note":"학구도안내서비스 2026-03-20 기준 (교육청 공식)","shared":false},"geometry":{"type":"Polygon","coordinates":[[[127.07375,37.55942],[127.0779,37.5578],[127.07783,37.55765],[127.07891,37.55723],[127.07887,37.55714],[127.07913,37.55704],[127.07899,37.5567],[127.07918,37.55663],[127.0775,37.55355],[127.0766,37.55168],[127.07611,37.55048],[127.07531,37.5491],[127.07563,37.54898],[127.07501,37.54821],[127.07473,37.54732],[127.07446,37.54719],[127.07289,37.54761],[127.07159,37.54788],[127.06767,37.54836],[127.06746,37.54833],[127.07375,37.55942]]]}},{"type":"Feature","properties":{"name":"서울원효초등학교","kind":"zone","note":"학구도안내서비스 2026-03-20 기준 (교육청 공식)","shared":false},"geometry":{"type":"Polygon","coordinates":[[[126.95657,37.53649],[126.95653,37.53575],[126.95684,37.53565],[126.9568,37.53545],[126.95657,37.53539],[126.95652,37.53486],[126.9564,37.53437],[126.95592,37.53451],[126.95472,37.53439],[126.95468,37.53416],[126.95481,37.53342],[126.95464,37.53299],[126.95435,37.53247],[126.95433,37.53223],[126.95392,37.53221],[126.95338,37.53229],[126.95185,37.53268],[126.95165,37.53216],[126.95174,37.53208],[126.95076,37.5314],[126.9489,37.53304],[126.94814,37.5338],[126.94742,37.53414],[126.94645,37.53427],[126.94546,37.53431],[126.94488,37.5344],[126.94482,37.53452],[126.9451,37.53496],[126.94556,37.53498],[126.94544,37.53518],[126.94641,37.53574],[126.94653,37.53558],[126.94718,37.53537],[126.94738,37.53522],[126.94747,37.5353],[126.94739,37.53538],[126.94749,37.53583],[126.94759,37.53584],[126.94772,37.53566],[126.94785,37.53562],[126.94828,37.53565],[126.94841,37.5356],[126.94879,37.53558],[126.949,37.53575],[126.94991,37.53605],[126.9506,37.5361],[126.95128,37.53629],[126.95146,37.53639],[126.95155,37.53654],[126.95211,37.53677],[126.95338,37.53755],[126.95365,37.53834],[126.9541,37.53893],[126.95519,37.53918],[126.95541,37.53931],[126.95574,37.53907],[126.95527,37.53862],[126.95536,37.53834],[126.95509,37.53829],[126.95466,37.53789],[126.95489,37.53746],[126.95528,37.53724],[126.95602,37.53629],[126.95657,37.53649]]]}},{"type":"Feature","properties":{"name":"서울사당초등학교","kind":"zone","note":"학구도안내서비스 2026-03-20 기준 (교육청 공식)","shared":false},"geometry":{"type":"Polygon","coordinates":[[[126.97243,37.47815],[126.97239,37.47799],[126.9727,37.47745],[126.97385,37.47752],[126.9749,37.47809],[126.97506,37.47799],[126.97505,37.47785],[126.97516,37.47779],[126.975,37.47751],[126.9757,37.47711],[126.97543,37.47682],[126.97554,37.47633],[126.97842,37.47665],[126.98034,37.47657],[126.98034,37.47671],[126.98077,37.47672],[126.98165,37.47722],[126.98252,37.47653],[126.98252,37.47632],[126.9817,37.47636],[126.98172,37.47568],[126.98216,37.47372],[126.98319,37.47161],[126.98403,37.47054],[126.98492,37.46963],[126.98532,37.46925],[126.98663,37.46823],[126.98727,37.46762],[126.9871,37.46723],[126.98725,37.46723],[126.98773,37.46642],[126.98794,37.46593],[126.98816,37.46493],[126.98822,37.46423],[126.98834,37.464],[126.98826,37.46349],[126.98752,37.46067],[126.98754,37.46022],[126.98765,37.45975],[126.98786,37.45929],[126.98846,37.45854],[126.98864,37.45817],[126.98678,37.4574],[126.98661,37.45721],[126.98526,37.45718],[126.9849,37.45704],[126.98439,37.45711],[126.98289,37.45683],[126.9819,37.45694],[126.9824,37.45589],[126.97979,37.45565],[126.97848,37.45573],[126.97776,37.4552],[126.97458,37.45441],[126.97337,37.45324],[126.97284,37.45238],[126.97175,37.45174],[126.97057,37.44945],[126.97031,37.45103],[126.96877,37.45283],[126.96839,37.45405],[126.96764,37.45583],[126.96661,37.45607],[126.96668,37.45661],[126.96691,37.45735],[126.96658,37.45796],[126.96838,37.45923],[126.96906,37.45997],[126.96904,37.46038],[126.96981,37.461],[126.9703,37.46203],[126.97066,37.46217],[126.97114,37.46274],[126.97164,37.46284],[126.9719,37.4632],[126.97269,37.4635],[126.9734,37.46353],[126.97353,37.46402],[126.97399,37.46507],[126.97302,37.46571],[126.97315,37.46604],[126.97276,37.46698],[126.97167,37.46788],[126.97158,37.46832],[126.97042,37.46783],[126.97005,37.46791],[126.96933,37.46781],[126.9693,37.46817],[126.96915,37.46845],[126.96694,37.47194],[126.96824,37.47246],[126.96803,37.47277],[126.9687,37.47273],[126.96884,37.47399],[126.96684,37.47445],[126.96691,37.47501],[126.96726,37.47561],[126.9679,37.47545],[126.96892,37.47531],[126.96964,37.4753],[126.97052,37.47538],[126.9703,37.47585],[126.97024,37.47652],[126.96883,37.4766],[126.96803,37.47751],[126.96889,37.47763],[126.96886,37.47785],[126.96936,37.47799],[126.96948,37.47789],[126.96984,37.47783],[126.96982,37.47775],[126.97061,37.4771],[126.97189,37.47805],[126.97214,37.47815],[126.97243,37.47815]]]}},{"type":"Feature","properties":{"name":"서울금나래초등학교","kind":"zone","note":"학구도안내서비스 2026-03-20 기준 (교육청 공식)","shared":false},"geometry":{"type":"Polygon","coordinates":[[[126.89932,37.45795],[126.90053,37.45475],[126.89512,37.45259],[126.89174,37.46015],[126.89134,37.46121],[126.89405,37.46173],[126.89427,37.46169],[126.89471,37.46099],[126.89638,37.46136],[126.8958,37.46267],[126.89748,37.46298],[126.89759,37.46242],[126.89793,37.46141],[126.89932,37.45795]]]}},{"type":"Feature","properties":{"name":"서울가락초등학교","kind":"zone","note":"학구도안내서비스 2026-03-20 기준 (교육청 공식)","shared":false},"geometry":{"type":"Polygon","coordinates":[[[127.11078,37.49992],[127.11161,37.50038],[127.11233,37.49963],[127.11403,37.49761],[127.11289,37.49706],[127.10676,37.49514],[127.10635,37.49597],[127.10587,37.49584],[127.10566,37.49625],[127.10509,37.49704],[127.10448,37.49814],[127.10471,37.4982],[127.10419,37.49939],[127.10972,37.50101],[127.11078,37.49992]]]}},{"type":"Feature","properties":{"name":"서울석촌초등학교 · 서울해누리초등학교","kind":"zone","note":"학구도안내서비스 2026-03-20 기준 (교육청 공식)","shared":true},"geometry":{"type":"Polygon","coordinates":[[[127.10425,37.49941],[127.10062,37.49831],[127.10049,37.49893],[127.10394,37.50002],[127.10425,37.49941]]]}},{"type":"Feature","properties":{"name":"서울선린초등학교","kind":"zone","note":"학구도안내서비스 2026-03-20 기준 (교육청 공식)","shared":false},"geometry":{"type":"Polygon","coordinates":[[[127.14471,37.52657],[127.14137,37.53267],[127.14067,37.53374],[127.14146,37.53379],[127.14279,37.53415],[127.15239,37.53819],[127.14737,37.52588],[127.14471,37.52657]]]}},{"type":"Feature","properties":{"name":"서울원광초등학교","kind":"zone","note":"학구도안내서비스 2026-03-20 기준 (교육청 공식)","shared":false},"geometry":{"type":"Polygon","coordinates":[[[127.07817,37.65502],[127.07816,37.65311],[127.07808,37.65278],[127.07687,37.65138],[127.07676,37.65109],[127.07674,37.65066],[127.07397,37.65075],[127.07293,37.65148],[127.07203,37.65223],[127.07124,37.65261],[127.07098,37.65265],[127.07159,37.65335],[127.07193,37.65399],[127.07208,37.65444],[127.07216,37.65523],[127.07427,37.65483],[127.07507,37.65778],[127.07749,37.65701],[127.07789,37.65677],[127.07807,37.65651],[127.07817,37.65616],[127.07817,37.65502]]]}},{"type":"Feature","properties":{"name":"서울오류초등학교","kind":"zone","note":"학구도안내서비스 2026-03-20 기준 (교육청 공식)","shared":false},"geometry":{"type":"Polygon","coordinates":[[[126.83739,37.49995],[126.83758,37.49992],[126.83798,37.50007],[126.83874,37.50023],[126.83999,37.4997],[126.84021,37.49974],[126.84058,37.50006],[126.84087,37.50013],[126.84174,37.50008],[126.84209,37.49985],[126.84284,37.50027],[126.84404,37.50068],[126.84405,37.49973],[126.84498,37.4993],[126.84512,37.49955],[126.8455,37.4997],[126.84582,37.49934],[126.84615,37.49942],[126.84593,37.49984],[126.84619,37.50004],[126.84612,37.50021],[126.84654,37.50009],[126.84672,37.5004],[126.84708,37.50049],[126.84738,37.49988],[126.84779,37.49927],[126.85061,37.49589],[126.85,37.49591],[126.8493,37.49581],[126.84815,37.49561],[126.84487,37.49479],[126.84411,37.49478],[126.84381,37.49464],[126.84381,37.49448],[126.84006,37.49339],[126.8386,37.49316],[126.83736,37.49311],[126.84009,37.49441],[126.83935,37.49518],[126.83923,37.49528],[126.83877,37.49543],[126.83805,37.4961],[126.83633,37.49671],[126.83618,37.49675],[126.83616,37.49666],[126.83542,37.49707],[126.83525,37.49731],[126.83493,37.49741],[126.83447,37.49814],[126.83423,37.49833],[126.83412,37.49862],[126.83442,37.49916],[126.83512,37.49973],[126.83514,37.49998],[126.83546,37.50026],[126.83633,37.50138],[126.83632,37.50158],[126.83648,37.50131],[126.83647,37.50106],[126.83659,37.50083],[126.83678,37.50066],[126.83706,37.50054],[126.83715,37.50039],[126.83721,37.50006],[126.83739,37.49995]]]}},{"type":"Feature","properties":{"name":"서울신묵초등학교","kind":"zone","note":"학구도안내서비스 2026-03-20 기준 (교육청 공식)","shared":false},"geometry":{"type":"Polygon","coordinates":[[[127.07829,37.60776],[127.07946,37.60159],[127.0728,37.60152],[127.07241,37.60288],[127.07191,37.60378],[127.07153,37.60464],[127.07106,37.60759],[127.07155,37.60756],[127.07156,37.60748],[127.07213,37.60743],[127.07212,37.60749],[127.0723,37.60744],[127.07259,37.60751],[127.07291,37.60767],[127.07321,37.60763],[127.07483,37.60784],[127.07451,37.60954],[127.07788,37.60996],[127.07829,37.60776]]]}},{"type":"Feature","properties":{"name":"서울망원초등학교","kind":"zone","note":"학구도안내서비스 2026-03-20 기준 (교육청 공식)","shared":false},"geometry":{"type":"Polygon","coordinates":[[[126.9033,37.5633],[126.90408,37.56249],[126.90422,37.56257],[126.90547,37.56119],[126.89851,37.55806],[126.89815,37.55902],[126.89759,37.55982],[126.89628,37.55924],[126.89642,37.56083],[126.89915,37.56187],[126.89962,37.56218],[126.90033,37.56246],[126.9033,37.5633]]]}},{"type":"Feature","properties":{"name":"서울답십리초등학교 · 서울군자초등학교","kind":"zone","note":"학구도안내서비스 2026-03-20 기준 (교육청 공식)","shared":true},"geometry":{"type":"Polygon","coordinates":[[[127.0589,37.56684],[127.05935,37.56655],[127.05844,37.56601],[127.0571,37.56497],[127.05559,37.56607],[127.0566,37.56692],[127.05698,37.56797],[127.05717,37.5679],[127.05761,37.56752],[127.0589,37.56684]]]}},{"type":"Feature","properties":{"name":"서울대도초등학교","kind":"zone","note":"학구도안내서비스 2026-03-20 기준 (교육청 공식)","shared":false},"geometry":{"type":"Polygon","coordinates":[[[127.05592,37.49441],[127.0573,37.4918],[127.04984,37.4884],[127.04771,37.49218],[127.04672,37.49419],[127.05286,37.49631],[127.05404,37.49381],[127.05592,37.49441]]]}},{"type":"Feature","properties":{"name":"서울풍성초등학교","kind":"zone","note":"학구도안내서비스 2026-03-20 기준 (교육청 공식)","shared":false},"geometry":{"type":"Polygon","coordinates":[[[127.11956,37.53034],[127.11984,37.53014],[127.12012,37.52964],[127.11658,37.52384],[127.11465,37.52394],[127.11103,37.52389],[127.11103,37.52473],[127.11334,37.52717],[127.11252,37.52729],[127.11324,37.5283],[127.1138,37.52877],[127.11459,37.52994],[127.11762,37.52862],[127.1187,37.53033],[127.11877,37.5303],[127.11899,37.53059],[127.11956,37.53034]]]}},{"type":"Feature","properties":{"name":"서울염경초등학교","kind":"zone","note":"학구도안내서비스 2026-03-20 기준 (교육청 공식)","shared":false},"geometry":{"type":"Polygon","coordinates":[[[126.86852,37.56219],[126.87304,37.56005],[126.88046,37.55627],[126.87924,37.55475],[126.87922,37.55315],[126.87824,37.55358],[126.87795,37.55345],[126.87801,37.55286],[126.87708,37.55325],[126.87531,37.5542],[126.87484,37.55394],[126.87478,37.5538],[126.87424,37.55365],[126.87407,37.55346],[126.87347,37.55392],[126.87286,37.55341],[126.87196,37.55295],[126.87099,37.55353],[126.86997,37.55258],[126.86908,37.55333],[126.86639,37.55462],[126.86444,37.55608],[126.86306,37.55684],[126.86381,37.55765],[126.86547,37.55916],[126.86659,37.55949],[126.86739,37.5598],[126.86781,37.5603],[126.86193,37.56374],[126.86304,37.565],[126.86629,37.56305],[126.86852,37.56219]]]}},{"type":"Feature","properties":{"name":"서울내발산초등학교","kind":"zone","note":"학구도안내서비스 2026-03-20 기준 (교육청 공식)","shared":false},"geometry":{"type":"Polygon","coordinates":[[[126.8456,37.55699],[126.84551,37.55659],[126.84544,37.5566],[126.84548,37.55676],[126.84532,37.55692],[126.84523,37.55684],[126.84514,37.55694],[126.84505,37.55672],[126.84463,37.55677],[126.84454,37.55684],[126.8442,37.55684],[126.84423,37.55675],[126.84388,37.5565],[126.84385,37.55612],[126.84363,37.55558],[126.84342,37.55557],[126.84337,37.5545],[126.84276,37.55424],[126.84261,37.55425],[126.84213,37.55411],[126.84128,37.55299],[126.84084,37.5528],[126.84089,37.55271],[126.84083,37.55261],[126.84097,37.55251],[126.84023,37.55185],[126.84014,37.55151],[126.84019,37.55108],[126.84012,37.55055],[126.84016,37.55013],[126.84039,37.5497],[126.84059,37.5495],[126.84104,37.54922],[126.84153,37.54914],[126.84155,37.54877],[126.84139,37.54873],[126.84136,37.54866],[126.84151,37.54854],[126.84163,37.54858],[126.84165,37.54797],[126.83632,37.54797],[126.83634,37.55262],[126.83704,37.55483],[126.84188,37.55433],[126.84316,37.5559],[126.84355,37.5569],[126.84397,37.55751],[126.8444,37.55796],[126.84579,37.55782],[126.8456,37.55699]]]}},{"type":"Feature","properties":{"name":"서울흑석초등학교","kind":"zone","note":"학구도안내서비스 2026-03-20 기준 (교육청 공식)","shared":false},"geometry":{"type":"Polygon","coordinates":[[[126.96315,37.5122],[126.96497,37.51082],[126.96686,37.5099],[126.97012,37.50901],[126.97525,37.50702],[126.97899,37.50645],[126.97964,37.50642],[126.9804,37.50654],[126.9804,37.50459],[126.98032,37.50412],[126.98056,37.50296],[126.98082,37.50257],[126.98203,37.50204],[126.98288,37.50156],[126.98057,37.50179],[126.98055,37.50169],[126.98026,37.50171],[126.98031,37.50181],[126.97948,37.5019],[126.97955,37.50172],[126.97945,37.50171],[126.98004,37.50081],[126.98005,37.50066],[126.97953,37.49965],[126.97942,37.49957],[126.97995,37.49929],[126.98013,37.49903],[126.98013,37.49892],[126.97985,37.49876],[126.97976,37.49861],[126.97897,37.49818],[126.97835,37.49755],[126.97808,37.49744],[126.97795,37.49721],[126.97758,37.49692],[126.97707,37.49658],[126.97673,37.49653],[126.97595,37.49602],[126.97581,37.49569],[126.97544,37.49532],[126.97545,37.4951],[126.97531,37.49493],[126.97485,37.495],[126.97438,37.49467],[126.97424,37.49448],[126.97353,37.49434],[126.97299,37.4938],[126.97296,37.49344],[126.97227,37.49332],[126.9715,37.49328],[126.9703,37.49356],[126.96996,37.49348],[126.96949,37.49371],[126.96894,37.49369],[126.9683,37.49388],[126.96801,37.49418],[126.96756,37.49395],[126.96579,37.49369],[126.96551,37.49334],[126.96491,37.4934],[126.96389,37.49413],[126.96356,37.49445],[126.96295,37.49481],[126.96285,37.49546],[126.96239,37.49582],[126.96243,37.49654],[126.96232,37.49688],[126.96198,37.49745],[126.96222,37.49781],[126.96304,37.49847],[126.96305,37.49872],[126.96324,37.49904],[126.96335,37.49957],[126.96411,37.50001],[126.9647,37.50046],[126.96519,37.50067],[126.96536,37.50095],[126.9656,37.50109],[126.96566,37.50122],[126.96555,37.5012],[126.9656,37.50143],[126.9663,37.50178],[126.96659,37.50202],[126.96672,37.50227],[126.96668,37.50268],[126.96735,37.50293],[126.96679,37.50349],[126.96661,37.5035],[126.96653,37.50358],[126.96661,37.50371],[126.96649,37.50437],[126.96602,37.50497],[126.96571,37.50497],[126.96553,37.50471],[126.96545,37.50446],[126.96497,37.50454],[126.96472,37.50492],[126.96483,37.50521],[126.96447,37.50567],[126.96451,37.50568],[126.96448,37.50579],[126.96456,37.50581],[126.96429,37.50621],[126.96349,37.50693],[126.96345,37.50698],[126.96361,37.50715],[126.96328,37.50732],[126.96334,37.50742],[126.96298,37.50759],[126.96316,37.50804],[126.96304,37.50808],[126.96202,37.50752],[126.96187,37.50733],[126.96107,37.50793],[126.96092,37.50775],[126.96019,37.50749],[126.95971,37.50769],[126.95984,37.5078],[126.95973,37.50784],[126.95978,37.50793],[126.95956,37.50805],[126.9596,37.50808],[126.95952,37.50816],[126.9596,37.50823],[126.95939,37.5084],[126.95958,37.50856],[126.95913,37.50891],[126.95867,37.50911],[126.9587,37.50934],[126.9591,37.5096],[126.95888,37.51004],[126.95838,37.51069],[126.95809,37.51119],[126.9588,37.51133],[126.95894,37.51164],[126.95997,37.51167],[126.96021,37.51179],[126.96028,37.51195],[126.96188,37.5131],[126.96315,37.5122]]]}},{"type":"Feature","properties":{"name":"서울경인초등학교","kind":"zone","note":"학구도안내서비스 2026-03-20 기준 (교육청 공식)","shared":false},"geometry":{"type":"Polygon","coordinates":[[[126.89011,37.53396],[126.89001,37.53366],[126.8898,37.5334],[126.88875,37.53285],[126.88853,37.53255],[126.88857,37.53224],[126.88883,37.53198],[126.88909,37.53191],[126.89029,37.53187],[126.89068,37.53166],[126.8898,37.53045],[126.88351,37.53178],[126.8823,37.53188],[126.88048,37.53188],[126.87708,37.53149],[126.87758,37.53365],[126.8759,37.53394],[126.87561,37.5339],[126.87588,37.53472],[126.87646,37.53552],[126.87701,37.53598],[126.87762,37.53632],[126.88651,37.53941],[126.88685,37.53883],[126.88711,37.53859],[126.88767,37.53756],[126.88826,37.53671],[126.88859,37.53631],[126.88943,37.53554],[126.88974,37.53514],[126.89013,37.53438],[126.89011,37.53396]]]}},{"type":"Feature","properties":{"name":"서울흥인초등학교","kind":"zone","note":"학구도안내서비스 2026-03-20 기준 (교육청 공식)","shared":false},"geometry":{"type":"Polygon","coordinates":[[[127.01965,37.5634],[127.0204,37.56179],[127.02054,37.56159],[127.02089,37.5615],[127.02042,37.56114],[127.02065,37.5609],[127.02032,37.56073],[127.02017,37.56081],[127.02007,37.56072],[127.01991,37.56077],[127.01985,37.56072],[127.02048,37.56052],[127.02044,37.5604],[127.02065,37.56036],[127.02105,37.56051],[127.02138,37.56082],[127.0214,37.561],[127.02162,37.56098],[127.0222,37.56077],[127.02286,37.5607],[127.02294,37.56063],[127.02334,37.56062],[127.02322,37.56],[127.02279,37.55937],[127.02241,37.55904],[127.02285,37.55898],[127.02292,37.55833],[127.02289,37.55783],[127.02255,37.55783],[127.02192,37.55748],[127.02093,37.55776],[127.02088,37.55784],[127.0194,37.55743],[127.01887,37.55838],[127.01884,37.55954],[127.01871,37.55978],[127.01786,37.56001],[127.01757,37.55989],[127.01714,37.55949],[127.01691,37.55938],[127.01645,37.55931],[127.01473,37.55988],[127.01477,37.55995],[127.01395,37.56029],[127.01437,37.56106],[127.01427,37.56109],[127.01548,37.56317],[127.01595,37.56415],[127.01624,37.56534],[127.01874,37.56562],[127.01968,37.56565],[127.01972,37.56404],[127.01931,37.56329],[127.01965,37.5634]]]}},{"type":"Feature","properties":{"name":"서울탑산초등학교","kind":"zone","note":"학구도안내서비스 2026-03-20 기준 (교육청 공식)","shared":false},"geometry":{"type":"Polygon","coordinates":[[[126.8541,37.57128],[126.85502,37.57026],[126.85607,37.56944],[126.85945,37.56729],[126.85672,37.56363],[126.85542,37.56158],[126.85516,37.56107],[126.84516,37.56635],[126.84526,37.5666],[126.84539,37.56666],[126.8466,37.56682],[126.84714,37.56708],[126.84876,37.56751],[126.84848,37.56789],[126.84851,37.56793],[126.84806,37.56835],[126.84485,37.56924],[126.8452,37.57015],[126.84614,37.56989],[126.84691,37.5707],[126.84729,37.57077],[126.84749,37.57098],[126.84757,37.57093],[126.84786,37.57119],[126.84909,37.57047],[126.85363,37.57179],[126.8541,37.57128]]]}},{"type":"Feature","properties":{"name":"서울양명초등학교","kind":"zone","note":"학구도안내서비스 2026-03-20 기준 (교육청 공식)","shared":false},"geometry":{"type":"Polygon","coordinates":[[[126.85977,37.52135],[126.86007,37.51972],[126.85936,37.51952],[126.85681,37.51911],[126.85587,37.51883],[126.85725,37.51618],[126.85733,37.51581],[126.85743,37.51421],[126.85587,37.51367],[126.85342,37.51894],[126.85247,37.52114],[126.85275,37.52111],[126.85967,37.52189],[126.85977,37.52135]]]}},{"type":"Feature","properties":{"name":"서울양명초등학교","kind":"zone","note":"학구도안내서비스 2026-03-20 기준 (교육청 공식)","shared":false},"geometry":{"type":"Polygon","coordinates":[[[126.85979,37.51417],[126.85942,37.5142],[126.85916,37.51441],[126.85876,37.51523],[126.85888,37.51552],[126.85912,37.51566],[126.86252,37.51684],[126.86339,37.51542],[126.85979,37.51417]]]}},{"type":"Feature","properties":{"name":"서울용원초등학교 · 서울공연초등학교","kind":"zone","note":"학구도안내서비스 2026-03-20 기준 (교육청 공식)","shared":true},"geometry":{"type":"Polygon","coordinates":[[[127.07138,37.62493],[127.07075,37.62467],[127.07056,37.62523],[127.06976,37.62626],[127.07105,37.62653],[127.07084,37.6272],[127.07204,37.62758],[127.073,37.6256],[127.07138,37.62493]]]}},{"type":"Feature","properties":{"name":"서울삼전초등학교","kind":"zone","note":"학구도안내서비스 2026-03-20 기준 (교육청 공식)","shared":false},"geometry":{"type":"Polygon","coordinates":[[[127.09324,37.50482],[127.09298,37.50425],[127.09419,37.50391],[127.09431,37.50426],[127.09652,37.50398],[127.09655,37.50435],[127.0971,37.50429],[127.09655,37.49701],[127.08672,37.50027],[127.0844,37.5008],[127.08511,37.50112],[127.08575,37.50166],[127.08892,37.5054],[127.0913,37.50473],[127.0916,37.50542],[127.09329,37.50494],[127.09324,37.50482]]]}},{"type":"Feature","properties":{"name":"서울녹번초등학교","kind":"zone","note":"학구도안내서비스 2026-03-20 기준 (교육청 공식)","shared":false},"geometry":{"type":"Polygon","coordinates":[[[126.92896,37.60843],[126.92948,37.6084],[126.92949,37.60775],[126.93057,37.60725],[126.93167,37.60689],[126.93144,37.60665],[126.93123,37.60622],[126.93198,37.6058],[126.93177,37.60545],[126.93189,37.60539],[126.93181,37.6052],[126.93171,37.60513],[126.93144,37.60524],[126.93123,37.60494],[126.93123,37.60471],[126.93085,37.60464],[126.93083,37.60481],[126.93096,37.60492],[126.93072,37.60512],[126.93027,37.60487],[126.93009,37.60501],[126.93018,37.6051],[126.92992,37.60523],[126.92959,37.60489],[126.92936,37.60448],[126.92872,37.60367],[126.92852,37.60227],[126.92906,37.60222],[126.92946,37.60177],[126.92978,37.60169],[126.93007,37.60152],[126.93005,37.60137],[126.92886,37.60147],[126.92868,37.59948],[126.92799,37.59941],[126.92766,37.60003],[126.92753,37.60069],[126.92699,37.60062],[126.92676,37.59995],[126.92659,37.5997],[126.92574,37.59873],[126.92553,37.59879],[126.92534,37.59867],[126.92446,37.59929],[126.92398,37.59919],[126.92358,37.59878],[126.9228,37.59915],[126.92304,37.59942],[126.92269,37.5996],[126.92254,37.59941],[126.92183,37.59981],[126.92229,37.60032],[126.92241,37.60158],[126.92059,37.60173],[126.92172,37.60401],[126.9202,37.6045],[126.91881,37.6044],[126.91875,37.60497],[126.91887,37.60555],[126.91822,37.6055],[126.91812,37.6062],[126.91851,37.60638],[126.9189,37.60669],[126.92068,37.60885],[126.92289,37.6063],[126.92324,37.60691],[126.92362,37.60729],[126.924,37.60752],[126.92566,37.60827],[126.92628,37.60873],[126.92681,37.609],[126.92737,37.60897],[126.9283,37.60861],[126.92896,37.60843]]]}},{"type":"Feature","properties":{"name":"서울상수초등학교","kind":"zone","note":"학구도안내서비스 2026-03-20 기준 (교육청 공식)","shared":false},"geometry":{"type":"Polygon","coordinates":[[[127.06363,37.6468],[127.06337,37.6466],[127.06196,37.64933],[127.06058,37.65429],[127.06698,37.65573],[127.06857,37.65043],[127.0663,37.64958],[127.06589,37.64935],[127.06453,37.64768],[127.06363,37.6468]]]}},{"type":"Feature","properties":{"name":"서울덕의초등학교","kind":"zone","note":"학구도안내서비스 2026-03-20 기준 (교육청 공식)","shared":false},"geometry":{"type":"Polygon","coordinates":[[[126.85421,37.51015],[126.8552,37.50971],[126.85561,37.50916],[126.85816,37.50988],[126.86004,37.50675],[126.86342,37.50811],[126.86399,37.50847],[126.86418,37.50833],[126.86376,37.50798],[126.86258,37.50678],[126.86273,37.50596],[126.86243,37.50588],[126.86235,37.50535],[126.86124,37.50477],[126.86156,37.50425],[126.86065,37.5039],[126.86037,37.50405],[126.85982,37.50417],[126.85784,37.50426],[126.85739,37.50419],[126.85641,37.50384],[126.8564,37.50355],[126.85665,37.50357],[126.85689,37.5035],[126.85757,37.50303],[126.85743,37.50296],[126.85757,37.50289],[126.85733,37.50268],[126.85759,37.5025],[126.85735,37.50222],[126.8572,37.50217],[126.85606,37.50235],[126.85602,37.50221],[126.85461,37.50259],[126.85456,37.50248],[126.85461,37.50265],[126.85426,37.50278],[126.85403,37.50323],[126.85419,37.50332],[126.85409,37.50343],[126.85389,37.50335],[126.85374,37.50339],[126.85384,37.50362],[126.85341,37.50345],[126.85323,37.50377],[126.85306,37.50387],[126.85285,37.50418],[126.85285,37.50432],[126.85411,37.50586],[126.854,37.50673],[126.85257,37.5071],[126.8513,37.50763],[126.85109,37.50754],[126.85075,37.50757],[126.85031,37.50743],[126.85012,37.50747],[126.84995,37.50743],[126.84951,37.50766],[126.84956,37.50783],[126.84951,37.50812],[126.84902,37.50819],[126.84874,37.5084],[126.84868,37.50859],[126.8487,37.50889],[126.84903,37.50907],[126.84952,37.50964],[126.85009,37.51013],[126.85076,37.51001],[126.85139,37.51013],[126.85216,37.51048],[126.85254,37.51052],[126.85287,37.51069],[126.85421,37.51015]]]}},{"type":"Feature","properties":{"name":"서울신용산초등학교","kind":"zone","note":"학구도안내서비스 2026-03-20 기준 (교육청 공식)","shared":false},"geometry":{"type":"Polygon","coordinates":[[[126.99161,37.52718],[126.99183,37.5258],[126.99154,37.52512],[126.99126,37.52505],[126.99111,37.52492],[126.99075,37.52428],[126.99066,37.52398],[126.99024,37.52351],[126.99015,37.52328],[126.99008,37.52281],[126.98998,37.52272],[126.98983,37.52236],[126.98952,37.52221],[126.98918,37.52215],[126.9889,37.52199],[126.9888,37.5219],[126.98862,37.52147],[126.98797,37.52097],[126.98785,37.52079],[126.98772,37.52052],[126.98778,37.52047],[126.98784,37.51925],[126.9878,37.51924],[126.98886,37.51924],[126.98891,37.51876],[126.98951,37.51879],[126.98985,37.51914],[126.99075,37.51939],[126.99094,37.51906],[126.99111,37.51899],[126.99245,37.51917],[126.99262,37.51925],[126.99244,37.51901],[126.99141,37.51835],[126.9905,37.51764],[126.98837,37.5169],[126.98538,37.51653],[126.98118,37.51624],[126.97695,37.51644],[126.97515,37.51674],[126.9738,37.51706],[126.97152,37.51789],[126.96436,37.52056],[126.96133,37.52181],[126.96207,37.52293],[126.96267,37.52258],[126.9633,37.52236],[126.96416,37.52219],[126.96499,37.52213],[126.96626,37.52222],[126.97021,37.52292],[126.97107,37.52294],[126.97195,37.52285],[126.97201,37.52299],[126.97002,37.52351],[126.97003,37.52368],[126.96963,37.52467],[126.97007,37.52515],[126.97008,37.52545],[126.97047,37.52539],[126.97146,37.52506],[126.97238,37.52452],[126.97295,37.52384],[126.97418,37.52279],[126.97441,37.52216],[126.97602,37.52164],[126.97741,37.52523],[126.97999,37.52618],[126.98129,37.52613],[126.98587,37.52713],[126.99161,37.52718]]]}},{"type":"Feature","properties":{"name":"서울광희초등학교 · 서울창신초등학교","kind":"zone","note":"학구도안내서비스 2026-03-20 기준 (교육청 공식)","shared":true},"geometry":{"type":"Polygon","coordinates":[[[127.02336,37.57209],[127.02339,37.57191],[127.0222,37.57202],[127.02153,37.57193],[127.02075,37.57172],[127.01905,37.57103],[127.01736,37.57008],[127.01668,37.5699],[127.01559,37.56973],[127.01308,37.5697],[127.00986,37.56977],[127.00987,37.57009],[127.00967,37.57092],[127.00997,37.57102],[127.00999,37.57133],[127.00989,37.57151],[127.01229,37.57207],[127.01786,37.57367],[127.01998,37.57437],[127.02193,37.57511],[127.02322,37.5757],[127.02336,37.57209]]]}},{"type":"Feature","properties":{"name":"서울강일초등학교 · 서울강솔초등학교","kind":"zone","note":"학구도안내서비스 2026-03-20 기준 (교육청 공식)","shared":true},"geometry":{"type":"Polygon","coordinates":[[[127.18019,37.56459],[127.18065,37.56387],[127.17851,37.56313],[127.17838,37.56278],[127.17761,37.56238],[127.17709,37.56235],[127.17662,37.56245],[127.17631,37.56259],[127.17606,37.56283],[127.17539,37.56442],[127.17513,37.56484],[127.17636,37.56549],[127.17682,37.56457],[127.17811,37.56499],[127.1776,37.56604],[127.17946,37.56665],[127.17958,37.5655],[127.17978,37.56506],[127.18019,37.56459]]]}},{"type":"Feature","properties":{"name":"서울연가초등학교","kind":"zone","note":"학구도안내서비스 2026-03-20 기준 (교육청 공식)","shared":false},"geometry":{"type":"Polygon","coordinates":[[[126.91532,37.58544],[126.91601,37.58562],[126.91627,37.5858],[126.91644,37.58568],[126.91632,37.58552],[126.9162,37.58557],[126.91589,37.58516],[126.91585,37.58424],[126.91593,37.58413],[126.91576,37.5839],[126.91583,37.58375],[126.91582,37.58346],[126.9159,37.58343],[126.91592,37.5831],[126.91718,37.58326],[126.91713,37.5834],[126.91738,37.58331],[126.91773,37.58329],[126.91835,37.58335],[126.9188,37.58326],[126.91935,37.58305],[126.91973,37.5832],[126.92025,37.58296],[126.92086,37.58294],[126.92119,37.58331],[126.92175,37.58346],[126.92172,37.58373],[126.9219,37.58387],[126.92201,37.58409],[126.92188,37.58469],[126.92276,37.58524],[126.92284,37.58541],[126.92273,37.58547],[126.92281,37.58563],[126.92308,37.58537],[126.92299,37.5852],[126.92301,37.58507],[126.92323,37.58419],[126.92323,37.58397],[126.92392,37.58386],[126.92415,37.58353],[126.92459,37.58264],[126.92411,37.58249],[126.92383,37.58229],[126.9245,37.58183],[126.92491,37.58124],[126.92507,37.58032],[126.92361,37.57931],[126.92542,37.57759],[126.9245,37.57709],[126.92526,37.57655],[126.92603,37.57587],[126.92639,37.57545],[126.92305,37.57296],[126.92104,37.57601],[126.92011,37.57674],[126.91844,37.5754],[126.91773,37.57508],[126.91728,37.57502],[126.91638,37.57502],[126.91424,37.57525],[126.91448,37.57536],[126.91455,37.57554],[126.91507,37.57604],[126.91523,37.57702],[126.9152,37.5772],[126.91532,37.57744],[126.91556,37.57854],[126.91476,37.57867],[126.91502,37.57925],[126.91378,37.58145],[126.91427,37.58162],[126.91338,37.58238],[126.91142,37.58374],[126.91329,37.58549],[126.9121,37.58602],[126.91245,37.58648],[126.91284,37.58722],[126.9157,37.58598],[126.91532,37.58544]]]}},{"type":"Feature","properties":{"name":"서울대명초등학교","kind":"zone","note":"학구도안내서비스 2026-03-20 기준 (교육청 공식)","shared":false},"geometry":{"type":"Polygon","coordinates":[[[127.16365,37.55474],[127.16374,37.55473],[127.16503,37.55543],[127.16563,37.5555],[127.16566,37.55507],[127.16559,37.5548],[127.16522,37.55417],[127.16517,37.55355],[127.16503,37.55359],[127.165,37.55351],[127.16491,37.55354],[127.1648,37.55349],[127.16389,37.55265],[127.1642,37.55244],[127.16466,37.55228],[127.16468,37.55105],[127.16322,37.55105],[127.16281,37.55113],[127.16231,37.55111],[127.16205,37.55144],[127.16153,37.55161],[127.16129,37.55176],[127.16057,37.5519],[127.16027,37.55177],[127.16029,37.5516],[127.16098,37.55152],[127.16095,37.55148],[127.16112,37.5513],[127.16119,37.55108],[127.16135,37.55113],[127.16137,37.55119],[127.16153,37.5511],[127.16126,37.55066],[127.16174,37.55096],[127.1619,37.55077],[127.16193,37.55047],[127.16224,37.55052],[127.16366,37.55051],[127.1641,37.55059],[127.16423,37.55068],[127.16483,37.55053],[127.16527,37.55052],[127.16532,37.54987],[127.16554,37.54939],[127.16664,37.54833],[127.16699,37.54789],[127.16711,37.54746],[127.16703,37.5457],[127.16615,37.54565],[127.16257,37.54591],[127.15952,37.54553],[127.1591,37.54553],[127.15633,37.54618],[127.15307,37.54655],[127.149,37.54678],[127.14882,37.54672],[127.14855,37.54575],[127.1476,37.54598],[127.14749,37.54572],[127.14713,37.54541],[127.14705,37.5455],[127.14679,37.54548],[127.14641,37.54524],[127.1456,37.54489],[127.14571,37.54436],[127.14274,37.54508],[127.14279,37.54523],[127.14266,37.54526],[127.143,37.54626],[127.14314,37.54623],[127.14318,37.54636],[127.14344,37.5478],[127.14479,37.54768],[127.14907,37.54786],[127.14935,37.54915],[127.15265,37.54917],[127.15281,37.55191],[127.15633,37.55171],[127.15657,37.55538],[127.16417,37.55645],[127.16396,37.55604],[127.16413,37.55585],[127.1634,37.55549],[127.16343,37.55494],[127.16365,37.55474]]]}},{"type":"Feature","properties":{"name":"서울충무초등학교","kind":"zone","note":"학구도안내서비스 2026-03-20 기준 (교육청 공식)","shared":false},"geometry":{"type":"Polygon","coordinates":[[[127.00968,37.56976],[127.00998,37.56938],[127.01035,37.56829],[127.0106,37.56825],[127.0107,37.56793],[127.01079,37.56782],[127.01094,37.56778],[127.01097,37.56745],[127.01092,37.56732],[127.01119,37.56673],[127.01157,37.56625],[127.01053,37.566],[127.00964,37.56559],[127.01151,37.56487],[127.00679,37.5641],[127.00635,37.56354],[127.00615,37.563],[127.00648,37.56233],[127.0057,37.56144],[127.00545,37.56074],[127.00543,37.56054],[127.00568,37.56052],[127.00559,37.55996],[127.0057,37.55918],[127.00654,37.55905],[127.00653,37.55889],[127.00815,37.55807],[127.00813,37.55781],[127.00834,37.55738],[127.00833,37.55714],[127.00787,37.55647],[127.00762,37.55635],[127.00724,37.55627],[127.00678,37.55571],[127.00631,37.55552],[127.00595,37.55506],[127.00532,37.55464],[127.00452,37.55391],[127.00451,37.55322],[127.00432,37.55287],[127.00434,37.55255],[127.00407,37.55221],[127.00398,37.55179],[127.00414,37.55127],[127.00433,37.55095],[127.00449,37.55091],[127.00454,37.55071],[127.00437,37.55047],[127.00441,37.55038],[127.00411,37.55013],[127.00342,37.55002],[127.00283,37.54963],[127.00028,37.54989],[127.00012,37.54982],[126.99909,37.54973],[126.99891,37.5498],[126.99832,37.5497],[126.99766,37.54936],[126.99743,37.54916],[126.99738,37.549],[126.99675,37.54852],[126.9967,37.54782],[126.99636,37.54745],[126.99522,37.54723],[126.9947,37.54737],[126.99446,37.54749],[126.99401,37.54841],[126.99337,37.54881],[126.99311,37.5491],[126.99296,37.54952],[126.99236,37.55007],[126.99294,37.5504],[126.99349,37.55101],[126.99383,37.55164],[126.99427,37.55214],[126.99473,37.55245],[126.99492,37.55267],[126.99492,37.5534],[126.99502,37.55365],[126.99471,37.55374],[126.99477,37.55389],[126.99503,37.55398],[126.99534,37.55426],[126.99548,37.55489],[126.99563,37.5551],[126.9958,37.55565],[126.99565,37.55595],[126.99559,37.55645],[126.99596,37.55787],[126.99615,37.55928],[126.99588,37.55975],[126.99627,37.55991],[126.99678,37.55982],[126.99686,37.56009],[126.99674,37.56085],[126.99686,37.56102],[126.99727,37.56123],[126.99734,37.56138],[126.99738,37.56195],[126.99517,37.5615],[126.99472,37.56156],[126.99473,37.56163],[126.99406,37.56178],[126.99403,37.56167],[126.99364,37.56173],[126.99358,37.56253],[126.99338,37.56264],[126.99353,37.56312],[126.99401,37.56301],[126.99404,37.5631],[126.99444,37.56297],[126.99465,37.56367],[126.99463,37.56389],[126.99455,37.5639],[126.99464,37.56423],[126.99503,37.56509],[126.9954,37.565],[126.99552,37.56527],[126.99579,37.5652],[126.99588,37.56535],[126.99558,37.5686],[126.99796,37.56884],[127.00172,37.56956],[127.00226,37.56962],[127.00596,37.56961],[127.00968,37.56976]]]}},{"type":"Feature","properties":{"name":"서울인헌초등학교","kind":"zone","note":"학구도안내서비스 2026-03-20 기준 (교육청 공식)","shared":false},"geometry":{"type":"Polygon","coordinates":[[[126.95869,37.47899],[126.96571,37.47623],[126.96659,37.47684],[126.96687,37.47655],[126.96824,37.47725],[126.96883,37.4766],[126.97024,37.47652],[126.9703,37.47585],[126.97052,37.47538],[126.96964,37.4753],[126.96892,37.47531],[126.9679,37.47545],[126.96726,37.47561],[126.96691,37.47501],[126.96684,37.47445],[126.96884,37.47399],[126.9687,37.47273],[126.96803,37.47277],[126.96824,37.47246],[126.96694,37.47194],[126.96915,37.46845],[126.9693,37.46817],[126.96933,37.46781],[126.97005,37.46791],[126.97042,37.46783],[126.97158,37.46832],[126.97167,37.46788],[126.97276,37.46698],[126.97315,37.46604],[126.97302,37.46571],[126.97399,37.46507],[126.97353,37.46402],[126.9734,37.46353],[126.97269,37.4635],[126.9719,37.4632],[126.97164,37.46284],[126.97114,37.46274],[126.97066,37.46217],[126.9703,37.46203],[126.96981,37.461],[126.96904,37.46038],[126.96906,37.45997],[126.96838,37.45923],[126.96658,37.45796],[126.96691,37.45735],[126.96668,37.45661],[126.96661,37.45607],[126.96546,37.45499],[126.96165,37.45612],[126.9596,37.45801],[126.95753,37.45964],[126.95729,37.45964],[126.9571,37.45976],[126.9569,37.46063],[126.95695,37.46077],[126.95557,37.46269],[126.95605,37.46385],[126.95568,37.46438],[126.95616,37.4658],[126.95569,37.46607],[126.95545,37.46637],[126.9551,37.46695],[126.95516,37.46716],[126.9542,37.46795],[126.95396,37.46878],[126.95373,37.46894],[126.95356,37.46952],[126.95325,37.47083],[126.9537,37.47133],[126.95383,37.47167],[126.95443,37.47234],[126.95439,37.4725],[126.95499,37.47307],[126.95512,37.47341],[126.95565,37.47402],[126.95631,37.47434],[126.95638,37.47464],[126.95646,37.47472],[126.95592,37.47529],[126.95582,37.47552],[126.95569,37.47537],[126.95442,37.47567],[126.95558,37.47864],[126.95555,37.47877],[126.95654,37.47864],[126.95704,37.47886],[126.95719,37.4788],[126.95757,37.47943],[126.95869,37.47899]]]}},{"type":"Feature","properties":{"name":"서울서이초등학교","kind":"zone","note":"학구도안내서비스 2026-03-20 기준 (교육청 공식)","shared":false},"geometry":{"type":"Polygon","coordinates":[[[127.02965,37.49366],[127.03162,37.48955],[127.02457,37.4874],[127.02319,37.49098],[127.0198,37.48995],[127.01931,37.491],[127.01905,37.49095],[127.01878,37.49141],[127.01832,37.49172],[127.01823,37.49184],[127.01825,37.49203],[127.01833,37.49212],[127.02012,37.49318],[127.02023,37.4932],[127.02033,37.49314],[127.02075,37.49346],[127.02125,37.49358],[127.02116,37.49383],[127.02204,37.49404],[127.02129,37.49602],[127.0276,37.49795],[127.02965,37.49366]]]}},{"type":"Feature","properties":{"name":"서울영중초등학교","kind":"zone","note":"학구도안내서비스 2026-03-20 기준 (교육청 공식)","shared":false},"geometry":{"type":"Polygon","coordinates":[[[126.90285,37.52611],[126.90391,37.52581],[126.90478,37.52564],[126.9073,37.52534],[126.90785,37.52441],[126.9091,37.52259],[126.90856,37.5222],[126.90859,37.52206],[126.90842,37.52126],[126.90897,37.52096],[126.90878,37.52062],[126.90944,37.52048],[126.90995,37.52003],[126.91074,37.5206],[126.91148,37.52003],[126.9122,37.51959],[126.91341,37.51905],[126.91243,37.51843],[126.91221,37.51843],[126.90484,37.51998],[126.90576,37.5181],[126.90539,37.51806],[126.90128,37.51843],[126.90113,37.51885],[126.90065,37.51919],[126.90018,37.5194],[126.89694,37.51994],[126.89723,37.5212],[126.89558,37.52142],[126.89622,37.52408],[126.89842,37.52374],[126.89927,37.52715],[126.90285,37.52611]]]}},{"type":"Feature","properties":{"name":"서울중대초등학교","kind":"zone","note":"학구도안내서비스 2026-03-20 기준 (교육청 공식)","shared":false},"geometry":{"type":"Polygon","coordinates":[[[127.12368,37.50484],[127.12255,37.50322],[127.12183,37.50253],[127.12098,37.50187],[127.11876,37.5003],[127.11504,37.49827],[127.11403,37.49761],[127.11233,37.49963],[127.11013,37.50197],[127.11033,37.50209],[127.11037,37.50205],[127.11135,37.50237],[127.1124,37.50282],[127.11342,37.50346],[127.11404,37.50397],[127.11451,37.50443],[127.11503,37.50511],[127.1167,37.50777],[127.12277,37.50533],[127.12368,37.50484]]]}},{"type":"Feature","properties":{"name":"서울장수초등학교","kind":"zone","note":"학구도안내서비스 2026-03-20 기준 (교육청 공식)","shared":false},"geometry":{"type":"Polygon","coordinates":[[[126.84144,37.51455],[126.8416,37.51419],[126.84213,37.51435],[126.84241,37.5137],[126.84281,37.51339],[126.84329,37.51403],[126.8435,37.51418],[126.84412,37.51422],[126.84464,37.51391],[126.84476,37.51391],[126.84494,37.51411],[126.84511,37.51446],[126.84527,37.5146],[126.84583,37.51484],[126.84692,37.51514],[126.84682,37.51575],[126.84748,37.51577],[126.84808,37.51592],[126.84845,37.51588],[126.84861,37.51595],[126.84888,37.51536],[126.85253,37.5156],[126.8533,37.51576],[126.85339,37.51465],[126.85383,37.51461],[126.85302,37.51383],[126.8529,37.51385],[126.85246,37.51346],[126.8512,37.51298],[126.85166,37.51221],[126.84935,37.51141],[126.84928,37.51098],[126.85002,37.51055],[126.85111,37.51089],[126.85245,37.51074],[126.85254,37.51052],[126.85216,37.51048],[126.85139,37.51013],[126.85076,37.51001],[126.85009,37.51013],[126.84952,37.50964],[126.84903,37.50907],[126.84871,37.50888],[126.84729,37.50948],[126.84694,37.50932],[126.84662,37.50905],[126.84623,37.50898],[126.84527,37.50808],[126.84534,37.50777],[126.84487,37.50732],[126.84461,37.50673],[126.84438,37.50649],[126.84467,37.50577],[126.84454,37.50572],[126.84291,37.50918],[126.84063,37.51429],[126.84144,37.51455]]]}},{"type":"Feature","properties":{"name":"서울양남초등학교","kind":"zone","note":"학구도안내서비스 2026-03-20 기준 (교육청 공식)","shared":false},"geometry":{"type":"Polygon","coordinates":[[[127.08933,37.53687],[127.08925,37.53647],[127.09032,37.53655],[127.09102,37.53595],[127.09209,37.53553],[127.09174,37.53467],[127.09162,37.53389],[127.09189,37.53093],[127.09057,37.52996],[127.09026,37.52976],[127.0899,37.52967],[127.08692,37.53041],[127.08499,37.533],[127.08356,37.53656],[127.08508,37.53689],[127.08514,37.53677],[127.08736,37.53736],[127.08732,37.53745],[127.08943,37.53798],[127.08944,37.53745],[127.08933,37.53687]]]}},{"type":"Feature","properties":{"name":"서울자양초등학교","kind":"zone","note":"학구도안내서비스 2026-03-20 기준 (교육청 공식)","shared":false},"geometry":{"type":"Polygon","coordinates":[[[127.08322,37.53961],[127.08359,37.53643],[127.08485,37.53326],[127.08539,37.53247],[127.08397,37.53182],[127.08321,37.53157],[127.08212,37.53144],[127.0812,37.53156],[127.07962,37.53201],[127.0799,37.53257],[127.07868,37.53294],[127.0792,37.53342],[127.07797,37.53431],[127.07775,37.53413],[127.07604,37.53441],[127.07713,37.53811],[127.07507,37.53861],[127.07518,37.53887],[127.07515,37.53922],[127.07521,37.53934],[127.07677,37.53922],[127.07691,37.53916],[127.07685,37.53903],[127.077,37.53902],[127.07702,37.53893],[127.07722,37.53889],[127.07723,37.53896],[127.07737,37.53901],[127.0782,37.53901],[127.07995,37.53867],[127.08013,37.53906],[127.08028,37.53903],[127.08033,37.53912],[127.08069,37.53892],[127.0808,37.53892],[127.08094,37.53948],[127.08212,37.53954],[127.08231,37.53965],[127.08322,37.53961]]]}},{"type":"Feature","properties":{"name":"서울천동초등학교","kind":"zone","note":"학구도안내서비스 2026-03-20 기준 (교육청 공식)","shared":false},"geometry":{"type":"Polygon","coordinates":[[[127.12967,37.53903],[127.13001,37.53887],[127.13037,37.53882],[127.13044,37.53891],[127.1315,37.5384],[127.13184,37.53908],[127.13282,37.53878],[127.13398,37.54119],[127.13453,37.54138],[127.13471,37.5415],[127.13483,37.54173],[127.13481,37.54213],[127.13537,37.54254],[127.13536,37.54281],[127.13591,37.54306],[127.13648,37.54304],[127.13819,37.54342],[127.13806,37.54314],[127.14166,37.54227],[127.14011,37.53814],[127.14,37.53817],[127.13975,37.53751],[127.13986,37.53749],[127.13858,37.53395],[127.1342,37.53533],[127.13411,37.53512],[127.13277,37.53554],[127.13285,37.53574],[127.12853,37.53708],[127.12967,37.53903]]]}},{"type":"Feature","properties":{"name":"서울중광초등학교 · 서울중마초등학교","kind":"zone","note":"학구도안내서비스 2026-03-20 기준 (교육청 공식)","shared":true},"geometry":{"type":"Polygon","coordinates":[[[127.07706,37.55827],[127.077,37.55815],[127.07445,37.55914],[127.07586,37.56164],[127.07843,37.56076],[127.07706,37.55827]]]}},{"type":"Feature","properties":{"name":"서울양강초등학교","kind":"zone","note":"학구도안내서비스 2026-03-20 기준 (교육청 공식)","shared":false},"geometry":{"type":"Polygon","coordinates":[[[126.85033,37.52515],[126.85247,37.52114],[126.85217,37.52127],[126.85162,37.52074],[126.85045,37.52153],[126.84972,37.52169],[126.84879,37.52178],[126.84806,37.52111],[126.84793,37.52121],[126.84742,37.52082],[126.84714,37.52068],[126.84711,37.5204],[126.84665,37.52047],[126.84648,37.52039],[126.84558,37.52106],[126.8444,37.52004],[126.84163,37.52458],[126.84627,37.5254],[126.84616,37.52585],[126.84719,37.52602],[126.84708,37.52646],[126.84763,37.52655],[126.848,37.52708],[126.84794,37.52774],[126.84887,37.5279],[126.85033,37.52515]]]}},{"type":"Feature","properties":{"name":"서울강서초등학교","kind":"zone","note":"학구도안내서비스 2026-03-20 기준 (교육청 공식)","shared":false},"geometry":{"type":"Polygon","coordinates":[[[126.83743,37.52572],[126.83822,37.52444],[126.83962,37.52499],[126.84022,37.52402],[126.84163,37.52458],[126.8444,37.52004],[126.84328,37.5191],[126.84149,37.5178],[126.84074,37.51746],[126.83941,37.51706],[126.83879,37.51849],[126.83763,37.51817],[126.83744,37.51846],[126.83719,37.51869],[126.83699,37.51851],[126.83576,37.51833],[126.83562,37.51866],[126.83619,37.51882],[126.83605,37.51921],[126.83624,37.51938],[126.83468,37.52053],[126.83357,37.52229],[126.83425,37.52304],[126.83601,37.52374],[126.83485,37.52554],[126.83729,37.52595],[126.83743,37.52572]]]}},{"type":"Feature","properties":{"name":"서울구로남초등학교","kind":"zone","note":"학구도안내서비스 2026-03-20 기준 (교육청 공식)","shared":false},"geometry":{"type":"Polygon","coordinates":[[[126.88812,37.48997],[126.88812,37.48982],[126.88793,37.48951],[126.88811,37.48884],[126.88875,37.48807],[126.88895,37.48787],[126.88964,37.48835],[126.89044,37.48755],[126.8909,37.48693],[126.89146,37.48635],[126.89102,37.48592],[126.89144,37.4857],[126.89151,37.48528],[126.89198,37.48532],[126.89223,37.48528],[126.89222,37.4846],[126.89208,37.48389],[126.89213,37.48384],[126.8918,37.48352],[126.89156,37.4837],[126.89123,37.48329],[126.89093,37.48306],[126.89125,37.4825],[126.89174,37.48202],[126.89171,37.48196],[126.89187,37.48189],[126.89207,37.48134],[126.89208,37.48116],[126.88988,37.47939],[126.88878,37.47979],[126.88773,37.48044],[126.88773,37.48075],[126.88753,37.48098],[126.88832,37.48138],[126.88718,37.48276],[126.88675,37.48341],[126.88732,37.48373],[126.8884,37.48462],[126.88757,37.48484],[126.88649,37.48499],[126.88633,37.48492],[126.88616,37.48455],[126.8861,37.48454],[126.88594,37.48494],[126.88603,37.48497],[126.88491,37.48758],[126.88504,37.48769],[126.8865,37.49009],[126.88791,37.48993],[126.88812,37.48997]]]}},{"type":"Feature","properties":{"name":"서울풍성초등학교 · 서울토성초등학교","kind":"zone","note":"학구도안내서비스 2026-03-20 기준 (교육청 공식)","shared":true},"geometry":{"type":"Polygon","coordinates":[[[127.11193,37.53113],[127.11459,37.52994],[127.1138,37.52877],[127.11324,37.5283],[127.11252,37.52729],[127.11146,37.52755],[127.11053,37.52795],[127.11001,37.52824],[127.10908,37.52894],[127.11031,37.53009],[127.11053,37.53059],[127.1107,37.53168],[127.11193,37.53113]]]}},{"type":"Feature","properties":{"name":"서울풍성초등학교 · 서울토성초등학교","kind":"zone","note":"학구도안내서비스 2026-03-20 기준 (교육청 공식)","shared":true},"geometry":{"type":"Polygon","coordinates":[[[127.11712,37.53044],[127.11739,37.53063],[127.11856,37.53012],[127.11762,37.52862],[127.11592,37.52935],[127.11632,37.52963],[127.11712,37.53044]]]}},{"type":"Feature","properties":{"name":"서울율현초등학교","kind":"zone","note":"학구도안내서비스 2026-03-20 기준 (교육청 공식)","shared":false},"geometry":{"type":"Polygon","coordinates":[[[127.11339,37.47428],[127.11318,37.47374],[127.11171,37.47306],[127.11128,37.47308],[127.10968,37.47399],[127.10913,37.47414],[127.10837,37.4741],[127.10845,37.4738],[127.11025,37.47148],[127.11114,37.47109],[127.11113,37.47086],[127.11098,37.47067],[127.11065,37.47079],[127.1105,37.47078],[127.11044,37.47069],[127.11072,37.47017],[127.111,37.46985],[127.11101,37.46951],[127.11146,37.46936],[127.11135,37.46915],[127.11137,37.46887],[127.11104,37.46882],[127.11072,37.46887],[127.11034,37.46905],[127.10999,37.46905],[127.10989,37.46914],[127.10992,37.46924],[127.11018,37.46927],[127.1102,37.46933],[127.11011,37.46945],[127.11022,37.46959],[127.11024,37.46975],[127.10995,37.47034],[127.10962,37.47059],[127.10924,37.47064],[127.1083,37.47102],[127.10776,37.47151],[127.10732,37.47151],[127.10764,37.47029],[127.1074,37.47026],[127.1073,37.47035],[127.10715,37.47016],[127.10675,37.47037],[127.10588,37.46979],[127.10544,37.46937],[127.10533,37.46878],[127.10545,37.46821],[127.10622,37.46756],[127.10646,37.46766],[127.10667,37.46719],[127.10618,37.46643],[127.10551,37.46665],[127.10541,37.46656],[127.10523,37.46663],[127.10513,37.4668],[127.10525,37.467],[127.10482,37.46739],[127.1048,37.46757],[127.10437,37.46797],[127.10465,37.46814],[127.10469,37.46826],[127.10415,37.4688],[127.10383,37.469],[127.1036,37.46905],[127.10283,37.46872],[127.10265,37.46884],[127.10245,37.4691],[127.10239,37.46949],[127.10139,37.46986],[127.10114,37.47009],[127.10067,37.47032],[127.10216,37.47138],[127.10301,37.47146],[127.10338,37.47162],[127.10374,37.47189],[127.10385,37.47214],[127.1046,37.47294],[127.10501,37.47316],[127.10507,37.47337],[127.10674,37.4737],[127.10623,37.47548],[127.10626,37.47554],[127.1117,37.47724],[127.11447,37.47843],[127.11509,37.47886],[127.11568,37.47808],[127.11487,37.47781],[127.11441,37.47696],[127.11339,37.47428]]]}},{"type":"Feature","properties":{"name":"서울율현초등학교","kind":"zone","note":"학구도안내서비스 2026-03-20 기준 (교육청 공식)","shared":false},"geometry":{"type":"Polygon","coordinates":[[[127.10423,37.48368],[127.10469,37.48229],[127.10488,37.48135],[127.10427,37.48041],[127.10383,37.47988],[127.10359,37.47968],[127.10336,37.47968],[127.10325,37.47979],[127.10276,37.47975],[127.10266,37.48025],[127.10226,37.48013],[127.10148,37.48084],[127.10119,37.48073],[127.10093,37.48018],[127.10024,37.47997],[127.09942,37.48032],[127.09822,37.48033],[127.09798,37.48048],[127.09758,37.48103],[127.09773,37.48164],[127.09811,37.48214],[127.09833,37.48223],[127.09858,37.48249],[127.09923,37.48293],[127.0998,37.48322],[127.10049,37.48339],[127.10077,37.48323],[127.1014,37.48398],[127.10163,37.48453],[127.10243,37.48481],[127.10276,37.48502],[127.10369,37.48514],[127.10423,37.48368]]]}},{"type":"Feature","properties":{"name":"서울우솔초등학교","kind":"zone","note":"학구도안내서비스 2026-03-20 기준 (교육청 공식)","shared":false},"geometry":{"type":"Polygon","coordinates":[[[127.01378,37.47315],[127.01806,37.46473],[127.02027,37.46024],[127.02081,37.46034],[127.02126,37.46035],[127.02845,37.4601],[127.02836,37.45989],[127.02753,37.45983],[127.02657,37.45964],[127.0264,37.45945],[127.02644,37.45834],[127.02635,37.4581],[127.026,37.45782],[127.02528,37.45749],[127.02413,37.45745],[127.02371,37.45732],[127.02279,37.45725],[127.0222,37.45662],[127.0215,37.45623],[127.02037,37.45616],[127.01969,37.45579],[127.0192,37.45573],[127.01755,37.45614],[127.01695,37.45597],[127.01629,37.45523],[127.01557,37.45492],[127.01506,37.45483],[127.01451,37.45486],[127.01339,37.45535],[127.01237,37.45555],[127.01137,37.45541],[127.01115,37.45545],[127.01115,37.45538],[127.01082,37.45542],[127.01058,37.45617],[127.00991,37.45688],[127.00961,37.45708],[127.00923,37.45722],[127.00871,37.45776],[127.00853,37.45805],[127.0086,37.45812],[127.00858,37.45841],[127.00833,37.45849],[127.00832,37.45865],[127.00822,37.45877],[127.00821,37.4591],[127.00802,37.45916],[127.00788,37.45954],[127.00731,37.46004],[127.00727,37.46014],[127.00704,37.46022],[127.00602,37.46182],[127.00616,37.46189],[127.00577,37.46255],[127.00533,37.46279],[127.00497,37.46319],[127.00476,37.46358],[127.00475,37.46384],[127.00447,37.46407],[127.00481,37.46488],[127.00468,37.46517],[127.00491,37.46584],[127.00449,37.46633],[127.00452,37.4668],[127.00413,37.46729],[127.00368,37.46772],[127.00367,37.46787],[127.0041,37.46834],[127.00444,37.46888],[127.00449,37.46926],[127.00515,37.4697],[127.00552,37.47019],[127.00586,37.47044],[127.00648,37.47066],[127.00676,37.47063],[127.00753,37.47105],[127.00764,37.47119],[127.00818,37.47141],[127.00897,37.47115],[127.01001,37.47231],[127.01011,37.47254],[127.01106,37.47285],[127.01165,37.47286],[127.01211,37.4732],[127.01297,37.47333],[127.01355,37.47333],[127.0137,37.47329],[127.01378,37.47315]]]}},{"type":"Feature","properties":{"name":"서울등원초등학교","kind":"zone","note":"학구도안내서비스 2026-03-20 기준 (교육청 공식)","shared":false},"geometry":{"type":"Polygon","coordinates":[[[126.85429,37.55948],[126.85234,37.55593],[126.85112,37.55636],[126.85005,37.55435],[126.84875,37.55478],[126.8482,37.55435],[126.84809,37.5542],[126.84797,37.55425],[126.84803,37.55436],[126.84707,37.55481],[126.84694,37.55478],[126.84695,37.55493],[126.84613,37.5562],[126.84589,37.55633],[126.84565,37.55658],[126.84551,37.5566],[126.84579,37.55782],[126.8444,37.55796],[126.84475,37.55832],[126.84521,37.559],[126.84708,37.55882],[126.8486,37.56112],[126.84881,37.56202],[126.84942,37.56304],[126.84829,37.56359],[126.84889,37.56436],[126.85516,37.56107],[126.85429,37.55948]]]}},{"type":"Feature","properties":{"name":"서울구일초등학교","kind":"zone","note":"학구도안내서비스 2026-03-20 기준 (교육청 공식)","shared":false},"geometry":{"type":"Polygon","coordinates":[[[126.87976,37.49281],[126.8801,37.48787],[126.8803,37.48691],[126.88077,37.48576],[126.87945,37.48622],[126.87846,37.48666],[126.87816,37.4864],[126.87762,37.48608],[126.87688,37.48594],[126.87518,37.48547],[126.87456,37.48537],[126.87476,37.48542],[126.87497,37.48571],[126.87506,37.48634],[126.87501,37.48654],[126.87514,37.48679],[126.87536,37.4869],[126.87597,37.48691],[126.87669,37.48785],[126.87679,37.48857],[126.87594,37.48977],[126.87484,37.49095],[126.87379,37.49171],[126.87233,37.49231],[126.87207,37.4925],[126.87137,37.49607],[126.87137,37.49672],[126.87191,37.49695],[126.87178,37.49719],[126.87286,37.49773],[126.8791,37.50054],[126.8787,37.49983],[126.87858,37.49898],[126.87871,37.49832],[126.87955,37.49567],[126.87976,37.49281]]]}},{"type":"Feature","properties":{"name":"서울청파초등학교","kind":"zone","note":"학구도안내서비스 2026-03-20 기준 (교육청 공식)","shared":false},"geometry":{"type":"Polygon","coordinates":[[[126.9666,37.55248],[126.96658,37.55242],[126.96639,37.55241],[126.96636,37.55233],[126.96629,37.55238],[126.9662,37.55201],[126.96726,37.55176],[126.96762,37.55152],[126.96864,37.55145],[126.9689,37.55128],[126.96908,37.55087],[126.96949,37.55091],[126.96953,37.5507],[126.96915,37.55058],[126.96928,37.54994],[126.96956,37.54961],[126.96989,37.54965],[126.96999,37.54921],[126.97046,37.54923],[126.97045,37.54929],[126.97057,37.5493],[126.9709,37.54833],[126.97089,37.54648],[126.97097,37.54628],[126.97103,37.54178],[126.97054,37.54147],[126.97042,37.54156],[126.96869,37.54212],[126.96845,37.54215],[126.96835,37.5419],[126.96841,37.54178],[126.96839,37.54158],[126.96822,37.54149],[126.96759,37.54151],[126.96691,37.54167],[126.96597,37.54173],[126.96574,37.5417],[126.96573,37.5416],[126.96529,37.54167],[126.96523,37.54158],[126.96488,37.54146],[126.96463,37.54261],[126.96417,37.54261],[126.96395,37.54252],[126.96322,37.54239],[126.96283,37.54218],[126.96252,37.5421],[126.96243,37.54186],[126.96213,37.54178],[126.96211,37.54213],[126.96069,37.54278],[126.96018,37.54336],[126.95918,37.54338],[126.9587,37.54326],[126.95803,37.54344],[126.95762,37.5439],[126.95803,37.54501],[126.95785,37.54506],[126.95792,37.54519],[126.95779,37.54523],[126.95783,37.54538],[126.9579,37.5455],[126.95812,37.54546],[126.95816,37.54557],[126.95849,37.54547],[126.95916,37.54581],[126.95918,37.54655],[126.95895,37.54659],[126.95895,37.54678],[126.95852,37.54678],[126.95848,37.54737],[126.95822,37.5475],[126.95903,37.54819],[126.95953,37.54869],[126.96077,37.55021],[126.96085,37.55018],[126.9611,37.54965],[126.96159,37.54962],[126.96252,37.54935],[126.96258,37.54962],[126.96282,37.55008],[126.96283,37.55024],[126.96302,37.55028],[126.96353,37.55007],[126.96327,37.55036],[126.96319,37.55066],[126.9624,37.55138],[126.96237,37.55148],[126.96297,37.55192],[126.96312,37.5517],[126.96414,37.55124],[126.96424,37.5517],[126.96434,37.55187],[126.96452,37.55189],[126.96452,37.55198],[126.96496,37.55212],[126.96579,37.55263],[126.9662,37.55281],[126.96669,37.55271],[126.9666,37.55248]]]}},{"type":"Feature","properties":{"name":"서울청파초등학교","kind":"zone","note":"학구도안내서비스 2026-03-20 기준 (교육청 공식)","shared":false},"geometry":{"type":"Polygon","coordinates":[[[126.96322,37.54357],[126.96318,37.54351],[126.96307,37.54354],[126.96289,37.54322],[126.96294,37.54266],[126.9633,37.54268],[126.96398,37.54292],[126.96449,37.54296],[126.96416,37.54315],[126.96424,37.54367],[126.96351,37.54368],[126.96322,37.54357]]]}},{"type":"Feature","properties":{"name":"서울청파초등학교","kind":"zone","note":"학구도안내서비스 2026-03-20 기준 (교육청 공식)","shared":false},"geometry":{"type":"Polygon","coordinates":[[[126.96374,37.55052],[126.9639,37.55048],[126.964,37.55078],[126.96413,37.55084],[126.96414,37.551],[126.96366,37.55106],[126.96379,37.5508],[126.96374,37.55052]]]}},{"type":"Feature","properties":{"name":"서울무학초등학교","kind":"zone","note":"학구도안내서비스 2026-03-20 기준 (교육청 공식)","shared":false},"geometry":{"type":"Polygon","coordinates":[[[127.03429,37.56425],[127.03412,37.56331],[127.03342,37.56258],[127.03462,37.56182],[127.03542,37.56111],[127.03429,37.56012],[127.03407,37.55988],[127.03391,37.55956],[127.03342,37.55969],[127.0327,37.5593],[127.03244,37.55947],[127.03138,37.55926],[127.03081,37.55904],[127.0304,37.55899],[127.02999,37.55898],[127.02999,37.55926],[127.02902,37.55908],[127.02869,37.55931],[127.02868,37.55968],[127.02919,37.55987],[127.02904,37.56007],[127.02869,37.56024],[127.02817,37.56029],[127.02745,37.55985],[127.02718,37.55984],[127.02635,37.55911],[127.02608,37.5586],[127.0259,37.55881],[127.0259,37.55891],[127.02579,37.55893],[127.02525,37.55944],[127.02466,37.55924],[127.02425,37.55927],[127.02416,37.55932],[127.02413,37.55953],[127.02406,37.55962],[127.02382,37.55971],[127.02376,37.56063],[127.0242,37.56152],[127.02449,37.56186],[127.02541,37.56228],[127.02593,37.56261],[127.02621,37.56298],[127.0263,37.563],[127.02651,37.56337],[127.02673,37.56388],[127.02671,37.56416],[127.02678,37.5642],[127.02667,37.5645],[127.02673,37.56477],[127.02666,37.56479],[127.02678,37.56503],[127.02928,37.56443],[127.03008,37.5641],[127.0301,37.56545],[127.03441,37.56494],[127.03429,37.56425]]]}},{"type":"Feature","properties":{"name":"서울용답초등학교","kind":"zone","note":"학구도안내서비스 2026-03-20 기준 (교육청 공식)","shared":false},"geometry":{"type":"Polygon","coordinates":[[[127.05227,37.56693],[127.05387,37.56577],[127.054,37.56587],[127.0564,37.56411],[127.05423,37.559],[127.05404,37.55905],[127.05311,37.56004],[127.05323,37.56011],[127.05182,37.5617],[127.04873,37.56725],[127.04781,37.56898],[127.04783,37.56907],[127.04816,37.5693],[127.04809,37.56948],[127.04868,37.56984],[127.05241,37.56706],[127.05227,37.56693]]]}},{"type":"Feature","properties":{"name":"서울문현초등학교","kind":"zone","note":"학구도안내서비스 2026-03-20 기준 (교육청 공식)","shared":false},"geometry":{"type":"Polygon","coordinates":[[[127.13615,37.48768],[127.13554,37.48395],[127.13499,37.48163],[127.13482,37.48134],[127.13458,37.48059],[127.13423,37.4799],[127.13323,37.47849],[127.13289,37.47816],[127.13217,37.47766],[127.13104,37.4771],[127.13005,37.47672],[127.12867,37.47644],[127.127,37.47639],[127.12688,37.47712],[127.12656,37.47795],[127.1267,37.47803],[127.12645,37.47839],[127.12636,37.47836],[127.12585,37.47939],[127.12685,37.47969],[127.12683,37.4799],[127.12703,37.48009],[127.1273,37.48069],[127.12782,37.48106],[127.12814,37.48153],[127.12848,37.48173],[127.12928,37.48239],[127.12934,37.48252],[127.12962,37.48265],[127.12949,37.48281],[127.12996,37.48303],[127.13,37.4831],[127.12994,37.48319],[127.13004,37.48341],[127.13022,37.48373],[127.13054,37.48398],[127.13072,37.48443],[127.13235,37.48544],[127.13288,37.48586],[127.13359,37.4863],[127.13426,37.48717],[127.13439,37.48724],[127.1347,37.48725],[127.13497,37.48746],[127.135,37.48766],[127.13548,37.48834],[127.13552,37.48856],[127.13573,37.4887],[127.13578,37.48883],[127.13575,37.4889],[127.13595,37.48903],[127.13604,37.48934],[127.13616,37.48929],[127.13625,37.48901],[127.13644,37.48893],[127.13615,37.48768]]]}},{"type":"Feature","properties":{"name":"서울거여초등학교","kind":"zone","note":"학구도안내서비스 2026-03-20 기준 (교육청 공식)","shared":false},"geometry":{"type":"Polygon","coordinates":[[[127.14035,37.50775],[127.14088,37.50744],[127.14151,37.5067],[127.1464,37.50531],[127.14794,37.50481],[127.14567,37.5023],[127.14546,37.50241],[127.14534,37.50214],[127.14499,37.50122],[127.14541,37.50112],[127.14597,37.5012],[127.14714,37.50115],[127.14722,37.50097],[127.14688,37.50084],[127.14659,37.50056],[127.14602,37.49976],[127.14566,37.4995],[127.14508,37.49927],[127.14476,37.49923],[127.14295,37.49922],[127.14231,37.49929],[127.13744,37.50156],[127.13709,37.50184],[127.13692,37.5023],[127.13448,37.50236],[127.13409,37.50209],[127.13376,37.50243],[127.13365,37.5029],[127.13377,37.50323],[127.13428,37.50308],[127.13488,37.5042],[127.13527,37.50407],[127.13548,37.50446],[127.13679,37.50401],[127.13639,37.50836],[127.13971,37.507],[127.14024,37.50836],[127.14038,37.50811],[127.14035,37.50775]]]}},{"type":"Feature","properties":{"name":"서울명일초등학교","kind":"zone","note":"학구도안내서비스 2026-03-20 기준 (교육청 공식)","shared":false},"geometry":{"type":"Polygon","coordinates":[[[127.14678,37.56068],[127.14607,37.56045],[127.14421,37.55871],[127.14409,37.55864],[127.13795,37.55711],[127.13781,37.55473],[127.14441,37.55473],[127.14403,37.5516],[127.1439,37.55161],[127.14384,37.55092],[127.14397,37.55092],[127.14396,37.55081],[127.14284,37.55067],[127.1414,37.55081],[127.1384,37.55038],[127.13763,37.55011],[127.13759,37.55043],[127.13773,37.55074],[127.13748,37.55092],[127.13705,37.55142],[127.13681,37.55201],[127.13377,37.55183],[127.1335,37.55299],[127.13298,37.55313],[127.1328,37.55476],[127.13241,37.55476],[127.13242,37.55632],[127.13105,37.55616],[127.13112,37.55738],[127.13199,37.55801],[127.13234,37.55835],[127.13249,37.55864],[127.13248,37.55904],[127.13311,37.55976],[127.13318,37.56085],[127.13369,37.56151],[127.13363,37.56243],[127.13375,37.56288],[127.13381,37.56301],[127.13431,37.56288],[127.13476,37.56377],[127.13461,37.56385],[127.13465,37.56403],[127.13447,37.56411],[127.13463,37.56431],[127.13397,37.56469],[127.13313,37.56416],[127.13319,37.56431],[127.13304,37.56452],[127.13398,37.5651],[127.13358,37.56541],[127.13389,37.5657],[127.13427,37.56591],[127.13427,37.56795],[127.13767,37.56842],[127.14559,37.56843],[127.14559,37.56775],[127.14508,37.56663],[127.14512,37.56634],[127.14503,37.56595],[127.14483,37.56573],[127.1451,37.56557],[127.14523,37.56533],[127.14521,37.56457],[127.14534,37.56417],[127.14554,37.56394],[127.14595,37.56378],[127.14633,37.56341],[127.14658,37.56238],[127.1468,37.56212],[127.14694,37.56171],[127.14728,37.56133],[127.14733,37.56087],[127.14678,37.56068]]]}},{"type":"Feature","properties":{"name":"서울신남초등학교","kind":"zone","note":"학구도안내서비스 2026-03-20 기준 (교육청 공식)","shared":false},"geometry":{"type":"Polygon","coordinates":[[[126.84864,37.52068],[126.84845,37.51629],[126.84859,37.51594],[126.84845,37.51588],[126.84808,37.51592],[126.84748,37.51577],[126.84682,37.51575],[126.84692,37.51514],[126.84583,37.51484],[126.84527,37.5146],[126.84511,37.51446],[126.84494,37.51411],[126.84476,37.51391],[126.84464,37.51391],[126.84412,37.51422],[126.8435,37.51418],[126.84329,37.51403],[126.84281,37.51339],[126.84241,37.5137],[126.84213,37.51435],[126.8416,37.51419],[126.84144,37.51455],[126.84063,37.51429],[126.83941,37.51706],[126.84074,37.51746],[126.84149,37.5178],[126.84328,37.5191],[126.84558,37.52106],[126.84648,37.52039],[126.84665,37.52047],[126.84711,37.5204],[126.84714,37.52068],[126.84742,37.52082],[126.84793,37.52121],[126.84864,37.52068]]]}},{"type":"Feature","properties":{"name":"서울풍납초등학교","kind":"zone","note":"학구도안내서비스 2026-03-20 기준 (교육청 공식)","shared":false},"geometry":{"type":"Polygon","coordinates":[[[127.12294,37.53882],[127.12286,37.53866],[127.12338,37.53849],[127.12143,37.53307],[127.11909,37.53373],[127.11852,37.53251],[127.11841,37.53242],[127.11806,37.5326],[127.11804,37.53267],[127.1172,37.53323],[127.1169,37.53287],[127.11648,37.53303],[127.11624,37.53274],[127.11593,37.53289],[127.11614,37.53315],[127.11426,37.53396],[127.11489,37.53492],[127.11166,37.53585],[127.11284,37.53688],[127.11482,37.53846],[127.11819,37.54128],[127.11887,37.54107],[127.11895,37.54112],[127.11885,37.54099],[127.11974,37.54062],[127.12026,37.54033],[127.12186,37.53928],[127.12294,37.53882]]]}},{"type":"Feature","properties":{"name":"서울신방학초등학교","kind":"zone","note":"학구도안내서비스 2026-03-20 기준 (교육청 공식)","shared":false},"geometry":{"type":"Polygon","coordinates":[[[127.03142,37.67035],[127.03165,37.67034],[127.032,37.67059],[127.03181,37.67126],[127.03191,37.67131],[127.03239,37.67117],[127.03256,37.67123],[127.03281,37.67119],[127.03308,37.67098],[127.034,37.67056],[127.03384,37.66924],[127.03326,37.66928],[127.03326,37.6691],[127.03346,37.66904],[127.03367,37.66885],[127.03373,37.66905],[127.03428,37.66906],[127.03454,37.66874],[127.03484,37.66869],[127.03506,37.66849],[127.03535,37.6687],[127.0358,37.66829],[127.03621,37.66851],[127.03786,37.66698],[127.03663,37.66613],[127.03538,37.66728],[127.03428,37.66652],[127.03484,37.66601],[127.03403,37.66542],[127.03346,37.66594],[127.03087,37.66419],[127.03086,37.66408],[127.03095,37.66402],[127.03059,37.66367],[127.03046,37.66343],[127.03063,37.66312],[127.03064,37.66296],[127.03052,37.66284],[127.03143,37.66217],[127.02753,37.6618],[127.02476,37.66144],[127.02435,37.66144],[127.02401,37.66152],[127.02419,37.66183],[127.0242,37.66249],[127.02425,37.66249],[127.02426,37.66268],[127.02397,37.66306],[127.02351,37.6634],[127.02342,37.66387],[127.0233,37.66409],[127.0239,37.66484],[127.02426,37.66545],[127.02427,37.66563],[127.02462,37.66596],[127.02475,37.66597],[127.02486,37.66609],[127.02559,37.66643],[127.02618,37.66642],[127.0262,37.6665],[127.02661,37.66632],[127.02672,37.66615],[127.02712,37.66581],[127.02757,37.66609],[127.0278,37.6661],[127.02758,37.66667],[127.02729,37.66667],[127.02693,37.66696],[127.0269,37.66735],[127.02713,37.66763],[127.02757,37.6679],[127.02735,37.6684],[127.02714,37.66843],[127.02718,37.66907],[127.02789,37.66982],[127.02801,37.66982],[127.02798,37.66976],[127.02823,37.66974],[127.02808,37.66984],[127.02799,37.67002],[127.02834,37.67014],[127.02844,37.67025],[127.02832,37.67036],[127.02861,37.67019],[127.02873,37.67024],[127.02897,37.67016],[127.0294,37.67037],[127.02994,37.67042],[127.03003,37.67068],[127.03069,37.67072],[127.03072,37.67101],[127.03042,37.67123],[127.0305,37.67129],[127.03046,37.67141],[127.03074,37.67144],[127.0308,37.67098],[127.03112,37.67086],[127.0311,37.6706],[127.03117,37.67037],[127.03142,37.67035]]]}},{"type":"Feature","properties":{"name":"서울미양초등학교 · 서울삼각산초등학교","kind":"zone","note":"학구도안내서비스 2026-03-20 기준 (교육청 공식)","shared":true},"geometry":{"type":"Polygon","coordinates":[[[127.01341,37.62023],[127.01526,37.62019],[127.01523,37.61958],[127.01545,37.61883],[127.01533,37.61808],[127.01542,37.61728],[127.01536,37.61686],[127.01539,37.61663],[127.01582,37.61645],[127.01586,37.61564],[127.01554,37.61532],[127.01574,37.61474],[127.01525,37.61467],[127.01445,37.61468],[127.01436,37.61497],[127.01383,37.61542],[127.01181,37.61632],[127.01141,37.61643],[127.01094,37.61629],[127.01023,37.6168],[127.01014,37.6168],[127.01014,37.61706],[127.01,37.61727],[127.01005,37.61766],[127.00954,37.61821],[127.00907,37.61829],[127.00871,37.61854],[127.0088,37.61867],[127.0093,37.61899],[127.01043,37.61953],[127.01198,37.62015],[127.01259,37.62028],[127.01341,37.62023]]]}},{"type":"Feature","properties":{"name":"서울중곡초등학교 · 서울면남초등학교","kind":"zone","note":"학구도안내서비스 2026-03-20 기준 (교육청 공식)","shared":true},"geometry":{"type":"Polygon","coordinates":[[[127.08339,37.58117],[127.08844,37.58076],[127.08843,37.58047],[127.08808,37.57998],[127.08778,37.57971],[127.08629,37.57885],[127.08584,37.57799],[127.08234,37.57956],[127.0829,37.58029],[127.08339,37.58117]]]}},{"type":"Feature","properties":{"name":"서울중곡초등학교 · 서울면남초등학교","kind":"zone","note":"학구도안내서비스 2026-03-20 기준 (교육청 공식)","shared":true},"geometry":{"type":"Polygon","coordinates":[[[127.08942,37.57533],[127.08959,37.57535],[127.08941,37.57504],[127.08839,37.57554],[127.08906,37.57635],[127.08988,37.5759],[127.08938,37.57535],[127.08942,37.57533]]]}},{"type":"Feature","properties":{"name":"서울서래초등학교","kind":"zone","note":"학구도안내서비스 2026-03-20 기준 (교육청 공식)","shared":false},"geometry":{"type":"Polygon","coordinates":[[[126.99081,37.49787],[126.991,37.4978],[126.991,37.49751],[126.99142,37.49723],[126.99278,37.49687],[126.99278,37.49662],[126.9929,37.49663],[126.99296,37.49632],[126.99358,37.49599],[126.99375,37.49617],[126.99425,37.49612],[126.99427,37.49579],[126.99478,37.49572],[126.99483,37.49539],[126.99532,37.49478],[126.99546,37.49401],[126.99665,37.4942],[126.99677,37.49416],[126.99751,37.4934],[126.9979,37.49365],[126.99841,37.49341],[126.99956,37.4932],[126.9998,37.4931],[127.00029,37.49181],[126.99985,37.49157],[126.99982,37.49018],[127.00049,37.48972],[127.00048,37.48955],[126.99964,37.48932],[126.99957,37.48954],[126.99734,37.48945],[126.99729,37.48952],[126.99667,37.48927],[126.99702,37.48871],[126.99444,37.4879],[126.99363,37.48769],[126.99045,37.49283],[126.9855,37.49088],[126.98266,37.49089],[126.98266,37.49188],[126.98281,37.49267],[126.98293,37.49699],[126.98319,37.49737],[126.98512,37.49956],[126.98596,37.49876],[126.98681,37.49833],[126.98741,37.4982],[126.98814,37.49816],[126.99071,37.49814],[126.99071,37.49793],[126.99081,37.49787]]]}},{"type":"Feature","properties":{"name":"서울안산초등학교","kind":"zone","note":"학구도안내서비스 2026-03-20 기준 (교육청 공식)","shared":false},"geometry":{"type":"Polygon","coordinates":[[[126.95741,37.58662],[126.95746,37.58602],[126.95782,37.585],[126.95776,37.58491],[126.95799,37.58443],[126.95798,37.58412],[126.95765,37.58317],[126.95759,37.58286],[126.95768,37.58262],[126.95755,37.5823],[126.95764,37.58205],[126.95816,37.58117],[126.95812,37.58085],[126.95779,37.58059],[126.9573,37.58044],[126.95722,37.58035],[126.9572,37.57982],[126.95568,37.57968],[126.95511,37.5793],[126.95398,37.57896],[126.95356,37.57875],[126.95545,37.57654],[126.95563,37.57659],[126.95637,37.57569],[126.95834,37.5741],[126.96026,37.5722],[126.9591,37.57155],[126.95872,37.57181],[126.95855,37.57203],[126.9584,37.57256],[126.95776,37.57284],[126.95758,37.57286],[126.95719,37.57265],[126.95696,37.57263],[126.95633,37.57274],[126.95554,37.57276],[126.95497,37.57285],[126.95464,37.573],[126.95438,37.57326],[126.95395,37.57317],[126.95353,37.57251],[126.95361,37.57246],[126.95396,37.5726],[126.95405,37.57258],[126.95424,37.57225],[126.95438,37.5722],[126.95463,37.57103],[126.9522,37.57025],[126.95202,37.57029],[126.95174,37.5704],[126.95145,37.57078],[126.95103,37.57094],[126.95093,37.57111],[126.95063,37.57216],[126.95035,37.57242],[126.95018,37.57276],[126.95017,37.57321],[126.94985,37.57367],[126.94968,37.57418],[126.94903,37.57465],[126.94897,37.57523],[126.94902,37.57555],[126.94895,37.57573],[126.94845,37.57576],[126.94793,37.57589],[126.94721,37.57685],[126.94661,37.57682],[126.94599,37.5769],[126.94507,37.57716],[126.94462,37.5774],[126.9444,37.57766],[126.94399,37.57997],[126.94341,37.58008],[126.94307,37.58037],[126.94273,37.58054],[126.94218,37.58067],[126.94199,37.58081],[126.94187,37.58096],[126.94159,37.5822],[126.94165,37.58257],[126.94166,37.58261],[126.94196,37.58236],[126.94226,37.58241],[126.94239,37.58172],[126.94343,37.58177],[126.94415,37.58271],[126.94581,37.58358],[126.94681,37.58436],[126.94775,37.58482],[126.94812,37.58509],[126.94821,37.58501],[126.94878,37.58538],[126.94917,37.58577],[126.94975,37.58615],[126.95229,37.58659],[126.95259,37.58653],[126.95741,37.58662]]]}},{"type":"Feature","properties":{"name":"서울길동초등학교","kind":"zone","note":"학구도안내서비스 2026-03-20 기준 (교육청 공식)","shared":false},"geometry":{"type":"Polygon","coordinates":[[[127.14817,37.5385],[127.14918,37.53843],[127.14928,37.53873],[127.14938,37.53878],[127.15051,37.53857],[127.15042,37.53851],[127.15051,37.53796],[127.15077,37.53751],[127.14279,37.53415],[127.14146,37.53379],[127.14003,37.53371],[127.13891,37.53385],[127.13858,37.53395],[127.13986,37.53749],[127.13975,37.53751],[127.14,37.53817],[127.14011,37.53814],[127.14117,37.54098],[127.14701,37.54067],[127.14659,37.53935],[127.1481,37.53905],[127.14817,37.5385]]]}},{"type":"Feature","properties":{"name":"서울송원초등학교","kind":"zone","note":"학구도안내서비스 2026-03-20 기준 (교육청 공식)","shared":false},"geometry":{"type":"Polygon","coordinates":[[[127.07373,37.55941],[127.06746,37.54833],[127.0652,37.54818],[127.06262,37.5481],[127.0613,37.54819],[127.06012,37.54836],[127.05862,37.54867],[127.05699,37.54913],[127.05369,37.55046],[127.0538,37.55069],[127.0607,37.54879],[127.0615,37.54872],[127.06207,37.54874],[127.06338,37.54906],[127.06454,37.54971],[127.06513,37.55023],[127.06578,37.55095],[127.06949,37.5558],[127.07014,37.55649],[127.07024,37.55649],[127.07021,37.55655],[127.071,37.55736],[127.07105,37.55735],[127.07103,37.55739],[127.07293,37.55937],[127.07307,37.55943],[127.07313,37.55937],[127.0733,37.55959],[127.07373,37.55941]]]}},{"type":"Feature","properties":{"name":"서울공연초등학교","kind":"zone","note":"학구도안내서비스 2026-03-20 기준 (교육청 공식)","shared":false},"geometry":{"type":"Polygon","coordinates":[[[127.08158,37.63547],[127.08213,37.63477],[127.08305,37.63335],[127.08316,37.63277],[127.08308,37.63169],[127.08317,37.6313],[127.08506,37.6279],[127.08335,37.62828],[127.08216,37.62803],[127.08173,37.62785],[127.07995,37.62736],[127.07965,37.62722],[127.07909,37.62682],[127.07987,37.62578],[127.07984,37.62523],[127.07966,37.62443],[127.07743,37.62484],[127.07765,37.62352],[127.07554,37.62309],[127.07388,37.62297],[127.07345,37.62426],[127.07093,37.62373],[127.0707,37.62465],[127.073,37.6256],[127.07093,37.62989],[127.07006,37.63184],[127.07139,37.63147],[127.07285,37.63186],[127.07313,37.6313],[127.07332,37.63114],[127.07379,37.63093],[127.07541,37.6307],[127.07545,37.63085],[127.07588,37.63071],[127.07643,37.63085],[127.07659,37.63099],[127.07656,37.63123],[127.07707,37.63187],[127.07743,37.6329],[127.07745,37.63324],[127.07757,37.6335],[127.07773,37.63416],[127.07873,37.63451],[127.0789,37.63493],[127.07913,37.63505],[127.07965,37.63501],[127.07981,37.63539],[127.0808,37.63612],[127.08158,37.63547]]]}},{"type":"Feature","properties":{"name":"서울강신초등학교","kind":"zone","note":"학구도안내서비스 2026-03-20 기준 (교육청 공식)","shared":false},"geometry":{"type":"Polygon","coordinates":[[[126.82976,37.54773],[126.82984,37.54717],[126.83011,37.54621],[126.83024,37.54617],[126.83046,37.54577],[126.83003,37.54464],[126.8298,37.54428],[126.83135,37.54428],[126.83138,37.54335],[126.83287,37.5434],[126.8358,37.54365],[126.83594,37.54263],[126.8348,37.54252],[126.83441,37.54139],[126.83328,37.54128],[126.83373,37.53984],[126.83252,37.53956],[126.83374,37.53756],[126.83357,37.5374],[126.83356,37.53732],[126.83369,37.53666],[126.82832,37.53585],[126.82519,37.54049],[126.82442,37.54136],[126.82539,37.54168],[126.82536,37.54209],[126.82608,37.54295],[126.82608,37.5433],[126.82571,37.54391],[126.82574,37.5443],[126.82601,37.54488],[126.82633,37.54525],[126.82662,37.54546],[126.82679,37.54579],[126.82696,37.54597],[126.82712,37.54669],[126.82745,37.547],[126.82743,37.54724],[126.82756,37.54768],[126.82798,37.54756],[126.82976,37.54773]]]}},{"type":"Feature","properties":{"name":"서울강월초등학교","kind":"zone","note":"학구도안내서비스 2026-03-20 기준 (교육청 공식)","shared":false},"geometry":{"type":"Polygon","coordinates":[[[126.83567,37.51867],[126.83562,37.51866],[126.83576,37.51833],[126.83699,37.51851],[126.83719,37.51869],[126.83744,37.51846],[126.83763,37.51817],[126.83879,37.51849],[126.83941,37.51706],[126.83123,37.51454],[126.83114,37.5146],[126.83114,37.51485],[126.83161,37.51525],[126.83188,37.51564],[126.83222,37.51593],[126.83223,37.51605],[126.83201,37.51653],[126.83174,37.51683],[126.8315,37.51699],[126.83022,37.51764],[126.82938,37.51764],[126.82895,37.51749],[126.82844,37.51713],[126.82786,37.51657],[126.82709,37.51616],[126.82689,37.51562],[126.82684,37.51524],[126.82534,37.51496],[126.82518,37.5148],[126.82518,37.51472],[126.8257,37.51364],[126.82433,37.51355],[126.82426,37.51447],[126.8238,37.51466],[126.8234,37.51495],[126.8231,37.51622],[126.8245,37.51772],[126.82459,37.51805],[126.82562,37.52008],[126.82565,37.52103],[126.82554,37.52145],[126.82559,37.52175],[126.82548,37.52175],[126.82566,37.52224],[126.8252,37.52281],[126.82514,37.52301],[126.82582,37.52371],[126.82604,37.52411],[126.83485,37.52554],[126.83601,37.52374],[126.83425,37.52304],[126.83357,37.52229],[126.83468,37.52053],[126.83624,37.51938],[126.83605,37.51921],[126.83619,37.51882],[126.83567,37.51867]]]}},{"type":"Feature","properties":{"name":"서울등촌초등학교","kind":"zone","note":"학구도안내서비스 2026-03-20 기준 (교육청 공식)","shared":false},"geometry":{"type":"Polygon","coordinates":[[[126.86442,37.55124],[126.86575,37.55065],[126.87073,37.54769],[126.87006,37.54699],[126.86934,37.54723],[126.86866,37.54754],[126.86786,37.54572],[126.86678,37.54552],[126.86705,37.54523],[126.86711,37.5451],[126.8663,37.54466],[126.86612,37.54414],[126.86563,37.54442],[126.86544,37.54445],[126.86541,37.54486],[126.86523,37.54507],[126.86425,37.54494],[126.86347,37.54494],[126.86347,37.54448],[126.86333,37.54448],[126.86333,37.54457],[126.86314,37.54445],[126.863,37.54445],[126.86297,37.54395],[126.86286,37.54386],[126.86228,37.54366],[126.86212,37.54415],[126.86215,37.54457],[126.86187,37.54455],[126.8617,37.54526],[126.86032,37.54532],[126.8587,37.54475],[126.85864,37.54494],[126.8581,37.54508],[126.85802,37.54523],[126.85761,37.54529],[126.85687,37.54469],[126.85652,37.54468],[126.85615,37.54483],[126.85605,37.54477],[126.85564,37.54482],[126.85503,37.5447],[126.85496,37.54451],[126.85468,37.54561],[126.85483,37.54621],[126.85614,37.54752],[126.85646,37.54853],[126.85675,37.54896],[126.85654,37.54964],[126.85726,37.55038],[126.85776,37.5514],[126.85732,37.5527],[126.85658,37.55413],[126.8565,37.55449],[126.8595,37.55341],[126.86442,37.55124]]]}},{"type":"Feature","properties":{"name":"서울번동초등학교","kind":"zone","note":"학구도안내서비스 2026-03-20 기준 (교육청 공식)","shared":false},"geometry":{"type":"Polygon","coordinates":[[[127.0379,37.63394],[127.03804,37.63376],[127.03842,37.63388],[127.03976,37.6322],[127.0408,37.63155],[127.04171,37.63081],[127.04209,37.63068],[127.04252,37.63041],[127.04436,37.62888],[127.0438,37.62859],[127.04336,37.62846],[127.04278,37.62841],[127.04237,37.62825],[127.04121,37.62744],[127.04079,37.62738],[127.03984,37.62705],[127.04032,37.62629],[127.03931,37.62517],[127.03881,37.62538],[127.03877,37.6239],[127.03765,37.62351],[127.03757,37.62141],[127.03688,37.61985],[127.03605,37.61857],[127.03519,37.61896],[127.03488,37.61956],[127.0345,37.61998],[127.03377,37.62036],[127.03342,37.62063],[127.03357,37.62248],[127.03352,37.62265],[127.03368,37.62284],[127.03374,37.62304],[127.03347,37.62347],[127.03354,37.6236],[127.03309,37.62438],[127.03301,37.62474],[127.03317,37.6248],[127.03302,37.62506],[127.03274,37.6252],[127.03262,37.62554],[127.03285,37.62608],[127.03254,37.62682],[127.03275,37.62743],[127.03259,37.62758],[127.03243,37.62755],[127.0321,37.62767],[127.03203,37.628],[127.03171,37.62846],[127.03146,37.62858],[127.03134,37.62885],[127.03134,37.62907],[127.03098,37.62929],[127.03098,37.62942],[127.03064,37.62974],[127.02981,37.63108],[127.02983,37.63124],[127.03006,37.63146],[127.03282,37.6326],[127.03339,37.633],[127.03276,37.63322],[127.03275,37.63386],[127.03375,37.63432],[127.03525,37.63365],[127.0355,37.63374],[127.0354,37.63397],[127.03557,37.63434],[127.03574,37.63454],[127.0379,37.63394]]]}},{"type":"Feature","properties":{"name":"서울동일초등학교","kind":"zone","note":"학구도안내서비스 2026-03-20 기준 (교육청 공식)","shared":false},"geometry":{"type":"Polygon","coordinates":[[[127.05783,37.66454],[127.0587,37.66119],[127.05246,37.66172],[127.05213,37.66438],[127.05159,37.66553],[127.05082,37.66685],[127.05354,37.6673],[127.0557,37.66709],[127.0571,37.66731],[127.05783,37.66454]]]}},{"type":"Feature","properties":{"name":"서울연천초등학교","kind":"zone","note":"학구도안내서비스 2026-03-20 기준 (교육청 공식)","shared":false},"geometry":{"type":"Polygon","coordinates":[[[126.93676,37.62614],[126.93779,37.62614],[126.93828,37.62601],[126.93885,37.62603],[126.93956,37.62583],[126.94185,37.62549],[126.94146,37.62511],[126.94096,37.62482],[126.93929,37.62395],[126.93869,37.62377],[126.93857,37.62362],[126.93857,37.62345],[126.93858,37.62331],[126.93877,37.62296],[126.93876,37.62277],[126.93865,37.62246],[126.93836,37.62234],[126.93825,37.6222],[126.93822,37.62177],[126.93806,37.62165],[126.93756,37.62147],[126.93372,37.62192],[126.93369,37.62178],[126.93333,37.62164],[126.93165,37.62132],[126.93193,37.62053],[126.93103,37.62054],[126.93075,37.61913],[126.93063,37.61895],[126.92921,37.62001],[126.92876,37.61975],[126.92886,37.61958],[126.92856,37.61935],[126.92882,37.61887],[126.92871,37.61834],[126.92849,37.61784],[126.92728,37.61802],[126.92618,37.61841],[126.92548,37.61849],[126.92465,37.61886],[126.92429,37.61877],[126.92386,37.61833],[126.92375,37.61792],[126.92294,37.61715],[126.92222,37.61785],[126.92137,37.61888],[126.9223,37.61919],[126.9229,37.61978],[126.92324,37.61997],[126.92424,37.62033],[126.92621,37.62133],[126.92714,37.62253],[126.92856,37.62467],[126.92882,37.62515],[126.92898,37.62506],[126.92989,37.62373],[126.93039,37.62324],[126.93098,37.62363],[126.93153,37.6237],[126.9326,37.6244],[126.93338,37.62473],[126.9329,37.62557],[126.93401,37.62667],[126.9357,37.62639],[126.93619,37.62615],[126.93676,37.62614]]]}},{"type":"Feature","properties":{"name":"서울매헌초등학교","kind":"zone","note":"학구도안내서비스 2026-03-20 기준 (교육청 공식)","shared":false},"geometry":{"type":"Polygon","coordinates":[[[127.04887,37.46989],[127.043,37.46564],[127.03989,37.46854],[127.0395,37.46898],[127.03893,37.47015],[127.03872,37.47087],[127.03861,37.47221],[127.03864,37.47427],[127.03933,37.47461],[127.04,37.47514],[127.04404,37.47978],[127.04414,37.47929],[127.04504,37.47732],[127.05107,37.47144],[127.04887,37.46989]]]}},{"type":"Feature","properties":{"name":"서울언남초등학교","kind":"zone","note":"학구도안내서비스 2026-03-20 기준 (교육청 공식)","shared":false},"geometry":{"type":"Polygon","coordinates":[[[127.06844,37.46994],[127.0674,37.46763],[127.06765,37.46755],[127.06785,37.46741],[127.06876,37.46741],[127.06974,37.46588],[127.07002,37.46568],[127.07049,37.46499],[127.07218,37.46397],[127.07429,37.46332],[127.07615,37.4619],[127.0781,37.46167],[127.07846,37.46172],[127.07846,37.46142],[127.07879,37.46138],[127.07943,37.46171],[127.07952,37.46186],[127.08125,37.46138],[127.08134,37.46052],[127.0855,37.46188],[127.08561,37.46158],[127.08632,37.46056],[127.08628,37.45951],[127.08645,37.45834],[127.08657,37.45815],[127.08694,37.45778],[127.08825,37.45679],[127.08869,37.45667],[127.08881,37.4567],[127.08894,37.45663],[127.08883,37.45641],[127.08887,37.45631],[127.08928,37.45585],[127.08959,37.45599],[127.08997,37.45593],[127.09015,37.45571],[127.09039,37.45566],[127.09045,37.45556],[127.09054,37.45562],[127.09302,37.4558],[127.09334,37.45531],[127.09314,37.45491],[127.09322,37.45472],[127.09282,37.45376],[127.09273,37.45363],[127.09188,37.45347],[127.09096,37.45278],[127.0903,37.45127],[127.09014,37.4511],[127.08962,37.45089],[127.08954,37.45017],[127.08882,37.44975],[127.08896,37.44946],[127.08843,37.44899],[127.08833,37.44863],[127.08836,37.44837],[127.08841,37.44808],[127.08864,37.4476],[127.08837,37.44724],[127.08828,37.44655],[127.08839,37.4464],[127.08824,37.44618],[127.08816,37.44539],[127.08785,37.44489],[127.08748,37.4448],[127.0873,37.44464],[127.08642,37.44426],[127.0857,37.44442],[127.08386,37.44392],[127.0838,37.44342],[127.08333,37.44296],[127.08321,37.44257],[127.08243,37.44158],[127.0821,37.44135],[127.08144,37.44123],[127.08125,37.44112],[127.0807,37.44115],[127.08017,37.44105],[127.07958,37.44139],[127.07908,37.4413],[127.07853,37.44156],[127.07818,37.44155],[127.07775,37.44186],[127.0776,37.44171],[127.07736,37.44163],[127.07708,37.44165],[127.07672,37.44194],[127.07601,37.44214],[127.07524,37.44194],[127.07476,37.44222],[127.07385,37.44221],[127.07299,37.44202],[127.07214,37.44226],[127.07163,37.44152],[127.07186,37.44103],[127.07221,37.43938],[127.07201,37.43886],[127.07249,37.43859],[127.07297,37.43821],[127.07376,37.43779],[127.07384,37.43741],[127.07356,37.43696],[127.0732,37.43667],[127.07302,37.43641],[127.07278,37.4363],[127.07209,37.43616],[127.07196,37.43605],[127.07169,37.43598],[127.07144,37.43586],[127.07127,37.4356],[127.07127,37.43535],[127.07145,37.43504],[127.07155,37.43453],[127.07152,37.43412],[127.07112,37.4334],[127.071,37.43334],[127.07091,37.43309],[127.07073,37.43294],[127.07057,37.43242],[127.07063,37.43204],[127.07096,37.4317],[127.07121,37.43082],[127.07117,37.43042],[127.07088,37.43019],[127.07033,37.43048],[127.07003,37.43091],[127.06987,37.43097],[127.06982,37.43097],[127.06991,37.43086],[127.06962,37.43061],[127.06896,37.43043],[127.06875,37.43046],[127.06827,37.43068],[127.06783,37.43041],[127.0667,37.43013],[127.06659,37.43005],[127.06658,37.42997],[127.06596,37.42953],[127.0657,37.42916],[127.06568,37.42899],[127.06507,37.42899],[127.06467,37.42917],[127.06439,37.42911],[127.06346,37.42959],[127.06332,37.42975],[127.06288,37.4297],[127.06114,37.42999],[127.06021,37.42971],[127.05996,37.42957],[127.05906,37.42966],[127.05807,37.43001],[127.05681,37.42973],[127.05639,37.42958],[127.05611,37.42961],[127.05555,37.42936],[127.05534,37.4294],[127.05512,37.42929],[127.05477,37.42927],[127.05389,37.42898],[127.05368,37.42897],[127.05338,37.42875],[127.05291,37.42854],[127.0525,37.42845],[127.0524,37.42832],[127.05217,37.42834],[127.05142,37.42905],[127.05136,37.4292],[127.05019,37.4299],[127.04986,37.43031],[127.04958,37.43027],[127.04755,37.43061],[127.04737,37.4307],[127.04718,37.43173],[127.04722,37.43204],[127.04654,37.43265],[127.04631,37.43345],[127.04591,37.43348],[127.04495,37.43385],[127.04463,37.43407],[127.04436,37.43442],[127.04419,37.43506],[127.04265,37.43637],[127.04144,37.43711],[127.04114,37.43741],[127.04109,37.43777],[127.04005,37.43824],[127.03903,37.43815],[127.03844,37.43836],[127.0378,37.43827],[127.0374,37.43831],[127.03707,37.43827],[127.03686,37.43836],[127.03632,37.43878],[127.03557,37.439],[127.03558,37.4394],[127.03549,37.43976],[127.03532,37.43997],[127.03517,37.44061],[127.03517,37.44094],[127.03562,37.44133],[127.03609,37.44156],[127.03665,37.44208],[127.03684,37.44236],[127.03682,37.44259],[127.03697,37.4429],[127.03748,37.44327],[127.03757,37.44384],[127.03793,37.44418],[127.03823,37.44518],[127.03821,37.44586],[127.03735,37.4463],[127.03725,37.44645],[127.03753,37.44736],[127.03716,37.44801],[127.03737,37.44856],[127.03781,37.44892],[127.03774,37.44942],[127.0373,37.45001],[127.03691,37.45081],[127.03654,37.45121],[127.03641,37.4515],[127.03608,37.45166],[127.03578,37.4522],[127.03537,37.45223],[127.03515,37.45244],[127.03475,37.45262],[127.03482,37.45311],[127.03547,37.45344],[127.03559,37.45409],[127.03574,37.45419],[127.03627,37.45426],[127.03642,37.45465],[127.03713,37.45521],[127.03707,37.45547],[127.03685,37.45582],[127.03674,37.45644],[127.03576,37.45748],[127.03502,37.45789],[127.03497,37.45799],[127.03492,37.45844],[127.03501,37.45887],[127.03506,37.45874],[127.03493,37.46008],[127.03526,37.4602],[127.03632,37.46089],[127.03889,37.46281],[127.04207,37.46496],[127.04887,37.46989],[127.05029,37.46971],[127.05044,37.46975],[127.05103,37.46936],[127.0511,37.46859],[127.05092,37.46756],[127.05076,37.4674],[127.0508,37.46727],[127.05195,37.46777],[127.05305,37.46806],[127.05324,37.46816],[127.0536,37.46807],[127.05421,37.46811],[127.05491,37.46863],[127.05504,37.46885],[127.05539,37.46882],[127.05608,37.46844],[127.05653,37.46848],[127.0572,37.46901],[127.05783,37.4689],[127.05871,37.46891],[127.05909,37.46919],[127.06003,37.46909],[127.06035,37.46913],[127.06092,37.46892],[127.06104,37.46899],[127.06161,37.46897],[127.06214,37.46908],[127.0624,37.46933],[127.0626,37.46934],[127.06324,37.46904],[127.06381,37.469],[127.06416,37.46921],[127.0651,37.46934],[127.06562,37.46954],[127.06592,37.4698],[127.06625,37.4699],[127.06645,37.47014],[127.06781,37.47041],[127.06854,37.46999],[127.06844,37.46994]]]}},{"type":"Feature","properties":{"name":"서울언남초등학교","kind":"zone","note":"학구도안내서비스 2026-03-20 기준 (교육청 공식)","shared":false},"geometry":{"type":"Polygon","coordinates":[[[127.0522,37.46304],[127.05142,37.46289],[127.0512,37.4629],[127.05078,37.46304],[127.04992,37.46294],[127.04966,37.46287],[127.04943,37.46222],[127.04868,37.4623],[127.04817,37.46218],[127.04995,37.46135],[127.05035,37.46155],[127.05217,37.46183],[127.05283,37.46237],[127.0534,37.46242],[127.0537,37.46256],[127.0547,37.4624],[127.05517,37.46247],[127.05565,37.46247],[127.05566,37.46266],[127.05534,37.46356],[127.05453,37.46375],[127.05414,37.46371],[127.05343,37.4638],[127.0532,37.46354],[127.05225,37.46353],[127.0522,37.46304]]]}},{"type":"Feature","properties":{"name":"서울양진초등학교 · 서울광장초등학교","kind":"zone","note":"학구도안내서비스 2026-03-20 기준 (교육청 공식)","shared":true},"geometry":{"type":"Polygon","coordinates":[[[127.10129,37.54295],[127.10101,37.54286],[127.10012,37.54423],[127.1013,37.54506],[127.10195,37.54584],[127.10262,37.54561],[127.10256,37.54548],[127.10374,37.54507],[127.10358,37.54468],[127.10385,37.54459],[127.10311,37.54378],[127.10229,37.54329],[127.10129,37.54295]]]}},{"type":"Feature","properties":{"name":"서울양남초등학교 · 서울성자초등학교","kind":"zone","note":"학구도안내서비스 2026-03-20 기준 (교육청 공식)","shared":true},"geometry":{"type":"Polygon","coordinates":[[[127.08324,37.52771],[127.0829,37.5277],[127.08279,37.52873],[127.08394,37.52909],[127.08545,37.52982],[127.08499,37.53043],[127.08642,37.53108],[127.08692,37.53041],[127.08654,37.52846],[127.08645,37.52827],[127.08619,37.5281],[127.0851,37.52788],[127.08324,37.52771]]]}},{"type":"Feature","properties":{"name":"서울태릉초등학교","kind":"zone","note":"학구도안내서비스 2026-03-20 기준 (교육청 공식)","shared":false},"geometry":{"type":"Polygon","coordinates":[[[127.0819,37.6247],[127.08203,37.62433],[127.08329,37.62485],[127.08382,37.62394],[127.08533,37.62396],[127.08646,37.62415],[127.08757,37.62041],[127.08759,37.62007],[127.08696,37.62024],[127.08607,37.62029],[127.08494,37.6201],[127.08379,37.61978],[127.08382,37.61971],[127.08279,37.6194],[127.08246,37.61939],[127.08192,37.61923],[127.08142,37.61919],[127.08156,37.61926],[127.08148,37.61932],[127.0816,37.61951],[127.08118,37.61965],[127.08006,37.61983],[127.07939,37.62013],[127.07868,37.62059],[127.07828,37.62103],[127.07793,37.62176],[127.07743,37.62484],[127.07966,37.62443],[127.07984,37.62523],[127.07987,37.62578],[127.07909,37.62682],[127.07965,37.62722],[127.07995,37.62736],[127.08305,37.62824],[127.08355,37.62828],[127.08506,37.6279],[127.08512,37.62779],[127.08494,37.62776],[127.08417,37.62735],[127.08341,37.62685],[127.08229,37.62639],[127.0822,37.6263],[127.08231,37.62611],[127.08129,37.6255],[127.0819,37.6247]]]}},{"type":"Feature","properties":{"name":"서울금옥초등학교 · 서울금호초등학교","kind":"zone","note":"학구도안내서비스 2026-03-20 기준 (교육청 공식)","shared":true},"geometry":{"type":"Polygon","coordinates":[[[127.0172,37.55108],[127.01677,37.55093],[127.01686,37.55018],[127.0172,37.55012],[127.0176,37.54978],[127.01841,37.54987],[127.01819,37.54897],[127.01692,37.54878],[127.01669,37.54846],[127.01653,37.5486],[127.0158,37.54895],[127.01546,37.54944],[127.01496,37.54956],[127.01484,37.54967],[127.01478,37.54978],[127.01509,37.54985],[127.01524,37.55002],[127.01496,37.55035],[127.01509,37.55055],[127.01517,37.55054],[127.01531,37.55082],[127.01532,37.55087],[127.01504,37.55094],[127.01527,37.55122],[127.0159,37.55149],[127.01697,37.55155],[127.01725,37.55111],[127.0172,37.55108]]]}},{"type":"Feature","properties":{"name":"서울서이초등학교 · 서울서일초등학교","kind":"zone","note":"학구도안내서비스 2026-03-20 기준 (교육청 공식)","shared":true},"geometry":{"type":"Polygon","coordinates":[[[127.0227,37.48849],[127.02284,37.48823],[127.02249,37.4881],[127.022,37.48824],[127.02073,37.48791],[127.01802,37.48776],[127.01731,37.48919],[127.02319,37.49098],[127.02373,37.48957],[127.02238,37.48922],[127.0227,37.48849]]]}},{"type":"Feature","properties":{"name":"서울송전초등학교","kind":"zone","note":"학구도안내서비스 2026-03-20 기준 (교육청 공식)","shared":false},"geometry":{"type":"Polygon","coordinates":[[[127.09729,37.50654],[127.09078,37.50753],[127.09308,37.51028],[127.09256,37.51189],[127.09474,37.5121],[127.09478,37.51016],[127.09755,37.50996],[127.09749,37.50971],[127.09729,37.50654]]]}},{"type":"Feature","properties":{"name":"서울신천초등학교","kind":"zone","note":"학구도안내서비스 2026-03-20 기준 (교육청 공식)","shared":false},"geometry":{"type":"Polygon","coordinates":[[[127.10014,37.51322],[127.09659,37.51234],[127.09485,37.5121],[127.09256,37.51189],[127.09124,37.51545],[127.09046,37.51787],[127.09406,37.51901],[127.09527,37.51963],[127.10014,37.51322]]]}},{"type":"Feature","properties":{"name":"서울신도초등학교","kind":"zone","note":"학구도안내서비스 2026-03-20 기준 (교육청 공식)","shared":false},"geometry":{"type":"Polygon","coordinates":[[[126.93945,37.64451],[126.93986,37.64448],[126.94047,37.64456],[126.94056,37.64372],[126.94074,37.64346],[126.94063,37.6433],[126.94078,37.64316],[126.94079,37.64304],[126.94105,37.6429],[126.94122,37.64273],[126.94145,37.64271],[126.94151,37.64255],[126.94179,37.64234],[126.94189,37.64207],[126.94186,37.64201],[126.94207,37.64156],[126.94225,37.64145],[126.9428,37.64139],[126.94321,37.64124],[126.94363,37.64083],[126.9435,37.64063],[126.94303,37.64047],[126.94291,37.6405],[126.94273,37.6404],[126.9415,37.64073],[126.94104,37.64045],[126.94081,37.64052],[126.94079,37.64013],[126.94055,37.64008],[126.94033,37.63967],[126.9403,37.63948],[126.93996,37.63934],[126.94002,37.63921],[126.93989,37.63883],[126.93981,37.63884],[126.93979,37.63877],[126.93995,37.63861],[126.94009,37.63858],[126.94013,37.63845],[126.94007,37.63809],[126.94019,37.63786],[126.94013,37.63776],[126.93988,37.63772],[126.94003,37.6372],[126.93988,37.63716],[126.93966,37.63723],[126.93957,37.6374],[126.93937,37.6374],[126.93927,37.63725],[126.93885,37.63742],[126.93898,37.63754],[126.93893,37.63765],[126.93856,37.63772],[126.93841,37.63742],[126.93827,37.63745],[126.93822,37.63722],[126.9377,37.63682],[126.93711,37.63615],[126.93677,37.6361],[126.9367,37.63599],[126.93679,37.6357],[126.93708,37.63549],[126.9373,37.63547],[126.93738,37.6354],[126.93709,37.63509],[126.93706,37.63457],[126.93681,37.63449],[126.93669,37.63456],[126.93653,37.63433],[126.9368,37.63424],[126.93707,37.63399],[126.9376,37.63379],[126.93812,37.63413],[126.93892,37.63389],[126.93922,37.63319],[126.93916,37.63268],[126.93871,37.63254],[126.93837,37.63207],[126.93743,37.63214],[126.93711,37.63195],[126.93671,37.63213],[126.93571,37.632],[126.93483,37.63178],[126.93484,37.63163],[126.93411,37.63103],[126.93374,37.63129],[126.93359,37.6313],[126.93345,37.63116],[126.93306,37.63114],[126.93282,37.63087],[126.93283,37.63004],[126.93308,37.6298],[126.9335,37.62962],[126.93402,37.62981],[126.9341,37.62993],[126.93488,37.6291],[126.93529,37.62902],[126.93553,37.62912],[126.93575,37.62892],[126.93575,37.62871],[126.93714,37.62872],[126.93727,37.62857],[126.93791,37.62826],[126.93821,37.62802],[126.93796,37.62704],[126.93759,37.62673],[126.93673,37.62676],[126.93699,37.62655],[126.93676,37.62614],[126.93619,37.62615],[126.9357,37.62639],[126.93401,37.62667],[126.93259,37.62641],[126.93203,37.6264],[126.93179,37.62666],[126.93175,37.62689],[126.93123,37.62783],[126.93072,37.62813],[126.93002,37.62824],[126.92998,37.6283],[126.9299,37.62826],[126.92943,37.62846],[126.92954,37.62885],[126.9299,37.62924],[126.92569,37.63026],[126.9256,37.63156],[126.92606,37.63156],[126.92675,37.63255],[126.92541,37.63292],[126.92533,37.63506],[126.92526,37.63506],[126.92525,37.6352],[126.92533,37.63521],[126.92533,37.63636],[126.9251,37.63643],[126.92517,37.63679],[126.9248,37.63693],[126.92567,37.63721],[126.92754,37.63727],[126.92736,37.63763],[126.927,37.63763],[126.92702,37.63802],[126.92742,37.63802],[126.92742,37.63828],[126.92913,37.63849],[126.92915,37.63838],[126.92927,37.63839],[126.92912,37.63783],[126.92927,37.63781],[126.92917,37.63743],[126.9293,37.63715],[126.93139,37.63751],[126.93132,37.63762],[126.93249,37.63795],[126.93262,37.63774],[126.93472,37.64091],[126.93294,37.64345],[126.93255,37.64438],[126.93193,37.64469],[126.93066,37.64475],[126.93018,37.64547],[126.93039,37.64553],[126.93044,37.64602],[126.93107,37.64751],[126.93367,37.64979],[126.93386,37.64983],[126.9336,37.65002],[126.93312,37.65056],[126.93571,37.6512],[126.93672,37.65084],[126.93655,37.65061],[126.93626,37.65044],[126.93666,37.64915],[126.93698,37.64857],[126.93739,37.64805],[126.93902,37.64628],[126.93929,37.64577],[126.93942,37.64535],[126.93947,37.64504],[126.93945,37.64451]]]}},{"type":"Feature","properties":{"name":"서울서빙고초등학교","kind":"zone","note":"학구도안내서비스 2026-03-20 기준 (교육청 공식)","shared":false},"geometry":{"type":"Polygon","coordinates":[[[127.00093,37.5231],[127.00025,37.52246],[126.99949,37.5221],[126.99476,37.52021],[126.99406,37.52006],[126.99397,37.5198],[126.99338,37.51957],[126.99284,37.51953],[126.99275,37.51932],[126.99245,37.51917],[126.99111,37.51899],[126.99094,37.51906],[126.99075,37.51939],[126.98985,37.51914],[126.98951,37.51879],[126.98891,37.51876],[126.98886,37.51924],[126.9878,37.51924],[126.98784,37.51925],[126.98778,37.52047],[126.98772,37.52052],[126.98785,37.52079],[126.98797,37.52097],[126.98862,37.52147],[126.9888,37.5219],[126.9889,37.52199],[126.98918,37.52215],[126.98974,37.5223],[126.98988,37.52242],[126.98998,37.52272],[126.99008,37.52281],[126.99015,37.52328],[126.99024,37.52351],[126.99066,37.52398],[126.99075,37.52428],[126.99116,37.52499],[126.99154,37.52512],[126.99183,37.5258],[126.99127,37.52979],[126.9915,37.52972],[126.99186,37.52919],[126.99204,37.52903],[126.99238,37.52904],[126.99265,37.52918],[126.99277,37.52938],[126.99307,37.52925],[126.99317,37.52892],[126.99401,37.5287],[126.99464,37.52876],[126.99579,37.52922],[126.99574,37.52886],[126.99601,37.52816],[126.9964,37.52792],[126.99646,37.52756],[126.99658,37.52746],[126.9966,37.52734],[126.99651,37.52724],[126.99677,37.527],[126.99695,37.52695],[126.99694,37.52671],[126.99669,37.5263],[126.99681,37.52617],[126.9966,37.5259],[126.99679,37.52572],[126.99689,37.52547],[126.99706,37.52537],[126.99681,37.52496],[126.99721,37.52494],[126.99835,37.52441],[126.99841,37.52394],[126.9983,37.5238],[126.99838,37.52362],[126.99833,37.52351],[126.99809,37.52343],[126.99829,37.5232],[126.99848,37.52318],[126.99886,37.52296],[126.99926,37.52308],[126.99969,37.52308],[127.00007,37.52268],[127.00067,37.52306],[127.00079,37.52317],[127.00073,37.52321],[127.00093,37.5231]]]}},{"type":"Feature","properties":{"name":"서울신구초등학교","kind":"zone","note":"학구도안내서비스 2026-03-20 기준 (교육청 공식)","shared":false},"geometry":{"type":"Polygon","coordinates":[[[127.02441,37.52795],[127.02454,37.5278],[127.02477,37.52792],[127.02544,37.52714],[127.02554,37.5272],[127.02629,37.52627],[127.02642,37.52619],[127.02836,37.52716],[127.02849,37.52642],[127.02832,37.52375],[127.02904,37.52374],[127.03045,37.52311],[127.03054,37.52447],[127.03311,37.52438],[127.03313,37.52367],[127.0333,37.52275],[127.03443,37.52021],[127.03239,37.51956],[127.03266,37.51902],[127.0314,37.51862],[127.03158,37.51827],[127.03161,37.51784],[127.03052,37.51749],[127.03071,37.51717],[127.02717,37.51613],[127.02675,37.51582],[127.02569,37.51664],[127.02441,37.51566],[127.02363,37.51557],[127.02121,37.51482],[127.02161,37.51396],[127.02024,37.5137],[127.01782,37.52181],[127.01694,37.52302],[127.01629,37.52371],[127.01789,37.52491],[127.01948,37.52598],[127.02056,37.52684],[127.02141,37.5278],[127.0229,37.52981],[127.02441,37.52795]]]}},{"type":"Feature","properties":{"name":"서울가곡초등학교","kind":"zone","note":"학구도안내서비스 2026-03-20 기준 (교육청 공식)","shared":false},"geometry":{"type":"Polygon","coordinates":[[[126.84233,37.55488],[126.84188,37.55433],[126.83704,37.55483],[126.83634,37.55261],[126.83108,37.55314],[126.83199,37.55435],[126.83202,37.55482],[126.83193,37.55496],[126.83169,37.5551],[126.82935,37.55525],[126.82985,37.5594],[126.8444,37.55796],[126.84397,37.55751],[126.84355,37.5569],[126.84316,37.5559],[126.84233,37.55488]]]}},{"type":"Feature","properties":{"name":"서울방산초등학교","kind":"zone","note":"학구도안내서비스 2026-03-20 기준 (교육청 공식)","shared":false},"geometry":{"type":"Polygon","coordinates":[[[127.128,37.5118],[127.12368,37.50484],[127.12277,37.50533],[127.1167,37.50777],[127.11901,37.5115],[127.12116,37.51066],[127.12197,37.51195],[127.12429,37.51102],[127.12545,37.5128],[127.128,37.5118]]]}},{"type":"Feature","properties":{"name":"서울쌍문초등학교","kind":"zone","note":"학구도안내서비스 2026-03-20 기준 (교육청 공식)","shared":false},"geometry":{"type":"Polygon","coordinates":[[[127.02193,37.65422],[127.02214,37.65422],[127.02247,37.65442],[127.02269,37.65443],[127.02359,37.6543],[127.02385,37.65418],[127.02423,37.6533],[127.02451,37.65298],[127.02452,37.65279],[127.02426,37.65258],[127.02435,37.65235],[127.02433,37.6522],[127.02579,37.65206],[127.02506,37.65006],[127.02561,37.64994],[127.0259,37.64978],[127.02538,37.64891],[127.02552,37.64886],[127.02565,37.64904],[127.02596,37.64887],[127.02619,37.64891],[127.02613,37.64883],[127.02786,37.64788],[127.02821,37.64775],[127.02868,37.64721],[127.02963,37.64682],[127.02987,37.64679],[127.02974,37.64541],[127.0293,37.64493],[127.02865,37.64469],[127.02917,37.64436],[127.02944,37.64461],[127.03023,37.64447],[127.03043,37.64509],[127.03139,37.64495],[127.03226,37.64461],[127.03158,37.64355],[127.02737,37.63962],[127.01994,37.64491],[127.02027,37.64514],[127.02051,37.64545],[127.0208,37.64527],[127.02125,37.6457],[127.02174,37.64595],[127.02119,37.6467],[127.02128,37.64679],[127.02123,37.64682],[127.02133,37.64698],[127.02107,37.64709],[127.02092,37.64731],[127.02161,37.64809],[127.02216,37.64774],[127.02241,37.648],[127.02154,37.64874],[127.02178,37.64899],[127.0229,37.64861],[127.02338,37.64874],[127.02212,37.64953],[127.02017,37.65024],[127.01982,37.65039],[127.01941,37.65067],[127.01968,37.65105],[127.02035,37.6514],[127.0208,37.65174],[127.02082,37.65256],[127.02062,37.65364],[127.02072,37.65374],[127.02069,37.654],[127.0208,37.6541],[127.02046,37.6543],[127.02056,37.65483],[127.02052,37.65491],[127.0208,37.6548],[127.02084,37.65459],[127.02136,37.65457],[127.02162,37.65439],[127.02165,37.65431],[127.02193,37.65422]]]}},{"type":"Feature","properties":{"name":"서울봉은초등학교","kind":"zone","note":"학구도안내서비스 2026-03-20 기준 (교육청 공식)","shared":false},"geometry":{"type":"Polygon","coordinates":[[[127.05563,37.52549],[127.05577,37.52556],[127.05782,37.52428],[127.05833,37.5242],[127.06283,37.52195],[127.06273,37.52185],[127.06399,37.52103],[127.06389,37.52075],[127.06468,37.51912],[127.06515,37.51877],[127.06545,37.51843],[127.06639,37.51691],[127.06657,37.51629],[127.06654,37.51603],[127.06652,37.51621],[127.06639,37.51621],[127.06656,37.51535],[127.05331,37.51305],[127.05022,37.51882],[127.05112,37.51898],[127.05045,37.52022],[127.05098,37.5207],[127.05045,37.52168],[127.05123,37.52195],[127.05268,37.52263],[127.05345,37.5232],[127.05297,37.52409],[127.0528,37.52489],[127.05488,37.52514],[127.05493,37.52537],[127.05511,37.52553],[127.05539,37.52557],[127.05563,37.52549]]]}},{"type":"Feature","properties":{"name":"서울영화초등학교","kind":"zone","note":"학구도안내서비스 2026-03-20 기준 (교육청 공식)","shared":false},"geometry":{"type":"Polygon","coordinates":[[[126.93858,37.51605],[126.93874,37.51606],[126.93904,37.51456],[126.93911,37.51454],[126.93912,37.51419],[126.93921,37.51419],[126.93923,37.51414],[126.93922,37.51348],[126.93766,37.51339],[126.93772,37.51279],[126.93759,37.51279],[126.93765,37.51246],[126.93745,37.51179],[126.93759,37.51154],[126.93719,37.51146],[126.93723,37.51118],[126.93711,37.51108],[126.93709,37.51089],[126.93705,37.51033],[126.93712,37.51019],[126.93701,37.5097],[126.93732,37.50956],[126.93695,37.50883],[126.93691,37.50837],[126.93665,37.50803],[126.93658,37.50752],[126.93664,37.50731],[126.93718,37.50717],[126.93729,37.50699],[126.93718,37.50679],[126.93766,37.50654],[126.93853,37.50639],[126.93958,37.50585],[126.93953,37.50561],[126.93938,37.50566],[126.93926,37.50525],[126.93859,37.50491],[126.93644,37.50449],[126.93587,37.50424],[126.93534,37.50382],[126.9345,37.50286],[126.93362,37.50337],[126.933,37.50272],[126.93276,37.50301],[126.93223,37.50296],[126.93205,37.50319],[126.93216,37.50326],[126.93206,37.50337],[126.93193,37.50334],[126.93186,37.50359],[126.9315,37.50366],[126.93197,37.50371],[126.93235,37.50386],[126.93244,37.50419],[126.93193,37.50398],[126.93155,37.50398],[126.93129,37.50408],[126.93069,37.50489],[126.93061,37.50518],[126.93093,37.50602],[126.93081,37.50627],[126.93064,37.50638],[126.93043,37.50638],[126.93016,37.50624],[126.92996,37.50624],[126.92986,37.50648],[126.92971,37.50654],[126.92957,37.50681],[126.92911,37.50715],[126.93027,37.50785],[126.92863,37.50915],[126.92832,37.50927],[126.92856,37.50964],[126.92901,37.51012],[126.9307,37.51167],[126.93022,37.51178],[126.92989,37.5125],[126.92981,37.51323],[126.92942,37.51323],[126.92935,37.51331],[126.92951,37.51353],[126.92843,37.51349],[126.93165,37.51433],[126.93286,37.51452],[126.93259,37.51464],[126.9325,37.51482],[126.93239,37.51558],[126.93414,37.51591],[126.93858,37.51605]]]}},{"type":"Feature","properties":{"name":"서울도신초등학교","kind":"zone","note":"학구도안내서비스 2026-03-20 기준 (교육청 공식)","shared":false},"geometry":{"type":"Polygon","coordinates":[[[126.90541,37.49967],[126.90856,37.49933],[126.90818,37.49821],[126.90814,37.4978],[126.90823,37.49738],[126.90755,37.49714],[126.907,37.49721],[126.90458,37.49565],[126.90491,37.4955],[126.90492,37.49543],[126.90473,37.49541],[126.90427,37.49514],[126.90392,37.4952],[126.90363,37.495],[126.90295,37.49557],[126.90273,37.49554],[126.90245,37.49573],[126.90201,37.49613],[126.89993,37.49486],[126.89771,37.49993],[126.89792,37.5001],[126.90045,37.50296],[126.90381,37.50015],[126.90442,37.49987],[126.90541,37.49967]]]}},{"type":"Feature","properties":{"name":"서울방현초등학교 · 서울방일초등학교","kind":"zone","note":"학구도안내서비스 2026-03-20 기준 (교육청 공식)","shared":true},"geometry":{"type":"Polygon","coordinates":[[[126.99554,37.47947],[126.99551,37.47824],[126.9959,37.47721],[126.99578,37.47714],[126.99578,37.47735],[126.99483,37.47694],[126.99465,37.47731],[126.99453,37.47737],[126.99425,37.47734],[126.99398,37.47856],[126.99374,37.47903],[126.99316,37.47924],[126.99296,37.4792],[126.99262,37.47984],[126.99763,37.48148],[126.99817,37.48066],[126.99596,37.47998],[126.99573,37.47983],[126.99577,37.47954],[126.99554,37.47947]]]}},{"type":"Feature","properties":{"name":"서울세명초등학교","kind":"zone","note":"학구도안내서비스 2026-03-20 기준 (교육청 공식)","shared":false},"geometry":{"type":"Polygon","coordinates":[[[127.09253,37.46825],[127.09303,37.46804],[127.09343,37.46823],[127.09389,37.46835],[127.09414,37.46857],[127.09571,37.4685],[127.09576,37.46874],[127.0978,37.46846],[127.09908,37.46862],[127.09912,37.46846],[127.09953,37.46837],[127.09963,37.4686],[127.09955,37.4689],[127.09957,37.46913],[127.09972,37.4693],[127.09984,37.46935],[127.0998,37.46951],[127.10092,37.46962],[127.10105,37.46857],[127.10115,37.46845],[127.10098,37.46831],[127.10116,37.46798],[127.10135,37.4679],[127.10181,37.46828],[127.10236,37.46859],[127.10254,37.46842],[127.10254,37.46826],[127.10263,37.46805],[127.10301,37.46776],[127.10409,37.46793],[127.10425,37.46787],[127.10424,37.46781],[127.10407,37.46772],[127.10405,37.4675],[127.10375,37.46727],[127.1037,37.46716],[127.10374,37.46682],[127.10392,37.46631],[127.10387,37.46514],[127.09947,37.46557],[127.0978,37.46564],[127.09703,37.46553],[127.09573,37.46521],[127.09205,37.46402],[127.09203,37.46479],[127.09193,37.46514],[127.09162,37.46563],[127.09112,37.46611],[127.09044,37.46702],[127.09017,37.46705],[127.08971,37.46734],[127.08946,37.46757],[127.08904,37.46824],[127.08898,37.46812],[127.08845,37.4681],[127.08816,37.46832],[127.08781,37.46914],[127.08759,37.46932],[127.08753,37.46976],[127.08719,37.46988],[127.08671,37.47066],[127.08675,37.47132],[127.08702,37.47157],[127.08713,37.47157],[127.08723,37.47173],[127.08899,37.47278],[127.0901,37.47311],[127.09017,37.47215],[127.09042,37.47181],[127.0913,37.47178],[127.09242,37.47099],[127.0919,37.47026],[127.09175,37.46971],[127.09175,37.4694],[127.09196,37.46877],[127.09212,37.46855],[127.09253,37.46825]]]}},{"type":"Feature","properties":{"name":"서울문성초등학교","kind":"zone","note":"학구도안내서비스 2026-03-20 기준 (교육청 공식)","shared":false},"geometry":{"type":"Polygon","coordinates":[[[126.90352,37.47584],[126.90318,37.47235],[126.90066,37.47263],[126.90044,37.47129],[126.89728,37.4715],[126.89653,37.47175],[126.89616,37.47196],[126.89589,37.47223],[126.89408,37.47453],[126.89667,37.47582],[126.89729,37.47593],[126.89861,37.4758],[126.89895,37.47894],[126.90391,37.47987],[126.90352,37.47584]]]}},{"type":"Feature","properties":{"name":"서울서일초등학교","kind":"zone","note":"학구도안내서비스 2026-03-20 기준 (교육청 공식)","shared":false},"geometry":{"type":"Polygon","coordinates":[[[127.02399,37.48891],[127.02457,37.4874],[127.03162,37.48955],[127.034,37.48455],[127.0329,37.48435],[127.01937,37.4825],[127.0179,37.48212],[127.01433,37.48104],[127.01498,37.48232],[127.01482,37.48325],[127.01687,37.48407],[127.01491,37.48728],[127.01471,37.48781],[127.0146,37.48838],[127.01731,37.48919],[127.01802,37.48776],[127.01997,37.48786],[127.02073,37.48791],[127.022,37.48824],[127.02249,37.4881],[127.02284,37.48823],[127.02238,37.48922],[127.02287,37.48935],[127.02373,37.48957],[127.02399,37.48891]]]}},{"type":"Feature","properties":{"name":"서울연지초등학교","kind":"zone","note":"학구도안내서비스 2026-03-20 기준 (교육청 공식)","shared":false},"geometry":{"type":"Polygon","coordinates":[[[127.05882,37.63757],[127.05975,37.63608],[127.06027,37.63546],[127.06084,37.63486],[127.06312,37.63276],[127.05906,37.63023],[127.05927,37.62951],[127.05988,37.62797],[127.05965,37.62801],[127.05944,37.62786],[127.05892,37.62717],[127.058,37.62647],[127.05577,37.62527],[127.05562,37.62644],[127.0552,37.62779],[127.05704,37.62895],[127.05597,37.63003],[127.05552,37.62947],[127.05499,37.629],[127.05398,37.63005],[127.0527,37.63154],[127.05237,37.63239],[127.05222,37.63365],[127.0522,37.63415],[127.05232,37.63536],[127.05251,37.63613],[127.05248,37.63643],[127.05239,37.63657],[127.05257,37.6381],[127.05244,37.6387],[127.05223,37.63908],[127.05444,37.63993],[127.05473,37.64014],[127.05558,37.64053],[127.05598,37.63994],[127.05804,37.63831],[127.05882,37.63757]]]}},{"type":"Feature","properties":{"name":"서울성북초등학교","kind":"zone","note":"학구도안내서비스 2026-03-20 기준 (교육청 공식)","shared":false},"geometry":{"type":"Polygon","coordinates":[[[126.98908,37.6039],[126.98983,37.60389],[126.99085,37.60405],[126.99141,37.60375],[126.99173,37.60377],[126.99281,37.60354],[126.99381,37.60295],[126.9941,37.60294],[126.99419,37.60276],[126.99471,37.60248],[126.99555,37.60271],[126.99574,37.60263],[126.99599,37.60236],[126.99628,37.60225],[126.9978,37.60195],[126.99885,37.60147],[126.99989,37.60167],[127.00072,37.60163],[127.00111,37.60132],[127.00124,37.60081],[127.00178,37.60027],[127.00209,37.59948],[127.00247,37.59947],[127.00346,37.59822],[127.00445,37.59741],[127.00449,37.59732],[127.0047,37.59719],[127.00555,37.59709],[127.00555,37.597],[127.00596,37.59692],[127.00645,37.59645],[127.00689,37.59657],[127.00716,37.59654],[127.00778,37.59605],[127.00797,37.59553],[127.00832,37.59417],[127.00818,37.59335],[127.00836,37.59303],[127.00817,37.59273],[127.00753,37.59232],[127.00726,37.59193],[127.00691,37.59101],[127.0066,37.59079],[127.00629,37.59073],[127.00623,37.5904],[127.0057,37.5902],[127.00559,37.59007],[127.0056,37.58997],[127.00573,37.58988],[127.00517,37.58936],[127.0053,37.58917],[127.0061,37.58858],[127.00493,37.58811],[127.00498,37.58803],[127.00406,37.58769],[127.004,37.5878],[127.00389,37.58775],[127.00399,37.58794],[127.00392,37.58803],[127.00369,37.58804],[127.00352,37.58815],[127.00339,37.58857],[127.00328,37.58866],[127.00282,37.58877],[127.00234,37.58904],[127.00221,37.5895],[127.00193,37.58996],[127.00147,37.59015],[127.00146,37.59055],[127.00161,37.5908],[127.00178,37.59083],[127.00189,37.59122],[127.00173,37.59135],[127.00137,37.59191],[127.00113,37.5921],[127.00098,37.59236],[126.99927,37.5923],[126.99873,37.59247],[126.99847,37.59247],[126.99744,37.59222],[126.99686,37.59222],[126.99669,37.59209],[126.9964,37.59205],[126.99536,37.59228],[126.99475,37.59168],[126.99431,37.59145],[126.99382,37.59145],[126.99367,37.59152],[126.99356,37.59173],[126.99216,37.59199],[126.99186,37.59186],[126.99164,37.59147],[126.99143,37.59141],[126.99097,37.59153],[126.98987,37.59147],[126.98922,37.59126],[126.98852,37.59194],[126.98775,37.59226],[126.98717,37.59272],[126.9867,37.59275],[126.98627,37.59328],[126.98612,37.59378],[126.9859,37.59401],[126.98578,37.59425],[126.98543,37.59445],[126.98515,37.5945],[126.9845,37.59437],[126.98384,37.59444],[126.98347,37.59468],[126.98292,37.59478],[126.98276,37.59487],[126.98248,37.5952],[126.98149,37.59534],[126.98091,37.59584],[126.98026,37.59595],[126.97979,37.59622],[126.97911,37.59639],[126.97874,37.59663],[126.97857,37.59679],[126.97855,37.59699],[126.97863,37.59706],[126.97857,37.59725],[126.97795,37.59768],[126.9773,37.59766],[126.9769,37.59772],[126.97672,37.59791],[126.97714,37.59846],[126.97741,37.5991],[126.97742,37.59942],[126.97768,37.60023],[126.97794,37.60031],[126.97825,37.6008],[126.9785,37.601],[126.97921,37.60104],[126.9795,37.60122],[126.9798,37.60126],[126.98013,37.60146],[126.98047,37.60147],[126.98067,37.60162],[126.98257,37.60226],[126.98285,37.60214],[126.98398,37.60321],[126.98434,37.60312],[126.98474,37.60337],[126.98576,37.60345],[126.98593,37.60364],[126.98665,37.60402],[126.98718,37.60388],[126.98759,37.60399],[126.9882,37.604],[126.9884,37.60422],[126.98852,37.6042],[126.98868,37.60402],[126.98908,37.6039]]]}},{"type":"Feature","properties":{"name":"서울목운초등학교","kind":"zone","note":"학구도안내서비스 2026-03-20 기준 (교육청 공식)","shared":false},"geometry":{"type":"Polygon","coordinates":[[[126.8898,37.53045],[126.88954,37.53],[126.88935,37.53017],[126.88894,37.53033],[126.88846,37.53041],[126.88769,37.53037],[126.88715,37.53018],[126.886,37.52945],[126.88515,37.52915],[126.88418,37.52867],[126.88391,37.52839],[126.88388,37.52791],[126.88375,37.52759],[126.88362,37.52745],[126.88328,37.52727],[126.88273,37.52725],[126.88191,37.52763],[126.88135,37.52778],[126.88118,37.52779],[126.8808,37.52765],[126.8806,37.52742],[126.88062,37.52727],[126.88068,37.52711],[126.88117,37.52654],[126.88112,37.52614],[126.88094,37.52591],[126.88071,37.52578],[126.87933,37.52573],[126.87882,37.52543],[126.87861,37.52507],[126.87861,37.52468],[126.87887,37.52405],[126.87159,37.52503],[126.86802,37.52562],[126.86844,37.52714],[126.86709,37.52736],[126.86758,37.52778],[126.86813,37.52796],[126.86838,37.52916],[126.86752,37.52927],[126.86748,37.52908],[126.86662,37.52919],[126.86656,37.52901],[126.86561,37.52913],[126.86601,37.52982],[126.86673,37.53021],[126.88048,37.53188],[126.8823,37.53188],[126.88351,37.53178],[126.8898,37.53045]]]}},{"type":"Feature","properties":{"name":"서울당산초등학교 · 서울선유초등학교","kind":"zone","note":"학구도안내서비스 2026-03-20 기준 (교육청 공식)","shared":true},"geometry":{"type":"Polygon","coordinates":[[[126.89585,37.53798],[126.89708,37.53737],[126.89556,37.53549],[126.89436,37.53609],[126.89492,37.53679],[126.89355,37.53747],[126.89178,37.53527],[126.89163,37.5359],[126.89094,37.53736],[126.89199,37.53771],[126.89322,37.53932],[126.8945,37.53865],[126.89555,37.53819],[126.89585,37.53798]]]}},{"type":"Feature","properties":{"name":"서울화곡초등학교 · 서울화일초등학교","kind":"zone","note":"학구도안내서비스 2026-03-20 기준 (교육청 공식)","shared":true},"geometry":{"type":"Polygon","coordinates":[[[126.85092,37.542],[126.85125,37.54098],[126.85233,37.54098],[126.85268,37.54141],[126.85406,37.54107],[126.85398,37.54075],[126.85381,37.54055],[126.8527,37.54011],[126.8521,37.53955],[126.85173,37.53943],[126.85178,37.53955],[126.8503,37.54191],[126.8505,37.542],[126.85092,37.542]]]}},{"type":"Feature","properties":{"name":"서울북가좌초등학교","kind":"zone","note":"학구도안내서비스 2026-03-20 기준 (교육청 공식)","shared":false},"geometry":{"type":"Polygon","coordinates":[[[126.91493,37.57591],[126.91455,37.57554],[126.91448,37.57536],[126.91424,37.57525],[126.91333,37.57412],[126.91328,37.57351],[126.91351,37.57285],[126.91233,37.57269],[126.9112,37.57213],[126.91209,37.57125],[126.91159,37.57082],[126.90979,37.57099],[126.90879,37.57145],[126.90776,37.57212],[126.90666,37.57296],[126.90304,37.57531],[126.90208,37.576],[126.90264,37.57639],[126.90183,37.57654],[126.90417,37.57874],[126.90415,37.57851],[126.9121,37.58602],[126.91329,37.58549],[126.91142,37.58374],[126.91338,37.58238],[126.91427,37.58162],[126.91378,37.58145],[126.91502,37.57925],[126.91476,37.57867],[126.91556,37.57854],[126.91532,37.57744],[126.9152,37.5772],[126.91523,37.57702],[126.91507,37.57604],[126.91493,37.57591]]]}},{"type":"Feature","properties":{"name":"서울오현초등학교","kind":"zone","note":"학구도안내서비스 2026-03-20 기준 (교육청 공식)","shared":false},"geometry":{"type":"Polygon","coordinates":[[[127.04899,37.62537],[127.04927,37.62485],[127.04974,37.62427],[127.04772,37.62312],[127.04656,37.62235],[127.04608,37.62188],[127.04571,37.62136],[127.04468,37.61944],[127.04395,37.61864],[127.04097,37.61657],[127.04041,37.61611],[127.0399,37.61554],[127.03971,37.61568],[127.03936,37.61573],[127.03927,37.61584],[127.03883,37.61604],[127.03881,37.61637],[127.03864,37.61648],[127.03853,37.6167],[127.0386,37.61701],[127.03802,37.61704],[127.03793,37.61683],[127.03768,37.61655],[127.03725,37.61695],[127.03718,37.61705],[127.03729,37.61793],[127.03759,37.61798],[127.03744,37.61855],[127.03714,37.61848],[127.03689,37.61861],[127.03636,37.61869],[127.0362,37.61859],[127.03614,37.61869],[127.03688,37.61985],[127.03757,37.62141],[127.03765,37.62351],[127.03877,37.6239],[127.03881,37.62538],[127.03931,37.62517],[127.04032,37.62629],[127.03984,37.62705],[127.04079,37.62738],[127.04121,37.62744],[127.04237,37.62825],[127.04278,37.62841],[127.04336,37.62846],[127.0438,37.62859],[127.04436,37.62888],[127.04634,37.62793],[127.04706,37.62752],[127.04753,37.62709],[127.04804,37.62645],[127.04865,37.62584],[127.04899,37.62537]]]}},{"type":"Feature","properties":{"name":"서울정덕초등학교","kind":"zone","note":"학구도안내서비스 2026-03-20 기준 (교육청 공식)","shared":false},"geometry":{"type":"Polygon","coordinates":[[[127.01389,37.60112],[127.01411,37.6008],[127.01398,37.60063],[127.01408,37.6002],[127.01476,37.60033],[127.01533,37.60017],[127.01549,37.60053],[127.01594,37.60048],[127.01712,37.59968],[127.01834,37.59913],[127.01826,37.59896],[127.01849,37.59883],[127.01841,37.59869],[127.0185,37.59861],[127.01874,37.59862],[127.0188,37.59848],[127.01863,37.59835],[127.01861,37.59823],[127.0194,37.59831],[127.01977,37.59845],[127.02067,37.59831],[127.02116,37.59804],[127.0213,37.59815],[127.02174,37.59817],[127.02152,37.59714],[127.0214,37.59681],[127.02108,37.59632],[127.0179,37.59349],[127.01746,37.59319],[127.0174,37.59331],[127.01645,37.5928],[127.01589,37.59548],[127.01476,37.59516],[127.01426,37.59571],[127.0139,37.59588],[127.0132,37.5958],[127.01299,37.59572],[127.01219,37.59708],[127.00989,37.59686],[127.00982,37.59738],[127.00976,37.5974],[127.00932,37.597],[127.00926,37.59677],[127.00911,37.59676],[127.00904,37.59681],[127.00899,37.59709],[127.00887,37.59707],[127.0088,37.59716],[127.00875,37.59738],[127.00854,37.5974],[127.00855,37.59747],[127.0084,37.59743],[127.00828,37.59729],[127.00834,37.59719],[127.00814,37.59659],[127.00816,37.59643],[127.00861,37.5963],[127.00871,37.59608],[127.00869,37.59595],[127.0083,37.59593],[127.00773,37.59607],[127.00721,37.59652],[127.00707,37.59657],[127.00645,37.59645],[127.00596,37.59692],[127.00555,37.597],[127.00573,37.5976],[127.00632,37.5977],[127.00704,37.59865],[127.00754,37.59879],[127.00782,37.59877],[127.009,37.59897],[127.00919,37.59907],[127.00929,37.59921],[127.00935,37.60008],[127.00942,37.60028],[127.01054,37.60104],[127.01078,37.60113],[127.0112,37.60117],[127.01128,37.60111],[127.01132,37.60118],[127.01181,37.60122],[127.01201,37.60134],[127.01252,37.60189],[127.01299,37.60195],[127.01333,37.60182],[127.01389,37.60112]]]}},{"type":"Feature","properties":{"name":"서울청덕초등학교","kind":"zone","note":"학구도안내서비스 2026-03-20 기준 (교육청 공식)","shared":false},"geometry":{"type":"Polygon","coordinates":[[[126.99627,37.61648],[126.99883,37.61644],[126.99915,37.61649],[126.99934,37.61673],[127.00071,37.61679],[127.00093,37.61677],[127.00172,37.61647],[127.00252,37.61646],[127.00305,37.61634],[127.00348,37.61606],[127.00418,37.61574],[127.00587,37.61534],[127.00609,37.61483],[127.00625,37.61374],[127.00645,37.61343],[127.00675,37.61367],[127.00739,37.61334],[127.0077,37.61373],[127.00808,37.61357],[127.00823,37.61382],[127.00867,37.61389],[127.00878,37.61407],[127.00973,37.61349],[127.0096,37.61332],[127.00962,37.61317],[127.00981,37.61288],[127.01018,37.61283],[127.01031,37.61305],[127.01032,37.61364],[127.01062,37.61398],[127.0114,37.61331],[127.01168,37.6129],[127.01183,37.61254],[127.01185,37.61218],[127.01177,37.61195],[127.01159,37.61181],[127.01122,37.6117],[127.0111,37.61134],[127.01128,37.61122],[127.01145,37.61093],[127.01185,37.61104],[127.01217,37.61122],[127.01297,37.61103],[127.01229,37.61054],[127.01207,37.61075],[127.01199,37.61069],[127.01209,37.6106],[127.01193,37.6105],[127.01198,37.61034],[127.01196,37.61005],[127.0117,37.60965],[127.01165,37.60958],[127.01113,37.60955],[127.01116,37.60939],[127.01154,37.60936],[127.01134,37.60927],[127.01158,37.60899],[127.01158,37.60841],[127.01138,37.60841],[127.01138,37.60833],[127.011,37.6083],[127.01091,37.60819],[127.0107,37.60814],[127.01075,37.60804],[127.01057,37.60799],[127.01054,37.60807],[127.01016,37.60797],[127.01001,37.60834],[127.00941,37.60844],[127.00925,37.60864],[127.00895,37.60868],[127.00926,37.60766],[127.00935,37.60641],[127.0093,37.60616],[127.00869,37.60618],[127.00798,37.60601],[127.00786,37.60611],[127.00757,37.60667],[127.00724,37.60698],[127.00628,37.6075],[127.0057,37.60758],[127.00539,37.60769],[127.00463,37.60854],[127.00448,37.60864],[127.00416,37.60868],[127.00397,37.6086],[127.00345,37.60804],[127.00354,37.60765],[127.00373,37.6077],[127.00376,37.60754],[127.00415,37.60675],[127.00434,37.6059],[127.00429,37.60491],[127.00368,37.60467],[127.00305,37.60466],[127.00299,37.60443],[127.00141,37.6041],[127.00117,37.60359],[127.00014,37.60303],[126.99773,37.60209],[126.99763,37.60199],[126.99628,37.60225],[126.99599,37.60236],[126.99574,37.60263],[126.99555,37.60271],[126.99471,37.60248],[126.99419,37.60276],[126.9941,37.60294],[126.99381,37.60295],[126.99281,37.60354],[126.99173,37.60377],[126.99141,37.60375],[126.99085,37.60405],[126.98983,37.60389],[126.9892,37.60387],[126.98868,37.60402],[126.98852,37.6042],[126.9884,37.60422],[126.9882,37.604],[126.98759,37.60399],[126.98718,37.60388],[126.98667,37.60402],[126.98679,37.60451],[126.98667,37.60507],[126.98676,37.60609],[126.98631,37.60651],[126.98637,37.60686],[126.98611,37.60739],[126.98625,37.60772],[126.9867,37.60828],[126.98683,37.60887],[126.9863,37.60915],[126.98587,37.60946],[126.98579,37.6109],[126.98565,37.61138],[126.98618,37.61298],[126.98614,37.61322],[126.98641,37.61355],[126.98658,37.61398],[126.98541,37.61514],[126.98516,37.6155],[126.98454,37.616],[126.9844,37.61687],[126.98372,37.61777],[126.98316,37.61925],[126.98317,37.6202],[126.98365,37.62115],[126.98183,37.62432],[126.98091,37.62539],[126.9796,37.62638],[126.97987,37.62745],[126.98019,37.62793],[126.98,37.62838],[126.98101,37.6289],[126.9819,37.62925],[126.98303,37.62903],[126.9841,37.62849],[126.98451,37.62794],[126.98458,37.6275],[126.98599,37.62608],[126.98661,37.626],[126.98726,37.62581],[126.99324,37.62148],[126.99342,37.62097],[126.99377,37.62058],[126.99408,37.62043],[126.99487,37.62027],[126.995,37.62],[126.99523,37.61987],[126.99545,37.61955],[126.99517,37.61936],[126.99517,37.61835],[126.99603,37.61723],[126.99627,37.61648]]]}},{"type":"Feature","properties":{"name":"서울남부초등학교","kind":"zone","note":"학구도안내서비스 2026-03-20 기준 (교육청 공식)","shared":false},"geometry":{"type":"Polygon","coordinates":[[[126.92395,37.48905],[126.92407,37.48863],[126.92547,37.48887],[126.92586,37.48754],[126.9272,37.48777],[126.92731,37.48736],[126.92742,37.48724],[126.92783,37.48622],[126.92796,37.48605],[126.92821,37.48597],[126.92755,37.48576],[126.92778,37.48494],[126.92957,37.48527],[126.9297,37.48427],[126.92589,37.48377],[126.92503,37.48306],[126.92327,37.48273],[126.92364,37.48147],[126.92356,37.48144],[126.92245,37.48124],[126.92233,37.48158],[126.92238,37.48177],[126.92176,37.48222],[126.92196,37.4825],[126.92024,37.48218],[126.92057,37.48106],[126.91887,37.48073],[126.91853,37.48187],[126.91464,37.48116],[126.91437,37.48247],[126.91497,37.48259],[126.91487,37.48307],[126.91576,37.48323],[126.91685,37.4845],[126.91637,37.48477],[126.91723,37.48493],[126.91671,37.4868],[126.91767,37.48698],[126.91737,37.48808],[126.91751,37.48836],[126.91769,37.48819],[126.91824,37.488],[126.91857,37.48826],[126.91817,37.49],[126.92269,37.49008],[126.92383,37.48998],[126.92384,37.48947],[126.92395,37.48905]]]}},{"type":"Feature","properties":{"name":"서울공진초등학교","kind":"zone","note":"학구도안내서비스 2026-03-20 기준 (교육청 공식)","shared":false},"geometry":{"type":"Polygon","coordinates":[[[126.82335,37.56005],[126.82985,37.5594],[126.82935,37.55525],[126.82401,37.55553],[126.82243,37.55685],[126.82041,37.55527],[126.8191,37.55437],[126.81648,37.55226],[126.81638,37.55711],[126.81647,37.56075],[126.82335,37.56005]]]}},{"type":"Feature","properties":{"name":"서울삼성초등학교","kind":"zone","note":"학구도안내서비스 2026-03-20 기준 (교육청 공식)","shared":false},"geometry":{"type":"Polygon","coordinates":[[[126.9525,37.471],[126.95305,37.47103],[126.95325,37.47083],[126.95373,37.46894],[126.95396,37.46878],[126.9542,37.46795],[126.95516,37.46716],[126.9551,37.46695],[126.95545,37.46637],[126.95569,37.46607],[126.95616,37.4658],[126.95568,37.46438],[126.95605,37.46385],[126.95557,37.46269],[126.95695,37.46077],[126.9569,37.46063],[126.9571,37.45976],[126.95729,37.45964],[126.95753,37.45964],[126.9596,37.45801],[126.96165,37.45612],[126.96546,37.45499],[126.96661,37.45607],[126.96764,37.45583],[126.96839,37.45405],[126.96877,37.45283],[126.97031,37.45103],[126.97057,37.44945],[126.96766,37.44838],[126.96429,37.44627],[126.96393,37.44521],[126.96442,37.44431],[126.9643,37.44377],[126.96438,37.44258],[126.96463,37.44204],[126.96378,37.44129],[126.9638,37.44079],[126.96294,37.44028],[126.96176,37.44028],[126.96006,37.4404],[126.95954,37.43998],[126.95897,37.43907],[126.95637,37.43875],[126.95511,37.43869],[126.9539,37.43901],[126.95241,37.43919],[126.95147,37.43858],[126.95116,37.43844],[126.95093,37.43873],[126.95003,37.43862],[126.94984,37.43838],[126.94928,37.43825],[126.94877,37.43865],[126.94836,37.43871],[126.94785,37.43849],[126.94679,37.43817],[126.94659,37.43793],[126.94568,37.43731],[126.94509,37.43709],[126.94198,37.43751],[126.94142,37.4374],[126.9411,37.43692],[126.94053,37.43628],[126.94043,37.4358],[126.94022,37.43571],[126.93936,37.43603],[126.93862,37.43603],[126.93857,37.43642],[126.93833,37.43665],[126.93801,37.43719],[126.93775,37.43739],[126.93774,37.43788],[126.93756,37.43833],[126.93727,37.43863],[126.93725,37.43921],[126.93769,37.43968],[126.93786,37.4402],[126.93735,37.44087],[126.93681,37.44144],[126.93665,37.44175],[126.9362,37.44195],[126.93599,37.44214],[126.93564,37.44218],[126.9349,37.44321],[126.93456,37.4432],[126.93403,37.44349],[126.93322,37.44408],[126.93175,37.44498],[126.93055,37.44547],[126.93016,37.44638],[126.93028,37.44662],[126.93037,37.4477],[126.93017,37.44838],[126.92929,37.44947],[126.92899,37.44963],[126.92891,37.44987],[126.9284,37.45021],[126.92851,37.45055],[126.92847,37.45074],[126.92957,37.45061],[126.93058,37.45087],[126.93142,37.45156],[126.93208,37.45233],[126.93297,37.45198],[126.93379,37.45184],[126.93415,37.45145],[126.93442,37.45085],[126.9347,37.451],[126.93486,37.45139],[126.93542,37.45188],[126.93626,37.45209],[126.93624,37.45275],[126.93642,37.45315],[126.93671,37.45354],[126.93687,37.4539],[126.93687,37.45406],[126.93717,37.45463],[126.93703,37.45503],[126.93705,37.45555],[126.93789,37.45596],[126.93829,37.45687],[126.93858,37.45733],[126.93863,37.45774],[126.93843,37.45837],[126.93852,37.45859],[126.9388,37.45891],[126.93849,37.45991],[126.93893,37.46001],[126.93961,37.45999],[126.93948,37.46015],[126.93902,37.46025],[126.93936,37.46071],[126.93913,37.46104],[126.93894,37.46156],[126.93825,37.46165],[126.93776,37.46121],[126.93741,37.4613],[126.93687,37.46188],[126.93689,37.46199],[126.93669,37.4626],[126.93588,37.46285],[126.93561,37.46307],[126.93544,37.46339],[126.93524,37.46344],[126.93498,37.46387],[126.93442,37.46418],[126.93416,37.46451],[126.93409,37.46469],[126.93436,37.46516],[126.93378,37.46559],[126.93359,37.46559],[126.93356,37.466],[126.9334,37.46614],[126.93237,37.46608],[126.93234,37.46595],[126.93169,37.4658],[126.9316,37.46567],[126.93144,37.46562],[126.93139,37.46626],[126.93152,37.46706],[126.93405,37.47168],[126.93471,37.47135],[126.93539,37.47113],[126.93904,37.47067],[126.93984,37.47063],[126.94243,37.47087],[126.94342,37.4707],[126.94425,37.47021],[126.94576,37.46908],[126.9473,37.46781],[126.94783,37.46755],[126.94883,37.46737],[126.94924,37.46742],[126.9502,37.46781],[126.9513,37.4685],[126.95175,37.46906],[126.9525,37.471]]]}},{"type":"Feature","properties":{"name":"서울구암초등학교","kind":"zone","note":"학구도안내서비스 2026-03-20 기준 (교육청 공식)","shared":false},"geometry":{"type":"Polygon","coordinates":[[[126.94793,37.49371],[126.94833,37.49369],[126.94878,37.49382],[126.94881,37.49314],[126.94942,37.49297],[126.94957,37.49274],[126.94996,37.49258],[126.95169,37.49218],[126.95206,37.49193],[126.95224,37.49166],[126.9528,37.49147],[126.95285,37.49133],[126.95371,37.49063],[126.95367,37.49007],[126.95361,37.48997],[126.95351,37.48998],[126.95347,37.48974],[126.95298,37.48912],[126.95285,37.4887],[126.95239,37.48833],[126.95198,37.48777],[126.95227,37.48677],[126.95232,37.48633],[126.94587,37.48703],[126.94534,37.487],[126.94492,37.48689],[126.9447,37.48721],[126.94464,37.48774],[126.94475,37.48821],[126.94482,37.48821],[126.94489,37.48852],[126.9449,37.48891],[126.94459,37.48915],[126.94409,37.48922],[126.94399,37.48931],[126.94395,37.48962],[126.94372,37.48979],[126.94363,37.49008],[126.94338,37.49032],[126.94261,37.49078],[126.94241,37.49125],[126.94195,37.49189],[126.94194,37.4922],[126.94229,37.49224],[126.94262,37.49215],[126.94284,37.49216],[126.94337,37.49226],[126.94396,37.4925],[126.94444,37.4925],[126.94446,37.49308],[126.94454,37.49314],[126.94549,37.49335],[126.94587,37.49353],[126.9461,37.4935],[126.94679,37.4939],[126.94697,37.49408],[126.94717,37.494],[126.94753,37.49372],[126.94793,37.49371]]]}},{"type":"Feature","properties":{"name":"서울성서초등학교","kind":"zone","note":"학구도안내서비스 2026-03-20 기준 (교육청 공식)","shared":false},"geometry":{"type":"Polygon","coordinates":[[[126.91411,37.5627],[126.91424,37.56256],[126.91482,37.56286],[126.91377,37.56403],[126.91441,37.56437],[126.91514,37.56447],[126.91503,37.56508],[126.91828,37.56549],[126.91889,37.56474],[126.91957,37.56513],[126.92115,37.56321],[126.91932,37.56211],[126.92076,37.5606],[126.91857,37.55932],[126.91844,37.55909],[126.91801,37.55867],[126.91619,37.55763],[126.91535,37.55765],[126.91362,37.55675],[126.91219,37.55623],[126.9116,37.5561],[126.91118,37.55734],[126.90996,37.55708],[126.90946,37.5568],[126.90355,37.56337],[126.9115,37.56556],[126.91411,37.5627]]]}},{"type":"Feature","properties":{"name":"서울영남초등학교","kind":"zone","note":"학구도안내서비스 2026-03-20 기준 (교육청 공식)","shared":false},"geometry":{"type":"Polygon","coordinates":[[[126.909,37.48001],[126.9091,37.47964],[126.90882,37.47955],[126.90871,37.47906],[126.9095,37.47803],[126.9099,37.47758],[126.91072,37.47723],[126.9118,37.47738],[126.9118,37.47687],[126.91139,37.47699],[126.91138,37.47712],[126.91055,37.47701],[126.91064,37.47656],[126.91045,37.47634],[126.91018,37.47627],[126.91012,37.47525],[126.90973,37.47512],[126.90897,37.47517],[126.90866,37.47615],[126.90606,37.47582],[126.90594,37.47575],[126.90574,37.47515],[126.90593,37.47476],[126.90607,37.47328],[126.90637,37.47198],[126.90318,37.47234],[126.90391,37.47987],[126.90524,37.48011],[126.90529,37.47999],[126.90552,37.47998],[126.90979,37.48077],[126.90993,37.48025],[126.90898,37.48009],[126.909,37.48001]]]}},{"type":"Feature","properties":{"name":"서울가인초등학교","kind":"zone","note":"학구도안내서비스 2026-03-20 기준 (교육청 공식)","shared":false},"geometry":{"type":"Polygon","coordinates":[[[127.0448,37.66182],[127.04494,37.66032],[127.04518,37.65926],[127.04614,37.65703],[127.04455,37.65676],[127.04409,37.65654],[127.04263,37.65635],[127.04247,37.65637],[127.04244,37.65676],[127.04183,37.65733],[127.04108,37.65728],[127.04003,37.65764],[127.03948,37.65672],[127.0351,37.65815],[127.0349,37.66045],[127.03508,37.66038],[127.03529,37.66045],[127.03555,37.66054],[127.03625,37.66097],[127.03704,37.66114],[127.03746,37.66168],[127.03803,37.66177],[127.04157,37.66174],[127.04476,37.66217],[127.0448,37.66182]]]}},{"type":"Feature","properties":{"name":"서울영일초등학교","kind":"zone","note":"학구도안내서비스 2026-03-20 기준 (교육청 공식)","shared":false},"geometry":{"type":"Polygon","coordinates":[[[126.883,37.49411],[126.88351,37.49279],[126.88399,37.49076],[126.88566,37.49082],[126.88568,37.4905],[126.88563,37.49049],[126.88562,37.4902],[126.8865,37.49009],[126.88504,37.48769],[126.88491,37.48758],[126.88603,37.48497],[126.88594,37.48494],[126.8861,37.48454],[126.88616,37.48455],[126.88633,37.48492],[126.88649,37.48499],[126.88757,37.48484],[126.8884,37.48462],[126.88732,37.48373],[126.88675,37.48341],[126.88718,37.48276],[126.88832,37.48138],[126.88753,37.48098],[126.88773,37.48075],[126.88773,37.48044],[126.88616,37.48235],[126.8857,37.4827],[126.88529,37.48233],[126.8851,37.48224],[126.88463,37.48234],[126.88296,37.48164],[126.88126,37.48518],[126.88111,37.48564],[126.88077,37.48576],[126.88034,37.48678],[126.8801,37.48787],[126.87977,37.49254],[126.88163,37.4927],[126.88224,37.4927],[126.88246,37.49305],[126.88288,37.49437],[126.883,37.49411]]]}},{"type":"Feature","properties":{"name":"서울목동초등학교","kind":"zone","note":"학구도안내서비스 2026-03-20 기준 (교육청 공식)","shared":false},"geometry":{"type":"Polygon","coordinates":[[[126.87908,37.52001],[126.8785,37.51966],[126.87832,37.51943],[126.87819,37.51905],[126.8782,37.51875],[126.87842,37.51825],[126.87862,37.51804],[126.8788,37.51791],[126.87932,37.51785],[126.87959,37.5177],[126.87954,37.51756],[126.87939,37.5175],[126.87873,37.51759],[126.87852,37.5175],[126.87859,37.5173],[126.87894,37.51708],[126.879,37.51691],[126.87605,37.51765],[126.87614,37.51889],[126.87624,37.51918],[126.87553,37.51988],[126.87491,37.51908],[126.87407,37.5199],[126.87333,37.51896],[126.87249,37.51979],[126.87249,37.51989],[126.8704,37.51979],[126.87067,37.52099],[126.8687,37.52131],[126.86968,37.52533],[126.87887,37.52405],[126.87892,37.52292],[126.87906,37.52254],[126.879,37.52246],[126.87915,37.52216],[126.87928,37.52166],[126.87944,37.5206],[126.8794,37.52036],[126.87908,37.52001]]]}},{"type":"Feature","properties":{"name":"서울매헌초등학교 · 서울언남초등학교","kind":"zone","note":"학구도안내서비스 2026-03-20 기준 (교육청 공식)","shared":true},"geometry":{"type":"Polygon","coordinates":[[[127.05343,37.4638],[127.05414,37.46371],[127.05453,37.46375],[127.05534,37.46356],[127.05566,37.46266],[127.05565,37.46247],[127.05517,37.46247],[127.0547,37.4624],[127.0537,37.46256],[127.0534,37.46242],[127.05283,37.46237],[127.05217,37.46183],[127.05035,37.46155],[127.04995,37.46135],[127.04817,37.46218],[127.04868,37.4623],[127.04943,37.46222],[127.04966,37.46287],[127.04992,37.46294],[127.05078,37.46304],[127.0512,37.4629],[127.05142,37.46289],[127.0522,37.46304],[127.05225,37.46353],[127.0532,37.46354],[127.05343,37.4638]]]}},{"type":"Feature","properties":{"name":"서울방이초등학교","kind":"zone","note":"학구도안내서비스 2026-03-20 기준 (교육청 공식)","shared":false},"geometry":{"type":"Polygon","coordinates":[[[127.12545,37.5128],[127.12429,37.51102],[127.12197,37.51195],[127.12116,37.51066],[127.11901,37.5115],[127.1167,37.50777],[127.11225,37.51032],[127.10814,37.51195],[127.10668,37.51545],[127.11269,37.51754],[127.1231,37.51374],[127.12545,37.5128]]]}},{"type":"Feature","properties":{"name":"서울초당초등학교","kind":"zone","note":"학구도안내서비스 2026-03-20 기준 (교육청 공식)","shared":false},"geometry":{"type":"Polygon","coordinates":[[[127.02227,37.6596],[127.02211,37.65899],[127.0222,37.65882],[127.02242,37.65865],[127.02274,37.65854],[127.02279,37.65828],[127.02647,37.65842],[127.02707,37.65832],[127.02778,37.65851],[127.02781,37.65772],[127.0297,37.65782],[127.02974,37.65756],[127.02992,37.65715],[127.02997,37.65642],[127.02789,37.65635],[127.02786,37.65672],[127.02593,37.65672],[127.0259,37.65647],[127.02246,37.65642],[127.02225,37.6562],[127.02171,37.65616],[127.02163,37.65619],[127.02162,37.65645],[127.02091,37.65633],[127.02088,37.65668],[127.02061,37.65667],[127.02061,37.65737],[127.01862,37.65734],[127.01867,37.65767],[127.01882,37.65775],[127.01927,37.65775],[127.01956,37.65789],[127.02027,37.65859],[127.02055,37.65877],[127.02065,37.65896],[127.02148,37.6593],[127.02166,37.65944],[127.02197,37.65947],[127.02221,37.65967],[127.02229,37.65966],[127.02227,37.6596]]]}},{"type":"Feature","properties":{"name":"서울염경초등학교 · 서울염동초등학교","kind":"zone","note":"학구도안내서비스 2026-03-20 기준 (교육청 공식)","shared":true},"geometry":{"type":"Polygon","coordinates":[[[126.87348,37.55275],[126.87271,37.55334],[126.87347,37.55392],[126.87407,37.55346],[126.87396,37.55323],[126.87377,37.55312],[126.87348,37.55275]]]}},{"type":"Feature","properties":{"name":"서울상도초등학교","kind":"zone","note":"학구도안내서비스 2026-03-20 기준 (교육청 공식)","shared":false},"geometry":{"type":"Polygon","coordinates":[[[126.93953,37.50561],[126.93971,37.50556],[126.93982,37.50517],[126.93965,37.50502],[126.93973,37.50493],[126.93898,37.50458],[126.93908,37.50441],[126.93901,37.50439],[126.93886,37.5046],[126.93726,37.50372],[126.93757,37.5035],[126.93751,37.5034],[126.93787,37.50311],[126.93798,37.50295],[126.93812,37.50289],[126.93854,37.50279],[126.93864,37.50294],[126.9388,37.50301],[126.93894,37.50291],[126.93982,37.5027],[126.93969,37.50258],[126.93961,37.50259],[126.93924,37.50214],[126.93907,37.50175],[126.93868,37.50143],[126.93857,37.50117],[126.93862,37.50114],[126.93852,37.50105],[126.93938,37.50049],[126.93981,37.50047],[126.94035,37.5003],[126.94095,37.5002],[126.9412,37.50023],[126.93984,37.49898],[126.93949,37.49876],[126.93972,37.49857],[126.93968,37.49852],[126.94,37.49781],[126.94034,37.49754],[126.9408,37.4974],[126.94087,37.49725],[126.94078,37.49689],[126.94121,37.49673],[126.94072,37.49616],[126.94039,37.49637],[126.94042,37.4962],[126.94034,37.49589],[126.93977,37.49451],[126.93997,37.49421],[126.93969,37.49301],[126.93989,37.49286],[126.93974,37.49279],[126.93972,37.49264],[126.93949,37.49247],[126.93944,37.4923],[126.93923,37.49221],[126.93883,37.49234],[126.93834,37.49237],[126.93815,37.49225],[126.93785,37.49224],[126.9376,37.49206],[126.93726,37.49193],[126.93655,37.49199],[126.93635,37.49206],[126.93615,37.49232],[126.93584,37.49242],[126.93537,37.49276],[126.93447,37.49304],[126.93402,37.49333],[126.93335,37.49362],[126.93314,37.49378],[126.93294,37.49416],[126.93267,37.4941],[126.93256,37.49441],[126.93159,37.49417],[126.93127,37.49506],[126.9301,37.49483],[126.92966,37.49463],[126.92959,37.495],[126.92938,37.49538],[126.92938,37.49575],[126.92944,37.49599],[126.92957,37.49595],[126.92975,37.49616],[126.9297,37.49697],[126.9301,37.49781],[126.92965,37.49781],[126.92916,37.49837],[126.92856,37.49887],[126.93008,37.49897],[126.93099,37.49918],[126.93184,37.49959],[126.93235,37.50005],[126.93193,37.5005],[126.93217,37.50065],[126.93199,37.50085],[126.93175,37.50078],[126.93098,37.50091],[126.93104,37.50101],[126.9309,37.50113],[126.93104,37.50129],[126.93065,37.50249],[126.93231,37.503],[126.93276,37.50301],[126.933,37.50272],[126.93362,37.50337],[126.9345,37.50286],[126.93534,37.50382],[126.93587,37.50424],[126.93644,37.50449],[126.93859,37.50491],[126.93926,37.50525],[126.93938,37.50566],[126.93953,37.50561]]]}},{"type":"Feature","properties":{"name":"서울문백초등학교","kind":"zone","note":"학구도안내서비스 2026-03-20 기준 (교육청 공식)","shared":false},"geometry":{"type":"Polygon","coordinates":[[[126.90244,37.44982],[126.90359,37.44677],[126.90386,37.44523],[126.90385,37.44453],[126.9031,37.43825],[126.90282,37.43817],[126.90184,37.43859],[126.90104,37.43858],[126.90067,37.43989],[126.89971,37.44188],[126.89853,37.44464],[126.8978,37.44519],[126.8973,37.44536],[126.89727,37.44544],[126.89676,37.4457],[126.89633,37.44573],[126.89578,37.44563],[126.89551,37.44578],[126.89531,37.44621],[126.89465,37.4467],[126.89475,37.44708],[126.8947,37.44734],[126.89473,37.44763],[126.895,37.44822],[126.89523,37.44837],[126.89558,37.44833],[126.89605,37.44804],[126.89614,37.45019],[126.89512,37.45259],[126.89756,37.45357],[126.90053,37.45475],[126.90244,37.44982]]]}},{"type":"Feature","properties":{"name":"서울신가초등학교","kind":"zone","note":"학구도안내서비스 2026-03-20 기준 (교육청 공식)","shared":false},"geometry":{"type":"Polygon","coordinates":[[[127.12438,37.49584],[127.12425,37.49573],[127.12411,37.49582],[127.12382,37.49556],[127.12394,37.49546],[127.12332,37.49494],[127.11879,37.49253],[127.11864,37.49269],[127.1187,37.49273],[127.11807,37.49326],[127.11403,37.49761],[127.11504,37.49827],[127.11876,37.5003],[127.12098,37.50187],[127.12183,37.50253],[127.12255,37.50322],[127.12368,37.50484],[127.12529,37.50388],[127.12816,37.50198],[127.12699,37.50074],[127.12666,37.5003],[127.1249,37.49667],[127.12438,37.49584]]]}},{"type":"Feature","properties":{"name":"서울잠일초등학교","kind":"zone","note":"학구도안내서비스 2026-03-20 기준 (교육청 공식)","shared":false},"geometry":{"type":"Polygon","coordinates":[[[127.08424,37.51696],[127.08556,37.51161],[127.08101,37.5118],[127.07831,37.5118],[127.07729,37.51646],[127.07732,37.51664],[127.07715,37.5175],[127.07823,37.51727],[127.08045,37.517],[127.08252,37.5169],[127.08424,37.51696]]]}},{"type":"Feature","properties":{"name":"서울갈현초등학교","kind":"zone","note":"학구도안내서비스 2026-03-20 기준 (교육청 공식)","shared":false},"geometry":{"type":"Polygon","coordinates":[[[126.91882,37.6317],[126.91922,37.63087],[126.91931,37.62952],[126.9195,37.6282],[126.92008,37.62603],[126.91976,37.62246],[126.91992,37.62131],[126.92016,37.62047],[126.92036,37.62009],[126.92137,37.61888],[126.92017,37.61843],[126.9181,37.61536],[126.9161,37.61621],[126.91526,37.61523],[126.91366,37.61591],[126.91251,37.61686],[126.9119,37.61754],[126.91041,37.61851],[126.90959,37.61894],[126.90934,37.6188],[126.90858,37.61942],[126.90809,37.61953],[126.9079,37.61947],[126.90763,37.61987],[126.90521,37.61987],[126.90561,37.6207],[126.90628,37.62135],[126.90712,37.62194],[126.90714,37.62331],[126.907,37.62394],[126.90663,37.6245],[126.90744,37.62509],[126.90779,37.6255],[126.9084,37.62599],[126.90861,37.62627],[126.9089,37.62746],[126.9088,37.62909],[126.90996,37.62922],[126.91113,37.62975],[126.912,37.63051],[126.91261,37.63067],[126.91375,37.63063],[126.91443,37.6309],[126.91515,37.6309],[126.91795,37.6327],[126.91847,37.63218],[126.91882,37.6317]]]}},{"type":"Feature","properties":{"name":"서울전농초등학교","kind":"zone","note":"학구도안내서비스 2026-03-20 기준 (교육청 공식)","shared":false},"geometry":{"type":"Polygon","coordinates":[[[127.04751,37.57983],[127.04848,37.57944],[127.0487,37.57953],[127.04996,37.57898],[127.04989,37.5789],[127.05012,37.57877],[127.05252,37.57755],[127.05472,37.57633],[127.05498,37.57617],[127.05523,37.5759],[127.05752,37.5774],[127.05781,37.57749],[127.05733,37.57186],[127.05611,37.57185],[127.05592,37.57292],[127.05382,37.57286],[127.0532,37.57295],[127.05251,37.57321],[127.04768,37.57598],[127.04502,37.57723],[127.04331,37.57834],[127.04251,37.57934],[127.04477,37.58004],[127.0459,37.5807],[127.04751,37.57983]]]}},{"type":"Feature","properties":{"name":"서울수암초등학교","kind":"zone","note":"학구도안내서비스 2026-03-20 기준 (교육청 공식)","shared":false},"geometry":{"type":"Polygon","coordinates":[[[127.07653,37.64617],[127.07659,37.64772],[127.07805,37.64809],[127.08064,37.648],[127.08077,37.64871],[127.08196,37.64966],[127.08203,37.64957],[127.08199,37.64934],[127.08226,37.64892],[127.08282,37.64858],[127.08317,37.64855],[127.08332,37.6484],[127.0832,37.64822],[127.08373,37.64806],[127.08437,37.64826],[127.08492,37.64814],[127.08541,37.64821],[127.0854,37.64768],[127.08502,37.64652],[127.08517,37.6466],[127.08556,37.64652],[127.08657,37.64585],[127.08706,37.64578],[127.08763,37.64549],[127.08848,37.64563],[127.08836,37.64493],[127.08916,37.6447],[127.08988,37.64392],[127.0898,37.64324],[127.09149,37.64207],[127.09141,37.64151],[127.09116,37.64128],[127.0906,37.64098],[127.09018,37.64106],[127.08936,37.64085],[127.08882,37.64083],[127.08758,37.64096],[127.08725,37.64085],[127.0871,37.6409],[127.08669,37.64072],[127.08605,37.64097],[127.08572,37.64096],[127.08556,37.64081],[127.08489,37.64064],[127.08474,37.64047],[127.08435,37.64039],[127.08414,37.64025],[127.08373,37.64027],[127.08366,37.64035],[127.08357,37.64029],[127.08337,37.64058],[127.08229,37.64144],[127.08191,37.64214],[127.08168,37.64234],[127.08145,37.64272],[127.08113,37.64281],[127.08104,37.64291],[127.08104,37.64325],[127.0809,37.64341],[127.08092,37.64373],[127.07997,37.64419],[127.0797,37.64425],[127.07922,37.64397],[127.07865,37.64424],[127.07799,37.64574],[127.07712,37.64611],[127.07683,37.64619],[127.07653,37.64617]]]}},{"type":"Feature","properties":{"name":"서울등현초등학교","kind":"zone","note":"학구도안내서비스 2026-03-20 기준 (교육청 공식)","shared":false},"geometry":{"type":"Polygon","coordinates":[[[126.84829,37.56359],[126.84942,37.56304],[126.84881,37.56202],[126.8486,37.56112],[126.84708,37.55882],[126.84361,37.55914],[126.84412,37.56069],[126.84539,37.56258],[126.84645,37.56323],[126.84714,37.56414],[126.84829,37.56359]]]}},{"type":"Feature","properties":{"name":"서울미양초등학교","kind":"zone","note":"학구도안내서비스 2026-03-20 기준 (교육청 공식)","shared":false},"geometry":{"type":"Polygon","coordinates":[[[127.01076,37.62271],[127.01094,37.62256],[127.01107,37.62259],[127.01138,37.62186],[127.01151,37.62185],[127.01186,37.62222],[127.01232,37.62226],[127.01245,37.62233],[127.01279,37.62214],[127.01336,37.62197],[127.01368,37.62152],[127.01437,37.62156],[127.01512,37.62139],[127.01577,37.62135],[127.01607,37.62146],[127.01628,37.62163],[127.01649,37.62153],[127.0171,37.62159],[127.01742,37.62183],[127.01786,37.62187],[127.01783,37.62152],[127.01815,37.62125],[127.01827,37.62105],[127.01831,37.61998],[127.01976,37.6198],[127.02073,37.61961],[127.02105,37.61947],[127.02127,37.61877],[127.02105,37.61867],[127.02028,37.61882],[127.01986,37.61874],[127.01916,37.61885],[127.01915,37.61837],[127.0184,37.61793],[127.01825,37.61775],[127.01819,37.61754],[127.01746,37.6175],[127.01736,37.61708],[127.01734,37.61675],[127.0174,37.61661],[127.01705,37.61631],[127.01706,37.61625],[127.01692,37.61622],[127.01639,37.6163],[127.01552,37.61654],[127.01539,37.61663],[127.01536,37.61686],[127.01542,37.61728],[127.01533,37.61808],[127.01545,37.61883],[127.01523,37.61958],[127.01526,37.62019],[127.01341,37.62023],[127.01284,37.62029],[127.01242,37.62026],[127.01198,37.62015],[127.01043,37.61953],[127.00909,37.61887],[127.0084,37.6195],[127.00834,37.61963],[127.00836,37.61992],[127.00895,37.62001],[127.00903,37.62009],[127.00952,37.62021],[127.0094,37.62041],[127.00936,37.6215],[127.00991,37.62169],[127.0098,37.62184],[127.00998,37.62225],[127.01076,37.62271]]]}},{"type":"Feature","properties":{"name":"서울한강초등학교","kind":"zone","note":"학구도안내서비스 2026-03-20 기준 (교육청 공식)","shared":false},"geometry":{"type":"Polygon","coordinates":[[[126.96294,37.52856],[126.96365,37.52813],[126.96409,37.52855],[126.96505,37.52799],[126.96488,37.52781],[126.9653,37.52648],[126.96676,37.52801],[126.96802,37.52723],[126.96877,37.52808],[126.96935,37.52774],[126.96926,37.52712],[126.96917,37.52696],[126.96918,37.52679],[126.96929,37.52664],[126.96956,37.52659],[126.97015,37.52662],[126.97071,37.52608],[126.97047,37.52539],[126.97008,37.52545],[126.97007,37.52515],[126.96963,37.52467],[126.97003,37.52368],[126.97002,37.52351],[126.97201,37.52299],[126.97195,37.52285],[126.97107,37.52294],[126.97021,37.52292],[126.96626,37.52222],[126.96536,37.52213],[126.96454,37.52215],[126.9633,37.52236],[126.96267,37.52258],[126.96207,37.52293],[126.96165,37.52235],[126.95769,37.52291],[126.9566,37.52339],[126.9564,37.52354],[126.95774,37.52487],[126.96032,37.52661],[126.96294,37.52856]]]}},{"type":"Feature","properties":{"name":"서울한강초등학교","kind":"zone","note":"학구도안내서비스 2026-03-20 기준 (교육청 공식)","shared":false},"geometry":{"type":"Polygon","coordinates":[[[126.97217,37.52967],[126.9721,37.52935],[126.97258,37.52879],[126.97243,37.52882],[126.9715,37.52941],[126.97068,37.52855],[126.96937,37.52793],[126.96955,37.5283],[126.9695,37.52873],[126.96923,37.52896],[126.96952,37.52928],[126.97137,37.53012],[126.97232,37.53002],[126.97211,37.52976],[126.97217,37.52967]]]}},{"type":"Feature","properties":{"name":"서울은평초등학교","kind":"zone","note":"학구도안내서비스 2026-03-20 기준 (교육청 공식)","shared":false},"geometry":{"type":"Polygon","coordinates":[[[126.94237,37.61051],[126.9429,37.6102],[126.94364,37.61008],[126.94423,37.61021],[126.945,37.61059],[126.94538,37.61067],[126.94581,37.61066],[126.94748,37.61018],[126.94917,37.60985],[126.9489,37.60946],[126.94872,37.60903],[126.9482,37.60863],[126.94705,37.60814],[126.94621,37.60739],[126.94539,37.60695],[126.94418,37.60646],[126.94411,37.60634],[126.94374,37.60621],[126.94367,37.60504],[126.94213,37.60494],[126.94124,37.60313],[126.93996,37.60308],[126.93981,37.60277],[126.93984,37.60187],[126.9401,37.60179],[126.94107,37.60115],[126.94139,37.60065],[126.94088,37.59872],[126.93968,37.59798],[126.93871,37.59752],[126.93863,37.5975],[126.93754,37.59787],[126.93671,37.59762],[126.93452,37.59663],[126.93384,37.59665],[126.93279,37.59631],[126.93058,37.59665],[126.929,37.5964],[126.92757,37.59654],[126.92738,37.59683],[126.92733,37.59707],[126.92713,37.59746],[126.92696,37.59752],[126.92689,37.59766],[126.92718,37.59777],[126.92725,37.59804],[126.92718,37.59809],[126.92693,37.59821],[126.92668,37.59824],[126.92621,37.59793],[126.92585,37.59798],[126.92523,37.5982],[126.92669,37.59982],[126.92699,37.60062],[126.92753,37.60069],[126.92766,37.60003],[126.92799,37.59941],[126.92868,37.59948],[126.92886,37.60147],[126.93005,37.60137],[126.93007,37.60152],[126.92978,37.60169],[126.92946,37.60177],[126.92906,37.60222],[126.92852,37.60227],[126.92872,37.60367],[126.92936,37.60448],[126.92959,37.60489],[126.92992,37.60523],[126.93018,37.6051],[126.93009,37.60501],[126.93027,37.60487],[126.93072,37.60512],[126.93096,37.60492],[126.93083,37.60481],[126.93085,37.60464],[126.93123,37.60471],[126.93123,37.60494],[126.93144,37.60524],[126.93171,37.60513],[126.93189,37.60539],[126.93177,37.60545],[126.93198,37.6058],[126.93123,37.60622],[126.93144,37.60665],[126.93167,37.60689],[126.93057,37.60725],[126.92949,37.60775],[126.92948,37.6084],[126.93034,37.60844],[126.93137,37.60882],[126.93383,37.60615],[126.93467,37.60496],[126.93511,37.60223],[126.93609,37.6003],[126.93647,37.60033],[126.93667,37.60053],[126.93711,37.60069],[126.93801,37.60065],[126.93797,37.60095],[126.93729,37.60121],[126.9373,37.60132],[126.93778,37.60203],[126.93776,37.60221],[126.93749,37.60232],[126.93774,37.60275],[126.9377,37.60289],[126.93728,37.60332],[126.93735,37.60357],[126.93768,37.60369],[126.93785,37.6039],[126.93784,37.60465],[126.93791,37.60466],[126.93793,37.60482],[126.93769,37.60496],[126.93792,37.6051],[126.9377,37.60533],[126.93751,37.60587],[126.93712,37.60615],[126.93708,37.60727],[126.93735,37.60796],[126.9373,37.60816],[126.93736,37.60833],[126.93803,37.60897],[126.93834,37.60899],[126.93934,37.60836],[126.93925,37.60823],[126.93947,37.60764],[126.93963,37.60765],[126.93963,37.60802],[126.94028,37.60804],[126.94027,37.60841],[126.94016,37.60859],[126.94026,37.60863],[126.94025,37.60875],[126.94001,37.60876],[126.93995,37.60916],[126.94043,37.6092],[126.94062,37.6093],[126.94088,37.60933],[126.94083,37.60953],[126.94048,37.60958],[126.94024,37.60985],[126.94039,37.60987],[126.94017,37.61043],[126.94002,37.6104],[126.93992,37.6107],[126.94081,37.61085],[126.94131,37.61085],[126.9418,37.61076],[126.94237,37.61051]]]}},{"type":"Feature","properties":{"name":"서울아주초등학교","kind":"zone","note":"학구도안내서비스 2026-03-20 기준 (교육청 공식)","shared":false},"geometry":{"type":"Polygon","coordinates":[[[127.0795,37.5068],[127.0813,37.50625],[127.08007,37.50349],[127.07659,37.50424],[127.07633,37.5044],[127.07527,37.50353],[127.07424,37.50316],[127.07286,37.50417],[127.07217,37.50479],[127.07168,37.50548],[127.07134,37.50619],[127.07118,37.50677],[127.07091,37.50843],[127.07416,37.50894],[127.07406,37.50942],[127.07538,37.50962],[127.07558,37.50953],[127.07608,37.50912],[127.07625,37.50909],[127.07751,37.50927],[127.07785,37.50958],[127.07806,37.50966],[127.07882,37.50977],[127.0795,37.5068]]]}},{"type":"Feature","properties":{"name":"서울장평초등학교","kind":"zone","note":"학구도안내서비스 2026-03-20 기준 (교육청 공식)","shared":false},"geometry":{"type":"Polygon","coordinates":[[[127.07669,37.57758],[127.07723,37.57351],[127.07723,37.57292],[127.0782,37.57187],[127.06852,37.5726],[127.06946,37.57434],[127.07004,37.57431],[127.07011,37.57544],[127.06968,37.57553],[127.07025,37.57876],[127.07222,37.57886],[127.0762,37.58026],[127.07642,37.57955],[127.07669,37.57758]]]}},{"type":"Feature","properties":{"name":"서울남산초등학교","kind":"zone","note":"학구도안내서비스 2026-03-20 기준 (교육청 공식)","shared":false},"geometry":{"type":"Polygon","coordinates":[[[126.98826,37.56813],[126.99015,37.56814],[126.99558,37.5686],[126.99588,37.56535],[126.99579,37.5652],[126.99552,37.56527],[126.9954,37.565],[126.99503,37.56509],[126.99464,37.56423],[126.99455,37.5639],[126.99463,37.56389],[126.99465,37.56367],[126.99444,37.56297],[126.99404,37.5631],[126.99401,37.56301],[126.99353,37.56312],[126.99338,37.56264],[126.99358,37.56253],[126.99364,37.56173],[126.99403,37.56167],[126.99406,37.56178],[126.99473,37.56163],[126.99472,37.56156],[126.99517,37.5615],[126.99738,37.56195],[126.99731,37.5613],[126.99686,37.56102],[126.99674,37.56085],[126.99686,37.56009],[126.99678,37.55982],[126.99627,37.55991],[126.99588,37.55975],[126.99615,37.55928],[126.99596,37.55787],[126.99559,37.55645],[126.99565,37.55595],[126.9958,37.55565],[126.99563,37.5551],[126.99548,37.55489],[126.99534,37.55426],[126.99503,37.55398],[126.99477,37.55389],[126.99471,37.55374],[126.99502,37.55365],[126.99492,37.5534],[126.99492,37.55267],[126.99473,37.55245],[126.99427,37.55214],[126.99383,37.55164],[126.99349,37.55101],[126.99294,37.5504],[126.99236,37.55007],[126.99165,37.55027],[126.991,37.55077],[126.99076,37.55108],[126.99024,37.55128],[126.98987,37.55126],[126.98948,37.55132],[126.98938,37.55128],[126.98866,37.55155],[126.98772,37.55145],[126.98756,37.55149],[126.98708,37.55227],[126.9866,37.55258],[126.98611,37.55334],[126.98542,37.55371],[126.98462,37.55314],[126.98403,37.55304],[126.98368,37.55312],[126.98331,37.55336],[126.98248,37.55348],[126.98202,37.55379],[126.98192,37.55476],[126.98119,37.55501],[126.97899,37.5562],[126.97681,37.55605],[126.97676,37.55626],[126.97645,37.55684],[126.97633,37.55749],[126.97417,37.55661],[126.97372,37.55655],[126.97258,37.55662],[126.97271,37.55726],[126.97421,37.55903],[126.97528,37.5601],[126.97592,37.56132],[126.97668,37.56328],[126.97705,37.56445],[126.97717,37.56536],[126.97714,37.56621],[126.97751,37.56594],[126.97925,37.56509],[126.97949,37.56529],[126.97969,37.5653],[126.98054,37.56504],[126.98142,37.56502],[126.98244,37.56481],[126.9827,37.56574],[126.98275,37.56899],[126.98647,37.56826],[126.98826,37.56813]]]}},{"type":"Feature","properties":{"name":"서울대모초등학교","kind":"zone","note":"학구도안내서비스 2026-03-20 기준 (교육청 공식)","shared":false},"geometry":{"type":"Polygon","coordinates":[[[127.1014,37.48398],[127.10077,37.48323],[127.10049,37.48339],[127.0998,37.48322],[127.09923,37.48293],[127.09858,37.48249],[127.09833,37.48223],[127.09811,37.48214],[127.09773,37.48164],[127.09758,37.48103],[127.09798,37.48048],[127.09822,37.48033],[127.09823,37.47986],[127.09805,37.47938],[127.09842,37.47872],[127.09848,37.47822],[127.09832,37.47813],[127.09783,37.47799],[127.09696,37.47827],[127.09536,37.47799],[127.09327,37.47782],[127.09231,37.47761],[127.09171,37.47781],[127.09166,37.47796],[127.08986,37.47726],[127.08954,37.47665],[127.08903,37.47671],[127.08838,37.47622],[127.08634,37.47632],[127.08583,37.47614],[127.08568,37.47593],[127.08494,37.47566],[127.08488,37.47551],[127.0845,37.47561],[127.08392,37.47542],[127.08323,37.47553],[127.08275,37.4753],[127.08188,37.47529],[127.07899,37.47477],[127.07852,37.47496],[127.07793,37.47474],[127.07691,37.47516],[127.07664,37.4754],[127.07609,37.47539],[127.07579,37.47562],[127.07435,37.47616],[127.07386,37.47738],[127.07325,37.47778],[127.07308,37.47796],[127.07289,37.4782],[127.07269,37.47867],[127.07259,37.47938],[127.07311,37.47961],[127.07356,37.48],[127.07479,37.48058],[127.07511,37.481],[127.07569,37.48223],[127.07606,37.48262],[127.07592,37.48304],[127.07645,37.48369],[127.07679,37.48308],[127.07703,37.48287],[127.07748,37.48265],[127.07806,37.48253],[127.07889,37.48253],[127.08663,37.48367],[127.0865,37.48433],[127.08903,37.48471],[127.0889,37.48532],[127.09003,37.4855],[127.0915,37.48553],[127.09192,37.48542],[127.09213,37.48529],[127.09305,37.48443],[127.09463,37.48436],[127.09459,37.48252],[127.09443,37.48217],[127.09397,37.48161],[127.09364,37.48142],[127.09252,37.48129],[127.092,37.48135],[127.09072,37.48206],[127.08998,37.48202],[127.08826,37.48102],[127.08862,37.48078],[127.08989,37.48045],[127.09037,37.47994],[127.0918,37.48036],[127.09339,37.48063],[127.0943,37.48053],[127.09554,37.47987],[127.09623,37.48014],[127.0961,37.48184],[127.09625,37.48236],[127.09667,37.48298],[127.09632,37.48325],[127.0961,37.48314],[127.09577,37.48379],[127.09641,37.48417],[127.09606,37.4845],[127.09653,37.48472],[127.09834,37.48601],[127.09928,37.48659],[127.10036,37.48697],[127.10182,37.48718],[127.10292,37.4862],[127.10338,37.48564],[127.10369,37.48514],[127.10276,37.48502],[127.10243,37.48481],[127.10163,37.48453],[127.1014,37.48398]]]}},{"type":"Feature","properties":{"name":"서울동작초등학교","kind":"zone","note":"학구도안내서비스 2026-03-20 기준 (교육청 공식)","shared":false},"geometry":{"type":"Polygon","coordinates":[[[126.98026,37.50171],[126.98055,37.50169],[126.98057,37.50179],[126.98288,37.50156],[126.98428,37.50071],[126.98538,37.49986],[126.98319,37.49737],[126.98293,37.49699],[126.98281,37.49267],[126.98266,37.49188],[126.98263,37.49019],[126.98252,37.48939],[126.98231,37.48839],[126.9821,37.48839],[126.98209,37.48815],[126.98129,37.48801],[126.98062,37.48806],[126.97983,37.4882],[126.97896,37.48862],[126.97846,37.4887],[126.97787,37.4889],[126.97763,37.48921],[126.97714,37.48942],[126.97661,37.48984],[126.97556,37.48979],[126.97431,37.4909],[126.97353,37.4907],[126.97329,37.49086],[126.97282,37.4916],[126.97209,37.49245],[126.97184,37.4933],[126.97296,37.49344],[126.97299,37.4938],[126.97353,37.49434],[126.97424,37.49448],[126.97438,37.49467],[126.97485,37.495],[126.97531,37.49493],[126.97545,37.4951],[126.97544,37.49532],[126.97581,37.49569],[126.97595,37.49602],[126.97673,37.49653],[126.97707,37.49658],[126.97758,37.49692],[126.97795,37.49721],[126.97808,37.49744],[126.97835,37.49755],[126.97897,37.49818],[126.97976,37.49861],[126.97985,37.49876],[126.98013,37.49892],[126.98013,37.49903],[126.97995,37.49929],[126.97942,37.49957],[126.97953,37.49965],[126.98005,37.50066],[126.98004,37.50081],[126.97945,37.50171],[126.97955,37.50172],[126.97948,37.5019],[126.98031,37.50181],[126.98026,37.50171]]]}},{"type":"Feature","properties":{"name":"서울숭인초등학교","kind":"zone","note":"학구도안내서비스 2026-03-20 기준 (교육청 공식)","shared":false},"geometry":{"type":"Polygon","coordinates":[[[127.03983,37.61422],[127.03969,37.61406],[127.03987,37.61415],[127.03994,37.61387],[127.04001,37.61239],[127.03972,37.61207],[127.03994,37.61198],[127.04035,37.61212],[127.04055,37.61211],[127.04066,37.6118],[127.04049,37.61107],[127.0408,37.61102],[127.04098,37.61092],[127.04141,37.61102],[127.04197,37.61095],[127.0421,37.6114],[127.04273,37.61143],[127.04305,37.61117],[127.04306,37.61121],[127.04354,37.61124],[127.04351,37.61081],[127.04305,37.60978],[127.04373,37.60947],[127.04406,37.60907],[127.04372,37.60858],[127.04316,37.60829],[127.04235,37.60804],[127.04171,37.60734],[127.0413,37.6071],[127.04042,37.60618],[127.04012,37.60548],[127.04007,37.60507],[127.03941,37.6046],[127.03921,37.60422],[127.039,37.60362],[127.03899,37.6025],[127.03846,37.60255],[127.03721,37.60367],[127.03748,37.60394],[127.03744,37.60421],[127.03716,37.60481],[127.03684,37.60626],[127.03552,37.61039],[127.03507,37.61162],[127.03678,37.61243],[127.03744,37.61291],[127.03865,37.61434],[127.03899,37.61453],[127.03942,37.61501],[127.03964,37.61514],[127.03988,37.61543],[127.0399,37.61559],[127.03999,37.61569],[127.04101,37.6166],[127.04101,37.61625],[127.03983,37.61422]]]}},{"type":"Feature","properties":{"name":"서울양동초등학교","kind":"zone","note":"학구도안내서비스 2026-03-20 기준 (교육청 공식)","shared":false},"geometry":{"type":"Polygon","coordinates":[[[126.84762,37.53021],[126.84846,37.52867],[126.85177,37.52908],[126.8519,37.52828],[126.85848,37.5291],[126.85888,37.52688],[126.85906,37.52542],[126.85638,37.52506],[126.85664,37.5238],[126.85639,37.52337],[126.85647,37.52298],[126.85514,37.52283],[126.85522,37.52239],[126.852,37.52203],[126.84887,37.5279],[126.84459,37.52718],[126.84432,37.52834],[126.8442,37.52997],[126.8428,37.5299],[126.84277,37.53033],[126.84739,37.53062],[126.84762,37.53021]]]}},{"type":"Feature","properties":{"name":"서울개화초등학교","kind":"zone","note":"학구도안내서비스 2026-03-20 기준 (교육청 공식)","shared":false},"geometry":{"type":"Polygon","coordinates":[[[126.80902,37.60064],[126.81137,37.59896],[126.81395,37.59762],[126.81656,37.59568],[126.81753,37.59533],[126.8193,37.59285],[126.81428,37.58656],[126.81475,37.58631],[126.81527,37.58569],[126.8149,37.5858],[126.81485,37.58514],[126.81468,37.58476],[126.81476,37.58419],[126.81455,37.58366],[126.81423,37.58366],[126.81341,37.58335],[126.81285,37.58363],[126.8127,37.58364],[126.81199,37.58305],[126.81227,37.58411],[126.8123,37.58458],[126.81215,37.58465],[126.81153,37.58469],[126.81169,37.58428],[126.81173,37.58381],[126.81186,37.58342],[126.81175,37.58339],[126.81183,37.58306],[126.81056,37.58348],[126.80935,37.58362],[126.80887,37.5835],[126.80845,37.58318],[126.80773,37.58238],[126.80747,37.58231],[126.80779,37.58121],[126.80753,37.58084],[126.80762,37.58052],[126.80686,37.57936],[126.80681,37.57911],[126.8064,37.57851],[126.80603,37.57771],[126.80643,37.57751],[126.80694,37.57698],[126.80657,37.57668],[126.80716,37.57611],[126.80784,37.57627],[126.80794,37.57648],[126.80822,37.57629],[126.80803,37.57604],[126.80799,37.57567],[126.80824,37.5754],[126.81007,37.57525],[126.81168,37.57521],[126.81146,37.57342],[126.80742,37.57276],[126.80746,37.57093],[126.80702,37.5706],[126.80674,37.57082],[126.8066,37.57072],[126.80613,37.57111],[126.80612,37.57062],[126.8046,37.57062],[126.80444,37.56996],[126.80323,37.57363],[126.80296,37.57422],[126.79909,37.57993],[126.79751,37.5824],[126.79788,37.58281],[126.79806,37.58314],[126.79812,37.58345],[126.7983,37.58387],[126.79912,37.58544],[126.79938,37.58578],[126.80004,37.58631],[126.80039,37.58669],[126.80082,37.58728],[126.80101,37.58774],[126.80106,37.58811],[126.80082,37.58828],[126.801,37.58853],[126.80088,37.58858],[126.80077,37.58904],[126.8011,37.58897],[126.80123,37.58935],[126.80066,37.59],[126.80052,37.59031],[126.80009,37.59035],[126.79945,37.59113],[126.79909,37.59119],[126.7988,37.59132],[126.79898,37.59198],[126.79898,37.5922],[126.79905,37.5923],[126.79899,37.59243],[126.79936,37.59248],[126.79961,37.59244],[126.79991,37.59223],[126.80005,37.59203],[126.80029,37.59204],[126.80041,37.59241],[126.8005,37.59241],[126.80009,37.59262],[126.79866,37.59367],[126.79808,37.59424],[126.79761,37.59488],[126.79745,37.59525],[126.79708,37.59774],[126.79748,37.59767],[126.79754,37.59779],[126.79755,37.59876],[126.79764,37.59928],[126.79786,37.5999],[126.79805,37.60021],[126.79817,37.60034],[126.79853,37.60009],[126.79877,37.60039],[126.79867,37.60046],[126.79904,37.60076],[126.79922,37.60112],[126.79993,37.60144],[126.80002,37.60162],[126.79979,37.60191],[126.79994,37.60254],[126.80258,37.60503],[126.80586,37.60258],[126.80824,37.60121],[126.80902,37.60064]]]}},{"type":"Feature","properties":{"name":"서울신미림초등학교","kind":"zone","note":"학구도안내서비스 2026-03-20 기준 (교육청 공식)","shared":false},"geometry":{"type":"Polygon","coordinates":[[[126.88087,37.50987],[126.88136,37.50992],[126.88137,37.50948],[126.88154,37.5094],[126.88153,37.50885],[126.88187,37.50883],[126.88209,37.5087],[126.88203,37.50794],[126.88268,37.50777],[126.88414,37.50817],[126.88535,37.50699],[126.88628,37.50596],[126.88331,37.50423],[126.88144,37.50265],[126.88107,37.50294],[126.88045,37.50241],[126.88083,37.50208],[126.8791,37.50054],[126.87286,37.49773],[126.87178,37.49719],[126.87191,37.49695],[126.8685,37.49553],[126.86818,37.4955],[126.86798,37.49612],[126.86789,37.49668],[126.868,37.49767],[126.87001,37.50239],[126.87096,37.50534],[126.8712,37.50513],[126.87145,37.50507],[126.87147,37.50469],[126.87187,37.50413],[126.87233,37.50407],[126.87274,37.50384],[126.87314,37.50377],[126.87358,37.50356],[126.87376,37.50421],[126.87371,37.50476],[126.87417,37.50531],[126.87442,37.50609],[126.87471,37.50663],[126.87486,37.50674],[126.87512,37.5068],[126.8752,37.50708],[126.87517,37.50714],[126.87561,37.5078],[126.8762,37.50858],[126.87742,37.50996],[126.87848,37.50929],[126.88041,37.51154],[126.88025,37.51072],[126.88065,37.51049],[126.8807,37.51009],[126.88087,37.50987]]]}},{"type":"Feature","properties":{"name":"서울가양초등학교","kind":"zone","note":"학구도안내서비스 2026-03-20 기준 (교육청 공식)","shared":false},"geometry":{"type":"Polygon","coordinates":[[[126.86316,37.55695],[126.86306,37.55684],[126.85516,37.56107],[126.85542,37.56158],[126.85672,37.56363],[126.85945,37.56729],[126.86304,37.565],[126.86193,37.56374],[126.86781,37.5603],[126.86739,37.5598],[126.86659,37.55949],[126.86547,37.55916],[126.86381,37.55765],[126.86316,37.55695]]]}},{"type":"Feature","properties":{"name":"서울영원초등학교","kind":"zone","note":"학구도안내서비스 2026-03-20 기준 (교육청 공식)","shared":false},"geometry":{"type":"Polygon","coordinates":[[[126.91661,37.51727],[126.9167,37.51708],[126.91572,37.51713],[126.91236,37.51691],[126.91248,37.51577],[126.91243,37.51541],[126.91019,37.51249],[126.90985,37.51184],[126.90941,37.5124],[126.90913,37.51228],[126.90905,37.51245],[126.90813,37.5123],[126.9073,37.51241],[126.90738,37.51223],[126.9073,37.51207],[126.90642,37.51142],[126.9065,37.51122],[126.9063,37.51103],[126.90631,37.51084],[126.90652,37.51056],[126.90456,37.50993],[126.9041,37.51069],[126.90329,37.51038],[126.90182,37.50998],[126.90185,37.51005],[126.9014,37.51093],[126.90061,37.51217],[126.89832,37.51135],[126.89818,37.51159],[126.90685,37.51473],[126.90701,37.51457],[126.90779,37.51487],[126.90932,37.5156],[126.9087,37.51659],[126.90933,37.51666],[126.90929,37.51686],[126.90842,37.51675],[126.90813,37.51677],[126.90803,37.51689],[126.91243,37.51843],[126.91351,37.51875],[126.91418,37.51875],[126.91465,37.51866],[126.91578,37.51826],[126.91645,37.51789],[126.91658,37.51775],[126.91661,37.51727]]]}},{"type":"Feature","properties":{"name":"서울중광초등학교","kind":"zone","note":"학구도안내서비스 2026-03-20 기준 (교육청 공식)","shared":false},"geometry":{"type":"Polygon","coordinates":[[[127.08408,37.57124],[127.08617,37.57083],[127.08609,37.56906],[127.08591,37.56889],[127.08454,37.56639],[127.08467,37.56634],[127.08463,37.56618],[127.08369,37.56457],[127.08356,37.56461],[127.08157,37.561],[127.07905,37.5619],[127.07843,37.56076],[127.07586,37.56164],[127.0765,37.56276],[127.07775,37.56233],[127.07847,37.56361],[127.07976,37.56317],[127.08302,37.56914],[127.0834,37.57136],[127.08408,37.57124]]]}},{"type":"Feature","properties":{"name":"서울금양초등학교","kind":"zone","note":"학구도안내서비스 2026-03-20 기준 (교육청 공식)","shared":false},"geometry":{"type":"Polygon","coordinates":[[[126.95803,37.54344],[126.9587,37.54326],[126.95918,37.54338],[126.96018,37.54336],[126.96069,37.54278],[126.96211,37.54213],[126.96213,37.54178],[126.96243,37.54186],[126.96252,37.5421],[126.96283,37.54218],[126.96322,37.54239],[126.96395,37.54252],[126.96417,37.54261],[126.96463,37.54261],[126.96488,37.54146],[126.96523,37.54158],[126.96529,37.54167],[126.96573,37.5416],[126.96574,37.5417],[126.96597,37.54173],[126.96691,37.54167],[126.96759,37.54151],[126.96822,37.54149],[126.96839,37.54158],[126.96841,37.54178],[126.96835,37.5419],[126.96845,37.54215],[126.96869,37.54212],[126.97042,37.54156],[126.97054,37.54147],[126.96639,37.53802],[126.96413,37.53856],[126.96377,37.53833],[126.96355,37.53746],[126.96254,37.53735],[126.96198,37.53711],[126.96201,37.53645],[126.96066,37.53596],[126.96054,37.53589],[126.96066,37.53577],[126.96057,37.53573],[126.95998,37.536],[126.95974,37.5357],[126.95959,37.53577],[126.95935,37.53567],[126.95865,37.53595],[126.9586,37.53604],[126.95866,37.53611],[126.95828,37.53647],[126.95832,37.53655],[126.95807,37.53675],[126.95667,37.53652],[126.95602,37.53629],[126.95528,37.53724],[126.95489,37.53746],[126.95466,37.53789],[126.95509,37.53829],[126.95536,37.53834],[126.95527,37.53862],[126.95574,37.53907],[126.95541,37.53931],[126.95573,37.53947],[126.95607,37.53996],[126.95664,37.54059],[126.95652,37.54071],[126.95672,37.54086],[126.95685,37.54114],[126.95689,37.54122],[126.95676,37.54129],[126.95702,37.54174],[126.95732,37.54206],[126.95749,37.54199],[126.95779,37.54204],[126.95779,37.54213],[126.95755,37.54226],[126.95726,37.54236],[126.95711,37.54237],[126.95703,37.54232],[126.95639,37.54268],[126.95647,37.54325],[126.9566,37.5434],[126.95693,37.5432],[126.9571,37.54333],[126.9573,37.54322],[126.95746,37.54334],[126.9574,37.54339],[126.95756,37.54347],[126.95749,37.54351],[126.95757,37.54359],[126.9575,37.54365],[126.95771,37.5438],[126.95803,37.54344]]]}},{"type":"Feature","properties":{"name":"서울금양초등학교","kind":"zone","note":"학구도안내서비스 2026-03-20 기준 (교육청 공식)","shared":false},"geometry":{"type":"Polygon","coordinates":[[[126.96351,37.54368],[126.96424,37.54367],[126.96416,37.54315],[126.96449,37.54296],[126.96398,37.54292],[126.9633,37.54268],[126.96294,37.54266],[126.96289,37.54322],[126.96297,37.54338],[126.96307,37.54354],[126.96318,37.54351],[126.96335,37.54366],[126.96351,37.54368]]]}},{"type":"Feature","properties":{"name":"서울일원초등학교","kind":"zone","note":"학구도안내서비스 2026-03-20 기준 (교육청 공식)","shared":false},"geometry":{"type":"Polygon","coordinates":[[[127.0762,37.48657],[127.07555,37.48616],[127.07275,37.49139],[127.07953,37.49365],[127.08181,37.48876],[127.07884,37.48781],[127.07746,37.48721],[127.0762,37.48657]]]}},{"type":"Feature","properties":{"name":"서울난우초등학교","kind":"zone","note":"학구도안내서비스 2026-03-20 기준 (교육청 공식)","shared":false},"geometry":{"type":"Polygon","coordinates":[[[126.92605,37.47556],[126.92671,37.47431],[126.92658,37.47408],[126.92579,37.4735],[126.92568,37.47335],[126.92421,37.47331],[126.92347,37.47319],[126.92341,37.47198],[126.92257,37.4721],[126.92154,37.47202],[126.92078,37.4723],[126.92062,37.47238],[126.92043,37.47263],[126.92006,37.47266],[126.91969,37.47253],[126.91925,37.47253],[126.91824,37.47363],[126.91733,37.4741],[126.91708,37.4743],[126.91691,37.4746],[126.91684,37.47492],[126.91627,37.47441],[126.91634,37.47426],[126.9163,37.47398],[126.91588,37.47365],[126.91549,37.47321],[126.91539,37.47327],[126.91569,37.47373],[126.91559,37.47383],[126.91486,37.47336],[126.91466,37.47332],[126.91368,37.47428],[126.91377,37.47437],[126.91439,37.4746],[126.91523,37.47477],[126.91474,37.4753],[126.91497,37.47544],[126.91567,37.47556],[126.91592,37.47547],[126.91647,37.47563],[126.91606,37.47601],[126.91579,37.47645],[126.91532,37.47771],[126.92297,37.47872],[126.92297,37.47859],[126.9232,37.47812],[126.9231,37.47789],[126.92321,37.4777],[126.92387,37.4774],[126.92391,37.47725],[126.92445,37.47676],[126.9249,37.47659],[126.92529,37.47627],[126.92525,37.47625],[126.92579,37.47598],[126.92605,37.47556]]]}},{"type":"Feature","properties":{"name":"서울신도림초등학교","kind":"zone","note":"학구도안내서비스 2026-03-20 기준 (교육청 공식)","shared":false},"geometry":{"type":"Polygon","coordinates":[[[126.88854,37.51163],[126.88935,37.51111],[126.89018,37.5104],[126.89052,37.51027],[126.88807,37.50901],[126.88535,37.50699],[126.88414,37.50817],[126.88268,37.50777],[126.88203,37.50794],[126.88209,37.5087],[126.88187,37.50883],[126.88153,37.50885],[126.88261,37.5096],[126.88186,37.5104],[126.88135,37.51047],[126.88123,37.5099],[126.88087,37.50987],[126.8807,37.51009],[126.88065,37.51049],[126.88025,37.51072],[126.88041,37.51154],[126.87848,37.50929],[126.87742,37.50996],[126.8762,37.50858],[126.87519,37.50717],[126.87565,37.50846],[126.87698,37.51007],[126.88054,37.51411],[126.88138,37.51477],[126.88174,37.51493],[126.88243,37.51444],[126.88483,37.51326],[126.88577,37.51282],[126.88724,37.51227],[126.88854,37.51163]]]}},{"type":"Feature","properties":{"name":"서울탑동초등학교","kind":"zone","note":"학구도안내서비스 2026-03-20 기준 (교육청 공식)","shared":false},"geometry":{"type":"Polygon","coordinates":[[[126.92084,37.45006],[126.91933,37.45],[126.91756,37.4498],[126.91627,37.45],[126.91559,37.45026],[126.91534,37.45027],[126.91457,37.45007],[126.91553,37.4495],[126.91548,37.4493],[126.91511,37.44878],[126.91343,37.44889],[126.91269,37.44921],[126.91209,37.44928],[126.9121,37.44949],[126.9119,37.44927],[126.91186,37.44879],[126.91135,37.44832],[126.91036,37.44856],[126.91028,37.44877],[126.91017,37.44953],[126.90981,37.44965],[126.90992,37.4503],[126.90979,37.45063],[126.90973,37.45065],[126.9101,37.45091],[126.91046,37.45127],[126.9107,37.45162],[126.91129,37.45194],[126.91141,37.45214],[126.91225,37.45259],[126.91253,37.45258],[126.91303,37.45308],[126.91344,37.45329],[126.91323,37.45349],[126.91378,37.45381],[126.91388,37.45397],[126.91453,37.454],[126.91466,37.45389],[126.91494,37.45399],[126.91496,37.45378],[126.91486,37.45359],[126.91493,37.45345],[126.9147,37.45304],[126.91531,37.45291],[126.91543,37.45292],[126.91543,37.45299],[126.91621,37.45311],[126.91641,37.45302],[126.91658,37.45305],[126.91662,37.45327],[126.91696,37.45344],[126.91679,37.45343],[126.91741,37.45364],[126.91745,37.45357],[126.91813,37.45391],[126.91882,37.45386],[126.91923,37.45419],[126.92006,37.45375],[126.92075,37.45231],[126.92071,37.45157],[126.92057,37.45116],[126.92095,37.45026],[126.92084,37.45006]]]}},{"type":"Feature","properties":{"name":"서울도곡초등학교","kind":"zone","note":"학구도안내서비스 2026-03-20 기준 (교육청 공식)","shared":false},"geometry":{"type":"Polygon","coordinates":[[[127.04841,37.49478],[127.04672,37.49419],[127.04552,37.49676],[127.0517,37.49878],[127.04899,37.50452],[127.05662,37.50686],[127.0609,37.49888],[127.05286,37.49631],[127.04841,37.49478]]]}},{"type":"Feature","properties":{"name":"서울명덕초등학교","kind":"zone","note":"학구도안내서비스 2026-03-20 기준 (교육청 공식)","shared":false},"geometry":{"type":"Polygon","coordinates":[[[127.14894,37.55634],[127.14897,37.5547],[127.13781,37.55473],[127.13795,37.55711],[127.14409,37.55864],[127.14421,37.55871],[127.14607,37.56045],[127.14678,37.56068],[127.14707,37.5602],[127.14758,37.55964],[127.1484,37.55903],[127.14879,37.55883],[127.14894,37.55634]]]}},{"type":"Feature","properties":{"name":"서울신목초등학교","kind":"zone","note":"학구도안내서비스 2026-03-20 기준 (교육청 공식)","shared":false},"geometry":{"type":"Polygon","coordinates":[[[126.87491,37.51908],[126.87553,37.51988],[126.87624,37.51918],[126.87614,37.51889],[126.87605,37.51765],[126.879,37.51691],[126.87848,37.51635],[126.87795,37.51614],[126.87782,37.5156],[126.87784,37.51544],[126.87765,37.51502],[126.87758,37.51466],[126.87771,37.51376],[126.87793,37.51338],[126.87786,37.5133],[126.87773,37.51329],[126.87747,37.5136],[126.87726,37.51373],[126.87673,37.51372],[126.8765,37.51357],[126.87642,37.51342],[126.87638,37.51325],[126.87645,37.51293],[126.87636,37.51275],[126.87243,37.515],[126.87172,37.51592],[126.87124,37.51691],[126.87042,37.51806],[126.87041,37.51834],[126.8699,37.51844],[126.87025,37.51919],[126.8704,37.51979],[126.87249,37.51989],[126.87249,37.51979],[126.87333,37.51896],[126.87407,37.5199],[126.87491,37.51908]]]}},{"type":"Feature","properties":{"name":"서울신서초등학교","kind":"zone","note":"학구도안내서비스 2026-03-20 기준 (교육청 공식)","shared":false},"geometry":{"type":"Polygon","coordinates":[[[126.85743,37.51421],[126.85733,37.51581],[126.85725,37.51618],[126.85587,37.51883],[126.85681,37.51911],[126.85936,37.51952],[126.86007,37.51972],[126.85967,37.52189],[126.86542,37.52251],[126.86741,37.51854],[126.859,37.51561],[126.85884,37.51547],[126.85876,37.51523],[126.85897,37.51475],[126.85743,37.51421]]]}},{"type":"Feature","properties":{"name":"서울미성초등학교","kind":"zone","note":"학구도안내서비스 2026-03-20 기준 (교육청 공식)","shared":false},"geometry":{"type":"Polygon","coordinates":[[[126.91464,37.48116],[126.91525,37.48127],[126.91536,37.48075],[126.91576,37.48082],[126.91647,37.48084],[126.91619,37.48046],[126.91616,37.48022],[126.91634,37.48],[126.91704,37.47993],[126.91732,37.4797],[126.91704,37.47929],[126.91634,37.47893],[126.91652,37.47873],[126.91652,37.47864],[126.91625,37.47838],[126.91653,37.47787],[126.91532,37.47771],[126.91579,37.47645],[126.91606,37.47601],[126.91647,37.47563],[126.91592,37.47547],[126.91567,37.47556],[126.91497,37.47544],[126.91474,37.4753],[126.91523,37.47477],[126.91439,37.4746],[126.91377,37.47437],[126.91368,37.47428],[126.91466,37.47332],[126.91486,37.47336],[126.91559,37.47383],[126.91569,37.47373],[126.91539,37.47327],[126.91549,37.47321],[126.91594,37.4737],[126.91609,37.47356],[126.91622,37.4736],[126.91633,37.47345],[126.91662,37.47356],[126.91673,37.47343],[126.91675,37.47318],[126.91691,37.47303],[126.91748,37.47287],[126.91642,37.47251],[126.91461,37.47256],[126.91444,37.47314],[126.91412,37.47298],[126.91384,37.47304],[126.91427,37.47243],[126.91425,37.47217],[126.91434,37.47179],[126.91472,37.47149],[126.91474,37.47123],[126.91488,37.47103],[126.91489,37.47084],[126.91475,37.47065],[126.91475,37.47043],[126.91454,37.47016],[126.91423,37.46946],[126.91444,37.46888],[126.91438,37.4686],[126.91479,37.46835],[126.91462,37.4679],[126.91536,37.46738],[126.9156,37.46728],[126.91574,37.46708],[126.91524,37.46646],[126.91486,37.46613],[126.91465,37.46554],[126.91372,37.46547],[126.91369,37.46541],[126.91355,37.46543],[126.91307,37.46567],[126.91255,37.46574],[126.91238,37.46588],[126.91238,37.46625],[126.91164,37.4668],[126.91161,37.46712],[126.91109,37.46773],[126.91104,37.46808],[126.90996,37.46876],[126.91024,37.46924],[126.90994,37.46979],[126.90981,37.4699],[126.90979,37.47006],[126.90955,37.47045],[126.90959,37.4707],[126.90878,37.47178],[126.90861,37.47216],[126.90837,37.47237],[126.90819,37.47273],[126.90856,37.47296],[126.90932,37.47319],[126.90994,37.4733],[126.91003,37.47343],[126.91054,37.4736],[126.91075,37.4736],[126.91103,37.47389],[126.91108,37.47419],[126.91136,37.47448],[126.91133,37.47491],[126.91118,37.47522],[126.91128,37.47543],[126.91137,37.47599],[126.91162,37.4763],[126.9118,37.47686],[126.9118,37.47738],[126.91072,37.47723],[126.9099,37.47758],[126.9095,37.47803],[126.90871,37.47906],[126.90882,37.47955],[126.9091,37.47964],[126.90898,37.48009],[126.90993,37.48025],[126.90974,37.48094],[126.91042,37.48108],[126.9145,37.48181],[126.91464,37.48116]]]}},{"type":"Feature","properties":{"name":"서울대동초등학교","kind":"zone","note":"학구도안내서비스 2026-03-20 기준 (교육청 공식)","shared":false},"geometry":{"type":"Polygon","coordinates":[[[126.8958,37.49237],[126.89717,37.49321],[126.89691,37.49353],[126.89685,37.49376],[126.89902,37.49515],[126.89963,37.49548],[126.89993,37.49486],[126.90201,37.49613],[126.9023,37.49583],[126.90273,37.49554],[126.90295,37.49557],[126.90347,37.49517],[126.90409,37.49441],[126.90383,37.49431],[126.90383,37.49425],[126.90366,37.49413],[126.90335,37.49418],[126.90323,37.49411],[126.903,37.49375],[126.90281,37.4937],[126.90291,37.49358],[126.90286,37.49335],[126.90244,37.49335],[126.9024,37.49325],[126.90272,37.49312],[126.90191,37.49237],[126.90248,37.4917],[126.8977,37.48747],[126.89612,37.48934],[126.89601,37.49021],[126.8957,37.49085],[126.89541,37.49201],[126.89583,37.49229],[126.8958,37.49237]]]}},{"type":"Feature","properties":{"name":"서울독산초등학교","kind":"zone","note":"학구도안내서비스 2026-03-20 기준 (교육청 공식)","shared":false},"geometry":{"type":"Polygon","coordinates":[[[126.90163,37.46896],[126.90233,37.46884],[126.90171,37.46694],[126.9017,37.46651],[126.90186,37.46605],[126.90443,37.46216],[126.9046,37.46153],[126.90388,37.46145],[126.90397,37.461],[126.90386,37.46097],[126.9023,37.45937],[126.90181,37.45943],[126.90101,37.45903],[126.90052,37.45902],[126.89993,37.4585],[126.90012,37.45815],[126.89932,37.45795],[126.89793,37.46141],[126.89749,37.46279],[126.89745,37.46345],[126.8975,37.46449],[126.898,37.46955],[126.90163,37.46896]]]}},{"type":"Feature","properties":{"name":"서울신구로초등학교","kind":"zone","note":"학구도안내서비스 2026-03-20 기준 (교육청 공식)","shared":false},"geometry":{"type":"Polygon","coordinates":[[[126.88881,37.50301],[126.88921,37.5025],[126.89032,37.50309],[126.89018,37.50327],[126.89137,37.50388],[126.89153,37.50369],[126.89311,37.50446],[126.8933,37.50395],[126.89269,37.50331],[126.89313,37.50268],[126.89273,37.50207],[126.89293,37.50157],[126.89278,37.50112],[126.89276,37.50084],[126.89293,37.50036],[126.89328,37.50003],[126.89362,37.49959],[126.89409,37.49799],[126.88882,37.49525],[126.88617,37.49841],[126.8858,37.49865],[126.88415,37.49928],[126.88375,37.49949],[126.88219,37.50093],[126.88216,37.50116],[126.88185,37.50154],[126.88481,37.5028],[126.88493,37.50294],[126.88678,37.50385],[126.88701,37.50464],[126.88743,37.50453],[126.88775,37.50433],[126.88881,37.50301]]]}},{"type":"Feature","properties":{"name":"서울서신초등학교","kind":"zone","note":"학구도안내서비스 2026-03-20 기준 (교육청 공식)","shared":false},"geometry":{"type":"Polygon","coordinates":[[[126.90804,37.59384],[126.90826,37.59387],[126.90888,37.5943],[126.90969,37.5936],[126.90837,37.59283],[126.90854,37.59274],[126.90802,37.59196],[126.91079,37.59082],[126.91097,37.59068],[126.91095,37.59039],[126.91075,37.58967],[126.91058,37.58954],[126.91045,37.5896],[126.91025,37.58939],[126.90981,37.58926],[126.90891,37.58925],[126.90831,37.58892],[126.90753,37.58877],[126.90688,37.58845],[126.90592,37.58883],[126.90539,37.5887],[126.90497,37.58852],[126.90465,37.58819],[126.90442,37.58809],[126.90362,37.58812],[126.90271,37.58854],[126.90244,37.58873],[126.9013,37.58902],[126.9009,37.58922],[126.90054,37.58914],[126.90029,37.58923],[126.89964,37.58982],[126.89975,37.58994],[126.89958,37.59067],[126.89971,37.59099],[126.8997,37.59136],[126.89957,37.59169],[126.89896,37.59268],[126.8993,37.59287],[126.89941,37.59314],[126.89978,37.59339],[126.89988,37.59358],[126.90147,37.59295],[126.90213,37.59374],[126.90531,37.59374],[126.90579,37.59357],[126.9059,37.59361],[126.90579,37.59388],[126.9058,37.59414],[126.90622,37.59415],[126.90624,37.59446],[126.90616,37.5947],[126.9081,37.59517],[126.90861,37.5952],[126.90793,37.59389],[126.90804,37.59384]]]}},{"type":"Feature","properties":{"name":"서울수서초등학교","kind":"zone","note":"학구도안내서비스 2026-03-20 기준 (교육청 공식)","shared":false},"geometry":{"type":"Polygon","coordinates":[[[127.09413,37.48454],[127.09412,37.48462],[127.09391,37.48465],[127.09382,37.48474],[127.09333,37.48538],[127.09304,37.48558],[127.09299,37.48553],[127.0928,37.48565],[127.09165,37.48838],[127.09169,37.48891],[127.09145,37.48971],[127.09034,37.49065],[127.08995,37.49119],[127.09149,37.4916],[127.09259,37.49182],[127.09709,37.49241],[127.09883,37.49272],[127.09997,37.49299],[127.10168,37.49357],[127.10351,37.49271],[127.10701,37.49029],[127.11151,37.48402],[127.11223,37.48286],[127.1122,37.48292],[127.11174,37.483],[127.11091,37.48334],[127.11091,37.48308],[127.11067,37.48302],[127.11002,37.4832],[127.10836,37.48306],[127.1083,37.48312],[127.10812,37.48312],[127.10805,37.48306],[127.10681,37.48279],[127.10619,37.48285],[127.1056,37.48276],[127.10536,37.48283],[127.10483,37.48339],[127.10433,37.48413],[127.10379,37.48514],[127.10369,37.48514],[127.10315,37.48593],[127.10262,37.48652],[127.10182,37.48718],[127.10036,37.48697],[127.09928,37.48659],[127.09834,37.48601],[127.09653,37.48472],[127.09608,37.48451],[127.09566,37.48439],[127.09505,37.48435],[127.09417,37.48438],[127.09413,37.48454]]]}},{"type":"Feature","properties":{"name":"서울등마초등학교","kind":"zone","note":"학구도안내서비스 2026-03-20 기준 (교육청 공식)","shared":false},"geometry":{"type":"Polygon","coordinates":[[[126.86129,37.54527],[126.8617,37.54526],[126.86187,37.54455],[126.86215,37.54457],[126.86212,37.54415],[126.86228,37.54366],[126.86286,37.54386],[126.86297,37.54395],[126.863,37.54445],[126.86314,37.54445],[126.86333,37.54457],[126.86333,37.54448],[126.86347,37.54448],[126.86347,37.54494],[126.86425,37.54494],[126.86523,37.54507],[126.86541,37.54486],[126.86544,37.54445],[126.86563,37.54442],[126.86615,37.54413],[126.86613,37.54383],[126.86618,37.54369],[126.86655,37.54342],[126.86691,37.54343],[126.86754,37.54304],[126.86767,37.54291],[126.86766,37.54266],[126.86787,37.5426],[126.86809,37.54243],[126.86807,37.5422],[126.86796,37.54191],[126.86777,37.54185],[126.86795,37.5412],[126.86791,37.5406],[126.86798,37.54047],[126.86791,37.54028],[126.86795,37.54015],[126.86814,37.54013],[126.86816,37.53993],[126.86833,37.54003],[126.86855,37.54],[126.86846,37.53979],[126.86794,37.53984],[126.86595,37.53932],[126.86442,37.53923],[126.86369,37.53926],[126.86344,37.53619],[126.86348,37.53561],[126.86208,37.53553],[126.86201,37.53615],[126.86236,37.53617],[126.86235,37.53777],[126.86262,37.53791],[126.86267,37.53806],[126.86202,37.53825],[126.86076,37.53839],[126.86069,37.53849],[126.86065,37.5392],[126.86056,37.53947],[126.86032,37.53968],[126.86056,37.54027],[126.86042,37.54115],[126.86034,37.54132],[126.8595,37.54176],[126.8588,37.54191],[126.85741,37.54206],[126.85667,37.5423],[126.85565,37.54273],[126.85499,37.5431],[126.85444,37.54362],[126.85447,37.54385],[126.85483,37.54424],[126.85503,37.5447],[126.85564,37.54482],[126.85605,37.54477],[126.85615,37.54483],[126.85652,37.54468],[126.85687,37.54469],[126.85761,37.54529],[126.85802,37.54523],[126.8581,37.54508],[126.85864,37.54494],[126.8587,37.54475],[126.86032,37.54532],[126.86129,37.54527]]]}},{"type":"Feature","properties":{"name":"서울금산초등학교","kind":"zone","note":"학구도안내서비스 2026-03-20 기준 (교육청 공식)","shared":false},"geometry":{"type":"Polygon","coordinates":[[[126.90599,37.44596],[126.90621,37.4453],[126.9071,37.44536],[126.90809,37.44488],[126.90894,37.44428],[126.90996,37.44368],[126.91067,37.44351],[126.91123,37.44329],[126.91223,37.44273],[126.91304,37.44207],[126.91405,37.44027],[126.91403,37.44001],[126.91387,37.43962],[126.91388,37.4393],[126.91319,37.4391],[126.91281,37.43872],[126.91231,37.43858],[126.9118,37.43777],[126.91143,37.43762],[126.9112,37.43719],[126.91133,37.43617],[126.91068,37.4355],[126.91061,37.43526],[126.91022,37.43482],[126.91003,37.43432],[126.9094,37.43386],[126.90855,37.43368],[126.90793,37.43372],[126.90725,37.43352],[126.90709,37.43355],[126.90707,37.43363],[126.90693,37.4337],[126.90675,37.43367],[126.9065,37.43376],[126.90637,37.4337],[126.90611,37.43399],[126.90482,37.43399],[126.90353,37.43416],[126.90316,37.43409],[126.90301,37.43476],[126.90303,37.43763],[126.90374,37.44376],[126.90465,37.44369],[126.90485,37.4456],[126.90462,37.44639],[126.90589,37.44633],[126.90599,37.44596]]]}},{"type":"Feature","properties":{"name":"서울상월초등학교","kind":"zone","note":"학구도안내서비스 2026-03-20 기준 (교육청 공식)","shared":false},"geometry":{"type":"Polygon","coordinates":[[[127.05849,37.66122],[127.06187,37.66085],[127.0626,37.66068],[127.06314,37.66047],[127.06373,37.66011],[127.06465,37.65922],[127.06257,37.65891],[127.06261,37.65967],[127.06132,37.65975],[127.06173,37.65597],[127.05612,37.65471],[127.05543,37.65458],[127.05505,37.65457],[127.05482,37.65602],[127.05265,37.66025],[127.05246,37.66172],[127.05849,37.66122]]]}},{"type":"Feature","properties":{"name":"서울압구정초등학교","kind":"zone","note":"학구도안내서비스 2026-03-20 기준 (교육청 공식)","shared":false},"geometry":{"type":"Polygon","coordinates":[[[127.02838,37.52458],[127.02849,37.52642],[127.02836,37.52716],[127.02642,37.52619],[127.02629,37.52627],[127.02554,37.5272],[127.02544,37.52714],[127.02477,37.52792],[127.02454,37.5278],[127.0229,37.52981],[127.02402,37.53137],[127.02507,37.53262],[127.02577,37.53321],[127.02667,37.53365],[127.0275,37.5339],[127.02843,37.53405],[127.02916,37.53409],[127.03025,37.53396],[127.03209,37.53337],[127.03432,37.53279],[127.03311,37.52438],[127.03054,37.52447],[127.03045,37.52311],[127.02904,37.52374],[127.02832,37.52375],[127.02838,37.52458]]]}},{"type":"Feature","properties":{"name":"서울중마초등학교","kind":"zone","note":"학구도안내서비스 2026-03-20 기준 (교육청 공식)","shared":false},"geometry":{"type":"Polygon","coordinates":[[[127.08267,37.57143],[127.0834,37.57136],[127.08302,37.56914],[127.07976,37.56317],[127.07847,37.56361],[127.07775,37.56233],[127.0765,37.56276],[127.07445,37.55914],[127.0732,37.55963],[127.07436,37.56145],[127.07715,37.56634],[127.07716,37.56649],[127.07728,37.56658],[127.07877,37.56922],[127.07935,37.57085],[127.0793,37.57099],[127.07948,37.57175],[127.08267,37.57143]]]}},{"type":"Feature","properties":{"name":"서울우이초등학교","kind":"zone","note":"학구도안내서비스 2026-03-20 기준 (교육청 공식)","shared":false},"geometry":{"type":"Polygon","coordinates":[[[127.01659,37.64405],[127.0168,37.64338],[127.01883,37.64403],[127.0191,37.64388],[127.0198,37.64379],[127.02032,37.64362],[127.02062,37.64364],[127.02135,37.6439],[127.02517,37.64116],[127.02464,37.64071],[127.02499,37.64045],[127.0243,37.63981],[127.02449,37.63967],[127.0239,37.63912],[127.02273,37.63904],[127.0226,37.64018],[127.02174,37.64011],[127.022,37.6378],[127.02286,37.63787],[127.02309,37.63564],[127.02324,37.63543],[127.02327,37.63468],[127.01943,37.63441],[127.01748,37.63419],[127.0174,37.63487],[127.01708,37.635],[127.01652,37.63489],[127.01624,37.63497],[127.01533,37.63496],[127.01479,37.63505],[127.01481,37.63493],[127.01442,37.63494],[127.01446,37.63458],[127.01335,37.63449],[127.01347,37.63383],[127.01109,37.63347],[127.00982,37.63315],[127.00934,37.63313],[127.0093,37.63352],[127.00946,37.63357],[127.00948,37.6338],[127.00935,37.63387],[127.00889,37.63378],[127.00827,37.63394],[127.00816,37.63382],[127.008,37.63387],[127.00728,37.63372],[127.00674,37.63376],[127.00645,37.63334],[127.00609,37.63328],[127.00577,37.63308],[127.00521,37.63303],[127.00504,37.63309],[127.00428,37.63297],[127.00356,37.63276],[127.00342,37.6328],[127.00314,37.63258],[127.00306,37.63242],[127.0026,37.6323],[127.00215,37.63207],[127.00164,37.63148],[127.00095,37.63132],[127.00088,37.63108],[127.00039,37.6308],[126.99962,37.63072],[126.99879,37.63025],[126.99763,37.62978],[126.99605,37.62934],[126.99539,37.63025],[126.99474,37.63052],[126.99426,37.63085],[126.9941,37.63112],[126.99369,37.63147],[126.99184,37.63228],[126.99137,37.63261],[126.98993,37.6328],[126.98985,37.63345],[126.9894,37.63404],[126.98874,37.63394],[126.98857,37.63379],[126.98818,37.63449],[126.98743,37.63496],[126.98636,37.63546],[126.98592,37.63579],[126.9842,37.63634],[126.98446,37.63655],[126.98474,37.63665],[126.98486,37.63681],[126.98494,37.63716],[126.98508,37.63731],[126.98496,37.63781],[126.98523,37.63807],[126.98519,37.6383],[126.98539,37.63859],[126.98543,37.63928],[126.98553,37.6397],[126.98568,37.64004],[126.98595,37.64022],[126.98613,37.64043],[126.98566,37.64074],[126.98527,37.64135],[126.98533,37.64155],[126.98522,37.64164],[126.98608,37.64211],[126.98797,37.6416],[126.98891,37.64123],[126.98942,37.64142],[126.9955,37.64148],[126.99674,37.64179],[126.99772,37.64169],[126.99772,37.64185],[126.99824,37.64185],[126.99824,37.64163],[126.99931,37.64152],[126.99972,37.64163],[127.0012,37.64232],[127.00176,37.64218],[127.00208,37.6423],[127.00227,37.6423],[127.00277,37.6413],[127.00321,37.64071],[127.0035,37.64011],[127.00506,37.63929],[127.00581,37.63927],[127.00595,37.639],[127.00657,37.63869],[127.00726,37.63896],[127.00993,37.63959],[127.01062,37.6396],[127.0152,37.64061],[127.01693,37.6408],[127.016,37.64403],[127.01659,37.64405]]]}},{"type":"Feature","properties":{"name":"서울당산초등학교","kind":"zone","note":"학구도안내서비스 2026-03-20 기준 (교육청 공식)","shared":false},"geometry":{"type":"Polygon","coordinates":[[[126.89783,37.53961],[126.90152,37.53698],[126.90209,37.53655],[126.90212,37.53648],[126.90268,37.53614],[126.90283,37.53615],[126.90343,37.53583],[126.90234,37.53428],[126.90223,37.53432],[126.90194,37.53395],[126.89782,37.53594],[126.89843,37.53671],[126.89322,37.53932],[126.89199,37.53771],[126.89094,37.53736],[126.8899,37.53935],[126.88994,37.53959],[126.88988,37.53988],[126.88963,37.54013],[126.88667,37.54591],[126.89073,37.54401],[126.89473,37.54179],[126.89686,37.54041],[126.89783,37.53961]]]}},{"type":"Feature","properties":{"name":"서울서원초등학교","kind":"zone","note":"학구도안내서비스 2026-03-20 기준 (교육청 공식)","shared":false},"geometry":{"type":"Polygon","coordinates":[[[127.01864,37.50298],[127.01974,37.50009],[127.01708,37.50105],[127.01596,37.50157],[127.01341,37.49964],[127.01235,37.49948],[127.01244,37.49904],[127.00998,37.49871],[127.00995,37.49846],[127.00885,37.49847],[127.01017,37.4973],[127.00961,37.49717],[127.00877,37.4968],[127.00843,37.49701],[127.00759,37.49718],[127.00715,37.49689],[127.00682,37.49679],[127.00615,37.4967],[127.00568,37.49685],[127.00524,37.49679],[127.0042,37.49898],[127.00368,37.50158],[127.00356,37.50188],[127.00329,37.50221],[127.00518,37.5028],[127.01006,37.50468],[127.0111,37.50486],[127.01248,37.50489],[127.01411,37.50465],[127.0153,37.50425],[127.01737,37.50322],[127.01786,37.5031],[127.01862,37.50304],[127.01864,37.50298]]]}},{"type":"Feature","properties":{"name":"서울용원초등학교","kind":"zone","note":"학구도안내서비스 2026-03-20 기준 (교육청 공식)","shared":false},"geometry":{"type":"Polygon","coordinates":[[[127.06964,37.6242],[127.06941,37.62464],[127.06871,37.62543],[127.06641,37.62729],[127.06576,37.62786],[127.06519,37.62847],[127.06491,37.62894],[127.06477,37.62931],[127.06436,37.63074],[127.06814,37.63147],[127.06939,37.63153],[127.07025,37.63142],[127.07204,37.62758],[127.07084,37.6272],[127.07105,37.62653],[127.06976,37.62626],[127.07056,37.62523],[127.07075,37.62467],[127.06964,37.6242]]]}},{"type":"Feature","properties":{"name":"서울장충초등학교","kind":"zone","note":"학구도안내서비스 2026-03-20 기준 (교육청 공식)","shared":false},"geometry":{"type":"Polygon","coordinates":[[[127.01026,37.56469],[127.01151,37.56487],[127.01235,37.56491],[127.01624,37.56534],[127.01595,37.56415],[127.01548,37.56317],[127.01427,37.56109],[127.01437,37.56106],[127.01395,37.56029],[127.01477,37.55995],[127.0147,37.55982],[127.01385,37.56011],[127.0135,37.55951],[127.0134,37.55955],[127.01253,37.55813],[127.01075,37.5549],[127.01034,37.55535],[127.01006,37.55525],[127.01043,37.5547],[127.00986,37.55364],[127.00941,37.55326],[127.00951,37.55316],[127.00887,37.55277],[127.00839,37.55209],[127.0078,37.55107],[127.00756,37.5502],[127.00739,37.54878],[127.00713,37.54829],[127.00691,37.54804],[127.00627,37.54781],[127.00567,37.54769],[127.00486,37.54828],[127.00447,37.54911],[127.00456,37.54985],[127.00434,37.55021],[127.00411,37.55013],[127.00441,37.55038],[127.00437,37.55047],[127.00454,37.55071],[127.00449,37.55091],[127.00433,37.55095],[127.00414,37.55127],[127.00398,37.55179],[127.00407,37.55221],[127.00434,37.55255],[127.00432,37.55287],[127.00451,37.55322],[127.0045,37.55383],[127.00458,37.55398],[127.00532,37.55464],[127.00595,37.55506],[127.00631,37.55552],[127.00678,37.55571],[127.00724,37.55627],[127.00762,37.55635],[127.00787,37.55647],[127.00824,37.55698],[127.00834,37.55724],[127.00834,37.55738],[127.00813,37.55781],[127.00815,37.55807],[127.00653,37.55889],[127.00654,37.55905],[127.0057,37.55918],[127.00559,37.55996],[127.00568,37.56052],[127.00543,37.56054],[127.00552,37.56104],[127.0057,37.56144],[127.00648,37.56233],[127.00617,37.56288],[127.00617,37.56316],[127.00635,37.56354],[127.00679,37.5641],[127.01026,37.56469]]]}},{"type":"Feature","properties":{"name":"서울정목초등학교","kind":"zone","note":"학구도안내서비스 2026-03-20 기준 (교육청 공식)","shared":false},"geometry":{"type":"Polygon","coordinates":[[[126.86984,37.54011],[126.86979,37.53969],[126.87047,37.5393],[126.87056,37.53935],[126.87063,37.53955],[126.87063,37.53977],[126.87054,37.53987],[126.87057,37.54013],[126.87288,37.53907],[126.873,37.53937],[126.87322,37.53936],[126.87362,37.53947],[126.87441,37.5392],[126.87342,37.53823],[126.8705,37.53576],[126.87009,37.53534],[126.86986,37.53491],[126.86978,37.53457],[126.86982,37.53359],[126.86973,37.53315],[126.86375,37.5324],[126.86344,37.5361],[126.86369,37.53926],[126.86442,37.53923],[126.86595,37.53932],[126.86794,37.53984],[126.86866,37.53977],[126.8688,37.54042],[126.86987,37.54029],[126.86984,37.54011]]]}},{"type":"Feature","properties":{"name":"서울수암초등학교 · 서울을지초등학교","kind":"zone","note":"학구도안내서비스 2026-03-20 기준 (교육청 공식)","shared":true},"geometry":{"type":"Polygon","coordinates":[[[127.07659,37.64772],[127.07646,37.64445],[127.07508,37.64453],[127.0742,37.64632],[127.07424,37.64759],[127.07554,37.64754],[127.07597,37.64757],[127.07659,37.64772]]]}},{"type":"Feature","properties":{"name":"서울자운초등학교","kind":"zone","note":"학구도안내서비스 2026-03-20 기준 (교육청 공식)","shared":false},"geometry":{"type":"Polygon","coordinates":[[[127.05159,37.66066],[127.05145,37.66042],[127.05148,37.65988],[127.0518,37.65992],[127.05254,37.65891],[127.05342,37.6575],[127.0536,37.65677],[127.05357,37.65615],[127.05401,37.6553],[127.05405,37.65449],[127.05252,37.65435],[127.04885,37.65347],[127.04881,37.65362],[127.04776,37.65339],[127.04716,37.65486],[127.04619,37.65691],[127.04518,37.65926],[127.04494,37.66032],[127.04476,37.66217],[127.04568,37.66221],[127.04645,37.66208],[127.05159,37.66066]]]}},{"type":"Feature","properties":{"name":"서울매동초등학교","kind":"zone","note":"학구도안내서비스 2026-03-20 기준 (교육청 공식)","shared":false},"geometry":{"type":"Polygon","coordinates":[[[126.96772,37.58056],[126.96858,37.58053],[126.96888,37.58061],[126.96919,37.58059],[126.96915,37.58035],[126.96942,37.58003],[126.96959,37.58025],[126.96956,37.58048],[126.97005,37.5805],[126.97008,37.57947],[126.97137,37.5795],[126.97384,37.57935],[126.97405,37.57752],[126.97423,37.57647],[126.97425,37.57578],[126.97448,37.57409],[126.97271,37.57406],[126.971,37.57447],[126.97049,37.57472],[126.9703,37.57453],[126.97007,37.57441],[126.96993,37.57411],[126.96949,37.57405],[126.96891,37.57379],[126.96803,37.5732],[126.96762,37.57316],[126.96761,37.57297],[126.96737,37.57287],[126.96741,37.57259],[126.96783,37.57265],[126.96806,37.57212],[126.96825,37.57201],[126.96951,37.57193],[126.96971,37.57146],[126.97021,37.57152],[126.97092,37.5708],[126.97159,37.57],[126.97014,37.56909],[126.96968,37.56942],[126.96887,37.56936],[126.96795,37.56911],[126.96775,37.56921],[126.96682,37.56937],[126.9662,37.56977],[126.96609,37.57005],[126.96602,37.57001],[126.96594,37.57022],[126.96568,37.57045],[126.96503,37.57153],[126.96496,37.57199],[126.96486,37.57218],[126.965,37.57226],[126.96509,37.57248],[126.96527,37.57242],[126.96541,37.57253],[126.96534,37.57269],[126.96515,37.57287],[126.96446,37.57306],[126.9641,37.5735],[126.96351,37.57399],[126.96338,37.57551],[126.96313,37.5759],[126.9631,37.57625],[126.96297,37.57639],[126.96293,37.57658],[126.96308,37.57702],[126.96286,37.57753],[126.96229,37.57776],[126.96223,37.57769],[126.96122,37.57842],[126.96111,37.57872],[126.96256,37.57836],[126.96303,37.57851],[126.96321,37.57866],[126.96359,37.57872],[126.96393,37.57846],[126.96407,37.57849],[126.9642,37.57842],[126.96445,37.57842],[126.96456,37.57833],[126.96474,37.57829],[126.96483,37.57818],[126.96526,37.57825],[126.9654,37.57843],[126.96597,37.57868],[126.96633,37.57865],[126.9663,37.57935],[126.9671,37.57932],[126.96725,37.57925],[126.96747,37.57931],[126.96737,37.58022],[126.96748,37.58063],[126.96772,37.58056]]]}},{"type":"Feature","properties":{"name":"서울원묵초등학교 · 서울공릉초등학교","kind":"zone","note":"학구도안내서비스 2026-03-20 기준 (교육청 공식)","shared":true},"geometry":{"type":"Polygon","coordinates":[[[127.07899,37.61778],[127.07952,37.6167],[127.07953,37.61658],[127.07944,37.6162],[127.07857,37.61511],[127.07836,37.6154],[127.0775,37.61596],[127.07632,37.61554],[127.07578,37.61724],[127.07749,37.61783],[127.07757,37.61774],[127.07773,37.61787],[127.0777,37.6179],[127.07876,37.61827],[127.07899,37.61778]]]}},{"type":"Feature","properties":{"name":"서울학동초등학교","kind":"zone","note":"학구도안내서비스 2026-03-20 기준 (교육청 공식)","shared":false},"geometry":{"type":"Polygon","coordinates":[[[127.0353,37.51822],[127.03785,37.51868],[127.0405,37.5193],[127.04431,37.50912],[127.04461,37.50871],[127.04506,37.50828],[127.04742,37.50682],[127.04791,37.50642],[127.04834,37.50586],[127.04899,37.50452],[127.03691,37.50082],[127.02943,37.51679],[127.03071,37.51717],[127.03052,37.51749],[127.03161,37.51784],[127.03158,37.51827],[127.0314,37.51862],[127.03266,37.51902],[127.03239,37.51956],[127.03443,37.52021],[127.0353,37.51822]]]}},{"type":"Feature","properties":{"name":"서울염동초등학교","kind":"zone","note":"학구도안내서비스 2026-03-20 기준 (교육청 공식)","shared":false},"geometry":{"type":"Polygon","coordinates":[[[126.87801,37.5528],[126.87805,37.5517],[126.87933,37.55016],[126.88036,37.54846],[126.88079,37.54809],[126.88048,37.54819],[126.87995,37.54813],[126.88026,37.54774],[126.87994,37.54765],[126.87953,37.54823],[126.87816,37.5489],[126.87645,37.54925],[126.875,37.54964],[126.87398,37.54992],[126.87296,37.55029],[126.87207,37.55087],[126.86997,37.55258],[126.87099,37.55353],[126.87196,37.55295],[126.87271,37.55334],[126.87345,37.55274],[126.87377,37.55312],[126.87396,37.55323],[126.87422,37.55364],[126.87478,37.5538],[126.87484,37.55394],[126.87531,37.5542],[126.87708,37.55325],[126.87801,37.55286],[126.87801,37.5528]]]}},{"type":"Feature","properties":{"name":"서울대길초등학교","kind":"zone","note":"학구도안내서비스 2026-03-20 기준 (교육청 공식)","shared":false},"geometry":{"type":"Polygon","coordinates":[[[126.9102,37.5019],[126.91044,37.50182],[126.91051,37.50184],[126.91082,37.50228],[126.9116,37.50202],[126.91177,37.50204],[126.91232,37.50242],[126.91268,37.50215],[126.91267,37.50203],[126.91245,37.50183],[126.91156,37.50146],[126.91088,37.50069],[126.91065,37.5001],[126.9201,37.50003],[126.92009,37.4998],[126.92028,37.4998],[126.92022,37.49834],[126.91982,37.4978],[126.91941,37.4976],[126.91486,37.49661],[126.9129,37.49642],[126.91253,37.49635],[126.91213,37.49618],[126.91181,37.49588],[126.91084,37.49429],[126.91035,37.49362],[126.90938,37.49251],[126.90892,37.49423],[126.90852,37.49549],[126.90814,37.4978],[126.90818,37.49821],[126.9088,37.50007],[126.90872,37.50007],[126.90871,37.50021],[126.90891,37.50021],[126.90922,37.50051],[126.90979,37.50118],[126.9102,37.5019]]]}},{"type":"Feature","properties":{"name":"서울영본초등학교","kind":"zone","note":"학구도안내서비스 2026-03-20 기준 (교육청 공식)","shared":false},"geometry":{"type":"Polygon","coordinates":[[[126.94874,37.51571],[126.94889,37.5157],[126.94958,37.51529],[126.95071,37.51483],[126.95067,37.51477],[126.95095,37.51466],[126.95081,37.51454],[126.95085,37.51449],[126.95057,37.51455],[126.95034,37.51421],[126.95049,37.51384],[126.95067,37.51383],[126.95056,37.51381],[126.95048,37.51368],[126.95052,37.51353],[126.95073,37.51348],[126.95082,37.51339],[126.95083,37.51327],[126.95091,37.51329],[126.95051,37.51272],[126.95226,37.51268],[126.95183,37.5119],[126.95146,37.51159],[126.95137,37.51137],[126.95231,37.51092],[126.95221,37.51068],[126.9523,37.51046],[126.95221,37.51014],[126.95227,37.50977],[126.95251,37.50956],[126.95177,37.50813],[126.95095,37.50804],[126.9504,37.50815],[126.95013,37.50753],[126.94959,37.50715],[126.94815,37.50685],[126.94791,37.50687],[126.94736,37.5062],[126.94704,37.50692],[126.94673,37.507],[126.9465,37.507],[126.94616,37.50715],[126.94594,37.50692],[126.94561,37.50705],[126.94557,37.50694],[126.94517,37.50695],[126.94516,37.50683],[126.94507,37.5069],[126.94499,37.50685],[126.94467,37.50719],[126.94421,37.50751],[126.94393,37.50789],[126.94357,37.5082],[126.94386,37.50841],[126.94456,37.50848],[126.94515,37.50838],[126.94517,37.5085],[126.94528,37.50858],[126.94513,37.50905],[126.94521,37.5091],[126.94511,37.50924],[126.94524,37.50926],[126.94523,37.50953],[126.94549,37.50963],[126.9455,37.50968],[126.94511,37.51002],[126.94483,37.51037],[126.94432,37.51155],[126.94423,37.51379],[126.94521,37.51377],[126.94683,37.51342],[126.94646,37.51445],[126.94679,37.51458],[126.94671,37.51719],[126.94956,37.51762],[126.95045,37.51734],[126.94863,37.51578],[126.94874,37.51571]]]}},{"type":"Feature","properties":{"name":"서울면북초등학교","kind":"zone","note":"학구도안내서비스 2026-03-20 기준 (교육청 공식)","shared":false},"geometry":{"type":"Polygon","coordinates":[[[127.10266,37.59758],[127.10275,37.59736],[127.10309,37.5969],[127.10317,37.59648],[127.10382,37.59572],[127.10237,37.59555],[127.10188,37.59533],[127.10197,37.59516],[127.10189,37.59504],[127.10237,37.59473],[127.10258,37.59479],[127.10272,37.59469],[127.10306,37.59476],[127.10331,37.59473],[127.10379,37.5949],[127.10395,37.59389],[127.10548,37.59355],[127.10701,37.59365],[127.11009,37.59317],[127.11269,37.5922],[127.11068,37.58916],[127.11043,37.58807],[127.11015,37.58743],[127.10993,37.58787],[127.10897,37.58801],[127.10855,37.58826],[127.10832,37.58832],[127.1078,37.58829],[127.10722,37.58811],[127.10588,37.58812],[127.10434,37.58877],[127.10538,37.59056],[127.10343,37.59124],[127.10284,37.59114],[127.10229,37.5913],[127.10206,37.59196],[127.10146,37.59181],[127.10125,37.59234],[127.10185,37.59249],[127.10147,37.59349],[127.10118,37.59341],[127.09932,37.59406],[127.09869,37.5929],[127.09749,37.59331],[127.09693,37.59495],[127.10017,37.59567],[127.10028,37.5974],[127.10101,37.59738],[127.10102,37.5975],[127.10154,37.59751],[127.10186,37.59796],[127.10183,37.59798],[127.10242,37.59806],[127.10266,37.59758]]]}},{"type":"Feature","properties":{"name":"서울방화초등학교","kind":"zone","note":"학구도안내서비스 2026-03-20 기준 (교육청 공식)","shared":false},"geometry":{"type":"Polygon","coordinates":[[[126.81242,37.57075],[126.81268,37.57025],[126.81284,37.56975],[126.81281,37.56859],[126.81202,37.56894],[126.81182,37.56866],[126.81183,37.56848],[126.8117,37.56846],[126.81174,37.56779],[126.81116,37.56779],[126.81088,37.56653],[126.80981,37.56685],[126.80957,37.56653],[126.80974,37.56642],[126.81029,37.56624],[126.81026,37.56617],[126.81032,37.5661],[126.81074,37.56591],[126.81066,37.56581],[126.81046,37.56562],[126.8096,37.566],[126.80945,37.56581],[126.80929,37.56587],[126.8092,37.56577],[126.80856,37.56596],[126.80841,37.56573],[126.80827,37.5658],[126.80812,37.5656],[126.80872,37.56533],[126.80839,37.56531],[126.80809,37.56437],[126.80636,37.56417],[126.80444,37.56996],[126.8046,37.57062],[126.80612,37.57062],[126.80613,37.57111],[126.8066,37.57072],[126.80674,37.57082],[126.80702,37.5706],[126.80746,37.57093],[126.80742,37.57276],[126.81068,37.57328],[126.81242,37.57075]]]}},{"type":"Feature","properties":{"name":"서울언주초등학교","kind":"zone","note":"학구도안내서비스 2026-03-20 기준 (교육청 공식)","shared":false},"geometry":{"type":"Polygon","coordinates":[[[127.0414,37.48539],[127.04175,37.48544],[127.04161,37.48524],[127.04295,37.48227],[127.04306,37.48226],[127.04314,37.48187],[127.04389,37.48056],[127.04404,37.47978],[127.04,37.47514],[127.03933,37.47461],[127.03864,37.47427],[127.03863,37.47831],[127.03854,37.47884],[127.03809,37.48009],[127.03772,37.48077],[127.03726,37.48137],[127.03637,37.48095],[127.03625,37.48081],[127.03602,37.48082],[127.03577,37.48097],[127.0355,37.48129],[127.03521,37.48141],[127.03514,37.48171],[127.03526,37.48181],[127.03467,37.48238],[127.03444,37.4828],[127.03405,37.48307],[127.03367,37.48383],[127.03355,37.48446],[127.034,37.48455],[127.03161,37.48955],[127.04672,37.49419],[127.04771,37.49218],[127.04984,37.4884],[127.045,37.48617],[127.04377,37.4859],[127.04134,37.48556],[127.0414,37.48539]]]}},{"type":"Feature","properties":{"name":"서울신곡초등학교","kind":"zone","note":"학구도안내서비스 2026-03-20 기준 (교육청 공식)","shared":false},"geometry":{"type":"Polygon","coordinates":[[[126.8574,37.54206],[126.8588,37.54191],[126.8595,37.54176],[126.86034,37.54132],[126.86042,37.54115],[126.86056,37.54027],[126.86032,37.53968],[126.86056,37.53947],[126.86065,37.5392],[126.86069,37.53849],[126.86076,37.53839],[126.86202,37.53825],[126.86267,37.53806],[126.86262,37.53791],[126.86235,37.53777],[126.86236,37.53617],[126.86201,37.53615],[126.86208,37.53553],[126.86348,37.53561],[126.86397,37.52979],[126.85846,37.5291],[126.85761,37.53341],[126.85454,37.53643],[126.8541,37.53615],[126.85375,37.53648],[126.85357,37.5365],[126.85356,37.53638],[126.85366,37.53637],[126.85378,37.53627],[126.8534,37.53599],[126.85165,37.53668],[126.85153,37.53684],[126.85153,37.53709],[126.85203,37.53816],[126.85204,37.53831],[126.85174,37.53873],[126.85163,37.53907],[126.85157,37.53903],[126.85173,37.53943],[126.8521,37.53955],[126.8527,37.54011],[126.85381,37.54055],[126.85398,37.54075],[126.85407,37.54112],[126.85418,37.5413],[126.85436,37.54144],[126.85487,37.54163],[126.85506,37.54137],[126.85578,37.54177],[126.85597,37.54193],[126.85587,37.54221],[126.85617,37.54251],[126.8574,37.54206]]]}},{"type":"Feature","properties":{"name":"서울고원초등학교","kind":"zone","note":"학구도안내서비스 2026-03-20 기준 (교육청 공식)","shared":false},"geometry":{"type":"Polygon","coordinates":[[[126.86789,37.49668],[126.86798,37.49612],[126.86818,37.4955],[126.86516,37.49418],[126.86397,37.49392],[126.86262,37.49388],[126.85966,37.4944],[126.8596,37.49419],[126.85931,37.49419],[126.85855,37.49435],[126.85863,37.49461],[126.85632,37.49508],[126.85648,37.49737],[126.85725,37.49738],[126.86172,37.4966],[126.86251,37.4966],[126.86313,37.49674],[126.86373,37.49703],[126.86619,37.49901],[126.86676,37.49936],[126.8672,37.49954],[126.86775,37.49964],[126.86818,37.49964],[126.86881,37.49953],[126.868,37.49767],[126.86789,37.49668]]]}},{"type":"Feature","properties":{"name":"서울개웅초등학교","kind":"zone","note":"학구도안내서비스 2026-03-20 기준 (교육청 공식)","shared":false},"geometry":{"type":"Polygon","coordinates":[[[126.85614,37.49363],[126.85595,37.49149],[126.85644,37.48642],[126.85222,37.48616],[126.85216,37.48685],[126.85148,37.48685],[126.85077,37.48655],[126.85065,37.48668],[126.85063,37.48686],[126.85069,37.48763],[126.85017,37.48753],[126.85018,37.48809],[126.8495,37.48808],[126.8493,37.48826],[126.84932,37.48882],[126.85061,37.48881],[126.85055,37.4898],[126.8502,37.48993],[126.85018,37.49031],[126.85062,37.4904],[126.85057,37.49114],[126.85105,37.49117],[126.85084,37.49308],[126.85044,37.49305],[126.84999,37.49282],[126.84957,37.49352],[126.84843,37.49332],[126.84818,37.49357],[126.84831,37.49387],[126.84848,37.49476],[126.85109,37.49532],[126.8519,37.49469],[126.85265,37.49435],[126.85378,37.49409],[126.85616,37.49386],[126.85614,37.49363]]]}},{"type":"Feature","properties":{"name":"서울목원초등학교","kind":"zone","note":"학구도안내서비스 2026-03-20 기준 (교육청 공식)","shared":false},"geometry":{"type":"Polygon","coordinates":[[[126.88252,37.54603],[126.88275,37.54575],[126.88372,37.54498],[126.88417,37.54453],[126.88425,37.54424],[126.88425,37.54357],[126.88443,37.54338],[126.88473,37.54329],[126.88509,37.54331],[126.88543,37.54233],[126.88551,37.54155],[126.88651,37.53941],[126.88311,37.53825],[126.88277,37.53895],[126.88252,37.53934],[126.8823,37.53954],[126.88201,37.5397],[126.88088,37.53998],[126.88045,37.54029],[126.88031,37.54052],[126.87999,37.54226],[126.88122,37.54277],[126.88136,37.54289],[126.8807,37.5434],[126.87997,37.54377],[126.87987,37.54389],[126.87891,37.54417],[126.87999,37.54449],[126.88018,37.54481],[126.88023,37.54496],[126.88011,37.54504],[126.88,37.54558],[126.87955,37.54594],[126.87962,37.54613],[126.88022,37.54599],[126.88073,37.54654],[126.8807,37.54659],[126.88174,37.5471],[126.8823,37.54649],[126.88252,37.54603]]]}},{"type":"Feature","properties":{"name":"서울등서초등학교","kind":"zone","note":"학구도안내서비스 2026-03-20 기준 (교육청 공식)","shared":false},"geometry":{"type":"Polygon","coordinates":[[[126.85675,37.54896],[126.85646,37.54853],[126.85614,37.54752],[126.85483,37.54621],[126.85468,37.54561],[126.85472,37.54542],[126.85268,37.54552],[126.85216,37.54585],[126.85192,37.54573],[126.84936,37.54768],[126.84924,37.54786],[126.84915,37.5483],[126.84788,37.54893],[126.84759,37.54859],[126.84706,37.54886],[126.85083,37.55321],[126.85234,37.55593],[126.8565,37.55449],[126.85658,37.55413],[126.85732,37.5527],[126.85776,37.5514],[126.85726,37.55038],[126.85654,37.54964],[126.85675,37.54896]]]}},{"type":"Feature","properties":{"name":"서울연은초등학교","kind":"zone","note":"학구도안내서비스 2026-03-20 기준 (교육청 공식)","shared":false},"geometry":{"type":"Polygon","coordinates":[[[126.92576,37.59575],[126.92719,37.59537],[126.92733,37.59469],[126.93036,37.59433],[126.92996,37.59417],[126.92932,37.59333],[126.92884,37.59285],[126.92854,37.59228],[126.92776,37.59158],[126.92797,37.59104],[126.92765,37.59052],[126.92794,37.58994],[126.9276,37.58939],[126.92776,37.58887],[126.928,37.58839],[126.92774,37.58808],[126.92641,37.58733],[126.92573,37.58714],[126.92507,37.58724],[126.92448,37.58721],[126.92386,37.5871],[126.92359,37.58615],[126.92281,37.58563],[126.92266,37.58883],[126.92309,37.59404],[126.92285,37.59483],[126.9229,37.59506],[126.92382,37.5966],[126.92426,37.59644],[126.92473,37.59615],[126.92471,37.59607],[126.92537,37.59599],[126.92576,37.59575]]]}},{"type":"Feature","properties":{"name":"서울송파초등학교","kind":"zone","note":"학구도안내서비스 2026-03-20 기준 (교육청 공식)","shared":false},"geometry":{"type":"Polygon","coordinates":[[[127.1167,37.50777],[127.11503,37.50511],[127.11451,37.50443],[127.11404,37.50397],[127.11342,37.50346],[127.1124,37.50282],[127.11135,37.50237],[127.11037,37.50205],[127.11033,37.50209],[127.11013,37.50197],[127.10402,37.50869],[127.10422,37.50896],[127.10814,37.51195],[127.11225,37.51032],[127.1167,37.50777]]]}},{"type":"Feature","properties":{"name":"서울신명초등학교","kind":"zone","note":"학구도안내서비스 2026-03-20 기준 (교육청 공식)","shared":false},"geometry":{"type":"Polygon","coordinates":[[[127.14855,37.54575],[127.14844,37.54537],[127.14871,37.5453],[127.14873,37.54502],[127.1489,37.54502],[127.14919,37.54529],[127.14937,37.54562],[127.15043,37.54567],[127.15062,37.5454],[127.15074,37.54534],[127.15093,37.5448],[127.15184,37.54498],[127.1521,37.54417],[127.15219,37.5441],[127.15283,37.54485],[127.15313,37.54483],[127.15334,37.54415],[127.15456,37.54439],[127.15496,37.54427],[127.15525,37.54399],[127.15554,37.54402],[127.15595,37.54382],[127.15666,37.5443],[127.15777,37.54468],[127.15793,37.54457],[127.15813,37.54478],[127.15894,37.54465],[127.15914,37.54475],[127.15921,37.54471],[127.1595,37.54478],[127.15951,37.54508],[127.15943,37.54511],[127.15956,37.54533],[127.16027,37.54397],[127.1608,37.5437],[127.16188,37.54359],[127.16126,37.54295],[127.16031,37.54163],[127.15992,37.54139],[127.15972,37.54136],[127.15964,37.54126],[127.15077,37.53751],[127.15051,37.53796],[127.15042,37.53851],[127.15051,37.53857],[127.14938,37.53878],[127.14928,37.53873],[127.14918,37.53843],[127.14817,37.5385],[127.1481,37.53905],[127.14659,37.53935],[127.14701,37.54067],[127.14117,37.54098],[127.14274,37.54508],[127.14571,37.54436],[127.1456,37.54489],[127.14641,37.54524],[127.14679,37.54548],[127.14705,37.5455],[127.14713,37.54541],[127.14749,37.54572],[127.1476,37.54598],[127.14855,37.54575]]]}},{"type":"Feature","properties":{"name":"서울연희초등학교","kind":"zone","note":"학구도안내서비스 2026-03-20 기준 (교육청 공식)","shared":false},"geometry":{"type":"Polygon","coordinates":[[[126.94188,37.58315],[126.94193,37.58304],[126.9417,37.58268],[126.94159,37.58236],[126.94187,37.58096],[126.94218,37.58067],[126.94273,37.58054],[126.94307,37.58037],[126.94341,37.58008],[126.94399,37.57997],[126.9444,37.57766],[126.94462,37.5774],[126.94487,37.57726],[126.94573,37.57697],[126.9452,37.57651],[126.94443,37.57562],[126.94402,37.57543],[126.94362,37.57474],[126.94345,37.57457],[126.94346,37.57361],[126.94398,37.57306],[126.94413,37.57272],[126.94414,37.57209],[126.94398,37.57179],[126.9436,37.57135],[126.94345,37.571],[126.94313,37.57076],[126.94281,37.57032],[126.94166,37.57038],[126.94134,37.57006],[126.94079,37.57001],[126.94038,37.56978],[126.9386,37.56905],[126.93834,37.56855],[126.93819,37.5684],[126.93757,37.5682],[126.9369,37.56786],[126.93641,37.56742],[126.9359,37.5667],[126.93578,37.5663],[126.93521,37.56638],[126.93472,37.56615],[126.93475,37.56537],[126.93463,37.56544],[126.93431,37.56541],[126.93401,37.56523],[126.93386,37.56502],[126.93387,37.56444],[126.934,37.56435],[126.93394,37.56383],[126.93388,37.56384],[126.93367,37.56349],[126.93354,37.56341],[126.93304,37.5632],[126.93297,37.56307],[126.93273,37.56298],[126.93246,37.56305],[126.93248,37.56314],[126.93206,37.56329],[126.93152,37.56295],[126.93151,37.56275],[126.93166,37.56253],[126.93157,37.56236],[126.92917,37.56459],[126.92827,37.56334],[126.92602,37.5651],[126.9253,37.56545],[126.92358,37.566],[126.92156,37.56644],[126.92018,37.56664],[126.91844,37.56711],[126.91674,37.56783],[126.91755,37.56871],[126.92573,37.575],[126.9263,37.57539],[126.92717,37.57589],[126.93049,37.57761],[126.93116,37.57671],[126.9304,37.57631],[126.93064,37.57595],[126.93006,37.57511],[126.93023,37.57519],[126.93122,37.57529],[126.93155,37.57529],[126.93183,37.57516],[126.93249,37.57529],[126.93319,37.5753],[126.93317,37.57541],[126.93346,37.57531],[126.93356,37.57537],[126.93419,37.57532],[126.93496,37.57536],[126.93503,37.57548],[126.93508,37.57542],[126.93531,37.5754],[126.93531,37.57552],[126.93627,37.57605],[126.93711,37.57606],[126.93876,37.57695],[126.93899,37.57712],[126.93925,37.5776],[126.93956,37.57906],[126.93993,37.58045],[126.94041,37.58121],[126.94062,37.58215],[126.94068,37.5828],[126.94108,37.58307],[126.94146,37.58392],[126.94207,37.58404],[126.94206,37.58393],[126.9418,37.58369],[126.94176,37.58338],[126.94188,37.58315]]]}},{"type":"Feature","properties":{"name":"서울조원초등학교","kind":"zone","note":"학구도안내서비스 2026-03-20 기준 (교육청 공식)","shared":false},"geometry":{"type":"Polygon","coordinates":[[[126.91381,37.48522],[126.9145,37.48181],[126.90974,37.48094],[126.90979,37.48077],[126.90552,37.47998],[126.90529,37.47999],[126.90524,37.48011],[126.89894,37.47894],[126.89923,37.47984],[126.89971,37.4807],[126.9032,37.485],[126.90553,37.48491],[126.9061,37.48496],[126.90939,37.4859],[126.90989,37.4859],[126.91126,37.48626],[126.91192,37.48651],[126.91296,37.48731],[126.9135,37.48687],[126.91381,37.48522]]]}},{"type":"Feature","properties":{"name":"서울연광초등학교","kind":"zone","note":"학구도안내서비스 2026-03-20 기준 (교육청 공식)","shared":false},"geometry":{"type":"Polygon","coordinates":[[[126.92486,37.62537],[126.92506,37.62541],[126.92528,37.62534],[126.92534,37.62512],[126.92567,37.62517],[126.92565,37.62531],[126.9259,37.62536],[126.92596,37.625],[126.92618,37.62502],[126.92654,37.62485],[126.92616,37.6243],[126.92668,37.62378],[126.92642,37.6232],[126.92705,37.62312],[126.92743,37.623],[126.92663,37.62181],[126.92621,37.62133],[126.92424,37.62033],[126.92324,37.61997],[126.9229,37.61978],[126.9223,37.61919],[126.92137,37.61888],[126.92036,37.62009],[126.92016,37.62047],[126.91981,37.62188],[126.91976,37.62246],[126.92008,37.62593],[126.92084,37.626],[126.92194,37.62545],[126.92207,37.62557],[126.92355,37.62545],[126.92381,37.62534],[126.92389,37.62547],[126.92345,37.62578],[126.92408,37.62619],[126.92486,37.62537]]]}},{"type":"Feature","properties":{"name":"서울창원초등학교","kind":"zone","note":"학구도안내서비스 2026-03-20 기준 (교육청 공식)","shared":false},"geometry":{"type":"Polygon","coordinates":[[[127.04096,37.65397],[127.04105,37.65358],[127.04157,37.65353],[127.04208,37.65335],[127.04264,37.65328],[127.04319,37.65301],[127.04368,37.65286],[127.04385,37.65268],[127.04399,37.65232],[127.04155,37.6517],[127.04472,37.65122],[127.0445,37.65071],[127.04357,37.65047],[127.04348,37.65068],[127.04259,37.65049],[127.04283,37.64986],[127.04307,37.64955],[127.04253,37.64906],[127.04379,37.6481],[127.04332,37.64773],[127.04274,37.64711],[127.0423,37.6469],[127.04045,37.64682],[127.03746,37.64628],[127.0348,37.64609],[127.03443,37.64615],[127.03341,37.64654],[127.03839,37.6549],[127.04096,37.65397]]]}},{"type":"Feature","properties":{"name":"서울묘곡초등학교","kind":"zone","note":"학구도안내서비스 2026-03-20 기준 (교육청 공식)","shared":false},"geometry":{"type":"Polygon","coordinates":[[[127.15724,37.5686],[127.15747,37.56862],[127.15815,37.5685],[127.15829,37.56831],[127.15801,37.56778],[127.15766,37.56736],[127.15635,37.56547],[127.15615,37.56531],[127.15656,37.56495],[127.15661,37.5643],[127.15648,37.56367],[127.15653,37.56338],[127.15635,37.56309],[127.15583,37.56289],[127.15578,37.5626],[127.15692,37.56294],[127.15671,37.55758],[127.15657,37.55538],[127.15453,37.5551],[127.15455,37.55504],[127.15339,37.55488],[127.15338,37.55494],[127.15159,37.5547],[127.14897,37.5547],[127.14894,37.55634],[127.14879,37.55883],[127.1484,37.55903],[127.14758,37.55964],[127.14707,37.5602],[127.14678,37.56068],[127.14733,37.56087],[127.14728,37.56133],[127.14694,37.56171],[127.1468,37.56212],[127.14658,37.56238],[127.14633,37.56341],[127.14595,37.56378],[127.14554,37.56394],[127.14534,37.56417],[127.14521,37.56457],[127.14523,37.56533],[127.1451,37.56557],[127.14483,37.56573],[127.14503,37.56595],[127.14512,37.56634],[127.14508,37.56663],[127.14559,37.56775],[127.14559,37.56843],[127.14895,37.56843],[127.15518,37.57214],[127.15684,37.56932],[127.15668,37.5691],[127.15724,37.5686]]]}},{"type":"Feature","properties":{"name":"서울정수초등학교","kind":"zone","note":"학구도안내서비스 2026-03-20 기준 (교육청 공식)","shared":false},"geometry":{"type":"Polygon","coordinates":[[[127.00535,37.60772],[127.0057,37.60758],[127.00628,37.6075],[127.00724,37.60698],[127.00757,37.60667],[127.00786,37.60611],[127.00802,37.606],[127.00869,37.60618],[127.0093,37.60616],[127.00935,37.60641],[127.00927,37.60742],[127.00982,37.60741],[127.00984,37.60652],[127.01028,37.60647],[127.01034,37.60634],[127.01041,37.60633],[127.01093,37.60649],[127.01161,37.60503],[127.01171,37.60448],[127.01208,37.60429],[127.01283,37.6037],[127.01329,37.60349],[127.01337,37.60293],[127.01359,37.60229],[127.0141,37.602],[127.01438,37.60167],[127.01433,37.60121],[127.01411,37.6008],[127.01349,37.60166],[127.01323,37.60189],[127.01299,37.60195],[127.01252,37.60189],[127.01189,37.60125],[127.01132,37.60118],[127.01128,37.60111],[127.0112,37.60117],[127.01068,37.60111],[127.0095,37.60036],[127.00935,37.60008],[127.00929,37.59921],[127.00912,37.59902],[127.00788,37.59878],[127.00754,37.59879],[127.00704,37.59865],[127.00632,37.5977],[127.00573,37.5976],[127.00555,37.59709],[127.0047,37.59719],[127.00449,37.59732],[127.00445,37.59741],[127.00346,37.59822],[127.00247,37.59947],[127.00209,37.59948],[127.00207,37.59953],[127.00512,37.60006],[127.00662,37.60004],[127.00785,37.60176],[127.00732,37.60315],[127.00631,37.60443],[127.00426,37.60624],[127.00415,37.60675],[127.00376,37.60754],[127.00373,37.60769],[127.00354,37.60765],[127.00345,37.60804],[127.00396,37.60859],[127.00416,37.60868],[127.00433,37.60867],[127.00463,37.60854],[127.00535,37.60772]]]}},{"type":"Feature","properties":{"name":"서울신봉초등학교","kind":"zone","note":"학구도안내서비스 2026-03-20 기준 (교육청 공식)","shared":false},"geometry":{"type":"Polygon","coordinates":[[[126.95391,37.48649],[126.95383,37.48607],[126.95617,37.48565],[126.9529,37.48172],[126.95275,37.48123],[126.95119,37.48149],[126.94348,37.48223],[126.94377,37.48432],[126.94393,37.48442],[126.94414,37.48574],[126.9463,37.48592],[126.94633,37.48604],[126.94639,37.48608],[126.9462,37.48699],[126.95232,37.48633],[126.95227,37.48677],[126.95202,37.48752],[126.95295,37.48735],[126.95292,37.48727],[126.95308,37.48724],[126.95306,37.48715],[126.95405,37.48698],[126.95391,37.48649]]]}},{"type":"Feature","properties":{"name":"서울정릉초등학교","kind":"zone","note":"학구도안내서비스 2026-03-20 기준 (교육청 공식)","shared":false},"geometry":{"type":"Polygon","coordinates":[[[126.98546,37.63593],[126.98592,37.63579],[126.98636,37.63546],[126.98743,37.63496],[126.98818,37.63449],[126.98857,37.63379],[126.98874,37.63394],[126.98946,37.634],[126.98985,37.63345],[126.98993,37.6328],[126.99137,37.63261],[126.99184,37.63228],[126.99372,37.63145],[126.9941,37.63112],[126.99426,37.63085],[126.99474,37.63052],[126.99539,37.63025],[126.99604,37.62935],[126.9965,37.62909],[126.99678,37.62866],[126.99756,37.62806],[126.99789,37.62754],[126.99849,37.62708],[126.99927,37.62619],[126.99985,37.62604],[127.0002,37.62581],[127.0007,37.6257],[127.00176,37.62564],[127.00213,37.62543],[127.00298,37.62527],[127.00352,37.62493],[127.00389,37.62423],[127.00441,37.62406],[127.00456,37.62408],[127.00488,37.62382],[127.00518,37.624],[127.00557,37.62385],[127.00571,37.62398],[127.00733,37.62413],[127.0079,37.62398],[127.00789,37.6237],[127.00774,37.62335],[127.00779,37.62294],[127.00754,37.62266],[127.00763,37.62226],[127.00744,37.62176],[127.00758,37.6215],[127.00741,37.62139],[127.00732,37.62104],[127.0072,37.62086],[127.00732,37.62069],[127.00721,37.62051],[127.0076,37.62001],[127.00786,37.61986],[127.00775,37.61963],[127.00794,37.61941],[127.00817,37.61932],[127.0084,37.61911],[127.00855,37.61867],[127.00907,37.61829],[127.00954,37.61821],[127.00995,37.61778],[127.01005,37.61766],[127.01,37.61727],[127.01014,37.61706],[127.0101,37.61685],[127.01098,37.6163],[127.01112,37.61596],[127.01129,37.61494],[127.01086,37.61439],[127.01067,37.61403],[127.01032,37.61364],[127.01031,37.61305],[127.01018,37.61283],[127.00981,37.61288],[127.00962,37.61317],[127.0096,37.61332],[127.00973,37.61349],[127.00878,37.61407],[127.00867,37.61389],[127.00823,37.61382],[127.00808,37.61357],[127.0077,37.61373],[127.00739,37.61334],[127.00675,37.61367],[127.00645,37.61343],[127.00625,37.61374],[127.00609,37.61483],[127.00587,37.61534],[127.00418,37.61574],[127.00348,37.61606],[127.00305,37.61634],[127.00252,37.61646],[127.00172,37.61647],[127.00093,37.61677],[127.00071,37.61679],[126.99934,37.61673],[126.99915,37.61649],[126.99883,37.61644],[126.99627,37.61648],[126.99603,37.61723],[126.99517,37.61835],[126.99517,37.61936],[126.99545,37.61955],[126.99523,37.61987],[126.995,37.62],[126.99487,37.62027],[126.99408,37.62043],[126.99377,37.62058],[126.99342,37.62097],[126.99324,37.62148],[126.98726,37.62581],[126.98661,37.626],[126.98599,37.62608],[126.98458,37.6275],[126.98451,37.62794],[126.9841,37.62849],[126.98303,37.62903],[126.9819,37.62925],[126.98101,37.6289],[126.98,37.62838],[126.97993,37.62856],[126.97953,37.62889],[126.97844,37.62929],[126.97493,37.62903],[126.97467,37.62981],[126.97507,37.63118],[126.97536,37.6317],[126.97558,37.63175],[126.97583,37.63201],[126.97622,37.63223],[126.97701,37.63297],[126.97733,37.63358],[126.9778,37.63391],[126.97846,37.63405],[126.9792,37.63408],[126.97965,37.63421],[126.98061,37.63482],[126.98142,37.63483],[126.98151,37.63472],[126.98168,37.63494],[126.98216,37.63528],[126.98229,37.63553],[126.98252,37.63579],[126.98279,37.63581],[126.98313,37.63611],[126.98371,37.63646],[126.98396,37.63644],[126.98546,37.63593]]]}},{"type":"Feature","properties":{"name":"서울고일초등학교","kind":"zone","note":"학구도안내서비스 2026-03-20 기준 (교육청 공식)","shared":false},"geometry":{"type":"Polygon","coordinates":[[[127.17275,37.55105],[127.17057,37.55073],[127.17079,37.5498],[127.17029,37.55004],[127.16987,37.54994],[127.16957,37.54975],[127.16922,37.54928],[127.16871,37.54791],[127.16824,37.54783],[127.16795,37.54756],[127.1671,37.54721],[127.16708,37.54763],[127.16699,37.54789],[127.1668,37.54816],[127.16545,37.54952],[127.16532,37.54987],[127.16527,37.55052],[127.16483,37.55053],[127.16423,37.55068],[127.1641,37.55059],[127.16366,37.55051],[127.16224,37.55052],[127.16193,37.55047],[127.1619,37.55077],[127.16174,37.55096],[127.16126,37.55066],[127.16153,37.5511],[127.16137,37.55119],[127.16135,37.55113],[127.16119,37.55108],[127.16112,37.5513],[127.16095,37.55148],[127.16098,37.55152],[127.16029,37.5516],[127.16027,37.55177],[127.16057,37.5519],[127.16129,37.55176],[127.16153,37.55161],[127.16205,37.55144],[127.16231,37.55111],[127.16281,37.55113],[127.16322,37.55105],[127.16468,37.55105],[127.16466,37.55228],[127.16522,37.55231],[127.16518,37.55346],[127.17214,37.55372],[127.17275,37.55105]]]}},{"type":"Feature","properties":{"name":"서울고현초등학교","kind":"zone","note":"학구도안내서비스 2026-03-20 기준 (교육청 공식)","shared":false},"geometry":{"type":"Polygon","coordinates":[[[127.17126,37.55708],[127.17129,37.55639],[127.17189,37.55474],[127.17214,37.55372],[127.16518,37.55346],[127.16522,37.55231],[127.16448,37.55231],[127.16389,37.55265],[127.1648,37.55349],[127.16491,37.55354],[127.165,37.55351],[127.16503,37.55359],[127.16517,37.55355],[127.16522,37.55417],[127.16559,37.5548],[127.16566,37.55507],[127.16563,37.5555],[127.16503,37.55543],[127.16374,37.55473],[127.16343,37.55494],[127.1634,37.55549],[127.16413,37.55585],[127.16396,37.55604],[127.16417,37.55645],[127.16533,37.55662],[127.16531,37.5567],[127.16633,37.55682],[127.16635,37.55673],[127.17109,37.55728],[127.17129,37.55725],[127.17126,37.55708]]]}},{"type":"Feature","properties":{"name":"서울개봉초등학교","kind":"zone","note":"학구도안내서비스 2026-03-20 기준 (교육청 공식)","shared":false},"geometry":{"type":"Polygon","coordinates":[[[126.85929,37.49419],[126.8596,37.49419],[126.85966,37.4944],[126.86262,37.49388],[126.86397,37.49392],[126.86516,37.49418],[126.86751,37.4952],[126.86759,37.49465],[126.86689,37.49432],[126.86677,37.4942],[126.86704,37.49395],[126.86722,37.49399],[126.86747,37.49422],[126.86763,37.49425],[126.86778,37.49408],[126.86776,37.49358],[126.86754,37.49337],[126.86737,37.49307],[126.86716,37.49292],[126.86696,37.49287],[126.8666,37.49289],[126.86669,37.49266],[126.8665,37.4926],[126.8663,37.49263],[126.8662,37.49256],[126.86608,37.49236],[126.86581,37.49215],[126.8654,37.49151],[126.86515,37.49159],[126.86505,37.49154],[126.8648,37.49132],[126.86477,37.49117],[126.86456,37.49102],[126.8645,37.49107],[126.86452,37.4912],[126.86403,37.49102],[126.86281,37.49083],[126.86217,37.49058],[126.86177,37.49033],[126.86138,37.48997],[126.85797,37.48608],[126.85745,37.48579],[126.8565,37.4857],[126.85595,37.49149],[126.85616,37.49386],[126.85378,37.49409],[126.85265,37.49435],[126.85211,37.49457],[126.8513,37.49511],[126.85061,37.49589],[126.85243,37.49582],[126.8539,37.49559],[126.85863,37.49461],[126.85855,37.49435],[126.85929,37.49419]]]}},{"type":"Feature","properties":{"name":"서울상봉초등학교","kind":"zone","note":"학구도안내서비스 2026-03-20 기준 (교육청 공식)","shared":false},"geometry":{"type":"Polygon","coordinates":[[[127.08651,37.59967],[127.08648,37.59758],[127.08666,37.59731],[127.08797,37.59769],[127.08809,37.59706],[127.08265,37.5956],[127.07054,37.59254],[127.07027,37.59334],[127.06943,37.59512],[127.06949,37.59724],[127.06958,37.59742],[127.07079,37.59862],[127.07117,37.59881],[127.07169,37.5993],[127.07556,37.59708],[127.07664,37.59654],[127.07801,37.59611],[127.07902,37.59596],[127.07997,37.59593],[127.08004,37.59593],[127.0801,37.59708],[127.08031,37.59721],[127.07985,37.59955],[127.08188,37.59979],[127.08284,37.60013],[127.08288,37.59991],[127.08279,37.59971],[127.08346,37.59973],[127.08346,37.5996],[127.08339,37.59956],[127.08339,37.59919],[127.0837,37.59917],[127.08375,37.59968],[127.08535,37.59964],[127.08561,37.59989],[127.0856,37.6],[127.08577,37.60001],[127.08582,37.60023],[127.08595,37.60036],[127.08652,37.60036],[127.08651,37.59967]]]}},{"type":"Feature","properties":{"name":"서울성원초등학교","kind":"zone","note":"학구도안내서비스 2026-03-20 기준 (교육청 공식)","shared":false},"geometry":{"type":"Polygon","coordinates":[[[126.90785,37.56815],[126.90749,37.56749],[126.90684,37.56659],[126.90742,37.56444],[126.90355,37.56337],[126.90426,37.56259],[126.90408,37.56249],[126.9033,37.5633],[126.90033,37.56246],[126.89943,37.56207],[126.90005,37.57255],[126.90398,37.56968],[126.90785,37.56815]]]}},{"type":"Feature","properties":{"name":"서울남명초등학교","kind":"zone","note":"학구도안내서비스 2026-03-20 기준 (교육청 공식)","shared":false},"geometry":{"type":"Polygon","coordinates":[[[126.84939,37.52171],[126.85045,37.52153],[126.85162,37.52074],[126.85217,37.52127],[126.85247,37.52114],[126.85495,37.51561],[126.85458,37.51552],[126.85462,37.51497],[126.85427,37.51461],[126.85339,37.51465],[126.8533,37.51576],[126.85253,37.5156],[126.84887,37.51536],[126.84845,37.51629],[126.84864,37.52068],[126.84806,37.52111],[126.84879,37.52178],[126.84939,37.52171]]]}},{"type":"Feature","properties":{"name":"서울고산초등학교","kind":"zone","note":"학구도안내서비스 2026-03-20 기준 (교육청 공식)","shared":false},"geometry":{"type":"Polygon","coordinates":[[[126.86351,37.50501],[126.86471,37.50481],[126.86484,37.50498],[126.86493,37.50555],[126.86589,37.50555],[126.86716,37.50527],[126.86806,37.50488],[126.86901,37.50485],[126.86914,37.5049],[126.87026,37.50585],[126.87064,37.50575],[126.87096,37.50534],[126.87001,37.50239],[126.86881,37.49953],[126.86818,37.49964],[126.86775,37.49964],[126.8672,37.49954],[126.86676,37.49936],[126.86619,37.49901],[126.86373,37.49703],[126.8634,37.49684],[126.86286,37.49666],[126.86076,37.49831],[126.86175,37.49911],[126.86188,37.49912],[126.86199,37.49931],[126.8628,37.49997],[126.86228,37.50085],[126.86362,37.50067],[126.86124,37.50477],[126.86235,37.50535],[126.86243,37.50588],[126.86273,37.50596],[126.86314,37.50532],[126.86351,37.50501]]]}},{"type":"Feature","properties":{"name":"서울덕수초등학교","kind":"zone","note":"학구도안내서비스 2026-03-20 기준 (교육청 공식)","shared":false},"geometry":{"type":"Polygon","coordinates":[[[126.97978,37.57593],[126.98231,37.57555],[126.98266,37.57554],[126.98262,37.57517],[126.98254,37.5751],[126.98227,37.57513],[126.98226,37.57506],[126.98199,37.57506],[126.98192,37.57498],[126.98201,37.57495],[126.98196,37.5748],[126.98221,37.57481],[126.98227,37.57378],[126.98256,37.57379],[126.98259,37.57365],[126.98265,37.57363],[126.98261,37.57343],[126.98236,37.57339],[126.98239,37.57317],[126.98233,37.57316],[126.98229,37.57297],[126.98232,37.5726],[126.98221,37.57208],[126.98209,37.57209],[126.98205,37.57187],[126.98195,37.57187],[126.98195,37.57171],[126.98189,37.5717],[126.98194,37.57023],[126.98285,37.56964],[126.98275,37.56899],[126.9827,37.56574],[126.98244,37.56481],[126.98142,37.56502],[126.98054,37.56504],[126.97969,37.5653],[126.97949,37.56529],[126.97925,37.56509],[126.97751,37.56594],[126.97714,37.56621],[126.97717,37.56536],[126.97711,37.56477],[126.97595,37.56495],[126.97409,37.5648],[126.97387,37.56493],[126.97367,37.5652],[126.97347,37.5652],[126.97285,37.56505],[126.97293,37.56329],[126.97129,37.5629],[126.97146,37.56243],[126.96946,37.56198],[126.96884,37.56311],[126.96756,37.56488],[126.96672,37.56579],[126.96538,37.56711],[126.96403,37.5686],[126.96442,37.56885],[126.9648,37.5693],[126.96609,37.57005],[126.96626,37.56972],[126.96682,37.56937],[126.96708,37.56929],[126.96775,37.56921],[126.96795,37.56911],[126.96887,37.56936],[126.96968,37.56942],[126.97014,37.56909],[126.97159,37.57],[126.97092,37.5708],[126.97021,37.57152],[126.96971,37.57146],[126.96951,37.57193],[126.96825,37.57201],[126.96806,37.57212],[126.96783,37.57265],[126.96741,37.57259],[126.96738,37.5727],[126.96737,37.57287],[126.96761,37.57297],[126.96762,37.57316],[126.96803,37.5732],[126.96891,37.57379],[126.96949,37.57405],[126.96993,37.57411],[126.97007,37.57441],[126.9703,37.57453],[126.97049,37.57472],[126.971,37.57447],[126.97271,37.57406],[126.97448,37.57409],[126.97425,37.57578],[126.97668,37.57573],[126.97949,37.57587],[126.97978,37.57593]]]}},{"type":"Feature","properties":{"name":"서울신학초등학교","kind":"zone","note":"학구도안내서비스 2026-03-20 기준 (교육청 공식)","shared":false},"geometry":{"type":"Polygon","coordinates":[[[127.0322,37.6616],[127.0327,37.66123],[127.03336,37.66029],[127.03363,37.66027],[127.03374,37.66018],[127.03175,37.65948],[127.03072,37.6595],[127.03026,37.65964],[127.03004,37.65963],[127.02946,37.65942],[127.02939,37.6593],[127.02827,37.65867],[127.02707,37.65832],[127.02647,37.65842],[127.02491,37.6595],[127.02451,37.65982],[127.02424,37.66014],[127.02286,37.65979],[127.0215,37.66073],[127.02147,37.66089],[127.02149,37.66106],[127.02179,37.66124],[127.02265,37.66091],[127.02351,37.66145],[127.02331,37.6616],[127.0234,37.66174],[127.02435,37.66144],[127.02476,37.66144],[127.02753,37.6618],[127.03145,37.66217],[127.0322,37.6616]]]}},{"type":"Feature","properties":{"name":"서울증산초등학교","kind":"zone","note":"학구도안내서비스 2026-03-20 기준 (교육청 공식)","shared":false},"geometry":{"type":"Polygon","coordinates":[[[126.9133,37.58757],[126.91316,37.58709],[126.91284,37.58722],[126.91244,37.58647],[126.9119,37.58581],[126.90415,37.57851],[126.90417,37.57874],[126.90184,37.57655],[126.90264,37.57639],[126.90208,37.576],[126.89849,37.57845],[126.89929,37.5792],[126.89964,37.57964],[126.8985,37.58034],[126.899,37.58089],[126.89901,37.58123],[126.89942,37.58159],[126.90019,37.58202],[126.90008,37.58229],[126.90042,37.58261],[126.9004,37.58266],[126.90059,37.58269],[126.90065,37.58243],[126.90094,37.58228],[126.90098,37.58154],[126.90086,37.58151],[126.90086,37.58145],[126.9017,37.58129],[126.90171,37.58136],[126.90187,37.58141],[126.90195,37.58133],[126.90367,37.58272],[126.90325,37.58303],[126.90328,37.58315],[126.90355,37.58327],[126.90342,37.58357],[126.90413,37.58385],[126.90441,37.58448],[126.9046,37.58464],[126.9043,37.58475],[126.90427,37.585],[126.90445,37.5852],[126.9043,37.58532],[126.90448,37.58546],[126.9049,37.58557],[126.90511,37.5855],[126.90519,37.5856],[126.90558,37.58582],[126.90559,37.58596],[126.90544,37.58621],[126.90521,37.58628],[126.90516,37.58641],[126.9052,37.58662],[126.90515,37.5871],[126.90735,37.58764],[126.9077,37.58808],[126.90756,37.58818],[126.9077,37.58832],[126.9077,37.58856],[126.90753,37.58877],[126.90831,37.58892],[126.90891,37.58925],[126.90981,37.58926],[126.91025,37.58939],[126.91045,37.5896],[126.91077,37.58925],[126.91101,37.58911],[126.91283,37.58872],[126.91358,37.58871],[126.9133,37.58757]]]}},{"type":"Feature","properties":{"name":"서울영문초등학교","kind":"zone","note":"학구도안내서비스 2026-03-20 기준 (교육청 공식)","shared":false},"geometry":{"type":"Polygon","coordinates":[[[126.88736,37.51409],[126.88726,37.51389],[126.88424,37.51539],[126.88271,37.51598],[126.88283,37.51645],[126.8828,37.51672],[126.88216,37.51953],[126.88194,37.52114],[126.88184,37.52314],[126.88203,37.52354],[126.89003,37.52227],[126.88881,37.51722],[126.88736,37.51409]]]}},{"type":"Feature","properties":{"name":"서울봉천초등학교","kind":"zone","note":"학구도안내서비스 2026-03-20 기준 (교육청 공식)","shared":false},"geometry":{"type":"Polygon","coordinates":[[[126.96032,37.49025],[126.96049,37.48997],[126.96161,37.4889],[126.96176,37.48829],[126.96213,37.48516],[126.96163,37.48423],[126.96107,37.48367],[126.96049,37.48351],[126.96032,37.48332],[126.96002,37.48321],[126.95999,37.4831],[126.9601,37.48303],[126.9586,37.4815],[126.95846,37.48152],[126.95805,37.48178],[126.9578,37.48152],[126.95616,37.48251],[126.95613,37.48232],[126.95535,37.48204],[126.95502,37.48203],[126.95445,37.48238],[126.9543,37.48251],[126.95441,37.4831],[126.95416,37.48321],[126.95617,37.48565],[126.95638,37.48586],[126.95653,37.48591],[126.95795,37.48766],[126.95809,37.48811],[126.95807,37.48836],[126.95798,37.48863],[126.95764,37.48919],[126.95787,37.48928],[126.95802,37.48962],[126.95833,37.4895],[126.95857,37.48951],[126.95854,37.4901],[126.95895,37.48993],[126.95917,37.49014],[126.95934,37.49021],[126.96032,37.49025]]]}},{"type":"Feature","properties":{"name":"서울창경초등학교","kind":"zone","note":"학구도안내서비스 2026-03-20 기준 (교육청 공식)","shared":false},"geometry":{"type":"Polygon","coordinates":[[[127.03497,37.65967],[127.0351,37.65815],[127.03948,37.65672],[127.03767,37.65368],[127.03631,37.65417],[127.03523,37.65433],[127.0351,37.65409],[127.03453,37.65413],[127.03449,37.65408],[127.03393,37.65431],[127.03337,37.65354],[127.03305,37.65327],[127.03121,37.65395],[127.03001,37.65231],[127.0282,37.65211],[127.02808,37.65263],[127.02803,37.65356],[127.02778,37.6538],[127.02766,37.65382],[127.02749,37.65396],[127.02736,37.65381],[127.02738,37.65363],[127.02702,37.65355],[127.02656,37.65376],[127.02646,37.65403],[127.02629,37.65413],[127.02577,37.65406],[127.02557,37.6541],[127.02525,37.6543],[127.02537,37.65461],[127.0254,37.65522],[127.02585,37.65549],[127.02593,37.65672],[127.02786,37.65672],[127.02789,37.65635],[127.02997,37.65642],[127.02992,37.65715],[127.02974,37.65756],[127.0297,37.65782],[127.03285,37.65801],[127.03278,37.65878],[127.03243,37.65931],[127.03137,37.6592],[127.03035,37.65893],[127.03011,37.65894],[127.02939,37.6593],[127.02946,37.65942],[127.03004,37.65963],[127.03026,37.65964],[127.03072,37.6595],[127.03175,37.65948],[127.03377,37.66019],[127.0349,37.66045],[127.03497,37.65967]]]}},{"type":"Feature","properties":{"name":"서울정심초등학교","kind":"zone","note":"학구도안내서비스 2026-03-20 기준 (교육청 공식)","shared":false},"geometry":{"type":"Polygon","coordinates":[[[126.90878,37.47178],[126.90959,37.4707],[126.90955,37.47045],[126.90979,37.47006],[126.90981,37.4699],[126.90994,37.46979],[126.91024,37.46924],[126.91002,37.46887],[126.90993,37.4689],[126.90945,37.4687],[126.90764,37.46864],[126.90712,37.46841],[126.90689,37.4687],[126.90653,37.46854],[126.90586,37.46943],[126.90517,37.46908],[126.90506,37.4689],[126.90447,37.46845],[126.90432,37.46822],[126.9038,37.46793],[126.90198,37.46776],[126.90233,37.46884],[126.898,37.46955],[126.89817,37.47143],[126.90044,37.47129],[126.90066,37.47263],[126.90637,37.47198],[126.90645,37.47171],[126.90677,37.47189],[126.90748,37.47196],[126.90764,37.47206],[126.90771,37.47223],[126.90821,37.47267],[126.90837,37.47237],[126.90861,37.47214],[126.90878,37.47178]]]}},{"type":"Feature","properties":{"name":"서울마포초등학교","kind":"zone","note":"학구도안내서비스 2026-03-20 기준 (교육청 공식)","shared":false},"geometry":{"type":"Polygon","coordinates":[[[126.95078,37.54309],[126.9535,37.54182],[126.9536,37.54192],[126.95476,37.54139],[126.95648,37.54039],[126.95607,37.53996],[126.95573,37.53947],[126.95519,37.53918],[126.9541,37.53893],[126.95365,37.53834],[126.95338,37.53755],[126.95211,37.53677],[126.95155,37.53654],[126.95146,37.53639],[126.95129,37.53629],[126.9506,37.5361],[126.94991,37.53605],[126.949,37.53575],[126.94879,37.53558],[126.94841,37.5356],[126.94828,37.53565],[126.94785,37.53562],[126.94772,37.53566],[126.94759,37.53584],[126.94749,37.53583],[126.94739,37.53538],[126.94747,37.5353],[126.94738,37.53522],[126.94718,37.53537],[126.94653,37.53558],[126.94642,37.53574],[126.94627,37.53569],[126.94544,37.53518],[126.94556,37.53498],[126.9451,37.53496],[126.94482,37.53452],[126.94493,37.53424],[126.94459,37.53378],[126.94422,37.53424],[126.94103,37.53626],[126.94343,37.53776],[126.94518,37.53905],[126.94509,37.53913],[126.94649,37.5402],[126.94664,37.5401],[126.94982,37.54242],[126.95055,37.54329],[126.95083,37.54316],[126.95078,37.54309]]]}},{"type":"Feature","properties":{"name":"서울중목초등학교","kind":"zone","note":"학구도안내서비스 2026-03-20 기준 (교육청 공식)","shared":false},"geometry":{"type":"Polygon","coordinates":[[[127.08396,37.59217],[127.08422,37.59142],[127.08078,37.58828],[127.08179,37.58759],[127.08196,37.58712],[127.0799,37.58665],[127.07956,37.57924],[127.07955,37.57871],[127.07966,37.57764],[127.07669,37.57758],[127.07642,37.57955],[127.07618,37.5803],[127.07582,37.58094],[127.07525,37.58099],[127.07483,37.58179],[127.07466,37.58199],[127.07747,37.58338],[127.0775,37.58374],[127.0777,37.58374],[127.0777,37.58365],[127.07822,37.58364],[127.07833,37.5863],[127.07822,37.58981],[127.07734,37.5914],[127.07659,37.59319],[127.07765,37.59347],[127.07771,37.59357],[127.07788,37.59384],[127.07743,37.59401],[127.07723,37.59424],[127.08265,37.5956],[127.08336,37.5939],[127.08396,37.59217]]]}},{"type":"Feature","properties":{"name":"서울대조초등학교","kind":"zone","note":"학구도안내서비스 2026-03-20 기준 (교육청 공식)","shared":false},"geometry":{"type":"Polygon","coordinates":[[[126.92496,37.6156],[126.92594,37.61494],[126.92592,37.61469],[126.9237,37.61279],[126.92177,37.61103],[126.9215,37.6099],[126.9189,37.60669],[126.91851,37.60638],[126.9179,37.60611],[126.91748,37.60602],[126.91539,37.60586],[126.91527,37.60744],[126.91542,37.60814],[126.91558,37.60858],[126.91689,37.6103],[126.91726,37.6113],[126.91535,37.61243],[126.91614,37.61383],[126.91427,37.6145],[126.91479,37.61544],[126.91526,37.61523],[126.9161,37.61621],[126.9181,37.61536],[126.92017,37.61843],[126.92137,37.61888],[126.92253,37.61752],[126.92419,37.61611],[126.92496,37.6156]]]}},{"type":"Feature","properties":{"name":"서울동구로초등학교","kind":"zone","note":"학구도안내서비스 2026-03-20 기준 (교육청 공식)","shared":false},"geometry":{"type":"Polygon","coordinates":[[[126.89482,37.49435],[126.89483,37.49429],[126.89508,37.49432],[126.89583,37.49229],[126.89155,37.48957],[126.89037,37.49005],[126.88947,37.49022],[126.88893,37.49021],[126.88791,37.48993],[126.88562,37.4902],[126.88563,37.49049],[126.88568,37.4905],[126.88566,37.49082],[126.88399,37.49076],[126.88341,37.49308],[126.88517,37.49351],[126.8865,37.49405],[126.89409,37.49799],[126.89412,37.49785],[126.89407,37.49782],[126.89432,37.49667],[126.89432,37.49644],[126.89482,37.49435]]]}},{"type":"Feature","properties":{"name":"서울정곡초등학교","kind":"zone","note":"학구도안내서비스 2026-03-20 기준 (교육청 공식)","shared":false},"geometry":{"type":"Polygon","coordinates":[[[126.82454,37.57984],[126.82418,37.57968],[126.82388,37.57938],[126.82366,37.57935],[126.82318,37.57915],[126.82297,37.57884],[126.82159,37.57731],[126.82126,37.57707],[126.82096,37.57635],[126.82092,37.57561],[126.8216,37.5744],[126.82211,37.57407],[126.82238,37.57457],[126.82394,37.5741],[126.82396,37.57355],[126.82605,37.57356],[126.82644,37.57292],[126.82429,37.57303],[126.82228,37.57328],[126.81675,37.57336],[126.81679,37.57811],[126.81729,37.57769],[126.81759,37.57763],[126.81796,37.57766],[126.818,37.57779],[126.81858,37.57857],[126.8185,37.57918],[126.81858,37.57963],[126.81877,37.57972],[126.81943,37.57963],[126.81977,37.57974],[126.81969,37.58033],[126.8197,37.58149],[126.81958,37.58204],[126.81943,37.58231],[126.81865,37.58292],[126.81852,37.58319],[126.81851,37.5834],[126.81863,37.58374],[126.81956,37.58497],[126.81996,37.58506],[126.82079,37.58481],[126.82141,37.58477],[126.82235,37.58405],[126.8225,37.58376],[126.82275,37.5835],[126.82547,37.5823],[126.82657,37.58191],[126.8259,37.58135],[126.82582,37.58105],[126.82552,37.58066],[126.82488,37.58006],[126.82454,37.57984]]]}},{"type":"Feature","properties":{"name":"서울중랑초등학교","kind":"zone","note":"학구도안내서비스 2026-03-20 기준 (교육청 공식)","shared":false},"geometry":{"type":"Polygon","coordinates":[[[127.07823,37.58384],[127.07822,37.58364],[127.0777,37.58365],[127.0777,37.58374],[127.0775,37.58374],[127.07747,37.58338],[127.07466,37.58199],[127.07216,37.58496],[127.07264,37.58651],[127.07238,37.58667],[127.07236,37.58683],[127.07189,37.58765],[127.07104,37.58896],[127.0706,37.58915],[127.0703,37.58953],[127.07023,37.58996],[127.0706,37.59096],[127.07072,37.59148],[127.07072,37.59189],[127.07054,37.59254],[127.07723,37.59424],[127.07743,37.59401],[127.07788,37.59384],[127.07765,37.59347],[127.07659,37.59319],[127.07734,37.5914],[127.07822,37.58981],[127.07833,37.5863],[127.07823,37.58384]]]}},{"type":"Feature","properties":{"name":"서울대신초등학교","kind":"zone","note":"학구도안내서비스 2026-03-20 기준 (교육청 공식)","shared":false},"geometry":{"type":"Polygon","coordinates":[[[126.9463,37.57685],[126.94721,37.57685],[126.94793,37.57589],[126.94845,37.57576],[126.94895,37.57573],[126.94902,37.57555],[126.94897,37.57523],[126.94903,37.57465],[126.94968,37.57418],[126.94985,37.57367],[126.95017,37.57321],[126.95018,37.57276],[126.95035,37.57242],[126.95063,37.57216],[126.95093,37.57111],[126.95103,37.57094],[126.95145,37.57078],[126.95174,37.5704],[126.95192,37.56825],[126.94932,37.56637],[126.94955,37.56349],[126.94993,37.56083],[126.94984,37.56065],[126.94959,37.56059],[126.94949,37.5605],[126.94953,37.56034],[126.94981,37.56024],[126.94984,37.5598],[126.94946,37.55967],[126.94912,37.55901],[126.94937,37.55827],[126.94933,37.55809],[126.94918,37.55785],[126.94933,37.55779],[126.94978,37.55778],[126.94998,37.55797],[126.95064,37.55825],[126.9509,37.55792],[126.95097,37.5571],[126.94684,37.55686],[126.94685,37.55675],[126.94471,37.55661],[126.94469,37.55674],[126.94137,37.55655],[126.94105,37.55648],[126.94074,37.55731],[126.94166,37.55739],[126.94158,37.55911],[126.94045,37.55912],[126.94036,37.56043],[126.9402,37.5603],[126.93969,37.56012],[126.93889,37.56008],[126.93566,37.56006],[126.93488,37.56013],[126.93417,37.5603],[126.9335,37.56064],[126.93271,37.56128],[126.93157,37.56236],[126.93166,37.56253],[126.93151,37.56275],[126.93152,37.56295],[126.93206,37.56329],[126.93248,37.56314],[126.93246,37.56305],[126.93273,37.56298],[126.93297,37.56307],[126.93304,37.5632],[126.93367,37.56349],[126.93388,37.56384],[126.93394,37.56383],[126.934,37.56435],[126.93387,37.56444],[126.93386,37.56502],[126.93401,37.56523],[126.93431,37.56541],[126.93463,37.56544],[126.93475,37.56537],[126.93472,37.56615],[126.93521,37.56638],[126.93578,37.5663],[126.9359,37.5667],[126.93641,37.56742],[126.9369,37.56786],[126.93757,37.5682],[126.93819,37.5684],[126.93834,37.56855],[126.9386,37.56905],[126.94038,37.56978],[126.94079,37.57001],[126.94134,37.57006],[126.94166,37.57038],[126.94281,37.57032],[126.94313,37.57076],[126.94345,37.571],[126.9436,37.57135],[126.94398,37.57179],[126.94414,37.57209],[126.94413,37.57272],[126.94398,37.57306],[126.94346,37.57361],[126.94345,37.57457],[126.94362,37.57474],[126.94402,37.57543],[126.94443,37.57562],[126.9452,37.57651],[126.94573,37.57697],[126.9463,37.57685]]]}},{"type":"Feature","properties":{"name":"서울신북초등학교","kind":"zone","note":"학구도안내서비스 2026-03-20 기준 (교육청 공식)","shared":false},"geometry":{"type":"Polygon","coordinates":[[[126.90304,37.57531],[126.90666,37.57296],[126.90776,37.57212],[126.90879,37.57145],[126.90979,37.57099],[126.91159,37.57082],[126.91289,37.57023],[126.91247,37.56978],[126.91167,37.57018],[126.91153,37.57011],[126.91138,37.56989],[126.91144,37.56988],[126.91144,37.56962],[126.90948,37.57043],[126.90934,37.5701],[126.90899,37.56993],[126.9089,37.56979],[126.90874,37.57],[126.90857,37.57009],[126.9082,37.56972],[126.90805,37.5698],[126.9077,37.56943],[126.90831,37.56911],[126.90799,37.56872],[126.90825,37.56846],[126.9081,37.56847],[126.90786,37.56815],[126.90398,37.56968],[126.89919,37.57319],[126.89882,37.5734],[126.9006,37.57532],[126.90163,37.57631],[126.90304,37.57531]]]}},{"type":"Feature","properties":{"name":"서울대림초등학교","kind":"zone","note":"학구도안내서비스 2026-03-20 기준 (교육청 공식)","shared":false},"geometry":{"type":"Polygon","coordinates":[[[126.92986,37.50648],[126.92996,37.50624],[126.93016,37.50624],[126.93043,37.50638],[126.93064,37.50638],[126.93081,37.50627],[126.93093,37.50602],[126.93061,37.50518],[126.93069,37.50489],[126.93129,37.50408],[126.93155,37.50398],[126.93193,37.50398],[126.93244,37.50419],[126.93235,37.50386],[126.93197,37.50371],[126.9315,37.50366],[126.93186,37.50359],[126.93193,37.50334],[126.93206,37.50337],[126.93216,37.50326],[126.93205,37.50319],[126.93223,37.50296],[126.93065,37.50249],[126.93104,37.50129],[126.9309,37.50113],[126.93104,37.50101],[126.93098,37.50091],[126.93175,37.50078],[126.93199,37.50085],[126.93217,37.50065],[126.93193,37.5005],[126.93235,37.50005],[126.93184,37.49959],[126.93099,37.49918],[126.93008,37.49897],[126.92856,37.49887],[126.92916,37.49837],[126.92965,37.49781],[126.9301,37.49781],[126.9297,37.49697],[126.92975,37.49616],[126.92957,37.49595],[126.92944,37.49599],[126.92938,37.49575],[126.92938,37.49538],[126.92959,37.495],[126.92986,37.49399],[126.92822,37.49494],[126.92791,37.49507],[126.92748,37.49501],[126.92721,37.49472],[126.92705,37.49439],[126.92661,37.49387],[126.92657,37.49322],[126.92622,37.49327],[126.92559,37.49367],[126.92524,37.49403],[126.92554,37.49473],[126.92523,37.49483],[126.92482,37.49514],[126.92415,37.49527],[126.9241,37.49523],[126.92413,37.49511],[126.92365,37.49504],[126.92316,37.49542],[126.92325,37.49547],[126.92312,37.49636],[126.92317,37.49635],[126.92315,37.49655],[126.9222,37.49703],[126.92224,37.49723],[126.92215,37.49737],[126.92213,37.49757],[126.92208,37.49759],[126.92209,37.49785],[126.92024,37.49849],[126.92028,37.4998],[126.92009,37.4998],[126.9201,37.50003],[126.92035,37.50004],[126.92291,37.5064],[126.92426,37.50553],[126.92625,37.50634],[126.92707,37.5062],[126.9275,37.50626],[126.92856,37.50678],[126.92911,37.50715],[126.92957,37.50681],[126.92971,37.50654],[126.92986,37.50648]]]}},{"type":"Feature","properties":{"name":"서울대도초등학교 · 서울도곡초등학교","kind":"zone","note":"학구도안내서비스 2026-03-20 기준 (교육청 공식)","shared":true},"geometry":{"type":"Polygon","coordinates":[[[127.05592,37.49441],[127.05404,37.49381],[127.05286,37.49631],[127.05469,37.49688],[127.05592,37.49441]]]}},{"type":"Feature","properties":{"name":"서울송천초등학교","kind":"zone","note":"학구도안내서비스 2026-03-20 기준 (교육청 공식)","shared":false},"geometry":{"type":"Polygon","coordinates":[[[127.02347,37.61869],[127.02564,37.61806],[127.02845,37.61665],[127.02902,37.61652],[127.02988,37.61647],[127.03005,37.6132],[127.03018,37.61236],[127.0291,37.6124],[127.028,37.61256],[127.02787,37.61158],[127.02649,37.61159],[127.02638,37.61146],[127.02594,37.61145],[127.02583,37.61165],[127.02606,37.61183],[127.02572,37.61213],[127.02518,37.61201],[127.02467,37.61215],[127.02392,37.61196],[127.02344,37.61173],[127.02274,37.61151],[127.0225,37.61137],[127.02242,37.61144],[127.0222,37.61137],[127.02214,37.61138],[127.02197,37.61227],[127.02191,37.61233],[127.02155,37.61244],[127.02067,37.61251],[127.0204,37.6126],[127.02052,37.61267],[127.02034,37.61336],[127.01992,37.61419],[127.01876,37.61509],[127.01904,37.61544],[127.0198,37.61563],[127.01905,37.61613],[127.01937,37.61641],[127.01896,37.61679],[127.01896,37.61715],[127.01913,37.61741],[127.01907,37.61779],[127.01916,37.61823],[127.01916,37.61885],[127.01986,37.61874],[127.02028,37.61882],[127.02105,37.61867],[127.02127,37.61877],[127.02105,37.61947],[127.02347,37.61869]]]}},{"type":"Feature","properties":{"name":"서울당현초등학교","kind":"zone","note":"학구도안내서비스 2026-03-20 기준 (교육청 공식)","shared":false},"geometry":{"type":"Polygon","coordinates":[[[127.06042,37.65503],[127.06058,37.65427],[127.0618,37.64983],[127.06214,37.64898],[127.05568,37.64752],[127.05544,37.64824],[127.05465,37.64956],[127.05395,37.65058],[127.05383,37.65115],[127.05375,37.65205],[127.05394,37.65317],[127.05405,37.6545],[127.05483,37.65461],[127.05543,37.65458],[127.06026,37.65563],[127.06042,37.65503]]]}},{"type":"Feature","properties":{"name":"서울대은초등학교","kind":"zone","note":"학구도안내서비스 2026-03-20 기준 (교육청 공식)","shared":false},"geometry":{"type":"Polygon","coordinates":[[[126.93114,37.60908],[126.93137,37.60882],[126.93034,37.60844],[126.92946,37.6084],[126.92864,37.60851],[126.92737,37.60897],[126.92681,37.609],[126.92628,37.60873],[126.92566,37.60827],[126.924,37.60752],[126.92362,37.60729],[126.92324,37.60691],[126.92289,37.6063],[126.92068,37.60885],[126.9215,37.6099],[126.92177,37.61103],[126.9237,37.61279],[126.92592,37.61469],[126.92594,37.61494],[126.92695,37.61396],[126.93114,37.60908]]]}},{"type":"Feature","properties":{"name":"서울봉현초등학교","kind":"zone","note":"학구도안내서비스 2026-03-20 기준 (교육청 공식)","shared":false},"geometry":{"type":"Polygon","coordinates":[[[126.95169,37.49218],[126.95222,37.49283],[126.95212,37.49386],[126.95227,37.49409],[126.9526,37.49424],[126.95287,37.49421],[126.95299,37.49412],[126.95365,37.49344],[126.95415,37.49346],[126.95432,37.49355],[126.95482,37.49355],[126.95523,37.49367],[126.95548,37.4936],[126.95581,37.49333],[126.95593,37.49332],[126.95599,37.49355],[126.9558,37.49377],[126.95614,37.49394],[126.9564,37.49397],[126.9564,37.49407],[126.95716,37.49408],[126.95717,37.49426],[126.95762,37.49426],[126.95853,37.49415],[126.95852,37.49407],[126.95871,37.494],[126.95868,37.49382],[126.95899,37.49376],[126.95895,37.49361],[126.95934,37.4938],[126.95976,37.49379],[126.96029,37.49374],[126.96152,37.49328],[126.96159,37.49328],[126.9617,37.49342],[126.96175,37.49338],[126.96161,37.49304],[126.96138,37.49287],[126.96134,37.49246],[126.9614,37.49148],[126.96078,37.49082],[126.96087,37.49018],[126.96101,37.49],[126.96138,37.48915],[126.96049,37.48997],[126.96032,37.49025],[126.95934,37.49021],[126.95917,37.49014],[126.95895,37.48993],[126.95854,37.4901],[126.95857,37.48951],[126.95833,37.4895],[126.95802,37.48962],[126.95787,37.48928],[126.95764,37.48919],[126.95798,37.48863],[126.95807,37.48836],[126.95809,37.48811],[126.95795,37.48766],[126.95653,37.48591],[126.95638,37.48586],[126.95617,37.48565],[126.95383,37.48607],[126.95405,37.48698],[126.95306,37.48715],[126.95308,37.48724],[126.95292,37.48727],[126.95295,37.48735],[126.95202,37.48752],[126.95198,37.48777],[126.95239,37.48833],[126.95285,37.4887],[126.95298,37.48912],[126.95347,37.48974],[126.95351,37.48998],[126.95361,37.48997],[126.95367,37.49007],[126.95371,37.49063],[126.95285,37.49133],[126.9528,37.49147],[126.95224,37.49166],[126.95206,37.49193],[126.95169,37.49218]]]}},{"type":"Feature","properties":{"name":"서울상곡초등학교","kind":"zone","note":"학구도안내서비스 2026-03-20 기준 (교육청 공식)","shared":false},"geometry":{"type":"Polygon","coordinates":[[[127.06341,37.6648],[127.06351,37.66478],[127.06292,37.66132],[127.06318,37.66132],[127.06307,37.66075],[127.06314,37.66047],[127.0626,37.66068],[127.06187,37.66085],[127.0587,37.66119],[127.05783,37.66454],[127.06178,37.66518],[127.06242,37.66513],[127.06341,37.6648]]]}},{"type":"Feature","properties":{"name":"서울지향초등학교","kind":"zone","note":"학구도안내서비스 2026-03-20 기준 (교육청 공식)","shared":false},"geometry":{"type":"Polygon","coordinates":[[[126.84063,37.51429],[126.84291,37.50918],[126.84454,37.50572],[126.84448,37.50574],[126.84441,37.50568],[126.84358,37.50582],[126.84269,37.50549],[126.84243,37.50548],[126.84207,37.50567],[126.84117,37.50583],[126.84077,37.50603],[126.84087,37.50633],[126.8405,37.50679],[126.8405,37.50711],[126.84041,37.50728],[126.83691,37.5054],[126.83491,37.5049],[126.83385,37.50534],[126.83313,37.50653],[126.83704,37.50671],[126.83829,37.507],[126.83754,37.50866],[126.83646,37.51047],[126.83621,37.51117],[126.83548,37.51246],[126.83416,37.51399],[126.83328,37.51518],[126.83941,37.51706],[126.84063,37.51429]]]}},{"type":"Feature","properties":{"name":"서울문창초등학교","kind":"zone","note":"학구도안내서비스 2026-03-20 기준 (교육청 공식)","shared":false},"geometry":{"type":"Polygon","coordinates":[[[126.91034,37.49056],[126.91034,37.49051],[126.91079,37.49055],[126.91138,37.49071],[126.91176,37.49049],[126.91234,37.49118],[126.91307,37.49122],[126.91352,37.49116],[126.91381,37.49097],[126.91397,37.49075],[126.91395,37.49047],[126.91468,37.49063],[126.91481,37.49037],[126.91499,37.49037],[126.91518,37.49056],[126.91493,37.48921],[126.91503,37.48854],[126.91685,37.48962],[126.91817,37.49],[126.91857,37.48826],[126.91824,37.488],[126.91769,37.48819],[126.91751,37.48836],[126.91737,37.48808],[126.91767,37.48698],[126.91671,37.4868],[126.91723,37.48493],[126.91637,37.48477],[126.91685,37.4845],[126.91576,37.48323],[126.91487,37.48307],[126.91497,37.48259],[126.91437,37.48247],[126.9135,37.48687],[126.91296,37.48731],[126.91192,37.48651],[126.91126,37.48626],[126.90989,37.4859],[126.90939,37.4859],[126.9061,37.48496],[126.90553,37.48491],[126.9032,37.485],[126.90664,37.48921],[126.90682,37.4892],[126.9071,37.4895],[126.90752,37.49001],[126.90841,37.49134],[126.90919,37.49228],[126.90969,37.49198],[126.91033,37.49143],[126.91026,37.49128],[126.90992,37.49099],[126.91035,37.49077],[126.91034,37.49056]]]}},{"type":"Feature","properties":{"name":"서울종암초등학교","kind":"zone","note":"학구도안내서비스 2026-03-20 기준 (교육청 공식)","shared":false},"geometry":{"type":"Polygon","coordinates":[[[127.03104,37.59056],[127.03089,37.59025],[127.03059,37.5901],[127.0305,37.59013],[127.03016,37.58985],[127.03041,37.58955],[127.03032,37.58946],[127.03021,37.58913],[127.03036,37.5887],[127.03033,37.5883],[127.03047,37.58824],[127.03053,37.58807],[127.03047,37.58784],[127.03037,37.58783],[127.03039,37.58742],[127.02997,37.58689],[127.03027,37.5867],[127.03075,37.587],[127.03082,37.5867],[127.03091,37.58669],[127.0309,37.58656],[127.03109,37.58648],[127.03173,37.58652],[127.03179,37.58665],[127.03214,37.58664],[127.03285,37.58645],[127.03388,37.58752],[127.03554,37.58893],[127.03633,37.59013],[127.03633,37.59041],[127.0365,37.58941],[127.0373,37.58815],[127.03605,37.5858],[127.03564,37.58478],[127.03514,37.58191],[127.03497,37.58151],[127.03463,37.58012],[127.03446,37.57913],[127.03442,37.57817],[127.03181,37.57811],[127.02322,37.5757],[127.02314,37.57802],[127.02327,37.5782],[127.02327,37.57838],[127.02642,37.58054],[127.02611,37.58088],[127.02593,37.58087],[127.0259,37.58101],[127.0261,37.58104],[127.0263,37.58125],[127.02651,37.58136],[127.02634,37.58158],[127.0261,37.58174],[127.02603,37.58189],[127.02631,37.58216],[127.02667,37.582],[127.02668,37.58209],[127.02709,37.58231],[127.02769,37.58231],[127.02779,37.58261],[127.02801,37.5826],[127.02809,37.58341],[127.02841,37.58342],[127.0284,37.58347],[127.02859,37.58361],[127.0289,37.58366],[127.02881,37.5864],[127.02872,37.58658],[127.02862,37.58734],[127.02867,37.58747],[127.02864,37.58831],[127.02853,37.58831],[127.02832,37.58848],[127.0278,37.58873],[127.02766,37.5892],[127.02773,37.58934],[127.02771,37.58948],[127.02724,37.58989],[127.02746,37.5902],[127.02745,37.59053],[127.02764,37.59083],[127.028,37.59089],[127.02879,37.59057],[127.0293,37.59044],[127.02945,37.59058],[127.02986,37.59028],[127.03026,37.59029],[127.0303,37.59039],[127.03042,37.59034],[127.03058,37.59057],[127.03092,37.59083],[127.03096,37.59093],[127.03069,37.59108],[127.03083,37.59121],[127.03136,37.59093],[127.03104,37.59056]]]}},{"type":"Feature","properties":{"name":"서울대왕초등학교","kind":"zone","note":"학구도안내서비스 2026-03-20 기준 (교육청 공식)","shared":false},"geometry":{"type":"Polygon","coordinates":[[[127.10036,37.47851],[127.10058,37.4779],[127.10031,37.47744],[127.09959,37.47711],[127.09865,37.47711],[127.0978,37.47701],[127.09771,37.47676],[127.09722,37.47676],[127.09663,37.47697],[127.09291,37.47694],[127.09302,37.47617],[127.09288,37.47617],[127.09225,37.47579],[127.0922,37.47548],[127.0925,37.47527],[127.09248,37.47476],[127.09186,37.47404],[127.09184,37.47389],[127.09127,37.47348],[127.08899,37.47278],[127.08723,37.47173],[127.08713,37.47157],[127.08702,37.47157],[127.08675,37.47132],[127.08671,37.47066],[127.08719,37.46988],[127.08753,37.46976],[127.08759,37.46932],[127.08781,37.46914],[127.08816,37.46832],[127.08845,37.4681],[127.08898,37.46812],[127.08904,37.46824],[127.08946,37.46757],[127.08971,37.46734],[127.09017,37.46705],[127.09044,37.46702],[127.09112,37.46611],[127.09162,37.46563],[127.09193,37.46514],[127.09203,37.46479],[127.09205,37.46402],[127.09585,37.46524],[127.09715,37.46555],[127.09803,37.46566],[127.10721,37.46483],[127.1072,37.46526],[127.10763,37.46746],[127.10982,37.46748],[127.10979,37.46486],[127.11383,37.46554],[127.11716,37.46613],[127.11956,37.46729],[127.12401,37.46964],[127.12494,37.46949],[127.1249,37.46939],[127.12517,37.46875],[127.1252,37.46783],[127.12507,37.46768],[127.1251,37.46745],[127.12505,37.46727],[127.12494,37.4672],[127.12476,37.46692],[127.12453,37.46676],[127.12449,37.46664],[127.12377,37.46633],[127.12294,37.46582],[127.12279,37.4656],[127.12269,37.4656],[127.12218,37.46522],[127.12186,37.46514],[127.12144,37.46437],[127.12075,37.46389],[127.1201,37.46349],[127.1192,37.46313],[127.11747,37.4622],[127.11699,37.46148],[127.1169,37.4604],[127.1169,37.45864],[127.11589,37.45859],[127.1155,37.4587],[127.11515,37.45906],[127.11396,37.45952],[127.11327,37.46005],[127.11323,37.46035],[127.11276,37.46053],[127.11329,37.46084],[127.11333,37.46109],[127.11297,37.46113],[127.11182,37.46164],[127.10989,37.46194],[127.10946,37.46187],[127.10869,37.46216],[127.10815,37.46227],[127.1073,37.46218],[127.10667,37.46241],[127.10593,37.46235],[127.10561,37.46218],[127.10434,37.46217],[127.10447,37.46176],[127.10478,37.46116],[127.10447,37.46103],[127.10402,37.46056],[127.10394,37.46005],[127.10344,37.45975],[127.10269,37.45972],[127.10263,37.45987],[127.10229,37.45954],[127.10195,37.45935],[127.10185,37.45918],[127.10138,37.45897],[127.10116,37.45854],[127.10128,37.45824],[127.10077,37.45776],[127.09974,37.45735],[127.09951,37.45691],[127.09931,37.45668],[127.0991,37.45622],[127.09889,37.45612],[127.09869,37.45615],[127.09824,37.45637],[127.09637,37.45635],[127.09577,37.45652],[127.09522,37.45639],[127.09521,37.45632],[127.09431,37.45623],[127.09377,37.45608],[127.09354,37.45589],[127.09334,37.45531],[127.09302,37.4558],[127.09054,37.45562],[127.09045,37.45556],[127.09039,37.45566],[127.09015,37.45571],[127.08997,37.45593],[127.08959,37.45599],[127.08928,37.45585],[127.08887,37.45631],[127.08883,37.45641],[127.08894,37.45663],[127.08881,37.4567],[127.08869,37.45667],[127.08825,37.45679],[127.08694,37.45778],[127.08645,37.45834],[127.08628,37.45951],[127.08632,37.46056],[127.08561,37.46158],[127.0855,37.46188],[127.08134,37.46052],[127.08125,37.46138],[127.07971,37.46184],[127.07952,37.46186],[127.07943,37.46171],[127.07879,37.46138],[127.07846,37.46142],[127.07846,37.46172],[127.0781,37.46167],[127.07615,37.4619],[127.07429,37.46332],[127.07218,37.46397],[127.07049,37.46499],[127.07002,37.46568],[127.06974,37.46588],[127.06876,37.46741],[127.06785,37.46741],[127.06765,37.46755],[127.0674,37.46763],[127.06844,37.46994],[127.06854,37.46999],[127.06781,37.47041],[127.07002,37.47139],[127.07495,37.47307],[127.07793,37.47474],[127.07852,37.47496],[127.07899,37.47477],[127.08188,37.47529],[127.08275,37.4753],[127.08323,37.47553],[127.08392,37.47542],[127.0845,37.47561],[127.08488,37.47551],[127.08494,37.47566],[127.08568,37.47593],[127.08583,37.47614],[127.08634,37.47632],[127.08838,37.47622],[127.08903,37.47671],[127.08954,37.47665],[127.08986,37.47726],[127.09166,37.47796],[127.09171,37.47781],[127.09231,37.47761],[127.09327,37.47782],[127.09536,37.47799],[127.09696,37.47827],[127.09783,37.47799],[127.0981,37.47803],[127.09848,37.47822],[127.09842,37.47872],[127.09805,37.47938],[127.09991,37.47897],[127.10036,37.47851]]]}},{"type":"Feature","properties":{"name":"서울덕암초등학교","kind":"zone","note":"학구도안내서비스 2026-03-20 기준 (교육청 공식)","shared":false},"geometry":{"type":"Polygon","coordinates":[[[127.08227,37.67048],[127.08381,37.67011],[127.08353,37.66981],[127.08327,37.66977],[127.0828,37.66862],[127.08249,37.66824],[127.08293,37.66829],[127.0831,37.66763],[127.08261,37.66756],[127.08256,37.66721],[127.08215,37.66666],[127.08075,37.66593],[127.0806,37.66614],[127.0797,37.6657],[127.0792,37.66527],[127.07885,37.66488],[127.07897,37.66428],[127.07884,37.66411],[127.07897,37.66407],[127.07901,37.66371],[127.07942,37.66345],[127.07955,37.66312],[127.07943,37.66278],[127.07927,37.66267],[127.0791,37.66232],[127.07774,37.66229],[127.07594,37.66256],[127.07598,37.66337],[127.07618,37.66382],[127.07954,37.6683],[127.0813,37.6704],[127.08183,37.6704],[127.08209,37.67053],[127.08227,37.67048]]]}},{"type":"Feature","properties":{"name":"서울삼정초등학교","kind":"zone","note":"학구도안내서비스 2026-03-20 기준 (교육청 공식)","shared":false},"geometry":{"type":"Polygon","coordinates":[[[126.83193,37.58572],[126.82873,37.58387],[126.82846,37.58354],[126.82781,37.5831],[126.82657,37.58191],[126.82547,37.5823],[126.82275,37.5835],[126.8225,37.58376],[126.82235,37.58405],[126.82141,37.58477],[126.82079,37.58481],[126.81996,37.58506],[126.81956,37.58497],[126.81863,37.58374],[126.81851,37.5834],[126.81852,37.58319],[126.81865,37.58292],[126.81943,37.58231],[126.81958,37.58204],[126.8197,37.58149],[126.81969,37.58033],[126.81977,37.57974],[126.81943,37.57963],[126.81877,37.57972],[126.81858,37.57963],[126.8185,37.57918],[126.81858,37.57857],[126.818,37.57779],[126.81796,37.57766],[126.81738,37.57766],[126.81708,37.57782],[126.81679,37.57811],[126.81679,37.57907],[126.81655,37.57931],[126.81646,37.5795],[126.81612,37.57968],[126.81555,37.57979],[126.81526,37.57997],[126.81455,37.57997],[126.81398,37.57845],[126.81244,37.57883],[126.81179,37.57718],[126.80907,37.57787],[126.80873,37.57689],[126.80884,37.57656],[126.8092,37.57626],[126.80897,37.57622],[126.80819,37.57623],[126.80822,37.57629],[126.80816,37.57635],[126.80794,37.57648],[126.80784,37.57627],[126.80716,37.57611],[126.80657,37.57668],[126.80694,37.57698],[126.80643,37.57751],[126.80603,37.57771],[126.8064,37.57851],[126.80681,37.57911],[126.80686,37.57936],[126.80762,37.58052],[126.80753,37.58084],[126.80779,37.58121],[126.80747,37.58231],[126.80773,37.58238],[126.80845,37.58318],[126.80887,37.5835],[126.80935,37.58362],[126.80989,37.58359],[126.81056,37.58348],[126.81183,37.58306],[126.81175,37.58339],[126.81186,37.58342],[126.81173,37.58381],[126.81169,37.58428],[126.81153,37.58469],[126.81215,37.58465],[126.8123,37.58458],[126.81227,37.58411],[126.81199,37.58305],[126.8127,37.58364],[126.81285,37.58363],[126.81341,37.58335],[126.81423,37.58366],[126.81455,37.58366],[126.81476,37.58419],[126.81468,37.58476],[126.81485,37.58514],[126.8149,37.5858],[126.81527,37.58569],[126.81475,37.58631],[126.81428,37.58656],[126.8193,37.59285],[126.82781,37.58748],[126.83176,37.58584],[126.83193,37.58572]]]}},{"type":"Feature","properties":{"name":"서울은진초등학교","kind":"zone","note":"학구도안내서비스 2026-03-20 기준 (교육청 공식)","shared":false},"geometry":{"type":"Polygon","coordinates":[[[126.92164,37.63986],[126.92114,37.63874],[126.92086,37.63861],[126.9207,37.63874],[126.92016,37.63873],[126.91975,37.63801],[126.91951,37.63734],[126.91893,37.63736],[126.91899,37.63649],[126.9196,37.63622],[126.91992,37.63664],[126.92134,37.63537],[126.92186,37.6352],[126.92225,37.63519],[126.92259,37.63529],[126.92345,37.63622],[126.92532,37.63621],[126.92533,37.63521],[126.92525,37.6352],[126.92526,37.63506],[126.92533,37.63506],[126.92541,37.63292],[126.92675,37.63255],[126.92606,37.63156],[126.92536,37.63156],[126.9252,37.63098],[126.92396,37.63099],[126.92396,37.63083],[126.92325,37.63082],[126.92079,37.62996],[126.92056,37.6296],[126.92055,37.6292],[126.91997,37.62933],[126.91982,37.62949],[126.91931,37.62952],[126.91922,37.63087],[126.91911,37.63115],[126.91882,37.6317],[126.91847,37.63218],[126.91745,37.63319],[126.91725,37.63353],[126.91708,37.63448],[126.91539,37.63429],[126.91435,37.63431],[126.91334,37.63411],[126.91277,37.63426],[126.91196,37.63421],[126.91192,37.63699],[126.91251,37.63725],[126.91319,37.63764],[126.9141,37.63789],[126.91459,37.63827],[126.91469,37.63846],[126.91516,37.63889],[126.91494,37.6392],[126.915,37.63941],[126.91528,37.63976],[126.9152,37.64006],[126.91511,37.64013],[126.91512,37.64027],[126.91612,37.64055],[126.91674,37.63901],[126.91953,37.63916],[126.91981,37.63925],[126.92133,37.64081],[126.92207,37.64041],[126.92175,37.6401],[126.92164,37.63986]]]}},{"type":"Feature","properties":{"name":"서울전농초등학교 · 서울신답초등학교","kind":"zone","note":"학구도안내서비스 2026-03-20 기준 (교육청 공식)","shared":true},"geometry":{"type":"Polygon","coordinates":[[[127.05223,37.57337],[127.04978,37.57093],[127.04917,37.57135],[127.04985,37.57215],[127.04912,37.57254],[127.04983,37.57336],[127.04835,37.57415],[127.04916,37.57512],[127.05223,37.57337]]]}},{"type":"Feature","properties":{"name":"서울삼릉초등학교","kind":"zone","note":"학구도안내서비스 2026-03-20 기준 (교육청 공식)","shared":false},"geometry":{"type":"Polygon","coordinates":[[[127.05282,37.51397],[127.05331,37.51305],[127.06023,37.51424],[127.06316,37.50887],[127.04899,37.50452],[127.04834,37.50586],[127.04791,37.50642],[127.04742,37.50682],[127.04515,37.50822],[127.04475,37.50856],[127.04442,37.50895],[127.04415,37.50947],[127.04258,37.51369],[127.04405,37.51407],[127.05157,37.51629],[127.05282,37.51397]]]}},{"type":"Feature","properties":{"name":"서울잠신초등학교","kind":"zone","note":"학구도안내서비스 2026-03-20 기준 (교육청 공식)","shared":false},"geometry":{"type":"Polygon","coordinates":[[[127.08556,37.51161],[127.08424,37.51696],[127.08703,37.51718],[127.08888,37.51747],[127.09046,37.51787],[127.09124,37.51545],[127.09256,37.51189],[127.08899,37.51154],[127.08666,37.51156],[127.08667,37.51173],[127.08608,37.51177],[127.08606,37.51159],[127.08556,37.51161]]]}},{"type":"Feature","properties":{"name":"서울노원초등학교","kind":"zone","note":"학구도안내서비스 2026-03-20 기준 (교육청 공식)","shared":false},"geometry":{"type":"Polygon","coordinates":[[[127.05625,37.67955],[127.05621,37.67858],[127.05829,37.67813],[127.05867,37.67794],[127.05902,37.67759],[127.05943,37.67743],[127.06075,37.67647],[127.06143,37.67621],[127.0622,37.67561],[127.06299,37.67533],[127.06358,37.67574],[127.06411,37.67667],[127.06457,37.67695],[127.06605,37.67547],[127.0672,37.67397],[127.0666,37.67391],[127.06599,37.67202],[127.06429,37.67251],[127.06414,37.671],[127.06404,37.67099],[127.06199,37.67246],[127.06173,37.67238],[127.06136,37.67169],[127.06111,37.67189],[127.06133,37.67268],[127.06113,37.6728],[127.06064,37.67274],[127.05998,37.67245],[127.05972,37.67237],[127.05967,37.67245],[127.0594,37.67233],[127.05898,37.67193],[127.05848,37.67161],[127.05845,37.67151],[127.05781,37.67104],[127.0565,37.67051],[127.05625,37.67049],[127.05538,37.6739],[127.05527,37.67478],[127.05533,37.67661],[127.05531,37.67809],[127.05542,37.67894],[127.05542,37.67954],[127.05625,37.67955]]]}},{"type":"Feature","properties":{"name":"서울노일초등학교","kind":"zone","note":"학구도안내서비스 2026-03-20 기준 (교육청 공식)","shared":false},"geometry":{"type":"Polygon","coordinates":[[[127.05135,37.67756],[127.05156,37.67794],[127.05167,37.6784],[127.05217,37.67841],[127.0522,37.67812],[127.05274,37.67825],[127.05323,37.6783],[127.05357,37.67826],[127.05387,37.6781],[127.05464,37.67727],[127.05503,37.67633],[127.0553,37.67605],[127.05527,37.67478],[127.05538,37.6739],[127.05625,37.67049],[127.04977,37.67113],[127.04972,37.67217],[127.04995,37.67369],[127.05033,37.67499],[127.05135,37.67756]]]}},{"type":"Feature","properties":{"name":"서울신강초등학교","kind":"zone","note":"학구도안내서비스 2026-03-20 기준 (교육청 공식)","shared":false},"geometry":{"type":"Polygon","coordinates":[[[126.84278,37.53014],[126.8428,37.5299],[126.8442,37.52997],[126.84432,37.52834],[126.84459,37.52718],[126.84794,37.52774],[126.848,37.52708],[126.84763,37.52655],[126.84708,37.52646],[126.84719,37.52602],[126.84616,37.52585],[126.84627,37.5254],[126.84228,37.52473],[126.84163,37.52458],[126.84022,37.52402],[126.83962,37.52499],[126.83822,37.52444],[126.83538,37.52896],[126.83812,37.52913],[126.83758,37.53001],[126.84277,37.53033],[126.84278,37.53014]]]}},{"type":"Feature","properties":{"name":"서울금천초등학교","kind":"zone","note":"학구도안내서비스 2026-03-20 기준 (교육청 공식)","shared":false},"geometry":{"type":"Polygon","coordinates":[[[126.91362,37.4545],[126.91389,37.45397],[126.91378,37.45381],[126.91323,37.45349],[126.91344,37.45329],[126.91303,37.45308],[126.91253,37.45258],[126.91225,37.45259],[126.91141,37.45214],[126.91129,37.45194],[126.9107,37.45162],[126.91046,37.45127],[126.9101,37.45091],[126.90973,37.45065],[126.90602,37.45224],[126.90615,37.45371],[126.90695,37.45368],[126.90721,37.45423],[126.90735,37.45439],[126.90755,37.45429],[126.90803,37.45447],[126.90867,37.45486],[126.90905,37.45481],[126.90946,37.45485],[126.90964,37.45458],[126.91019,37.4545],[126.91161,37.4545],[126.91173,37.45454],[126.91205,37.45484],[126.91204,37.45505],[126.91212,37.45513],[126.91256,37.45518],[126.91299,37.45499],[126.91362,37.4545]]]}},{"type":"Feature","properties":{"name":"서울강일초등학교","kind":"zone","note":"학구도안내서비스 2026-03-20 기준 (교육청 공식)","shared":false},"geometry":{"type":"Polygon","coordinates":[[[127.17925,37.5686],[127.17938,37.56799],[127.1795,37.56773],[127.17944,37.5676],[127.17946,37.56665],[127.1776,37.56604],[127.17811,37.56499],[127.17682,37.56457],[127.17636,37.56549],[127.17513,37.56484],[127.17329,37.56364],[127.17261,37.56454],[127.16919,37.56866],[127.17017,37.56862],[127.17034,37.56895],[127.17076,37.56911],[127.17114,37.56919],[127.17245,37.56924],[127.17281,37.56933],[127.17366,37.56971],[127.1747,37.56981],[127.1754,37.57043],[127.17592,37.57067],[127.1767,37.5709],[127.17752,37.57095],[127.17767,37.5709],[127.17802,37.57059],[127.17837,37.57046],[127.17865,37.56977],[127.17913,37.56912],[127.17925,37.5686]]]}},{"type":"Feature","properties":{"name":"서울용암초등학교","kind":"zone","note":"학구도안내서비스 2026-03-20 기준 (교육청 공식)","shared":false},"geometry":{"type":"Polygon","coordinates":[[[126.98744,37.54601],[126.98897,37.54621],[126.98942,37.54603],[126.99002,37.54566],[126.99028,37.54542],[126.99095,37.54452],[126.99112,37.54356],[126.99131,37.54304],[126.99172,37.54273],[126.99239,37.54265],[126.9923,37.5419],[126.99229,37.54185],[126.99177,37.54193],[126.99178,37.54148],[126.99137,37.54136],[126.99133,37.54143],[126.99141,37.54152],[126.99112,37.54158],[126.991,37.54188],[126.99073,37.54193],[126.99069,37.54202],[126.99054,37.54208],[126.9904,37.54204],[126.99001,37.54212],[126.9896,37.54058],[126.98946,37.53969],[126.98921,37.53971],[126.98911,37.53941],[126.98816,37.53946],[126.98819,37.53978],[126.98813,37.54019],[126.98746,37.54027],[126.98756,37.54057],[126.98727,37.54062],[126.98661,37.54008],[126.98649,37.53957],[126.98662,37.53901],[126.9865,37.539],[126.98634,37.5395],[126.98592,37.53955],[126.98602,37.53997],[126.98631,37.54001],[126.98642,37.54114],[126.98497,37.54119],[126.98493,37.54093],[126.98444,37.54095],[126.98427,37.54139],[126.98383,37.54222],[126.98361,37.54337],[126.98367,37.54339],[126.98367,37.54349],[126.98421,37.54364],[126.98446,37.54421],[126.98519,37.54475],[126.98534,37.5456],[126.98527,37.54656],[126.98601,37.54629],[126.98744,37.54601]]]}},{"type":"Feature","properties":{"name":"서울홍파초등학교","kind":"zone","note":"학구도안내서비스 2026-03-20 기준 (교육청 공식)","shared":false},"geometry":{"type":"Polygon","coordinates":[[[127.03945,37.59126],[127.04039,37.59126],[127.0404,37.591],[127.04014,37.59099],[127.04013,37.59092],[127.03994,37.59095],[127.03983,37.5908],[127.04029,37.59061],[127.04072,37.59058],[127.04098,37.59037],[127.04033,37.58961],[127.03956,37.58847],[127.03986,37.58833],[127.03983,37.58829],[127.04005,37.588],[127.04038,37.58806],[127.04039,37.588],[127.04058,37.58801],[127.04103,37.58811],[127.04104,37.58807],[127.04282,37.58833],[127.04306,37.58677],[127.0452,37.58027],[127.04477,37.58004],[127.0389,37.57824],[127.03442,37.57817],[127.03446,37.57913],[127.03463,37.58012],[127.03497,37.58151],[127.03514,37.58191],[127.03564,37.58478],[127.03605,37.5858],[127.0373,37.58815],[127.0365,37.58941],[127.03622,37.59119],[127.03945,37.59126]]]}},{"type":"Feature","properties":{"name":"서울백산초등학교","kind":"zone","note":"학구도안내서비스 2026-03-20 기준 (교육청 공식)","shared":false},"geometry":{"type":"Polygon","coordinates":[[[126.91135,37.44832],[126.91129,37.44777],[126.91078,37.44681],[126.91028,37.44675],[126.90951,37.44627],[126.90867,37.44627],[126.90825,37.4464],[126.90794,37.44724],[126.90678,37.44744],[126.9069,37.44689],[126.90639,37.4468],[126.90601,37.44636],[126.90462,37.44639],[126.9042,37.44761],[126.90335,37.44741],[126.90244,37.44982],[126.90411,37.45022],[126.90559,37.45086],[126.90539,37.45088],[126.90527,37.45199],[126.90411,37.45173],[126.90392,37.45351],[126.90602,37.45224],[126.90979,37.45063],[126.90992,37.4503],[126.90981,37.44965],[126.91017,37.44953],[126.91028,37.44877],[126.91036,37.44856],[126.91135,37.44832]]]}},{"type":"Feature","properties":{"name":"서울월천초등학교","kind":"zone","note":"학구도안내서비스 2026-03-20 기준 (교육청 공식)","shared":false},"geometry":{"type":"Polygon","coordinates":[[[127.05471,37.64495],[127.0541,37.64263],[127.05426,37.64259],[127.05415,37.64176],[127.05422,37.64125],[127.05482,37.64018],[127.05473,37.64014],[127.05369,37.64098],[127.05286,37.6418],[127.05221,37.64286],[127.05162,37.64413],[127.05154,37.6445],[127.05135,37.64482],[127.05117,37.64476],[127.04835,37.65171],[127.04846,37.65173],[127.04788,37.65308],[127.04889,37.65332],[127.04885,37.65347],[127.05,37.65377],[127.05252,37.65435],[127.05329,37.65444],[127.05342,37.65051],[127.05363,37.64961],[127.05437,37.64792],[127.05452,37.64745],[127.05474,37.64621],[127.05471,37.64495]]]}},{"type":"Feature","properties":{"name":"서울선사초등학교","kind":"zone","note":"학구도안내서비스 2026-03-20 기준 (교육청 공식)","shared":false},"geometry":{"type":"Polygon","coordinates":[[[127.13389,37.56518],[127.13398,37.5651],[127.13304,37.56452],[127.13319,37.56431],[127.13313,37.56416],[127.13397,37.56469],[127.13463,37.56431],[127.13447,37.56411],[127.13465,37.56403],[127.13461,37.56385],[127.13476,37.56377],[127.13431,37.56288],[127.13381,37.56301],[127.13371,37.56281],[127.13363,37.56243],[127.13369,37.56151],[127.13318,37.56085],[127.13311,37.55976],[127.13248,37.55904],[127.13249,37.55864],[127.13239,37.55844],[127.13199,37.55801],[127.13121,37.55746],[127.13112,37.55733],[127.13105,37.55616],[127.13242,37.55632],[127.13241,37.55476],[127.1328,37.55476],[127.13298,37.55313],[127.13241,37.5533],[127.13217,37.55228],[127.13119,37.55229],[127.13106,37.55187],[127.12737,37.5527],[127.12714,37.55205],[127.12359,37.55287],[127.12485,37.55624],[127.12527,37.55709],[127.12649,37.55908],[127.1271,37.55987],[127.12864,37.56156],[127.13011,37.5629],[127.13115,37.56374],[127.13225,37.56452],[127.13334,37.56516],[127.13368,37.56533],[127.13389,37.56518]]]}},{"type":"Feature","properties":{"name":"서울창일초등학교","kind":"zone","note":"학구도안내서비스 2026-03-20 기준 (교육청 공식)","shared":false},"geometry":{"type":"Polygon","coordinates":[[[127.04835,37.65171],[127.05117,37.64476],[127.05135,37.64482],[127.05154,37.6445],[127.05162,37.64413],[127.05233,37.64261],[127.05297,37.64167],[127.05369,37.64098],[127.05473,37.64014],[127.05444,37.63993],[127.05223,37.63908],[127.05244,37.6387],[127.05255,37.6383],[127.05193,37.63743],[127.05111,37.63704],[127.05066,37.63771],[127.04996,37.63819],[127.04922,37.63835],[127.04838,37.63824],[127.04814,37.63813],[127.04743,37.63854],[127.04665,37.63936],[127.04665,37.6395],[127.04677,37.63971],[127.04663,37.63981],[127.04662,37.64004],[127.04648,37.64034],[127.04652,37.64105],[127.04672,37.64122],[127.04439,37.64154],[127.04429,37.64222],[127.04453,37.64233],[127.04418,37.64292],[127.04415,37.64309],[127.04426,37.64321],[127.04426,37.64341],[127.04366,37.6437],[127.0434,37.64371],[127.04281,37.64411],[127.04216,37.6441],[127.04203,37.64422],[127.04192,37.64422],[127.04184,37.64434],[127.04218,37.64467],[127.04216,37.64513],[127.04164,37.64516],[127.04162,37.645],[127.04121,37.64502],[127.041,37.64486],[127.0408,37.64487],[127.03984,37.6467],[127.04045,37.64682],[127.04243,37.64694],[127.04274,37.64711],[127.04332,37.64773],[127.04379,37.6481],[127.04253,37.64906],[127.04307,37.64955],[127.04283,37.64986],[127.04259,37.65049],[127.04348,37.65068],[127.04357,37.65047],[127.0445,37.65071],[127.04472,37.65122],[127.04567,37.65112],[127.04642,37.65124],[127.04835,37.65171]]]}},{"type":"Feature","properties":{"name":"서울삼선초등학교","kind":"zone","note":"학구도안내서비스 2026-03-20 기준 (교육청 공식)","shared":false},"geometry":{"type":"Polygon","coordinates":[[[127.01371,37.5913],[127.01543,37.58995],[127.01665,37.59035],[127.01878,37.58871],[127.01652,37.58691],[127.01632,37.58681],[127.01643,37.58662],[127.0164,37.58647],[127.01625,37.58645],[127.01624,37.58627],[127.01603,37.58605],[127.01579,37.58593],[127.01553,37.58552],[127.01559,37.58518],[127.01494,37.58464],[127.01487,37.5845],[127.01435,37.58442],[127.01448,37.58434],[127.01462,37.58411],[127.01475,37.58375],[127.01475,37.58358],[127.01461,37.58332],[127.0146,37.583],[127.01222,37.58208],[127.01223,37.58154],[127.01179,37.58157],[127.01169,37.58151],[127.01111,37.58104],[127.01059,37.58025],[127.00864,37.58047],[127.00833,37.58106],[127.00801,37.58123],[127.0078,37.58151],[127.00748,37.58165],[127.00732,37.58187],[127.00702,37.58201],[127.00691,37.58222],[127.00675,37.58234],[127.00716,37.5829],[127.00726,37.58312],[127.00727,37.58333],[127.00689,37.5847],[127.0069,37.58528],[127.00655,37.58555],[127.00663,37.58612],[127.00587,37.58697],[127.00512,37.58699],[127.00425,37.58718],[127.00406,37.58769],[127.00498,37.58803],[127.00506,37.58791],[127.00628,37.5884],[127.00648,37.58815],[127.00739,37.58768],[127.00789,37.5876],[127.0082,37.58766],[127.00897,37.58809],[127.00907,37.58822],[127.01068,37.58929],[127.01192,37.59047],[127.01348,37.59129],[127.01371,37.5913]]]}},{"type":"Feature","properties":{"name":"서울중평초등학교","kind":"zone","note":"학구도안내서비스 2026-03-20 기준 (교육청 공식)","shared":false},"geometry":{"type":"Polygon","coordinates":[[[127.06455,37.63815],[127.0646,37.63806],[127.06698,37.63874],[127.06821,37.63596],[127.06429,37.63349],[127.06351,37.63455],[127.06287,37.63512],[127.06136,37.63712],[127.0603,37.63679],[127.06012,37.63732],[127.05967,37.63806],[127.05957,37.63803],[127.0593,37.63824],[127.06002,37.63946],[127.06059,37.63957],[127.06061,37.63963],[127.06352,37.64046],[127.06455,37.63815]]]}},{"type":"Feature","properties":{"name":"서울녹천초등학교","kind":"zone","note":"학구도안내서비스 2026-03-20 기준 (교육청 공식)","shared":false},"geometry":{"type":"Polygon","coordinates":[[[127.06436,37.63074],[127.06477,37.62931],[127.06491,37.62894],[127.06519,37.62847],[127.06576,37.62786],[127.06641,37.62729],[127.06871,37.62543],[127.06941,37.62464],[127.06956,37.62436],[127.06167,37.62432],[127.0599,37.62793],[127.05927,37.62951],[127.05906,37.63023],[127.06312,37.63276],[127.06345,37.63245],[127.06404,37.63169],[127.06436,37.63074]]]}},{"type":"Feature","properties":{"name":"서울역촌초등학교","kind":"zone","note":"학구도안내서비스 2026-03-20 기준 (교육청 공식)","shared":false},"geometry":{"type":"Polygon","coordinates":[[[126.91812,37.6062],[126.91822,37.6055],[126.91887,37.60555],[126.91875,37.60497],[126.91881,37.6044],[126.9202,37.6045],[126.92172,37.60401],[126.92044,37.60144],[126.92003,37.60091],[126.91938,37.60046],[126.91697,37.59975],[126.91571,37.5992],[126.91568,37.59907],[126.91016,37.5979],[126.91013,37.59814],[126.91032,37.602],[126.90853,37.60204],[126.90787,37.60153],[126.90731,37.60163],[126.90732,37.60182],[126.90716,37.60184],[126.90714,37.60168],[126.90674,37.60177],[126.90646,37.602],[126.90646,37.60214],[126.90596,37.60228],[126.90549,37.60279],[126.90463,37.60309],[126.90425,37.60319],[126.90405,37.60303],[126.90355,37.60291],[126.90338,37.60301],[126.90338,37.60311],[126.9036,37.60339],[126.90356,37.60348],[126.90257,37.60372],[126.90211,37.60374],[126.90203,37.60427],[126.90151,37.60536],[126.90175,37.60572],[126.90224,37.60573],[126.90266,37.60565],[126.90309,37.60551],[126.90383,37.60505],[126.90444,37.60478],[126.90521,37.60469],[126.90618,37.60506],[126.90663,37.60508],[126.90734,37.60491],[126.90835,37.60514],[126.90848,37.60524],[126.90976,37.60544],[126.90974,37.60607],[126.91056,37.606],[126.91049,37.6055],[126.91748,37.60602],[126.91812,37.6062]]]}},{"type":"Feature","properties":{"name":"서울석촌초등학교 · 서울송전초등학교","kind":"zone","note":"학구도안내서비스 2026-03-20 기준 (교육청 공식)","shared":true},"geometry":{"type":"Polygon","coordinates":[[[127.09874,37.50596],[127.09955,37.50607],[127.10002,37.50391],[127.09876,37.50372],[127.09877,37.50258],[127.09696,37.50245],[127.09729,37.50654],[127.09876,37.50646],[127.09874,37.50596]]]}},{"type":"Feature","properties":{"name":"서울월곡초등학교","kind":"zone","note":"학구도안내서비스 2026-03-20 기준 (교육청 공식)","shared":false},"geometry":{"type":"Polygon","coordinates":[[[127.04316,37.61392],[127.04652,37.61384],[127.04749,37.612],[127.04755,37.6117],[127.04785,37.61114],[127.04819,37.61102],[127.0473,37.60925],[127.04724,37.60903],[127.04761,37.60595],[127.04812,37.60592],[127.04813,37.60566],[127.04557,37.60437],[127.04544,37.60436],[127.04546,37.60431],[127.04469,37.60372],[127.0439,37.60288],[127.04366,37.60252],[127.04331,37.60168],[127.04259,37.60164],[127.04225,37.60155],[127.04143,37.60186],[127.04167,37.60224],[127.03899,37.6025],[127.039,37.60362],[127.03941,37.6046],[127.04007,37.60507],[127.04012,37.60548],[127.04035,37.60596],[127.04036,37.6061],[127.04069,37.60649],[127.0408,37.60653],[127.0413,37.6071],[127.04171,37.60734],[127.04235,37.60804],[127.04316,37.60829],[127.04372,37.60858],[127.04406,37.60907],[127.04373,37.60947],[127.04305,37.60978],[127.04351,37.61081],[127.04354,37.61124],[127.04306,37.61121],[127.04305,37.61117],[127.04273,37.61143],[127.0421,37.6114],[127.04197,37.61095],[127.04141,37.61102],[127.04098,37.61092],[127.0408,37.61102],[127.04049,37.61107],[127.04066,37.6118],[127.04055,37.61211],[127.04035,37.61212],[127.03994,37.61198],[127.03972,37.61207],[127.04001,37.61239],[127.03994,37.61387],[127.03987,37.61415],[127.04025,37.6143],[127.04074,37.61433],[127.04316,37.61392]]]}},{"type":"Feature","properties":{"name":"서울문정초등학교","kind":"zone","note":"학구도안내서비스 2026-03-20 기준 (교육청 공식)","shared":false},"geometry":{"type":"Polygon","coordinates":[[[127.13631,37.49062],[127.13589,37.49022],[127.13584,37.48955],[127.1361,37.48946],[127.13596,37.48921],[127.13593,37.489],[127.13575,37.4889],[127.13578,37.48883],[127.13573,37.4887],[127.13552,37.48856],[127.13548,37.48834],[127.135,37.48766],[127.13497,37.48746],[127.1347,37.48725],[127.13439,37.48724],[127.13426,37.48717],[127.13374,37.48645],[127.13098,37.48828],[127.12978,37.48724],[127.12923,37.48689],[127.12846,37.48656],[127.12753,37.48634],[127.12241,37.48607],[127.12238,37.48615],[127.12247,37.48619],[127.12236,37.48642],[127.12225,37.48639],[127.12188,37.48713],[127.12462,37.48855],[127.12428,37.48898],[127.12588,37.48984],[127.12504,37.49085],[127.12961,37.49328],[127.12991,37.49316],[127.13109,37.49234],[127.13354,37.4905],[127.13701,37.4935],[127.13735,37.49321],[127.13731,37.49316],[127.13731,37.49146],[127.13631,37.49062]]]}},{"type":"Feature","properties":{"name":"서울중곡초등학교","kind":"zone","note":"학구도안내서비스 2026-03-20 기준 (교육청 공식)","shared":false},"geometry":{"type":"Polygon","coordinates":[[[127.08581,37.57756],[127.08592,37.57658],[127.08578,37.57588],[127.08781,37.57559],[127.08816,37.5756],[127.08941,37.57504],[127.08959,37.57535],[127.09059,37.57541],[127.0915,37.57487],[127.09231,37.57451],[127.09291,37.57342],[127.094,37.57063],[127.09339,37.5705],[127.09268,37.57025],[127.0905,37.5697],[127.0884,37.57018],[127.08818,37.57085],[127.08617,37.57083],[127.08333,37.57137],[127.07822,37.57189],[127.07723,37.57292],[127.07723,37.57351],[127.07669,37.57759],[127.07985,37.57764],[127.08028,37.57753],[127.08036,37.57782],[127.0803,37.57802],[127.08154,37.57888],[127.08234,37.57956],[127.08582,37.578],[127.08581,37.57756]]]}},{"type":"Feature","properties":{"name":"서울배봉초등학교","kind":"zone","note":"학구도안내서비스 2026-03-20 기준 (교육청 공식)","shared":false},"geometry":{"type":"Polygon","coordinates":[[[127.06911,37.58216],[127.07397,37.58122],[127.07506,37.58104],[127.07519,37.5811],[127.07525,37.58099],[127.07581,37.58094],[127.0762,37.58026],[127.07222,37.57886],[127.07025,37.57876],[127.06968,37.57553],[127.07011,37.57544],[127.07004,37.57431],[127.06946,37.57434],[127.0688,37.57459],[127.0687,37.57424],[127.06851,37.57392],[127.06707,37.5744],[127.06768,37.57635],[127.06701,37.5765],[127.06701,37.57659],[127.06662,37.57658],[127.06655,37.57647],[127.06606,37.57642],[127.06602,37.57624],[127.06618,37.57621],[127.06617,37.57611],[127.06675,37.57598],[127.06706,37.57605],[127.06718,37.57559],[127.06714,37.5755],[127.06694,37.57549],[127.06696,37.57527],[127.06672,37.5753],[127.06675,37.57549],[127.06659,37.57547],[127.06657,37.57529],[127.06672,37.57526],[127.06663,37.57491],[127.06659,37.57485],[127.06655,37.57489],[127.06647,37.57485],[127.06657,37.57474],[127.06643,37.57418],[127.06604,37.57428],[127.06611,37.57449],[127.06564,37.57461],[127.06538,37.57396],[127.06503,37.57386],[127.06505,37.57315],[127.06455,37.57279],[127.06253,37.57282],[127.06295,37.5745],[127.06271,37.57456],[127.06305,37.57475],[127.06309,37.57549],[127.06295,37.57619],[127.0626,37.57611],[127.06248,37.57615],[127.06274,37.57623],[127.06288,37.57635],[127.06304,37.57684],[127.06367,37.57763],[127.06418,37.57743],[127.06457,37.57826],[127.06438,37.57869],[127.06414,37.58003],[127.06433,37.58165],[127.06467,37.58161],[127.06528,37.58171],[127.06554,37.58197],[127.066,37.58214],[127.0673,37.58211],[127.06817,37.58226],[127.06815,37.58271],[127.06834,37.58286],[127.06838,37.58275],[127.06871,37.58266],[127.06868,37.58226],[127.06911,37.58216]]]}},{"type":"Feature","properties":{"name":"서울세곡초등학교","kind":"zone","note":"학구도안내서비스 2026-03-20 기준 (교육청 공식)","shared":false},"geometry":{"type":"Polygon","coordinates":[[[126.84929,37.50814],[126.84944,37.50814],[126.84954,37.50808],[126.84954,37.50761],[126.84983,37.50754],[126.84995,37.50743],[126.84971,37.50736],[126.84979,37.50706],[126.85021,37.50645],[126.84992,37.50636],[126.85064,37.50563],[126.85164,37.50529],[126.85158,37.50451],[126.85166,37.5045],[126.85167,37.50355],[126.85295,37.504],[126.85323,37.50377],[126.85341,37.50345],[126.85384,37.50362],[126.85374,37.50339],[126.85389,37.50335],[126.85409,37.50343],[126.85419,37.50332],[126.85403,37.50323],[126.85426,37.50278],[126.85461,37.50265],[126.85396,37.50131],[126.85305,37.50157],[126.85298,37.50143],[126.85286,37.50143],[126.8529,37.50099],[126.85308,37.50076],[126.85299,37.50057],[126.85301,37.50045],[126.85268,37.49978],[126.85286,37.49959],[126.85279,37.49948],[126.85275,37.49944],[126.85206,37.49997],[126.85152,37.49981],[126.8518,37.49923],[126.85113,37.49902],[126.85142,37.49891],[126.85153,37.49879],[126.85169,37.49812],[126.85049,37.49827],[126.84875,37.49812],[126.84779,37.49927],[126.84738,37.49988],[126.84654,37.50159],[126.84761,37.50199],[126.84717,37.5023],[126.84694,37.50268],[126.84685,37.50322],[126.84651,37.50404],[126.84653,37.50418],[126.84569,37.50585],[126.84599,37.50593],[126.84568,37.50676],[126.84587,37.50683],[126.84556,37.50717],[126.84527,37.50808],[126.84623,37.50898],[126.84662,37.50905],[126.84694,37.50932],[126.84729,37.50948],[126.8487,37.50889],[126.84868,37.50859],[126.84874,37.5084],[126.84906,37.50818],[126.84929,37.50814]]]}},{"type":"Feature","properties":{"name":"서울명원초등학교","kind":"zone","note":"학구도안내서비스 2026-03-20 기준 (교육청 공식)","shared":false},"geometry":{"type":"Polygon","coordinates":[[[127.14935,37.54915],[127.1502,37.5547],[127.15159,37.5547],[127.15338,37.55494],[127.15339,37.55488],[127.15455,37.55504],[127.15453,37.5551],[127.15657,37.55538],[127.15633,37.55171],[127.15281,37.55191],[127.15265,37.54917],[127.14935,37.54915]]]}},{"type":"Feature","properties":{"name":"서울명원초등학교","kind":"zone","note":"학구도안내서비스 2026-03-20 기준 (교육청 공식)","shared":false},"geometry":{"type":"Polygon","coordinates":[[[127.14483,37.54768],[127.14344,37.5478],[127.14378,37.54977],[127.1464,37.54951],[127.14731,37.5492],[127.14712,37.54779],[127.14483,37.54768]]]}},{"type":"Feature","properties":{"name":"서울명원초등학교","kind":"zone","note":"학구도안내서비스 2026-03-20 기준 (교육청 공식)","shared":false},"geometry":{"type":"Polygon","coordinates":[[[127.14862,37.54926],[127.14935,37.54915],[127.14907,37.54786],[127.14834,37.54783],[127.14862,37.54926]]]}},{"type":"Feature","properties":{"name":"서울교동초등학교","kind":"zone","note":"학구도안내서비스 2026-03-20 기준 (교육청 공식)","shared":false},"geometry":{"type":"Polygon","coordinates":[[[126.99732,37.57618],[126.99735,37.57586],[126.99649,37.57613],[126.99309,37.57759],[126.99269,37.57767],[126.99184,37.5776],[126.99183,37.57701],[126.99139,37.576],[126.99138,37.57574],[126.99157,37.57521],[126.99187,37.57466],[126.99242,37.57399],[126.99333,37.57257],[126.99376,37.5721],[126.99379,37.57051],[126.99478,37.57056],[126.99503,37.56855],[126.98961,37.56811],[126.98664,37.56823],[126.98275,37.56899],[126.98285,37.56964],[126.98194,37.57023],[126.98189,37.5717],[126.98195,37.57171],[126.98195,37.57187],[126.98205,37.57187],[126.98209,37.57209],[126.98221,37.57208],[126.98232,37.5726],[126.98229,37.57297],[126.98233,37.57316],[126.98239,37.57317],[126.98236,37.57339],[126.98261,37.57343],[126.98265,37.57353],[126.98256,37.57379],[126.98227,37.57378],[126.98221,37.57481],[126.98196,37.5748],[126.98201,37.57495],[126.98192,37.57498],[126.98199,37.57506],[126.98226,37.57506],[126.98227,37.57513],[126.98254,37.5751],[126.98262,37.57517],[126.98266,37.57554],[126.98352,37.57567],[126.98495,37.57628],[126.98502,37.5762],[126.98681,37.57706],[126.98676,37.57712],[126.98686,37.57717],[126.98743,37.57733],[126.98929,37.57741],[126.98918,37.57876],[126.98927,37.57946],[126.98924,37.58058],[126.98928,37.58091],[126.98955,37.58092],[126.98949,37.58177],[126.98976,37.58234],[126.98967,37.58257],[126.98938,37.58291],[126.98933,37.58368],[126.98904,37.5841],[126.98892,37.58441],[126.98877,37.58503],[126.9889,37.5856],[126.9884,37.58566],[126.98815,37.58561],[126.98811,37.58554],[126.98795,37.58556],[126.98779,37.5862],[126.98787,37.58667],[126.9877,37.58712],[126.98773,37.58727],[126.98819,37.58732],[126.98873,37.58761],[126.98937,37.58764],[126.99019,37.58712],[126.99263,37.58728],[126.99278,37.58713],[126.99288,37.58713],[126.99339,37.58725],[126.99338,37.58706],[126.99362,37.58687],[126.99357,37.58682],[126.99363,37.58673],[126.99348,37.58668],[126.99389,37.58598],[126.99393,37.58581],[126.99415,37.58549],[126.99458,37.5851],[126.99518,37.58426],[126.99604,37.58337],[126.99626,37.58284],[126.99636,37.58276],[126.99659,37.58277],[126.99719,37.58291],[126.99741,37.58278],[126.99772,37.58215],[126.99667,37.58137],[126.99649,37.58107],[126.99646,37.58061],[126.99663,37.57926],[126.99684,37.57818],[126.99721,37.57697],[126.99732,37.57618]]]}},{"type":"Feature","properties":{"name":"서울교동초등학교","kind":"zone","note":"학구도안내서비스 2026-03-20 기준 (교육청 공식)","shared":false},"geometry":{"type":"Polygon","coordinates":[[[126.99735,37.57586],[126.99935,37.57587],[126.99936,37.57579],[126.99931,37.57559],[126.99922,37.57553],[126.99927,37.57544],[126.99905,37.57536],[126.99915,37.57502],[126.99889,37.57488],[126.99897,37.57472],[126.9986,37.57461],[126.99866,37.57449],[126.99849,37.5744],[126.99745,37.5743],[126.99735,37.57586]]]}},{"type":"Feature","properties":{"name":"서울영림초등학교","kind":"zone","note":"학구도안내서비스 2026-03-20 기준 (교육청 공식)","shared":false},"geometry":{"type":"Polygon","coordinates":[[[126.904,37.48598],[126.9032,37.485],[126.90251,37.4853],[126.90145,37.48559],[126.90143,37.48575],[126.90102,37.48591],[126.90034,37.48584],[126.89993,37.48601],[126.89814,37.48693],[126.8977,37.48747],[126.90248,37.4917],[126.90339,37.49064],[126.90374,37.49035],[126.90637,37.48888],[126.904,37.48598]]]}},{"type":"Feature","properties":{"name":"서울양원초등학교","kind":"zone","note":"학구도안내서비스 2026-03-20 기준 (교육청 공식)","shared":false},"geometry":{"type":"Polygon","coordinates":[[[126.82814,37.53506],[126.82798,37.53499],[126.82631,37.53289],[126.82492,37.53262],[126.8251,37.53196],[126.82443,37.53172],[126.82424,37.53158],[126.82413,37.53165],[126.82396,37.53181],[126.82387,37.53206],[126.82343,37.53262],[126.8235,37.53295],[126.82347,37.53345],[126.82355,37.53376],[126.82328,37.53381],[126.8227,37.53375],[126.82262,37.5342],[126.82187,37.5349],[126.82243,37.53654],[126.82234,37.53698],[126.82232,37.53792],[126.82159,37.53971],[126.82205,37.54066],[126.82405,37.54133],[126.82442,37.54136],[126.82519,37.54049],[126.82869,37.5353],[126.82814,37.53506]]]}},{"type":"Feature","properties":{"name":"서울중현초등학교","kind":"zone","note":"학구도안내서비스 2026-03-20 기준 (교육청 공식)","shared":false},"geometry":{"type":"Polygon","coordinates":[[[127.05938,37.63818],[127.05957,37.63803],[127.05967,37.63806],[127.05993,37.63767],[127.06012,37.63732],[127.0603,37.63679],[127.06136,37.63712],[127.06287,37.63512],[127.06351,37.63455],[127.06429,37.63349],[127.06821,37.63596],[127.07025,37.63142],[127.06939,37.63153],[127.06814,37.63147],[127.06436,37.63074],[127.06404,37.63169],[127.06345,37.63245],[127.06084,37.63486],[127.05975,37.63608],[127.05882,37.63757],[127.0593,37.63824],[127.05938,37.63818]]]}},{"type":"Feature","properties":{"name":"서울삼전초등학교 · 서울송전초등학교","kind":"zone","note":"학구도안내서비스 2026-03-20 기준 (교육청 공식)","shared":true},"geometry":{"type":"Polygon","coordinates":[[[127.09729,37.50654],[127.0971,37.50429],[127.09655,37.50435],[127.09652,37.50398],[127.09431,37.50426],[127.09419,37.50391],[127.09298,37.50425],[127.09329,37.50494],[127.0916,37.50542],[127.0913,37.50473],[127.08892,37.5054],[127.09078,37.50753],[127.09729,37.50654]]]}},{"type":"Feature","properties":{"name":"서울상천초등학교","kind":"zone","note":"학구도안내서비스 2026-03-20 기준 (교육청 공식)","shared":false},"geometry":{"type":"Polygon","coordinates":[[[127.06337,37.6466],[127.06217,37.64579],[127.06147,37.64516],[127.06125,37.64487],[127.06109,37.64422],[127.06095,37.64188],[127.06079,37.6413],[127.06026,37.63996],[127.05983,37.63906],[127.05882,37.63757],[127.05804,37.63831],[127.05598,37.63994],[127.05558,37.64053],[127.05578,37.64063],[127.05512,37.64133],[127.05499,37.64236],[127.05515,37.64345],[127.05565,37.6446],[127.05587,37.64595],[127.05582,37.64705],[127.05568,37.64752],[127.06214,37.64898],[127.06337,37.6466]]]}},{"type":"Feature","properties":{"name":"서울석계초등학교","kind":"zone","note":"학구도안내서비스 2026-03-20 기준 (교육청 공식)","shared":false},"geometry":{"type":"Polygon","coordinates":[[[127.07136,37.61024],[127.0713,37.60991],[127.07126,37.60992],[127.07106,37.60762],[127.07138,37.6054],[127.07153,37.60464],[127.07191,37.60378],[127.07241,37.60288],[127.07287,37.60133],[127.0728,37.60085],[127.07249,37.60024],[127.07169,37.5993],[127.07016,37.60018],[127.07021,37.60024],[127.06935,37.60102],[127.06914,37.60139],[127.06903,37.60179],[127.06906,37.60219],[127.06918,37.60258],[127.06862,37.60258],[127.06862,37.60254],[127.0674,37.60258],[127.06723,37.60466],[127.06736,37.60543],[127.06734,37.60629],[127.06681,37.60611],[127.06638,37.60585],[127.06619,37.60558],[127.06552,37.60548],[127.06533,37.60557],[127.06503,37.60668],[127.06549,37.60687],[127.06552,37.60676],[127.06564,37.6068],[127.06551,37.60718],[127.06732,37.60726],[127.06714,37.61092],[127.06625,37.61303],[127.06537,37.61487],[127.06966,37.61573],[127.07106,37.61475],[127.07145,37.61418],[127.07173,37.61351],[127.07166,37.61241],[127.07136,37.61024]]]}},{"type":"Feature","properties":{"name":"서울수색초등학교","kind":"zone","note":"학구도안내서비스 2026-03-20 기준 (교육청 공식)","shared":false},"geometry":{"type":"Polygon","coordinates":[[[126.88683,37.59381],[126.88734,37.59392],[126.88671,37.59317],[126.88656,37.59271],[126.88627,37.59231],[126.88621,37.59233],[126.88614,37.5921],[126.88588,37.59184],[126.88547,37.5911],[126.88576,37.59073],[126.88588,37.58994],[126.88582,37.58969],[126.88608,37.58942],[126.88656,37.58916],[126.88716,37.58853],[126.88732,37.58852],[126.88761,37.58867],[126.88834,37.5888],[126.88925,37.58883],[126.88958,37.58913],[126.89022,37.58892],[126.89094,37.58857],[126.89144,37.58847],[126.89177,37.58853],[126.89224,37.58852],[126.89333,37.58907],[126.89384,37.58907],[126.89427,37.58882],[126.89523,37.58886],[126.89595,37.58873],[126.89641,37.58874],[126.89686,37.58857],[126.89757,37.58896],[126.89796,37.58909],[126.89808,37.58954],[126.89964,37.58982],[126.90029,37.58923],[126.90054,37.58914],[126.9009,37.58922],[126.9013,37.58902],[126.90244,37.58873],[126.90271,37.58854],[126.90362,37.58812],[126.90314,37.58776],[126.9026,37.58713],[126.90206,37.58604],[126.90175,37.58577],[126.90158,37.58524],[126.90156,37.58459],[126.90173,37.58405],[126.90195,37.58381],[126.90214,37.58281],[126.9019,37.58202],[126.90187,37.58141],[126.90171,37.58136],[126.9017,37.58129],[126.90088,37.58142],[126.90086,37.58151],[126.90098,37.58154],[126.90094,37.58228],[126.90065,37.58243],[126.90059,37.58269],[126.9004,37.58266],[126.90042,37.58261],[126.90008,37.58229],[126.90019,37.58202],[126.89925,37.58148],[126.89897,37.58114],[126.899,37.58089],[126.8985,37.58034],[126.89964,37.57964],[126.89929,37.5792],[126.89849,37.57845],[126.88872,37.58475],[126.8859,37.58703],[126.88203,37.59082],[126.88232,37.59113],[126.88268,37.59138],[126.88335,37.59179],[126.88357,37.59185],[126.88447,37.59289],[126.88494,37.59366],[126.88516,37.59388],[126.88536,37.59394],[126.88637,37.59395],[126.88683,37.59381]]]}},{"type":"Feature","properties":{"name":"서울석촌초등학교 · 서울가락초등학교","kind":"zone","note":"학구도안내서비스 2026-03-20 기준 (교육청 공식)","shared":true},"geometry":{"type":"Polygon","coordinates":[[[127.11161,37.50038],[127.11073,37.49993],[127.10972,37.50101],[127.10425,37.49941],[127.10394,37.50002],[127.11013,37.50197],[127.11161,37.50038]]]}},{"type":"Feature","properties":{"name":"서울문교초등학교","kind":"zone","note":"학구도안내서비스 2026-03-20 기준 (교육청 공식)","shared":false},"geometry":{"type":"Polygon","coordinates":[[[126.90586,37.46943],[126.90653,37.46854],[126.90689,37.4687],[126.90712,37.46841],[126.90764,37.46864],[126.90945,37.4687],[126.90993,37.4689],[126.91002,37.46887],[126.90996,37.46876],[126.91104,37.46808],[126.91109,37.46773],[126.91161,37.46712],[126.91164,37.4668],[126.91238,37.46625],[126.91238,37.46588],[126.91162,37.46552],[126.91071,37.46542],[126.91051,37.46554],[126.90971,37.46579],[126.90959,37.46576],[126.90949,37.46571],[126.90931,37.46518],[126.90914,37.46508],[126.90877,37.46502],[126.90847,37.46508],[126.90803,37.4649],[126.90739,37.46447],[126.90712,37.46442],[126.90676,37.464],[126.90672,37.46384],[126.90663,37.46391],[126.90626,37.46364],[126.90596,37.46357],[126.90535,37.46373],[126.90515,37.46368],[126.90493,37.46271],[126.90404,37.46275],[126.90202,37.46576],[126.9017,37.46651],[126.90171,37.46694],[126.90198,37.46776],[126.9038,37.46793],[126.90432,37.46822],[126.90447,37.46845],[126.90506,37.4689],[126.90517,37.46908],[126.90586,37.46943]]]}},{"type":"Feature","properties":{"name":"서울은천초등학교","kind":"zone","note":"학구도안내서비스 2026-03-20 기준 (교육청 공식)","shared":false},"geometry":{"type":"Polygon","coordinates":[[[126.94038,37.49296],[126.94056,37.49285],[126.94083,37.49289],[126.94096,37.49275],[126.94107,37.49241],[126.94152,37.49226],[126.94158,37.49219],[126.94194,37.4922],[126.94195,37.49189],[126.94241,37.49125],[126.94261,37.49078],[126.94355,37.49017],[126.94372,37.48979],[126.94395,37.48962],[126.94399,37.48931],[126.94409,37.48922],[126.94459,37.48915],[126.9449,37.48891],[126.94489,37.48852],[126.94482,37.48821],[126.94475,37.48821],[126.94464,37.48774],[126.9447,37.48721],[126.94492,37.48689],[126.94543,37.48701],[126.9462,37.48699],[126.94639,37.48608],[126.94633,37.48604],[126.9463,37.48592],[126.94414,37.48574],[126.94393,37.48442],[126.94377,37.48432],[126.94362,37.48308],[126.94215,37.48327],[126.94135,37.48351],[126.9349,37.48642],[126.9342,37.48666],[126.93419,37.48873],[126.93437,37.4888],[126.93485,37.48868],[126.93479,37.48845],[126.93494,37.48841],[126.93502,37.48864],[126.93502,37.48891],[126.93486,37.48919],[126.93516,37.48927],[126.93493,37.49041],[126.93506,37.49044],[126.93502,37.49064],[126.93542,37.49042],[126.93614,37.49082],[126.9371,37.49093],[126.93872,37.49138],[126.93904,37.49154],[126.93911,37.49165],[126.93935,37.49166],[126.93917,37.49175],[126.93923,37.4918],[126.93921,37.49222],[126.93944,37.4923],[126.93949,37.49247],[126.93972,37.49264],[126.93974,37.49279],[126.93995,37.49289],[126.94038,37.49296]]]}},{"type":"Feature","properties":{"name":"서울항동초등학교","kind":"zone","note":"학구도안내서비스 2026-03-20 기준 (교육청 공식)","shared":false},"geometry":{"type":"Polygon","coordinates":[[[126.83213,37.48358],[126.83215,37.48288],[126.83163,37.48258],[126.83104,37.48163],[126.83086,37.48143],[126.83217,37.48116],[126.8321,37.48042],[126.83265,37.47947],[126.83251,37.47897],[126.83248,37.47847],[126.83175,37.47765],[126.83046,37.47734],[126.82962,37.4769],[126.82954,37.4766],[126.8292,37.4762],[126.82787,37.47599],[126.82612,37.47622],[126.82528,37.47627],[126.82433,37.47625],[126.82417,37.47619],[126.82411,37.47635],[126.82395,37.47647],[126.82382,37.47639],[126.82365,37.47613],[126.82315,37.47612],[126.82318,37.47595],[126.82295,37.47597],[126.82263,37.47583],[126.82211,37.47575],[126.82195,37.47553],[126.82191,37.47529],[126.82172,37.47522],[126.82167,37.47548],[126.82178,37.4762],[126.82157,37.47626],[126.82124,37.47621],[126.8212,37.47628],[126.82107,37.4763],[126.82016,37.47627],[126.82006,37.4762],[126.81958,37.47636],[126.81942,37.47633],[126.81914,37.47621],[126.81906,37.47594],[126.81907,37.47545],[126.81941,37.47518],[126.81882,37.47533],[126.81881,37.47524],[126.81832,37.4753],[126.81863,37.47408],[126.81792,37.47369],[126.81764,37.47319],[126.81708,37.47329],[126.81695,37.47368],[126.81656,37.47399],[126.81547,37.47405],[126.81463,37.47465],[126.81496,37.47586],[126.8153,37.47636],[126.81611,37.47674],[126.81607,37.47708],[126.81641,37.47754],[126.81721,37.47814],[126.81826,37.47816],[126.819,37.47916],[126.81937,37.47986],[126.81954,37.48032],[126.81958,37.48079],[126.81999,37.48164],[126.81996,37.48189],[126.81956,37.48252],[126.81944,37.48321],[126.82134,37.48421],[126.82185,37.48406],[126.82221,37.48409],[126.82222,37.48394],[126.82321,37.48172],[126.82753,37.48477],[126.82675,37.48307],[126.82995,37.48552],[126.83037,37.48491],[126.83074,37.48479],[126.83218,37.48393],[126.83213,37.48358]]]}},{"type":"Feature","properties":{"name":"서울월정초등학교","kind":"zone","note":"학구도안내서비스 2026-03-20 기준 (교육청 공식)","shared":false},"geometry":{"type":"Polygon","coordinates":[[[126.84063,37.534],[126.84085,37.53364],[126.84208,37.53411],[126.84232,37.53174],[126.84278,37.53177],[126.8428,37.5316],[126.84287,37.53073],[126.84242,37.5307],[126.84245,37.53031],[126.83758,37.53001],[126.83812,37.52913],[126.83538,37.52896],[126.83165,37.53492],[126.83147,37.53502],[126.82966,37.53534],[126.82918,37.53598],[126.83859,37.53736],[126.84063,37.534]]]}},{"type":"Feature","properties":{"name":"서울영도초등학교","kind":"zone","note":"학구도안내서비스 2026-03-20 기준 (교육청 공식)","shared":false},"geometry":{"type":"Polygon","coordinates":[[[126.87648,37.53554],[126.87588,37.53472],[126.87561,37.5339],[126.8759,37.53394],[126.87758,37.53365],[126.87708,37.53149],[126.86397,37.52986],[126.86375,37.5324],[126.86973,37.53315],[126.86982,37.53359],[126.86977,37.53441],[126.86986,37.53491],[126.87026,37.53554],[126.87149,37.53659],[126.87209,37.53612],[126.87275,37.53586],[126.87329,37.53583],[126.87512,37.53604],[126.87555,37.53598],[126.87603,37.53581],[126.87648,37.53554]]]}},{"type":"Feature","properties":{"name":"서울명신초등학교","kind":"zone","note":"학구도안내서비스 2026-03-20 기준 (교육청 공식)","shared":false},"geometry":{"type":"Polygon","coordinates":[[[127.01463,37.58232],[127.01465,37.58227],[127.01483,37.58233],[127.015,37.58215],[127.0151,37.58215],[127.01533,37.58197],[127.01537,37.58182],[127.01561,37.58178],[127.01636,37.58194],[127.01668,37.58171],[127.01683,37.58143],[127.01681,37.58118],[127.01692,37.58104],[127.01687,37.58088],[127.01733,37.58024],[127.01758,37.57972],[127.01797,37.57952],[127.01827,37.57906],[127.01831,37.57863],[127.01801,37.57806],[127.01797,37.57778],[127.01811,37.57758],[127.01842,37.57767],[127.01856,37.57761],[127.01854,37.5774],[127.01871,37.57733],[127.01845,37.5765],[127.01845,37.57562],[127.01832,37.5754],[127.01822,37.57535],[127.0175,37.57534],[127.01733,37.57578],[127.01736,37.57611],[127.0172,37.57654],[127.0172,37.57677],[127.01736,37.57701],[127.01743,37.57773],[127.01731,37.57803],[127.01685,37.57829],[127.01673,37.57848],[127.01684,37.57869],[127.0172,37.5789],[127.01729,37.57911],[127.01667,37.57929],[127.01682,37.57949],[127.01679,37.57961],[127.01644,37.57956],[127.01584,37.57972],[127.01572,37.57986],[127.01558,37.58062],[127.01459,37.58066],[127.0147,37.58019],[127.01457,37.57996],[127.01411,37.57988],[127.01384,37.5797],[127.01335,37.57984],[127.01318,37.58003],[127.01303,37.58006],[127.01291,37.57989],[127.01231,37.57973],[127.01194,37.57953],[127.01183,37.57933],[127.01186,37.57909],[127.01153,37.57905],[127.01106,37.57913],[127.01084,37.57951],[127.01051,37.58026],[127.01059,37.58025],[127.01111,37.58104],[127.01176,37.58156],[127.01223,37.58154],[127.01222,37.58208],[127.0146,37.583],[127.01473,37.58279],[127.015,37.58268],[127.01496,37.58256],[127.01463,37.58232]]]}},{"type":"Feature","properties":{"name":"서울양진초등학교","kind":"zone","note":"학구도안내서비스 2026-03-20 기준 (교육청 공식)","shared":false},"geometry":{"type":"Polygon","coordinates":[[[127.09877,37.54695],[127.10195,37.54584],[127.1013,37.54506],[127.10012,37.54423],[127.10101,37.54286],[127.09581,37.54114],[127.09316,37.53956],[127.09214,37.54064],[127.09223,37.54126],[127.09104,37.54145],[127.08991,37.54153],[127.09065,37.54469],[127.09131,37.54452],[127.09262,37.54406],[127.09315,37.54371],[127.09332,37.54382],[127.09327,37.54386],[127.09348,37.54403],[127.09386,37.54422],[127.09424,37.54429],[127.09538,37.54482],[127.09591,37.54538],[127.09668,37.54566],[127.09673,37.54597],[127.09791,37.547],[127.09814,37.54678],[127.09822,37.54714],[127.09877,37.54695]]]}},{"type":"Feature","properties":{"name":"서울신중초등학교","kind":"zone","note":"학구도안내서비스 2026-03-20 기준 (교육청 공식)","shared":false},"geometry":{"type":"Polygon","coordinates":[[[127.01257,37.49846],[127.0137,37.49368],[127.01471,37.48781],[127.01505,37.48701],[127.01687,37.48407],[127.01482,37.48325],[127.01498,37.48232],[127.01433,37.48104],[127.0129,37.48056],[127.00457,37.47642],[127.00356,37.47781],[127.00572,37.4787],[127.00541,37.47902],[127.00411,37.47854],[127.00296,37.4803],[127.00345,37.4803],[127.00303,37.48073],[127.00267,37.48086],[127.00308,37.48139],[127.00219,37.4823],[127.00211,37.48228],[127.00216,37.48283],[127.00185,37.48272],[127.00174,37.48312],[127.00081,37.48356],[127.00075,37.48372],[127.00086,37.48438],[127.00059,37.4851],[127.00032,37.4854],[127.00024,37.48563],[127.00065,37.48598],[127.00136,37.48684],[127.00099,37.48788],[127.00067,37.48811],[127.00041,37.48854],[127.00049,37.48972],[126.99982,37.49018],[126.99985,37.49157],[127.00029,37.49181],[127.00086,37.49179],[127.00125,37.49198],[127.00183,37.49278],[127.00224,37.49311],[127.00239,37.49349],[127.00327,37.4944],[127.00348,37.49481],[127.00355,37.49503],[127.00352,37.49597],[127.00398,37.4961],[127.00497,37.49675],[127.00568,37.49685],[127.00615,37.4967],[127.00682,37.49679],[127.00715,37.49689],[127.00759,37.49718],[127.00843,37.49701],[127.00877,37.4968],[127.00961,37.49717],[127.01017,37.4973],[127.00885,37.49847],[127.00995,37.49846],[127.00998,37.49871],[127.01244,37.49904],[127.01257,37.49846]]]}},{"type":"Feature","properties":{"name":"서울영등포초등학교","kind":"zone","note":"학구도안내서비스 2026-03-20 기준 (교육청 공식)","shared":false},"geometry":{"type":"Polygon","coordinates":[[[126.901,37.51335],[126.89794,37.51202],[126.89832,37.51135],[126.90061,37.51217],[126.9014,37.51093],[126.90222,37.50918],[126.90074,37.50868],[126.90163,37.5074],[126.90106,37.50716],[126.90139,37.50671],[126.89795,37.50522],[126.89505,37.50782],[126.89371,37.50852],[126.8933,37.50885],[126.89167,37.51083],[126.89418,37.51209],[126.89635,37.51282],[126.89715,37.51319],[126.89802,37.51342],[126.90304,37.51517],[126.90362,37.51495],[126.90424,37.5149],[126.90394,37.51459],[126.901,37.51335]]]}},{"type":"Feature","properties":{"name":"서울토성초등학교","kind":"zone","note":"학구도안내서비스 2026-03-20 기준 (교육청 공식)","shared":false},"geometry":{"type":"Polygon","coordinates":[[[127.11597,37.53287],[127.11624,37.53274],[127.11648,37.53303],[127.1169,37.53287],[127.1172,37.53323],[127.11804,37.53267],[127.11806,37.5326],[127.11841,37.53242],[127.11852,37.53251],[127.11909,37.53373],[127.12143,37.53307],[127.12074,37.53105],[127.1209,37.531],[127.12061,37.53026],[127.12046,37.53029],[127.12012,37.52964],[127.11991,37.53005],[127.11973,37.53024],[127.11899,37.53059],[127.11877,37.5303],[127.1187,37.53033],[127.11856,37.53012],[127.11739,37.53063],[127.11698,37.53035],[127.11632,37.52963],[127.11592,37.52935],[127.1107,37.53168],[127.11047,37.53039],[127.1102,37.52996],[127.10908,37.52894],[127.10845,37.52959],[127.1091,37.53072],[127.10944,37.53223],[127.10974,37.53325],[127.11,37.53386],[127.11081,37.53503],[127.11166,37.53585],[127.11489,37.53492],[127.11426,37.53396],[127.11614,37.53315],[127.11593,37.53289],[127.11597,37.53287]]]}},{"type":"Feature","properties":{"name":"서울대치초등학교","kind":"zone","note":"학구도안내서비스 2026-03-20 기준 (교육청 공식)","shared":false},"geometry":{"type":"Polygon","coordinates":[[[127.06224,37.49634],[127.06519,37.4907],[127.06357,37.49039],[127.06177,37.49016],[127.05912,37.48961],[127.05758,37.48906],[127.05622,37.48835],[127.05537,37.49092],[127.0573,37.4918],[127.05577,37.49464],[127.05469,37.49688],[127.0609,37.49888],[127.06224,37.49634]]]}},{"type":"Feature","properties":{"name":"서울신학초등학교 · 서울초당초등학교","kind":"zone","note":"학구도안내서비스 2026-03-20 기준 (교육청 공식)","shared":true},"geometry":{"type":"Polygon","coordinates":[[[127.02517,37.65936],[127.02647,37.65842],[127.02279,37.65828],[127.02274,37.65854],[127.02242,37.65865],[127.0222,37.65882],[127.02211,37.65899],[127.0223,37.65968],[127.02302,37.65981],[127.02424,37.66014],[127.02451,37.65982],[127.02517,37.65936]]]}},{"type":"Feature","properties":{"name":"서울신학초등학교 · 서울초당초등학교","kind":"zone","note":"학구도안내서비스 2026-03-20 기준 (교육청 공식)","shared":true},"geometry":{"type":"Polygon","coordinates":[[[127.0297,37.65782],[127.02781,37.65772],[127.02778,37.65851],[127.02827,37.65867],[127.02939,37.6593],[127.02962,37.65923],[127.02988,37.65906],[127.02976,37.65886],[127.02982,37.65782],[127.0297,37.65782]]]}},{"type":"Feature","properties":{"name":"서울신학초등학교 · 서울창경초등학교","kind":"zone","note":"학구도안내서비스 2026-03-20 기준 (교육청 공식)","shared":true},"geometry":{"type":"Polygon","coordinates":[[[127.03243,37.65931],[127.03278,37.65878],[127.03285,37.65801],[127.02982,37.65782],[127.02975,37.65838],[127.02976,37.65886],[127.02983,37.65904],[127.03035,37.65893],[127.03137,37.6592],[127.03243,37.65931]]]}},{"type":"Feature","properties":{"name":"서울길음초등학교","kind":"zone","note":"학구도안내서비스 2026-03-20 기준 (교육청 공식)","shared":false},"geometry":{"type":"Polygon","coordinates":[[[127.01937,37.61641],[127.01905,37.61613],[127.0198,37.61563],[127.01904,37.61544],[127.01876,37.61509],[127.01992,37.61419],[127.02034,37.61336],[127.02052,37.61267],[127.0204,37.6126],[127.02067,37.61251],[127.02155,37.61244],[127.02191,37.61233],[127.02197,37.61227],[127.02214,37.61138],[127.02219,37.61137],[127.02013,37.61097],[127.01867,37.61078],[127.01821,37.61111],[127.01806,37.6113],[127.01755,37.61236],[127.01713,37.61287],[127.01676,37.61309],[127.01639,37.61313],[127.01611,37.61316],[127.01529,37.61306],[127.01519,37.6131],[127.01508,37.61327],[127.01475,37.61326],[127.01441,37.61369],[127.01482,37.61422],[127.01448,37.61468],[127.01525,37.61467],[127.01574,37.61474],[127.01554,37.61532],[127.01586,37.61564],[127.01582,37.61645],[127.01639,37.6163],[127.01692,37.61622],[127.01706,37.61625],[127.01705,37.61631],[127.0174,37.61661],[127.01734,37.61675],[127.01736,37.61708],[127.01746,37.6175],[127.01819,37.61754],[127.01825,37.61775],[127.0184,37.61793],[127.01915,37.61837],[127.01907,37.61779],[127.01913,37.61741],[127.01896,37.61715],[127.01896,37.61679],[127.01937,37.61641]]]}},{"type":"Feature","properties":{"name":"서울숭미초등학교","kind":"zone","note":"학구도안내서비스 2026-03-20 기준 (교육청 공식)","shared":false},"geometry":{"type":"Polygon","coordinates":[[[127.02561,37.64994],[127.02506,37.65006],[127.02579,37.65206],[127.02696,37.65202],[127.02707,37.65197],[127.03001,37.65231],[127.03121,37.65395],[127.03305,37.65327],[127.03337,37.65354],[127.03393,37.65431],[127.03449,37.65408],[127.03453,37.65413],[127.0351,37.65409],[127.03523,37.65433],[127.03631,37.65417],[127.03767,37.65368],[127.03226,37.64461],[127.03139,37.64495],[127.03043,37.64509],[127.03023,37.64447],[127.02944,37.64461],[127.02917,37.64436],[127.02865,37.64469],[127.0293,37.64493],[127.02974,37.64541],[127.02987,37.64679],[127.02963,37.64682],[127.02868,37.64721],[127.02821,37.64775],[127.02786,37.64788],[127.02613,37.64883],[127.02619,37.64891],[127.02596,37.64887],[127.02565,37.64904],[127.02552,37.64886],[127.02538,37.64891],[127.0259,37.64978],[127.02561,37.64994]]]}},{"type":"Feature","properties":{"name":"서울은빛초등학교","kind":"zone","note":"학구도안내서비스 2026-03-20 기준 (교육청 공식)","shared":false},"geometry":{"type":"Polygon","coordinates":[[[126.91807,37.63908],[126.91674,37.63901],[126.91548,37.64218],[126.91527,37.64258],[126.91479,37.64306],[126.91462,37.64315],[126.91554,37.64513],[126.91734,37.64525],[126.92125,37.64575],[126.92168,37.64159],[126.92158,37.64108],[126.91981,37.63925],[126.91953,37.63916],[126.91807,37.63908]]]}},{"type":"Feature","properties":{"name":"서울영서초등학교","kind":"zone","note":"학구도안내서비스 2026-03-20 기준 (교육청 공식)","shared":false},"geometry":{"type":"Polygon","coordinates":[[[126.89611,37.48965],[126.89612,37.48934],[126.89814,37.48693],[126.90034,37.48584],[126.8996,37.48504],[126.89977,37.48427],[126.89957,37.48371],[126.89959,37.48342],[126.8995,37.48329],[126.89837,37.48373],[126.8971,37.4838],[126.89536,37.48455],[126.89691,37.48656],[126.89561,37.48727],[126.8941,37.48789],[126.89144,37.48637],[126.8909,37.48693],[126.89044,37.48755],[126.88964,37.48835],[126.88895,37.48787],[126.88811,37.48884],[126.88793,37.48951],[126.88812,37.48982],[126.88812,37.48997],[126.8888,37.49019],[126.8892,37.49023],[126.89037,37.49005],[126.89155,37.48957],[126.89541,37.49201],[126.8957,37.49085],[126.89601,37.49021],[126.89611,37.48965]]]}},{"type":"Feature","properties":{"name":"서울오륜초등학교","kind":"zone","note":"학구도안내서비스 2026-03-20 기준 (교육청 공식)","shared":false},"geometry":{"type":"Polygon","coordinates":[[[127.13449,37.51413],[127.1359,37.5114],[127.13613,37.51078],[127.13639,37.50836],[127.128,37.5118],[127.12939,37.5139],[127.13191,37.51286],[127.13219,37.51387],[127.13323,37.51382],[127.13449,37.51413]]]}},{"type":"Feature","properties":{"name":"서울강명초등학교","kind":"zone","note":"학구도안내서비스 2026-03-20 기준 (교육청 공식)","shared":false},"geometry":{"type":"Polygon","coordinates":[[[127.17406,37.56216],[127.17649,37.55535],[127.17715,37.55389],[127.17836,37.55155],[127.17756,37.5511],[127.17693,37.54927],[127.17675,37.54898],[127.17639,37.54863],[127.17596,37.54836],[127.17397,37.5478],[127.17338,37.54774],[127.17275,37.55105],[127.17214,37.55372],[127.17189,37.55474],[127.17129,37.55639],[127.17126,37.55708],[127.17133,37.55753],[127.1705,37.56151],[127.17046,37.56166],[127.17018,37.56205],[127.17071,37.56208],[127.17137,37.56243],[127.17329,37.56364],[127.17374,37.56289],[127.17406,37.56216]]]}},{"type":"Feature","properties":{"name":"서울미래초등학교","kind":"zone","note":"학구도안내서비스 2026-03-20 기준 (교육청 공식)","shared":false},"geometry":{"type":"Polygon","coordinates":[[[126.89112,37.5101],[126.8918,37.50902],[126.89224,37.5092],[126.89233,37.5091],[126.89228,37.50906],[126.89297,37.5074],[126.89301,37.50694],[126.89324,37.50673],[126.89353,37.50603],[126.89367,37.50586],[126.89397,37.50501],[126.89393,37.50482],[126.89378,37.50473],[126.89317,37.5046],[126.89311,37.50446],[126.89153,37.50369],[126.89137,37.50388],[126.89018,37.50327],[126.89032,37.50309],[126.88921,37.5025],[126.88775,37.50433],[126.88743,37.50453],[126.88701,37.50464],[126.88678,37.50385],[126.88493,37.50294],[126.88481,37.5028],[126.88187,37.50159],[126.88194,37.50137],[126.88216,37.50116],[126.88219,37.50093],[126.88045,37.50241],[126.88107,37.50294],[126.88144,37.50265],[126.88331,37.50423],[126.88628,37.50596],[126.88533,37.50698],[126.88807,37.50901],[126.89052,37.51027],[126.89112,37.5101]]]}},{"type":"Feature","properties":{"name":"서울남천초등학교","kind":"zone","note":"학구도안내서비스 2026-03-20 기준 (교육청 공식)","shared":false},"geometry":{"type":"Polygon","coordinates":[[[127.1519,37.50316],[127.15211,37.50297],[127.1525,37.50309],[127.15284,37.50306],[127.15323,37.50268],[127.15395,37.50266],[127.15553,37.50217],[127.15584,37.50188],[127.15597,37.50151],[127.15623,37.50113],[127.15651,37.501],[127.15799,37.50068],[127.15853,37.50043],[127.1583,37.5],[127.15742,37.499],[127.15664,37.49846],[127.15636,37.49836],[127.15579,37.49801],[127.15413,37.49729],[127.15294,37.49692],[127.15252,37.49702],[127.1521,37.49673],[127.15165,37.49694],[127.15067,37.49692],[127.14987,37.49709],[127.14897,37.49628],[127.14473,37.49923],[127.14537,37.49936],[127.14579,37.49958],[127.14613,37.49988],[127.14659,37.50056],[127.14688,37.50084],[127.14722,37.50097],[127.14714,37.50115],[127.14633,37.50118],[127.14661,37.50193],[127.148,37.50203],[127.14855,37.50191],[127.14987,37.50364],[127.15065,37.50423],[127.1519,37.50316]]]}},{"type":"Feature","properties":{"name":"서울누원초등학교","kind":"zone","note":"학구도안내서비스 2026-03-20 기준 (교육청 공식)","shared":false},"geometry":{"type":"Polygon","coordinates":[[[127.04881,37.69328],[127.04908,37.69241],[127.0556,37.69273],[127.05841,37.69126],[127.05839,37.68969],[127.05719,37.68963],[127.05618,37.6892],[127.05518,37.6892],[127.05469,37.68872],[127.05281,37.68768],[127.05223,37.68742],[127.0518,37.68707],[127.0518,37.68581],[127.05207,37.68452],[127.05194,37.68295],[127.0518,37.6826],[127.05123,37.682],[127.05092,37.68009],[127.0504,37.67917],[127.05013,37.67839],[127.04996,37.67741],[127.04984,37.67706],[127.0494,37.67713],[127.04924,37.67685],[127.04916,37.67683],[127.04883,37.67696],[127.04827,37.67635],[127.047,37.6768],[127.04709,37.67621],[127.04674,37.67547],[127.04613,37.67574],[127.04504,37.67604],[127.0447,37.67605],[127.04579,37.68228],[127.04601,37.68374],[127.04606,37.68485],[127.04599,37.68588],[127.04505,37.69239],[127.04565,37.69237],[127.04597,37.69243],[127.04652,37.69268],[127.04675,37.69272],[127.04708,37.693],[127.04727,37.69301],[127.04753,37.69331],[127.04781,37.69329],[127.04814,37.69372],[127.04821,37.69395],[127.04863,37.69406],[127.04881,37.69328]]]}},{"type":"Feature","properties":{"name":"서울청계초등학교","kind":"zone","note":"학구도안내서비스 2026-03-20 기준 (교육청 공식)","shared":false},"geometry":{"type":"Polygon","coordinates":[[[127.06561,37.64191],[127.06556,37.6419],[127.06337,37.6466],[127.06403,37.64716],[127.06453,37.64768],[127.06589,37.64935],[127.0663,37.64958],[127.06857,37.65043],[127.06865,37.65021],[127.06961,37.64915],[127.06987,37.64879],[127.07,37.6483],[127.07006,37.64681],[127.07075,37.64531],[127.06716,37.64425],[127.06791,37.64263],[127.06561,37.64191]]]}},{"type":"Feature","properties":{"name":"서울신기초등학교","kind":"zone","note":"학구도안내서비스 2026-03-20 기준 (교육청 공식)","shared":false},"geometry":{"type":"Polygon","coordinates":[[[126.85535,37.51476],[126.85587,37.51367],[126.85816,37.50988],[126.85561,37.50916],[126.8552,37.50971],[126.85287,37.51069],[126.85254,37.51052],[126.85245,37.51074],[126.85111,37.51089],[126.85002,37.51055],[126.84928,37.51098],[126.84935,37.51141],[126.85166,37.51221],[126.8512,37.51298],[126.85246,37.51346],[126.8529,37.51385],[126.85302,37.51383],[126.85383,37.51461],[126.85427,37.51461],[126.85462,37.51497],[126.85458,37.51552],[126.85495,37.51561],[126.85535,37.51476]]]}},{"type":"Feature","properties":{"name":"서울신은초등학교","kind":"zone","note":"학구도안내서비스 2026-03-20 기준 (교육청 공식)","shared":false},"geometry":{"type":"Polygon","coordinates":[[[126.83116,37.51454],[126.83328,37.51518],[126.83416,37.51399],[126.83548,37.51246],[126.83621,37.51117],[126.83646,37.51047],[126.83754,37.50866],[126.83829,37.507],[126.83704,37.50671],[126.83057,37.50646],[126.83061,37.50694],[126.83103,37.50783],[126.83103,37.50803],[126.83065,37.50822],[126.82984,37.50835],[126.82949,37.50832],[126.82928,37.50844],[126.82811,37.5088],[126.82714,37.5085],[126.82699,37.5085],[126.82705,37.50922],[126.82661,37.50945],[126.82642,37.50945],[126.82668,37.50967],[126.82707,37.51036],[126.82683,37.51043],[126.82419,37.51053],[126.82406,37.51048],[126.82386,37.51088],[126.82415,37.51244],[126.82441,37.51318],[126.82433,37.51355],[126.8257,37.51364],[126.82518,37.51472],[126.82518,37.5148],[126.82534,37.51496],[126.82684,37.51524],[126.82689,37.51562],[126.82709,37.51616],[126.82786,37.51657],[126.82844,37.51713],[126.82895,37.51749],[126.82938,37.51764],[126.83016,37.51765],[126.8315,37.51699],[126.83193,37.51667],[126.83214,37.51628],[126.83222,37.51593],[126.83188,37.51564],[126.83161,37.51525],[126.83114,37.51485],[126.83116,37.51454]]]}},{"type":"Feature","properties":{"name":"서울인수초등학교","kind":"zone","note":"학구도안내서비스 2026-03-20 기준 (교육청 공식)","shared":false},"geometry":{"type":"Polygon","coordinates":[[[127.00653,37.64769],[127.00738,37.64757],[127.00824,37.64759],[127.00832,37.6475],[127.00841,37.64746],[127.00848,37.64751],[127.0094,37.64707],[127.01406,37.64823],[127.01444,37.64825],[127.01518,37.64811],[127.01552,37.648],[127.01597,37.64774],[127.02135,37.6439],[127.02062,37.64364],[127.02032,37.64362],[127.0198,37.64379],[127.0191,37.64388],[127.01883,37.64403],[127.0168,37.64338],[127.01659,37.64405],[127.016,37.64403],[127.01693,37.6408],[127.0152,37.64061],[127.01062,37.6396],[127.00993,37.63959],[127.00726,37.63896],[127.00657,37.63869],[127.00595,37.639],[127.00581,37.63927],[127.00506,37.63929],[127.0035,37.64011],[127.00321,37.64071],[127.00277,37.6413],[127.00227,37.6423],[127.00208,37.6423],[127.00176,37.64218],[127.0012,37.64232],[126.99972,37.64163],[126.99931,37.64152],[126.99824,37.64163],[126.99824,37.64185],[126.99772,37.64185],[126.99772,37.64169],[126.99674,37.64179],[126.9955,37.64148],[126.98942,37.64142],[126.98891,37.64123],[126.98797,37.6416],[126.98608,37.64211],[126.98496,37.64146],[126.98426,37.64164],[126.98383,37.64215],[126.98387,37.64256],[126.98369,37.64304],[126.98325,37.64368],[126.98347,37.64394],[126.98373,37.64405],[126.9839,37.64427],[126.98419,37.64443],[126.98419,37.6446],[126.98464,37.64534],[126.98482,37.64537],[126.98486,37.6456],[126.98541,37.64595],[126.98568,37.64599],[126.98572,37.64609],[126.99982,37.64717],[127.00466,37.64822],[127.00516,37.64846],[127.00615,37.64779],[127.00653,37.64769]]]}},{"type":"Feature","properties":{"name":"서울안암초등학교","kind":"zone","note":"학구도안내서비스 2026-03-20 기준 (교육청 공식)","shared":false},"geometry":{"type":"Polygon","coordinates":[[[127.02082,37.59047],[127.02152,37.59042],[127.02208,37.59086],[127.02216,37.59085],[127.02229,37.59061],[127.02219,37.58971],[127.02384,37.59016],[127.02445,37.5899],[127.02466,37.58963],[127.02508,37.58925],[127.02521,37.58893],[127.02571,37.5887],[127.02479,37.58875],[127.02449,37.58902],[127.02425,37.589],[127.02423,37.58855],[127.02346,37.58834],[127.02357,37.58802],[127.02411,37.58773],[127.02451,37.58737],[127.02536,37.58761],[127.0256,37.58803],[127.02572,37.58813],[127.02593,37.58811],[127.02553,37.5874],[127.02538,37.58698],[127.02529,37.58643],[127.02488,37.58625],[127.02448,37.58598],[127.02448,37.58564],[127.02431,37.58533],[127.02395,37.58514],[127.02384,37.58494],[127.02386,37.58466],[127.0241,37.58422],[127.02411,37.58387],[127.02424,37.58341],[127.02457,37.58302],[127.02471,37.58272],[127.02566,37.58255],[127.02631,37.58216],[127.02603,37.58189],[127.0261,37.58174],[127.02634,37.58158],[127.02651,37.58136],[127.0263,37.58125],[127.0261,37.58104],[127.0259,37.58101],[127.02593,37.58087],[127.02611,37.58088],[127.02642,37.58054],[127.02444,37.5792],[127.02407,37.57936],[127.0238,37.57961],[127.02212,37.58261],[127.02186,37.58315],[127.02091,37.58591],[127.01938,37.58533],[127.01821,37.58749],[127.01785,37.58796],[127.01878,37.58871],[127.01665,37.59035],[127.0199,37.59138],[127.02091,37.5913],[127.02082,37.59047]]]}},{"type":"Feature","properties":{"name":"서울중원초등학교","kind":"zone","note":"학구도안내서비스 2026-03-20 기준 (교육청 공식)","shared":false},"geometry":{"type":"Polygon","coordinates":[[[127.06609,37.64072],[127.06698,37.63874],[127.0646,37.63806],[127.06352,37.64046],[127.06061,37.63963],[127.06059,37.63957],[127.06002,37.63946],[127.06058,37.64072],[127.0609,37.64165],[127.06099,37.64231],[127.06109,37.64422],[127.06125,37.64487],[127.06147,37.64516],[127.06217,37.64579],[127.06337,37.6466],[127.06609,37.64072]]]}},{"type":"Feature","properties":{"name":"서울천왕초등학교 · 서울하늘숲초등학교","kind":"zone","note":"학구도안내서비스 2026-03-20 기준 (교육청 공식)","shared":true},"geometry":{"type":"Polygon","coordinates":[[[126.84507,37.48206],[126.84656,37.48163],[126.84622,37.48124],[126.84601,37.4808],[126.84583,37.47877],[126.84523,37.4788],[126.84515,37.4794],[126.84486,37.4794],[126.84489,37.48011],[126.84412,37.48018],[126.84413,37.48056],[126.84363,37.48056],[126.84343,37.48105],[126.84314,37.48149],[126.84259,37.48132],[126.84238,37.48164],[126.83995,37.48168],[126.83962,37.48194],[126.83829,37.48194],[126.83829,37.48338],[126.83784,37.48423],[126.83767,37.48479],[126.83769,37.48514],[126.8378,37.48553],[126.83822,37.48615],[126.83877,37.48653],[126.84005,37.48454],[126.84056,37.48406],[126.84238,37.48291],[126.84372,37.48244],[126.84507,37.48206]]]}},{"type":"Feature","properties":{"name":"서울천왕초등학교 · 서울하늘숲초등학교","kind":"zone","note":"학구도안내서비스 2026-03-20 기준 (교육청 공식)","shared":true},"geometry":{"type":"Polygon","coordinates":[[[126.84279,37.4809],[126.84288,37.48026],[126.84286,37.4793],[126.84129,37.47928],[126.84094,37.47934],[126.8398,37.48019],[126.84025,37.48053],[126.84177,37.48053],[126.84178,37.48104],[126.84272,37.48104],[126.84279,37.4809]]]}},{"type":"Feature","properties":{"name":"서울하늘숲초등학교","kind":"zone","note":"학구도안내서비스 2026-03-20 기준 (교육청 공식)","shared":false},"geometry":{"type":"Polygon","coordinates":[[[126.84736,37.48337],[126.84741,37.48276],[126.84793,37.4828],[126.84793,37.48276],[126.84758,37.48275],[126.84761,37.48247],[126.84716,37.48244],[126.84737,37.48229],[126.84704,37.48235],[126.84699,37.48189],[126.84656,37.48163],[126.84372,37.48244],[126.84238,37.48291],[126.84056,37.48406],[126.84024,37.48433],[126.84005,37.48454],[126.83877,37.48653],[126.83937,37.48679],[126.83955,37.48699],[126.83965,37.48789],[126.84039,37.48789],[126.84376,37.48616],[126.84374,37.4849],[126.84425,37.4847],[126.84466,37.48431],[126.84478,37.48385],[126.84737,37.48347],[126.84736,37.48337]]]}},{"type":"Feature","properties":{"name":"서울혜화초등학교","kind":"zone","note":"학구도안내서비스 2026-03-20 기준 (교육청 공식)","shared":false},"geometry":{"type":"Polygon","coordinates":[[[126.9992,37.59233],[127.00098,37.59236],[127.00113,37.5921],[127.00137,37.59191],[127.00173,37.59135],[127.00189,37.59122],[127.00178,37.59083],[127.00161,37.5908],[127.00146,37.59055],[127.00147,37.59015],[127.00193,37.58996],[127.00221,37.5895],[127.00234,37.58904],[127.00282,37.58877],[127.00328,37.58866],[127.00339,37.58857],[127.00352,37.58815],[127.00369,37.58804],[127.00392,37.58803],[127.00399,37.58794],[127.00389,37.58775],[127.004,37.5878],[127.00408,37.58773],[127.00402,37.58772],[127.00413,37.58761],[127.00425,37.58718],[127.00512,37.58699],[127.00587,37.58697],[127.00663,37.58612],[127.00655,37.58555],[127.0069,37.58528],[127.00689,37.5847],[127.00727,37.58328],[127.00574,37.58293],[127.00546,37.583],[127.00496,37.58291],[127.00494,37.58303],[127.00461,37.58303],[127.00456,37.58309],[127.00433,37.5831],[127.00402,37.583],[127.00384,37.58285],[127.00386,37.58273],[127.00421,37.58263],[127.00411,37.58175],[127.00435,37.58056],[127.00441,37.58048],[127.00443,37.57994],[127.00221,37.57958],[127.002,37.58177],[127.00102,37.58175],[127.001,37.58141],[127.0007,37.58138],[127.0007,37.58132],[126.99982,37.58112],[126.9997,37.58121],[126.99907,37.58126],[126.99789,37.58123],[126.9978,37.5818],[126.9975,37.58199],[126.99772,37.58215],[126.99741,37.58278],[126.99719,37.58291],[126.99659,37.58277],[126.99636,37.58276],[126.99626,37.58284],[126.99604,37.58337],[126.99518,37.58426],[126.99458,37.5851],[126.99415,37.58549],[126.99393,37.58581],[126.99389,37.58598],[126.99348,37.58668],[126.99363,37.58673],[126.99357,37.58682],[126.99362,37.58687],[126.99338,37.58706],[126.99339,37.58725],[126.99288,37.58713],[126.99278,37.58713],[126.99263,37.58728],[126.99019,37.58712],[126.98937,37.58764],[126.98873,37.58761],[126.98819,37.58732],[126.98773,37.58727],[126.98803,37.58778],[126.9878,37.58827],[126.98801,37.58861],[126.98797,37.58872],[126.98806,37.58899],[126.98837,37.58914],[126.98843,37.58934],[126.98865,37.58962],[126.98902,37.58962],[126.98909,37.58983],[126.98918,37.59053],[126.98901,37.59134],[126.98908,37.59141],[126.98922,37.59126],[126.98987,37.59147],[126.99097,37.59153],[126.99143,37.59141],[126.99164,37.59147],[126.99186,37.59186],[126.99216,37.59199],[126.99356,37.59173],[126.99367,37.59152],[126.99382,37.59145],[126.99431,37.59145],[126.99475,37.59168],[126.99536,37.59228],[126.9964,37.59205],[126.99669,37.59209],[126.99686,37.59222],[126.99744,37.59222],[126.99847,37.59247],[126.99873,37.59247],[126.9992,37.59233]]]}},{"type":"Feature","properties":{"name":"서울오봉초등학교","kind":"zone","note":"학구도안내서비스 2026-03-20 기준 (교육청 공식)","shared":false},"geometry":{"type":"Polygon","coordinates":[[[127.04363,37.67457],[127.04363,37.67441],[127.0444,37.67431],[127.04316,37.66704],[127.04086,37.6673],[127.04004,37.6673],[127.03921,37.66706],[127.03838,37.66649],[127.03621,37.66851],[127.0358,37.66829],[127.03535,37.6687],[127.03506,37.66849],[127.03484,37.66869],[127.03454,37.66874],[127.03428,37.66906],[127.03373,37.66905],[127.03367,37.66885],[127.03346,37.66904],[127.03326,37.6691],[127.03326,37.66928],[127.03464,37.66922],[127.03465,37.66958],[127.03455,37.67003],[127.03474,37.67042],[127.03512,37.67051],[127.03549,37.67043],[127.03565,37.67049],[127.03592,37.67044],[127.03616,37.67067],[127.03622,37.67114],[127.03615,37.67151],[127.03649,37.67159],[127.0368,37.67158],[127.03715,37.67148],[127.0376,37.67146],[127.03795,37.67172],[127.03808,37.6719],[127.03841,37.67203],[127.03895,37.67194],[127.03924,37.67196],[127.03913,37.67215],[127.03925,37.67228],[127.0394,37.67264],[127.04022,37.67315],[127.04026,37.67335],[127.0407,37.67384],[127.04078,37.67403],[127.04112,37.67407],[127.04157,37.67427],[127.04236,37.67451],[127.04244,37.67449],[127.04358,37.67554],[127.04363,37.67457]]]}},{"type":"Feature","properties":{"name":"서울삼광초등학교","kind":"zone","note":"학구도안내서비스 2026-03-20 기준 (교육청 공식)","shared":false},"geometry":{"type":"Polygon","coordinates":[[[126.97656,37.55665],[126.97676,37.55626],[126.97682,37.556],[126.97659,37.55559],[126.97643,37.55309],[126.97637,37.55312],[126.9766,37.55284],[126.97834,37.54645],[126.97903,37.54712],[126.97917,37.54738],[126.97916,37.5475],[126.97941,37.54776],[126.97951,37.54768],[126.97981,37.54792],[126.98075,37.54753],[126.98092,37.54773],[126.9811,37.54764],[126.98146,37.54811],[126.9816,37.54805],[126.98197,37.54813],[126.98212,37.54799],[126.98237,37.54811],[126.98237,37.54789],[126.98227,37.5477],[126.98135,37.54702],[126.98102,37.54666],[126.98147,37.54659],[126.98163,37.54583],[126.98167,37.54472],[126.98052,37.54432],[126.98053,37.54421],[126.98073,37.54421],[126.98132,37.54387],[126.98165,37.54385],[126.98195,37.54375],[126.98217,37.54398],[126.9824,37.54409],[126.98248,37.54411],[126.98261,37.54402],[126.98278,37.5438],[126.98251,37.54254],[126.98186,37.54135],[126.98146,37.54126],[126.98116,37.5413],[126.97937,37.54176],[126.97907,37.54441],[126.97845,37.54594],[126.97343,37.54528],[126.97464,37.54067],[126.97194,37.54014],[126.97168,37.54003],[126.9717,37.53936],[126.97121,37.53936],[126.9712,37.53996],[126.97107,37.53995],[126.97107,37.54014],[126.97089,37.54055],[126.97101,37.54112],[126.97105,37.54246],[126.97097,37.54628],[126.97089,37.54648],[126.9709,37.54833],[126.97057,37.5493],[126.97045,37.54929],[126.97046,37.54923],[126.96999,37.54921],[126.9691,37.55272],[126.96899,37.55599],[126.96908,37.55673],[126.97153,37.55671],[126.97372,37.55655],[126.97417,37.55661],[126.97633,37.55749],[126.97645,37.55684],[126.97656,37.55665]]]}},{"type":"Feature","properties":{"name":"서울창도초등학교","kind":"zone","note":"학구도안내서비스 2026-03-20 기준 (교육청 공식)","shared":false},"geometry":{"type":"Polygon","coordinates":[[[127.04984,37.67706],[127.04876,37.674],[127.04876,37.67381],[127.04845,37.67284],[127.04816,37.67119],[127.04819,37.6705],[127.04892,37.66758],[127.04966,37.66656],[127.05031,37.66581],[127.05087,37.66482],[127.05117,37.66398],[127.05141,37.66397],[127.05156,37.66303],[127.05162,37.6607],[127.05159,37.66066],[127.04972,37.66116],[127.04645,37.66208],[127.04574,37.66221],[127.04488,37.66219],[127.04227,37.66183],[127.0447,37.67605],[127.04504,37.67604],[127.04613,37.67574],[127.04674,37.67547],[127.04709,37.67621],[127.047,37.6768],[127.04827,37.67635],[127.04883,37.67696],[127.04916,37.67683],[127.04924,37.67685],[127.0494,37.67713],[127.04984,37.67706]]]}},{"type":"Feature","properties":{"name":"서울금호초등학교","kind":"zone","note":"학구도안내서비스 2026-03-20 기준 (교육청 공식)","shared":false},"geometry":{"type":"Polygon","coordinates":[[[127.01407,37.55083],[127.01598,37.55259],[127.01616,37.55261],[127.01637,37.55311],[127.01699,37.55366],[127.01694,37.5538],[127.01702,37.55408],[127.01686,37.55447],[127.01711,37.5549],[127.01723,37.55497],[127.01734,37.55586],[127.01772,37.5565],[127.01804,37.55685],[127.01865,37.55709],[127.01879,37.55722],[127.01901,37.55724],[127.0194,37.55743],[127.01983,37.55666],[127.01998,37.55623],[127.02002,37.55472],[127.02018,37.55446],[127.02129,37.55363],[127.02175,37.55346],[127.02307,37.5532],[127.02444,37.55267],[127.02504,37.55233],[127.02538,37.55193],[127.02569,37.55081],[127.02607,37.55004],[127.02607,37.54955],[127.02584,37.54804],[127.02569,37.54805],[127.02556,37.54869],[127.02513,37.5485],[127.02485,37.54847],[127.02429,37.54862],[127.02311,37.54869],[127.02273,37.54886],[127.02246,37.54891],[127.02132,37.54885],[127.02132,37.54899],[127.02079,37.54895],[127.02077,37.54906],[127.02039,37.54897],[127.02008,37.54899],[127.02008,37.54877],[127.01956,37.54873],[127.01966,37.55026],[127.01943,37.55028],[127.01841,37.54987],[127.01757,37.5498],[127.0172,37.55012],[127.01686,37.55018],[127.01677,37.55093],[127.01725,37.55111],[127.01697,37.55155],[127.0159,37.55149],[127.01527,37.55122],[127.01504,37.55094],[127.01532,37.55087],[127.01531,37.55082],[127.01517,37.55054],[127.01509,37.55055],[127.01496,37.55037],[127.01524,37.55005],[127.01509,37.54985],[127.01498,37.54983],[127.01407,37.55083]]]}},{"type":"Feature","properties":{"name":"서울개명초등학교","kind":"zone","note":"학구도안내서비스 2026-03-20 기준 (교육청 공식)","shared":false},"geometry":{"type":"Polygon","coordinates":[[[126.85077,37.48655],[126.85148,37.48685],[126.85216,37.48685],[126.85222,37.48616],[126.85644,37.48642],[126.8565,37.4857],[126.8556,37.48545],[126.85516,37.48517],[126.85487,37.48479],[126.85386,37.48284],[126.85364,37.48262],[126.85316,37.48262],[126.85296,37.48248],[126.85313,37.48231],[126.8527,37.48182],[126.85167,37.48159],[126.85084,37.48152],[126.85042,37.48157],[126.84847,37.48209],[126.8478,37.48208],[126.84699,37.48189],[126.84704,37.48235],[126.84737,37.48229],[126.84716,37.48244],[126.84761,37.48247],[126.84758,37.48275],[126.84793,37.48276],[126.84793,37.4828],[126.84741,37.48276],[126.84735,37.4837],[126.84799,37.48432],[126.84762,37.48451],[126.84704,37.48525],[126.84707,37.48542],[126.8473,37.48552],[126.84806,37.4856],[126.84816,37.48586],[126.84861,37.48625],[126.84873,37.48672],[126.84899,37.48674],[126.84908,37.48749],[126.85009,37.48752],[126.85069,37.48763],[126.85063,37.48686],[126.85065,37.48668],[126.85077,37.48655]]]}},{"type":"Feature","properties":{"name":"서울평화초등학교","kind":"zone","note":"학구도안내서비스 2026-03-20 기준 (교육청 공식)","shared":false},"geometry":{"type":"Polygon","coordinates":[[[127.1245,37.49575],[127.12564,37.4944],[127.12684,37.4944],[127.12688,37.49277],[127.12743,37.49211],[127.12504,37.49085],[127.12588,37.48984],[127.12428,37.48898],[127.12462,37.48855],[127.12188,37.48713],[127.12007,37.49065],[127.11879,37.49253],[127.12332,37.49494],[127.12394,37.49546],[127.12382,37.49556],[127.12411,37.49582],[127.12425,37.49573],[127.1244,37.49586],[127.1245,37.49575]]]}},{"type":"Feature","properties":{"name":"서울고은초등학교","kind":"zone","note":"학구도안내서비스 2026-03-20 기준 (교육청 공식)","shared":false},"geometry":{"type":"Polygon","coordinates":[[[126.94361,37.58907],[126.94479,37.58814],[126.94485,37.58821],[126.94546,37.58771],[126.94812,37.58509],[126.94775,37.58482],[126.94681,37.58436],[126.94581,37.58358],[126.94415,37.58271],[126.94343,37.58177],[126.94239,37.58172],[126.94226,37.58241],[126.94196,37.58236],[126.94166,37.58261],[126.94193,37.58304],[126.94176,37.58338],[126.9418,37.58369],[126.94206,37.58393],[126.94207,37.58404],[126.94146,37.58392],[126.94108,37.58307],[126.94068,37.5828],[126.94062,37.58215],[126.93937,37.5823],[126.9394,37.58222],[126.93926,37.58214],[126.93878,37.58209],[126.93854,37.58192],[126.93764,37.58172],[126.93617,37.58402],[126.93557,37.58509],[126.93528,37.58596],[126.93531,37.58666],[126.93578,37.58759],[126.93611,37.58803],[126.937,37.58877],[126.94089,37.59097],[126.94162,37.59123],[126.94238,37.59028],[126.94362,37.5892],[126.94354,37.58912],[126.94361,37.58907]]]}},{"type":"Feature","properties":{"name":"서울신상계초등학교","kind":"zone","note":"학구도안내서비스 2026-03-20 기준 (교육청 공식)","shared":false},"geometry":{"type":"Polygon","coordinates":[[[127.07934,37.67876],[127.07979,37.67724],[127.08312,37.67762],[127.08352,37.6756],[127.08375,37.67558],[127.08423,37.67572],[127.08445,37.67708],[127.08501,37.67718],[127.08549,37.67699],[127.08535,37.67562],[127.08577,37.67458],[127.08577,37.67322],[127.08445,37.67284],[127.08485,37.67258],[127.08586,37.67249],[127.08693,37.6723],[127.08703,37.67199],[127.08668,37.67178],[127.08681,37.67117],[127.08682,37.67076],[127.08671,37.67031],[127.08627,37.67026],[127.08508,37.66983],[127.08314,37.67024],[127.08209,37.67053],[127.08183,37.6704],[127.0813,37.6704],[127.07954,37.6683],[127.07789,37.66614],[127.07618,37.66382],[127.07595,37.66317],[127.07286,37.6655],[127.07309,37.66559],[127.07355,37.66558],[127.07447,37.66666],[127.07485,37.67096],[127.07538,37.67335],[127.07666,37.67471],[127.07822,37.67461],[127.07844,37.67482],[127.07785,37.67867],[127.07934,37.67876]]]}},{"type":"Feature","properties":{"name":"서울신상계초등학교","kind":"zone","note":"학구도안내서비스 2026-03-20 기준 (교육청 공식)","shared":false},"geometry":{"type":"Polygon","coordinates":[[[127.07292,37.6684],[127.07386,37.66673],[127.07273,37.66559],[127.07172,37.66632],[127.07238,37.66699],[127.0715,37.66791],[127.07027,37.66774],[127.07003,37.66785],[127.06998,37.66941],[127.069,37.66946],[127.06908,37.66981],[127.07061,37.67045],[127.07347,37.66937],[127.07292,37.6684]]]}},{"type":"Feature","properties":{"name":"서울영동초등학교","kind":"zone","note":"학구도안내서비스 2026-03-20 기준 (교육청 공식)","shared":false},"geometry":{"type":"Polygon","coordinates":[[[126.90856,37.5222],[126.9091,37.52259],[126.90785,37.52441],[126.9073,37.52534],[126.90478,37.52564],[126.90391,37.52581],[126.90285,37.52611],[126.90405,37.52891],[126.90497,37.53129],[126.90541,37.53217],[126.90489,37.53243],[126.90506,37.5327],[126.90497,37.53315],[126.9048,37.53337],[126.90445,37.53403],[126.90409,37.53434],[126.90387,37.53463],[126.90359,37.53478],[126.90406,37.53505],[126.90329,37.53558],[126.90333,37.53562],[126.90328,37.53565],[126.90343,37.53583],[126.90508,37.53526],[126.90559,37.53495],[126.90758,37.53308],[126.90817,37.5323],[126.90856,37.53165],[126.90889,37.53091],[126.90955,37.52863],[126.91018,37.52703],[126.91094,37.52567],[126.91225,37.52365],[126.91396,37.52126],[126.91479,37.51994],[126.91341,37.51905],[126.9122,37.51959],[126.91148,37.52003],[126.91074,37.5206],[126.90995,37.52003],[126.90944,37.52048],[126.90878,37.52062],[126.90897,37.52096],[126.90842,37.52126],[126.90859,37.52206],[126.90856,37.5222]]]}},{"type":"Feature","properties":{"name":"서울동신초등학교","kind":"zone","note":"학구도안내서비스 2026-03-20 기준 (교육청 공식)","shared":false},"geometry":{"type":"Polygon","coordinates":[[[127.02091,37.58591],[127.02186,37.58315],[127.02212,37.58261],[127.0238,37.57961],[127.02407,37.57936],[127.02444,37.5792],[127.0233,37.57843],[127.02322,37.57811],[127.02298,37.57783],[127.02281,37.57784],[127.02249,37.57807],[127.02273,37.57834],[127.02251,37.57844],[127.02233,37.57863],[127.02179,37.57887],[127.02148,37.57886],[127.0209,37.57869],[127.01937,37.57808],[127.0195,37.57791],[127.0189,37.57767],[127.01877,37.57752],[127.01842,37.57767],[127.01811,37.57758],[127.01797,37.57778],[127.01801,37.57806],[127.01831,37.57863],[127.01827,37.57906],[127.01797,37.57952],[127.01758,37.57972],[127.01733,37.58024],[127.01687,37.58088],[127.01692,37.58104],[127.01681,37.58118],[127.01683,37.58143],[127.01668,37.58171],[127.01636,37.58194],[127.01561,37.58178],[127.01537,37.58182],[127.01532,37.58199],[127.0151,37.58215],[127.015,37.58215],[127.01483,37.58232],[127.01465,37.58227],[127.01463,37.58232],[127.01496,37.58256],[127.015,37.58268],[127.01473,37.58279],[127.0146,37.58297],[127.01461,37.58332],[127.01475,37.58358],[127.01475,37.58375],[127.01462,37.58411],[127.01448,37.58434],[127.01435,37.58442],[127.01487,37.5845],[127.01494,37.58464],[127.01559,37.58518],[127.01553,37.58552],[127.01579,37.58593],[127.01603,37.58605],[127.01624,37.58627],[127.01625,37.58645],[127.0164,37.58647],[127.01643,37.58662],[127.01632,37.58681],[127.01652,37.58691],[127.01785,37.58796],[127.01821,37.58749],[127.01938,37.58533],[127.02091,37.58591]]]}},{"type":"Feature","properties":{"name":"서울석계초등학교 · 서울석관초등학교","kind":"zone","note":"학구도안내서비스 2026-03-20 기준 (교육청 공식)","shared":true},"geometry":{"type":"Polygon","coordinates":[[[127.06602,37.6085],[127.06641,37.60863],[127.06655,37.60862],[127.06666,37.60847],[127.06605,37.60817],[127.06543,37.60799],[127.06597,37.60719],[127.06551,37.60718],[127.06564,37.6068],[127.06552,37.60676],[127.06549,37.60687],[127.06503,37.60668],[127.06533,37.60557],[127.06498,37.60583],[127.06468,37.60574],[127.06429,37.606],[127.06381,37.6065],[127.06371,37.60704],[127.06415,37.60707],[127.06405,37.60767],[127.06458,37.60775],[127.06449,37.60813],[127.06516,37.60826],[127.0644,37.60908],[127.06598,37.60925],[127.06602,37.6085]]]}},{"type":"Feature","properties":{"name":"서울본동초등학교","kind":"zone","note":"학구도안내서비스 2026-03-20 기준 (교육청 공식)","shared":false},"geometry":{"type":"Polygon","coordinates":[[[126.95555,37.51571],[126.95981,37.51396],[126.96119,37.51346],[126.96188,37.5131],[126.96028,37.51195],[126.96021,37.51179],[126.95997,37.51167],[126.95894,37.51164],[126.9588,37.51133],[126.95809,37.51119],[126.95838,37.51069],[126.95888,37.51004],[126.9591,37.5096],[126.9587,37.50934],[126.95867,37.50911],[126.95923,37.50883],[126.95904,37.50864],[126.95868,37.50888],[126.95866,37.50869],[126.95812,37.50888],[126.95779,37.50873],[126.95749,37.5085],[126.95731,37.50859],[126.95694,37.50863],[126.95663,37.50829],[126.95684,37.50813],[126.95696,37.50827],[126.95716,37.50814],[126.95701,37.50796],[126.95713,37.50787],[126.95705,37.50767],[126.95721,37.50765],[126.9572,37.50748],[126.95683,37.50749],[126.95703,37.5068],[126.95701,37.50649],[126.95652,37.50629],[126.95595,37.50704],[126.95463,37.50748],[126.95461,37.50754],[126.9539,37.50766],[126.95345,37.5082],[126.95303,37.50892],[126.95227,37.50859],[126.95191,37.50819],[126.95177,37.50813],[126.95251,37.50956],[126.95227,37.50977],[126.95221,37.51014],[126.9523,37.51046],[126.95221,37.51068],[126.95231,37.51092],[126.95137,37.51137],[126.95146,37.51159],[126.95183,37.5119],[126.95226,37.51268],[126.95051,37.51272],[126.95091,37.51329],[126.95083,37.51327],[126.95082,37.51339],[126.95073,37.51348],[126.95052,37.51353],[126.95048,37.51368],[126.95056,37.51381],[126.95067,37.51383],[126.95049,37.51384],[126.95034,37.51421],[126.95057,37.51455],[126.95085,37.51449],[126.95081,37.51454],[126.95095,37.51466],[126.95067,37.51477],[126.95071,37.51483],[126.94958,37.51529],[126.94914,37.51557],[126.94889,37.5157],[126.9488,37.51567],[126.94863,37.51578],[126.95045,37.51734],[126.95471,37.51603],[126.95555,37.51571]]]}},{"type":"Feature","properties":{"name":"서울청구초등학교","kind":"zone","note":"학구도안내서비스 2026-03-20 기준 (교육청 공식)","shared":false},"geometry":{"type":"Polygon","coordinates":[[[127.01473,37.55988],[127.01645,37.55931],[127.01691,37.55938],[127.01714,37.55949],[127.01757,37.55989],[127.01786,37.56001],[127.01848,37.55988],[127.01871,37.55978],[127.01882,37.55965],[127.01887,37.55838],[127.0194,37.55743],[127.01901,37.55724],[127.01879,37.55722],[127.01865,37.55709],[127.01804,37.55685],[127.01758,37.55631],[127.01734,37.55586],[127.01723,37.55497],[127.01711,37.5549],[127.01686,37.55447],[127.01702,37.55408],[127.01694,37.5538],[127.01699,37.55366],[127.01637,37.55311],[127.01616,37.55261],[127.01598,37.55259],[127.01393,37.5507],[127.01313,37.55005],[127.01277,37.5503],[127.01323,37.55075],[127.01327,37.55105],[127.01289,37.55155],[127.01254,37.55163],[127.01105,37.55151],[127.01081,37.55156],[127.01039,37.55177],[127.00996,37.55177],[127.00973,37.55171],[127.00951,37.55146],[127.00919,37.55138],[127.0089,37.55116],[127.00869,37.5509],[127.00837,37.55002],[127.00836,37.54946],[127.0081,37.54862],[127.00767,37.54831],[127.00735,37.54828],[127.00716,37.54834],[127.00739,37.54878],[127.00756,37.5502],[127.0078,37.55107],[127.00839,37.55209],[127.00887,37.55277],[127.00951,37.55316],[127.00941,37.55326],[127.00986,37.55364],[127.01043,37.5547],[127.01006,37.55525],[127.01034,37.55535],[127.01075,37.5549],[127.01253,37.55813],[127.0134,37.55955],[127.0135,37.55951],[127.01385,37.56011],[127.0147,37.55982],[127.01473,37.55988]]]}},{"type":"Feature","properties":{"name":"서울성산초등학교","kind":"zone","note":"학구도안내서비스 2026-03-20 기준 (교육청 공식)","shared":false},"geometry":{"type":"Polygon","coordinates":[[[126.91159,37.55614],[126.91228,37.55626],[126.91362,37.55675],[126.91411,37.557],[126.91615,37.55446],[126.91819,37.55272],[126.91553,37.55073],[126.91561,37.55066],[126.91442,37.54974],[126.9151,37.54916],[126.91866,37.54842],[126.92028,37.54832],[126.91983,37.5476],[126.91867,37.54537],[126.91871,37.54529],[126.91863,37.54517],[126.91864,37.545],[126.91845,37.54493],[126.91821,37.54463],[126.91807,37.54454],[126.91798,37.54453],[126.91794,37.5447],[126.91777,37.54486],[126.91769,37.54484],[126.91765,37.54461],[126.91741,37.54441],[126.91737,37.54414],[126.91698,37.54367],[126.91663,37.54346],[126.9167,37.54297],[126.9171,37.54291],[126.91714,37.54143],[126.90483,37.54142],[126.90378,37.54255],[126.9022,37.5441],[126.90182,37.54502],[126.89894,37.54801],[126.89573,37.54904],[126.90237,37.55116],[126.90048,37.55258],[126.90072,37.5528],[126.90065,37.55287],[126.90089,37.55294],[126.90155,37.55247],[126.90202,37.55255],[126.90221,37.55304],[126.90267,37.5536],[126.90434,37.55245],[126.90464,37.55295],[126.90612,37.55341],[126.906,37.55356],[126.90615,37.55365],[126.90644,37.55406],[126.9071,37.5553],[126.90833,37.55548],[126.90886,37.55645],[126.90986,37.55704],[126.91118,37.55734],[126.91159,37.55614]]]}},{"type":"Feature","properties":{"name":"서울후암초등학교","kind":"zone","note":"학구도안내서비스 2026-03-20 기준 (교육청 공식)","shared":false},"geometry":{"type":"Polygon","coordinates":[[[126.979,37.55326],[126.97951,37.55277],[126.98017,37.55236],[126.98068,37.55219],[126.98181,37.55227],[126.98207,37.55216],[126.98287,37.55142],[126.98349,37.55046],[126.98364,37.5496],[126.98376,37.54929],[126.98385,37.54905],[126.98433,37.54837],[126.98442,37.54813],[126.98449,37.547],[126.98527,37.54656],[126.98534,37.5456],[126.98519,37.54475],[126.98446,37.54421],[126.98421,37.54364],[126.98367,37.54349],[126.98367,37.54339],[126.98361,37.54337],[126.98374,37.5427],[126.98251,37.54254],[126.98278,37.5438],[126.98248,37.54411],[126.98217,37.54398],[126.98195,37.54375],[126.98165,37.54385],[126.98132,37.54387],[126.98073,37.54421],[126.98053,37.54421],[126.98052,37.54432],[126.98167,37.54472],[126.98163,37.54583],[126.98147,37.54659],[126.98102,37.54666],[126.98135,37.54702],[126.98227,37.5477],[126.98237,37.54789],[126.98237,37.54811],[126.98212,37.54799],[126.98197,37.54813],[126.9816,37.54805],[126.98146,37.54811],[126.9811,37.54764],[126.98092,37.54773],[126.98075,37.54753],[126.97981,37.54792],[126.97951,37.54768],[126.97941,37.54776],[126.97916,37.5475],[126.97917,37.54738],[126.97903,37.54712],[126.97834,37.54645],[126.9766,37.55284],[126.97637,37.55312],[126.97643,37.55309],[126.97655,37.55522],[126.97726,37.55501],[126.9781,37.55442],[126.9788,37.55409],[126.97871,37.5538],[126.97873,37.5532],[126.979,37.55326]]]}},{"type":"Feature","properties":{"name":"서울대진초등학교","kind":"zone","note":"학구도안내서비스 2026-03-20 기준 (교육청 공식)","shared":false},"geometry":{"type":"Polygon","coordinates":[[[127.0858,37.49569],[127.07275,37.49139],[127.0716,37.49345],[127.07298,37.49485],[127.0734,37.49538],[127.07351,37.49565],[127.07379,37.49689],[127.07379,37.49765],[127.07995,37.49945],[127.08146,37.49904],[127.08875,37.49664],[127.0858,37.49569]]]}},{"type":"Feature","properties":{"name":"서울역삼초등학교","kind":"zone","note":"학구도안내서비스 2026-03-20 기준 (교육청 공식)","shared":false},"geometry":{"type":"Polygon","coordinates":[[[127.04257,37.49591],[127.04456,37.49647],[127.04512,37.49527],[127.04608,37.49556],[127.04672,37.49419],[127.03161,37.48955],[127.0276,37.49795],[127.04119,37.50214],[127.04176,37.50102],[127.04038,37.50057],[127.04257,37.49591]]]}},{"type":"Feature","properties":{"name":"서울노량진초등학교","kind":"zone","note":"학구도안내서비스 2026-03-20 기준 (교육청 공식)","shared":false},"geometry":{"type":"Polygon","coordinates":[[[126.94646,37.51445],[126.94683,37.51342],[126.94521,37.51377],[126.94423,37.51379],[126.94432,37.51155],[126.94483,37.51037],[126.94511,37.51002],[126.9455,37.50968],[126.94549,37.50963],[126.94523,37.50953],[126.94524,37.50926],[126.94511,37.50924],[126.94521,37.5091],[126.94513,37.50905],[126.94528,37.50858],[126.94517,37.5085],[126.94515,37.50838],[126.94456,37.50848],[126.94386,37.50841],[126.94357,37.5082],[126.94393,37.50789],[126.94421,37.50751],[126.94467,37.50719],[126.94521,37.50659],[126.94481,37.50628],[126.9447,37.50595],[126.94431,37.50552],[126.94434,37.50524],[126.94223,37.50524],[126.94091,37.50511],[126.93976,37.50512],[126.93982,37.50517],[126.93971,37.50556],[126.93953,37.50561],[126.93958,37.50585],[126.93853,37.50639],[126.93759,37.50656],[126.93718,37.50679],[126.93729,37.50699],[126.93718,37.50717],[126.93664,37.50731],[126.93658,37.50756],[126.93665,37.50803],[126.93691,37.50837],[126.93695,37.50883],[126.93732,37.50956],[126.93701,37.5097],[126.93712,37.51019],[126.93705,37.51033],[126.93709,37.51089],[126.93711,37.51108],[126.93723,37.51118],[126.93719,37.51146],[126.93759,37.51154],[126.93745,37.51179],[126.93765,37.51246],[126.93759,37.51279],[126.93772,37.51279],[126.93766,37.51339],[126.93922,37.51348],[126.93923,37.51414],[126.93921,37.51419],[126.93912,37.51419],[126.93911,37.51454],[126.93904,37.51456],[126.93874,37.51606],[126.94019,37.5162],[126.94671,37.51719],[126.94679,37.51458],[126.94646,37.51445]]]}},{"type":"Feature","properties":{"name":"서울청담초등학교","kind":"zone","note":"학구도안내서비스 2026-03-20 기준 (교육청 공식)","shared":false},"geometry":{"type":"Polygon","coordinates":[[[127.0528,37.52489],[127.05297,37.52409],[127.05345,37.5232],[127.05268,37.52263],[127.05123,37.52195],[127.05045,37.52168],[127.05035,37.52181],[127.04975,37.5216],[127.04962,37.52186],[127.04978,37.52191],[127.04964,37.52219],[127.04943,37.52213],[127.04924,37.5225],[127.0491,37.52245],[127.04876,37.52265],[127.04847,37.52292],[127.04819,37.52261],[127.04734,37.52421],[127.03906,37.52318],[127.03384,37.52152],[127.03345,37.52237],[127.03324,37.52301],[127.03313,37.52367],[127.03311,37.52438],[127.03432,37.53279],[127.03689,37.53212],[127.04161,37.53102],[127.04566,37.52974],[127.05252,37.5281],[127.05319,37.52786],[127.05418,37.52724],[127.05504,37.52637],[127.05429,37.52507],[127.0528,37.52489]]]}},{"type":"Feature","properties":{"name":"서울화계초등학교","kind":"zone","note":"학구도안내서비스 2026-03-20 기준 (교육청 공식)","shared":false},"geometry":{"type":"Polygon","coordinates":[[[127.02895,37.63349],[127.02916,37.63276],[127.02958,37.63246],[127.02951,37.63211],[127.02983,37.63196],[127.03006,37.63146],[127.02983,37.63124],[127.02981,37.63108],[127.03012,37.63051],[127.03064,37.62974],[127.03098,37.62942],[127.03098,37.62929],[127.03134,37.62907],[127.03134,37.62885],[127.03146,37.62858],[127.03171,37.62846],[127.03203,37.628],[127.0321,37.62767],[127.03243,37.62755],[127.03259,37.62758],[127.03275,37.62743],[127.03254,37.62682],[127.03285,37.62608],[127.03262,37.62554],[127.03274,37.6252],[127.03302,37.62506],[127.03317,37.6248],[127.03301,37.62474],[127.03309,37.62438],[127.03354,37.6236],[127.03347,37.62347],[127.03374,37.62304],[127.03368,37.62284],[127.03352,37.62265],[127.03357,37.62248],[127.03341,37.62069],[127.03343,37.6206],[127.03377,37.62036],[127.03263,37.62015],[127.03278,37.61947],[127.03261,37.61942],[127.03235,37.62034],[127.03214,37.62036],[127.03222,37.62],[127.03155,37.61981],[127.03155,37.62107],[127.02411,37.61922],[127.02416,37.61934],[127.02413,37.61952],[127.02444,37.62007],[127.02326,37.62031],[127.02331,37.62087],[127.02289,37.62135],[127.02391,37.6216],[127.02386,37.62174],[127.02352,37.62252],[127.02309,37.62241],[127.02199,37.62518],[127.02601,37.6262],[127.02558,37.62726],[127.02577,37.62732],[127.02469,37.62999],[127.02703,37.63058],[127.02616,37.63278],[127.02637,37.63281],[127.02703,37.63313],[127.02718,37.6331],[127.0276,37.63347],[127.02892,37.63374],[127.02895,37.63349]]]}},{"type":"Feature","properties":{"name":"서울화계초등학교","kind":"zone","note":"학구도안내서비스 2026-03-20 기준 (교육청 공식)","shared":false},"geometry":{"type":"Polygon","coordinates":[[[127.02532,37.61838],[127.02526,37.61817],[127.02402,37.61849],[127.02294,37.61889],[127.02301,37.61915],[127.024,37.61918],[127.02424,37.6191],[127.02448,37.61887],[127.02532,37.61838]]]}},{"type":"Feature","properties":{"name":"서울원묵초등학교","kind":"zone","note":"학구도안내서비스 2026-03-20 기준 (교육청 공식)","shared":false},"geometry":{"type":"Polygon","coordinates":[[[127.08651,37.62028],[127.08759,37.62007],[127.08781,37.61952],[127.08829,37.61893],[127.08927,37.61832],[127.09065,37.61771],[127.08876,37.61502],[127.08847,37.61472],[127.08633,37.6146],[127.08513,37.61444],[127.08407,37.61413],[127.0826,37.61445],[127.07912,37.61448],[127.07862,37.61495],[127.07857,37.61511],[127.07944,37.6162],[127.07954,37.61665],[127.07876,37.61827],[127.08008,37.61862],[127.08007,37.61842],[127.08044,37.61848],[127.08065,37.61857],[127.08092,37.61884],[127.0814,37.61919],[127.08192,37.61923],[127.08246,37.61939],[127.08279,37.6194],[127.08382,37.61971],[127.08379,37.61978],[127.08495,37.6201],[127.08607,37.62029],[127.08651,37.62028]]]}},{"type":"Feature","properties":{"name":"서울돈암초등학교","kind":"zone","note":"학구도안내서비스 2026-03-20 기준 (교육청 공식)","shared":false},"geometry":{"type":"Polygon","coordinates":[[[127.00886,37.59711],[127.00899,37.59709],[127.00904,37.59681],[127.00911,37.59676],[127.00926,37.59677],[127.00932,37.597],[127.00976,37.5974],[127.00982,37.59738],[127.00989,37.59686],[127.01219,37.59708],[127.01299,37.59572],[127.0132,37.5958],[127.0139,37.59588],[127.01426,37.59571],[127.01476,37.59516],[127.01589,37.59548],[127.01645,37.5928],[127.0174,37.59331],[127.01746,37.59319],[127.0179,37.59349],[127.02108,37.59632],[127.02141,37.59684],[127.02254,37.59633],[127.02251,37.59578],[127.02254,37.59567],[127.02269,37.59556],[127.02274,37.59516],[127.02292,37.59502],[127.023,37.59459],[127.02278,37.59453],[127.02283,37.59419],[127.0226,37.59417],[127.0228,37.59397],[127.02295,37.59369],[127.02341,37.59324],[127.02365,37.5931],[127.02368,37.59301],[127.02352,37.59284],[127.02231,37.59363],[127.02227,37.59345],[127.02175,37.59354],[127.02161,37.59291],[127.02112,37.59347],[127.02091,37.5913],[127.0199,37.59138],[127.01543,37.58995],[127.01371,37.5913],[127.01348,37.59129],[127.01192,37.59047],[127.01068,37.58929],[127.00907,37.58822],[127.00897,37.58809],[127.0082,37.58766],[127.00789,37.5876],[127.00739,37.58768],[127.00648,37.58815],[127.00628,37.5884],[127.00506,37.58791],[127.00493,37.58811],[127.0061,37.58858],[127.0053,37.58917],[127.00517,37.58936],[127.00573,37.58988],[127.0056,37.58997],[127.00559,37.59007],[127.0057,37.5902],[127.00623,37.5904],[127.00629,37.59073],[127.0066,37.59079],[127.00691,37.59101],[127.00726,37.59193],[127.00753,37.59232],[127.00817,37.59273],[127.00836,37.59303],[127.00818,37.59335],[127.00832,37.59417],[127.00797,37.59553],[127.00778,37.59605],[127.0083,37.59593],[127.00869,37.59595],[127.00871,37.5961],[127.00862,37.5963],[127.00816,37.59643],[127.00814,37.59659],[127.00834,37.59719],[127.00828,37.59729],[127.0084,37.59743],[127.00855,37.59747],[127.00854,37.5974],[127.00875,37.59738],[127.00886,37.59711]]]}},{"type":"Feature","properties":{"name":"서울오금초등학교","kind":"zone","note":"학구도안내서비스 2026-03-20 기준 (교육청 공식)","shared":false},"geometry":{"type":"Polygon","coordinates":[[[127.13655,37.50667],[127.13679,37.50401],[127.13548,37.50446],[127.13527,37.50407],[127.13488,37.5042],[127.13428,37.50308],[127.13377,37.50323],[127.13386,37.5034],[127.13305,37.50382],[127.13331,37.50412],[127.13372,37.50422],[127.13411,37.50493],[127.13178,37.50578],[127.12816,37.50198],[127.12529,37.50388],[127.12368,37.50484],[127.128,37.5118],[127.13639,37.50836],[127.13655,37.50667]]]}},{"type":"Feature","properties":{"name":"서울잠전초등학교","kind":"zone","note":"학구도안내서비스 2026-03-20 기준 (교육청 공식)","shared":false},"geometry":{"type":"Polygon","coordinates":[[[127.08556,37.51161],[127.08591,37.51028],[127.0861,37.50985],[127.0865,37.50926],[127.08701,37.50876],[127.08792,37.50818],[127.08865,37.50789],[127.09078,37.50753],[127.08575,37.50166],[127.08511,37.50112],[127.0844,37.5008],[127.08227,37.50161],[127.08179,37.50313],[127.08007,37.50349],[127.0813,37.50625],[127.0795,37.5068],[127.07831,37.5118],[127.08101,37.5118],[127.08556,37.51161]]]}},{"type":"Feature","properties":{"name":"서울서교초등학교","kind":"zone","note":"학구도안내서비스 2026-03-20 기준 (교육청 공식)","shared":false},"geometry":{"type":"Polygon","coordinates":[[[126.92374,37.56003],[126.92384,37.56],[126.92394,37.56036],[126.92421,37.56055],[126.92423,37.56082],[126.92457,37.56077],[126.92504,37.56046],[126.92556,37.56037],[126.92603,37.56104],[126.92652,37.56144],[126.9269,37.56164],[126.9271,37.56165],[126.92681,37.56121],[126.92669,37.56083],[126.9266,37.55885],[126.93196,37.55689],[126.93192,37.55603],[126.932,37.5556],[126.93238,37.55476],[126.93268,37.55479],[126.933,37.55427],[126.93409,37.55338],[126.93343,37.55289],[126.93303,37.55216],[126.93271,37.55228],[126.93223,37.55227],[126.93204,37.55218],[126.93171,37.55219],[126.93096,37.55254],[126.93018,37.55328],[126.93002,37.55332],[126.92986,37.55318],[126.9291,37.55287],[126.9287,37.55248],[126.92825,37.55223],[126.92751,37.55158],[126.92559,37.55263],[126.92516,37.55305],[126.9248,37.55277],[126.92419,37.55262],[126.92409,37.55268],[126.92395,37.55252],[126.9241,37.55233],[126.92407,37.55188],[126.9242,37.55156],[126.9242,37.55093],[126.924,37.55089],[126.92392,37.5507],[126.92375,37.55055],[126.92318,37.55031],[126.92305,37.55018],[126.92307,37.54995],[126.92292,37.54993],[126.92221,37.54946],[126.92182,37.54908],[126.92099,37.5486],[126.92035,37.54844],[126.92028,37.54832],[126.91866,37.54842],[126.9151,37.54916],[126.91442,37.54974],[126.91561,37.55066],[126.91553,37.55073],[126.91819,37.55272],[126.91615,37.55446],[126.91412,37.55699],[126.91535,37.55765],[126.91619,37.55763],[126.91801,37.55867],[126.91844,37.55909],[126.91857,37.55932],[126.92076,37.5606],[126.91932,37.56211],[126.92115,37.56321],[126.92374,37.56003]]]}},{"type":"Feature","properties":{"name":"서울불광초등학교","kind":"zone","note":"학구도안내서비스 2026-03-20 기준 (교육청 공식)","shared":false},"geometry":{"type":"Polygon","coordinates":[[[126.93143,37.61792],[126.93134,37.6176],[126.93082,37.61775],[126.93064,37.61676],[126.93081,37.61669],[126.93082,37.61643],[126.93124,37.6163],[126.93292,37.61596],[126.93296,37.61577],[126.93288,37.61545],[126.93296,37.61543],[126.93336,37.61536],[126.93388,37.61543],[126.93407,37.61536],[126.93432,37.61537],[126.9344,37.61521],[126.93429,37.61513],[126.93423,37.61453],[126.93484,37.61429],[126.93505,37.61432],[126.93511,37.61427],[126.93511,37.61379],[126.93501,37.61368],[126.93497,37.61327],[126.93586,37.61317],[126.93632,37.61332],[126.93657,37.61358],[126.93682,37.61342],[126.93732,37.61352],[126.93751,37.61347],[126.93748,37.61329],[126.93814,37.61312],[126.93823,37.61297],[126.93817,37.61294],[126.93901,37.61256],[126.93911,37.61246],[126.93925,37.61246],[126.93939,37.6128],[126.93957,37.61294],[126.93965,37.61315],[126.93965,37.61339],[126.93992,37.61339],[126.94112,37.61242],[126.94188,37.61233],[126.94255,37.61129],[126.94241,37.61088],[126.9422,37.61084],[126.94203,37.61111],[126.94145,37.61102],[126.94152,37.61082],[126.94095,37.61086],[126.93992,37.6107],[126.94002,37.6104],[126.94017,37.61043],[126.94039,37.60987],[126.94024,37.60985],[126.94048,37.60958],[126.94083,37.60953],[126.94088,37.60933],[126.94062,37.6093],[126.94043,37.6092],[126.93995,37.60916],[126.94001,37.60876],[126.94025,37.60875],[126.94026,37.60863],[126.94016,37.60859],[126.94027,37.60841],[126.94028,37.60804],[126.93963,37.60802],[126.93963,37.60765],[126.93947,37.60764],[126.93925,37.60823],[126.93934,37.60836],[126.93841,37.60897],[126.93813,37.609],[126.93769,37.60865],[126.93734,37.60871],[126.93689,37.60855],[126.93629,37.60847],[126.93588,37.60819],[126.93537,37.60712],[126.93461,37.60689],[126.93397,37.60712],[126.93362,37.60715],[126.93297,37.60708],[126.93079,37.60947],[126.92651,37.61444],[126.92577,37.61507],[126.92419,37.61611],[126.92294,37.61715],[126.92375,37.61792],[126.92386,37.61833],[126.92429,37.61877],[126.92465,37.61886],[126.92548,37.61849],[126.92618,37.61841],[126.92728,37.61802],[126.92849,37.61784],[126.92871,37.61834],[126.92882,37.61887],[126.92856,37.61935],[126.92886,37.61958],[126.92876,37.61975],[126.92921,37.62001],[126.93063,37.61895],[126.93056,37.61885],[126.93111,37.6186],[126.93111,37.61803],[126.93143,37.61792]]]}},{"type":"Feature","properties":{"name":"서울수리초등학교","kind":"zone","note":"학구도안내서비스 2026-03-20 기준 (교육청 공식)","shared":false},"geometry":{"type":"Polygon","coordinates":[[[126.93706,37.62063],[126.93631,37.61901],[126.93655,37.61843],[126.93642,37.61784],[126.93604,37.61771],[126.93562,37.61744],[126.93576,37.61716],[126.93532,37.61705],[126.93483,37.61729],[126.93466,37.61711],[126.93388,37.61543],[126.93336,37.61536],[126.93296,37.61543],[126.93288,37.61545],[126.93296,37.61577],[126.93292,37.61596],[126.93124,37.6163],[126.93082,37.61643],[126.93081,37.61669],[126.93064,37.61676],[126.93082,37.61775],[126.93134,37.6176],[126.93143,37.61792],[126.93111,37.61803],[126.93111,37.6186],[126.93056,37.61885],[126.93075,37.61913],[126.93103,37.62054],[126.93193,37.62053],[126.93165,37.62132],[126.93333,37.62164],[126.93369,37.62178],[126.93372,37.62192],[126.93756,37.62147],[126.93729,37.62118],[126.93715,37.62069],[126.93706,37.62063]]]}},{"type":"Feature","properties":{"name":"서울소의초등학교","kind":"zone","note":"학구도안내서비스 2026-03-20 기준 (교육청 공식)","shared":false},"geometry":{"type":"Polygon","coordinates":[[[126.95744,37.54719],[126.95712,37.54719],[126.95648,37.54757],[126.95705,37.54826],[126.95574,37.54856],[126.95556,37.54846],[126.95479,37.54825],[126.95469,37.54882],[126.95441,37.54885],[126.95623,37.55255],[126.95606,37.5526],[126.95684,37.55417],[126.95701,37.55413],[126.95744,37.555],[126.95738,37.55503],[126.95747,37.55518],[126.95753,37.55517],[126.95804,37.55608],[126.95981,37.55755],[126.96012,37.5577],[126.96115,37.55875],[126.96169,37.55898],[126.96174,37.55881],[126.96155,37.55862],[126.96157,37.55842],[126.96208,37.55846],[126.9628,37.55807],[126.96308,37.5582],[126.96305,37.55741],[126.96322,37.55732],[126.96343,37.55695],[126.96336,37.55669],[126.96316,37.55653],[126.96281,37.55603],[126.96241,37.55588],[126.9624,37.55572],[126.96207,37.55534],[126.96198,37.55513],[126.96178,37.55498],[126.96177,37.5548],[126.96193,37.55445],[126.96197,37.55415],[126.96187,37.55414],[126.96164,37.55336],[126.96219,37.55334],[126.96231,37.55278],[126.96234,37.5522],[126.96229,37.55188],[126.9624,37.55165],[126.96234,37.55155],[126.9624,37.55138],[126.96305,37.55083],[126.96323,37.55058],[126.96327,37.55036],[126.96353,37.55007],[126.96302,37.55028],[126.96283,37.55024],[126.96282,37.55008],[126.96258,37.54962],[126.96252,37.54935],[126.96159,37.54962],[126.9611,37.54965],[126.96085,37.55018],[126.96077,37.55021],[126.95953,37.54869],[126.95903,37.54819],[126.95768,37.54702],[126.95744,37.54719]]]}},{"type":"Feature","properties":{"name":"서울가동초등학교","kind":"zone","note":"학구도안내서비스 2026-03-20 기준 (교육청 공식)","shared":false},"geometry":{"type":"Polygon","coordinates":[[[127.13458,37.4914],[127.13354,37.4905],[127.13109,37.49234],[127.12991,37.49316],[127.12961,37.49328],[127.13065,37.49528],[127.13096,37.49573],[127.12616,37.49931],[127.1265,37.50003],[127.12699,37.50074],[127.12816,37.50198],[127.13078,37.50025],[127.13677,37.49704],[127.13478,37.49539],[127.13711,37.49359],[127.13458,37.4914]]]}},{"type":"Feature","properties":{"name":"서울개운초등학교","kind":"zone","note":"학구도안내서비스 2026-03-20 기준 (교육청 공식)","shared":false},"geometry":{"type":"Polygon","coordinates":[[[127.03225,37.60337],[127.03256,37.60248],[127.03294,37.60187],[127.03226,37.60153],[127.03192,37.60187],[127.03177,37.60174],[127.03166,37.60082],[127.03178,37.60035],[127.03092,37.60012],[127.02954,37.60011],[127.02906,37.59988],[127.02871,37.60009],[127.02688,37.59975],[127.02633,37.59925],[127.02592,37.59676],[127.02675,37.59592],[127.0271,37.59545],[127.027,37.59522],[127.02621,37.59461],[127.02519,37.59416],[127.02484,37.59415],[127.02461,37.59424],[127.02433,37.5944],[127.0235,37.59508],[127.02257,37.59564],[127.02251,37.59578],[127.02254,37.59633],[127.02141,37.59684],[127.02167,37.59771],[127.02174,37.59817],[127.02192,37.60082],[127.02204,37.60146],[127.02229,37.6023],[127.02248,37.60259],[127.02279,37.60282],[127.0237,37.60331],[127.02513,37.60422],[127.02532,37.60406],[127.02585,37.60335],[127.02637,37.60407],[127.02667,37.60433],[127.02725,37.60462],[127.02789,37.60474],[127.02872,37.60471],[127.03014,37.60435],[127.03225,37.60337]]]}},{"type":"Feature","properties":{"name":"서울봉화초등학교","kind":"zone","note":"학구도안내서비스 2026-03-20 기준 (교육청 공식)","shared":false},"geometry":{"type":"Polygon","coordinates":[[[127.09615,37.61056],[127.09611,37.61034],[127.09438,37.61054],[127.09344,37.61016],[127.0932,37.61037],[127.0922,37.6103],[127.09205,37.61],[127.09146,37.60998],[127.09145,37.61009],[127.09093,37.61],[127.08987,37.60928],[127.08808,37.60878],[127.08765,37.60869],[127.08731,37.60871],[127.08848,37.61151],[127.0888,37.61277],[127.08876,37.61502],[127.09065,37.61771],[127.0949,37.61582],[127.09527,37.6156],[127.09556,37.6153],[127.09588,37.61478],[127.09602,37.61441],[127.09637,37.61307],[127.09647,37.61242],[127.09615,37.61056]]]}},{"type":"Feature","properties":{"name":"서울도림초등학교","kind":"zone","note":"학구도안내서비스 2026-03-20 기준 (교육청 공식)","shared":false},"geometry":{"type":"Polygon","coordinates":[[[126.90905,37.51245],[126.90913,37.51228],[126.90941,37.5124],[126.90985,37.51184],[126.91051,37.51021],[126.91078,37.50933],[126.9109,37.50876],[126.91103,37.5069],[126.91103,37.50614],[126.91096,37.50578],[126.91008,37.50589],[126.90744,37.50588],[126.90673,37.5057],[126.9044,37.50474],[126.90401,37.50538],[126.90391,37.50535],[126.90377,37.50554],[126.90355,37.50546],[126.90317,37.506],[126.90325,37.50603],[126.90317,37.5061],[126.90278,37.50593],[126.90257,37.50614],[126.90248,37.50615],[126.90225,37.5065],[126.90177,37.50614],[126.90106,37.50716],[126.90163,37.5074],[126.90074,37.50868],[126.90222,37.50918],[126.90182,37.50998],[126.90329,37.51038],[126.9041,37.51069],[126.90456,37.50993],[126.90652,37.51056],[126.90631,37.51084],[126.9063,37.51103],[126.9065,37.51122],[126.90642,37.51142],[126.9073,37.51207],[126.90738,37.51223],[126.9073,37.51241],[126.90813,37.5123],[126.90905,37.51245]]]}},{"type":"Feature","properties":{"name":"서울양목초등학교","kind":"zone","note":"학구도안내서비스 2026-03-20 기준 (교육청 공식)","shared":false},"geometry":{"type":"Polygon","coordinates":[[[126.85287,37.52112],[126.85247,37.52114],[126.852,37.52203],[126.85522,37.52239],[126.85514,37.52283],[126.85647,37.52298],[126.85639,37.52337],[126.85664,37.5238],[126.85638,37.52506],[126.85906,37.52542],[126.85888,37.52688],[126.85848,37.5291],[126.86397,37.52979],[126.86426,37.52652],[126.86486,37.52421],[126.86542,37.52251],[126.85287,37.52112]]]}},{"type":"Feature","properties":{"name":"서울삼일초등학교","kind":"zone","note":"학구도안내서비스 2026-03-20 기준 (교육청 공식)","shared":false},"geometry":{"type":"Polygon","coordinates":[[[126.98107,37.48804],[126.98111,37.48758],[126.98008,37.48749],[126.98002,37.48736],[126.97886,37.48683],[126.97818,37.48676],[126.97705,37.48698],[126.97664,37.48715],[126.97649,37.48723],[126.97569,37.48806],[126.97499,37.4875],[126.9744,37.488],[126.97374,37.48879],[126.97267,37.48952],[126.97224,37.48999],[126.97159,37.48951],[126.96935,37.49051],[126.96884,37.4908],[126.96894,37.49112],[126.96844,37.4916],[126.96832,37.49153],[126.96794,37.49189],[126.96817,37.49207],[126.96795,37.4923],[126.96806,37.49243],[126.96765,37.49282],[126.96743,37.49272],[126.96699,37.49282],[126.96686,37.49326],[126.96786,37.49333],[126.96802,37.49302],[126.96849,37.49256],[126.96917,37.49285],[126.96924,37.49268],[126.97018,37.49207],[126.97137,37.49099],[126.97274,37.49166],[126.97329,37.49086],[126.97353,37.4907],[126.97431,37.4909],[126.97556,37.48979],[126.97661,37.48984],[126.97714,37.48942],[126.97763,37.48921],[126.97787,37.4889],[126.97846,37.4887],[126.97896,37.48862],[126.97983,37.4882],[126.98107,37.48804]]]}},{"type":"Feature","properties":{"name":"서울청룡초등학교","kind":"zone","note":"학구도안내서비스 2026-03-20 기준 (교육청 공식)","shared":false},"geometry":{"type":"Polygon","coordinates":[[[126.95239,37.47925],[126.95234,37.47886],[126.95271,37.47882],[126.95286,37.47891],[126.95358,37.47884],[126.95348,37.47808],[126.95399,37.47804],[126.95524,37.47774],[126.95442,37.47567],[126.95569,37.47537],[126.95582,37.47552],[126.95592,37.47529],[126.95646,37.47472],[126.95638,37.47464],[126.95631,37.47434],[126.95565,37.47402],[126.95512,37.47341],[126.95499,37.47307],[126.95439,37.4725],[126.95443,37.47234],[126.95383,37.47167],[126.9537,37.47133],[126.95325,37.47083],[126.95305,37.47103],[126.95248,37.471],[126.95232,37.47106],[126.9514,37.47167],[126.95078,37.47143],[126.95061,37.47159],[126.95041,37.47158],[126.94971,37.47234],[126.9494,37.47244],[126.94907,37.4728],[126.94786,37.47241],[126.94679,37.4726],[126.946,37.47318],[126.94583,37.47352],[126.94524,37.47368],[126.94493,37.47392],[126.94427,37.47427],[126.94384,37.47461],[126.94392,37.47467],[126.94366,37.4749],[126.94324,37.47506],[126.94374,37.47548],[126.94349,37.47586],[126.94362,37.47662],[126.94373,37.47693],[126.94409,37.4769],[126.94448,37.47947],[126.94732,37.47919],[126.94773,37.48181],[126.95119,37.48149],[126.95248,37.4813],[126.95241,37.48112],[126.9527,37.48106],[126.9526,37.48075],[126.95239,37.47925]]]}},{"type":"Feature","properties":{"name":"서울신정초등학교","kind":"zone","note":"학구도안내서비스 2026-03-20 기준 (교육청 공식)","shared":false},"geometry":{"type":"Polygon","coordinates":[[[126.8533,37.53603],[126.8534,37.53599],[126.85378,37.53627],[126.85366,37.53637],[126.85356,37.53638],[126.85357,37.5365],[126.85375,37.53648],[126.8541,37.53615],[126.85454,37.53643],[126.85761,37.53341],[126.85846,37.5291],[126.8519,37.52828],[126.85177,37.52908],[126.84846,37.52867],[126.84739,37.53062],[126.84245,37.53031],[126.84242,37.5307],[126.84287,37.53073],[126.8428,37.5316],[126.84278,37.53177],[126.84232,37.53174],[126.84224,37.53254],[126.84392,37.53264],[126.84567,37.53348],[126.84495,37.53464],[126.84523,37.5348],[126.84527,37.53562],[126.85002,37.5373],[126.8533,37.53603]]]}},{"type":"Feature","properties":{"name":"서울도성초등학교","kind":"zone","note":"학구도안내서비스 2026-03-20 기준 (교육청 공식)","shared":false},"geometry":{"type":"Polygon","coordinates":[[[127.04552,37.49676],[127.04608,37.49556],[127.04512,37.49527],[127.04456,37.49647],[127.04258,37.49588],[127.04038,37.50057],[127.04176,37.50102],[127.04119,37.50214],[127.04899,37.50452],[127.0517,37.49878],[127.04552,37.49676]]]}},{"type":"Feature","properties":{"name":"서울남사초등학교","kind":"zone","note":"학구도안내서비스 2026-03-20 기준 (교육청 공식)","shared":false},"geometry":{"type":"Polygon","coordinates":[[[126.98215,37.48597],[126.98168,37.47719],[126.98159,37.47722],[126.98077,37.47672],[126.98034,37.47671],[126.98034,37.47657],[126.97842,37.47665],[126.97554,37.47633],[126.97543,37.47682],[126.9757,37.47711],[126.975,37.47751],[126.97516,37.47779],[126.97505,37.47785],[126.97506,37.47799],[126.9749,37.47809],[126.97385,37.47752],[126.9727,37.47745],[126.97239,37.47799],[126.97243,37.47815],[126.97214,37.47815],[126.97189,37.47805],[126.97061,37.4771],[126.96982,37.47775],[126.96984,37.47783],[126.96948,37.47789],[126.96936,37.47799],[126.96929,37.47796],[126.96944,37.47844],[126.96943,37.47883],[126.96958,37.47928],[126.96977,37.47924],[126.96994,37.47964],[126.97046,37.47991],[126.97132,37.4798],[126.97232,37.48155],[126.97335,37.4827],[126.97373,37.48301],[126.97427,37.48329],[126.9753,37.48326],[126.97604,37.48341],[126.97938,37.48446],[126.97996,37.48466],[126.97988,37.48485],[126.9812,37.48533],[126.98168,37.48545],[126.98186,37.48594],[126.98215,37.48597]]]}},{"type":"Feature","properties":{"name":"서울개롱초등학교","kind":"zone","note":"학구도안내서비스 2026-03-20 기준 (교육청 공식)","shared":false},"geometry":{"type":"Polygon","coordinates":[[[127.13409,37.50209],[127.13448,37.50236],[127.13692,37.5023],[127.13709,37.50184],[127.13744,37.50156],[127.14155,37.49962],[127.1399,37.49634],[127.13943,37.49572],[127.13892,37.49517],[127.13711,37.49359],[127.13478,37.49539],[127.13677,37.49704],[127.13078,37.50025],[127.12816,37.50198],[127.13178,37.50578],[127.13411,37.50493],[127.13372,37.50422],[127.13331,37.50412],[127.13305,37.50382],[127.13386,37.5034],[127.13369,37.50306],[127.13367,37.50268],[127.13387,37.50228],[127.13409,37.50209]]]}},{"type":"Feature","properties":{"name":"서울세륜초등학교","kind":"zone","note":"학구도안내서비스 2026-03-20 기준 (교육청 공식)","shared":false},"geometry":{"type":"Polygon","coordinates":[[[127.13898,37.51917],[127.13896,37.51798],[127.13741,37.51799],[127.13809,37.51661],[127.13788,37.51526],[127.13757,37.51472],[127.13729,37.51438],[127.13572,37.51319],[127.13509,37.51297],[127.13449,37.51413],[127.13323,37.51382],[127.13219,37.51387],[127.13191,37.51286],[127.12939,37.5139],[127.13116,37.51656],[127.13095,37.51664],[127.1312,37.51704],[127.13142,37.51695],[127.13304,37.51941],[127.1349,37.5186],[127.13612,37.52043],[127.13898,37.51917]]]}},{"type":"Feature","properties":{"name":"서울성내초등학교","kind":"zone","note":"학구도안내서비스 2026-03-20 기준 (교육청 공식)","shared":false},"geometry":{"type":"Polygon","coordinates":[[[127.12452,37.5383],[127.13118,37.53626],[127.13093,37.53564],[127.13069,37.53534],[127.1303,37.53538],[127.12924,37.53267],[127.12836,37.53291],[127.12766,37.53128],[127.12728,37.53139],[127.12717,37.5312],[127.1269,37.53107],[127.12638,37.53036],[127.12664,37.53024],[127.12744,37.53006],[127.12695,37.52906],[127.12746,37.52882],[127.12702,37.528],[127.12783,37.52763],[127.12707,37.52659],[127.1266,37.52679],[127.12545,37.52515],[127.11909,37.52796],[127.12046,37.53029],[127.12061,37.53026],[127.1209,37.531],[127.12074,37.53105],[127.12117,37.53237],[127.12338,37.53849],[127.12445,37.53813],[127.12452,37.5383]]]}},{"type":"Feature","properties":{"name":"서울난향초등학교","kind":"zone","note":"학구도안내서비스 2026-03-20 기준 (교육청 공식)","shared":false},"geometry":{"type":"Polygon","coordinates":[[[126.91875,37.46571],[126.91927,37.46571],[126.91936,37.46586],[126.91976,37.46592],[126.91988,37.46602],[126.92009,37.466],[126.91983,37.4655],[126.92025,37.46534],[126.92049,37.46514],[126.92098,37.46518],[126.92158,37.46487],[126.92196,37.46456],[126.92293,37.46446],[126.92293,37.46275],[126.92319,37.46242],[126.92323,37.46194],[126.92355,37.46115],[126.92386,37.46083],[126.92445,37.4596],[126.92395,37.45872],[126.92219,37.45663],[126.92089,37.45683],[126.91968,37.45676],[126.91914,37.45689],[126.91832,37.45693],[126.91804,37.45703],[126.91746,37.45712],[126.91728,37.45734],[126.9169,37.45752],[126.91626,37.45734],[126.9156,37.45743],[126.91495,37.45731],[126.91457,37.45745],[126.91403,37.45789],[126.91402,37.45845],[126.91424,37.45894],[126.914,37.45947],[126.91425,37.45995],[126.91418,37.46096],[126.91438,37.46139],[126.91439,37.46158],[126.91395,37.46194],[126.91371,37.46279],[126.91329,37.46306],[126.91296,37.46356],[126.91289,37.46394],[126.91295,37.46422],[126.91372,37.46547],[126.91465,37.46554],[126.91486,37.46613],[126.91562,37.46689],[126.91612,37.46673],[126.91673,37.46664],[126.91729,37.46643],[126.91771,37.46599],[126.91875,37.46571]]]}},{"type":"Feature","properties":{"name":"서울신암초등학교","kind":"zone","note":"학구도안내서비스 2026-03-20 기준 (교육청 공식)","shared":false},"geometry":{"type":"Polygon","coordinates":[[[127.12725,37.54934],[127.12346,37.53889],[127.12305,37.53903],[127.12294,37.53882],[127.1224,37.53901],[127.12185,37.53929],[127.11974,37.54062],[127.11885,37.54099],[127.11895,37.54112],[127.11887,37.54107],[127.11819,37.54128],[127.11914,37.5423],[127.11971,37.54309],[127.12053,37.54479],[127.1212,37.54635],[127.12359,37.55287],[127.12714,37.55205],[127.12737,37.5527],[127.12838,37.55248],[127.12762,37.55035],[127.12748,37.55038],[127.12734,37.54996],[127.12746,37.54993],[127.12725,37.54934]]]}},{"type":"Feature","properties":{"name":"서울백운초등학교","kind":"zone","note":"학구도안내서비스 2026-03-20 기준 (교육청 공식)","shared":false},"geometry":{"type":"Polygon","coordinates":[[[127.00457,37.68508],[127.00553,37.68487],[127.00605,37.68505],[127.00651,37.68487],[127.00707,37.68476],[127.00766,37.68447],[127.00866,37.68445],[127.00864,37.68395],[127.00842,37.68322],[127.0087,37.68223],[127.00903,37.68164],[127.0089,37.68059],[127.00938,37.67959],[127.01213,37.6791],[127.01239,37.6787],[127.01278,37.6784],[127.01331,37.67783],[127.01348,37.67719],[127.01375,37.67659],[127.01398,37.67588],[127.01386,37.67557],[127.01391,37.67524],[127.01436,37.67482],[127.01457,37.67478],[127.01485,37.67434],[127.01512,37.67415],[127.01559,37.67409],[127.01611,37.6739],[127.01622,37.67393],[127.01669,37.67291],[127.01701,37.67263],[127.01712,37.67263],[127.01718,37.67248],[127.0173,37.67245],[127.0174,37.67217],[127.0173,37.67191],[127.01737,37.67164],[127.01759,37.67143],[127.01767,37.6712],[127.01784,37.67103],[127.01787,37.67088],[127.01825,37.67069],[127.01871,37.67086],[127.01874,37.67052],[127.01849,37.67016],[127.01854,37.66954],[127.01837,37.6692],[127.01841,37.66889],[127.01758,37.6683],[127.01746,37.66812],[127.01663,37.66791],[127.01622,37.6675],[127.01637,37.66737],[127.01576,37.66699],[127.01575,37.66655],[127.01547,37.66608],[127.01537,37.6656],[127.01576,37.66507],[127.01579,37.66494],[127.01565,37.66451],[127.01533,37.66408],[127.01534,37.66375],[127.01537,37.66367],[127.01551,37.66367],[127.01557,37.66344],[127.01595,37.66329],[127.01598,37.66277],[127.01618,37.66254],[127.01665,37.66221],[127.01704,37.66221],[127.01721,37.662],[127.0175,37.662],[127.01745,37.66188],[127.0175,37.66161],[127.01702,37.6611],[127.01708,37.65991],[127.01763,37.65968],[127.01757,37.65923],[127.01787,37.65921],[127.01768,37.65882],[127.01765,37.65857],[127.01786,37.65837],[127.01826,37.65821],[127.01835,37.65805],[127.01837,37.65781],[127.01864,37.65763],[127.01862,37.65734],[127.01869,37.65734],[127.01871,37.65715],[127.01905,37.6567],[127.01934,37.65646],[127.01959,37.65636],[127.0197,37.65612],[127.01962,37.65591],[127.01995,37.65551],[127.02048,37.65504],[127.02056,37.65483],[127.02047,37.65428],[127.0208,37.6541],[127.02069,37.654],[127.02072,37.65374],[127.02062,37.65364],[127.02082,37.65256],[127.0208,37.65174],[127.02035,37.6514],[127.01968,37.65105],[127.01941,37.65067],[127.01982,37.65039],[127.02017,37.65024],[127.02212,37.64953],[127.02338,37.64874],[127.0229,37.64861],[127.02178,37.64899],[127.02154,37.64874],[127.02241,37.648],[127.02216,37.64774],[127.02161,37.64809],[127.02092,37.64731],[127.02107,37.64709],[127.02133,37.64698],[127.02123,37.64682],[127.02128,37.64679],[127.02119,37.6467],[127.02174,37.64595],[127.02125,37.6457],[127.0208,37.64527],[127.02051,37.64545],[127.02027,37.64514],[127.01994,37.64491],[127.01572,37.64789],[127.01518,37.64811],[127.01424,37.64825],[127.0094,37.64707],[127.00848,37.64751],[127.00841,37.64746],[127.00832,37.6475],[127.00824,37.64759],[127.00738,37.64757],[127.00656,37.64767],[127.00615,37.64779],[127.00516,37.64846],[127.00466,37.64822],[126.99982,37.64717],[126.98558,37.6461],[126.98548,37.64601],[126.9851,37.64593],[126.98493,37.64607],[126.98476,37.64676],[126.98481,37.64684],[126.98468,37.64696],[126.98471,37.64725],[126.9846,37.64761],[126.98398,37.64818],[126.98388,37.6486],[126.98402,37.64932],[126.98394,37.64961],[126.9825,37.65054],[126.9823,37.65125],[126.98187,37.65169],[126.98168,37.65232],[126.98105,37.65271],[126.98043,37.65379],[126.97994,37.65482],[126.97966,37.65604],[126.98119,37.65649],[126.98286,37.65645],[126.98301,37.657],[126.98341,37.65723],[126.98374,37.65733],[126.98434,37.65773],[126.98462,37.65823],[126.98602,37.65894],[126.98654,37.65949],[126.98728,37.6606],[126.98722,37.66085],[126.98737,37.66162],[126.98775,37.66273],[126.9878,37.66359],[126.98827,37.66439],[126.98945,37.66453],[126.99,37.6645],[126.99124,37.66499],[126.99222,37.66523],[126.99275,37.66553],[126.99312,37.66606],[126.99402,37.66678],[126.99413,37.66703],[126.99396,37.66734],[126.99356,37.6678],[126.99383,37.66862],[126.99436,37.66957],[126.99435,37.66981],[126.9938,37.6702],[126.99407,37.67276],[126.99354,37.6741],[126.9938,37.67423],[126.99398,37.67491],[126.99381,37.67525],[126.99313,37.67583],[126.99316,37.67614],[126.99307,37.67658],[126.99327,37.677],[126.99312,37.67723],[126.99325,37.67766],[126.99292,37.67882],[126.99243,37.67915],[126.9922,37.67963],[126.99243,37.67976],[126.99351,37.68006],[126.99408,37.68032],[126.99418,37.68046],[126.99416,37.68057],[126.99473,37.68124],[126.9952,37.68134],[126.9955,37.68151],[126.99585,37.68187],[126.99674,37.68239],[126.99697,37.68265],[126.99703,37.68311],[126.99731,37.68347],[126.99762,37.68345],[126.99775,37.68359],[126.99943,37.68391],[127.00051,37.68397],[127.00104,37.68427],[127.00169,37.68434],[127.00188,37.68408],[127.0019,37.68372],[127.00224,37.68359],[127.00274,37.68395],[127.00324,37.68395],[127.00358,37.68424],[127.00378,37.68482],[127.00428,37.68494],[127.00457,37.68508]]]}},{"type":"Feature","properties":{"name":"서울창동초등학교","kind":"zone","note":"학구도안내서비스 2026-03-20 기준 (교육청 공식)","shared":false},"geometry":{"type":"Polygon","coordinates":[[[127.04144,37.65728],[127.04183,37.65733],[127.04244,37.65676],[127.04247,37.65637],[127.04263,37.65635],[127.04409,37.65654],[127.04455,37.65676],[127.04614,37.65703],[127.04716,37.65486],[127.04776,37.65339],[127.04881,37.65362],[127.04889,37.65332],[127.04788,37.65308],[127.04846,37.65173],[127.04642,37.65124],[127.04567,37.65112],[127.04155,37.6517],[127.04399,37.65232],[127.04385,37.65268],[127.04361,37.65289],[127.04319,37.65301],[127.04264,37.65328],[127.04208,37.65335],[127.04157,37.65353],[127.04105,37.65358],[127.04096,37.65397],[127.03839,37.6549],[127.04003,37.65764],[127.04108,37.65728],[127.04144,37.65728]]]}},{"type":"Feature","properties":{"name":"서울서정초등학교","kind":"zone","note":"학구도안내서비스 2026-03-20 기준 (교육청 공식)","shared":false},"geometry":{"type":"Polygon","coordinates":[[[126.86561,37.52913],[126.86656,37.52901],[126.86662,37.52919],[126.86748,37.52908],[126.86752,37.52927],[126.86838,37.52916],[126.86813,37.52796],[126.86758,37.52778],[126.86709,37.52736],[126.86844,37.52714],[126.86802,37.52562],[126.86968,37.52533],[126.8687,37.52131],[126.87067,37.52099],[126.87025,37.51919],[126.86995,37.51852],[126.86816,37.51922],[126.86791,37.51888],[126.86741,37.51854],[126.86543,37.52248],[126.86486,37.52421],[126.86426,37.52652],[126.86397,37.52986],[126.86673,37.53021],[126.86601,37.52982],[126.86561,37.52913]]]}},{"type":"Feature","properties":{"name":"서울태랑초등학교 · 서울태릉초등학교","kind":"zone","note":"학구도안내서비스 2026-03-20 기준 (교육청 공식)","shared":true},"geometry":{"type":"Polygon","coordinates":[[[127.08646,37.62415],[127.08533,37.62396],[127.08382,37.62394],[127.08329,37.62485],[127.08203,37.62433],[127.08182,37.62486],[127.08129,37.6255],[127.08231,37.62611],[127.0822,37.6263],[127.08229,37.62639],[127.08341,37.62685],[127.08417,37.62735],[127.08494,37.62776],[127.08512,37.62779],[127.08571,37.62662],[127.08646,37.62415]]]}},{"type":"Feature","properties":{"name":"서울동명초등학교","kind":"zone","note":"학구도안내서비스 2026-03-20 기준 (교육청 공식)","shared":false},"geometry":{"type":"Polygon","coordinates":[[[127.03794,37.57227],[127.0379,37.57173],[127.04053,37.57159],[127.04113,37.57149],[127.03804,37.56738],[127.03777,37.56671],[127.03764,37.56594],[127.03649,37.56606],[127.03599,37.56247],[127.03542,37.56111],[127.03462,37.56182],[127.03342,37.56258],[127.03412,37.56331],[127.03441,37.56494],[127.0301,37.56545],[127.0301,37.56671],[127.03029,37.56981],[127.03127,37.5698],[127.03254,37.57022],[127.03306,37.57051],[127.03419,37.57139],[127.03575,37.57203],[127.03674,37.57224],[127.03794,37.57227]]]}},{"type":"Feature","properties":{"name":"서울계남초등학교","kind":"zone","note":"학구도안내서비스 2026-03-20 기준 (교육청 공식)","shared":false},"geometry":{"type":"Polygon","coordinates":[[[126.86238,37.51507],[126.86402,37.51205],[126.86061,37.5109],[126.86248,37.50772],[126.86004,37.50675],[126.85587,37.51367],[126.85897,37.51475],[126.85916,37.51441],[126.85932,37.51425],[126.85979,37.51417],[126.86238,37.51507]]]}},{"type":"Feature","properties":{"name":"서울양화초등학교","kind":"zone","note":"학구도안내서비스 2026-03-20 기준 (교육청 공식)","shared":false},"geometry":{"type":"Polygon","coordinates":[[[126.88174,37.5471],[126.8807,37.54659],[126.88073,37.54654],[126.88022,37.54599],[126.87962,37.54613],[126.87955,37.54594],[126.88,37.54558],[126.88011,37.54504],[126.88023,37.54496],[126.88018,37.54481],[126.87999,37.54449],[126.87891,37.54417],[126.87987,37.54389],[126.87997,37.54377],[126.8807,37.5434],[126.88136,37.54289],[126.88122,37.54277],[126.87998,37.54226],[126.87859,37.54179],[126.87664,37.54124],[126.87643,37.54134],[126.87615,37.54138],[126.87579,37.54172],[126.87571,37.54202],[126.87547,37.54205],[126.87508,37.54145],[126.87506,37.5412],[126.87477,37.54089],[126.87478,37.54076],[126.875,37.54074],[126.87495,37.54062],[126.87505,37.54055],[126.87496,37.54023],[126.87468,37.53998],[126.87492,37.53979],[126.87441,37.5392],[126.87362,37.53947],[126.87322,37.53936],[126.873,37.53937],[126.87288,37.53907],[126.87057,37.54013],[126.87054,37.53987],[126.87063,37.53977],[126.87063,37.53955],[126.87056,37.53935],[126.87047,37.5393],[126.86977,37.53971],[126.86987,37.54029],[126.8688,37.54042],[126.86866,37.53977],[126.86846,37.53979],[126.86855,37.54],[126.86833,37.54003],[126.86816,37.53993],[126.86814,37.54013],[126.86795,37.54015],[126.86791,37.54028],[126.86798,37.54047],[126.86791,37.5406],[126.86795,37.5412],[126.86777,37.54185],[126.86796,37.54191],[126.86807,37.5422],[126.86809,37.54243],[126.86787,37.5426],[126.86766,37.54266],[126.86767,37.54291],[126.86754,37.54304],[126.86691,37.54343],[126.86655,37.54342],[126.86618,37.54369],[126.86613,37.54383],[126.86612,37.54414],[126.8663,37.54466],[126.86711,37.5451],[126.86705,37.54523],[126.86678,37.54552],[126.86786,37.54572],[126.86866,37.54754],[126.86934,37.54723],[126.87006,37.54699],[126.87073,37.54769],[126.87201,37.54722],[126.87351,37.54696],[126.8744,37.54694],[126.87796,37.5471],[126.88026,37.54774],[126.87995,37.54813],[126.88048,37.54819],[126.88081,37.54808],[126.88174,37.5471]]]}},{"type":"Feature","properties":{"name":"서울도봉초등학교","kind":"zone","note":"학구도안내서비스 2026-03-20 기준 (교육청 공식)","shared":false},"geometry":{"type":"Polygon","coordinates":[[[127.01983,37.70102],[127.02215,37.69972],[127.02339,37.70007],[127.02532,37.69958],[127.0269,37.70025],[127.02702,37.70112],[127.02769,37.70094],[127.02831,37.70016],[127.02899,37.69966],[127.02929,37.69929],[127.0296,37.69818],[127.02973,37.69627],[127.03017,37.6952],[127.03045,37.69478],[127.03083,37.69369],[127.03097,37.69356],[127.03103,37.69307],[127.03154,37.69283],[127.03203,37.69295],[127.03217,37.69282],[127.03241,37.69184],[127.0336,37.69202],[127.03396,37.692],[127.03426,37.69223],[127.03493,37.69231],[127.03563,37.69249],[127.03578,37.69237],[127.03676,37.69264],[127.037,37.69295],[127.03753,37.69322],[127.0385,37.69329],[127.03881,37.69363],[127.03895,37.69398],[127.03991,37.69408],[127.04,37.69468],[127.04084,37.69508],[127.04111,37.6953],[127.04181,37.69538],[127.04202,37.69507],[127.04233,37.69505],[127.04307,37.69523],[127.0434,37.6944],[127.04335,37.69407],[127.04304,37.69362],[127.04375,37.69351],[127.04389,37.69342],[127.04407,37.69313],[127.04453,37.69307],[127.04482,37.69294],[127.0449,37.69241],[127.04505,37.69239],[127.04599,37.68588],[127.04606,37.68485],[127.04601,37.68374],[127.04579,37.68228],[127.0444,37.67431],[127.04363,37.67441],[127.04358,37.67554],[127.04244,37.67449],[127.04236,37.67451],[127.04157,37.67427],[127.04112,37.67407],[127.04078,37.67403],[127.0407,37.67384],[127.04026,37.67335],[127.04022,37.67315],[127.0394,37.67264],[127.03925,37.67228],[127.03913,37.67215],[127.03924,37.67196],[127.03895,37.67194],[127.03841,37.67203],[127.03808,37.6719],[127.03795,37.67172],[127.0376,37.67146],[127.03715,37.67148],[127.0368,37.67158],[127.03662,37.67174],[127.03641,37.67199],[127.03611,37.67257],[127.03599,37.67283],[127.03618,37.67308],[127.03592,37.67373],[127.03587,37.67413],[127.03521,37.67426],[127.03461,37.67411],[127.03452,37.67399],[127.03432,37.67409],[127.03352,37.67416],[127.03311,37.67363],[127.03261,37.6738],[127.03234,37.67451],[127.03205,37.67447],[127.03156,37.67515],[127.03083,37.67474],[127.03057,37.67401],[127.03036,37.67382],[127.02952,37.67404],[127.02916,37.67361],[127.02863,37.67337],[127.02708,37.67337],[127.02663,37.67368],[127.02582,37.67328],[127.02577,37.67307],[127.02514,37.67282],[127.02512,37.6725],[127.02491,37.67242],[127.02309,37.67219],[127.0228,37.67159],[127.02236,37.67184],[127.02163,37.67174],[127.02147,37.6719],[127.02098,37.67205],[127.02077,37.67203],[127.02051,37.67154],[127.02026,37.67159],[127.02016,37.67169],[127.01989,37.67139],[127.01957,37.67126],[127.01938,37.67131],[127.01889,37.67112],[127.0187,37.67086],[127.01825,37.67069],[127.01787,37.67088],[127.01784,37.67103],[127.01767,37.6712],[127.01759,37.67143],[127.01738,37.67162],[127.0173,37.67191],[127.0174,37.67217],[127.01733,37.6724],[127.01718,37.67248],[127.01712,37.67263],[127.01701,37.67263],[127.01669,37.67291],[127.01622,37.67393],[127.01611,37.6739],[127.01559,37.67409],[127.01512,37.67415],[127.01485,37.67434],[127.01457,37.67478],[127.01436,37.67482],[127.01391,37.67524],[127.01386,37.67557],[127.01398,37.67588],[127.01375,37.67659],[127.01348,37.67719],[127.01331,37.67783],[127.01278,37.6784],[127.01239,37.6787],[127.01213,37.6791],[127.00938,37.67959],[127.0089,37.68059],[127.00903,37.68164],[127.0087,37.68223],[127.00842,37.68322],[127.00864,37.68395],[127.00867,37.68449],[127.00844,37.68543],[127.00859,37.68744],[127.00833,37.68851],[127.00829,37.69011],[127.00762,37.69162],[127.00971,37.69336],[127.00967,37.6967],[127.01212,37.69738],[127.01388,37.6988],[127.01496,37.70043],[127.01542,37.70146],[127.01983,37.70102]]]}},{"type":"Feature","properties":{"name":"서울난곡초등학교","kind":"zone","note":"학구도안내서비스 2026-03-20 기준 (교육청 공식)","shared":false},"geometry":{"type":"Polygon","coordinates":[[[126.91824,37.47363],[126.91925,37.47253],[126.91969,37.47253],[126.92006,37.47266],[126.92043,37.47263],[126.92062,37.47238],[126.92078,37.4723],[126.92154,37.47202],[126.92257,37.4721],[126.92345,37.47198],[126.92352,37.47179],[126.92333,37.47164],[126.92331,37.47112],[126.92304,37.47113],[126.92299,37.47086],[126.92305,37.4708],[126.92298,37.47072],[126.92274,37.47081],[126.92273,37.47068],[126.9228,37.47067],[126.9228,37.47055],[126.92291,37.47048],[126.92332,37.47042],[126.92455,37.47067],[126.9244,37.47025],[126.92426,37.47029],[126.92401,37.46966],[126.92424,37.46951],[126.9243,37.46936],[126.92409,37.46933],[126.92347,37.46866],[126.92336,37.46866],[126.92321,37.46822],[126.92264,37.4672],[126.92284,37.46706],[126.9235,37.46702],[126.92369,37.4669],[126.92405,37.46682],[126.92478,37.46674],[126.92349,37.46573],[126.92326,37.46512],[126.92324,37.46475],[126.92293,37.46447],[126.92196,37.46456],[126.92158,37.46487],[126.92098,37.46518],[126.92049,37.46514],[126.92025,37.46534],[126.91983,37.4655],[126.92009,37.466],[126.91988,37.46602],[126.91976,37.46592],[126.91936,37.46586],[126.91927,37.46571],[126.91893,37.46568],[126.91771,37.46599],[126.91729,37.46643],[126.91673,37.46664],[126.91612,37.46673],[126.91562,37.46689],[126.91574,37.46708],[126.9156,37.46728],[126.91536,37.46738],[126.91462,37.4679],[126.91479,37.46835],[126.91438,37.4686],[126.91444,37.46888],[126.91423,37.46946],[126.91454,37.47016],[126.91475,37.47043],[126.91475,37.47065],[126.91489,37.47084],[126.91488,37.47103],[126.91474,37.47123],[126.91472,37.47149],[126.91434,37.47179],[126.91425,37.47217],[126.91427,37.47243],[126.91384,37.47304],[126.91412,37.47298],[126.91444,37.47314],[126.91461,37.47256],[126.91642,37.47251],[126.91748,37.47287],[126.91691,37.47303],[126.91675,37.47318],[126.91673,37.47343],[126.91662,37.47356],[126.91633,37.47345],[126.91622,37.4736],[126.91609,37.47356],[126.91594,37.4737],[126.91633,37.47401],[126.91634,37.47426],[126.91627,37.47441],[126.91684,37.47492],[126.91691,37.4746],[126.9172,37.47419],[126.91824,37.47363]]]}},{"type":"Feature","properties":{"name":"서울신계초등학교","kind":"zone","note":"학구도안내서비스 2026-03-20 기준 (교육청 공식)","shared":false},"geometry":{"type":"Polygon","coordinates":[[[127.05066,37.63771],[127.05111,37.63704],[127.05193,37.63743],[127.05255,37.6383],[127.05256,37.63786],[127.05239,37.63657],[127.05248,37.63643],[127.05251,37.63613],[127.05232,37.63536],[127.0522,37.63415],[127.05237,37.63239],[127.0527,37.63154],[127.05398,37.63005],[127.05499,37.629],[127.05552,37.62947],[127.05597,37.63003],[127.05704,37.62895],[127.05403,37.62705],[127.05318,37.62786],[127.0528,37.62762],[127.05255,37.62786],[127.05297,37.62806],[127.05267,37.62833],[127.05252,37.62827],[127.05214,37.62865],[127.05205,37.62925],[127.05223,37.62937],[127.05237,37.62983],[127.05233,37.62984],[127.05236,37.63003],[127.05244,37.63003],[127.0526,37.63068],[127.0529,37.63094],[127.05258,37.63137],[127.05221,37.63127],[127.05195,37.63096],[127.05168,37.63087],[127.05168,37.63111],[127.05114,37.63111],[127.05105,37.63141],[127.05004,37.63142],[127.04978,37.63127],[127.04976,37.63115],[127.04948,37.6311],[127.04944,37.63208],[127.04913,37.63219],[127.04846,37.63278],[127.04825,37.63309],[127.04806,37.63355],[127.04794,37.63362],[127.04789,37.63412],[127.0478,37.63439],[127.04799,37.63459],[127.04793,37.6349],[127.04824,37.6353],[127.04822,37.63544],[127.04777,37.63602],[127.04786,37.63766],[127.04814,37.63813],[127.04838,37.63824],[127.04922,37.63835],[127.04996,37.63819],[127.05066,37.63771]]]}},{"type":"Feature","properties":{"name":"서울대영초등학교","kind":"zone","note":"학구도안내서비스 2026-03-20 기준 (교육청 공식)","shared":false},"geometry":{"type":"Polygon","coordinates":[[[126.9016,37.50639],[126.90177,37.50614],[126.90225,37.5065],[126.90248,37.50615],[126.90257,37.50614],[126.90278,37.50593],[126.90317,37.5061],[126.90325,37.50603],[126.90317,37.506],[126.90355,37.50546],[126.90377,37.50554],[126.90391,37.50535],[126.90401,37.50538],[126.9044,37.50474],[126.90673,37.5057],[126.90744,37.50588],[126.91008,37.50589],[126.91096,37.50578],[126.91017,37.50405],[126.91016,37.50379],[126.91037,37.50258],[126.91033,37.50222],[126.90979,37.50118],[126.90905,37.50033],[126.90891,37.50021],[126.90871,37.50021],[126.90872,37.50007],[126.9088,37.50007],[126.90856,37.49933],[126.90541,37.49967],[126.90442,37.49987],[126.90401,37.50002],[126.90045,37.50296],[126.89795,37.50522],[126.90139,37.50671],[126.9016,37.50639]]]}},{"type":"Feature","properties":{"name":"서울남성초등학교","kind":"zone","note":"학구도안내서비스 2026-03-20 기준 (교육청 공식)","shared":false},"geometry":{"type":"Polygon","coordinates":[[[126.97315,37.48776],[126.97375,37.48727],[126.97393,37.48697],[126.97468,37.48629],[126.97559,37.48701],[126.97768,37.4853],[126.97835,37.48506],[126.9789,37.48502],[126.9792,37.4844],[126.97568,37.48332],[126.9753,37.48326],[126.97431,37.48328],[126.97368,37.4834],[126.97329,37.48355],[126.97269,37.48385],[126.97224,37.48422],[126.97229,37.4843],[126.97121,37.48475],[126.97116,37.48468],[126.97,37.48514],[126.97071,37.48596],[126.96965,37.48708],[126.96955,37.48725],[126.96966,37.48774],[126.96906,37.48835],[126.96939,37.4886],[126.96932,37.48891],[126.96877,37.48957],[126.96949,37.49004],[126.97001,37.49021],[126.97168,37.48945],[126.97203,37.48887],[126.97315,37.48776]]]}},{"type":"Feature","properties":{"name":"서울동교초등학교","kind":"zone","note":"학구도안내서비스 2026-03-20 기준 (교육청 공식)","shared":false},"geometry":{"type":"Polygon","coordinates":[[[126.90084,37.5529],[126.90075,37.55294],[126.90065,37.55287],[126.90072,37.5528],[126.90048,37.55258],[126.90237,37.55116],[126.89573,37.54904],[126.89468,37.54939],[126.88812,37.55229],[126.89147,37.55553],[126.8971,37.55572],[126.89659,37.55615],[126.89866,37.55661],[126.8983,37.5578],[126.89829,37.55789],[126.89844,37.55803],[126.90547,37.56119],[126.90946,37.5568],[126.90886,37.55645],[126.90833,37.55548],[126.9071,37.5553],[126.90644,37.55406],[126.90615,37.55365],[126.906,37.55356],[126.90612,37.55341],[126.90464,37.55295],[126.90434,37.55245],[126.90267,37.5536],[126.90221,37.55304],[126.90202,37.55255],[126.90155,37.55247],[126.90089,37.55294],[126.90084,37.5529]]]}},{"type":"Feature","properties":{"name":"서울답십리초등학교","kind":"zone","note":"학구도안내서비스 2026-03-20 기준 (교육청 공식)","shared":false},"geometry":{"type":"Polygon","coordinates":[[[127.0532,37.57295],[127.05382,37.57286],[127.05592,37.57292],[127.05611,37.57185],[127.05733,37.57186],[127.05742,37.57289],[127.06138,37.57284],[127.06124,37.57221],[127.0609,37.57208],[127.06103,37.57186],[127.06101,37.57167],[127.0608,37.57144],[127.06074,37.57107],[127.06016,37.57092],[127.06056,37.57066],[127.06071,37.57062],[127.06096,37.57067],[127.06099,37.57062],[127.06071,37.57034],[127.06071,37.56872],[127.06074,37.56847],[127.06084,37.56844],[127.06085,37.56836],[127.06074,37.56833],[127.06079,37.56761],[127.06091,37.56763],[127.06085,37.56756],[127.06107,37.56745],[127.06156,37.56758],[127.06175,37.56745],[127.06178,37.56726],[127.0589,37.56684],[127.05761,37.56752],[127.05717,37.5679],[127.05698,37.56797],[127.0566,37.56692],[127.05559,37.56607],[127.05701,37.56503],[127.05697,37.56471],[127.05659,37.56394],[127.054,37.56587],[127.05387,37.56577],[127.05227,37.56693],[127.05241,37.56706],[127.04868,37.56984],[127.05223,37.57337],[127.05283,37.57306],[127.0532,37.57295]]]}},{"type":"Feature","properties":{"name":"서울영희초등학교","kind":"zone","note":"학구도안내서비스 2026-03-20 기준 (교육청 공식)","shared":false},"geometry":{"type":"Polygon","coordinates":[[[127.08703,37.49324],[127.0883,37.49069],[127.08181,37.48876],[127.07953,37.49365],[127.0858,37.49569],[127.08703,37.49324]]]}},{"type":"Feature","properties":{"name":"서울어울초등학교","kind":"zone","note":"학구도안내서비스 2026-03-20 기준 (교육청 공식)","shared":false},"geometry":{"type":"Polygon","coordinates":[[[126.93708,37.60725],[126.93712,37.60615],[126.93751,37.60587],[126.9377,37.60533],[126.93792,37.6051],[126.93769,37.60496],[126.93793,37.60482],[126.93791,37.60466],[126.93784,37.60465],[126.93785,37.6039],[126.93768,37.60369],[126.93735,37.60357],[126.93728,37.60332],[126.9377,37.60289],[126.93774,37.60275],[126.93749,37.60232],[126.93776,37.60221],[126.93778,37.60203],[126.9373,37.60132],[126.93729,37.60121],[126.93797,37.60095],[126.93801,37.60065],[126.93711,37.60069],[126.93667,37.60053],[126.93647,37.60033],[126.93609,37.6003],[126.93511,37.60223],[126.93467,37.60496],[126.93383,37.60615],[126.93297,37.60708],[126.93362,37.60715],[126.93397,37.60712],[126.93461,37.60689],[126.93537,37.60712],[126.93588,37.60819],[126.93629,37.60847],[126.93689,37.60855],[126.93734,37.60871],[126.93769,37.60865],[126.93736,37.60833],[126.9373,37.60816],[126.93735,37.60796],[126.93708,37.60725]]]}},{"type":"Feature","properties":{"name":"서울불암초등학교","kind":"zone","note":"학구도안내서비스 2026-03-20 기준 (교육청 공식)","shared":false},"geometry":{"type":"Polygon","coordinates":[[[127.08587,37.64931],[127.08601,37.64916],[127.0866,37.64959],[127.08674,37.64958],[127.08683,37.64946],[127.08683,37.64937],[127.08637,37.649],[127.0864,37.64896],[127.08608,37.64896],[127.08558,37.64883],[127.08554,37.64879],[127.0857,37.64874],[127.08539,37.6486],[127.08541,37.64821],[127.08511,37.64814],[127.08461,37.64818],[127.08437,37.64826],[127.08373,37.64806],[127.0832,37.64822],[127.08332,37.6484],[127.08317,37.64855],[127.08282,37.64858],[127.08226,37.64892],[127.08199,37.64934],[127.08203,37.64957],[127.08196,37.64966],[127.08077,37.64871],[127.08064,37.648],[127.07805,37.64809],[127.07659,37.64772],[127.07678,37.65118],[127.07694,37.65147],[127.07808,37.65278],[127.07816,37.65311],[127.07817,37.65356],[127.07887,37.65353],[127.0787,37.65366],[127.07877,37.65401],[127.07902,37.65392],[127.07937,37.65395],[127.07944,37.65372],[127.07974,37.65358],[127.0798,37.65343],[127.08001,37.65344],[127.08013,37.65334],[127.08026,37.65342],[127.0805,37.65272],[127.08058,37.65272],[127.08072,37.65242],[127.08161,37.65257],[127.08222,37.6528],[127.08274,37.65272],[127.08351,37.65287],[127.08349,37.6528],[127.08363,37.6528],[127.08371,37.65263],[127.08412,37.65262],[127.08417,37.6523],[127.0841,37.6516],[127.08417,37.65151],[127.08496,37.65124],[127.08504,37.65115],[127.08551,37.65105],[127.08553,37.65095],[127.08523,37.65086],[127.08457,37.65086],[127.08455,37.65074],[127.08479,37.65068],[127.08472,37.65024],[127.08488,37.65017],[127.08485,37.65007],[127.08539,37.64995],[127.08527,37.64946],[127.08544,37.64926],[127.08587,37.64931]]]}},{"type":"Feature","properties":{"name":"서울태랑초등학교","kind":"zone","note":"학구도안내서비스 2026-03-20 기준 (교육청 공식)","shared":false},"geometry":{"type":"Polygon","coordinates":[[[127.09277,37.62834],[127.09371,37.62742],[127.09378,37.62746],[127.09391,37.62709],[127.09422,37.62707],[127.09434,37.62695],[127.09452,37.62654],[127.09432,37.62588],[127.09333,37.62532],[127.09385,37.62463],[127.09391,37.62435],[127.09381,37.62425],[127.09373,37.62378],[127.09355,37.6234],[127.09343,37.62323],[127.0931,37.62306],[127.09196,37.62285],[127.09187,37.62272],[127.09141,37.62262],[127.09141,37.62234],[127.09131,37.62204],[127.09104,37.62158],[127.09087,37.62145],[127.08997,37.62114],[127.08969,37.6208],[127.08914,37.62041],[127.08876,37.6202],[127.08871,37.62024],[127.08835,37.61992],[127.08817,37.61988],[127.08759,37.62007],[127.08757,37.62041],[127.08589,37.6261],[127.08556,37.62699],[127.08501,37.62799],[127.08567,37.62815],[127.08669,37.62801],[127.08691,37.62808],[127.0873,37.62923],[127.08766,37.62955],[127.08799,37.62973],[127.08843,37.62979],[127.09183,37.62924],[127.09277,37.62834]]]}},{"type":"Feature","properties":{"name":"서울가재울초등학교","kind":"zone","note":"학구도안내서비스 2026-03-20 기준 (교육청 공식)","shared":false},"geometry":{"type":"Polygon","coordinates":[[[126.92132,37.57563],[126.92175,37.57488],[126.92305,37.57296],[126.91755,37.56871],[126.91707,37.56818],[126.91159,37.57082],[126.91209,37.57125],[126.9112,37.57213],[126.91233,37.57269],[126.91351,37.57285],[126.91328,37.57351],[126.91333,37.57412],[126.91424,37.57525],[126.91638,37.57502],[126.91728,37.57502],[126.91773,37.57508],[126.91844,37.5754],[126.92011,37.57674],[126.92104,37.57601],[126.92132,37.57563]]]}},{"type":"Feature","properties":{"name":"서울신성초등학교","kind":"zone","note":"학구도안내서비스 2026-03-20 기준 (교육청 공식)","shared":false},"geometry":{"type":"Polygon","coordinates":[[[126.93902,37.4771],[126.93936,37.47672],[126.93901,37.47654],[126.93921,37.47642],[126.93919,37.47596],[126.9394,37.47594],[126.93944,37.47541],[126.94191,37.47609],[126.94202,37.47597],[126.94217,37.47601],[126.94305,37.47515],[126.94366,37.4749],[126.94392,37.47467],[126.94384,37.47461],[126.94427,37.47427],[126.94493,37.47392],[126.94524,37.47368],[126.94583,37.47352],[126.946,37.47318],[126.94679,37.4726],[126.94786,37.47241],[126.94907,37.4728],[126.9494,37.47244],[126.94971,37.47234],[126.95041,37.47158],[126.95061,37.47159],[126.95078,37.47143],[126.9514,37.47167],[126.95232,37.47106],[126.9525,37.471],[126.95186,37.4693],[126.95165,37.4689],[126.9513,37.4685],[126.9502,37.46781],[126.94924,37.46742],[126.94883,37.46737],[126.94783,37.46755],[126.9473,37.46781],[126.94576,37.46908],[126.94425,37.47021],[126.94342,37.4707],[126.94303,37.4708],[126.94204,37.47085],[126.93952,37.47062],[126.93583,37.47106],[126.93524,37.47117],[126.93451,37.47144],[126.93386,37.47179],[126.93349,37.47217],[126.93283,37.47207],[126.93264,37.47177],[126.93234,37.47157],[126.93146,37.47149],[126.9311,37.47186],[126.93074,37.47208],[126.93052,37.47246],[126.93009,37.47276],[126.92934,37.47458],[126.92937,37.4749],[126.92955,37.47492],[126.93028,37.47526],[126.9302,37.47534],[126.93041,37.47541],[126.93038,37.47546],[126.93084,37.47544],[126.93101,37.4755],[126.93116,37.47563],[126.93132,37.47589],[126.93146,37.47593],[126.93192,37.47583],[126.93256,37.4758],[126.93281,37.47588],[126.93285,37.47601],[126.93381,37.47582],[126.93421,37.47584],[126.93457,37.47595],[126.93457,37.47601],[126.93503,37.47603],[126.93522,37.47629],[126.93515,37.47679],[126.93507,37.47679],[126.93509,37.47693],[126.93498,37.47718],[126.93489,37.47718],[126.93498,37.47758],[126.9366,37.47729],[126.9369,37.47714],[126.93708,37.47695],[126.9375,37.47718],[126.93823,37.47727],[126.93879,37.47765],[126.93892,37.47735],[126.93881,37.47732],[126.93902,37.4771]]]}},{"type":"Feature","properties":{"name":"서울홍릉초등학교","kind":"zone","note":"학구도안내서비스 2026-03-20 기준 (교육청 공식)","shared":false},"geometry":{"type":"Polygon","coordinates":[[[127.04303,37.59696],[127.04371,37.59626],[127.04412,37.59639],[127.04479,37.59636],[127.04551,37.59662],[127.04619,37.59619],[127.04676,37.59604],[127.04732,37.59616],[127.04719,37.59473],[127.04743,37.59469],[127.04766,37.59323],[127.04793,37.59243],[127.04806,37.59158],[127.05076,37.59145],[127.0516,37.59133],[127.05121,37.59057],[127.05123,37.59048],[127.05136,37.59051],[127.05142,37.59037],[127.05086,37.58983],[127.05032,37.59014],[127.05029,37.58963],[127.05044,37.58948],[127.05153,37.58902],[127.05157,37.58894],[127.05228,37.58848],[127.05292,37.58811],[127.05334,37.58794],[127.05052,37.58445],[127.04996,37.58392],[127.04587,37.58068],[127.0452,37.58027],[127.04306,37.58677],[127.04282,37.58833],[127.04104,37.58807],[127.04103,37.58811],[127.04058,37.58806],[127.04058,37.58801],[127.04039,37.588],[127.04038,37.58806],[127.04005,37.588],[127.03983,37.58829],[127.03986,37.58833],[127.03956,37.58847],[127.04033,37.58961],[127.04098,37.59037],[127.04072,37.59058],[127.04029,37.59061],[127.03983,37.5908],[127.03994,37.59095],[127.04013,37.59092],[127.04014,37.59099],[127.0404,37.591],[127.04039,37.59126],[127.03873,37.59127],[127.04032,37.59485],[127.04099,37.59465],[127.04184,37.59646],[127.04269,37.59673],[127.04303,37.59696]]]}},{"type":"Feature","properties":{"name":"서울새솔초등학교","kind":"zone","note":"학구도안내서비스 2026-03-20 기준 (교육청 공식)","shared":false},"geometry":{"type":"Polygon","coordinates":[[[127.11131,37.62069],[127.11214,37.62031],[127.11351,37.62004],[127.11502,37.61954],[127.11571,37.61963],[127.1162,37.61893],[127.11587,37.61858],[127.11715,37.61789],[127.11701,37.61737],[127.11726,37.61673],[127.1169,37.61637],[127.11667,37.61602],[127.1168,37.61495],[127.11668,37.61467],[127.11706,37.61414],[127.11724,37.61263],[127.11748,37.61177],[127.11721,37.61102],[127.11696,37.61071],[127.11679,37.61028],[127.11677,37.60984],[127.11688,37.60951],[127.1167,37.60885],[127.1136,37.60992],[127.11299,37.61025],[127.11357,37.6106],[127.11265,37.61106],[127.11131,37.61201],[127.11028,37.61233],[127.11007,37.61233],[127.10982,37.61242],[127.10984,37.61249],[127.10936,37.61264],[127.10836,37.61286],[127.10733,37.61292],[127.10683,37.6132],[127.10633,37.61336],[127.1057,37.61346],[127.10538,37.61342],[127.10521,37.61308],[127.10479,37.61305],[127.10304,37.61338],[127.10141,37.61392],[127.10134,37.61297],[127.10011,37.61313],[127.09604,37.61433],[127.09566,37.61516],[127.09538,37.6155],[127.09508,37.61572],[127.08965,37.61815],[127.09016,37.61882],[127.09188,37.618],[127.09293,37.61766],[127.09373,37.61749],[127.09321,37.61802],[127.09325,37.61807],[127.09365,37.61807],[127.09445,37.619],[127.09493,37.61903],[127.09555,37.61917],[127.0962,37.61902],[127.09662,37.61943],[127.09665,37.61956],[127.09849,37.6202],[127.09882,37.62039],[127.09949,37.61999],[127.1008,37.61949],[127.10087,37.6194],[127.10168,37.61947],[127.10179,37.61968],[127.10169,37.62002],[127.10319,37.62015],[127.10339,37.62027],[127.1038,37.62024],[127.10405,37.62004],[127.10492,37.62004],[127.10488,37.62008],[127.10556,37.62037],[127.10556,37.62016],[127.10644,37.62056],[127.10709,37.62047],[127.10913,37.62051],[127.11002,37.6207],[127.11052,37.62105],[127.11131,37.62069]]]}},{"type":"Feature","properties":{"name":"서울강덕초등학교","kind":"zone","note":"학구도안내서비스 2026-03-20 기준 (교육청 공식)","shared":false},"geometry":{"type":"Polygon","coordinates":[[[127.16604,37.56029],[127.16601,37.5601],[127.16444,37.56021],[127.16432,37.5587],[127.16439,37.55845],[127.16474,37.55851],[127.16512,37.55846],[127.16507,37.55808],[127.1654,37.55671],[127.16531,37.5567],[127.16533,37.55662],[127.15657,37.55538],[127.15671,37.55758],[127.15692,37.56294],[127.1586,37.56301],[127.16601,37.56245],[127.16573,37.561],[127.16604,37.56029]]]}},{"type":"Feature","properties":{"name":"서울신우초등학교","kind":"zone","note":"학구도안내서비스 2026-03-20 기준 (교육청 공식)","shared":false},"geometry":{"type":"Polygon","coordinates":[[[126.92845,37.46442],[126.92852,37.46449],[126.92934,37.46443],[126.92961,37.46435],[126.92965,37.46465],[126.9296,37.46499],[126.92974,37.46507],[126.92988,37.4653],[126.93007,37.46527],[126.93018,37.4656],[126.93013,37.46627],[126.93139,37.46627],[126.93144,37.46562],[126.9316,37.46567],[126.93169,37.4658],[126.93234,37.46595],[126.93237,37.46608],[126.9334,37.46614],[126.93356,37.466],[126.93359,37.46559],[126.93378,37.46559],[126.93436,37.46516],[126.93409,37.46469],[126.93431,37.4643],[126.93451,37.46411],[126.93498,37.46387],[126.93524,37.46344],[126.93544,37.46339],[126.93561,37.46307],[126.93588,37.46285],[126.93669,37.4626],[126.93689,37.46199],[126.93687,37.46188],[126.93741,37.4613],[126.93776,37.46121],[126.93825,37.46165],[126.93894,37.46156],[126.93913,37.46104],[126.93936,37.46071],[126.93902,37.46025],[126.93948,37.46015],[126.93961,37.45999],[126.93893,37.46001],[126.93849,37.45991],[126.9388,37.45891],[126.93852,37.45859],[126.93843,37.45837],[126.93863,37.45774],[126.93858,37.45733],[126.93829,37.45687],[126.93789,37.45596],[126.93705,37.45555],[126.93703,37.45503],[126.93717,37.45463],[126.93687,37.45406],[126.93687,37.4539],[126.93671,37.45354],[126.93642,37.45315],[126.93624,37.45275],[126.93626,37.45209],[126.93542,37.45188],[126.93486,37.45139],[126.9347,37.451],[126.93442,37.45085],[126.93415,37.45145],[126.93379,37.45184],[126.93297,37.45198],[126.93208,37.45233],[126.93142,37.45156],[126.93058,37.45087],[126.92957,37.45061],[126.92847,37.45074],[126.92837,37.451],[126.92788,37.45109],[126.92732,37.451],[126.92669,37.45173],[126.92628,37.45254],[126.9257,37.45291],[126.92543,37.45299],[126.92479,37.45283],[126.92426,37.45338],[126.92418,37.45368],[126.92335,37.4542],[126.92308,37.45453],[126.9228,37.45525],[126.92253,37.45633],[126.92219,37.45663],[126.92395,37.45872],[126.92445,37.4596],[126.92386,37.46083],[126.92355,37.46115],[126.92323,37.46194],[126.92319,37.46242],[126.92292,37.46277],[126.92293,37.46447],[126.92324,37.46475],[126.92326,37.46512],[126.92349,37.46573],[126.92417,37.46627],[126.92396,37.46549],[126.92573,37.46445],[126.92591,37.46422],[126.92572,37.46409],[126.92569,37.46393],[126.9259,37.46366],[126.92721,37.46314],[126.92766,37.46282],[126.92853,37.46283],[126.92876,37.46303],[126.92836,37.46423],[126.92845,37.46442]]]}},{"type":"Feature","properties":{"name":"서울장월초등학교","kind":"zone","note":"학구도안내서비스 2026-03-20 기준 (교육청 공식)","shared":false},"geometry":{"type":"Polygon","coordinates":[[[127.05154,37.61821],[127.04934,37.62044],[127.04754,37.61938],[127.04698,37.61885],[127.04672,37.61836],[127.04475,37.61957],[127.04571,37.62136],[127.04608,37.62188],[127.04653,37.62233],[127.04687,37.6226],[127.04974,37.62427],[127.05059,37.62347],[127.0512,37.62305],[127.05211,37.62224],[127.05208,37.62214],[127.05271,37.62159],[127.05428,37.61991],[127.05389,37.61974],[127.05154,37.61821]]]}},{"type":"Feature","properties":{"name":"서울전곡초등학교","kind":"zone","note":"학구도안내서비스 2026-03-20 기준 (교육청 공식)","shared":false},"geometry":{"type":"Polygon","coordinates":[[[127.05526,37.57591],[127.05532,37.57621],[127.05556,37.57659],[127.05521,37.57686],[127.05504,37.5771],[127.05518,37.5772],[127.05497,37.5775],[127.05498,37.57789],[127.05461,37.57799],[127.05332,37.57868],[127.05244,37.57758],[127.04989,37.5789],[127.04996,37.57898],[127.0487,37.57953],[127.04848,37.57944],[127.04751,37.57983],[127.04602,37.58061],[127.0463,37.58078],[127.04707,37.58106],[127.04784,37.58147],[127.05008,37.58342],[127.05151,37.585],[127.05186,37.58547],[127.05231,37.58524],[127.05347,37.58362],[127.05351,37.58376],[127.0537,37.58381],[127.0539,37.58384],[127.05423,37.58377],[127.0543,37.58401],[127.0548,37.58387],[127.05525,37.58388],[127.05567,37.58373],[127.05706,37.58404],[127.05737,37.585],[127.05781,37.58507],[127.05942,37.58521],[127.05992,37.58509],[127.06057,37.58514],[127.06147,37.5855],[127.06207,37.58549],[127.06215,37.58538],[127.06266,37.58526],[127.0629,37.58536],[127.06324,37.58517],[127.06426,37.58491],[127.06427,37.58474],[127.06443,37.58469],[127.0643,37.58432],[127.06438,37.58406],[127.0644,37.58346],[127.06408,37.58286],[127.06407,37.58257],[127.06196,37.58251],[127.06112,37.58218],[127.06042,37.58219],[127.06045,37.5818],[127.06034,37.58172],[127.06019,37.58168],[127.06013,37.58178],[127.05908,37.58166],[127.05909,37.58139],[127.05917,37.58121],[127.05913,37.58108],[127.05908,37.58109],[127.05901,37.58079],[127.05882,37.58065],[127.05861,37.58029],[127.05872,37.58004],[127.05865,37.5798],[127.05876,37.57952],[127.05832,37.57934],[127.05835,37.57869],[127.05818,37.57844],[127.05799,37.57754],[127.05752,37.5774],[127.05526,37.57591]]]}},{"type":"Feature","properties":{"name":"서울용마초등학교","kind":"zone","note":"학구도안내서비스 2026-03-20 기준 (교육청 공식)","shared":false},"geometry":{"type":"Polygon","coordinates":[[[127.07905,37.5619],[127.08157,37.561],[127.08229,37.56232],[127.08243,37.56227],[127.08748,37.55949],[127.08764,37.55935],[127.08776,37.55865],[127.08803,37.55863],[127.08911,37.55788],[127.08952,37.55824],[127.09067,37.55742],[127.09026,37.55705],[127.09126,37.55634],[127.08986,37.55508],[127.08989,37.55498],[127.09086,37.55435],[127.09039,37.55391],[127.08876,37.55337],[127.08959,37.55239],[127.09005,37.55155],[127.08979,37.55146],[127.08932,37.55228],[127.08865,37.55228],[127.08845,37.55237],[127.08619,37.5515],[127.08486,37.552],[127.08481,37.55219],[127.08364,37.55267],[127.08281,37.55265],[127.08256,37.55226],[127.08198,37.55221],[127.08176,37.55228],[127.08151,37.5525],[127.08117,37.55258],[127.08093,37.55254],[127.0804,37.55261],[127.08005,37.5526],[127.08007,37.55243],[127.07999,37.55225],[127.07984,37.55222],[127.07984,37.55227],[127.07973,37.55216],[127.07946,37.55212],[127.07941,37.55205],[127.0792,37.55206],[127.07903,37.55226],[127.07868,37.55208],[127.07741,37.55177],[127.07744,37.55158],[127.07723,37.55095],[127.07638,37.55115],[127.0775,37.55355],[127.07918,37.55663],[127.07899,37.5567],[127.07915,37.55698],[127.07887,37.55714],[127.07891,37.55723],[127.07783,37.55765],[127.0779,37.5578],[127.077,37.55815],[127.07905,37.5619]]]}},{"type":"Feature","properties":{"name":"서울당서초등학교","kind":"zone","note":"학구도안내서비스 2026-03-20 기준 (교육청 공식)","shared":false},"geometry":{"type":"Polygon","coordinates":[[[126.90416,37.53428],[126.90451,37.53396],[126.9048,37.53337],[126.90497,37.53315],[126.90506,37.5327],[126.90489,37.53243],[126.90541,37.53217],[126.90497,37.53129],[126.90405,37.5289],[126.90259,37.52931],[126.90199,37.52853],[126.90218,37.52845],[126.90217,37.5283],[126.90187,37.52766],[126.90164,37.52764],[126.90085,37.52812],[126.90045,37.52817],[126.90016,37.5283],[126.89927,37.52715],[126.89683,37.52789],[126.89415,37.52924],[126.898,37.53425],[126.89894,37.53537],[126.90194,37.53395],[126.90223,37.53432],[126.90234,37.53428],[126.90329,37.53558],[126.90406,37.53505],[126.90359,37.53478],[126.90387,37.53463],[126.90416,37.53428]]]}},{"type":"Feature","properties":{"name":"서울당서초등학교","kind":"zone","note":"학구도안내서비스 2026-03-20 기준 (교육청 공식)","shared":false},"geometry":{"type":"Polygon","coordinates":[[[126.89915,37.53109],[126.89942,37.53108],[126.90017,37.53199],[126.89949,37.53233],[126.89875,37.53129],[126.89915,37.53109]]]}},{"type":"Feature","properties":{"name":"서울당서초등학교 · 서울선유초등학교","kind":"zone","note":"학구도안내서비스 2026-03-20 기준 (교육청 공식)","shared":true},"geometry":{"type":"Polygon","coordinates":[[[126.89472,37.53002],[126.89415,37.52924],[126.89294,37.52975],[126.89782,37.53594],[126.89894,37.53537],[126.898,37.53425],[126.89472,37.53002]]]}},{"type":"Feature","properties":{"name":"서울당서초등학교 · 서울선유초등학교","kind":"zone","note":"학구도안내서비스 2026-03-20 기준 (교육청 공식)","shared":true},"geometry":{"type":"Polygon","coordinates":[[[126.89929,37.53106],[126.89875,37.53129],[126.89949,37.53233],[126.90017,37.53199],[126.89942,37.53108],[126.89929,37.53106]]]}},{"type":"Feature","properties":{"name":"서울대곡초등학교","kind":"zone","note":"학구도안내서비스 2026-03-20 기준 (교육청 공식)","shared":false},"geometry":{"type":"Polygon","coordinates":[[[127.06994,37.49643],[127.07118,37.4942],[127.06946,37.49245],[127.06832,37.49165],[127.06705,37.4911],[127.06519,37.4907],[127.06224,37.49634],[127.06389,37.49693],[127.06399,37.49739],[127.06417,37.49757],[127.06481,37.49776],[127.06553,37.49787],[127.06623,37.49765],[127.06654,37.49748],[127.06671,37.498],[127.06801,37.49841],[127.06879,37.4974],[127.06945,37.49629],[127.06994,37.49643]]]}},{"type":"Feature","properties":{"name":"서울대현초등학교","kind":"zone","note":"학구도안내서비스 2026-03-20 기준 (교육청 공식)","shared":false},"geometry":{"type":"Polygon","coordinates":[[[127.06771,37.50261],[127.06853,37.50133],[127.07026,37.50189],[127.07139,37.50073],[127.07189,37.49988],[127.07269,37.49879],[127.07297,37.49813],[127.07306,37.49744],[127.07379,37.49765],[127.07379,37.49689],[127.07351,37.49565],[127.0734,37.49538],[127.07298,37.49485],[127.0716,37.49345],[127.06994,37.49643],[127.06945,37.49629],[127.06879,37.4974],[127.06801,37.49841],[127.06671,37.498],[127.06654,37.49748],[127.06623,37.49765],[127.06553,37.49787],[127.06481,37.49776],[127.06417,37.49757],[127.06399,37.49739],[127.06389,37.49693],[127.06224,37.49634],[127.05662,37.50686],[127.06316,37.50887],[127.06023,37.51424],[127.06656,37.51535],[127.06771,37.50784],[127.06767,37.50739],[127.06703,37.505],[127.06698,37.50417],[127.0671,37.50363],[127.06771,37.50261]]]}},{"type":"Feature","properties":{"name":"서울여의도초등학교","kind":"zone","note":"학구도안내서비스 2026-03-20 기준 (교육청 공식)","shared":false},"geometry":{"type":"Polygon","coordinates":[[[126.92862,37.52701],[126.9278,37.52784],[126.92961,37.52901],[126.93222,37.52711],[126.93358,37.52769],[126.93372,37.52757],[126.93292,37.52661],[126.93944,37.52168],[126.94056,37.52077],[126.94075,37.52051],[126.94097,37.51984],[126.94086,37.51923],[126.94058,37.51881],[126.94029,37.51855],[126.93994,37.51832],[126.93956,37.51816],[126.93497,37.51744],[126.93322,37.51725],[126.93152,37.51901],[126.93201,37.51932],[126.92988,37.5215],[126.93075,37.52204],[126.9285,37.52443],[126.93017,37.52544],[126.92862,37.52701]]]}},{"type":"Feature","properties":{"name":"서울연신초등학교","kind":"zone","note":"학구도안내서비스 2026-03-20 기준 (교육청 공식)","shared":false},"geometry":{"type":"Polygon","coordinates":[[[126.9296,37.62841],[126.9299,37.62826],[126.92998,37.6283],[126.93002,37.62824],[126.93072,37.62813],[126.93123,37.62783],[126.93175,37.62689],[126.93179,37.62666],[126.93203,37.6264],[126.93259,37.62641],[126.93401,37.62667],[126.9329,37.62557],[126.93338,37.62473],[126.9326,37.6244],[126.93153,37.6237],[126.93098,37.62363],[126.93039,37.62324],[126.92989,37.62373],[126.92898,37.62506],[126.92882,37.62515],[126.92856,37.62467],[126.92743,37.623],[126.92705,37.62312],[126.92642,37.6232],[126.92668,37.62378],[126.92616,37.6243],[126.92654,37.62485],[126.92618,37.62502],[126.92596,37.625],[126.9259,37.62536],[126.92565,37.62531],[126.92567,37.62517],[126.92534,37.62512],[126.92528,37.62534],[126.92506,37.62541],[126.92486,37.62537],[126.92408,37.62619],[126.92345,37.62578],[126.92389,37.62547],[126.92381,37.62534],[126.92355,37.62545],[126.92207,37.62557],[126.92194,37.62545],[126.92084,37.626],[126.92008,37.62593],[126.9195,37.6282],[126.92014,37.62836],[126.92072,37.6284],[126.92058,37.62834],[126.92069,37.62818],[126.92093,37.62828],[126.92061,37.62789],[126.92035,37.62771],[126.92058,37.62737],[126.92077,37.62742],[126.92085,37.62728],[126.92077,37.62707],[126.92132,37.62728],[126.92167,37.62766],[126.9227,37.62766],[126.92273,37.62787],[126.92304,37.62789],[126.92392,37.62825],[126.92459,37.62782],[126.92459,37.62773],[126.92472,37.62767],[126.92521,37.62764],[126.92524,37.6279],[126.92535,37.62795],[126.92565,37.62764],[126.92659,37.62748],[126.92735,37.62727],[126.92738,37.62746],[126.92729,37.62772],[126.92776,37.62805],[126.92788,37.62806],[126.92787,37.62784],[126.92812,37.62721],[126.92849,37.62726],[126.92852,37.62737],[126.92872,37.62742],[126.92932,37.62774],[126.92943,37.62846],[126.9296,37.62841]]]}},{"type":"Feature","properties":{"name":"서울연촌초등학교","kind":"zone","note":"학구도안내서비스 2026-03-20 기준 (교육청 공식)","shared":false},"geometry":{"type":"Polygon","coordinates":[[[127.07627,37.6403],[127.07666,37.6403],[127.07666,37.63992],[127.07697,37.63976],[127.07802,37.63981],[127.07922,37.63872],[127.07886,37.63849],[127.07829,37.6377],[127.07948,37.63713],[127.0808,37.63612],[127.07981,37.63539],[127.07965,37.63501],[127.07913,37.63505],[127.0789,37.63493],[127.07873,37.63451],[127.07773,37.63416],[127.07757,37.6335],[127.07745,37.63324],[127.07743,37.6329],[127.07707,37.63187],[127.07656,37.63123],[127.07659,37.63099],[127.07643,37.63085],[127.07588,37.63071],[127.07545,37.63085],[127.07541,37.6307],[127.07379,37.63093],[127.07332,37.63114],[127.07313,37.6313],[127.07285,37.63186],[127.07139,37.63147],[127.07006,37.63184],[127.06821,37.63596],[127.07105,37.63763],[127.0705,37.63909],[127.07055,37.63981],[127.07066,37.64026],[127.07286,37.64077],[127.07313,37.64024],[127.07359,37.64036],[127.07527,37.64085],[127.07515,37.64117],[127.075,37.64122],[127.07493,37.64145],[127.07634,37.64173],[127.07627,37.6403]]]}},{"type":"Feature","properties":{"name":"서울가주초등학교","kind":"zone","note":"학구도안내서비스 2026-03-20 기준 (교육청 공식)","shared":false},"geometry":{"type":"Polygon","coordinates":[[[127.13025,37.49448],[127.12961,37.49328],[127.12743,37.49211],[127.12688,37.49277],[127.12684,37.4944],[127.12564,37.4944],[127.1244,37.49586],[127.1249,37.49667],[127.12616,37.49931],[127.13096,37.49573],[127.13065,37.49528],[127.13025,37.49448]]]}},{"type":"Feature","properties":{"name":"서울광남초등학교","kind":"zone","note":"학구도안내서비스 2026-03-20 기준 (교육청 공식)","shared":false},"geometry":{"type":"Polygon","coordinates":[[[127.10595,37.54463],[127.10728,37.54426],[127.10401,37.54113],[127.10006,37.53772],[127.09956,37.53825],[127.0986,37.53908],[127.09581,37.54114],[127.10229,37.54329],[127.10311,37.54378],[127.10385,37.54459],[127.10411,37.5445],[127.10468,37.54498],[127.10595,37.54463]]]}},{"type":"Feature","properties":{"name":"서울북한산초등학교","kind":"zone","note":"학구도안내서비스 2026-03-20 기준 (교육청 공식)","shared":false},"geometry":{"type":"Polygon","coordinates":[[[126.95172,37.65489],[126.95321,37.65493],[126.95395,37.6553],[126.95419,37.65521],[126.95403,37.65508],[126.95404,37.65498],[126.95435,37.6546],[126.95524,37.65431],[126.95553,37.65378],[126.95585,37.65366],[126.95616,37.65336],[126.95653,37.65317],[126.95641,37.65317],[126.95711,37.65284],[126.95746,37.65187],[126.95768,37.65071],[126.95779,37.64981],[126.95756,37.64904],[126.95785,37.64845],[126.95784,37.64805],[126.95838,37.64765],[126.95903,37.64678],[126.95892,37.64614],[126.95915,37.64575],[126.95891,37.64476],[126.95912,37.64435],[126.95902,37.64388],[126.95937,37.6432],[126.95927,37.64213],[126.95997,37.64146],[126.96013,37.64054],[126.96051,37.63983],[126.96086,37.63876],[126.9616,37.63799],[126.9616,37.63712],[126.96254,37.63582],[126.96333,37.63325],[126.96162,37.63189],[126.95982,37.62976],[126.95876,37.62959],[126.95747,37.62913],[126.95673,37.62862],[126.95638,37.62822],[126.95557,37.62825],[126.9552,37.62815],[126.95403,37.62736],[126.95349,37.62737],[126.95276,37.62707],[126.95198,37.62687],[126.95158,37.62656],[126.95041,37.62642],[126.94936,37.62735],[126.94863,37.62786],[126.94718,37.62719],[126.94608,37.62706],[126.94595,37.62694],[126.94567,37.62614],[126.94545,37.62585],[126.94409,37.62527],[126.94308,37.62523],[126.94103,37.62565],[126.93956,37.62583],[126.93885,37.62603],[126.93828,37.62601],[126.93779,37.62614],[126.93676,37.62614],[126.93699,37.62655],[126.93673,37.62676],[126.93759,37.62673],[126.93796,37.62704],[126.93821,37.62802],[126.93791,37.62826],[126.93727,37.62857],[126.93714,37.62872],[126.93575,37.62871],[126.93575,37.62892],[126.93553,37.62912],[126.93529,37.62902],[126.93488,37.6291],[126.9341,37.62993],[126.93402,37.62981],[126.9335,37.62962],[126.93308,37.6298],[126.93283,37.63004],[126.93282,37.63087],[126.93306,37.63114],[126.93345,37.63116],[126.93359,37.6313],[126.93374,37.63129],[126.93411,37.63103],[126.93484,37.63163],[126.93483,37.63178],[126.93571,37.632],[126.93671,37.63213],[126.93711,37.63195],[126.93743,37.63214],[126.93837,37.63207],[126.93871,37.63254],[126.93916,37.63268],[126.93922,37.63319],[126.93892,37.63389],[126.93812,37.63413],[126.9376,37.63379],[126.93707,37.63399],[126.9368,37.63424],[126.93653,37.63433],[126.93669,37.63456],[126.93681,37.63449],[126.93706,37.63457],[126.93709,37.63509],[126.93738,37.6354],[126.9373,37.63547],[126.93708,37.63549],[126.93679,37.6357],[126.9367,37.63599],[126.93677,37.6361],[126.93711,37.63615],[126.9377,37.63682],[126.93822,37.63722],[126.93827,37.63745],[126.93841,37.63742],[126.93856,37.63772],[126.93893,37.63765],[126.93898,37.63754],[126.93885,37.63742],[126.93927,37.63725],[126.93937,37.6374],[126.93957,37.6374],[126.93966,37.63723],[126.93988,37.63716],[126.94003,37.6372],[126.93988,37.63772],[126.94013,37.63776],[126.94019,37.63786],[126.94007,37.63809],[126.94013,37.63845],[126.94009,37.63858],[126.93995,37.63861],[126.93979,37.63877],[126.93981,37.63884],[126.93989,37.63883],[126.94002,37.63921],[126.93996,37.63934],[126.9403,37.63948],[126.94033,37.63967],[126.94055,37.64008],[126.94079,37.64013],[126.94081,37.64052],[126.94104,37.64045],[126.9415,37.64073],[126.94273,37.6404],[126.94291,37.6405],[126.94303,37.64047],[126.9435,37.64063],[126.94363,37.64083],[126.94321,37.64124],[126.9428,37.64139],[126.94225,37.64145],[126.94207,37.64156],[126.94186,37.64201],[126.94189,37.64207],[126.94179,37.64234],[126.94151,37.64255],[126.94145,37.64271],[126.94122,37.64273],[126.94105,37.6429],[126.94079,37.64304],[126.94078,37.64316],[126.94063,37.6433],[126.94074,37.64346],[126.94056,37.64372],[126.94047,37.64456],[126.93986,37.64448],[126.93945,37.64451],[126.93947,37.64504],[126.93942,37.64535],[126.93929,37.64577],[126.93902,37.64628],[126.93739,37.64805],[126.93698,37.64857],[126.93666,37.64915],[126.93626,37.65044],[126.93655,37.65061],[126.93672,37.65084],[126.93571,37.6512],[126.93628,37.65158],[126.93716,37.65232],[126.93742,37.65269],[126.93774,37.65345],[126.93846,37.65477],[126.93881,37.65528],[126.9394,37.65594],[126.94013,37.65664],[126.9421,37.65772],[126.94334,37.65806],[126.94412,37.65812],[126.94502,37.65833],[126.94643,37.65876],[126.94756,37.65922],[126.94797,37.65871],[126.948,37.65857],[126.94794,37.65838],[126.94812,37.65806],[126.94776,37.65728],[126.94788,37.65713],[126.94883,37.65697],[126.9492,37.65677],[126.94949,37.65625],[126.94979,37.65591],[126.9504,37.65569],[126.95077,37.65549],[126.95138,37.65495],[126.95172,37.65489]]]}},{"type":"Feature","properties":{"name":"서울창신초등학교","kind":"zone","note":"학구도안내서비스 2026-03-20 기준 (교육청 공식)","shared":false},"geometry":{"type":"Polygon","coordinates":[[[127.01467,37.58067],[127.01558,37.58062],[127.01572,37.57986],[127.01584,37.57972],[127.01644,37.57956],[127.01679,37.57961],[127.01682,37.57949],[127.01667,37.57929],[127.01729,37.57911],[127.0172,37.5789],[127.01684,37.57869],[127.01673,37.57848],[127.01685,37.57829],[127.01731,37.57803],[127.01743,37.57773],[127.01736,37.57701],[127.0172,37.57677],[127.0172,37.57654],[127.01736,37.57611],[127.01733,37.57578],[127.0175,37.57534],[127.01822,37.57535],[127.01832,37.5754],[127.01845,37.57562],[127.01845,37.5765],[127.01871,37.57733],[127.01854,37.5774],[127.01856,37.57761],[127.01877,37.57752],[127.0189,37.57767],[127.0195,37.57791],[127.01937,37.57808],[127.0209,37.57869],[127.02148,37.57886],[127.02182,37.57886],[127.02198,37.57874],[127.02233,37.57863],[127.02251,37.57844],[127.02273,37.57834],[127.02249,37.57807],[127.02281,37.57784],[127.02298,37.57783],[127.02314,37.57802],[127.02322,37.5757],[127.02193,37.57511],[127.01998,37.57437],[127.01786,37.57367],[127.01229,37.57207],[127.00975,37.5715],[127.00971,37.57193],[127.00956,37.57228],[127.00928,37.57257],[127.00907,37.57263],[127.00891,37.57276],[127.00895,37.57338],[127.00903,37.57363],[127.00887,37.57402],[127.0089,37.57427],[127.00907,37.57461],[127.00903,37.57482],[127.00866,37.57555],[127.00857,37.57588],[127.00874,37.57706],[127.00868,37.57724],[127.00839,37.57761],[127.00845,37.57805],[127.0081,37.5785],[127.00818,37.57917],[127.0088,37.57989],[127.0089,37.58042],[127.01051,37.58026],[127.01106,37.57913],[127.01153,37.57905],[127.01186,37.57909],[127.01183,37.57933],[127.01194,37.57953],[127.01231,37.57973],[127.01291,37.57989],[127.01307,37.58007],[127.01335,37.57984],[127.01382,37.5797],[127.01411,37.57988],[127.01457,37.57996],[127.0147,37.58019],[127.01459,37.58066],[127.01467,37.58067]]]}},{"type":"Feature","properties":{"name":"서울원당초등학교","kind":"zone","note":"학구도안내서비스 2026-03-20 기준 (교육청 공식)","shared":false},"geometry":{"type":"Polygon","coordinates":[[[126.96224,37.48155],[126.96211,37.48145],[126.96179,37.48137],[126.96069,37.48022],[126.96125,37.47976],[126.96202,37.47939],[126.96114,37.47803],[126.95757,37.47943],[126.95719,37.4788],[126.95704,37.47886],[126.95654,37.47864],[126.95555,37.47877],[126.95558,37.47864],[126.95524,37.47774],[126.95399,37.47804],[126.95348,37.47808],[126.95358,37.47884],[126.95286,37.47891],[126.95271,37.47882],[126.95234,37.47886],[126.9526,37.48075],[126.9527,37.48106],[126.95241,37.48112],[126.95248,37.4813],[126.95275,37.48123],[126.9529,37.48172],[126.95416,37.48321],[126.95441,37.4831],[126.9543,37.48251],[126.95502,37.48203],[126.95544,37.48206],[126.95613,37.48232],[126.95616,37.48251],[126.9578,37.48152],[126.95805,37.48178],[126.95846,37.48152],[126.9586,37.4815],[126.9601,37.48303],[126.95999,37.4831],[126.96002,37.48321],[126.96032,37.48332],[126.96049,37.48351],[126.96107,37.48367],[126.96107,37.48356],[126.96183,37.48294],[126.96205,37.48245],[126.96269,37.48206],[126.96279,37.48194],[126.96224,37.48155]]]}},{"type":"Feature","properties":{"name":"서울행림초등학교","kind":"zone","note":"학구도안내서비스 2026-03-20 기준 (교육청 공식)","shared":false},"geometry":{"type":"Polygon","coordinates":[[[126.96547,37.48522],[126.96714,37.48401],[126.96733,37.48459],[126.96762,37.485],[126.96916,37.48387],[126.97098,37.48274],[126.9711,37.48269],[126.97116,37.48276],[126.97175,37.48276],[126.97172,37.48283],[126.97184,37.48289],[126.9719,37.48309],[126.972,37.48308],[126.97275,37.48254],[126.97307,37.4824],[126.97232,37.48155],[126.97132,37.4798],[126.97046,37.47991],[126.96994,37.47964],[126.96977,37.47924],[126.96958,37.47928],[126.96943,37.47883],[126.96944,37.47844],[126.96927,37.47792],[126.96886,37.47785],[126.96889,37.47763],[126.96803,37.47751],[126.96824,37.47725],[126.96687,37.47655],[126.96659,37.47684],[126.96571,37.47623],[126.96114,37.47803],[126.96202,37.47939],[126.96184,37.47945],[126.96194,37.4798],[126.96207,37.47989],[126.96208,37.48004],[126.96233,37.48034],[126.96259,37.48052],[126.96257,37.48065],[126.96311,37.48157],[126.96264,37.48209],[126.96363,37.48297],[126.96435,37.48402],[126.96547,37.48522]]]}},{"type":"Feature","properties":{"name":"서울동답초등학교","kind":"zone","note":"학구도안내서비스 2026-03-20 기준 (교육청 공식)","shared":false},"geometry":{"type":"Polygon","coordinates":[[[127.0676,37.57611],[127.06707,37.5744],[127.06851,37.57392],[127.0687,37.57424],[127.0688,37.57459],[127.06947,37.57437],[127.06852,37.5726],[127.07168,37.57235],[127.07135,37.57171],[127.06905,37.56814],[127.06833,37.56843],[127.06871,37.56904],[127.06617,37.57048],[127.06515,37.57085],[127.06403,37.56931],[127.06327,37.56974],[127.06276,37.56918],[127.06252,37.56934],[127.06264,37.56924],[127.06252,37.56909],[127.06257,37.56906],[127.06251,37.56898],[127.06264,37.56891],[127.0626,37.56879],[127.06254,37.56882],[127.06244,37.56872],[127.0625,37.56868],[127.06221,37.56838],[127.06191,37.56865],[127.06171,37.56871],[127.06148,37.56832],[127.06126,37.56832],[127.06129,37.56882],[127.06071,37.56879],[127.06071,37.57034],[127.06099,37.57062],[127.06096,37.57067],[127.06071,37.57062],[127.06056,37.57066],[127.06016,37.57092],[127.06074,37.57107],[127.0608,37.57144],[127.06101,37.57167],[127.06103,37.57186],[127.0609,37.57208],[127.06124,37.57221],[127.06128,37.57229],[127.06127,37.57253],[127.06138,37.57284],[127.06098,37.57284],[127.06093,37.57303],[127.06099,37.57334],[127.06141,37.5742],[127.06239,37.57419],[127.06239,37.57398],[127.06253,37.57392],[127.06284,37.57416],[127.06253,37.57282],[127.06455,37.57279],[127.06505,37.57315],[127.06503,37.57386],[127.06538,37.57396],[127.06564,37.57461],[127.06611,37.57449],[127.06604,37.57428],[127.06643,37.57418],[127.06657,37.57474],[127.06647,37.57485],[127.06655,37.57489],[127.06659,37.57485],[127.06663,37.57491],[127.06672,37.57526],[127.06657,37.57529],[127.06659,37.57547],[127.06675,37.57549],[127.06672,37.5753],[127.06696,37.57527],[127.06694,37.57549],[127.06714,37.5755],[127.06718,37.57559],[127.06706,37.57605],[127.06677,37.57597],[127.06617,37.57611],[127.06618,37.57621],[127.06602,37.57624],[127.06606,37.57642],[127.06655,37.57647],[127.06662,37.57658],[127.06701,37.57659],[127.06701,37.5765],[127.06768,37.57635],[127.0676,37.57611]]]}},{"type":"Feature","properties":{"name":"서울가산초등학교","kind":"zone","note":"학구도안내서비스 2026-03-20 기준 (교육청 공식)","shared":false},"geometry":{"type":"Polygon","coordinates":[[[126.89193,37.48104],[126.89347,37.48232],[126.89446,37.4834],[126.89536,37.48455],[126.8971,37.4838],[126.89837,37.48373],[126.8995,37.48329],[126.89959,37.48342],[126.89957,37.48371],[126.89977,37.48427],[126.8996,37.48504],[126.90031,37.48585],[126.90102,37.48591],[126.90143,37.48575],[126.90145,37.48559],[126.90251,37.4853],[126.9032,37.485],[126.89962,37.48057],[126.89925,37.48041],[126.89635,37.47869],[126.89729,37.4784],[126.89783,37.47812],[126.8984,37.47768],[126.89876,37.47723],[126.89861,37.4758],[126.89729,37.47593],[126.89667,37.47582],[126.89408,37.47453],[126.89373,37.47423],[126.89366,37.47358],[126.89229,37.47365],[126.89171,37.47423],[126.89117,37.47386],[126.89056,37.47452],[126.88927,37.47361],[126.88795,37.47278],[126.88727,37.47372],[126.8878,37.47405],[126.88722,37.47475],[126.88614,37.4742],[126.88322,37.48057],[126.88535,37.48118],[126.88663,37.48179],[126.88773,37.48044],[126.88878,37.47979],[126.88988,37.47939],[126.89193,37.48104]]]}},{"type":"Feature","properties":{"name":"서울치현초등학교","kind":"zone","note":"학구도안내서비스 2026-03-20 기준 (교육청 공식)","shared":false},"geometry":{"type":"Polygon","coordinates":[[[126.8091,37.57786],[126.81179,37.57718],[126.81244,37.57883],[126.81398,37.57845],[126.81455,37.57997],[126.81526,37.57997],[126.81555,37.57979],[126.81632,37.5796],[126.81679,37.57907],[126.81675,37.57336],[126.81257,37.57349],[126.81146,37.57342],[126.81168,37.57521],[126.80837,37.57536],[126.80811,37.5755],[126.80799,37.57567],[126.80803,37.57604],[126.80819,37.57623],[126.80897,37.57622],[126.8092,37.57626],[126.80884,37.57656],[126.80873,37.57689],[126.8091,37.57786]]]}},{"type":"Feature","properties":{"name":"서울수송초등학교","kind":"zone","note":"학구도안내서비스 2026-03-20 기준 (교육청 공식)","shared":false},"geometry":{"type":"Polygon","coordinates":[[[127.03386,37.64273],[127.03419,37.64253],[127.03369,37.64199],[127.03438,37.6416],[127.035,37.64207],[127.03522,37.64195],[127.03417,37.64087],[127.03451,37.64051],[127.0351,37.63921],[127.03733,37.63785],[127.03643,37.63686],[127.03685,37.63675],[127.03733,37.63648],[127.03782,37.63604],[127.03788,37.6354],[127.03813,37.63428],[127.03842,37.63388],[127.03804,37.63376],[127.0378,37.63397],[127.03574,37.63454],[127.03557,37.63434],[127.0354,37.63397],[127.0355,37.63374],[127.03525,37.63365],[127.03375,37.63432],[127.03275,37.63386],[127.03276,37.63322],[127.03339,37.633],[127.03282,37.6326],[127.03006,37.63146],[127.02983,37.63196],[127.02951,37.63211],[127.02958,37.63246],[127.02916,37.63276],[127.02892,37.63374],[127.02762,37.63346],[127.02699,37.63374],[127.0269,37.63387],[127.02664,37.63388],[127.02745,37.63497],[127.02327,37.63468],[127.02324,37.63543],[127.0234,37.63586],[127.0246,37.63703],[127.02443,37.63714],[127.02549,37.63806],[127.0239,37.63912],[127.02449,37.63967],[127.0243,37.63981],[127.02499,37.64045],[127.02464,37.64071],[127.02517,37.64116],[127.02737,37.63962],[127.03113,37.64312],[127.03198,37.64259],[127.03248,37.64311],[127.03278,37.64357],[127.03323,37.64336],[127.03317,37.64328],[127.03392,37.6428],[127.03386,37.64273]]]}},{"type":"Feature","properties":{"name":"서울용두초등학교","kind":"zone","note":"학구도안내서비스 2026-03-20 기준 (교육청 공식)","shared":false},"geometry":{"type":"Polygon","coordinates":[[[127.03955,37.57737],[127.03991,37.57746],[127.04021,37.57686],[127.04152,37.57724],[127.04165,37.57708],[127.04094,37.57652],[127.04025,37.57587],[127.04091,37.57567],[127.03993,37.57357],[127.04151,37.57312],[127.04183,37.57297],[127.03818,37.57302],[127.03813,37.57227],[127.03674,37.57224],[127.03564,37.572],[127.03418,37.57139],[127.03306,37.57051],[127.03257,37.57024],[127.03126,37.5698],[127.0303,37.56981],[127.02877,37.57014],[127.02425,37.57136],[127.0234,37.5717],[127.02322,37.5757],[127.03181,37.57811],[127.0389,37.57824],[127.04023,37.57864],[127.04049,37.57801],[127.03956,37.57772],[127.03955,37.57737]]]}},{"type":"Feature","properties":{"name":"서울숭례초등학교","kind":"zone","note":"학구도안내서비스 2026-03-20 기준 (교육청 공식)","shared":false},"geometry":{"type":"Polygon","coordinates":[[[127.03562,37.60161],[127.0354,37.60131],[127.03578,37.60086],[127.03654,37.60061],[127.03655,37.60019],[127.03682,37.60016],[127.03736,37.59988],[127.03676,37.59929],[127.03938,37.59774],[127.0392,37.59737],[127.03948,37.5972],[127.03959,37.59703],[127.0395,37.59681],[127.0392,37.59694],[127.03907,37.59709],[127.03898,37.59688],[127.03946,37.59631],[127.03977,37.5958],[127.03991,37.59547],[127.03994,37.59504],[127.04032,37.59485],[127.03868,37.59124],[127.03633,37.59119],[127.03637,37.59247],[127.03554,37.59251],[127.03385,37.59157],[127.03228,37.59112],[127.03169,37.59102],[127.03168,37.59141],[127.03036,37.59204],[127.03024,37.59223],[127.03018,37.59267],[127.02997,37.59282],[127.02979,37.5937],[127.03001,37.59429],[127.0295,37.59458],[127.02911,37.59439],[127.02869,37.59451],[127.02848,37.5944],[127.02797,37.59441],[127.02775,37.59449],[127.02752,37.59509],[127.0271,37.59545],[127.02675,37.59592],[127.02592,37.59676],[127.02633,37.59925],[127.02688,37.59975],[127.02871,37.60009],[127.02906,37.59988],[127.02954,37.60011],[127.03092,37.60012],[127.03178,37.60035],[127.03166,37.60082],[127.03177,37.60174],[127.03192,37.60187],[127.03226,37.60153],[127.03294,37.60187],[127.03256,37.60248],[127.03224,37.60339],[127.03327,37.60295],[127.03428,37.60273],[127.036,37.60252],[127.03562,37.60161]]]}},{"type":"Feature","properties":{"name":"서울논현초등학교","kind":"zone","note":"학구도안내서비스 2026-03-20 기준 (교육청 공식)","shared":false},"geometry":{"type":"Polygon","coordinates":[[[127.02971,37.51618],[127.03691,37.50082],[127.0276,37.49795],[127.02449,37.50447],[127.02034,37.50324],[127.01954,37.50305],[127.01878,37.50303],[127.01862,37.50304],[127.01807,37.50449],[127.01967,37.50489],[127.02047,37.50599],[127.02114,37.5062],[127.0197,37.50921],[127.01958,37.50959],[127.01975,37.50964],[127.01933,37.51049],[127.02133,37.5111],[127.02052,37.5128],[127.02024,37.5137],[127.02161,37.51396],[127.02121,37.51482],[127.02363,37.51557],[127.02441,37.51566],[127.02569,37.51664],[127.02675,37.51582],[127.02717,37.51613],[127.02943,37.51679],[127.02971,37.51618]]]}},{"type":"Feature","properties":{"name":"서울청운초등학교","kind":"zone","note":"학구도안내서비스 2026-03-20 기준 (교육청 공식)","shared":false},"geometry":{"type":"Polygon","coordinates":[[[126.97331,37.59323],[126.97359,37.59327],[126.97362,37.59322],[126.97368,37.59303],[126.97377,37.59297],[126.97364,37.59261],[126.97441,37.59191],[126.97468,37.59108],[126.97556,37.58968],[126.97609,37.58974],[126.97637,37.58969],[126.97672,37.58944],[126.97683,37.58895],[126.97704,37.58858],[126.97755,37.5885],[126.97831,37.58782],[126.97858,37.58778],[126.97866,37.58758],[126.9791,37.58732],[126.97918,37.58712],[126.97918,37.58654],[126.97955,37.58597],[126.97961,37.58549],[126.97959,37.58538],[126.97922,37.58507],[126.97907,37.58485],[126.97905,37.5847],[126.9792,37.5843],[126.97927,37.58353],[126.98008,37.58282],[126.98022,37.58251],[126.98026,37.58198],[126.98024,37.58098],[126.9797,37.57931],[126.97963,37.5789],[126.97949,37.57587],[126.97668,37.57573],[126.97425,37.57578],[126.97423,37.57647],[126.97405,37.57752],[126.97384,37.57935],[126.97137,37.5795],[126.97008,37.57947],[126.97005,37.5805],[126.96956,37.58048],[126.96959,37.58025],[126.96942,37.58003],[126.96915,37.58035],[126.96919,37.58059],[126.96814,37.58053],[126.96748,37.58063],[126.96736,37.58],[126.96747,37.57931],[126.96725,37.57925],[126.9671,37.57932],[126.9663,37.57935],[126.96633,37.57865],[126.96597,37.57868],[126.9654,37.57843],[126.96526,37.57825],[126.96483,37.57818],[126.96474,37.57829],[126.96456,37.57833],[126.96445,37.57842],[126.9642,37.57842],[126.96407,37.57849],[126.96393,37.57846],[126.96359,37.57872],[126.96321,37.57866],[126.96303,37.57851],[126.96256,37.57836],[126.96111,37.57872],[126.96104,37.57886],[126.96042,37.57926],[126.95975,37.58001],[126.95931,37.58028],[126.95871,37.5805],[126.95819,37.58053],[126.95806,37.58044],[126.95761,37.58035],[126.95728,37.58014],[126.95726,37.57984],[126.9572,37.57982],[126.95722,37.58035],[126.9573,37.58044],[126.95779,37.58059],[126.95803,37.58074],[126.95817,37.58098],[126.95816,37.58117],[126.95764,37.58205],[126.95755,37.5823],[126.95768,37.58262],[126.95759,37.58286],[126.95765,37.58317],[126.95798,37.58412],[126.95799,37.58443],[126.95778,37.58497],[126.95865,37.58578],[126.95919,37.5861],[126.95948,37.58601],[126.96034,37.5863],[126.96051,37.58626],[126.96077,37.58632],[126.96167,37.58665],[126.96199,37.58684],[126.96225,37.58691],[126.96239,37.58703],[126.96232,37.58719],[126.9624,37.58752],[126.96295,37.58783],[126.96317,37.58786],[126.96351,37.58826],[126.96357,37.58847],[126.9642,37.58906],[126.96424,37.58934],[126.96414,37.58958],[126.96411,37.58998],[126.96433,37.59032],[126.96456,37.59099],[126.96474,37.5912],[126.96516,37.59139],[126.96593,37.59146],[126.96632,37.59188],[126.96639,37.59236],[126.96729,37.59323],[126.96804,37.59359],[126.96824,37.59359],[126.96892,37.59336],[126.96961,37.5935],[126.97011,37.59351],[126.97048,37.59364],[126.97079,37.59388],[126.97098,37.59383],[126.97114,37.5937],[126.97155,37.59368],[126.97189,37.59388],[126.97261,37.59368],[126.97331,37.59323]]]}},{"type":"Feature","properties":{"name":"서울상경초등학교","kind":"zone","note":"학구도안내서비스 2026-03-20 기준 (교육청 공식)","shared":false},"geometry":{"type":"Polygon","coordinates":[[[127.0571,37.66731],[127.0557,37.66709],[127.05354,37.6673],[127.05082,37.66685],[127.05062,37.66709],[127.05014,37.66789],[127.04987,37.66904],[127.04977,37.67113],[127.05625,37.67049],[127.0571,37.66731]]]}},{"type":"Feature","properties":{"name":"서울상원초등학교","kind":"zone","note":"학구도안내서비스 2026-03-20 기준 (교육청 공식)","shared":false},"geometry":{"type":"Polygon","coordinates":[[[127.06133,37.67268],[127.06111,37.67189],[127.06136,37.67169],[127.06173,37.67238],[127.06199,37.67246],[127.0641,37.67095],[127.06465,37.67102],[127.0647,37.67057],[127.06544,37.67078],[127.06536,37.67024],[127.06486,37.66981],[127.06434,37.66919],[127.06438,37.66859],[127.06454,37.66835],[127.06444,37.66808],[127.06413,37.66814],[127.06341,37.6648],[127.06242,37.66513],[127.06178,37.66518],[127.05783,37.66454],[127.05625,37.67049],[127.0565,37.67051],[127.05781,37.67104],[127.05845,37.67151],[127.05848,37.67161],[127.05898,37.67193],[127.0594,37.67233],[127.05967,37.67245],[127.05972,37.67237],[127.06064,37.67274],[127.06113,37.6728],[127.06133,37.67268]]]}},{"type":"Feature","properties":{"name":"서울오류남초등학교","kind":"zone","note":"학구도안내서비스 2026-03-20 기준 (교육청 공식)","shared":false},"geometry":{"type":"Polygon","coordinates":[[[126.84819,37.4936],[126.84763,37.4933],[126.84764,37.4932],[126.84829,37.49253],[126.84828,37.49204],[126.84848,37.49176],[126.84805,37.49145],[126.84791,37.49124],[126.84766,37.49132],[126.84667,37.49203],[126.84645,37.49239],[126.84646,37.49265],[126.84628,37.49277],[126.84608,37.49275],[126.84584,37.49253],[126.8457,37.49253],[126.84562,37.4924],[126.8455,37.49239],[126.84548,37.49222],[126.84539,37.49223],[126.84538,37.49235],[126.84509,37.49232],[126.84508,37.49224],[126.8448,37.49222],[126.84451,37.49242],[126.84419,37.49228],[126.84408,37.49215],[126.84432,37.49208],[126.84444,37.49123],[126.84452,37.49103],[126.84419,37.49018],[126.84417,37.4898],[126.84372,37.48946],[126.84331,37.48924],[126.84039,37.48789],[126.83965,37.48789],[126.83955,37.48699],[126.83937,37.48679],[126.83877,37.48653],[126.83822,37.48615],[126.83801,37.48629],[126.83795,37.48679],[126.83785,37.48694],[126.83738,37.48688],[126.83719,37.4867],[126.83665,37.48571],[126.83542,37.48508],[126.83476,37.4852],[126.83464,37.48587],[126.8344,37.48618],[126.83379,37.48649],[126.83288,37.48652],[126.83202,37.48647],[126.83169,37.48661],[126.83221,37.48691],[126.83468,37.48798],[126.83602,37.48868],[126.83558,37.48888],[126.8362,37.48942],[126.83639,37.48966],[126.8374,37.49166],[126.83801,37.49237],[126.83772,37.49253],[126.83733,37.4926],[126.83674,37.49257],[126.83591,37.49237],[126.83556,37.49244],[126.83657,37.49272],[126.83736,37.49311],[126.83974,37.49309],[126.84172,37.49337],[126.844,37.49374],[126.84814,37.49474],[126.84848,37.49476],[126.84831,37.49387],[126.84819,37.4936]]]}},{"type":"Feature","properties":{"name":"서울송중초등학교","kind":"zone","note":"학구도안내서비스 2026-03-20 기준 (교육청 공식)","shared":false},"geometry":{"type":"Polygon","coordinates":[[[127.03155,37.62043],[127.03155,37.61981],[127.03222,37.62],[127.03214,37.62036],[127.03235,37.62034],[127.03261,37.61942],[127.03278,37.61947],[127.03263,37.62015],[127.03377,37.62036],[127.0345,37.61998],[127.03488,37.61956],[127.03519,37.61896],[127.03605,37.61857],[127.03614,37.61869],[127.0362,37.61859],[127.03636,37.61869],[127.03689,37.61861],[127.03714,37.61848],[127.03744,37.61855],[127.03759,37.61798],[127.03729,37.61793],[127.03718,37.61705],[127.03768,37.61655],[127.03793,37.61683],[127.03802,37.61704],[127.0386,37.61701],[127.03853,37.6167],[127.03864,37.61648],[127.03881,37.61637],[127.03883,37.61604],[127.03927,37.61584],[127.03936,37.61573],[127.03971,37.61568],[127.0399,37.61554],[127.03988,37.61543],[127.03899,37.61453],[127.03865,37.61434],[127.03732,37.61281],[127.03678,37.61243],[127.03507,37.61162],[127.03427,37.61318],[127.0339,37.61266],[127.03202,37.61261],[127.03165,37.61288],[127.03131,37.61255],[127.03052,37.61287],[127.03009,37.61283],[127.02988,37.61647],[127.02902,37.61652],[127.02845,37.61665],[127.02596,37.61792],[127.02526,37.61817],[127.02532,37.61838],[127.02448,37.61887],[127.02424,37.6191],[127.024,37.61918],[127.03155,37.62107],[127.03155,37.62043]]]}},{"type":"Feature","properties":{"name":"서울계상초등학교","kind":"zone","note":"학구도안내서비스 2026-03-20 기준 (교육청 공식)","shared":false},"geometry":{"type":"Polygon","coordinates":[[[127.07003,37.66785],[127.07027,37.66774],[127.0715,37.66791],[127.07238,37.66699],[127.07172,37.66632],[127.07556,37.66344],[127.07545,37.66287],[127.07372,37.66136],[127.07236,37.66],[127.07106,37.66115],[127.06957,37.65992],[127.06901,37.66036],[127.06919,37.66054],[127.06809,37.66147],[127.06797,37.6615],[127.06731,37.6609],[127.06663,37.66124],[127.06666,37.66143],[127.06571,37.66156],[127.06652,37.66647],[127.06663,37.66644],[127.06673,37.66629],[127.06688,37.66633],[127.06707,37.66609],[127.06691,37.66602],[127.06706,37.66562],[127.0679,37.66544],[127.06823,37.66693],[127.06905,37.66684],[127.06923,37.66724],[127.0693,37.66773],[127.06881,37.66871],[127.069,37.66946],[127.06998,37.66941],[127.07003,37.66785]]]}},{"type":"Feature","properties":{"name":"서울신답초등학교","kind":"zone","note":"학구도안내서비스 2026-03-20 기준 (교육청 공식)","shared":false},"geometry":{"type":"Polygon","coordinates":[[[127.04454,37.57752],[127.04502,37.57723],[127.04768,37.57598],[127.04916,37.57512],[127.04835,37.57415],[127.04983,37.57336],[127.04912,37.57254],[127.04985,37.57215],[127.04917,37.57135],[127.04978,37.57093],[127.04868,37.56984],[127.04795,37.57038],[127.04341,37.57234],[127.04151,37.57312],[127.03993,37.57357],[127.04091,37.57567],[127.04025,37.57587],[127.04094,37.57652],[127.04165,37.57708],[127.04152,37.57724],[127.04021,37.57686],[127.03991,37.57746],[127.03955,37.57737],[127.03956,37.57772],[127.04049,37.57801],[127.04023,37.57864],[127.04251,37.57934],[127.04331,37.57834],[127.04454,37.57752]]]}},{"type":"Feature","properties":{"name":"서울하늘초등학교","kind":"zone","note":"학구도안내서비스 2026-03-20 기준 (교육청 공식)","shared":false},"geometry":{"type":"Polygon","coordinates":[[[126.88466,37.58516],[126.8819,37.58318],[126.87726,37.58077],[126.87666,37.58126],[126.87667,37.58163],[126.87705,37.58221],[126.8771,37.58289],[126.87699,37.58339],[126.87725,37.58377],[126.87733,37.58405],[126.87729,37.58417],[126.87716,37.58424],[126.87662,37.58416],[126.87654,37.58444],[126.87719,37.58494],[126.87727,37.58557],[126.87754,37.58625],[126.87846,37.58637],[126.87887,37.58656],[126.87913,37.58677],[126.87944,37.58787],[126.88004,37.58907],[126.88035,37.58951],[126.88075,37.58983],[126.88199,37.59054],[126.88189,37.59064],[126.88206,37.59079],[126.88482,37.58805],[126.88648,37.58656],[126.88466,37.58516]]]}},{"type":"Feature","properties":{"name":"서울유현초등학교","kind":"zone","note":"학구도안내서비스 2026-03-20 기준 (교육청 공식)","shared":false},"geometry":{"type":"Polygon","coordinates":[[[127.01531,37.63499],[127.01624,37.63497],[127.01652,37.63489],[127.01708,37.635],[127.0174,37.63487],[127.01792,37.62942],[127.01753,37.62919],[127.01768,37.62888],[127.01761,37.62873],[127.01739,37.62857],[127.01625,37.62813],[127.01599,37.62785],[127.01588,37.62765],[127.01584,37.62733],[127.0159,37.62711],[127.01577,37.62701],[127.01515,37.62693],[127.01343,37.62693],[127.01299,37.62675],[127.01223,37.62659],[127.01224,37.62632],[127.01216,37.62624],[127.01201,37.62626],[127.01186,37.62604],[127.01139,37.62583],[127.01144,37.62559],[127.01111,37.62553],[127.01097,37.62561],[127.01053,37.62555],[127.01018,37.62546],[127.01019,37.62541],[127.00995,37.62522],[127.00886,37.62503],[127.00849,37.62475],[127.00842,37.62458],[127.00787,37.62401],[127.00733,37.62413],[127.00571,37.62398],[127.00557,37.62385],[127.00518,37.624],[127.00488,37.62382],[127.00456,37.62408],[127.00441,37.62406],[127.00389,37.62423],[127.00352,37.62493],[127.00298,37.62527],[127.00213,37.62543],[127.00176,37.62564],[127.0007,37.6257],[127.0002,37.62581],[126.99985,37.62604],[126.99927,37.62619],[126.99849,37.62708],[126.99789,37.62754],[126.99756,37.62806],[126.99678,37.62866],[126.9965,37.62909],[126.99605,37.62934],[126.99763,37.62978],[126.99879,37.63025],[126.99962,37.63072],[127.00039,37.6308],[127.00088,37.63108],[127.00095,37.63132],[127.00164,37.63148],[127.00215,37.63207],[127.0026,37.6323],[127.00306,37.63242],[127.00314,37.63258],[127.00342,37.6328],[127.00356,37.63276],[127.00428,37.63297],[127.00504,37.63309],[127.00521,37.63303],[127.00577,37.63308],[127.00609,37.63328],[127.00645,37.63334],[127.00674,37.63376],[127.00728,37.63372],[127.008,37.63387],[127.00816,37.63382],[127.00827,37.63394],[127.00889,37.63378],[127.00946,37.63385],[127.00946,37.63357],[127.0093,37.63352],[127.00934,37.63313],[127.00982,37.63315],[127.01109,37.63347],[127.01347,37.63383],[127.01335,37.63449],[127.01446,37.63458],[127.01442,37.63494],[127.01481,37.63493],[127.01479,37.63505],[127.01531,37.63499]]]}},{"type":"Feature","properties":{"name":"서울버들초등학교","kind":"zone","note":"학구도안내서비스 2026-03-20 기준 (교육청 공식)","shared":false},"geometry":{"type":"Polygon","coordinates":[[[127.08556,37.51161],[127.08606,37.51159],[127.08608,37.51177],[127.08667,37.51173],[127.08666,37.51156],[127.08899,37.51154],[127.09256,37.51189],[127.09308,37.51028],[127.09078,37.50753],[127.08902,37.5078],[127.08865,37.50789],[127.08754,37.50839],[127.08701,37.50876],[127.0865,37.50926],[127.0861,37.50985],[127.08591,37.51028],[127.08556,37.51161]]]}},{"type":"Feature","properties":{"name":"서울신영초등학교","kind":"zone","note":"학구도안내서비스 2026-03-20 기준 (교육청 공식)","shared":false},"geometry":{"type":"Polygon","coordinates":[[[126.89902,37.49515],[126.89685,37.49376],[126.89691,37.49353],[126.89717,37.49321],[126.8958,37.49237],[126.89508,37.49432],[126.89483,37.49429],[126.89432,37.49644],[126.89432,37.49667],[126.89407,37.49782],[126.89412,37.49785],[126.89362,37.49959],[126.89328,37.50003],[126.89293,37.50036],[126.89276,37.50083],[126.89278,37.50112],[126.89293,37.50157],[126.89273,37.50207],[126.89313,37.50268],[126.89269,37.50331],[126.8933,37.50395],[126.89311,37.50446],[126.89317,37.5046],[126.89378,37.50473],[126.89393,37.50482],[126.89397,37.50501],[126.89368,37.5058],[126.89388,37.50689],[126.89376,37.50782],[126.8935,37.50841],[126.8931,37.50892],[126.89293,37.50924],[126.89371,37.50852],[126.89482,37.50796],[126.89548,37.50746],[126.90045,37.50296],[126.89792,37.5001],[126.89771,37.49993],[126.89963,37.49548],[126.89902,37.49515]]]}},{"type":"Feature","properties":{"name":"서울월계초등학교","kind":"zone","note":"학구도안내서비스 2026-03-20 기준 (교육청 공식)","shared":false},"geometry":{"type":"Polygon","coordinates":[[[127.05236,37.62351],[127.0533,37.62255],[127.05245,37.62216],[127.05047,37.62425],[127.04895,37.62626],[127.04779,37.62758],[127.0468,37.62822],[127.04653,37.62812],[127.04503,37.62892],[127.04428,37.62966],[127.04522,37.63053],[127.04548,37.6303],[127.04564,37.63036],[127.04576,37.63027],[127.04576,37.6301],[127.04584,37.63011],[127.04603,37.62999],[127.04624,37.63002],[127.04636,37.62997],[127.04639,37.62983],[127.04657,37.63006],[127.04725,37.63021],[127.04718,37.63037],[127.04776,37.63042],[127.04808,37.63144],[127.04797,37.63165],[127.04799,37.6318],[127.04788,37.63195],[127.0481,37.63195],[127.04811,37.6319],[127.04828,37.63188],[127.04829,37.63183],[127.04909,37.63201],[127.04913,37.63219],[127.04944,37.63208],[127.04948,37.6311],[127.04976,37.63115],[127.04978,37.63127],[127.05004,37.63142],[127.05105,37.63141],[127.05114,37.63111],[127.05168,37.63111],[127.05168,37.63087],[127.05195,37.63096],[127.05221,37.63127],[127.05255,37.6314],[127.0529,37.63094],[127.0526,37.63068],[127.05244,37.63003],[127.05236,37.63003],[127.05233,37.62984],[127.05237,37.62983],[127.05223,37.62937],[127.05205,37.62925],[127.05214,37.62865],[127.05252,37.62827],[127.05267,37.62833],[127.05297,37.62806],[127.05255,37.62786],[127.0528,37.62762],[127.05318,37.62786],[127.05403,37.62705],[127.0552,37.62779],[127.05562,37.62644],[127.05577,37.62527],[127.05558,37.62512],[127.05541,37.62522],[127.05456,37.62505],[127.05418,37.62491],[127.0537,37.62506],[127.05344,37.62491],[127.05321,37.62432],[127.05312,37.62426],[127.05283,37.62368],[127.05236,37.62351]]]}},{"type":"Feature","properties":{"name":"서울방학초등학교","kind":"zone","note":"학구도안내서비스 2026-03-20 기준 (교육청 공식)","shared":false},"geometry":{"type":"Polygon","coordinates":[[[127.04316,37.66704],[127.04227,37.66183],[127.04143,37.66174],[127.03775,37.66175],[127.0374,37.66165],[127.03704,37.66114],[127.03625,37.66097],[127.03546,37.6605],[127.03508,37.66038],[127.03491,37.66045],[127.03374,37.66018],[127.03363,37.66027],[127.03336,37.66029],[127.03313,37.66068],[127.03258,37.66134],[127.03052,37.66284],[127.03064,37.66296],[127.03063,37.66312],[127.03046,37.66343],[127.03059,37.66367],[127.03095,37.66402],[127.03086,37.66408],[127.03087,37.66419],[127.03346,37.66594],[127.03403,37.66542],[127.03484,37.66601],[127.03428,37.66652],[127.03538,37.66728],[127.03663,37.66613],[127.03786,37.66698],[127.03838,37.66649],[127.03921,37.66706],[127.04004,37.6673],[127.04086,37.6673],[127.04316,37.66704]]]}},{"type":"Feature","properties":{"name":"서울북성초등학교","kind":"zone","note":"학구도안내서비스 2026-03-20 기준 (교육청 공식)","shared":false},"geometry":{"type":"Polygon","coordinates":[[[126.95743,37.56628],[126.95781,37.56633],[126.9582,37.56627],[126.95852,37.56614],[126.95868,37.56596],[126.95872,37.56591],[126.95857,37.56586],[126.95835,37.56565],[126.95811,37.56528],[126.9591,37.56441],[126.95908,37.56433],[126.9587,37.56403],[126.95869,37.56389],[126.95901,37.56331],[126.95908,37.56278],[126.95902,37.56229],[126.95935,37.56202],[126.95958,37.56171],[126.95914,37.56177],[126.95867,37.56165],[126.9583,37.56164],[126.95871,37.56062],[126.9587,37.5605],[126.95845,37.56018],[126.95758,37.55987],[126.95806,37.55926],[126.95901,37.55883],[126.95857,37.55871],[126.95821,37.55849],[126.95808,37.5581],[126.95714,37.55785],[126.95689,37.55787],[126.95686,37.55749],[126.95709,37.55749],[126.95711,37.55726],[126.95498,37.55721],[126.95495,37.55734],[126.95097,37.5571],[126.9509,37.55792],[126.95064,37.55825],[126.94998,37.55797],[126.94978,37.55778],[126.94933,37.55779],[126.94918,37.55785],[126.94933,37.55809],[126.94937,37.55827],[126.94912,37.55901],[126.94946,37.55967],[126.94984,37.5598],[126.94981,37.56024],[126.94953,37.56034],[126.94949,37.5605],[126.94959,37.56059],[126.94984,37.56065],[126.94993,37.56083],[126.94955,37.56349],[126.94932,37.56637],[126.95192,37.56825],[126.95174,37.5704],[126.9522,37.57025],[126.9531,37.5697],[126.95366,37.56956],[126.95409,37.56915],[126.95465,37.56896],[126.95481,37.56883],[126.95517,37.56828],[126.95585,37.5681],[126.95591,37.56797],[126.95552,37.56761],[126.95544,37.56746],[126.95546,37.5673],[126.95675,37.56667],[126.95722,37.56653],[126.95743,37.56628]]]}},{"type":"Feature","properties":{"name":"서울숭신초등학교","kind":"zone","note":"학구도안내서비스 2026-03-20 기준 (교육청 공식)","shared":false},"geometry":{"type":"Polygon","coordinates":[[[127.03021,37.56847],[127.03011,37.56677],[127.0235,37.56787],[127.0234,37.5717],[127.02425,37.57136],[127.02768,37.57041],[127.03029,37.56981],[127.03021,37.56847]]]}},{"type":"Feature","properties":{"name":"서울광희초등학교","kind":"zone","note":"학구도안내서비스 2026-03-20 기준 (교육청 공식)","shared":false},"geometry":{"type":"Polygon","coordinates":[[[127.0231,37.57197],[127.02339,37.57191],[127.02353,37.56681],[127.02312,37.56681],[127.02313,37.56697],[127.02298,37.56702],[127.0223,37.567],[127.02221,37.56679],[127.02199,37.56661],[127.02178,37.56677],[127.02109,37.56642],[127.0211,37.56619],[127.01966,37.56621],[127.01968,37.56565],[127.01874,37.56562],[127.01235,37.56491],[127.01151,37.56487],[127.00964,37.56559],[127.01053,37.566],[127.01157,37.56625],[127.01119,37.56673],[127.01092,37.56732],[127.01097,37.56745],[127.01094,37.56778],[127.01079,37.56782],[127.0107,37.56793],[127.0106,37.56825],[127.01035,37.56829],[127.00998,37.56938],[127.00968,37.56976],[127.0153,37.5697],[127.01611,37.5698],[127.01736,37.57008],[127.01905,37.57103],[127.02075,37.57172],[127.02153,37.57193],[127.0222,37.57202],[127.0231,37.57197]]]}},{"type":"Feature","properties":{"name":"서울묵현초등학교","kind":"zone","note":"학구도안내서비스 2026-03-20 기준 (교육청 공식)","shared":false},"geometry":{"type":"Polygon","coordinates":[[[127.07578,37.61724],[127.0771,37.61312],[127.07797,37.61329],[127.07811,37.61435],[127.0783,37.61475],[127.07857,37.61511],[127.07862,37.61495],[127.07912,37.61448],[127.0826,37.61445],[127.08266,37.61416],[127.08246,37.61379],[127.08246,37.61354],[127.08356,37.61314],[127.08396,37.61273],[127.08385,37.61216],[127.08341,37.61154],[127.08278,37.61154],[127.08196,37.61143],[127.08158,37.61122],[127.08147,37.61128],[127.08137,37.61217],[127.07929,37.61206],[127.07783,37.61208],[127.07781,37.61098],[127.0777,37.61085],[127.07788,37.60996],[127.07451,37.60954],[127.07483,37.60784],[127.07321,37.60763],[127.07291,37.60767],[127.07259,37.60751],[127.0723,37.60744],[127.07212,37.60749],[127.07213,37.60743],[127.07156,37.60748],[127.07155,37.60756],[127.07106,37.60759],[127.07126,37.60992],[127.0713,37.60991],[127.07136,37.61024],[127.07166,37.61241],[127.07173,37.61351],[127.07145,37.61418],[127.07106,37.61475],[127.07014,37.61535],[127.07019,37.61545],[127.07112,37.61595],[127.07109,37.61621],[127.07139,37.6164],[127.07195,37.61654],[127.07198,37.61648],[127.07416,37.61683],[127.07441,37.61703],[127.07457,37.617],[127.07578,37.61724]]]}},{"type":"Feature","properties":{"name":"서울원묵초등학교 · 서울묵현초등학교","kind":"zone","note":"학구도안내서비스 2026-03-20 기준 (교육청 공식)","shared":true},"geometry":{"type":"Polygon","coordinates":[[[127.07797,37.61329],[127.0771,37.61312],[127.07632,37.61554],[127.0775,37.61596],[127.07757,37.61587],[127.07813,37.61558],[127.07847,37.61528],[127.07857,37.61511],[127.0783,37.61475],[127.07811,37.61435],[127.07797,37.61329]]]}},{"type":"Feature","properties":{"name":"서울신현초등학교","kind":"zone","note":"학구도안내서비스 2026-03-20 기준 (교육청 공식)","shared":false},"geometry":{"type":"Polygon","coordinates":[[[127.09767,37.6108],[127.09865,37.60925],[127.09999,37.60824],[127.09741,37.60779],[127.09678,37.60755],[127.09736,37.6066],[127.09705,37.60635],[127.09631,37.60601],[127.0957,37.6065],[127.09564,37.60706],[127.09497,37.60679],[127.09386,37.60646],[127.09435,37.6054],[127.09005,37.60266],[127.08843,37.60253],[127.08777,37.60317],[127.08757,37.60386],[127.08734,37.6055],[127.0874,37.60765],[127.08718,37.60832],[127.08731,37.60871],[127.08765,37.60869],[127.08808,37.60878],[127.08987,37.60928],[127.09093,37.61],[127.09145,37.61009],[127.09146,37.60998],[127.09205,37.61],[127.0922,37.6103],[127.0932,37.61037],[127.09344,37.61016],[127.09438,37.61054],[127.09421,37.60969],[127.09454,37.60996],[127.09465,37.6105],[127.09611,37.61034],[127.09647,37.61222],[127.09724,37.61115],[127.09775,37.61107],[127.09767,37.6108]]]}},{"type":"Feature","properties":{"name":"서울신상도초등학교","kind":"zone","note":"학구도안내서비스 2026-03-20 기준 (교육청 공식)","shared":false},"geometry":{"type":"Polygon","coordinates":[[[126.94673,37.50179],[126.94688,37.50167],[126.94717,37.50174],[126.94749,37.5016],[126.94784,37.50094],[126.94771,37.50081],[126.94798,37.50062],[126.94804,37.50025],[126.94818,37.50032],[126.94812,37.50019],[126.94845,37.49977],[126.94785,37.49956],[126.94789,37.49921],[126.94808,37.49888],[126.94825,37.49873],[126.94827,37.49841],[126.9481,37.49841],[126.94806,37.49816],[126.94789,37.49776],[126.94792,37.4975],[126.94812,37.49698],[126.94752,37.49602],[126.94731,37.49581],[126.94729,37.49505],[126.94711,37.49475],[126.94695,37.49405],[126.94679,37.4939],[126.9461,37.4935],[126.94587,37.49353],[126.94549,37.49335],[126.94454,37.49314],[126.94446,37.49308],[126.94444,37.4925],[126.94396,37.4925],[126.94337,37.49226],[126.94284,37.49216],[126.94262,37.49215],[126.94229,37.49224],[126.94158,37.49219],[126.94152,37.49226],[126.94107,37.49241],[126.94096,37.49275],[126.94083,37.49289],[126.94056,37.49285],[126.94038,37.49296],[126.93989,37.49286],[126.93976,37.49293],[126.93969,37.49301],[126.93973,37.49331],[126.93997,37.49421],[126.93977,37.49451],[126.94034,37.49589],[126.94042,37.4962],[126.94039,37.49637],[126.94072,37.49616],[126.94121,37.49673],[126.94078,37.49689],[126.94087,37.49725],[126.9408,37.4974],[126.94034,37.49754],[126.94,37.49781],[126.93968,37.49852],[126.93972,37.49857],[126.93949,37.49876],[126.93984,37.49898],[126.9412,37.50023],[126.94095,37.5002],[126.94035,37.5003],[126.93981,37.50047],[126.93938,37.50049],[126.93852,37.50105],[126.93862,37.50114],[126.93857,37.50117],[126.93868,37.50143],[126.93907,37.50175],[126.93924,37.50214],[126.93961,37.50259],[126.93969,37.50258],[126.93982,37.5027],[126.93894,37.50291],[126.9388,37.50301],[126.93864,37.50294],[126.93854,37.50279],[126.93812,37.50289],[126.93798,37.50295],[126.93787,37.50311],[126.93751,37.5034],[126.93757,37.5035],[126.93726,37.50372],[126.93886,37.5046],[126.93901,37.50439],[126.93908,37.50441],[126.93898,37.50458],[126.93973,37.50493],[126.93965,37.50502],[126.93977,37.50512],[126.94091,37.50511],[126.94223,37.50524],[126.94476,37.50523],[126.94632,37.50477],[126.94709,37.50391],[126.94699,37.50386],[126.94715,37.50368],[126.94624,37.50319],[126.94602,37.5033],[126.94564,37.50302],[126.94632,37.50241],[126.94637,37.50214],[126.94655,37.50191],[126.94664,37.50195],[126.94673,37.50179]]]}},{"type":"Feature","properties":{"name":"서울중화초등학교","kind":"zone","note":"학구도안내서비스 2026-03-20 기준 (교육청 공식)","shared":false},"geometry":{"type":"Polygon","coordinates":[[[127.09809,37.60602],[127.09814,37.60598],[127.09801,37.6058],[127.09769,37.60495],[127.09709,37.60294],[127.09677,37.60232],[127.09691,37.60225],[127.09705,37.60177],[127.09735,37.60116],[127.09674,37.60091],[127.09712,37.59981],[127.0986,37.60014],[127.09882,37.59954],[127.0968,37.59908],[127.09658,37.5997],[127.09548,37.59947],[127.09529,37.59875],[127.08809,37.59706],[127.08714,37.60296],[127.08777,37.60317],[127.08843,37.60253],[127.09005,37.60266],[127.09435,37.6054],[127.09386,37.60646],[127.09497,37.60679],[127.09564,37.60706],[127.0957,37.6065],[127.09631,37.60601],[127.09725,37.60648],[127.09736,37.60667],[127.09678,37.60755],[127.09741,37.60779],[127.09793,37.60788],[127.09806,37.60765],[127.09791,37.60724],[127.09788,37.60694],[127.09809,37.60602]]]}},{"type":"Feature","properties":{"name":"서울창림초등학교","kind":"zone","note":"학구도안내서비스 2026-03-20 기준 (교육청 공식)","shared":false},"geometry":{"type":"Polygon","coordinates":[[[127.03984,37.6467],[127.0408,37.64487],[127.041,37.64486],[127.04121,37.64502],[127.04162,37.645],[127.04164,37.64516],[127.04216,37.64513],[127.04218,37.64467],[127.04184,37.64434],[127.04192,37.64422],[127.04203,37.64422],[127.04216,37.6441],[127.04281,37.64411],[127.04332,37.64377],[127.04283,37.64351],[127.04223,37.64306],[127.03944,37.64009],[127.03741,37.6413],[127.03682,37.64145],[127.03642,37.64163],[127.03572,37.64168],[127.035,37.64207],[127.03438,37.6416],[127.03369,37.64199],[127.03419,37.64253],[127.03386,37.64273],[127.03392,37.6428],[127.03317,37.64328],[127.03323,37.64336],[127.03278,37.64357],[127.03248,37.64311],[127.03198,37.64259],[127.03113,37.64312],[127.03158,37.64355],[127.03205,37.64422],[127.03341,37.64654],[127.03443,37.64615],[127.0348,37.64609],[127.03746,37.64628],[127.03984,37.6467]]]}},{"type":"Feature","properties":{"name":"서울신화초등학교","kind":"zone","note":"학구도안내서비스 2026-03-20 기준 (교육청 공식)","shared":false},"geometry":{"type":"Polygon","coordinates":[[[127.03863,37.63707],[127.03876,37.63706],[127.03903,37.63738],[127.03989,37.63622],[127.04127,37.63398],[127.04352,37.63484],[127.04567,37.63555],[127.04756,37.6323],[127.04522,37.63053],[127.04428,37.62966],[127.04375,37.62942],[127.04252,37.63041],[127.04209,37.63068],[127.04171,37.63081],[127.0408,37.63155],[127.03976,37.6322],[127.03814,37.63426],[127.03788,37.6354],[127.03782,37.63604],[127.03733,37.63648],[127.03685,37.63675],[127.03643,37.63686],[127.03734,37.63786],[127.03863,37.63707]]]}},{"type":"Feature","properties":{"name":"서울한천초등학교","kind":"zone","note":"학구도안내서비스 2026-03-20 기준 (교육청 공식)","shared":false},"geometry":{"type":"Polygon","coordinates":[[[127.06553,37.61577],[127.06486,37.61719],[127.06679,37.61774],[127.06683,37.61784],[127.0663,37.61905],[127.06672,37.62081],[127.06669,37.62093],[127.06643,37.62148],[127.06618,37.62142],[127.06341,37.62358],[127.06265,37.62433],[127.06956,37.62436],[127.0707,37.62163],[127.07096,37.62074],[127.07082,37.62018],[127.07032,37.61913],[127.07029,37.6161],[127.0701,37.61614],[127.07005,37.61609],[127.07016,37.6154],[127.06966,37.61573],[127.06601,37.61501],[127.0657,37.61568],[127.06559,37.61563],[127.06553,37.61577]]]}},{"type":"Feature","properties":{"name":"서울고명초등학교","kind":"zone","note":"학구도안내서비스 2026-03-20 기준 (교육청 공식)","shared":false},"geometry":{"type":"Polygon","coordinates":[[[127.14441,37.55473],[127.1502,37.5547],[127.14935,37.54915],[127.14862,37.54926],[127.14834,37.54783],[127.14712,37.54779],[127.14731,37.5492],[127.1464,37.54951],[127.14378,37.54977],[127.14397,37.55092],[127.14384,37.55092],[127.1439,37.55161],[127.14403,37.5516],[127.14441,37.55473]]]}},{"type":"Feature","properties":{"name":"서울금화초등학교","kind":"zone","note":"학구도안내서비스 2026-03-20 기준 (교육청 공식)","shared":false},"geometry":{"type":"Polygon","coordinates":[[[126.95538,37.57278],[126.95633,37.57274],[126.95705,37.57262],[126.95758,37.57286],[126.95793,37.57279],[126.9584,37.57256],[126.95855,37.57203],[126.95872,37.57181],[126.9591,37.57155],[126.96026,37.5722],[126.96409,37.56853],[126.96333,37.56809],[126.96311,37.56789],[126.96233,37.56812],[126.96221,37.56803],[126.96171,37.56802],[126.96068,37.56742],[126.96058,37.56721],[126.95945,37.56709],[126.95946,37.56641],[126.95921,37.56626],[126.95894,37.56597],[126.95872,37.56591],[126.95852,37.56614],[126.95795,37.56633],[126.95743,37.56628],[126.95722,37.56653],[126.95675,37.56667],[126.95546,37.5673],[126.95544,37.56746],[126.95552,37.56761],[126.95591,37.56797],[126.95585,37.5681],[126.95517,37.56828],[126.95481,37.56883],[126.95465,37.56896],[126.95409,37.56915],[126.95366,37.56956],[126.9531,37.5697],[126.9522,37.57025],[126.95463,37.57103],[126.95438,37.5722],[126.95424,37.57225],[126.95405,37.57258],[126.95396,37.5726],[126.95361,37.57246],[126.95353,37.57251],[126.95395,37.57317],[126.95438,37.57326],[126.95469,37.57297],[126.95538,37.57278]]]}},{"type":"Feature","properties":{"name":"서울상신초등학교","kind":"zone","note":"학구도안내서비스 2026-03-20 기준 (교육청 공식)","shared":false},"geometry":{"type":"Polygon","coordinates":[[[126.90353,37.60292],[126.90405,37.60303],[126.90425,37.60319],[126.90463,37.60309],[126.90549,37.60279],[126.90596,37.60228],[126.90646,37.60214],[126.90646,37.602],[126.90674,37.60177],[126.90714,37.60168],[126.90716,37.60184],[126.90732,37.60182],[126.90731,37.60163],[126.90787,37.60153],[126.90853,37.60204],[126.91032,37.602],[126.91013,37.59814],[126.91016,37.5979],[126.90861,37.5952],[126.9081,37.59517],[126.90616,37.5947],[126.90624,37.59446],[126.90622,37.59415],[126.9058,37.59414],[126.90579,37.59388],[126.9059,37.59361],[126.90579,37.59357],[126.90531,37.59374],[126.90213,37.59374],[126.90147,37.59295],[126.89988,37.59358],[126.90035,37.59421],[126.90183,37.59514],[126.90178,37.59556],[126.90163,37.596],[126.90121,37.5963],[126.9012,37.59675],[126.90108,37.59694],[126.90101,37.59734],[126.90125,37.59791],[126.90117,37.59821],[126.90126,37.59849],[126.90132,37.59937],[126.90102,37.59987],[126.90101,37.60018],[126.90029,37.60123],[126.89998,37.60204],[126.9002,37.60257],[126.90015,37.60312],[126.90077,37.60337],[126.90131,37.6034],[126.90211,37.60374],[126.90257,37.60372],[126.90345,37.60353],[126.90361,37.60344],[126.90338,37.60311],[126.90338,37.60301],[126.90353,37.60292]]]}},{"type":"Feature","properties":{"name":"서울이태원초등학교","kind":"zone","note":"학구도안내서비스 2026-03-20 기준 (교육청 공식)","shared":false},"geometry":{"type":"Polygon","coordinates":[[[126.99538,37.54207],[126.99671,37.54125],[126.99764,37.54093],[126.99534,37.53911],[126.99535,37.53873],[126.99528,37.53845],[126.99502,37.53811],[126.99519,37.5376],[126.99602,37.53687],[126.99617,37.53657],[126.99615,37.53625],[126.99628,37.53618],[126.99668,37.53573],[126.99682,37.53521],[126.99701,37.53523],[126.9971,37.53471],[126.99393,37.53449],[126.99396,37.53441],[126.99354,37.53438],[126.99352,37.53447],[126.98835,37.53411],[126.98782,37.53425],[126.98732,37.53455],[126.9868,37.53471],[126.98688,37.53548],[126.98671,37.5379],[126.98678,37.53829],[126.98649,37.53957],[126.98661,37.54008],[126.98727,37.54062],[126.98756,37.54057],[126.98746,37.54027],[126.98813,37.54019],[126.98819,37.53978],[126.98816,37.53946],[126.98911,37.53941],[126.98921,37.53971],[126.98946,37.53969],[126.9896,37.54058],[126.99001,37.54212],[126.9904,37.54204],[126.99054,37.54208],[126.99069,37.54202],[126.99073,37.54193],[126.991,37.54188],[126.99112,37.54158],[126.99141,37.54152],[126.99133,37.54143],[126.99137,37.54136],[126.99178,37.54148],[126.99177,37.54193],[126.99229,37.54185],[126.99239,37.54265],[126.99339,37.54265],[126.99401,37.54239],[126.99538,37.54207]]]}},{"type":"Feature","properties":{"name":"서울신대림초등학교","kind":"zone","note":"학구도안내서비스 2026-03-20 기준 (교육청 공식)","shared":false},"geometry":{"type":"Polygon","coordinates":[[[126.90823,37.49738],[126.90852,37.49549],[126.90892,37.49423],[126.90938,37.49251],[126.90841,37.49134],[126.90752,37.49001],[126.9071,37.4895],[126.90682,37.4892],[126.90664,37.48921],[126.90637,37.48888],[126.9036,37.49046],[126.90191,37.49237],[126.90272,37.49312],[126.9024,37.49325],[126.90244,37.49335],[126.90286,37.49335],[126.90291,37.49358],[126.90281,37.4937],[126.903,37.49375],[126.90323,37.49411],[126.90335,37.49418],[126.90366,37.49413],[126.90383,37.49425],[126.90383,37.49431],[126.90409,37.49441],[126.90363,37.495],[126.90392,37.4952],[126.90427,37.49514],[126.90473,37.49541],[126.90492,37.49543],[126.90491,37.4955],[126.90458,37.49565],[126.907,37.49721],[126.90755,37.49714],[126.90823,37.49738]]]}},{"type":"Feature","properties":{"name":"서울은명초등학교","kind":"zone","note":"학구도안내서비스 2026-03-20 기준 (교육청 공식)","shared":false},"geometry":{"type":"Polygon","coordinates":[[[126.92309,37.59404],[126.92229,37.59443],[126.92196,37.59414],[126.92102,37.5946],[126.92095,37.59459],[126.92091,37.59432],[126.92059,37.59352],[126.91804,37.59387],[126.91496,37.59438],[126.91602,37.59831],[126.91633,37.59921],[126.91568,37.59907],[126.91571,37.5992],[126.91697,37.59975],[126.91938,37.60046],[126.92003,37.60091],[126.92059,37.60173],[126.92241,37.60158],[126.92229,37.60032],[126.92183,37.59981],[126.92254,37.59941],[126.92269,37.5996],[126.92304,37.59942],[126.9228,37.59915],[126.92358,37.59878],[126.92398,37.59919],[126.92446,37.59929],[126.92534,37.59867],[126.92553,37.59879],[126.92574,37.59873],[126.92523,37.5982],[126.92585,37.59798],[126.92621,37.59793],[126.92668,37.59824],[126.9271,37.59814],[126.92725,37.59804],[126.92718,37.59777],[126.92689,37.59766],[126.92696,37.59752],[126.92713,37.59746],[126.92733,37.59707],[126.92738,37.59683],[126.92757,37.59654],[126.929,37.5964],[126.93058,37.59665],[126.93279,37.59631],[126.93221,37.5958],[126.9316,37.59541],[126.93131,37.59502],[126.93025,37.59455],[126.93036,37.59433],[126.92733,37.59469],[126.92719,37.59537],[126.92576,37.59575],[126.92537,37.59599],[126.92471,37.59607],[126.92473,37.59615],[126.92426,37.59644],[126.92382,37.5966],[126.9229,37.59506],[126.92285,37.59483],[126.92309,37.59404]]]}},{"type":"Feature","properties":{"name":"서울온곡초등학교","kind":"zone","note":"학구도안내서비스 2026-03-20 기준 (교육청 공식)","shared":false},"geometry":{"type":"Polygon","coordinates":[[[127.06514,37.66793],[127.0693,37.66773],[127.06923,37.66724],[127.06905,37.66684],[127.06823,37.66693],[127.0679,37.66544],[127.06706,37.66562],[127.06691,37.66602],[127.06707,37.66609],[127.06688,37.66633],[127.06673,37.66629],[127.06663,37.66644],[127.06652,37.66647],[127.06589,37.66248],[127.06566,37.66131],[127.06292,37.66132],[127.06351,37.66478],[127.06341,37.6648],[127.06413,37.66814],[127.06514,37.66793]]]}},{"type":"Feature","properties":{"name":"서울인왕초등학교","kind":"zone","note":"학구도안내서비스 2026-03-20 기준 (교육청 공식)","shared":false},"geometry":{"type":"Polygon","coordinates":[[[126.94924,37.59642],[126.9493,37.59653],[126.94966,37.59679],[126.94997,37.59685],[126.95033,37.59674],[126.95069,37.59604],[126.95097,37.59576],[126.95074,37.59532],[126.95122,37.5947],[126.95152,37.59454],[126.95207,37.59331],[126.95271,37.59344],[126.95324,37.59236],[126.95781,37.59238],[126.95782,37.59146],[126.95748,37.59008],[126.95746,37.58952],[126.95733,37.58872],[126.95746,37.58795],[126.95737,37.58708],[126.95741,37.58662],[126.95259,37.58653],[126.95229,37.58659],[126.95105,37.58641],[126.95078,37.58629],[126.94968,37.58613],[126.94917,37.58577],[126.94878,37.58538],[126.94821,37.58501],[126.94546,37.58771],[126.94485,37.58821],[126.94479,37.58814],[126.94354,37.58912],[126.94362,37.5892],[126.94238,37.59028],[126.94162,37.59123],[126.94146,37.5916],[126.94356,37.59218],[126.94412,37.592],[126.94484,37.59225],[126.94538,37.5926],[126.94619,37.59338],[126.9468,37.59412],[126.94705,37.59462],[126.94716,37.59513],[126.94709,37.59539],[126.94646,37.59672],[126.94655,37.59733],[126.94662,37.59747],[126.94756,37.59699],[126.94924,37.59642]]]}},{"type":"Feature","properties":{"name":"서울신원초등학교","kind":"zone","note":"학구도안내서비스 2026-03-20 기준 (교육청 공식)","shared":false},"geometry":{"type":"Polygon","coordinates":[[[126.83147,37.53502],[126.83165,37.53492],[126.83728,37.52595],[126.82604,37.52411],[126.82648,37.52476],[126.82651,37.52493],[126.82675,37.52513],[126.82731,37.52528],[126.82796,37.52569],[126.82815,37.52583],[126.82815,37.52612],[126.82826,37.5263],[126.82884,37.52652],[126.82843,37.5267],[126.82794,37.528],[126.82787,37.52836],[126.82821,37.52903],[126.82707,37.52971],[126.82625,37.52983],[126.82556,37.52985],[126.82531,37.52996],[126.82474,37.5306],[126.82458,37.53122],[126.82424,37.53158],[126.82443,37.53172],[126.8251,37.53196],[126.82492,37.53262],[126.82631,37.53289],[126.82798,37.53499],[126.82869,37.5353],[126.82832,37.53585],[126.82918,37.53598],[126.82966,37.53534],[126.83147,37.53502]]]}},{"type":"Feature","properties":{"name":"서울군자초등학교","kind":"zone","note":"학구도안내서비스 2026-03-20 기준 (교육청 공식)","shared":false},"geometry":{"type":"Polygon","coordinates":[[[127.06871,37.56904],[127.06833,37.56843],[127.06905,37.56814],[127.06624,37.56393],[127.07053,37.56144],[127.07113,37.56124],[127.07059,37.56031],[127.06811,37.55796],[127.06429,37.56023],[127.05916,37.56097],[127.05849,37.56113],[127.05725,37.56159],[127.05746,37.56202],[127.05575,37.56253],[127.05639,37.56409],[127.05659,37.56394],[127.05697,37.56471],[127.05701,37.56503],[127.0571,37.56497],[127.05844,37.56601],[127.05935,37.56655],[127.0589,37.56684],[127.05895,37.56689],[127.05958,37.56693],[127.06178,37.56726],[127.06175,37.56745],[127.06156,37.56758],[127.06107,37.56745],[127.06085,37.56756],[127.06091,37.56763],[127.06079,37.56761],[127.06074,37.56833],[127.06085,37.56836],[127.06084,37.56844],[127.06074,37.56847],[127.06071,37.56879],[127.06129,37.56882],[127.06126,37.56832],[127.06148,37.56832],[127.06171,37.56871],[127.06191,37.56865],[127.06221,37.56838],[127.0625,37.56868],[127.06244,37.56872],[127.06254,37.56882],[127.0626,37.56879],[127.06264,37.56891],[127.06251,37.56898],[127.06257,37.56906],[127.06252,37.56909],[127.06264,37.56924],[127.06252,37.56934],[127.06276,37.56918],[127.06327,37.56974],[127.06403,37.56931],[127.06515,37.57085],[127.06617,37.57048],[127.06871,37.56904]]]}},{"type":"Feature","properties":{"name":"서울수락초등학교","kind":"zone","note":"학구도안내서비스 2026-03-20 기준 (교육청 공식)","shared":false},"geometry":{"type":"Polygon","coordinates":[[[127.08384,37.69427],[127.08391,37.69178],[127.08524,37.69037],[127.08288,37.68921],[127.0824,37.68877],[127.08154,37.6884],[127.07943,37.68825],[127.07866,37.68766],[127.07846,37.6873],[127.07735,37.68593],[127.07648,37.68577],[127.07635,37.68556],[127.0756,37.68526],[127.0759,37.68391],[127.07532,37.68208],[127.07451,37.68027],[127.07408,37.67964],[127.0739,37.67926],[127.07396,37.67895],[127.07337,37.67826],[127.07345,37.67768],[127.07385,37.67732],[127.071,37.67443],[127.06966,37.67428],[127.06833,37.67396],[127.06777,37.67414],[127.0672,37.67397],[127.06605,37.67547],[127.06457,37.67695],[127.06411,37.67667],[127.06358,37.67574],[127.06299,37.67533],[127.0622,37.67561],[127.06143,37.67621],[127.06075,37.67647],[127.05943,37.67743],[127.05902,37.67759],[127.05867,37.67794],[127.05829,37.67813],[127.05621,37.67858],[127.05625,37.67955],[127.05542,37.67954],[127.05542,37.67894],[127.05531,37.67809],[127.0553,37.67605],[127.05503,37.67633],[127.05464,37.67727],[127.05387,37.6781],[127.05357,37.67826],[127.05323,37.6783],[127.0522,37.67812],[127.05217,37.67841],[127.05167,37.6784],[127.05176,37.67882],[127.05037,37.67907],[127.05092,37.68009],[127.05123,37.682],[127.0518,37.6826],[127.05194,37.68295],[127.05207,37.68452],[127.0518,37.68581],[127.0518,37.68707],[127.05223,37.68742],[127.05281,37.68768],[127.05469,37.68872],[127.05518,37.6892],[127.05618,37.6892],[127.05719,37.68963],[127.05839,37.68969],[127.05966,37.69033],[127.06062,37.69127],[127.06121,37.69217],[127.06167,37.69241],[127.06174,37.69257],[127.06221,37.69281],[127.06237,37.69302],[127.06239,37.69355],[127.06273,37.69468],[127.06339,37.69492],[127.06458,37.69455],[127.06533,37.69476],[127.06631,37.69444],[127.06783,37.69477],[127.06803,37.69448],[127.0683,37.69436],[127.06855,37.694],[127.06903,37.69387],[127.06915,37.69369],[127.06956,37.69379],[127.06982,37.69398],[127.07064,37.69381],[127.07088,37.6937],[127.07266,37.6938],[127.0734,37.6941],[127.07393,37.69464],[127.07491,37.69522],[127.0782,37.69599],[127.0811,37.69614],[127.08384,37.69427]]]}},{"type":"Feature","properties":{"name":"서울전동초등학교","kind":"zone","note":"학구도안내서비스 2026-03-20 기준 (교육청 공식)","shared":false},"geometry":{"type":"Polygon","coordinates":[[[127.06407,37.58257],[127.06401,37.58169],[127.06433,37.58165],[127.06414,37.58003],[127.06438,37.57869],[127.06457,37.57826],[127.06423,37.57749],[127.06415,37.57741],[127.06367,37.57763],[127.06304,37.57684],[127.06288,37.57635],[127.06274,37.57623],[127.06203,37.57606],[127.06245,37.5756],[127.06233,37.57536],[127.06215,37.57541],[127.06212,37.57516],[127.06159,37.57516],[127.06138,37.57406],[127.06099,37.57334],[127.06093,37.57303],[127.06098,37.57284],[127.05742,37.57289],[127.05781,37.57749],[127.05799,37.57754],[127.05818,37.57844],[127.05835,37.57869],[127.05832,37.57934],[127.05876,37.57952],[127.05865,37.5798],[127.05872,37.58004],[127.05861,37.58029],[127.05882,37.58065],[127.05901,37.58079],[127.05908,37.58109],[127.05913,37.58108],[127.05917,37.58121],[127.05909,37.58139],[127.05908,37.58166],[127.06013,37.58178],[127.06019,37.58168],[127.06034,37.58172],[127.06045,37.5818],[127.06042,37.58219],[127.06112,37.58218],[127.06196,37.58251],[127.06407,37.58257]]]}},{"type":"Feature","properties":{"name":"서울용동초등학교","kind":"zone","note":"학구도안내서비스 2026-03-20 기준 (교육청 공식)","shared":false},"geometry":{"type":"Polygon","coordinates":[[[127.07527,37.64085],[127.07313,37.64024],[127.07286,37.64077],[127.07066,37.64026],[127.07055,37.63981],[127.0705,37.63909],[127.07105,37.63763],[127.06821,37.63596],[127.06556,37.6419],[127.06791,37.64263],[127.06716,37.64425],[127.07421,37.6463],[127.07508,37.64453],[127.07646,37.64445],[127.07634,37.64173],[127.07493,37.64145],[127.075,37.64122],[127.07515,37.64117],[127.07527,37.64085]]]}},{"type":"Feature","properties":{"name":"서울구현초등학교","kind":"zone","note":"학구도안내서비스 2026-03-20 기준 (교육청 공식)","shared":false},"geometry":{"type":"Polygon","coordinates":[[[126.91689,37.6103],[126.91558,37.60858],[126.91542,37.60814],[126.91527,37.60744],[126.91539,37.60586],[126.91049,37.6055],[126.91056,37.606],[126.90974,37.60607],[126.90976,37.60544],[126.90848,37.60524],[126.90835,37.60514],[126.90734,37.60491],[126.90663,37.60508],[126.90618,37.60506],[126.90521,37.60469],[126.90444,37.60478],[126.90383,37.60505],[126.90309,37.60551],[126.90266,37.60565],[126.90171,37.60574],[126.90174,37.60577],[126.90141,37.60619],[126.90078,37.60844],[126.9006,37.60932],[126.9007,37.61032],[126.9003,37.61119],[126.90096,37.61235],[126.90091,37.61272],[126.90173,37.61407],[126.9018,37.61447],[126.90294,37.61406],[126.9036,37.61397],[126.90412,37.61418],[126.90469,37.61401],[126.90459,37.6139],[126.90472,37.61357],[126.9047,37.61336],[126.90482,37.61258],[126.90525,37.61212],[126.90536,37.61213],[126.90533,37.61164],[126.9055,37.61143],[126.90596,37.61124],[126.90585,37.61107],[126.90588,37.61082],[126.90636,37.61024],[126.90656,37.60969],[126.90709,37.60909],[126.90794,37.60911],[126.90793,37.60924],[126.90806,37.60941],[126.90817,37.61005],[126.90988,37.60988],[126.90982,37.60922],[126.91096,37.60912],[126.91108,37.61001],[126.91217,37.60992],[126.91199,37.61023],[126.91201,37.61042],[126.91252,37.61038],[126.91288,37.611],[126.91426,37.61049],[126.91462,37.61114],[126.91689,37.6103]]]}},{"type":"Feature","properties":{"name":"서울천호초등학교","kind":"zone","note":"학구도안내서비스 2026-03-20 기준 (교육청 공식)","shared":false},"geometry":{"type":"Polygon","coordinates":[[[127.13759,37.55038],[127.13763,37.55011],[127.1384,37.55038],[127.1414,37.55081],[127.14284,37.55067],[127.14396,37.55081],[127.14318,37.54636],[127.14314,37.54623],[127.143,37.54626],[127.14266,37.54526],[127.14279,37.54523],[127.14166,37.54227],[127.13806,37.54314],[127.13819,37.54342],[127.13648,37.54304],[127.13591,37.54306],[127.13536,37.54281],[127.13489,37.54324],[127.13524,37.54366],[127.13519,37.54409],[127.13535,37.54439],[127.13516,37.54608],[127.13522,37.5462],[127.13512,37.54626],[127.13543,37.54651],[127.13557,37.54675],[127.13319,37.5477],[127.13331,37.54791],[127.13291,37.54908],[127.13294,37.54993],[127.13302,37.55029],[127.13348,37.55033],[127.1336,37.55118],[127.13328,37.55163],[127.13364,37.55183],[127.13681,37.55201],[127.13705,37.55142],[127.13748,37.55092],[127.13773,37.55074],[127.13759,37.55038]]]}},{"type":"Feature","properties":{"name":"서울언북초등학교","kind":"zone","note":"학구도안내서비스 2026-03-20 기준 (교육청 공식)","shared":false},"geometry":{"type":"Polygon","coordinates":[[[127.04795,37.52307],[127.04819,37.52261],[127.04847,37.52292],[127.04876,37.52265],[127.0491,37.52245],[127.04924,37.5225],[127.04943,37.52213],[127.04964,37.52219],[127.04978,37.52191],[127.04962,37.52186],[127.04975,37.5216],[127.05035,37.52181],[127.05098,37.5207],[127.05045,37.52022],[127.05112,37.51898],[127.05022,37.51882],[127.05157,37.51629],[127.04405,37.51407],[127.04258,37.51369],[127.0405,37.5193],[127.03785,37.51868],[127.03531,37.51819],[127.03384,37.52152],[127.03906,37.52318],[127.04734,37.52421],[127.04795,37.52307]]]}},{"type":"Feature","properties":{"name":"서울신남성초등학교","kind":"zone","note":"학구도안내서비스 2026-03-20 기준 (교육청 공식)","shared":false},"geometry":{"type":"Polygon","coordinates":[[[126.96241,37.49357],[126.96285,37.49275],[126.96425,37.49149],[126.96474,37.49044],[126.96628,37.49037],[126.96681,37.49028],[126.96858,37.48977],[126.96877,37.48957],[126.96932,37.48891],[126.96939,37.4886],[126.96906,37.48835],[126.96966,37.48774],[126.96955,37.48725],[126.96965,37.48708],[126.97071,37.48596],[126.97,37.48514],[126.97116,37.48468],[126.97121,37.48475],[126.97229,37.4843],[126.97224,37.48422],[126.97269,37.48385],[126.97329,37.48355],[126.97368,37.4834],[126.97427,37.48329],[126.97373,37.48301],[126.97307,37.4824],[126.97275,37.48254],[126.972,37.48308],[126.9719,37.48309],[126.97184,37.48289],[126.97172,37.48283],[126.97175,37.48276],[126.97116,37.48276],[126.9711,37.48269],[126.96916,37.48387],[126.96762,37.485],[126.96733,37.48459],[126.96714,37.48401],[126.96547,37.48522],[126.96435,37.48402],[126.96363,37.48297],[126.96264,37.48209],[126.96205,37.48245],[126.96183,37.48294],[126.96107,37.48358],[126.96107,37.48372],[126.96163,37.48423],[126.96213,37.48516],[126.96176,37.48829],[126.96161,37.4889],[126.96139,37.48913],[126.96101,37.49],[126.96087,37.49018],[126.96078,37.49082],[126.9614,37.49148],[126.96134,37.49246],[126.96138,37.49287],[126.96161,37.49304],[126.96177,37.49355],[126.96195,37.49353],[126.96214,37.49408],[126.96241,37.49357]]]}},{"type":"Feature","properties":{"name":"서울원신초등학교","kind":"zone","note":"학구도안내서비스 2026-03-20 기준 (교육청 공식)","shared":false},"geometry":{"type":"Polygon","coordinates":[[[126.92937,37.4749],[126.92934,37.47458],[126.93009,37.47276],[126.93052,37.47246],[126.93074,37.47208],[126.9311,37.47186],[126.93146,37.47149],[126.93234,37.47157],[126.93264,37.47177],[126.93283,37.47207],[126.93349,37.47217],[126.93366,37.47194],[126.93405,37.47168],[126.93152,37.46706],[126.93139,37.46627],[126.93013,37.46627],[126.93018,37.4656],[126.93007,37.46527],[126.92988,37.4653],[126.92974,37.46507],[126.9296,37.46499],[126.92965,37.46465],[126.92961,37.46435],[126.92934,37.46443],[126.92847,37.46449],[126.92836,37.46423],[126.92876,37.46303],[126.92853,37.46283],[126.92766,37.46282],[126.92721,37.46314],[126.9259,37.46366],[126.92569,37.46393],[126.92572,37.46409],[126.92583,37.46418],[126.92645,37.46452],[126.9267,37.46476],[126.92698,37.46587],[126.9241,37.466],[126.92417,37.46627],[126.92478,37.46674],[126.92405,37.46682],[126.92369,37.4669],[126.9235,37.46702],[126.92284,37.46706],[126.92264,37.4672],[126.92321,37.46822],[126.92336,37.46866],[126.92347,37.46866],[126.92409,37.46933],[126.9243,37.46936],[126.92424,37.46951],[126.92401,37.46966],[126.92426,37.47029],[126.9244,37.47025],[126.92455,37.47067],[126.92569,37.47078],[126.92572,37.47121],[126.92597,37.47139],[126.92607,37.47152],[126.92603,37.47155],[126.92639,37.47187],[126.92688,37.47282],[126.9266,37.47337],[126.92658,37.47408],[126.92671,37.47431],[126.92733,37.4746],[126.92761,37.4748],[126.92803,37.4748],[126.92839,37.47489],[126.92937,37.4749]]]}},{"type":"Feature","properties":{"name":"서울금동초등학교","kind":"zone","note":"학구도안내서비스 2026-03-20 기준 (교육청 공식)","shared":false},"geometry":{"type":"Polygon","coordinates":[[[126.92184,37.45008],[126.92196,37.44993],[126.92202,37.44967],[126.92199,37.44946],[126.92176,37.44918],[126.918,37.44581],[126.917,37.44659],[126.91617,37.44706],[126.91556,37.44719],[126.91596,37.44791],[126.91494,37.44856],[126.91548,37.4493],[126.91553,37.4495],[126.91457,37.45007],[126.91553,37.45027],[126.91627,37.45],[126.91766,37.4498],[126.91933,37.45],[126.92184,37.45008]]]}},{"type":"Feature","properties":{"name":"서울효제초등학교","kind":"zone","note":"학구도안내서비스 2026-03-20 기준 (교육청 공식)","shared":false},"geometry":{"type":"Polygon","coordinates":[[[126.99649,37.57613],[126.99735,37.57586],[126.99745,37.5743],[126.99637,37.57408],[126.99656,37.57343],[126.9966,37.57337],[126.99836,37.57341],[126.99804,37.57385],[126.99793,37.57431],[126.99849,37.5744],[126.99866,37.57449],[126.9986,37.57461],[126.99897,37.57472],[126.99889,37.57488],[126.99915,37.57502],[126.99905,37.57536],[126.99927,37.57544],[126.99922,37.57553],[126.99931,37.57559],[126.99935,37.57587],[126.99735,37.57586],[126.99721,37.57697],[126.99684,37.57818],[126.99663,37.57926],[126.99646,37.58061],[126.99649,37.58107],[126.99667,37.58137],[126.9975,37.58199],[126.9978,37.5818],[126.99789,37.58123],[126.99907,37.58126],[126.9997,37.58121],[126.99982,37.58112],[127.0007,37.58132],[127.0007,37.58138],[127.001,37.58141],[127.00102,37.58175],[127.002,37.58177],[127.00221,37.57958],[127.00443,37.57994],[127.00441,37.58048],[127.00435,37.58056],[127.00411,37.58175],[127.00421,37.58263],[127.00386,37.58273],[127.00384,37.58285],[127.00402,37.583],[127.0045,37.5831],[127.00461,37.58303],[127.00494,37.58303],[127.00496,37.58291],[127.00546,37.583],[127.00574,37.58293],[127.00727,37.58328],[127.00716,37.5829],[127.00675,37.58234],[127.00691,37.58222],[127.00702,37.58201],[127.00732,37.58187],[127.00748,37.58165],[127.0078,37.58151],[127.00801,37.58123],[127.00833,37.58106],[127.00864,37.58047],[127.0089,37.58042],[127.0088,37.57989],[127.00818,37.57917],[127.00809,37.57856],[127.00845,37.57805],[127.00839,37.57761],[127.00868,37.57724],[127.00874,37.57706],[127.00857,37.57588],[127.00866,37.57555],[127.00903,37.57482],[127.00907,37.57461],[127.0089,37.57427],[127.00887,37.57402],[127.00903,37.57363],[127.00895,37.57338],[127.00891,37.57276],[127.00907,37.57263],[127.00928,37.57257],[127.00956,37.57228],[127.00971,37.57193],[127.00975,37.5715],[127.0091,37.57139],[127.00922,37.57066],[127.00942,37.56999],[127.00968,37.56976],[127.00596,37.56961],[127.00226,37.56962],[127.00172,37.56956],[126.99796,37.56884],[126.99503,37.56855],[126.99478,37.57056],[126.99379,37.57051],[126.99376,37.5721],[126.99333,37.57257],[126.99242,37.57399],[126.99187,37.57466],[126.99157,37.57521],[126.99138,37.57574],[126.99139,37.576],[126.99183,37.57701],[126.99184,37.5776],[126.99269,37.57767],[126.99309,37.57759],[126.99649,37.57613]]]}},{"type":"Feature","properties":{"name":"서울이수초등학교","kind":"zone","note":"학구도안내서비스 2026-03-20 기준 (교육청 공식)","shared":false},"geometry":{"type":"Polygon","coordinates":[[[126.98534,37.48478],[126.98624,37.48335],[126.98802,37.48408],[126.98874,37.48295],[126.98814,37.48271],[126.98923,37.481],[126.98931,37.48101],[126.99025,37.47953],[126.99079,37.47983],[126.99107,37.47979],[126.99182,37.48001],[126.992,37.47965],[126.99,37.47896],[126.98714,37.47752],[126.9868,37.47731],[126.98658,37.47708],[126.98636,37.47674],[126.98602,37.47582],[126.98672,37.47562],[126.98671,37.47512],[126.98568,37.4746],[126.98598,37.47421],[126.98635,37.47393],[126.98638,37.47381],[126.98655,37.47366],[126.98652,37.47318],[126.98698,37.47231],[126.98745,37.47185],[126.98781,37.4713],[126.98829,37.47093],[126.98909,37.4706],[126.98961,37.47048],[126.98988,37.47026],[126.99014,37.46981],[126.99052,37.46967],[126.99123,37.46985],[126.99158,37.46966],[126.99186,37.46962],[126.99242,37.46985],[126.99291,37.46949],[126.993,37.46927],[126.99332,37.4689],[126.99464,37.46876],[126.99479,37.46845],[126.99501,37.46823],[126.99543,37.46745],[126.99552,37.46705],[126.99573,37.46697],[126.99608,37.46661],[126.99623,37.46661],[126.99652,37.46592],[126.99645,37.46569],[126.99664,37.46543],[126.99662,37.46478],[126.99719,37.46418],[126.99737,37.46369],[126.99698,37.46316],[126.99677,37.46187],[126.99429,37.46142],[126.99335,37.4615],[126.99289,37.46095],[126.99265,37.46034],[126.99203,37.46055],[126.9917,37.46052],[126.99133,37.46014],[126.98999,37.45946],[126.9895,37.45852],[126.98865,37.45814],[126.98846,37.45854],[126.98786,37.45929],[126.98767,37.4597],[126.98755,37.46015],[126.98752,37.46067],[126.98826,37.46349],[126.98834,37.464],[126.98822,37.46423],[126.98816,37.46493],[126.98793,37.46594],[126.98773,37.46642],[126.98725,37.46723],[126.9871,37.46723],[126.98727,37.46762],[126.98663,37.46823],[126.98532,37.46925],[126.98492,37.46963],[126.98403,37.47054],[126.98319,37.47161],[126.98216,37.47372],[126.98172,37.47568],[126.9817,37.47636],[126.98252,37.47632],[126.98252,37.47653],[126.98168,37.47719],[126.98207,37.48443],[126.98291,37.4845],[126.98329,37.48491],[126.98534,37.48478]]]}},{"type":"Feature","properties":{"name":"서울방배초등학교","kind":"zone","note":"학구도안내서비스 2026-03-20 기준 (교육청 공식)","shared":false},"geometry":{"type":"Polygon","coordinates":[[[126.99153,37.49108],[126.99363,37.48769],[126.98961,37.48645],[126.99364,37.48017],[126.992,37.47965],[126.99182,37.48001],[126.99107,37.47979],[126.99079,37.47983],[126.99025,37.47953],[126.98931,37.48101],[126.98923,37.481],[126.98814,37.48271],[126.98874,37.48295],[126.98802,37.48408],[126.98624,37.48335],[126.98534,37.48478],[126.98329,37.48491],[126.98291,37.4845],[126.98207,37.48443],[126.98219,37.4867],[126.98197,37.48671],[126.9821,37.48839],[126.98231,37.48839],[126.98263,37.49008],[126.98266,37.49089],[126.9855,37.49088],[126.99045,37.49283],[126.99153,37.49108]]]}},{"type":"Feature","properties":{"name":"서울응봉초등학교","kind":"zone","note":"학구도안내서비스 2026-03-20 기준 (교육청 공식)","shared":false},"geometry":{"type":"Polygon","coordinates":[[[127.03598,37.55467],[127.03628,37.55412],[127.03649,37.55395],[127.03683,37.55378],[127.0379,37.55346],[127.03852,37.55348],[127.03921,37.55368],[127.03924,37.55374],[127.04024,37.55347],[127.04012,37.55331],[127.04022,37.55322],[127.04197,37.55377],[127.04236,37.55369],[127.04372,37.55366],[127.04384,37.55283],[127.04192,37.55253],[127.04101,37.55231],[127.03873,37.5514],[127.03723,37.5504],[127.03419,37.5477],[127.03256,37.54634],[127.03153,37.54625],[127.03099,37.54715],[127.03005,37.5478],[127.02973,37.54789],[127.02956,37.54819],[127.02965,37.54835],[127.02961,37.54868],[127.02908,37.54922],[127.02871,37.54944],[127.0288,37.54976],[127.02917,37.55025],[127.02937,37.55139],[127.02945,37.55152],[127.02916,37.55215],[127.02896,37.55241],[127.02892,37.55264],[127.02878,37.55274],[127.02942,37.55304],[127.02956,37.55339],[127.02941,37.55377],[127.02952,37.55389],[127.02989,37.55381],[127.03035,37.55348],[127.03046,37.55333],[127.03094,37.55316],[127.03133,37.55294],[127.03188,37.55295],[127.03217,37.55316],[127.03272,37.55389],[127.03312,37.55424],[127.03363,37.55433],[127.03383,37.55445],[127.03409,37.55439],[127.03433,37.55464],[127.03459,37.55466],[127.03461,37.55456],[127.03485,37.55468],[127.03554,37.55478],[127.0359,37.55475],[127.03598,37.55467]]]}},{"type":"Feature","properties":{"name":"서울독립문초등학교","kind":"zone","note":"학구도안내서비스 2026-03-20 기준 (교육청 공식)","shared":false},"geometry":{"type":"Polygon","coordinates":[[[126.96111,37.57872],[126.96122,37.57842],[126.96223,37.57769],[126.96229,37.57776],[126.96286,37.57753],[126.96308,37.57702],[126.96293,37.57658],[126.96297,37.57639],[126.9631,37.57625],[126.96313,37.5759],[126.96338,37.57551],[126.96351,37.57399],[126.9641,37.5735],[126.96446,37.57306],[126.96515,37.57287],[126.96534,37.57269],[126.96541,37.57253],[126.96527,37.57242],[126.96509,37.57248],[126.965,37.57226],[126.96486,37.57218],[126.96496,37.57199],[126.96503,37.57153],[126.96568,37.57045],[126.96594,37.57022],[126.96602,37.57001],[126.9648,37.5693],[126.96442,37.56885],[126.96403,37.5686],[126.95834,37.5741],[126.95637,37.57569],[126.95563,37.57659],[126.95545,37.57654],[126.95356,37.57875],[126.95398,37.57896],[126.95511,37.5793],[126.95568,37.57968],[126.9572,37.57982],[126.95726,37.57984],[126.95728,37.58014],[126.95761,37.58035],[126.95806,37.58044],[126.95819,37.58053],[126.95852,37.58053],[126.95931,37.58028],[126.95975,37.58001],[126.96042,37.57926],[126.96104,37.57886],[126.96111,37.57872]]]}},{"type":"Feature","properties":{"name":"서울봉래초등학교","kind":"zone","note":"학구도안내서비스 2026-03-20 기준 (교육청 공식)","shared":false},"geometry":{"type":"Polygon","coordinates":[[[126.9668,37.55968],[126.96732,37.55968],[126.96818,37.55984],[126.96851,37.5595],[126.96877,37.55943],[126.96936,37.55944],[126.96929,37.55811],[126.96899,37.55599],[126.9691,37.55272],[126.96989,37.54965],[126.96956,37.54961],[126.96928,37.54994],[126.96915,37.55058],[126.96953,37.5507],[126.96949,37.55091],[126.96908,37.55087],[126.9689,37.55128],[126.96864,37.55145],[126.96762,37.55152],[126.96726,37.55176],[126.9662,37.55201],[126.96629,37.55238],[126.96636,37.55233],[126.96639,37.55241],[126.96658,37.55242],[126.96669,37.55271],[126.9662,37.55281],[126.96579,37.55263],[126.96496,37.55212],[126.96452,37.55198],[126.96452,37.55189],[126.96434,37.55187],[126.96424,37.5517],[126.96414,37.55124],[126.96312,37.5517],[126.96297,37.55192],[126.96237,37.55148],[126.96234,37.55155],[126.9624,37.55165],[126.96229,37.55188],[126.96234,37.5522],[126.96231,37.55278],[126.96219,37.55334],[126.96164,37.55336],[126.96187,37.55414],[126.96197,37.55415],[126.96193,37.55445],[126.96177,37.5548],[126.96178,37.55498],[126.96198,37.55513],[126.96207,37.55534],[126.9624,37.55572],[126.96241,37.55588],[126.96281,37.55603],[126.96316,37.55653],[126.96336,37.55669],[126.96343,37.55695],[126.96322,37.55732],[126.96395,37.55717],[126.96416,37.5576],[126.96415,37.55775],[126.96403,37.55797],[126.96425,37.55822],[126.96421,37.55884],[126.96407,37.55885],[126.96396,37.55945],[126.96564,37.56041],[126.96629,37.55979],[126.9668,37.55968]]]}},{"type":"Feature","properties":{"name":"서울봉래초등학교","kind":"zone","note":"학구도안내서비스 2026-03-20 기준 (교육청 공식)","shared":false},"geometry":{"type":"Polygon","coordinates":[[[126.964,37.55078],[126.9639,37.55048],[126.96374,37.55052],[126.96379,37.5508],[126.96363,37.55103],[126.96374,37.55107],[126.96414,37.551],[126.96413,37.55084],[126.964,37.55078]]]}},{"type":"Feature","properties":{"name":"서울공덕초등학교","kind":"zone","note":"학구도안내서비스 2026-03-20 기준 (교육청 공식)","shared":false},"geometry":{"type":"Polygon","coordinates":[[[126.94927,37.5471],[126.94906,37.54746],[126.94925,37.5497],[126.94947,37.55018],[126.94948,37.55028],[126.94941,37.5503],[126.94952,37.55056],[126.95021,37.55118],[126.95046,37.55155],[126.95076,37.55153],[126.95081,37.55161],[126.95089,37.55155],[126.95099,37.55163],[126.95092,37.55169],[126.95114,37.55188],[126.95137,37.55186],[126.95155,37.55182],[126.9516,37.55159],[126.95107,37.55097],[126.9512,37.55075],[126.95282,37.54971],[126.95262,37.54953],[126.95156,37.54946],[126.95143,37.5492],[126.95185,37.54889],[126.95275,37.54855],[126.95299,37.54829],[126.95294,37.54803],[126.95373,37.54768],[126.95441,37.54885],[126.95469,37.54882],[126.95479,37.54825],[126.95556,37.54846],[126.95574,37.54856],[126.95705,37.54826],[126.95648,37.54757],[126.95712,37.54719],[126.95744,37.54719],[126.95768,37.54702],[126.95822,37.5475],[126.95848,37.54737],[126.95852,37.54678],[126.95895,37.54678],[126.95895,37.54659],[126.95918,37.54655],[126.95916,37.54581],[126.95849,37.54547],[126.95816,37.54557],[126.95812,37.54546],[126.9579,37.5455],[126.95779,37.54523],[126.95792,37.54519],[126.95785,37.54506],[126.95803,37.54501],[126.95762,37.5439],[126.95771,37.5438],[126.9575,37.54365],[126.95757,37.54359],[126.95749,37.54351],[126.95756,37.54347],[126.9574,37.54339],[126.95746,37.54334],[126.9573,37.54322],[126.9571,37.54333],[126.95693,37.5432],[126.9566,37.5434],[126.95647,37.54325],[126.95639,37.54268],[126.95703,37.54232],[126.95711,37.54237],[126.95726,37.54236],[126.95779,37.54213],[126.95779,37.54204],[126.95749,37.54199],[126.95732,37.54206],[126.95702,37.54174],[126.95676,37.54129],[126.95689,37.54122],[126.95685,37.54114],[126.95672,37.54086],[126.95652,37.54071],[126.95664,37.54059],[126.95648,37.54039],[126.95506,37.54124],[126.9536,37.54192],[126.9535,37.54182],[126.95078,37.54309],[126.95083,37.54316],[126.95055,37.54329],[126.95103,37.54393],[126.94965,37.54452],[126.95028,37.54552],[126.95014,37.54556],[126.94927,37.5471]]]}},{"type":"Feature","properties":{"name":"서울홍연초등학교","kind":"zone","note":"학구도안내서비스 2026-03-20 기준 (교육청 공식)","shared":false},"geometry":{"type":"Polygon","coordinates":[[[126.92769,37.58933],[126.92874,37.58931],[126.92961,37.58872],[126.93066,37.58825],[126.93452,37.58775],[126.93441,37.58737],[126.93511,37.58712],[126.93493,37.58678],[126.93484,37.5861],[126.93501,37.58539],[126.93525,37.58485],[126.93587,37.5838],[126.93625,37.58391],[126.93764,37.58172],[126.93854,37.58192],[126.93878,37.58209],[126.93926,37.58214],[126.9394,37.58222],[126.93937,37.5823],[126.94062,37.58215],[126.94041,37.58121],[126.93993,37.58045],[126.93956,37.57906],[126.93925,37.5776],[126.93899,37.57712],[126.93711,37.57606],[126.93627,37.57605],[126.93531,37.57552],[126.93531,37.5754],[126.93508,37.57542],[126.93503,37.57548],[126.93496,37.57536],[126.93419,37.57532],[126.93356,37.57537],[126.93346,37.57531],[126.93317,37.57541],[126.93319,37.5753],[126.93249,37.57529],[126.93183,37.57516],[126.93155,37.57529],[126.93122,37.57529],[126.93023,37.57519],[126.93006,37.57511],[126.93064,37.57595],[126.9304,37.57631],[126.93116,37.57671],[126.93049,37.57761],[126.92639,37.57545],[126.92603,37.57587],[126.92526,37.57655],[126.9245,37.57709],[126.92542,37.57759],[126.92361,37.57931],[126.92507,37.58032],[126.92491,37.58124],[126.92553,37.58292],[126.92421,37.58425],[126.92429,37.58529],[126.92521,37.5854],[126.92579,37.58557],[126.92598,37.58569],[126.92596,37.58575],[126.9263,37.5859],[126.92705,37.58593],[126.92666,37.58601],[126.92639,37.58614],[126.92627,37.58688],[126.92577,37.58707],[126.92574,37.58714],[126.92641,37.58733],[126.92774,37.58808],[126.928,37.58839],[126.92776,37.58887],[126.92762,37.58933],[126.92769,37.58933]]]}},{"type":"Feature","properties":{"name":"서울묵동초등학교","kind":"zone","note":"학구도안내서비스 2026-03-20 기준 (교육청 공식)","shared":false},"geometry":{"type":"Polygon","coordinates":[[[127.07946,37.60159],[127.0777,37.61085],[127.07781,37.61098],[127.07783,37.61208],[127.07929,37.61206],[127.08137,37.61217],[127.08147,37.61128],[127.08158,37.61122],[127.08178,37.61132],[127.08197,37.61115],[127.08216,37.61086],[127.0823,37.60982],[127.08156,37.60975],[127.08139,37.60969],[127.08118,37.60948],[127.0814,37.60826],[127.08194,37.60827],[127.08193,37.60801],[127.08173,37.60797],[127.08167,37.60788],[127.08162,37.60766],[127.08169,37.6075],[127.08178,37.60751],[127.08304,37.60658],[127.08334,37.60664],[127.08346,37.60644],[127.08372,37.6064],[127.08376,37.60478],[127.08404,37.60431],[127.0842,37.60355],[127.08495,37.60372],[127.08499,37.60385],[127.08569,37.60394],[127.08573,37.60381],[127.08633,37.60377],[127.08632,37.60323],[127.08627,37.60313],[127.08613,37.60311],[127.08616,37.60287],[127.08585,37.60279],[127.08591,37.60257],[127.08343,37.60183],[127.08248,37.6017],[127.08092,37.6016],[127.07946,37.60159]]]}},{"type":"Feature","properties":{"name":"서울묵동초등학교","kind":"zone","note":"학구도안내서비스 2026-03-20 기준 (교육청 공식)","shared":false},"geometry":{"type":"Polygon","coordinates":[[[127.07946,37.60159],[127.07985,37.59955],[127.07818,37.59935],[127.07699,37.59813],[127.07274,37.60073],[127.07288,37.60107],[127.0728,37.60152],[127.07946,37.60159]]]}},{"type":"Feature","properties":{"name":"서울가원초등학교","kind":"zone","note":"학구도안내서비스 2026-03-20 기준 (교육청 공식)","shared":false},"geometry":{"type":"Polygon","coordinates":[[[127.11934,37.48608],[127.12184,37.48161],[127.11682,37.47945],[127.11226,37.48565],[127.11208,37.48559],[127.11186,37.48576],[127.10906,37.48961],[127.1166,37.49194],[127.11879,37.49253],[127.12007,37.49065],[127.12108,37.48875],[127.12081,37.48861],[127.11854,37.48782],[127.11934,37.48608]]]}},{"type":"Feature","properties":{"name":"서울문덕초등학교","kind":"zone","note":"학구도안내서비스 2026-03-20 기준 (교육청 공식)","shared":false},"geometry":{"type":"Polygon","coordinates":[[[127.11682,37.47945],[127.12184,37.48161],[127.11934,37.48608],[127.11854,37.48782],[127.12081,37.48861],[127.12108,37.48875],[127.12225,37.48639],[127.12236,37.48642],[127.12247,37.48619],[127.12238,37.48615],[127.12241,37.48607],[127.12753,37.48634],[127.12788,37.48641],[127.12846,37.48656],[127.12923,37.48689],[127.12978,37.48724],[127.13098,37.48828],[127.13374,37.48645],[127.13235,37.48544],[127.13072,37.48443],[127.13054,37.48398],[127.13022,37.48373],[127.13004,37.48341],[127.12994,37.48319],[127.13,37.4831],[127.12996,37.48303],[127.12949,37.48281],[127.12962,37.48265],[127.12934,37.48252],[127.12928,37.48239],[127.12848,37.48173],[127.12814,37.48153],[127.12782,37.48106],[127.1273,37.48069],[127.12703,37.48009],[127.12683,37.4799],[127.12685,37.47969],[127.12585,37.47939],[127.12677,37.47747],[127.12699,37.4766],[127.12705,37.47582],[127.12658,37.46868],[127.12531,37.46955],[127.12485,37.46952],[127.124,37.46964],[127.12113,37.47372],[127.11682,37.47945]]]}},{"type":"Feature","properties":{"name":"서울홍제초등학교","kind":"zone","note":"학구도안내서비스 2026-03-20 기준 (교육청 공식)","shared":false},"geometry":{"type":"Polygon","coordinates":[[[126.94656,37.59958],[126.94673,37.59944],[126.9468,37.59947],[126.94709,37.59933],[126.94693,37.59921],[126.94719,37.5991],[126.94709,37.59899],[126.94737,37.59883],[126.94668,37.59802],[126.94646,37.59684],[126.94646,37.59672],[126.94709,37.59539],[126.94716,37.59513],[126.94705,37.59462],[126.9468,37.59412],[126.94619,37.59338],[126.94538,37.5926],[126.94484,37.59225],[126.94412,37.592],[126.94356,37.59218],[126.94146,37.5916],[126.94162,37.59123],[126.94089,37.59097],[126.937,37.58877],[126.93611,37.58803],[126.93578,37.58759],[126.93531,37.58666],[126.93528,37.58596],[126.93557,37.58509],[126.93625,37.58391],[126.93587,37.5838],[126.93525,37.58485],[126.93501,37.58539],[126.93484,37.5861],[126.93493,37.58678],[126.93511,37.58712],[126.93441,37.58737],[126.93452,37.58775],[126.93066,37.58825],[126.92961,37.58872],[126.92874,37.58931],[126.92762,37.58933],[126.9276,37.58939],[126.92794,37.58994],[126.92765,37.59052],[126.92797,37.59104],[126.92776,37.59158],[126.92854,37.59228],[126.92884,37.59285],[126.92932,37.59333],[126.92996,37.59417],[126.93039,37.59434],[126.93025,37.59455],[126.93131,37.59502],[126.9316,37.59541],[126.93221,37.5958],[126.93279,37.59631],[126.93384,37.59665],[126.93452,37.59663],[126.93671,37.59762],[126.93754,37.59787],[126.93863,37.5975],[126.93871,37.59752],[126.93968,37.59798],[126.94088,37.59872],[126.94139,37.60065],[126.94107,37.60115],[126.9401,37.60179],[126.93984,37.60187],[126.93981,37.60278],[126.93996,37.60308],[126.94124,37.60313],[126.94213,37.60494],[126.94367,37.60504],[126.9436,37.60373],[126.94457,37.60171],[126.94618,37.59989],[126.94647,37.59977],[126.94656,37.59958]]]}},{"type":"Feature","properties":{"name":"서울강남초등학교","kind":"zone","note":"학구도안내서비스 2026-03-20 기준 (교육청 공식)","shared":false},"geometry":{"type":"Polygon","coordinates":[[[126.95345,37.5082],[126.9539,37.50766],[126.95465,37.50751],[126.95448,37.50712],[126.95458,37.50711],[126.95454,37.50617],[126.95395,37.50505],[126.95352,37.50499],[126.95359,37.50439],[126.95379,37.50409],[126.9544,37.50371],[126.95502,37.50387],[126.95527,37.50275],[126.95521,37.50211],[126.95509,37.50193],[126.95582,37.50123],[126.95604,37.50052],[126.95642,37.5002],[126.95729,37.4992],[126.95763,37.49871],[126.95729,37.49814],[126.95713,37.49818],[126.95705,37.49802],[126.95711,37.498],[126.95706,37.49789],[126.95552,37.49798],[126.95533,37.49788],[126.95523,37.4976],[126.95486,37.49735],[126.95478,37.49715],[126.95457,37.49714],[126.95456,37.49687],[126.9539,37.49686],[126.95338,37.4966],[126.95086,37.49939],[126.95001,37.50043],[126.94845,37.49977],[126.94812,37.50019],[126.94818,37.50032],[126.94804,37.50025],[126.94798,37.50062],[126.94771,37.50081],[126.94784,37.50094],[126.94749,37.5016],[126.94717,37.50174],[126.94688,37.50167],[126.9467,37.50182],[126.94664,37.50195],[126.94655,37.50191],[126.94637,37.50214],[126.94632,37.50241],[126.94564,37.50302],[126.94602,37.5033],[126.94624,37.50319],[126.94715,37.50368],[126.94699,37.50386],[126.94709,37.50391],[126.94632,37.50477],[126.94476,37.50523],[126.94434,37.50524],[126.94431,37.50552],[126.9447,37.50595],[126.94481,37.50628],[126.94521,37.50659],[126.94493,37.50688],[126.94507,37.5069],[126.94516,37.50683],[126.94517,37.50695],[126.94557,37.50694],[126.94561,37.50705],[126.94594,37.50692],[126.94616,37.50715],[126.9465,37.507],[126.94704,37.50692],[126.94736,37.5062],[126.94791,37.50687],[126.94815,37.50685],[126.94959,37.50715],[126.95013,37.50753],[126.9504,37.50815],[126.95095,37.50804],[126.95174,37.50811],[126.95191,37.50819],[126.95227,37.50859],[126.95303,37.50892],[126.95345,37.5082]]]}},{"type":"Feature","properties":{"name":"서울면남초등학교","kind":"zone","note":"학구도안내서비스 2026-03-20 기준 (교육청 공식)","shared":false},"geometry":{"type":"Polygon","coordinates":[[[127.09364,37.58354],[127.0932,37.58058],[127.09436,37.58054],[127.09422,37.58086],[127.09391,37.58082],[127.09372,37.58113],[127.09417,37.58133],[127.09438,37.58135],[127.09464,37.58158],[127.09517,37.58143],[127.09575,37.58175],[127.09615,37.58181],[127.0972,37.58172],[127.09726,37.58122],[127.09645,37.58077],[127.09691,37.58004],[127.0965,37.57948],[127.09586,37.57899],[127.09495,37.57804],[127.09582,37.57789],[127.09941,37.57778],[127.10249,37.57823],[127.10196,37.57755],[127.10173,37.57697],[127.10114,37.57607],[127.10125,37.57517],[127.1009,37.57439],[127.10095,37.57382],[127.10073,37.57359],[127.09947,37.57275],[127.09858,37.57263],[127.09832,37.57234],[127.09741,37.57192],[127.09638,37.57135],[127.0959,37.57139],[127.0958,37.57101],[127.09561,37.57062],[127.0948,37.57076],[127.094,37.57063],[127.09291,37.57342],[127.09231,37.57451],[127.0915,37.57487],[127.09059,37.57541],[127.08938,37.57535],[127.08988,37.5759],[127.08906,37.57635],[127.08839,37.57554],[127.08578,37.57588],[127.08592,37.57658],[127.08579,37.57785],[127.08629,37.57885],[127.08797,37.57986],[127.0884,37.5804],[127.08844,37.58076],[127.09014,37.58046],[127.09072,37.58048],[127.09168,37.58054],[127.09167,37.58066],[127.09197,37.58079],[127.09194,37.58084],[127.09206,37.58091],[127.09208,37.58095],[127.09083,37.58103],[127.09099,37.58208],[127.08985,37.58218],[127.09002,37.58344],[127.09116,37.58335],[127.09124,37.58391],[127.09369,37.5837],[127.09364,37.58354]]]}},{"type":"Feature","properties":{"name":"서울응암초등학교","kind":"zone","note":"학구도안내서비스 2026-03-20 기준 (교육청 공식)","shared":false},"geometry":{"type":"Polygon","coordinates":[[[126.92266,37.58883],[126.92281,37.58563],[126.92273,37.58547],[126.92284,37.58541],[126.92276,37.58524],[126.92188,37.58469],[126.92201,37.58409],[126.9219,37.58387],[126.92172,37.58373],[126.92175,37.58346],[126.92119,37.58331],[126.92086,37.58294],[126.92025,37.58296],[126.91973,37.5832],[126.91935,37.58305],[126.9188,37.58326],[126.91835,37.58335],[126.91773,37.58329],[126.91738,37.58331],[126.91713,37.5834],[126.91718,37.58326],[126.91592,37.5831],[126.9159,37.58343],[126.91582,37.58346],[126.91583,37.58375],[126.91576,37.5839],[126.91593,37.58413],[126.91585,37.58424],[126.91589,37.58516],[126.9162,37.58557],[126.91632,37.58552],[126.91644,37.58568],[126.91627,37.5858],[126.91601,37.58562],[126.91531,37.58542],[126.9157,37.58598],[126.91316,37.58709],[126.91358,37.58871],[126.91451,37.58883],[126.91718,37.59],[126.91805,37.59388],[126.92059,37.59352],[126.92091,37.59432],[126.92095,37.59459],[126.92102,37.5946],[126.92196,37.59414],[126.92229,37.59443],[126.92309,37.59404],[126.92266,37.58883]]]}},{"type":"Feature","properties":{"name":"서울응암초등학교","kind":"zone","note":"학구도안내서비스 2026-03-20 기준 (교육청 공식)","shared":false},"geometry":{"type":"Polygon","coordinates":[[[126.92281,37.58563],[126.92359,37.58615],[126.92386,37.5871],[126.92449,37.58722],[126.92521,37.58723],[126.92574,37.58714],[126.92586,37.58703],[126.92622,37.58693],[126.92636,37.58652],[126.92639,37.58614],[126.92666,37.58601],[126.92705,37.58593],[126.9263,37.5859],[126.92596,37.58575],[126.92598,37.58569],[126.92579,37.58557],[126.92521,37.5854],[126.92429,37.58529],[126.92421,37.58425],[126.92553,37.58292],[126.92491,37.58124],[126.9245,37.58183],[126.92383,37.58229],[126.92411,37.58249],[126.92459,37.58264],[126.92415,37.58353],[126.92392,37.58386],[126.92323,37.58397],[126.92323,37.58419],[126.92301,37.58507],[126.92299,37.5852],[126.92308,37.58537],[126.92281,37.58563]]]}},{"type":"Feature","properties":{"name":"서울홍은초등학교","kind":"zone","note":"학구도안내서비스 2026-03-20 기준 (교육청 공식)","shared":false},"geometry":{"type":"Polygon","coordinates":[[[126.94668,37.59802],[126.94737,37.59883],[126.94709,37.59899],[126.94719,37.5991],[126.94693,37.59921],[126.94709,37.59933],[126.9468,37.59947],[126.94673,37.59944],[126.94653,37.5996],[126.94647,37.59977],[126.94618,37.59989],[126.94457,37.60171],[126.9436,37.60373],[126.94374,37.60621],[126.94411,37.60634],[126.94418,37.60646],[126.94539,37.60695],[126.94621,37.60739],[126.94705,37.60814],[126.9482,37.60863],[126.94872,37.60903],[126.9489,37.60946],[126.94934,37.61002],[126.95036,37.61062],[126.95033,37.60911],[126.95054,37.60887],[126.9506,37.60836],[126.95145,37.60802],[126.95174,37.60739],[126.95225,37.60689],[126.95259,37.60666],[126.9527,37.60631],[126.95271,37.60591],[126.9531,37.6055],[126.95406,37.60507],[126.95396,37.6048],[126.95357,37.60448],[126.95342,37.60422],[126.95328,37.60366],[126.95271,37.60289],[126.95267,37.60271],[126.95238,37.60248],[126.95255,37.60189],[126.95247,37.60162],[126.9526,37.60123],[126.95289,37.60085],[126.9529,37.60071],[126.95323,37.60044],[126.95336,37.60017],[126.95332,37.59977],[126.95338,37.59953],[126.95305,37.59907],[126.95301,37.59894],[126.95306,37.59876],[126.95324,37.5986],[126.95341,37.59857],[126.9533,37.59757],[126.95347,37.59665],[126.95388,37.59653],[126.95518,37.59592],[126.95557,37.59586],[126.95591,37.59605],[126.95612,37.59629],[126.95627,37.59793],[126.95625,37.59866],[126.95634,37.59892],[126.95654,37.59883],[126.9566,37.59887],[126.95678,37.59875],[126.95675,37.59858],[126.95731,37.59853],[126.95804,37.59816],[126.95827,37.59779],[126.9584,37.59714],[126.95871,37.59638],[126.95865,37.59586],[126.95905,37.59503],[126.95903,37.59479],[126.95885,37.59457],[126.95865,37.59446],[126.95854,37.59418],[126.95808,37.59394],[126.95752,37.59353],[126.95751,37.59306],[126.95781,37.59257],[126.95781,37.59238],[126.95324,37.59236],[126.95271,37.59344],[126.95207,37.59331],[126.95152,37.59454],[126.95122,37.5947],[126.95074,37.59532],[126.95097,37.59576],[126.95069,37.59604],[126.95033,37.59674],[126.94997,37.59685],[126.94966,37.59679],[126.9493,37.59653],[126.94924,37.59642],[126.94796,37.59683],[126.94662,37.59747],[126.94668,37.59802]]]}},{"type":"Feature","properties":{"name":"서울강솔초등학교","kind":"zone","note":"학구도안내서비스 2026-03-20 기준 (교육청 공식)","shared":false},"geometry":{"type":"Polygon","coordinates":[[[127.18121,37.56298],[127.18151,37.56227],[127.18162,37.56181],[127.182,37.56099],[127.18202,37.55995],[127.18178,37.5588],[127.17758,37.55787],[127.17738,37.55844],[127.17734,37.55878],[127.17752,37.55895],[127.17795,37.55911],[127.17809,37.55936],[127.17804,37.5602],[127.17856,37.5608],[127.17864,37.5613],[127.17879,37.56166],[127.17921,37.56194],[127.17975,37.56207],[127.17961,37.56256],[127.1794,37.56283],[127.17902,37.56296],[127.17878,37.56293],[127.17791,37.56233],[127.1783,37.56176],[127.17828,37.5615],[127.17803,37.56133],[127.17732,37.56116],[127.17662,37.56061],[127.17594,37.5605],[127.17543,37.56191],[127.17644,37.56228],[127.17663,37.56245],[127.17709,37.56235],[127.17761,37.56238],[127.17838,37.56278],[127.17851,37.56313],[127.18065,37.56387],[127.18085,37.56347],[127.18121,37.56298]]]}},{"type":"Feature","properties":{"name":"서울강솔초등학교","kind":"zone","note":"학구도안내서비스 2026-03-20 기준 (교육청 공식)","shared":false},"geometry":{"type":"Polygon","coordinates":[[[127.18162,37.55574],[127.18149,37.55544],[127.18139,37.55492],[127.18149,37.55469],[127.1815,37.55433],[127.18134,37.55297],[127.18138,37.55285],[127.18162,37.55261],[127.18291,37.55182],[127.1831,37.55111],[127.18311,37.55057],[127.1828,37.55056],[127.1828,37.55012],[127.1813,37.55001],[127.18107,37.55008],[127.18086,37.55023],[127.17965,37.55179],[127.18063,37.55226],[127.18026,37.55305],[127.18025,37.55311],[127.18051,37.55314],[127.18048,37.55352],[127.18023,37.55385],[127.18005,37.55421],[127.18001,37.55444],[127.17994,37.55447],[127.17994,37.55489],[127.17981,37.55497],[127.17941,37.55497],[127.17946,37.55571],[127.18,37.55751],[127.18156,37.55751],[127.18167,37.55683],[127.18168,37.556],[127.18162,37.55574]]]}},{"type":"Feature","properties":{"name":"서울고덕초등학교","kind":"zone","note":"학구도안내서비스 2026-03-20 기준 (교육청 공식)","shared":false},"geometry":{"type":"Polygon","coordinates":[[[127.16389,37.56562],[127.1644,37.56651],[127.16824,37.56516],[127.17173,37.5642],[127.172,37.56407],[127.17219,37.56387],[127.17267,37.56325],[127.17137,37.56243],[127.17071,37.56208],[127.17018,37.56205],[127.17046,37.56166],[127.1705,37.56151],[127.17133,37.55753],[127.17129,37.55725],[127.17109,37.55728],[127.16635,37.55673],[127.16633,37.55682],[127.1654,37.55671],[127.1651,37.55789],[127.16512,37.55846],[127.16474,37.55851],[127.16439,37.55845],[127.16432,37.5587],[127.16432,37.55915],[127.16444,37.56021],[127.16601,37.5601],[127.16604,37.56029],[127.16573,37.561],[127.16574,37.56122],[127.16648,37.56471],[127.16389,37.56562]]]}},{"type":"Feature","properties":{"name":"서울길원초등학교","kind":"zone","note":"학구도안내서비스 2026-03-20 기준 (교육청 공식)","shared":false},"geometry":{"type":"Polygon","coordinates":[[[127.01294,37.61336],[127.01305,37.61305],[127.01379,37.61314],[127.01441,37.61369],[127.01475,37.61326],[127.01508,37.61327],[127.01519,37.6131],[127.01529,37.61306],[127.01611,37.61316],[127.01639,37.61313],[127.01676,37.61309],[127.01713,37.61287],[127.01755,37.61236],[127.01782,37.61172],[127.01821,37.61111],[127.01859,37.61081],[127.01889,37.61068],[127.01974,37.61002],[127.02021,37.60938],[127.02021,37.60922],[127.02051,37.60878],[127.02015,37.60863],[127.02044,37.6083],[127.02019,37.60792],[127.01989,37.60782],[127.0194,37.60776],[127.01952,37.6072],[127.0194,37.60689],[127.01907,37.60673],[127.01865,37.6067],[127.01781,37.60645],[127.01756,37.60644],[127.01733,37.60654],[127.01704,37.60693],[127.01633,37.60699],[127.01578,37.60727],[127.01586,37.60744],[127.01584,37.60767],[127.01547,37.60816],[127.01525,37.60811],[127.01475,37.60779],[127.01387,37.60867],[127.01359,37.60851],[127.01354,37.60838],[127.01329,37.60834],[127.0132,37.60863],[127.01336,37.60865],[127.01315,37.60913],[127.01236,37.60909],[127.01234,37.60921],[127.01167,37.60961],[127.01196,37.61005],[127.01198,37.61034],[127.01193,37.6105],[127.01209,37.6106],[127.01199,37.61069],[127.01207,37.61075],[127.01229,37.61054],[127.01297,37.61103],[127.01217,37.61122],[127.01185,37.61104],[127.01145,37.61093],[127.01128,37.61122],[127.0111,37.61134],[127.01122,37.6117],[127.01159,37.61181],[127.01177,37.61195],[127.01185,37.61218],[127.01183,37.61254],[127.01168,37.6129],[127.0114,37.61331],[127.01062,37.61398],[127.01119,37.61483],[127.01195,37.61444],[127.01233,37.61384],[127.01294,37.61336]]]}},{"type":"Feature","properties":{"name":"서울중흥초등학교","kind":"zone","note":"학구도안내서비스 2026-03-20 기준 (교육청 공식)","shared":false},"geometry":{"type":"Polygon","coordinates":[[[127.08733,37.60162],[127.08797,37.59769],[127.08666,37.59731],[127.08646,37.59763],[127.08652,37.60036],[127.08595,37.60036],[127.08582,37.60023],[127.08577,37.60001],[127.0856,37.6],[127.08561,37.59989],[127.08535,37.59964],[127.08375,37.59968],[127.0837,37.59917],[127.08339,37.59919],[127.08339,37.59956],[127.08346,37.5996],[127.08346,37.59973],[127.08279,37.59971],[127.08288,37.59991],[127.08284,37.60013],[127.08188,37.59979],[127.07985,37.59955],[127.07946,37.60159],[127.08092,37.6016],[127.08248,37.6017],[127.08374,37.60191],[127.08591,37.60257],[127.08585,37.60279],[127.08616,37.60287],[127.08613,37.60311],[127.08627,37.60313],[127.08631,37.60319],[127.08633,37.60377],[127.08757,37.60386],[127.08777,37.60317],[127.08714,37.60296],[127.08733,37.60162]]]}},{"type":"Feature","properties":{"name":"서울중흥초등학교","kind":"zone","note":"학구도안내서비스 2026-03-20 기준 (교육청 공식)","shared":false},"geometry":{"type":"Polygon","coordinates":[[[127.07686,37.59821],[127.07699,37.59813],[127.07818,37.59935],[127.07985,37.59955],[127.08031,37.59721],[127.0801,37.59708],[127.08004,37.59593],[127.07849,37.59602],[127.07759,37.59621],[127.07664,37.59654],[127.07556,37.59708],[127.07169,37.5993],[127.07249,37.60024],[127.07274,37.60073],[127.07686,37.59821]]]}},{"type":"Feature","properties":{"name":"서울상현초등학교","kind":"zone","note":"학구도안내서비스 2026-03-20 기준 (교육청 공식)","shared":false},"geometry":{"type":"Polygon","coordinates":[[[126.9529,37.4971],[126.95338,37.4966],[126.9539,37.49686],[126.95456,37.49687],[126.95457,37.49714],[126.95478,37.49715],[126.95486,37.49735],[126.95523,37.4976],[126.95533,37.49788],[126.95557,37.49798],[126.95706,37.49789],[126.95826,37.49747],[126.95902,37.49737],[126.95914,37.49729],[126.95948,37.49723],[126.95984,37.49679],[126.96127,37.49565],[126.96132,37.49546],[126.96122,37.49529],[126.96131,37.49512],[126.96179,37.49478],[126.96171,37.49476],[126.96165,37.49461],[126.96151,37.49468],[126.96146,37.4946],[126.96199,37.49428],[126.96214,37.49408],[126.96211,37.49392],[126.96195,37.49353],[126.96177,37.49355],[126.96175,37.4934],[126.9617,37.49342],[126.96159,37.49328],[126.96152,37.49328],[126.96029,37.49374],[126.95934,37.4938],[126.95895,37.49361],[126.95899,37.49376],[126.95868,37.49382],[126.95871,37.494],[126.95852,37.49407],[126.95853,37.49415],[126.95717,37.49426],[126.95716,37.49408],[126.9564,37.49407],[126.9564,37.49397],[126.95614,37.49394],[126.9558,37.49377],[126.95599,37.49355],[126.95593,37.49332],[126.95581,37.49333],[126.95548,37.4936],[126.95523,37.49367],[126.95482,37.49355],[126.95432,37.49355],[126.95415,37.49346],[126.95365,37.49344],[126.95299,37.49412],[126.95276,37.49424],[126.9526,37.49424],[126.95227,37.49409],[126.95212,37.49384],[126.95168,37.49375],[126.95111,37.49387],[126.95048,37.49417],[126.95023,37.49422],[126.94852,37.4943],[126.94787,37.49465],[126.94786,37.4948],[126.94796,37.49518],[126.94825,37.49552],[126.94805,37.49587],[126.94829,37.49643],[126.94866,37.49684],[126.9488,37.49724],[126.94877,37.49754],[126.94852,37.49818],[126.94865,37.49918],[126.94862,37.49984],[126.94872,37.49991],[126.95001,37.50043],[126.95086,37.49939],[126.9529,37.4971]]]}},{"type":"Feature","properties":{"name":"서울포이초등학교","kind":"zone","note":"학구도안내서비스 2026-03-20 기준 (교육청 공식)","shared":false},"geometry":{"type":"Polygon","coordinates":[[[127.05652,37.47828],[127.05877,37.476],[127.05471,37.47382],[127.05107,37.47144],[127.04526,37.47706],[127.04504,37.47732],[127.04458,37.47827],[127.04748,37.47879],[127.04991,37.47907],[127.05089,37.47942],[127.0516,37.47902],[127.05285,37.47796],[127.05523,37.47958],[127.05652,37.47828]]]}},{"type":"Feature","properties":{"name":"서울공릉초등학교","kind":"zone","note":"학구도안내서비스 2026-03-20 기준 (교육청 공식)","shared":false},"geometry":{"type":"Polygon","coordinates":[[[127.07093,37.62373],[127.07345,37.62426],[127.07388,37.62297],[127.07554,37.62309],[127.07765,37.62352],[127.07793,37.62176],[127.07814,37.62128],[127.07848,37.6208],[127.07868,37.62059],[127.07939,37.62013],[127.08006,37.61983],[127.08118,37.61965],[127.0816,37.61951],[127.08148,37.61932],[127.08156,37.61926],[127.08092,37.61884],[127.08065,37.61857],[127.08044,37.61848],[127.08007,37.61842],[127.08008,37.61862],[127.07911,37.61839],[127.0777,37.6179],[127.07773,37.61787],[127.07757,37.61774],[127.07749,37.61783],[127.07554,37.61716],[127.075,37.61713],[127.07457,37.617],[127.07441,37.61703],[127.07416,37.61683],[127.07198,37.61648],[127.07195,37.61654],[127.07123,37.61633],[127.07107,37.61713],[127.07108,37.61946],[127.07096,37.62074],[127.0707,37.62163],[127.06963,37.6242],[127.0707,37.62465],[127.07093,37.62373]]]}},{"type":"Feature","properties":{"name":"서울송례초등학교","kind":"zone","note":"학구도안내서비스 2026-03-20 기준 (교육청 공식)","shared":false},"geometry":{"type":"Polygon","coordinates":[[[127.14084,37.47443],[127.14082,37.47421],[127.13512,37.4745],[127.13259,37.47487],[127.13268,37.47572],[127.135,37.47804],[127.13539,37.4783],[127.136,37.47848],[127.14171,37.47828],[127.1416,37.47689],[127.14095,37.47566],[127.14084,37.47443]]]}},{"type":"Feature","properties":{"name":"서울송례초등학교","kind":"zone","note":"학구도안내서비스 2026-03-20 기준 (교육청 공식)","shared":false},"geometry":{"type":"Polygon","coordinates":[[[127.13992,37.48276],[127.13875,37.48197],[127.13794,37.48209],[127.13677,37.48189],[127.13695,37.48335],[127.13992,37.48276]]]}},{"type":"Feature","properties":{"name":"서울고척초등학교","kind":"zone","note":"학구도안내서비스 2026-03-20 기준 (교육청 공식)","shared":false},"geometry":{"type":"Polygon","coordinates":[[[126.86046,37.504],[126.86065,37.5039],[126.86156,37.50425],[126.86362,37.50067],[126.86228,37.50085],[126.8628,37.49997],[126.86199,37.49931],[126.86188,37.49912],[126.86175,37.49911],[126.86076,37.49831],[126.86286,37.49666],[126.86214,37.49657],[126.86172,37.4966],[126.85725,37.49738],[126.85648,37.49737],[126.85632,37.49508],[126.85285,37.49577],[126.85301,37.49628],[126.85282,37.49674],[126.85276,37.4976],[126.85281,37.49776],[126.85169,37.49812],[126.85153,37.49879],[126.85142,37.49891],[126.85113,37.49902],[126.8518,37.49923],[126.85152,37.49981],[126.85184,37.49991],[126.85206,37.49997],[126.85275,37.49944],[126.85281,37.49951],[126.85286,37.49959],[126.85268,37.49978],[126.85301,37.50045],[126.85299,37.50057],[126.85308,37.50076],[126.8529,37.50099],[126.85286,37.50143],[126.85298,37.50143],[126.85305,37.50157],[126.85396,37.50131],[126.85461,37.50259],[126.85602,37.50221],[126.85606,37.50235],[126.85701,37.50218],[126.85735,37.50222],[126.85759,37.5025],[126.85733,37.50268],[126.85757,37.50289],[126.85743,37.50296],[126.85757,37.50303],[126.85689,37.5035],[126.85665,37.50357],[126.8564,37.50355],[126.85641,37.50384],[126.85739,37.50419],[126.85787,37.50426],[126.85982,37.50417],[126.86046,37.504]]]}},{"type":"Feature","properties":{"name":"서울마천초등학교","kind":"zone","note":"학구도안내서비스 2026-03-20 기준 (교육청 공식)","shared":false},"geometry":{"type":"Polygon","coordinates":[[[127.14705,37.49463],[127.14987,37.49709],[127.15067,37.49692],[127.15165,37.49694],[127.1521,37.49673],[127.15252,37.49702],[127.15294,37.49692],[127.15413,37.49729],[127.15579,37.49801],[127.15636,37.49836],[127.15664,37.49846],[127.15742,37.499],[127.1583,37.5],[127.15853,37.50043],[127.16059,37.49937],[127.16111,37.49928],[127.16063,37.49855],[127.16057,37.49756],[127.15978,37.49682],[127.15974,37.49655],[127.15985,37.49616],[127.15986,37.49568],[127.15997,37.49542],[127.16003,37.49437],[127.15981,37.49392],[127.15976,37.49364],[127.15952,37.49327],[127.15905,37.49294],[127.15865,37.49243],[127.15848,37.49205],[127.15826,37.49115],[127.15834,37.49066],[127.15767,37.49018],[127.15694,37.49068],[127.15683,37.49057],[127.15672,37.49075],[127.15304,37.49265],[127.15249,37.49305],[127.15128,37.49274],[127.14966,37.4928],[127.14966,37.49294],[127.14915,37.49331],[127.14754,37.49337],[127.14737,37.49351],[127.14817,37.49385],[127.14705,37.49463]]]}},{"type":"Feature","properties":{"name":"서울위례솔초등학교","kind":"zone","note":"학구도안내서비스 2026-03-20 기준 (교육청 공식)","shared":false},"geometry":{"type":"Polygon","coordinates":[[[127.14992,37.48491],[127.14947,37.48443],[127.14909,37.48388],[127.14868,37.48404],[127.14829,37.48346],[127.14756,37.4832],[127.1457,37.48338],[127.1449,37.48367],[127.14552,37.48491],[127.14591,37.4848],[127.14625,37.48549],[127.14656,37.48585],[127.14794,37.48676],[127.15218,37.48909],[127.15375,37.48726],[127.15208,37.48635],[127.15222,37.48619],[127.15043,37.48525],[127.14992,37.48491]]]}},{"type":"Feature","properties":{"name":"서울문래초등학교","kind":"zone","note":"학구도안내서비스 2026-03-20 기준 (교육청 공식)","shared":false},"geometry":{"type":"Polygon","coordinates":[[[126.89191,37.51096],[126.89167,37.51083],[126.89085,37.51187],[126.89034,37.51235],[126.88989,37.51266],[126.88726,37.51389],[126.88881,37.51722],[126.89003,37.52227],[126.89723,37.5212],[126.89694,37.51994],[126.90018,37.5194],[126.90065,37.51919],[126.90113,37.51885],[126.90197,37.51655],[126.90217,37.51614],[126.90257,37.51555],[126.90304,37.51517],[126.89802,37.51342],[126.89715,37.51319],[126.89635,37.51282],[126.89418,37.51209],[126.89191,37.51096]]]}},{"type":"Feature","properties":{"name":"서울세검정초등학교","kind":"zone","note":"학구도안내서비스 2026-03-20 기준 (교육청 공식)","shared":false},"geometry":{"type":"Polygon","coordinates":[[[126.97507,37.63118],[126.97467,37.62981],[126.97496,37.629],[126.97842,37.62929],[126.97953,37.62889],[126.97993,37.62856],[126.98019,37.62793],[126.97987,37.62745],[126.9796,37.62638],[126.98091,37.62539],[126.98183,37.62432],[126.98365,37.62115],[126.98317,37.6202],[126.98316,37.61925],[126.98372,37.61777],[126.9844,37.61687],[126.98454,37.616],[126.98516,37.6155],[126.98541,37.61514],[126.98658,37.61398],[126.98641,37.61355],[126.98614,37.61322],[126.98618,37.61298],[126.98565,37.61138],[126.98579,37.6109],[126.98587,37.60946],[126.9863,37.60915],[126.98683,37.60887],[126.9867,37.60828],[126.98625,37.60772],[126.98611,37.60739],[126.98637,37.60686],[126.98631,37.60651],[126.98676,37.60609],[126.98667,37.60507],[126.98679,37.60451],[126.98667,37.60402],[126.98593,37.60364],[126.98576,37.60345],[126.98474,37.60337],[126.98434,37.60312],[126.98398,37.60321],[126.98285,37.60214],[126.98257,37.60226],[126.98067,37.60162],[126.98047,37.60147],[126.98013,37.60146],[126.9798,37.60126],[126.9795,37.60122],[126.97921,37.60104],[126.9785,37.601],[126.97825,37.6008],[126.97794,37.60031],[126.97768,37.60023],[126.97742,37.59942],[126.97741,37.5991],[126.97703,37.59829],[126.97672,37.59791],[126.97656,37.59809],[126.97642,37.59804],[126.97668,37.59772],[126.97656,37.59749],[126.97597,37.59683],[126.97588,37.59655],[126.97554,37.59603],[126.97509,37.59583],[126.97504,37.59573],[126.97515,37.59476],[126.97462,37.59453],[126.97457,37.5944],[126.97425,37.59413],[126.97412,37.59384],[126.9736,37.59336],[126.97359,37.59327],[126.97331,37.59323],[126.97261,37.59368],[126.97189,37.59388],[126.97155,37.59368],[126.97114,37.5937],[126.97098,37.59383],[126.97079,37.59388],[126.97048,37.59364],[126.97011,37.59351],[126.96961,37.5935],[126.96892,37.59336],[126.96814,37.59361],[126.96729,37.59323],[126.96639,37.59236],[126.96632,37.59188],[126.96593,37.59146],[126.96516,37.59139],[126.96474,37.5912],[126.96456,37.59099],[126.96433,37.59032],[126.96411,37.58998],[126.96414,37.58958],[126.96424,37.58934],[126.9642,37.58906],[126.96357,37.58847],[126.96351,37.58826],[126.96317,37.58786],[126.96295,37.58783],[126.9624,37.58752],[126.96232,37.58719],[126.96239,37.58703],[126.96225,37.58691],[126.96077,37.58632],[126.96051,37.58626],[126.96034,37.5863],[126.95948,37.58601],[126.95919,37.5861],[126.95865,37.58578],[126.95782,37.585],[126.95746,37.58602],[126.95737,37.58697],[126.95746,37.58795],[126.95733,37.58872],[126.95746,37.58952],[126.95748,37.59008],[126.95782,37.59146],[126.95781,37.59257],[126.95751,37.59306],[126.95752,37.59353],[126.95808,37.59394],[126.95854,37.59418],[126.95865,37.59446],[126.95885,37.59457],[126.95903,37.59479],[126.95905,37.59503],[126.95865,37.59586],[126.95871,37.59638],[126.9584,37.59714],[126.95827,37.59779],[126.95804,37.59816],[126.95731,37.59853],[126.95675,37.59858],[126.95678,37.59875],[126.9566,37.59887],[126.95654,37.59883],[126.95634,37.59892],[126.95625,37.59866],[126.95627,37.59793],[126.95612,37.59629],[126.95591,37.59605],[126.95557,37.59586],[126.95518,37.59592],[126.95388,37.59653],[126.95347,37.59665],[126.9533,37.59757],[126.95341,37.59857],[126.95324,37.5986],[126.95306,37.59876],[126.95301,37.59894],[126.95305,37.59907],[126.95338,37.59953],[126.95332,37.59977],[126.95336,37.60017],[126.95323,37.60044],[126.9529,37.60071],[126.95289,37.60085],[126.9526,37.60123],[126.95247,37.60162],[126.95255,37.60189],[126.95238,37.60248],[126.95267,37.60271],[126.95271,37.60289],[126.95328,37.60366],[126.95342,37.60422],[126.95357,37.60448],[126.95396,37.6048],[126.95406,37.60507],[126.9531,37.6055],[126.95271,37.60591],[126.9527,37.60631],[126.95259,37.60666],[126.95225,37.60689],[126.95174,37.60739],[126.95145,37.60802],[126.9506,37.60836],[126.95054,37.60887],[126.95033,37.60911],[126.95038,37.61058],[126.94971,37.61163],[126.95087,37.61348],[126.95057,37.61491],[126.9508,37.61554],[126.95031,37.61634],[126.95012,37.61765],[126.9499,37.61849],[126.94982,37.61941],[126.94997,37.62031],[126.94982,37.62117],[126.94881,37.62317],[126.94918,37.62463],[126.94955,37.62528],[126.95047,37.62643],[126.95158,37.62656],[126.95198,37.62687],[126.95276,37.62707],[126.95349,37.62737],[126.95403,37.62736],[126.9552,37.62815],[126.95557,37.62825],[126.95638,37.62822],[126.95673,37.62862],[126.95747,37.62913],[126.95881,37.62959],[126.96144,37.62996],[126.96377,37.62979],[126.96433,37.63036],[126.96523,37.63077],[126.96605,37.63082],[126.9668,37.63069],[126.96824,37.63073],[126.96939,37.63102],[126.97058,37.63148],[126.97133,37.63162],[126.97303,37.63237],[126.97367,37.63203],[126.97445,37.63198],[126.97539,37.63173],[126.97507,37.63118]]]}},{"type":"Feature","properties":{"name":"서울용산초등학교","kind":"zone","note":"학구도안내서비스 2026-03-20 기준 (교육청 공식)","shared":false},"geometry":{"type":"Polygon","coordinates":[[[126.96821,37.53606],[126.96709,37.53712],[126.9668,37.53729],[126.96696,37.53737],[126.96715,37.53776],[126.96636,37.53801],[126.97073,37.54162],[126.97103,37.54178],[126.97101,37.54112],[126.97089,37.54055],[126.97107,37.54014],[126.97107,37.53995],[126.9712,37.53996],[126.97121,37.53936],[126.9717,37.53936],[126.97168,37.54003],[126.97194,37.54014],[126.97324,37.54038],[126.97394,37.53766],[126.97503,37.53769],[126.97511,37.53525],[126.97516,37.53495],[126.97557,37.5347],[126.97579,37.53466],[126.97542,37.53291],[126.97502,37.53258],[126.97465,37.53238],[126.97374,37.53163],[126.97385,37.53154],[126.97351,37.53131],[126.97365,37.531],[126.9736,37.53091],[126.97331,37.53086],[126.97311,37.53096],[126.97282,37.53094],[126.97251,37.53064],[126.97239,37.53069],[126.97224,37.53022],[126.97249,37.53015],[126.97241,37.53],[126.97137,37.53012],[126.96952,37.52928],[126.96923,37.52896],[126.9695,37.52873],[126.96955,37.5283],[126.96937,37.52793],[126.96935,37.52774],[126.96877,37.52808],[126.96802,37.52723],[126.96676,37.52801],[126.9653,37.52648],[126.96488,37.52781],[126.96505,37.52799],[126.96409,37.52855],[126.96365,37.52813],[126.96294,37.52856],[126.96032,37.52661],[126.95774,37.52487],[126.957,37.52547],[126.95845,37.52666],[126.95778,37.52722],[126.95735,37.52719],[126.95688,37.52684],[126.95636,37.52694],[126.95585,37.52744],[126.95566,37.5275],[126.95521,37.52734],[126.95478,37.52799],[126.9546,37.52844],[126.95444,37.5297],[126.95447,37.53025],[126.95469,37.53086],[126.95499,37.53147],[126.9554,37.53187],[126.95684,37.53283],[126.95775,37.53318],[126.95836,37.53305],[126.9603,37.53327],[126.9616,37.53314],[126.96167,37.53361],[126.96265,37.5337],[126.96274,37.5335],[126.96285,37.53352],[126.96295,37.53382],[126.96354,37.53425],[126.96382,37.53435],[126.96471,37.53444],[126.96501,37.53454],[126.96637,37.53423],[126.96649,37.53412],[126.96691,37.53398],[126.96805,37.53404],[126.96879,37.53397],[126.96909,37.53408],[126.96919,37.53419],[126.96915,37.53445],[126.96905,37.53476],[126.96859,37.53559],[126.96821,37.53606]]]}},{"type":"Feature","properties":{"name":"서울위례별초등학교","kind":"zone","note":"학구도안내서비스 2026-03-20 기준 (교육청 공식)","shared":false},"geometry":{"type":"Polygon","coordinates":[[[127.14317,37.48186],[127.14465,37.48189],[127.14771,37.48177],[127.14742,37.47721],[127.14424,37.47734],[127.14414,37.47642],[127.14349,37.47519],[127.1434,37.47411],[127.14082,37.47421],[127.14093,37.47562],[127.1415,37.47662],[127.14162,37.47698],[127.1418,37.47983],[127.13887,37.47994],[127.13961,37.48104],[127.13997,37.48183],[127.14149,37.48193],[127.14317,37.48186]]]}},{"type":"Feature","properties":{"name":"서울송례초등학교 · 서울위례별초등학교","kind":"zone","note":"학구도안내서비스 2026-03-20 기준 (교육청 공식)","shared":true},"geometry":{"type":"Polygon","coordinates":[[[127.14172,37.47843],[127.14171,37.47828],[127.1379,37.47841],[127.13887,37.47994],[127.1418,37.47983],[127.14172,37.47843]]]}},{"type":"Feature","properties":{"name":"서울숭신초등학교 · 서울무학초등학교","kind":"zone","note":"학구도안내서비스 2026-03-20 기준 (교육청 공식)","shared":true},"geometry":{"type":"Polygon","coordinates":[[[127.02655,37.56505],[127.02358,37.56518],[127.0235,37.56787],[127.03011,37.56677],[127.03008,37.5641],[127.02928,37.56443],[127.02835,37.56468],[127.02655,37.56505]]]}},{"type":"Feature","properties":{"name":"서울신당초등학교","kind":"zone","note":"학구도안내서비스 2026-03-20 기준 (교육청 공식)","shared":false},"geometry":{"type":"Polygon","coordinates":[[[127.02279,37.56703],[127.02313,37.56697],[127.02312,37.56681],[127.02353,37.56681],[127.02358,37.56518],[127.02678,37.56503],[127.02666,37.56479],[127.02673,37.56477],[127.02667,37.5645],[127.02678,37.5642],[127.02671,37.56416],[127.02673,37.56388],[127.0263,37.563],[127.02621,37.56298],[127.02594,37.56262],[127.02541,37.56228],[127.02449,37.56186],[127.0242,37.56152],[127.02371,37.56114],[127.02334,37.56062],[127.02294,37.56063],[127.02286,37.5607],[127.0222,37.56077],[127.02162,37.56098],[127.0214,37.561],[127.02138,37.56082],[127.02105,37.56051],[127.02074,37.56037],[127.02044,37.5604],[127.02048,37.56052],[127.01985,37.56072],[127.01991,37.56077],[127.02007,37.56072],[127.02017,37.56081],[127.02032,37.56073],[127.02065,37.5609],[127.02042,37.56114],[127.02089,37.5615],[127.02054,37.56159],[127.0204,37.56179],[127.01965,37.5634],[127.01931,37.56329],[127.01972,37.56404],[127.01966,37.56621],[127.0211,37.56619],[127.02109,37.56642],[127.02178,37.56677],[127.02199,37.56661],[127.02221,37.56679],[127.0223,37.567],[127.02279,37.56703]]]}},{"type":"Feature","properties":{"name":"서울안평초등학교","kind":"zone","note":"학구도안내서비스 2026-03-20 기준 (교육청 공식)","shared":false},"geometry":{"type":"Polygon","coordinates":[[[127.0777,37.5719],[127.07823,37.57189],[127.07688,37.56793],[127.07409,37.56459],[127.07239,37.55996],[127.07105,37.56047],[127.07103,37.56054],[127.07076,37.5606],[127.07113,37.56124],[127.07053,37.56144],[127.06624,37.56393],[127.06804,37.56657],[127.07135,37.57171],[127.07168,37.57235],[127.0777,37.5719]]]}},{"type":"Feature","properties":{"name":"서울구산초등학교","kind":"zone","note":"학구도안내서비스 2026-03-20 기준 (교육청 공식)","shared":false},"geometry":{"type":"Polygon","coordinates":[[[126.90763,37.61987],[126.9079,37.61947],[126.90809,37.61953],[126.90858,37.61942],[126.90934,37.6188],[126.90959,37.61894],[126.91041,37.61851],[126.9119,37.61754],[126.91251,37.61686],[126.91366,37.61591],[126.91479,37.61544],[126.91427,37.6145],[126.91614,37.61383],[126.91535,37.61243],[126.91726,37.6113],[126.91689,37.6103],[126.91462,37.61114],[126.91426,37.61049],[126.91288,37.611],[126.91252,37.61038],[126.91201,37.61042],[126.91199,37.61023],[126.91217,37.60992],[126.91108,37.61001],[126.91096,37.60912],[126.90982,37.60922],[126.90988,37.60988],[126.90817,37.61005],[126.90806,37.60941],[126.90793,37.60924],[126.90794,37.60911],[126.90709,37.60909],[126.90656,37.60969],[126.90636,37.61024],[126.90588,37.61082],[126.90585,37.61107],[126.90596,37.61124],[126.9055,37.61143],[126.90533,37.61164],[126.90536,37.61213],[126.90525,37.61212],[126.90482,37.61258],[126.9047,37.61336],[126.90472,37.61357],[126.90459,37.6139],[126.90469,37.61401],[126.90412,37.61418],[126.9036,37.61397],[126.90294,37.61406],[126.9018,37.61447],[126.90173,37.61478],[126.90192,37.61509],[126.90182,37.61575],[126.90215,37.61637],[126.90247,37.61667],[126.90248,37.6169],[126.90313,37.6173],[126.90301,37.61779],[126.90305,37.61809],[126.90334,37.61831],[126.90336,37.61884],[126.90427,37.61883],[126.90523,37.61907],[126.90521,37.61987],[126.90763,37.61987]]]}},{"type":"Feature","properties":{"name":"서울대방초등학교","kind":"zone","note":"학구도안내서비스 2026-03-20 기준 (교육청 공식)","shared":false},"geometry":{"type":"Polygon","coordinates":[[[126.92253,37.50544],[126.92035,37.50004],[126.91065,37.5001],[126.91088,37.50069],[126.91156,37.50146],[126.91245,37.50183],[126.91267,37.50203],[126.91268,37.50215],[126.91232,37.50242],[126.91177,37.50204],[126.9116,37.50202],[126.91082,37.50228],[126.91051,37.50184],[126.91044,37.50182],[126.9102,37.5019],[126.91033,37.50222],[126.91037,37.50258],[126.91019,37.50362],[126.91072,37.50356],[126.91082,37.50369],[126.91097,37.50362],[126.91117,37.50387],[126.91128,37.50381],[126.91138,37.50396],[126.91169,37.50398],[126.9117,37.50408],[126.91249,37.50421],[126.91255,37.50417],[126.91264,37.50425],[126.91276,37.50418],[126.91296,37.50429],[126.91358,37.504],[126.91439,37.50418],[126.91535,37.50415],[126.91585,37.50443],[126.91717,37.50417],[126.91828,37.50414],[126.91805,37.50506],[126.9185,37.50504],[126.91881,37.50514],[126.91978,37.50517],[126.92011,37.50494],[126.92043,37.50534],[126.92057,37.50526],[126.92108,37.50557],[126.92118,37.5057],[126.9213,37.50571],[126.92125,37.50576],[126.92136,37.50607],[126.92135,37.50627],[126.92169,37.50627],[126.92276,37.50602],[126.92253,37.50544]]]}},{"type":"Feature","properties":{"name":"서울대영초등학교 · 서울우신초등학교","kind":"zone","note":"학구도안내서비스 2026-03-20 기준 (교육청 공식)","shared":true},"geometry":{"type":"Polygon","coordinates":[[[126.91574,37.50433],[126.91535,37.50415],[126.91439,37.50418],[126.91358,37.504],[126.91296,37.50429],[126.91276,37.50418],[126.91264,37.50425],[126.91255,37.50417],[126.91249,37.50421],[126.9117,37.50408],[126.91169,37.50398],[126.91138,37.50396],[126.91128,37.50381],[126.91117,37.50387],[126.91097,37.50362],[126.91082,37.50369],[126.91072,37.50356],[126.91019,37.50362],[126.91016,37.50379],[126.91017,37.50405],[126.91096,37.50578],[126.91227,37.50547],[126.91423,37.50485],[126.91585,37.50443],[126.91574,37.50433]]]}},{"type":"Feature","properties":{"name":"서울남정초등학교","kind":"zone","note":"학구도안내서비스 2026-03-20 기준 (교육청 공식)","shared":false},"geometry":{"type":"Polygon","coordinates":[[[126.96421,37.53854],[126.96715,37.53776],[126.96696,37.53737],[126.9668,37.53729],[126.96709,37.53712],[126.96792,37.53635],[126.96859,37.53559],[126.96905,37.53476],[126.96919,37.53419],[126.96909,37.53408],[126.96879,37.53397],[126.96805,37.53404],[126.96691,37.53398],[126.96649,37.53412],[126.96637,37.53423],[126.96501,37.53454],[126.96471,37.53444],[126.96382,37.53435],[126.96322,37.53407],[126.96295,37.53382],[126.96285,37.53352],[126.96274,37.5335],[126.96265,37.5337],[126.96167,37.53361],[126.9616,37.53314],[126.9603,37.53327],[126.95836,37.53305],[126.95775,37.53318],[126.95684,37.53283],[126.9554,37.53187],[126.95499,37.53147],[126.95447,37.53025],[126.95449,37.52911],[126.9546,37.52844],[126.95478,37.52799],[126.95521,37.52734],[126.95566,37.5275],[126.95585,37.52744],[126.95636,37.52694],[126.95688,37.52684],[126.95735,37.52719],[126.95778,37.52722],[126.95845,37.52666],[126.957,37.52547],[126.95774,37.52487],[126.9564,37.52354],[126.95559,37.52417],[126.95406,37.52555],[126.95376,37.52606],[126.9536,37.52649],[126.95308,37.52925],[126.95179,37.53063],[126.95244,37.53063],[126.95364,37.53122],[126.95458,37.53158],[126.95431,37.53231],[126.95481,37.53342],[126.95468,37.53416],[126.95472,37.53439],[126.95592,37.53451],[126.9564,37.53437],[126.95652,37.53486],[126.95657,37.53539],[126.9568,37.53545],[126.95684,37.53565],[126.95653,37.53575],[126.95657,37.53649],[126.95807,37.53675],[126.95832,37.53655],[126.95828,37.53647],[126.95866,37.53611],[126.9586,37.53604],[126.95868,37.53594],[126.95935,37.53567],[126.95959,37.53577],[126.95974,37.5357],[126.95998,37.536],[126.96057,37.53573],[126.96066,37.53577],[126.96054,37.53589],[126.96066,37.53596],[126.96201,37.53645],[126.96198,37.53711],[126.96254,37.53735],[126.96355,37.53746],[126.96377,37.53833],[126.96395,37.53847],[126.96421,37.53854]]]}},{"type":"Feature","properties":{"name":"서울우신초등학교","kind":"zone","note":"학구도안내서비스 2026-03-20 기준 (교육청 공식)","shared":false},"geometry":{"type":"Polygon","coordinates":[[[126.91387,37.51205],[126.91401,37.51204],[126.91437,37.51222],[126.91465,37.5119],[126.9137,37.51151],[126.91452,37.50904],[126.91448,37.50903],[126.91454,37.50878],[126.91463,37.50868],[126.91451,37.50846],[126.91457,37.50814],[126.91474,37.50782],[126.91522,37.50776],[126.91507,37.50746],[126.91502,37.50719],[126.91503,37.50692],[126.91523,37.50639],[126.91528,37.50627],[126.91594,37.50596],[126.91608,37.50573],[126.9162,37.50532],[126.91617,37.50517],[126.91588,37.50461],[126.91585,37.50443],[126.91423,37.50485],[126.91227,37.50547],[126.91096,37.50578],[126.91103,37.50614],[126.91103,37.5069],[126.91088,37.50893],[126.91051,37.51021],[126.90985,37.51184],[126.91019,37.51249],[126.91243,37.51541],[126.91248,37.51577],[126.91236,37.51691],[126.91388,37.51702],[126.91475,37.51689],[126.91484,37.51686],[126.9152,37.51602],[126.91571,37.51577],[126.91493,37.51569],[126.91451,37.5155],[126.91435,37.51527],[126.91371,37.51492],[126.91354,37.51489],[126.91358,37.51482],[126.91303,37.51446],[126.91408,37.5136],[126.91283,37.5128],[126.91312,37.51244],[126.91376,37.51205],[126.91387,37.51205]]]}},{"type":"Feature","properties":{"name":"서울구남초등학교","kind":"zone","note":"학구도안내서비스 2026-03-20 기준 (교육청 공식)","shared":false},"geometry":{"type":"Polygon","coordinates":[[[127.09307,37.53965],[127.09316,37.53956],[127.09581,37.54114],[127.0986,37.53908],[127.09956,37.53825],[127.10006,37.53772],[127.0919,37.53079],[127.09162,37.53389],[127.09174,37.53467],[127.09209,37.53553],[127.09102,37.53595],[127.09032,37.53655],[127.08925,37.53647],[127.08944,37.53745],[127.08943,37.53798],[127.08907,37.53789],[127.08991,37.54153],[127.09104,37.54145],[127.09223,37.54126],[127.09214,37.54064],[127.09307,37.53965]]]}},{"type":"Feature","properties":{"name":"서울영풍초등학교","kind":"zone","note":"학구도안내서비스 2026-03-20 기준 (교육청 공식)","shared":false},"geometry":{"type":"Polygon","coordinates":[[[127.14258,37.49924],[127.14473,37.49923],[127.14897,37.49628],[127.14705,37.49463],[127.14817,37.49385],[127.14737,37.49351],[127.14754,37.49337],[127.14915,37.49331],[127.14966,37.49294],[127.14966,37.4928],[127.14436,37.49302],[127.14326,37.49022],[127.14247,37.49047],[127.14237,37.49059],[127.14238,37.49094],[127.14224,37.49094],[127.14196,37.49133],[127.14188,37.49215],[127.14181,37.49214],[127.14178,37.49242],[127.14173,37.49242],[127.14168,37.49222],[127.14074,37.49214],[127.1401,37.49217],[127.13876,37.49249],[127.14001,37.49531],[127.13937,37.49565],[127.1399,37.49634],[127.14022,37.49689],[127.14155,37.49962],[127.14216,37.49934],[127.14258,37.49924]]]}},{"type":"Feature","properties":{"name":"서울전농초등학교 · 서울전곡초등학교","kind":"zone","note":"학구도안내서비스 2026-03-20 기준 (교육청 공식)","shared":true},"geometry":{"type":"Polygon","coordinates":[[[127.05526,37.57591],[127.05472,37.57633],[127.05244,37.57758],[127.05332,37.57868],[127.05461,37.57799],[127.05498,37.57789],[127.05497,37.5775],[127.05518,37.5772],[127.05504,37.5771],[127.05521,37.57686],[127.05556,37.57659],[127.05532,37.57621],[127.05526,37.57591]]]}},{"type":"Feature","properties":{"name":"서울송례초등학교 · 서울거원초등학교","kind":"zone","note":"학구도안내서비스 2026-03-20 기준 (교육청 공식)","shared":true},"geometry":{"type":"Polygon","coordinates":[[[127.13696,37.48335],[127.13728,37.48535],[127.13834,37.4853],[127.13816,37.48464],[127.13904,37.48454],[127.13888,37.48401],[127.13896,37.48399],[127.13866,37.48302],[127.13696,37.48335]]]}},{"type":"Feature","properties":{"name":"서울거원초등학교 · 서울위례별초등학교","kind":"zone","note":"학구도안내서비스 2026-03-20 기준 (교육청 공식)","shared":true},"geometry":{"type":"Polygon","coordinates":[[[127.14052,37.48379],[127.14049,37.48371],[127.13888,37.48401],[127.13904,37.48454],[127.13816,37.48464],[127.13834,37.4853],[127.14114,37.48518],[127.14052,37.48379]]]}},{"type":"Feature","properties":{"name":"서울당서초등학교 · 서울영동초등학교","kind":"zone","note":"학구도안내서비스 2026-03-20 기준 (교육청 공식)","shared":true},"geometry":{"type":"Polygon","coordinates":[[[126.90016,37.5283],[126.90045,37.52817],[126.90085,37.52812],[126.90164,37.52764],[126.90187,37.52766],[126.90217,37.5283],[126.90218,37.52845],[126.90199,37.52853],[126.90259,37.52931],[126.90405,37.5289],[126.90285,37.52611],[126.89927,37.52715],[126.90016,37.5283]]]}},{"type":"Feature","properties":{"name":"서울중계초등학교 · 서울상계초등학교","kind":"zone","note":"학구도안내서비스 2026-03-20 기준 (교육청 공식)","shared":true},"geometry":{"type":"Polygon","coordinates":[[[127.07159,37.65335],[127.07098,37.65265],[127.06924,37.65331],[127.06995,37.6539],[127.06944,37.65426],[127.06975,37.65453],[127.06958,37.65465],[127.06968,37.65494],[127.06956,37.65499],[127.07095,37.65611],[127.07062,37.65639],[127.07065,37.65702],[127.0708,37.65714],[127.07043,37.65746],[127.07103,37.65795],[127.07202,37.65803],[127.07197,37.65798],[127.07216,37.65521],[127.07208,37.65444],[127.07193,37.65399],[127.07159,37.65335]]]}},{"type":"Feature","properties":{"name":"서울상계초등학교","kind":"zone","note":"학구도안내서비스 2026-03-20 기준 (교육청 공식)","shared":false},"geometry":{"type":"Polygon","coordinates":[[[127.06958,37.65466],[127.06975,37.65453],[127.06944,37.65426],[127.06995,37.6539],[127.06924,37.65331],[127.07098,37.65265],[127.0705,37.6521],[127.06874,37.65049],[127.06857,37.65043],[127.06698,37.65573],[127.06058,37.65429],[127.06026,37.65563],[127.06173,37.65597],[127.06132,37.65975],[127.06261,37.65967],[127.06257,37.65891],[127.06465,37.65922],[127.06509,37.65934],[127.06522,37.6594],[127.06571,37.66156],[127.06666,37.66143],[127.06663,37.66124],[127.06731,37.6609],[127.06797,37.6615],[127.06809,37.66147],[127.06919,37.66054],[127.06901,37.66036],[127.06957,37.65992],[127.07106,37.66115],[127.07236,37.66],[127.07165,37.65889],[127.07161,37.658],[127.07103,37.65795],[127.07043,37.65746],[127.0708,37.65714],[127.07065,37.65702],[127.07062,37.65639],[127.07095,37.65611],[127.06956,37.65499],[127.06968,37.65494],[127.06958,37.65466]]]}},{"type":"Feature","properties":{"name":"서울남성초등학교 · 서울삼일초등학교","kind":"zone","note":"학구도안내서비스 2026-03-20 기준 (교육청 공식)","shared":true},"geometry":{"type":"Polygon","coordinates":[[[126.98107,37.48804],[126.98129,37.48801],[126.98209,37.48815],[126.98197,37.48671],[126.98219,37.4867],[126.98215,37.48597],[126.98186,37.48594],[126.98168,37.48545],[126.9812,37.48533],[126.97988,37.48485],[126.97996,37.48466],[126.9792,37.4844],[126.9789,37.48502],[126.97835,37.48506],[126.97768,37.4853],[126.97559,37.48701],[126.97468,37.48629],[126.97393,37.48697],[126.97375,37.48727],[126.97315,37.48776],[126.97203,37.48887],[126.97181,37.48929],[126.97159,37.48951],[126.97224,37.48999],[126.97267,37.48952],[126.97374,37.48879],[126.9744,37.488],[126.97499,37.4875],[126.97569,37.48806],[126.97649,37.48723],[126.97664,37.48715],[126.97705,37.48698],[126.97818,37.48676],[126.97886,37.48683],[126.98002,37.48736],[126.98008,37.48749],[126.98111,37.48758],[126.98107,37.48804]]]}},{"type":"Feature","properties":{"name":"서울신흥초등학교","kind":"zone","note":"학구도안내서비스 2026-03-20 기준 (교육청 공식)","shared":false},"geometry":{"type":"Polygon","coordinates":[[[126.91174,37.46012],[126.91183,37.46035],[126.91135,37.46054],[126.91068,37.46051],[126.91047,37.46035],[126.91017,37.46053],[126.90927,37.46033],[126.90927,37.46026],[126.90865,37.45997],[126.90833,37.45989],[126.90956,37.45987],[126.90958,37.45898],[126.90827,37.45896],[126.9082,37.45844],[126.90827,37.45827],[126.9088,37.45815],[126.90894,37.45789],[126.90795,37.45737],[126.90767,37.45709],[126.90768,37.45703],[126.90801,37.45688],[126.90818,37.45668],[126.90815,37.45646],[126.90806,37.45654],[126.90565,37.45622],[126.90452,37.46189],[126.90443,37.46216],[126.90404,37.46275],[126.90493,37.46271],[126.90515,37.46368],[126.90535,37.46373],[126.90596,37.46357],[126.90626,37.46364],[126.90663,37.46391],[126.90672,37.46384],[126.90676,37.464],[126.90712,37.46442],[126.90739,37.46447],[126.90803,37.4649],[126.90847,37.46508],[126.90877,37.46502],[126.90914,37.46508],[126.90931,37.46518],[126.90949,37.46571],[126.90959,37.46576],[126.90971,37.46579],[126.91051,37.46554],[126.91071,37.46542],[126.91162,37.46552],[126.91238,37.46588],[126.91255,37.46574],[126.91307,37.46567],[126.91355,37.46543],[126.91369,37.46543],[126.91294,37.46418],[126.91289,37.46394],[126.91296,37.46356],[126.91329,37.46306],[126.91371,37.46279],[126.91395,37.46194],[126.91439,37.46158],[126.91438,37.46139],[126.91418,37.46096],[126.91425,37.45995],[126.914,37.45947],[126.91424,37.45894],[126.91402,37.45845],[126.91239,37.45991],[126.91174,37.46012]]]}},{"type":"Feature","properties":{"name":"서울선유초등학교","kind":"zone","note":"학구도안내서비스 2026-03-20 기준 (교육청 공식)","shared":false},"geometry":{"type":"Polygon","coordinates":[[[126.89436,37.53609],[126.89556,37.53549],[126.89708,37.53737],[126.89843,37.53671],[126.89294,37.52975],[126.8898,37.53045],[126.89089,37.53191],[126.89171,37.53351],[126.89185,37.53451],[126.89178,37.53527],[126.89355,37.53747],[126.89492,37.53679],[126.89436,37.53609]]]}},{"type":"Feature","properties":{"name":"서울구로초등학교","kind":"zone","note":"학구도안내서비스 2026-03-20 기준 (교육청 공식)","shared":false},"geometry":{"type":"Polygon","coordinates":[[[126.88718,37.4944],[126.8856,37.49365],[126.88341,37.49308],[126.88288,37.49437],[126.88246,37.49305],[126.88224,37.4927],[126.88163,37.4927],[126.87977,37.49254],[126.87955,37.49567],[126.87871,37.49832],[126.87858,37.49898],[126.8787,37.49983],[126.8791,37.50054],[126.88083,37.50208],[126.88245,37.50071],[126.88375,37.49949],[126.88607,37.4985],[126.88882,37.49525],[126.88718,37.4944]]]}},{"type":"Feature","properties":{"name":"서울경수초등학교 · 서울경동초등학교","kind":"zone","note":"학구도안내서비스 2026-03-20 기준 (교육청 공식)","shared":true},"geometry":{"type":"Polygon","coordinates":[[[127.0551,37.53939],[127.05431,37.54114],[127.05364,37.5421],[127.05395,37.54228],[127.05423,37.54277],[127.05514,37.54469],[127.05506,37.54471],[127.05515,37.54491],[127.05712,37.54434],[127.0551,37.53939]]]}},{"type":"Feature","properties":{"name":"서울개현초등학교","kind":"zone","note":"학구도안내서비스 2026-03-20 기준 (교육청 공식)","shared":false},"geometry":{"type":"Polygon","coordinates":[[[127.06489,37.48191],[127.06593,37.48187],[127.06651,37.48171],[127.06684,37.48155],[127.06756,37.48078],[127.0607,37.47693],[127.05877,37.476],[127.05801,37.47676],[127.05926,37.47771],[127.05888,37.47805],[127.05916,37.47828],[127.0593,37.47816],[127.06027,37.47891],[127.05897,37.48013],[127.06266,37.48284],[127.06307,37.48258],[127.06417,37.48235],[127.06489,37.48191]]]}},{"type":"Feature","properties":{"name":"서울개일초등학교","kind":"zone","note":"학구도안내서비스 2026-03-20 기준 (교육청 공식)","shared":false},"geometry":{"type":"Polygon","coordinates":[[[127.05445,37.48157],[127.05377,37.48109],[127.05365,37.48124],[127.04984,37.4884],[127.05537,37.49092],[127.05622,37.48835],[127.05758,37.48906],[127.05912,37.48961],[127.06177,37.49016],[127.06357,37.49039],[127.06519,37.4907],[127.06752,37.48615],[127.06653,37.48562],[127.06144,37.48195],[127.05805,37.48479],[127.05696,37.48341],[127.05445,37.48157]]]}},{"type":"Feature","properties":{"name":"서울개원초등학교","kind":"zone","note":"학구도안내서비스 2026-03-20 기준 (교육청 공식)","shared":false},"geometry":{"type":"Polygon","coordinates":[[[127.06027,37.47891],[127.0593,37.47816],[127.05916,37.47828],[127.05888,37.47805],[127.05926,37.47771],[127.05801,37.47676],[127.05377,37.48109],[127.05696,37.48341],[127.05805,37.48479],[127.06144,37.48195],[127.05897,37.48013],[127.06027,37.47891]]]}},{"type":"Feature","properties":{"name":"서울수유초등학교","kind":"zone","note":"학구도안내서비스 2026-03-20 기준 (교육청 공식)","shared":false},"geometry":{"type":"Polygon","coordinates":[[[127.02664,37.63388],[127.0269,37.63387],[127.02699,37.63374],[127.0276,37.63347],[127.02718,37.6331],[127.02703,37.63313],[127.02637,37.63281],[127.02616,37.63278],[127.02703,37.63058],[127.02469,37.62999],[127.02577,37.62732],[127.02558,37.62726],[127.02601,37.6262],[127.02198,37.62517],[127.02187,37.62648],[127.02162,37.62649],[127.02162,37.6266],[127.02133,37.62697],[127.0216,37.62739],[127.02135,37.62803],[127.02077,37.62789],[127.02073,37.62763],[127.02026,37.62745],[127.02025,37.62777],[127.0204,37.62801],[127.02008,37.62808],[127.01827,37.62744],[127.01806,37.62745],[127.01805,37.62754],[127.01721,37.62743],[127.01651,37.6273],[127.0159,37.62711],[127.01584,37.6274],[127.01599,37.62785],[127.01642,37.62822],[127.01739,37.62857],[127.01761,37.62873],[127.01768,37.62888],[127.01753,37.62919],[127.01792,37.62942],[127.01748,37.63419],[127.01943,37.63441],[127.02745,37.63497],[127.02664,37.63388]]]}},{"type":"Feature","properties":{"name":"서울수유초등학교","kind":"zone","note":"학구도안내서비스 2026-03-20 기준 (교육청 공식)","shared":false},"geometry":{"type":"Polygon","coordinates":[[[127.0226,37.64018],[127.02273,37.63904],[127.0239,37.63912],[127.02549,37.63806],[127.02443,37.63714],[127.0246,37.63703],[127.02349,37.636],[127.02324,37.63543],[127.02309,37.63564],[127.02286,37.63787],[127.022,37.6378],[127.02174,37.64011],[127.0226,37.64018]]]}},{"type":"Feature","properties":{"name":"서울당곡초등학교","kind":"zone","note":"학구도안내서비스 2026-03-20 기준 (교육청 공식)","shared":false},"geometry":{"type":"Polygon","coordinates":[[[126.92802,37.49502],[126.92847,37.49483],[126.92986,37.49399],[126.92966,37.49463],[126.9301,37.49483],[126.93127,37.49506],[126.93159,37.49417],[126.93256,37.49441],[126.93267,37.4941],[126.93294,37.49416],[126.93314,37.49378],[126.93335,37.49362],[126.93402,37.49333],[126.93447,37.49304],[126.93537,37.49276],[126.93584,37.49242],[126.93615,37.49232],[126.93635,37.49206],[126.93655,37.49199],[126.93726,37.49193],[126.9376,37.49206],[126.93785,37.49224],[126.93815,37.49225],[126.93834,37.49237],[126.93883,37.49234],[126.93921,37.49222],[126.93923,37.4918],[126.93917,37.49175],[126.93935,37.49166],[126.93911,37.49165],[126.93904,37.49154],[126.93872,37.49138],[126.9371,37.49093],[126.93614,37.49082],[126.93542,37.49042],[126.93502,37.49064],[126.93506,37.49044],[126.93493,37.49041],[126.93516,37.48927],[126.93486,37.48919],[126.93502,37.48891],[126.93502,37.48864],[126.93494,37.48841],[126.93479,37.48845],[126.93485,37.48868],[126.93437,37.4888],[126.93419,37.48873],[126.9342,37.48666],[126.9349,37.48642],[126.93614,37.48583],[126.93587,37.48543],[126.93572,37.48482],[126.9348,37.48487],[126.93436,37.48483],[126.9297,37.48427],[126.92957,37.48527],[126.92778,37.48494],[126.92755,37.48576],[126.92821,37.48597],[126.92796,37.48605],[126.92783,37.48622],[126.92742,37.48724],[126.92731,37.48736],[126.9272,37.48777],[126.92586,37.48754],[126.92547,37.48887],[126.92407,37.48863],[126.92384,37.48947],[126.92383,37.48998],[126.92428,37.48997],[126.92449,37.49093],[126.9257,37.49079],[126.92598,37.49142],[126.92667,37.49218],[126.9266,37.49232],[126.92636,37.49249],[126.92553,37.4927],[126.92558,37.4928],[126.92622,37.49327],[126.92657,37.49322],[126.92661,37.49387],[126.92705,37.49439],[126.92721,37.49472],[126.92748,37.49501],[126.92788,37.49507],[126.92802,37.49502]]]}},{"type":"Feature","properties":{"name":"서울삼양초등학교","kind":"zone","note":"학구도안내서비스 2026-03-20 기준 (교육청 공식)","shared":false},"geometry":{"type":"Polygon","coordinates":[[[127.02027,37.62751],[127.02026,37.62745],[127.02073,37.62763],[127.02077,37.62789],[127.02135,37.62803],[127.0216,37.62739],[127.02133,37.62697],[127.02162,37.6266],[127.02162,37.62649],[127.02187,37.62648],[127.02198,37.62517],[127.02309,37.62241],[127.02352,37.62252],[127.02391,37.6216],[127.02289,37.62135],[127.02331,37.62087],[127.02326,37.62031],[127.02444,37.62007],[127.02413,37.61952],[127.02416,37.61934],[127.02411,37.61922],[127.02301,37.61915],[127.02294,37.61889],[127.02073,37.61961],[127.01976,37.6198],[127.01831,37.61998],[127.01827,37.62105],[127.01815,37.62125],[127.01783,37.62152],[127.01786,37.62187],[127.01742,37.62183],[127.0171,37.62159],[127.01649,37.62153],[127.01628,37.62163],[127.01607,37.62146],[127.01577,37.62135],[127.01512,37.62139],[127.01437,37.62156],[127.01368,37.62152],[127.01336,37.62197],[127.01279,37.62214],[127.01245,37.62233],[127.01232,37.62226],[127.01186,37.62222],[127.01151,37.62185],[127.01138,37.62186],[127.01107,37.62259],[127.01094,37.62256],[127.01076,37.62271],[127.00998,37.62225],[127.0098,37.62184],[127.00991,37.62169],[127.00936,37.6215],[127.0094,37.62041],[127.00952,37.62021],[127.00903,37.62009],[127.00895,37.62001],[127.00836,37.61992],[127.00834,37.61963],[127.0084,37.6195],[127.00909,37.61887],[127.00871,37.61854],[127.00855,37.61867],[127.0084,37.61911],[127.00817,37.61932],[127.00794,37.61941],[127.00775,37.61963],[127.00786,37.61986],[127.0076,37.62001],[127.00721,37.62051],[127.00732,37.62069],[127.0072,37.62086],[127.00732,37.62104],[127.00741,37.62139],[127.00758,37.6215],[127.00744,37.62176],[127.00763,37.62226],[127.00754,37.62266],[127.00779,37.62294],[127.00774,37.62335],[127.0079,37.62376],[127.00787,37.62401],[127.00842,37.62458],[127.00849,37.62475],[127.00886,37.62503],[127.00995,37.62522],[127.01019,37.62541],[127.01018,37.62546],[127.01053,37.62555],[127.01097,37.62561],[127.01111,37.62553],[127.01144,37.62559],[127.01139,37.62583],[127.01186,37.62604],[127.01201,37.62626],[127.01216,37.62624],[127.01224,37.62632],[127.01223,37.62659],[127.01299,37.62675],[127.01343,37.62693],[127.01515,37.62693],[127.01577,37.62701],[127.01651,37.6273],[127.01721,37.62743],[127.01805,37.62754],[127.01806,37.62745],[127.01827,37.62744],[127.02008,37.62808],[127.0204,37.62801],[127.02025,37.62777],[127.02027,37.62751]]]}},{"type":"Feature","properties":{"name":"서울을지초등학교","kind":"zone","note":"학구도안내서비스 2026-03-20 기준 (교육청 공식)","shared":false},"geometry":{"type":"Polygon","coordinates":[[[127.07417,37.65072],[127.07674,37.65066],[127.07659,37.64772],[127.07597,37.64757],[127.07554,37.64754],[127.07424,37.64759],[127.07421,37.6463],[127.07075,37.64531],[127.07006,37.64681],[127.07,37.6483],[127.06987,37.64879],[127.06961,37.64915],[127.06865,37.65021],[127.06857,37.65043],[127.06874,37.65049],[127.0705,37.6521],[127.07098,37.65265],[127.07124,37.65261],[127.07203,37.65223],[127.07384,37.65081],[127.07417,37.65072]]]}},{"type":"Feature","properties":{"name":"서울동호초등학교","kind":"zone","note":"학구도안내서비스 2026-03-20 기준 (교육청 공식)","shared":false},"geometry":{"type":"Polygon","coordinates":[[[127.01105,37.55151],[127.01254,37.55163],[127.01289,37.55155],[127.01327,37.55105],[127.01323,37.55075],[127.01277,37.5503],[127.01313,37.55005],[127.01263,37.54965],[127.0125,37.54936],[127.01263,37.54898],[127.01322,37.54902],[127.01332,37.54893],[127.01343,37.54873],[127.01331,37.54838],[127.01342,37.54825],[127.01366,37.54817],[127.0138,37.54796],[127.01382,37.54783],[127.01371,37.54754],[127.01397,37.54738],[127.01412,37.54693],[127.01306,37.54635],[127.01253,37.54583],[127.01208,37.54562],[127.01208,37.5455],[127.01172,37.54558],[127.01124,37.54541],[127.00914,37.54526],[127.00742,37.5454],[127.00678,37.54558],[127.00522,37.54669],[127.00543,37.54706],[127.00533,37.54735],[127.00567,37.54769],[127.00627,37.54781],[127.00691,37.54804],[127.00716,37.54834],[127.00735,37.54828],[127.00767,37.54831],[127.0081,37.54862],[127.00836,37.54946],[127.00837,37.55002],[127.00851,37.55049],[127.00869,37.5509],[127.0089,37.55116],[127.00919,37.55138],[127.00951,37.55146],[127.00973,37.55171],[127.00996,37.55177],[127.01039,37.55177],[127.01081,37.55156],[127.01105,37.55151]]]}},{"type":"Feature","properties":{"name":"서울숭덕초등학교","kind":"zone","note":"학구도안내서비스 2026-03-20 기준 (교육청 공식)","shared":false},"geometry":{"type":"Polygon","coordinates":[[[127.01175,37.60958],[127.01234,37.60921],[127.01236,37.60909],[127.01315,37.60913],[127.01336,37.60865],[127.0132,37.60863],[127.01329,37.60834],[127.01354,37.60838],[127.01359,37.60851],[127.01387,37.60867],[127.01475,37.60779],[127.01525,37.60811],[127.01547,37.60816],[127.01584,37.60767],[127.01586,37.60744],[127.01578,37.60727],[127.01633,37.60699],[127.01696,37.60697],[127.01715,37.60678],[127.01701,37.60639],[127.01682,37.6062],[127.01719,37.60607],[127.01717,37.60595],[127.01744,37.6059],[127.01749,37.60563],[127.01736,37.60554],[127.01769,37.60511],[127.01794,37.60515],[127.01825,37.60509],[127.01826,37.6052],[127.01833,37.6052],[127.01835,37.60509],[127.01857,37.60491],[127.01955,37.60532],[127.01976,37.60515],[127.01998,37.6052],[127.01976,37.60465],[127.01992,37.60431],[127.02045,37.6041],[127.02063,37.60377],[127.02148,37.60371],[127.02182,37.604],[127.02177,37.60432],[127.02198,37.60434],[127.02189,37.60468],[127.02249,37.60482],[127.02275,37.60405],[127.02268,37.60347],[127.02179,37.6036],[127.02166,37.60356],[127.0216,37.60294],[127.02122,37.60279],[127.02102,37.60196],[127.02217,37.60193],[127.02193,37.60092],[127.02174,37.59817],[127.0213,37.59815],[127.02116,37.59804],[127.02067,37.59831],[127.01977,37.59845],[127.0194,37.59831],[127.01861,37.59823],[127.01863,37.59835],[127.0188,37.59848],[127.01874,37.59862],[127.0185,37.59861],[127.01841,37.59869],[127.01849,37.59883],[127.01826,37.59896],[127.01834,37.59913],[127.01712,37.59968],[127.01594,37.60048],[127.01549,37.60053],[127.01533,37.60017],[127.01476,37.60033],[127.01408,37.6002],[127.01398,37.60063],[127.01433,37.60121],[127.01439,37.60159],[127.01436,37.60174],[127.0141,37.602],[127.01359,37.60229],[127.01337,37.60293],[127.01329,37.60349],[127.01283,37.6037],[127.01208,37.60429],[127.01171,37.60448],[127.01161,37.60503],[127.01093,37.60649],[127.01041,37.60633],[127.01034,37.60634],[127.01028,37.60647],[127.00984,37.60652],[127.00982,37.60741],[127.00927,37.60742],[127.00926,37.60766],[127.00895,37.60868],[127.00925,37.60864],[127.00941,37.60844],[127.01001,37.60834],[127.01016,37.60797],[127.01054,37.60807],[127.01057,37.60799],[127.01075,37.60804],[127.0107,37.60814],[127.01091,37.60819],[127.011,37.6083],[127.01138,37.60833],[127.01138,37.60841],[127.01158,37.60841],[127.01158,37.60899],[127.01134,37.60927],[127.01154,37.60936],[127.01116,37.60939],[127.01113,37.60955],[127.01167,37.60961],[127.01175,37.60958]]]}},{"type":"Feature","properties":{"name":"서울면일초등학교","kind":"zone","note":"학구도안내서비스 2026-03-20 기준 (교육청 공식)","shared":false},"geometry":{"type":"Polygon","coordinates":[[[127.09856,37.59294],[127.09869,37.5929],[127.09932,37.59406],[127.10118,37.59341],[127.10147,37.59349],[127.10185,37.59249],[127.10125,37.59234],[127.10146,37.59181],[127.10206,37.59196],[127.10229,37.5913],[127.10284,37.59114],[127.10343,37.59124],[127.10538,37.59056],[127.10434,37.58877],[127.10588,37.58812],[127.10722,37.58811],[127.1078,37.58829],[127.10832,37.58832],[127.10855,37.58826],[127.10897,37.58801],[127.10993,37.58787],[127.11015,37.58743],[127.10999,37.58602],[127.10973,37.58524],[127.10938,37.58456],[127.10938,37.58409],[127.10897,37.58338],[127.10844,37.58324],[127.10781,37.58288],[127.10724,37.58231],[127.10691,37.58226],[127.1067,37.58212],[127.10599,37.58194],[127.10417,37.58097],[127.09615,37.58181],[127.09575,37.58175],[127.09517,37.58143],[127.09464,37.58158],[127.09438,37.58135],[127.09417,37.58133],[127.09372,37.58113],[127.09391,37.58082],[127.09422,37.58086],[127.09436,37.58054],[127.0932,37.58058],[127.09364,37.58354],[127.0949,37.58589],[127.09385,37.58911],[127.09117,37.58853],[127.09084,37.58867],[127.09069,37.58907],[127.09365,37.58974],[127.09319,37.59415],[127.09693,37.59495],[127.09749,37.59331],[127.09856,37.59294]]]}},{"type":"Feature","properties":{"name":"서울강빛초등학교","kind":"zone","note":"학구도안내서비스 2026-03-20 기준 (교육청 공식)","shared":false},"geometry":{"type":"Polygon","coordinates":[[[127.17291,37.57412],[127.17603,37.57487],[127.17628,37.57427],[127.17704,37.57347],[127.17725,37.57309],[127.17708,37.57304],[127.17714,37.57289],[127.17739,37.57252],[127.17782,37.57206],[127.17788,37.57187],[127.17779,37.57179],[127.17784,37.57146],[127.17798,37.57115],[127.17832,37.57071],[127.17837,37.57046],[127.17786,37.57069],[127.17759,37.57093],[127.1767,37.5709],[127.17592,37.57067],[127.1754,37.57043],[127.1747,37.56981],[127.17366,37.56971],[127.17281,37.56933],[127.17245,37.56924],[127.17114,37.56919],[127.17076,37.56911],[127.17034,37.56895],[127.17017,37.56862],[127.16919,37.56866],[127.16713,37.57109],[127.16944,37.57117],[127.17177,37.57155],[127.17081,37.5736],[127.16947,37.57558],[127.16844,37.57519],[127.16686,37.57438],[127.16667,37.57422],[127.16509,37.57335],[127.16362,37.57515],[127.16649,37.577],[127.16792,37.57781],[127.16882,37.5782],[127.17269,37.57902],[127.17577,37.57947],[127.17706,37.57954],[127.1791,37.57921],[127.17925,37.57876],[127.17536,37.57785],[127.1736,37.57732],[127.17189,37.5767],[127.17291,37.57412]]]}},{"type":"Feature","properties":{"name":"서울일신초등학교","kind":"zone","note":"학구도안내서비스 2026-03-20 기준 (교육청 공식)","shared":false},"geometry":{"type":"Polygon","coordinates":[[[127.04166,37.60222],[127.04143,37.60186],[127.04225,37.60155],[127.04259,37.60164],[127.04331,37.60168],[127.04318,37.60104],[127.04295,37.59895],[127.04192,37.59679],[127.04178,37.59648],[127.04184,37.59646],[127.04099,37.59465],[127.04032,37.59485],[127.03994,37.59504],[127.03991,37.59547],[127.03977,37.5958],[127.03946,37.59631],[127.03898,37.59688],[127.03907,37.59709],[127.0392,37.59694],[127.0395,37.59681],[127.03959,37.59703],[127.03948,37.5972],[127.0392,37.59737],[127.03938,37.59774],[127.03676,37.59929],[127.03736,37.59988],[127.03682,37.60016],[127.03655,37.60019],[127.03654,37.60061],[127.03578,37.60086],[127.0354,37.60131],[127.03566,37.60169],[127.036,37.60252],[127.03857,37.6022],[127.03846,37.60255],[127.04166,37.60222]]]}},{"type":"Feature","properties":{"name":"서울원촌초등학교 · 서울반원초등학교","kind":"zone","note":"학구도안내서비스 2026-03-20 기준 (교육청 공식)","shared":true},"geometry":{"type":"Polygon","coordinates":[[[127.01075,37.51029],[127.012,37.50949],[127.01134,37.50884],[127.01169,37.5082],[127.00896,37.5074],[127.00815,37.50888],[127.01082,37.50979],[127.01053,37.51035],[127.01075,37.51029]]]}},{"type":"Feature","properties":{"name":"서울두산초등학교","kind":"zone","note":"학구도안내서비스 2026-03-20 기준 (교육청 공식)","shared":false},"geometry":{"type":"Polygon","coordinates":[[[126.89134,37.46121],[126.89004,37.46457],[126.88796,37.46376],[126.8871,37.46477],[126.8894,37.46577],[126.88887,37.46691],[126.88932,37.46703],[126.88614,37.4742],[126.88722,37.47475],[126.8878,37.47405],[126.88727,37.47372],[126.88795,37.47278],[126.88927,37.47361],[126.89056,37.47452],[126.89117,37.47386],[126.89171,37.47423],[126.89229,37.47365],[126.89366,37.47358],[126.89373,37.47423],[126.89408,37.47453],[126.89579,37.47235],[126.89616,37.47196],[126.89653,37.47175],[126.89713,37.47153],[126.89817,37.47143],[126.8975,37.46449],[126.89748,37.46298],[126.8968,37.46308],[126.89655,37.46349],[126.89639,37.46362],[126.89616,37.46413],[126.89605,37.46416],[126.89562,37.46404],[126.89529,37.46452],[126.89506,37.46465],[126.89353,37.46414],[126.89317,37.46376],[126.89314,37.4634],[126.89405,37.46173],[126.89134,37.46121]]]}},{"type":"Feature","properties":{"name":"서울안천초등학교 · 서울두산초등학교","kind":"zone","note":"학구도안내서비스 2026-03-20 기준 (교육청 공식)","shared":true},"geometry":{"type":"Polygon","coordinates":[[[126.89134,37.46121],[126.89174,37.46015],[126.89125,37.45998],[126.89073,37.46074],[126.88977,37.46171],[126.88796,37.46376],[126.89004,37.46457],[126.89134,37.46121]]]}},{"type":"Feature","properties":{"name":"서울보라매초등학교","kind":"zone","note":"학구도안내서비스 2026-03-20 기준 (교육청 공식)","shared":false},"geometry":{"type":"Polygon","coordinates":[[[126.9257,37.49079],[126.92449,37.49093],[126.92427,37.48997],[126.92269,37.49008],[126.91817,37.49],[126.91685,37.48962],[126.91503,37.48854],[126.91493,37.48921],[126.91518,37.49056],[126.91499,37.49037],[126.91481,37.49037],[126.91468,37.49063],[126.91395,37.49047],[126.91397,37.49075],[126.91381,37.49097],[126.91352,37.49116],[126.91307,37.49122],[126.91234,37.49118],[126.91176,37.49049],[126.91138,37.49071],[126.91079,37.49055],[126.91034,37.49051],[126.91035,37.49077],[126.90992,37.49099],[126.91026,37.49128],[126.91033,37.49143],[126.90969,37.49198],[126.90919,37.49228],[126.91035,37.49362],[126.91084,37.49429],[126.91181,37.49588],[126.91213,37.49618],[126.91253,37.49635],[126.9129,37.49642],[126.91486,37.49661],[126.91941,37.4976],[126.91982,37.4978],[126.92022,37.49834],[126.92024,37.49849],[126.92209,37.49785],[126.92208,37.49759],[126.92213,37.49757],[126.92215,37.49737],[126.92224,37.49723],[126.9222,37.49703],[126.92315,37.49655],[126.92317,37.49635],[126.92312,37.49636],[126.92325,37.49547],[126.92316,37.49542],[126.9235,37.49512],[126.92365,37.49504],[126.92413,37.49511],[126.9241,37.49523],[126.92415,37.49527],[126.92452,37.4952],[126.92482,37.49514],[126.92523,37.49483],[126.92554,37.49473],[126.92524,37.49403],[126.92559,37.49367],[126.92622,37.49327],[126.92563,37.49286],[126.92553,37.4927],[126.92636,37.49249],[126.9266,37.49232],[126.92667,37.49218],[126.92598,37.49142],[126.9257,37.49079]]]}},{"type":"Feature","properties":{"name":"서울신양초등학교 · 서울경수초등학교","kind":"zone","note":"학구도안내서비스 2026-03-20 기준 (교육청 공식)","shared":true},"geometry":{"type":"Polygon","coordinates":[[[127.0646,37.53704],[127.06558,37.53605],[127.06118,37.5372],[127.06226,37.5391],[127.06241,37.53906],[127.06298,37.53857],[127.0646,37.53704]]]}},{"type":"Feature","properties":{"name":"서울아현초등학교","kind":"zone","note":"학구도안내서비스 2026-03-20 기준 (교육청 공식)","shared":false},"geometry":{"type":"Polygon","coordinates":[[[126.95962,37.56165],[126.9598,37.56118],[126.96011,37.56097],[126.96052,37.56085],[126.96073,37.56069],[126.96074,37.55984],[126.96155,37.55964],[126.96166,37.55939],[126.96169,37.55898],[126.96115,37.55875],[126.96012,37.5577],[126.95981,37.55755],[126.95804,37.55608],[126.95753,37.55517],[126.95747,37.55518],[126.95738,37.55503],[126.95744,37.555],[126.95701,37.55413],[126.95684,37.55417],[126.95606,37.5526],[126.95623,37.55255],[126.9542,37.54843],[126.95386,37.54785],[126.95373,37.54768],[126.95294,37.54803],[126.95299,37.54829],[126.95275,37.54855],[126.95185,37.54889],[126.95143,37.5492],[126.95156,37.54946],[126.95262,37.54953],[126.95282,37.54971],[126.9512,37.55075],[126.95107,37.55097],[126.9516,37.55159],[126.95155,37.55182],[126.95114,37.55188],[126.95153,37.55224],[126.95168,37.55284],[126.95238,37.55409],[126.95275,37.5545],[126.95309,37.55473],[126.95309,37.55483],[126.95296,37.555],[126.95248,37.55534],[126.95183,37.55516],[126.95123,37.55481],[126.95119,37.55542],[126.95053,37.55542],[126.95053,37.55621],[126.9508,37.55626],[126.95079,37.55663],[126.951,37.55663],[126.95097,37.5571],[126.95495,37.55734],[126.95498,37.55721],[126.95711,37.55726],[126.95709,37.55749],[126.95686,37.55749],[126.95689,37.55787],[126.95714,37.55785],[126.95808,37.5581],[126.95821,37.55849],[126.95857,37.55871],[126.95901,37.55883],[126.95806,37.55926],[126.95758,37.55987],[126.95845,37.56018],[126.9587,37.5605],[126.95871,37.56062],[126.9583,37.56164],[126.95867,37.56165],[126.95914,37.56177],[126.95958,37.56171],[126.95962,37.56165]]]}},{"type":"Feature","properties":{"name":"서울면동초등학교 · 서울면남초등학교","kind":"zone","note":"학구도안내서비스 2026-03-20 기준 (교육청 공식)","shared":true},"geometry":{"type":"Polygon","coordinates":[[[127.08934,37.58293],[127.08995,37.58294],[127.08985,37.58218],[127.09099,37.58208],[127.09083,37.58103],[127.09208,37.58095],[127.09206,37.58091],[127.09194,37.58084],[127.09197,37.58079],[127.09167,37.58066],[127.09168,37.58054],[127.09072,37.58048],[127.09014,37.58046],[127.08844,37.58076],[127.08865,37.58192],[127.08848,37.58294],[127.08934,37.58293]]]}},{"type":"Feature","properties":{"name":"서울양전초등학교","kind":"zone","note":"학구도안내서비스 2026-03-20 기준 (교육청 공식)","shared":false},"geometry":{"type":"Polygon","coordinates":[[[127.07353,37.48803],[127.07245,37.48706],[127.07218,37.48693],[127.07174,37.48687],[127.07122,37.48703],[127.07081,37.48725],[127.06752,37.48615],[127.06519,37.4907],[127.06705,37.4911],[127.06832,37.49165],[127.06946,37.49245],[127.07118,37.4942],[127.07409,37.48888],[127.07353,37.48803]]]}},{"type":"Feature","properties":{"name":"서울개포초등학교","kind":"zone","note":"학구도안내서비스 2026-03-20 기준 (교육청 공식)","shared":false},"geometry":{"type":"Polygon","coordinates":[[[127.06521,37.48467],[127.06666,37.4857],[127.06752,37.48615],[127.07081,37.48725],[127.07122,37.48703],[127.07174,37.48687],[127.07218,37.48693],[127.07245,37.48706],[127.07328,37.48775],[127.07409,37.48888],[127.07555,37.48616],[127.06935,37.48188],[127.06913,37.48212],[127.06883,37.48213],[127.06846,37.48239],[127.06844,37.48294],[127.06814,37.48339],[127.06793,37.48352],[127.0678,37.48352],[127.06722,37.48331],[127.06616,37.48407],[127.06591,37.48406],[127.06521,37.48467]]]}},{"type":"Feature","properties":{"name":"서울서초초등학교","kind":"zone","note":"학구도안내서비스 2026-03-20 기준 (교육청 공식)","shared":false},"geometry":{"type":"Polygon","coordinates":[[[127.01766,37.49531],[127.0175,37.49565],[127.01695,37.49629],[127.01868,37.49724],[127.01924,37.49739],[127.01963,37.49745],[127.02082,37.49725],[127.01862,37.50304],[127.01954,37.50305],[127.02034,37.50324],[127.02449,37.50447],[127.0276,37.49795],[127.02129,37.49602],[127.02204,37.49404],[127.02116,37.49383],[127.02125,37.49358],[127.02075,37.49346],[127.02033,37.49314],[127.02023,37.4932],[127.02012,37.49318],[127.01825,37.49203],[127.01825,37.4918],[127.01878,37.49141],[127.01905,37.49095],[127.01931,37.491],[127.0198,37.48995],[127.0146,37.48838],[127.0137,37.49368],[127.02105,37.49594],[127.02075,37.49671],[127.01952,37.49589],[127.01766,37.49531]]]}},{"type":"Feature","properties":{"name":"서울원명초등학교","kind":"zone","note":"학구도안내서비스 2026-03-20 기준 (교육청 공식)","shared":false},"geometry":{"type":"Polygon","coordinates":[[[127.02019,37.4989],[127.02082,37.49725],[127.01963,37.49745],[127.01864,37.49723],[127.01829,37.49781],[127.01602,37.49662],[127.0167,37.49587],[127.01546,37.49583],[127.01594,37.49493],[127.01647,37.49496],[127.01941,37.49585],[127.02075,37.49671],[127.02105,37.49594],[127.0137,37.49368],[127.01235,37.49948],[127.01341,37.49964],[127.01596,37.50157],[127.01708,37.50105],[127.01974,37.50009],[127.02019,37.4989]]]}},{"type":"Feature","properties":{"name":"서울원명초등학교 · 서울서초초등학교","kind":"zone","note":"학구도안내서비스 2026-03-20 기준 (교육청 공식)","shared":true},"geometry":{"type":"Polygon","coordinates":[[[127.01868,37.49724],[127.01695,37.49629],[127.0175,37.49565],[127.01766,37.49531],[127.01647,37.49496],[127.01594,37.49493],[127.01546,37.49583],[127.0167,37.49587],[127.01602,37.49662],[127.01829,37.49781],[127.01868,37.49724]]]}},{"type":"Feature","properties":{"name":"서울장안초등학교 · 서울성수초등학교","kind":"zone","note":"학구도안내서비스 2026-03-20 기준 (교육청 공식)","shared":true},"geometry":{"type":"Polygon","coordinates":[[[127.07399,37.54493],[127.07397,37.54474],[127.07301,37.54443],[127.07277,37.54446],[127.07138,37.54152],[127.07152,37.54146],[127.07071,37.53978],[127.06791,37.54072],[127.06798,37.54082],[127.06399,37.54218],[127.06746,37.54833],[127.06767,37.54836],[127.07159,37.54788],[127.07289,37.54761],[127.0749,37.54704],[127.07436,37.54615],[127.07414,37.54565],[127.07399,37.54493]]]}},{"type":"Feature","properties":{"name":"서울면동초등학교","kind":"zone","note":"학구도안내서비스 2026-03-20 기준 (교육청 공식)","shared":false},"geometry":{"type":"Polygon","coordinates":[[[127.09105,37.58855],[127.09124,37.58853],[127.09189,37.58866],[127.09144,37.58542],[127.09373,37.58522],[127.09439,37.58498],[127.09369,37.5837],[127.09124,37.58391],[127.09116,37.58335],[127.09002,37.58344],[127.08995,37.58294],[127.08848,37.58294],[127.08865,37.58192],[127.08844,37.58076],[127.07967,37.58145],[127.0799,37.58665],[127.09069,37.58907],[127.09084,37.58867],[127.09105,37.58855]]]}},{"type":"Feature","properties":{"name":"서울면목초등학교","kind":"zone","note":"학구도안내서비스 2026-03-20 기준 (교육청 공식)","shared":false},"geometry":{"type":"Polygon","coordinates":[[[127.09335,37.5926],[127.09365,37.58974],[127.08196,37.58712],[127.08179,37.58759],[127.08078,37.58828],[127.08422,37.59142],[127.08339,37.59381],[127.08265,37.5956],[127.08858,37.59719],[127.09277,37.59817],[127.09335,37.5926]]]}},{"type":"Feature","properties":{"name":"서울면목초등학교","kind":"zone","note":"학구도안내서비스 2026-03-20 기준 (교육청 공식)","shared":false},"geometry":{"type":"Polygon","coordinates":[[[127.0949,37.58589],[127.09439,37.58498],[127.09373,37.58522],[127.09144,37.58542],[127.09189,37.58866],[127.09385,37.58911],[127.0949,37.58589]]]}},{"type":"Feature","properties":{"name":"서울화일초등학교","kind":"zone","note":"학구도안내서비스 2026-03-20 기준 (교육청 공식)","shared":false},"geometry":{"type":"Polygon","coordinates":[[[126.85183,37.54579],[126.85192,37.54573],[126.85216,37.54585],[126.85268,37.54552],[126.85472,37.54542],[126.85496,37.54451],[126.85483,37.54424],[126.85447,37.54385],[126.85444,37.54362],[126.85499,37.5431],[126.85617,37.54251],[126.85587,37.54221],[126.85597,37.54193],[126.85506,37.54137],[126.85487,37.54163],[126.85436,37.54144],[126.85418,37.5413],[126.85406,37.54107],[126.85268,37.54141],[126.85233,37.54098],[126.85125,37.54098],[126.85092,37.542],[126.8505,37.542],[126.8503,37.54191],[126.85178,37.53955],[126.85157,37.53903],[126.85163,37.53907],[126.85174,37.53873],[126.85204,37.53831],[126.85203,37.53816],[126.85179,37.53756],[126.85153,37.53709],[126.85153,37.53684],[126.85165,37.53668],[126.85002,37.5373],[126.84527,37.53562],[126.84523,37.5348],[126.84495,37.53464],[126.84216,37.5392],[126.84384,37.53961],[126.8446,37.54004],[126.84427,37.5409],[126.84497,37.54142],[126.84381,37.54249],[126.84509,37.54339],[126.84423,37.5441],[126.8438,37.54432],[126.84451,37.54528],[126.84499,37.54506],[126.84607,37.54413],[126.84688,37.54494],[126.84802,37.54439],[126.84978,37.54492],[126.84976,37.54497],[126.84995,37.54504],[126.85047,37.54516],[126.85168,37.54591],[126.85183,37.54579]]]}},{"type":"Feature","properties":{"name":"서울우장초등학교","kind":"zone","note":"학구도안내서비스 2026-03-20 기준 (교육청 공식)","shared":false},"geometry":{"type":"Polygon","coordinates":[[[126.8452,37.55687],[126.84523,37.55684],[126.84532,37.55692],[126.84548,37.55676],[126.84544,37.5566],[126.84565,37.55658],[126.84589,37.55633],[126.84613,37.5562],[126.84695,37.55493],[126.84694,37.55478],[126.84707,37.55481],[126.84803,37.55436],[126.84797,37.55425],[126.84809,37.5542],[126.8482,37.55435],[126.84875,37.55478],[126.85005,37.55435],[126.85112,37.55636],[126.85234,37.55593],[126.85083,37.55321],[126.84706,37.54886],[126.84759,37.54859],[126.84788,37.54893],[126.84915,37.5483],[126.84924,37.54786],[126.84936,37.54768],[126.85168,37.54591],[126.85047,37.54516],[126.84995,37.54504],[126.84976,37.54497],[126.84978,37.54492],[126.84802,37.54439],[126.84688,37.54494],[126.84607,37.54413],[126.84499,37.54506],[126.84451,37.54528],[126.84362,37.54406],[126.84345,37.54417],[126.84317,37.54412],[126.84304,37.54426],[126.84274,37.54424],[126.84257,37.54481],[126.84261,37.54491],[126.84237,37.54497],[126.8423,37.54523],[126.84225,37.54525],[126.84219,37.54563],[126.84175,37.54582],[126.84152,37.54583],[126.84123,37.54562],[126.8411,37.54538],[126.84008,37.54547],[126.83948,37.54565],[126.83859,37.54562],[126.83793,37.54551],[126.83797,37.54547],[126.83703,37.54513],[126.83671,37.54559],[126.83646,37.54617],[126.83632,37.54688],[126.83632,37.54797],[126.84165,37.54797],[126.84163,37.54858],[126.84151,37.54854],[126.84136,37.54866],[126.84139,37.54873],[126.84155,37.54877],[126.84153,37.54914],[126.84104,37.54922],[126.84059,37.5495],[126.84039,37.5497],[126.84016,37.55013],[126.84018,37.55172],[126.84032,37.55196],[126.84097,37.55251],[126.84083,37.55261],[126.84089,37.55271],[126.84084,37.5528],[126.84128,37.55299],[126.84213,37.55411],[126.84261,37.55425],[126.84276,37.55424],[126.84337,37.5545],[126.84342,37.55557],[126.84363,37.55558],[126.84385,37.55612],[126.84388,37.5565],[126.84423,37.55675],[126.8442,37.55684],[126.84454,37.55684],[126.84463,37.55677],[126.84505,37.55672],[126.84514,37.55694],[126.8452,37.55687]]]}},{"type":"Feature","properties":{"name":"서울청량초등학교","kind":"zone","note":"학구도안내서비스 2026-03-20 기준 (교육청 공식)","shared":false},"geometry":{"type":"Polygon","coordinates":[[[127.05732,37.60117],[127.05763,37.60118],[127.05726,37.60097],[127.05696,37.60089],[127.05751,37.60036],[127.0575,37.60007],[127.05919,37.60001],[127.06179,37.59916],[127.06137,37.59829],[127.06196,37.59803],[127.0621,37.59828],[127.06239,37.59858],[127.0623,37.59889],[127.06233,37.59907],[127.06371,37.59861],[127.06484,37.59786],[127.06376,37.59613],[127.06391,37.59605],[127.06434,37.59584],[127.06466,37.5962],[127.06507,37.59598],[127.06552,37.59662],[127.06567,37.59644],[127.0659,37.59636],[127.066,37.59649],[127.0661,37.59648],[127.06627,37.59659],[127.06635,37.59653],[127.0666,37.5967],[127.06697,37.59662],[127.06712,37.59628],[127.06622,37.59517],[127.06495,37.59539],[127.06471,37.59502],[127.06458,37.59461],[127.06389,37.5948],[127.06296,37.59521],[127.06084,37.59213],[127.06017,37.59129],[127.05958,37.59079],[127.05911,37.59048],[127.05839,37.59019],[127.05878,37.58913],[127.05644,37.58846],[127.05545,37.58786],[127.05511,37.5878],[127.05459,37.58795],[127.05378,37.58732],[127.05308,37.58764],[127.05334,37.58794],[127.05292,37.58811],[127.05228,37.58848],[127.05157,37.58894],[127.05153,37.58902],[127.05044,37.58948],[127.05029,37.58963],[127.05032,37.59014],[127.05086,37.58983],[127.05142,37.59037],[127.05136,37.59051],[127.05123,37.59048],[127.05121,37.59057],[127.0516,37.59133],[127.05076,37.59145],[127.04806,37.59158],[127.04793,37.59243],[127.04766,37.59323],[127.04743,37.59469],[127.04719,37.59473],[127.04732,37.59616],[127.04746,37.59651],[127.04782,37.59676],[127.04792,37.59697],[127.04795,37.59726],[127.04856,37.59763],[127.04906,37.59813],[127.04914,37.5984],[127.04913,37.59874],[127.04975,37.59976],[127.05044,37.60011],[127.0504,37.60058],[127.05102,37.6011],[127.0512,37.60116],[127.05169,37.60078],[127.0518,37.60049],[127.05208,37.60015],[127.05321,37.60039],[127.05319,37.60049],[127.05336,37.60052],[127.05339,37.60043],[127.05362,37.60048],[127.05389,37.60042],[127.05382,37.60061],[127.05424,37.60065],[127.05508,37.60134],[127.05544,37.60104],[127.05628,37.60134],[127.05733,37.60153],[127.05727,37.60124],[127.05732,37.60117]]]}},{"type":"Feature","properties":{"name":"서울서빙고초등학교 · 서울이태원초등학교","kind":"zone","note":"학구도안내서비스 2026-03-20 기준 (교육청 공식)","shared":true},"geometry":{"type":"Polygon","coordinates":[[[126.99748,37.5331],[126.99748,37.53301],[126.99738,37.53295],[126.99743,37.53285],[126.99738,37.53277],[126.99759,37.53266],[126.99757,37.5326],[126.99765,37.53265],[126.99799,37.5326],[126.99799,37.53254],[126.99805,37.53252],[126.99827,37.53255],[126.99915,37.53217],[126.99923,37.53224],[127.00055,37.53194],[127.00132,37.53138],[127.00292,37.53046],[127.00344,37.53009],[127.00359,37.52995],[127.00379,37.52934],[127.00342,37.52913],[127.00315,37.52881],[127.00336,37.52871],[127.00325,37.52857],[127.00294,37.52844],[127.00283,37.52814],[127.00332,37.52791],[127.00352,37.5279],[127.0036,37.5276],[127.00356,37.52751],[127.00381,37.52737],[127.00397,37.52685],[127.00426,37.52701],[127.00428,37.52696],[127.00325,37.52623],[127.00266,37.52562],[127.0016,37.52395],[127.00095,37.52306],[127.00073,37.52321],[127.00079,37.52317],[127.00067,37.52306],[127.00007,37.52268],[126.99969,37.52308],[126.99926,37.52308],[126.99886,37.52296],[126.99848,37.52318],[126.99829,37.5232],[126.99809,37.52343],[126.99833,37.52351],[126.99838,37.52362],[126.9983,37.5238],[126.99841,37.52394],[126.99835,37.52441],[126.99721,37.52494],[126.99681,37.52496],[126.99706,37.52537],[126.99689,37.52547],[126.99679,37.52572],[126.9966,37.5259],[126.99681,37.52617],[126.99669,37.5263],[126.99694,37.52671],[126.99695,37.52695],[126.99677,37.527],[126.99651,37.52724],[126.9966,37.52734],[126.99658,37.52746],[126.99646,37.52756],[126.9964,37.52792],[126.99601,37.52816],[126.99574,37.52886],[126.99579,37.52922],[126.99464,37.52876],[126.99401,37.5287],[126.99317,37.52892],[126.99307,37.52925],[126.99277,37.52938],[126.99265,37.52918],[126.99238,37.52904],[126.99204,37.52903],[126.99186,37.52919],[126.9915,37.52972],[126.99127,37.52979],[126.9912,37.53004],[126.99076,37.53071],[126.98881,37.53332],[126.98732,37.53455],[126.98782,37.53425],[126.98835,37.53411],[126.99352,37.53447],[126.99354,37.53438],[126.99396,37.53441],[126.99393,37.53449],[126.99685,37.53469],[126.99692,37.53425],[126.99696,37.53428],[126.99702,37.53403],[126.99697,37.53369],[126.99707,37.53319],[126.99748,37.5331]]]}},{"type":"Feature","properties":{"name":"서울자곡초등학교 · 서울율현초등학교","kind":"zone","note":"학구도안내서비스 2026-03-20 기준 (교육청 공식)","shared":true},"geometry":{"type":"Polygon","coordinates":[[[127.10582,37.47745],[127.10532,37.47961],[127.10771,37.47999],[127.10993,37.47672],[127.10626,37.47554],[127.10582,37.47745]]]}},{"type":"Feature","properties":{"name":"서울반원초등학교","kind":"zone","note":"학구도안내서비스 2026-03-20 기준 (교육청 공식)","shared":false},"geometry":{"type":"Polygon","coordinates":[[[127.01053,37.51247],[127.00958,37.51204],[127.01082,37.50979],[127.00815,37.50888],[127.01038,37.50476],[127.00518,37.5028],[127.00329,37.50221],[127.0011,37.50496],[126.99865,37.51011],[127.00258,37.51183],[127.0082,37.51663],[127.00958,37.5163],[127.00868,37.51542],[127.00919,37.51508],[127.00863,37.51455],[127.0102,37.51344],[127.01118,37.5144],[127.01257,37.51346],[127.01134,37.51287],[127.0116,37.51269],[127.01116,37.51226],[127.01073,37.51257],[127.01053,37.51247]]]}},{"type":"Feature","properties":{"name":"서울장곡초등학교","kind":"zone","note":"학구도안내서비스 2026-03-20 기준 (교육청 공식)","shared":false},"geometry":{"type":"Polygon","coordinates":[[[127.04934,37.62044],[127.05154,37.61821],[127.05389,37.61974],[127.05428,37.61991],[127.05442,37.61979],[127.05386,37.61936],[127.05372,37.61909],[127.05406,37.61869],[127.05476,37.61835],[127.05533,37.6178],[127.05407,37.617],[127.05441,37.61667],[127.05401,37.61644],[127.05421,37.61628],[127.0543,37.61607],[127.05356,37.61597],[127.05277,37.61683],[127.052,37.61722],[127.05107,37.61741],[127.05037,37.61747],[127.04934,37.61678],[127.04852,37.616],[127.04838,37.61574],[127.04838,37.61494],[127.049,37.61357],[127.04614,37.61388],[127.04309,37.61392],[127.04074,37.61433],[127.04025,37.6143],[127.03969,37.61406],[127.04101,37.61625],[127.04101,37.6166],[127.04395,37.61864],[127.04475,37.61957],[127.04672,37.61836],[127.04698,37.61885],[127.04754,37.61938],[127.04934,37.62044]]]}},{"type":"Feature","properties":{"name":"서울선곡초등학교","kind":"zone","note":"학구도안내서비스 2026-03-20 기준 (교육청 공식)","shared":false},"geometry":{"type":"Polygon","coordinates":[[[127.05407,37.617],[127.05533,37.6178],[127.05476,37.61835],[127.05406,37.61869],[127.05372,37.61909],[127.05386,37.61936],[127.05442,37.61979],[127.05593,37.61892],[127.05702,37.61788],[127.05726,37.61822],[127.05573,37.61947],[127.05446,37.62022],[127.05398,37.62059],[127.05245,37.62216],[127.0533,37.62255],[127.05236,37.62351],[127.05283,37.62368],[127.05312,37.62426],[127.05321,37.62432],[127.05344,37.62491],[127.0537,37.62506],[127.05418,37.62491],[127.05456,37.62505],[127.05541,37.62522],[127.05558,37.62512],[127.058,37.62647],[127.05892,37.62717],[127.05944,37.62786],[127.05965,37.62801],[127.05988,37.62797],[127.06167,37.62432],[127.06219,37.62432],[127.06275,37.62319],[127.06223,37.62305],[127.06511,37.61663],[127.06559,37.61563],[127.0657,37.61568],[127.06601,37.61501],[127.06458,37.61469],[127.06338,37.61431],[127.06243,37.61386],[127.06071,37.61284],[127.05879,37.61477],[127.05686,37.61365],[127.05501,37.61521],[127.05463,37.61498],[127.05403,37.61538],[127.05399,37.61556],[127.05356,37.61597],[127.0543,37.61607],[127.05421,37.61628],[127.05401,37.61644],[127.05441,37.61667],[127.05407,37.617]]]}},{"type":"Feature","properties":{"name":"서울휘경초등학교","kind":"zone","note":"학구도안내서비스 2026-03-20 기준 (교육청 공식)","shared":false},"geometry":{"type":"Polygon","coordinates":[[[127.06559,37.59109],[127.06469,37.59083],[127.06475,37.59062],[127.06498,37.5905],[127.06735,37.59089],[127.06778,37.59055],[127.06787,37.59021],[127.06787,37.59003],[127.06772,37.58993],[127.06637,37.59026],[127.06594,37.59007],[127.06584,37.58982],[127.06586,37.58957],[127.06579,37.58929],[127.06562,37.58929],[127.06609,37.58896],[127.06653,37.58933],[127.06684,37.58926],[127.0671,37.58906],[127.06719,37.58857],[127.06664,37.58812],[127.06679,37.58808],[127.06587,37.58652],[127.06372,37.58564],[127.06337,37.58607],[127.06331,37.58638],[127.06337,37.58643],[127.0629,37.58639],[127.06302,37.58529],[127.0629,37.58536],[127.06266,37.58526],[127.06215,37.58538],[127.06207,37.58549],[127.06147,37.5855],[127.06057,37.58514],[127.05992,37.58509],[127.05942,37.58521],[127.05737,37.585],[127.05706,37.58404],[127.05567,37.58373],[127.05525,37.58388],[127.0548,37.58387],[127.0543,37.58401],[127.05423,37.58377],[127.0539,37.58384],[127.0537,37.58381],[127.05351,37.58376],[127.05347,37.58362],[127.05231,37.58524],[127.05186,37.58547],[127.05151,37.585],[127.05008,37.58342],[127.04784,37.58147],[127.04707,37.58106],[127.0463,37.58078],[127.04602,37.58061],[127.0459,37.5807],[127.04996,37.58392],[127.05052,37.58445],[127.05308,37.58764],[127.05378,37.58732],[127.05459,37.58795],[127.05511,37.5878],[127.05545,37.58786],[127.05644,37.58846],[127.05878,37.58913],[127.05839,37.59019],[127.05897,37.59041],[127.05958,37.59079],[127.06031,37.59144],[127.06058,37.59105],[127.06245,37.59192],[127.0655,37.59261],[127.06561,37.59251],[127.06637,37.59219],[127.06712,37.59168],[127.0672,37.59157],[127.06559,37.59109]]]}},{"type":"Feature","properties":{"name":"서울청량초등학교 · 서울휘경초등학교","kind":"zone","note":"학구도안내서비스 2026-03-20 기준 (교육청 공식)","shared":true},"geometry":{"type":"Polygon","coordinates":[[[127.064,37.59476],[127.06458,37.59461],[127.0644,37.59368],[127.0655,37.59261],[127.06245,37.59192],[127.06058,37.59105],[127.06031,37.59144],[127.06296,37.59521],[127.064,37.59476]]]}},{"type":"Feature","properties":{"name":"서울위례솔초등학교 · 서울거원초등학교","kind":"zone","note":"학구도안내서비스 2026-03-20 기준 (교육청 공식)","shared":true},"geometry":{"type":"Polygon","coordinates":[[[127.15149,37.48873],[127.14951,37.48764],[127.14834,37.48901],[127.15161,37.49081],[127.15106,37.49189],[127.15192,37.49232],[127.15221,37.49227],[127.15413,37.49123],[127.15471,37.49049],[127.15149,37.48873]]]}},{"type":"Feature","properties":{"name":"서울위례솔초등학교 · 서울거원초등학교","kind":"zone","note":"학구도안내서비스 2026-03-20 기준 (교육청 공식)","shared":true},"geometry":{"type":"Polygon","coordinates":[[[127.14309,37.48391],[127.14136,37.48276],[127.14016,37.48283],[127.14052,37.48379],[127.14114,37.48518],[127.14462,37.48508],[127.14429,37.48425],[127.14309,37.48391]]]}},{"type":"Feature","properties":{"name":"서울거원초등학교","kind":"zone","note":"학구도안내서비스 2026-03-20 기준 (교육청 공식)","shared":false},"geometry":{"type":"Polygon","coordinates":[[[127.15471,37.49049],[127.15413,37.49123],[127.15221,37.49227],[127.15208,37.49232],[127.15178,37.49229],[127.15106,37.49189],[127.15161,37.49081],[127.14834,37.48901],[127.14813,37.48924],[127.1477,37.48897],[127.14725,37.48764],[127.14684,37.4872],[127.14752,37.4865],[127.1464,37.48569],[127.14591,37.4848],[127.14474,37.48507],[127.14114,37.4852],[127.14236,37.48817],[127.14307,37.48799],[127.1428,37.48735],[127.14345,37.48717],[127.14319,37.48654],[127.14341,37.48649],[127.14493,37.48657],[127.14538,37.48727],[127.14509,37.48739],[127.14456,37.4874],[127.14437,37.48789],[127.14419,37.48811],[127.14277,37.4892],[127.14356,37.49093],[127.14436,37.49302],[127.15128,37.49274],[127.15249,37.49305],[127.15304,37.49265],[127.15591,37.4912],[127.15471,37.49049]]]}},{"type":"Feature","properties":{"name":"서울원촌초등학교","kind":"zone","note":"학구도안내서비스 2026-03-20 기준 (교육청 공식)","shared":false},"geometry":{"type":"Polygon","coordinates":[[[127.01068,37.51212],[127.0107,37.51206],[127.0153,37.51216],[127.01567,37.51074],[127.01615,37.50953],[127.01933,37.51049],[127.01975,37.50964],[127.01958,37.50959],[127.0197,37.50921],[127.02114,37.5062],[127.02047,37.50599],[127.01967,37.50489],[127.01807,37.50449],[127.01862,37.50304],[127.01786,37.5031],[127.01737,37.50322],[127.0153,37.50425],[127.0139,37.5047],[127.01248,37.50489],[127.0111,37.50486],[127.01038,37.50476],[127.00896,37.5074],[127.01169,37.5082],[127.01134,37.50884],[127.012,37.50949],[127.01062,37.51036],[127.01053,37.51035],[127.00958,37.51204],[127.01053,37.51247],[127.01068,37.51212]]]}},{"type":"Feature","properties":{"name":"서울이문초등학교","kind":"zone","note":"학구도안내서비스 2026-03-20 기준 (교육청 공식)","shared":false},"geometry":{"type":"Polygon","coordinates":[[[127.06736,37.6057],[127.06723,37.60466],[127.0674,37.60258],[127.06862,37.60254],[127.06862,37.60258],[127.06918,37.60258],[127.06906,37.60219],[127.06903,37.60179],[127.06914,37.60139],[127.06935,37.60102],[127.07021,37.60024],[127.07016,37.60018],[127.07169,37.5993],[127.07117,37.59881],[127.07079,37.59862],[127.06958,37.59742],[127.06949,37.59724],[127.06942,37.59533],[127.06859,37.59532],[127.06786,37.59454],[127.06764,37.59464],[127.0675,37.59483],[127.06691,37.59511],[127.06678,37.59501],[127.06622,37.59517],[127.06712,37.59628],[127.06697,37.59662],[127.0666,37.5967],[127.06635,37.59653],[127.06627,37.59659],[127.0661,37.59648],[127.066,37.59649],[127.0659,37.59636],[127.06567,37.59644],[127.06552,37.59662],[127.06507,37.59598],[127.06466,37.5962],[127.06434,37.59584],[127.06376,37.59613],[127.06484,37.59786],[127.06371,37.59861],[127.06233,37.59907],[127.0623,37.59889],[127.06239,37.59858],[127.0621,37.59828],[127.06196,37.59803],[127.06137,37.59829],[127.06179,37.59916],[127.05919,37.60001],[127.0575,37.60007],[127.05751,37.60036],[127.05696,37.60089],[127.05726,37.60097],[127.05763,37.60118],[127.05916,37.60106],[127.05923,37.60126],[127.05934,37.60135],[127.05966,37.60152],[127.06012,37.60162],[127.06019,37.60173],[127.05992,37.60228],[127.06014,37.60283],[127.0601,37.60306],[127.06039,37.60339],[127.06071,37.60353],[127.06076,37.60348],[127.06083,37.60356],[127.06122,37.6032],[127.06146,37.60436],[127.06183,37.60479],[127.06196,37.60489],[127.0621,37.6049],[127.06219,37.60513],[127.0631,37.60525],[127.06367,37.60524],[127.06498,37.60583],[127.06552,37.60548],[127.06619,37.60558],[127.06638,37.60585],[127.06681,37.60611],[127.06734,37.60629],[127.06736,37.6057]]]}},{"type":"Feature","properties":{"name":"서울진관초등학교","kind":"zone","note":"학구도안내서비스 2026-03-20 기준 (교육청 공식)","shared":false},"geometry":{"type":"Polygon","coordinates":[[[126.93312,37.65056],[126.9336,37.65002],[126.93386,37.64983],[126.93367,37.64979],[126.93107,37.64751],[126.93044,37.64602],[126.93039,37.64553],[126.93018,37.64547],[126.93066,37.64475],[126.93193,37.64469],[126.93255,37.64438],[126.93294,37.64345],[126.93252,37.64186],[126.93208,37.6411],[126.9303,37.64156],[126.93003,37.64133],[126.92935,37.64106],[126.92871,37.64073],[126.92816,37.64087],[126.92897,37.6434],[126.92948,37.64347],[126.92879,37.64405],[126.92814,37.6436],[126.92653,37.64373],[126.92643,37.64383],[126.926,37.64356],[126.92606,37.64348],[126.92565,37.64321],[126.92561,37.64324],[126.92447,37.64282],[126.92466,37.64207],[126.92378,37.64173],[126.92309,37.64138],[126.92207,37.64041],[126.92133,37.64081],[126.92158,37.64108],[126.92168,37.64159],[126.92125,37.64575],[126.92286,37.64588],[126.92412,37.64611],[126.92713,37.6481],[126.92799,37.64889],[126.92928,37.64983],[126.9297,37.65005],[126.93028,37.65023],[126.93086,37.6503],[126.93143,37.65033],[126.9319,37.65023],[126.93216,37.65031],[126.93222,37.65039],[126.93312,37.65056]]]}},{"type":"Feature","properties":{"name":"서울신동초등학교","kind":"zone","note":"학구도안내서비스 2026-03-20 기준 (교육청 공식)","shared":false},"geometry":{"type":"Polygon","coordinates":[[[127.0153,37.51216],[127.0107,37.51206],[127.01053,37.51247],[127.01073,37.51257],[127.01116,37.51226],[127.0116,37.51269],[127.01134,37.51287],[127.01257,37.51346],[127.01118,37.5144],[127.0102,37.51344],[127.00863,37.51455],[127.00919,37.51508],[127.00868,37.51542],[127.00958,37.5163],[127.0082,37.51663],[127.01638,37.52362],[127.01694,37.52302],[127.01782,37.52181],[127.02052,37.5128],[127.02133,37.5111],[127.01615,37.50953],[127.01567,37.51074],[127.0153,37.51216]]]}},{"type":"Feature","properties":{"name":"서울방일초등학교 · 서울신중초등학교","kind":"zone","note":"학구도안내서비스 2026-03-20 기준 (교육청 공식)","shared":true},"geometry":{"type":"Polygon","coordinates":[[[127.00411,37.47855],[127.00541,37.47902],[127.00572,37.4787],[127.00356,37.47781],[127.00457,37.47642],[127.00063,37.47453],[126.99992,37.47426],[126.99946,37.47537],[126.99842,37.47715],[127.00009,37.47782],[127.00075,37.4768],[127.00134,37.47706],[127.00119,37.47729],[127.0029,37.47807],[127.00238,37.47887],[127.00358,37.47935],[127.00411,37.47855]]]}},{"type":"Feature","properties":{"name":"서울방일초등학교","kind":"zone","note":"학구도안내서비스 2026-03-20 기준 (교육청 공식)","shared":false},"geometry":{"type":"Polygon","coordinates":[[[127.00048,37.48955],[127.00041,37.48854],[127.00067,37.48811],[127.00099,37.48788],[127.00136,37.48684],[127.00065,37.48598],[127.00024,37.48563],[127.00032,37.4854],[127.00059,37.4851],[127.00086,37.48438],[127.00075,37.48372],[127.00081,37.48356],[127.00174,37.48312],[127.00185,37.48272],[127.00216,37.48283],[127.00211,37.48228],[127.00219,37.4823],[127.00308,37.48139],[127.00267,37.48086],[127.00303,37.48073],[127.00345,37.4803],[127.00296,37.4803],[127.00358,37.47935],[127.00238,37.47887],[127.0029,37.47807],[127.00119,37.47729],[127.00134,37.47706],[127.00075,37.4768],[127.00009,37.47782],[126.99842,37.47715],[126.99898,37.47622],[126.99864,37.47597],[126.99843,37.47545],[126.99797,37.47509],[126.99789,37.47493],[126.99784,37.47494],[126.99764,37.47503],[126.99683,37.4752],[126.99604,37.47589],[126.99578,37.47601],[126.99578,37.47714],[126.9959,37.47721],[126.99551,37.47824],[126.99549,37.47844],[126.99554,37.47948],[126.99577,37.47954],[126.99571,37.47975],[126.99579,37.4799],[126.99817,37.48066],[126.99763,37.48148],[126.99364,37.48017],[126.98961,37.48645],[126.99702,37.48871],[126.99667,37.48927],[126.99729,37.48952],[126.99734,37.48945],[126.99957,37.48954],[126.99964,37.48932],[127.00048,37.48955]]]}},{"type":"Feature","properties":{"name":"서울석관초등학교","kind":"zone","note":"학구도안내서비스 2026-03-20 기준 (교육청 공식)","shared":false},"geometry":{"type":"Polygon","coordinates":[[[127.06631,37.61291],[127.06714,37.61092],[127.06732,37.60726],[127.06597,37.60719],[127.06543,37.60799],[127.06605,37.60817],[127.06666,37.60847],[127.06655,37.60862],[127.06641,37.60863],[127.06602,37.60848],[127.06598,37.60925],[127.0644,37.60908],[127.06516,37.60826],[127.06449,37.60813],[127.06458,37.60775],[127.06405,37.60767],[127.06415,37.60707],[127.06371,37.60704],[127.06381,37.6065],[127.06429,37.606],[127.06468,37.60574],[127.06363,37.60523],[127.0631,37.60525],[127.06219,37.60513],[127.0621,37.6049],[127.06196,37.60489],[127.06183,37.60479],[127.06146,37.60436],[127.06122,37.6032],[127.06036,37.60402],[127.06013,37.60459],[127.05983,37.6051],[127.05936,37.60552],[127.05869,37.60572],[127.05757,37.60726],[127.05659,37.6073],[127.05642,37.60769],[127.05674,37.60792],[127.05547,37.60901],[127.0553,37.6088],[127.05536,37.6083],[127.05531,37.60755],[127.05484,37.60732],[127.05461,37.60734],[127.05389,37.60762],[127.05373,37.60775],[127.05371,37.60787],[127.05391,37.608],[127.05321,37.60885],[127.05701,37.61084],[127.05632,37.61153],[127.05689,37.6118],[127.05702,37.61215],[127.05764,37.61214],[127.05822,37.61231],[127.05686,37.61365],[127.05879,37.61477],[127.06071,37.61284],[127.06243,37.61386],[127.06338,37.61431],[127.06458,37.61469],[127.06537,37.61487],[127.06631,37.61291]]]}},{"type":"Feature","properties":{"name":"서울장위초등학교","kind":"zone","note":"학구도안내서비스 2026-03-20 기준 (교육청 공식)","shared":false},"geometry":{"type":"Polygon","coordinates":[[[127.05188,37.61722],[127.052,37.61722],[127.05277,37.61683],[127.05313,37.61639],[127.05396,37.61559],[127.05403,37.61538],[127.05463,37.61498],[127.05501,37.61521],[127.05666,37.61384],[127.05822,37.61231],[127.05764,37.61214],[127.05702,37.61215],[127.05689,37.6118],[127.05632,37.61153],[127.05701,37.61084],[127.05321,37.60885],[127.05391,37.608],[127.05371,37.60787],[127.05373,37.60775],[127.05389,37.60762],[127.05461,37.60734],[127.05431,37.60695],[127.05393,37.60676],[127.05345,37.60615],[127.05345,37.60534],[127.05197,37.60499],[127.05183,37.60523],[127.05147,37.60533],[127.05138,37.60514],[127.05104,37.60504],[127.05063,37.60477],[127.05045,37.60434],[127.05015,37.60423],[127.04919,37.60516],[127.04918,37.60571],[127.04889,37.60612],[127.04812,37.60592],[127.04761,37.60595],[127.04725,37.60909],[127.04819,37.61102],[127.04785,37.61114],[127.04755,37.6117],[127.04749,37.612],[127.04652,37.61384],[127.049,37.61357],[127.04838,37.61494],[127.04836,37.61566],[127.04852,37.616],[127.04934,37.61678],[127.05037,37.61747],[127.05107,37.61741],[127.05188,37.61722]]]}},{"type":"Feature","properties":{"name":"서울상암초등학교","kind":"zone","note":"학구도안내서비스 2026-03-20 기준 (교육청 공식)","shared":false},"geometry":{"type":"Polygon","coordinates":[[[126.89095,37.58333],[126.89753,37.5791],[126.90163,37.57631],[126.9006,37.57532],[126.89864,37.5732],[126.89819,37.57345],[126.89809,37.57334],[126.89818,37.57329],[126.89811,37.5732],[126.89759,37.57289],[126.89719,37.57304],[126.89709,37.57295],[126.89555,37.57293],[126.89462,37.57264],[126.89386,37.5733],[126.89349,37.57324],[126.893,37.57302],[126.89222,37.57292],[126.89197,37.57235],[126.89181,37.57149],[126.89153,37.57104],[126.89001,37.57065],[126.88933,37.5714],[126.88838,37.57267],[126.88798,37.57308],[126.88743,37.57351],[126.88641,37.5741],[126.88835,37.57601],[126.88777,37.57638],[126.88756,37.57672],[126.8876,37.57748],[126.8875,37.57807],[126.88722,37.57868],[126.88699,37.57896],[126.88719,37.5791],[126.88791,37.57989],[126.88498,37.58155],[126.88621,37.58281],[126.88492,37.58312],[126.88399,37.58217],[126.88205,37.58327],[126.88648,37.58656],[126.88872,37.58475],[126.89095,37.58333]]]}},{"type":"Feature","properties":{"name":"서울상지초등학교","kind":"zone","note":"학구도안내서비스 2026-03-20 기준 (교육청 공식)","shared":false},"geometry":{"type":"Polygon","coordinates":[[[126.88791,37.57989],[126.88719,37.5791],[126.88699,37.57896],[126.88722,37.57868],[126.8875,37.57807],[126.8876,37.57748],[126.88756,37.57672],[126.88777,37.57638],[126.88835,37.57601],[126.88641,37.5741],[126.87745,37.5794],[126.87763,37.57975],[126.87737,37.58011],[126.87747,37.58031],[126.87746,37.5805],[126.87742,37.58064],[126.87726,37.58077],[126.88205,37.58327],[126.88399,37.58217],[126.88492,37.58312],[126.88621,37.58281],[126.88498,37.58155],[126.88791,37.57989]]]}},{"type":"Feature","properties":{"name":"서울미동초등학교","kind":"zone","note":"학구도안내서비스 2026-03-20 기준 (교육청 공식)","shared":false},"geometry":{"type":"Polygon","coordinates":[[[126.95868,37.56589],[126.95893,37.56555],[126.95913,37.56548],[126.96,37.56557],[126.96065,37.56591],[126.96104,37.56579],[126.96177,37.56574],[126.96208,37.56554],[126.9623,37.56562],[126.96303,37.56564],[126.96299,37.56587],[126.96277,37.56591],[126.96262,37.56615],[126.96347,37.56635],[126.96391,37.5663],[126.96451,37.56642],[126.96455,37.56603],[126.96527,37.56632],[126.96511,37.56648],[126.96571,37.56678],[126.96756,37.56488],[126.96884,37.56311],[126.9695,37.56197],[126.97146,37.56243],[126.97129,37.5629],[126.97293,37.56329],[126.97285,37.56505],[126.97347,37.5652],[126.97367,37.5652],[126.97387,37.56493],[126.97409,37.5648],[126.97595,37.56495],[126.97711,37.56477],[126.97668,37.56328],[126.97592,37.56132],[126.97554,37.56059],[126.97433,37.55986],[126.96877,37.55943],[126.96851,37.5595],[126.96818,37.55984],[126.96732,37.55968],[126.9668,37.55968],[126.96629,37.55979],[126.96564,37.56041],[126.96396,37.55945],[126.96407,37.55885],[126.96421,37.55884],[126.96425,37.55822],[126.96403,37.55797],[126.96415,37.55775],[126.96416,37.5576],[126.96395,37.55717],[126.96322,37.55732],[126.96306,37.55741],[126.96308,37.5582],[126.9628,37.55807],[126.96208,37.55846],[126.96157,37.55842],[126.96155,37.55862],[126.96174,37.55883],[126.96165,37.55909],[126.96166,37.55939],[126.96155,37.55964],[126.96074,37.55984],[126.96073,37.56069],[126.96052,37.56085],[126.96011,37.56097],[126.9598,37.56118],[126.95971,37.56152],[126.95944,37.56191],[126.95902,37.56229],[126.95908,37.56278],[126.95901,37.56331],[126.95868,37.56397],[126.95908,37.56433],[126.9591,37.56441],[126.95811,37.56528],[126.95846,37.56578],[126.95868,37.56589]]]}},{"type":"Feature","properties":{"name":"서울금화초등학교 · 서울미동초등학교","kind":"zone","note":"학구도안내서비스 2026-03-20 기준 (교육청 공식)","shared":true},"geometry":{"type":"Polygon","coordinates":[[[126.96571,37.56678],[126.96511,37.56648],[126.96527,37.56632],[126.96455,37.56603],[126.96451,37.56642],[126.96391,37.5663],[126.96347,37.56635],[126.96262,37.56615],[126.96277,37.56591],[126.96299,37.56587],[126.96303,37.56564],[126.9623,37.56562],[126.96208,37.56554],[126.96177,37.56574],[126.96104,37.56579],[126.96065,37.56591],[126.96,37.56557],[126.95913,37.56548],[126.95893,37.56555],[126.95868,37.56589],[126.95894,37.56597],[126.95921,37.56626],[126.95946,37.56641],[126.95945,37.56709],[126.96058,37.56721],[126.96068,37.56742],[126.96171,37.56802],[126.96221,37.56803],[126.96233,37.56812],[126.96311,37.56789],[126.96333,37.56809],[126.96409,37.56853],[126.96571,37.56678]]]}},{"type":"Feature","properties":{"name":"서울한산초등학교","kind":"zone","note":"학구도안내서비스 2026-03-20 기준 (교육청 공식)","shared":false},"geometry":{"type":"Polygon","coordinates":[[[127.13663,37.52879],[127.13394,37.52957],[127.13436,37.53067],[127.13529,37.53146],[127.13648,37.53461],[127.13891,37.53385],[127.14003,37.53371],[127.14067,37.53374],[127.14137,37.53267],[127.14471,37.52657],[127.13663,37.52879]]]}},{"type":"Feature","properties":{"name":"서울위례초등학교","kind":"zone","note":"학구도안내서비스 2026-03-20 기준 (교육청 공식)","shared":false},"geometry":{"type":"Polygon","coordinates":[[[127.13472,37.52367],[127.13796,37.52289],[127.13835,37.5238],[127.14048,37.52327],[127.14083,37.52429],[127.14364,37.52361],[127.14382,37.52381],[127.14497,37.52609],[127.14599,37.52424],[127.14611,37.52395],[127.14622,37.52312],[127.14577,37.52194],[127.14567,37.52193],[127.14564,37.52158],[127.14527,37.52088],[127.14479,37.51962],[127.14484,37.51911],[127.1448,37.51877],[127.1449,37.51839],[127.14483,37.51797],[127.14508,37.51714],[127.14509,37.51684],[127.14383,37.51703],[127.13389,37.52143],[127.13472,37.52367]]]}},{"type":"Feature","properties":{"name":"서울한산초등학교 · 서울둔촌초등학교","kind":"zone","note":"학구도안내서비스 2026-03-20 기준 (교육청 공식)","shared":true},"geometry":{"type":"Polygon","coordinates":[[[127.13592,37.52693],[127.1357,37.52636],[127.13298,37.52702],[127.13394,37.52957],[127.13663,37.52879],[127.13592,37.52693]]]}},{"type":"Feature","properties":{"name":"서울성일초등학교","kind":"zone","note":"학구도안내서비스 2026-03-20 기준 (교육청 공식)","shared":false},"geometry":{"type":"Polygon","coordinates":[[[127.13277,37.53554],[127.13411,37.53512],[127.1342,37.53533],[127.13648,37.53461],[127.13529,37.53146],[127.13436,37.53067],[127.13394,37.52957],[127.13258,37.52994],[127.1323,37.52935],[127.13371,37.52896],[127.13349,37.52837],[127.13312,37.52847],[127.13299,37.52815],[127.13337,37.52805],[127.13298,37.52702],[127.13205,37.52733],[127.13045,37.52408],[127.12917,37.52464],[127.12863,37.52375],[127.12545,37.52515],[127.1266,37.52679],[127.12707,37.52659],[127.12783,37.52763],[127.12702,37.528],[127.12746,37.52882],[127.12695,37.52906],[127.12744,37.53006],[127.12664,37.53024],[127.12638,37.53036],[127.1269,37.53107],[127.12717,37.5312],[127.12728,37.53139],[127.12766,37.53128],[127.12836,37.53291],[127.12924,37.53267],[127.1303,37.53538],[127.13069,37.53534],[127.13093,37.53564],[127.13118,37.53626],[127.13285,37.53574],[127.13277,37.53554]]]}},{"type":"Feature","properties":{"name":"서울성일초등학교 · 서울둔촌초등학교","kind":"zone","note":"학구도안내서비스 2026-03-20 기준 (교육청 공식)","shared":true},"geometry":{"type":"Polygon","coordinates":[[[127.1357,37.52635],[127.13493,37.52422],[127.13222,37.52487],[127.13188,37.52395],[127.13125,37.52424],[127.13162,37.52502],[127.13101,37.52518],[127.13205,37.52733],[127.13331,37.52693],[127.1357,37.52635]]]}},{"type":"Feature","properties":{"name":"서울성일초등학교 · 서울둔촌초등학교","kind":"zone","note":"학구도안내서비스 2026-03-20 기준 (교육청 공식)","shared":true},"geometry":{"type":"Polygon","coordinates":[[[127.13338,37.52809],[127.13299,37.52815],[127.13312,37.52847],[127.13349,37.52837],[127.13338,37.52809]]]}},{"type":"Feature","properties":{"name":"서울성일초등학교 · 서울둔촌초등학교","kind":"zone","note":"학구도안내서비스 2026-03-20 기준 (교육청 공식)","shared":true},"geometry":{"type":"Polygon","coordinates":[[[127.13392,37.52951],[127.13371,37.52896],[127.1323,37.52935],[127.13258,37.52994],[127.13394,37.52957],[127.13392,37.52951]]]}},{"type":"Feature","properties":{"name":"서울성일초등학교 · 서울위례초등학교","kind":"zone","note":"학구도안내서비스 2026-03-20 기준 (교육청 공식)","shared":true},"geometry":{"type":"Polygon","coordinates":[[[127.13125,37.52424],[127.13188,37.52395],[127.13222,37.52487],[127.13493,37.52422],[127.13389,37.52143],[127.12863,37.52375],[127.12917,37.52464],[127.13045,37.52408],[127.13101,37.52518],[127.13162,37.52502],[127.13125,37.52424]]]}},{"type":"Feature","properties":{"name":"서울둔촌초등학교","kind":"zone","note":"학구도안내서비스 2026-03-20 기준 (교육청 공식)","shared":false},"geometry":{"type":"Polygon","coordinates":[[[127.14497,37.52609],[127.14382,37.52381],[127.14364,37.52361],[127.14083,37.52429],[127.14048,37.52327],[127.13835,37.5238],[127.13796,37.52289],[127.13472,37.52367],[127.13663,37.52879],[127.14471,37.52657],[127.14497,37.52609]]]}},{"type":"Feature","properties":{"name":"서울신월초등학교","kind":"zone","note":"학구도안내서비스 2026-03-20 기준 (교육청 공식)","shared":false},"geometry":{"type":"Polygon","coordinates":[[[126.84162,37.54581],[126.84175,37.54582],[126.84219,37.54563],[126.84225,37.54525],[126.8423,37.54523],[126.84237,37.54497],[126.84261,37.54491],[126.84257,37.54481],[126.84274,37.54424],[126.84304,37.54426],[126.84317,37.54412],[126.84345,37.54417],[126.84362,37.54406],[126.8438,37.54432],[126.84423,37.5441],[126.84509,37.54339],[126.84381,37.54249],[126.84497,37.54142],[126.84427,37.5409],[126.8446,37.54004],[126.84384,37.53961],[126.84216,37.5392],[126.84567,37.53348],[126.84392,37.53264],[126.84224,37.53254],[126.84208,37.53411],[126.84085,37.53364],[126.83859,37.53736],[126.83369,37.53666],[126.83356,37.53732],[126.83357,37.5374],[126.83374,37.53756],[126.83252,37.53956],[126.83373,37.53984],[126.83328,37.54128],[126.83441,37.54139],[126.8348,37.54252],[126.83594,37.54263],[126.8358,37.54365],[126.83643,37.5437],[126.83636,37.5442],[126.8378,37.54431],[126.83703,37.54513],[126.83797,37.54547],[126.83793,37.54551],[126.83859,37.54562],[126.83948,37.54565],[126.84008,37.54547],[126.8411,37.54538],[126.84123,37.54562],[126.84152,37.54583],[126.84162,37.54581]]]}},{"type":"Feature","properties":{"name":"서울신길초등학교","kind":"zone","note":"학구도안내서비스 2026-03-20 기준 (교육청 공식)","shared":false},"geometry":{"type":"Polygon","coordinates":[[[126.91568,37.51887],[126.91676,37.51817],[126.91947,37.51701],[126.92286,37.51584],[126.92405,37.51537],[126.92534,37.51497],[126.92683,37.51467],[126.92953,37.51454],[126.93257,37.51468],[126.93286,37.51452],[126.93165,37.51433],[126.92843,37.51349],[126.92951,37.51353],[126.92935,37.51331],[126.92942,37.51323],[126.92981,37.51323],[126.92989,37.5125],[126.93022,37.51178],[126.9307,37.51167],[126.92901,37.51012],[126.92856,37.50964],[126.92832,37.50927],[126.92863,37.50915],[126.93027,37.50785],[126.9295,37.50743],[126.92873,37.50688],[126.92766,37.50632],[126.92722,37.50619],[126.92625,37.50634],[126.92426,37.50553],[126.92291,37.5064],[126.92276,37.50602],[126.92169,37.50627],[126.92168,37.50648],[126.92062,37.50716],[126.92037,37.50746],[126.92086,37.50776],[126.92162,37.50793],[126.92162,37.50811],[126.9214,37.50849],[126.9215,37.50925],[126.92122,37.50962],[126.92078,37.50954],[126.91958,37.5108],[126.91925,37.51161],[126.91868,37.51226],[126.91854,37.51231],[126.91846,37.51314],[126.9189,37.51311],[126.91895,37.5132],[126.91958,37.5131],[126.91982,37.51391],[126.9219,37.51342],[126.92204,37.5139],[126.92204,37.51428],[126.92018,37.51568],[126.91947,37.51611],[126.91892,37.51633],[126.91895,37.51638],[126.9176,37.51681],[126.91708,37.51676],[126.91696,37.51705],[126.9167,37.51708],[126.91661,37.51727],[126.91654,37.51782],[126.91578,37.51826],[126.91465,37.51866],[126.91418,37.51875],[126.91351,37.51875],[126.91243,37.51843],[126.91479,37.51994],[126.91503,37.51956],[126.91568,37.51887]]]}},{"type":"Feature","properties":{"name":"서울휘봉초등학교","kind":"zone","note":"학구도안내서비스 2026-03-20 기준 (교육청 공식)","shared":false},"geometry":{"type":"Polygon","coordinates":[[[127.06554,37.59258],[127.0644,37.59368],[127.06464,37.59486],[127.06495,37.59539],[127.06516,37.59532],[127.0652,37.59538],[127.06563,37.59531],[127.0667,37.59502],[127.0668,37.59502],[127.06691,37.59511],[127.0675,37.59483],[127.06764,37.59464],[127.06786,37.59454],[127.06859,37.59532],[127.06942,37.59533],[127.06943,37.59512],[127.07044,37.59291],[127.07072,37.59189],[127.07072,37.59148],[127.0706,37.59096],[127.07023,37.58996],[127.0703,37.58953],[127.0706,37.58915],[127.07104,37.58896],[127.07189,37.58765],[127.07236,37.58683],[127.07238,37.58667],[127.07264,37.58651],[127.07216,37.58496],[127.07483,37.58179],[127.07519,37.5811],[127.07506,37.58104],[127.07397,37.58122],[127.06868,37.58226],[127.06871,37.58266],[127.06838,37.58275],[127.06834,37.58286],[127.06815,37.58271],[127.06817,37.58226],[127.0673,37.58211],[127.066,37.58214],[127.06554,37.58197],[127.06528,37.58171],[127.06467,37.58161],[127.06401,37.58169],[127.06408,37.58286],[127.0644,37.58346],[127.06438,37.58406],[127.0643,37.58432],[127.06443,37.58469],[127.06427,37.58474],[127.06426,37.58491],[127.06324,37.58517],[127.06302,37.58529],[127.0629,37.58639],[127.06337,37.58643],[127.06331,37.58638],[127.06337,37.58607],[127.06372,37.58564],[127.06587,37.58652],[127.06679,37.58808],[127.06664,37.58812],[127.06719,37.58857],[127.0671,37.58906],[127.06684,37.58926],[127.06653,37.58933],[127.06609,37.58896],[127.06562,37.58929],[127.06579,37.58929],[127.06586,37.58957],[127.06584,37.58982],[127.06594,37.59007],[127.06637,37.59026],[127.06708,37.59006],[127.06737,37.59004],[127.06765,37.58992],[127.06787,37.59003],[127.06778,37.59055],[127.06735,37.59089],[127.06498,37.5905],[127.06475,37.59062],[127.06469,37.59083],[127.0672,37.59157],[127.06712,37.59168],[127.06637,37.59219],[127.06554,37.59258]]]}},{"type":"Feature","properties":{"name":"서울금옥초등학교 · 서울동호초등학교","kind":"zone","note":"학구도안내서비스 2026-03-20 기준 (교육청 공식)","shared":true},"geometry":{"type":"Polygon","coordinates":[[[127.0125,37.54936],[127.01307,37.54953],[127.01338,37.5497],[127.0137,37.54998],[127.01394,37.55007],[127.01413,37.55029],[127.015,37.54926],[127.0148,37.54914],[127.01343,37.54873],[127.01322,37.54902],[127.01263,37.54898],[127.0125,37.54936]]]}},{"type":"Feature","properties":{"name":"서울은정초등학교","kind":"zone","note":"학구도안내서비스 2026-03-20 기준 (교육청 공식)","shared":false},"geometry":{"type":"Polygon","coordinates":[[[126.86615,37.50918],[126.86618,37.50901],[126.86688,37.50915],[126.867,37.50888],[126.86714,37.50889],[126.8674,37.50908],[126.86786,37.50894],[126.86808,37.509],[126.86804,37.50945],[126.86792,37.50951],[126.86817,37.50968],[126.86891,37.51046],[126.86957,37.51102],[126.8705,37.51093],[126.87041,37.51025],[126.86992,37.50986],[126.86949,37.50909],[126.86918,37.5087],[126.86811,37.5081],[126.86752,37.50764],[126.86684,37.50681],[126.86605,37.50647],[126.86616,37.50628],[126.86653,37.50599],[126.86664,37.50639],[126.86691,37.50643],[126.86734,37.50638],[126.86823,37.5065],[126.86898,37.5068],[126.86898,37.50655],[126.87005,37.50636],[126.87037,37.50642],[126.87085,37.50673],[126.87085,37.50684],[126.87111,37.50678],[126.8706,37.50577],[126.87026,37.50585],[126.86914,37.5049],[126.86901,37.50485],[126.86806,37.50488],[126.86716,37.50527],[126.86589,37.50555],[126.86493,37.50555],[126.86484,37.50498],[126.86471,37.50481],[126.86351,37.50501],[126.86314,37.50532],[126.86281,37.5058],[126.86269,37.50605],[126.86258,37.50678],[126.86376,37.50798],[126.86418,37.50833],[126.86399,37.50847],[126.86365,37.50822],[126.86248,37.50772],[126.86061,37.5109],[126.86971,37.51401],[126.87046,37.51255],[126.86802,37.51124],[126.86731,37.51061],[126.86679,37.51006],[126.86623,37.50974],[126.86648,37.50929],[126.86615,37.50918]]]}},{"type":"Feature","properties":{"name":"서울신창초등학교","kind":"zone","note":"학구도안내서비스 2026-03-20 기준 (교육청 공식)","shared":false},"geometry":{"type":"Polygon","coordinates":[[[127.04231,37.6422],[127.04175,37.64157],[127.04244,37.64124],[127.04256,37.63947],[127.04251,37.63947],[127.04254,37.639],[127.04274,37.63651],[127.04305,37.63576],[127.04352,37.63484],[127.04127,37.63398],[127.03989,37.63622],[127.03903,37.63738],[127.03876,37.63706],[127.03857,37.63708],[127.03515,37.63916],[127.03451,37.64051],[127.03417,37.64087],[127.03522,37.64195],[127.03572,37.64168],[127.03642,37.64163],[127.03682,37.64145],[127.03741,37.6413],[127.03944,37.64009],[127.04172,37.64252],[127.04231,37.6422]]]}},{"type":"Feature","properties":{"name":"서울발산초등학교","kind":"zone","note":"학구도안내서비스 2026-03-20 기준 (교육청 공식)","shared":false},"geometry":{"type":"Polygon","coordinates":[[[126.83634,37.55261],[126.83632,37.54688],[126.83637,37.54656],[126.83646,37.54617],[126.83671,37.54559],[126.83714,37.54498],[126.8378,37.54431],[126.83636,37.5442],[126.83643,37.5437],[126.83287,37.5434],[126.83138,37.54335],[126.83135,37.54428],[126.8298,37.54428],[126.83003,37.54464],[126.83046,37.54577],[126.83024,37.54617],[126.83011,37.54621],[126.82984,37.54717],[126.82976,37.54773],[126.82792,37.54757],[126.82758,37.54768],[126.82749,37.54811],[126.82814,37.5494],[126.82807,37.54981],[126.8276,37.55065],[126.82785,37.5507],[126.82801,37.55089],[126.82819,37.55083],[126.82839,37.55099],[126.82875,37.55083],[126.82919,37.55088],[126.82901,37.55171],[126.82908,37.55196],[126.82915,37.55199],[126.82928,37.55244],[126.82943,37.55242],[126.82945,37.55257],[126.82963,37.55256],[126.82956,37.55287],[126.82963,37.55315],[126.82958,37.55344],[126.83112,37.55313],[126.83634,37.55261]]]}},{"type":"Feature","properties":{"name":"서울수명초등학교","kind":"zone","note":"학구도안내서비스 2026-03-20 기준 (교육청 공식)","shared":false},"geometry":{"type":"Polygon","coordinates":[[[126.83138,37.55353],[126.83108,37.55314],[126.82958,37.55344],[126.82963,37.55315],[126.82956,37.55287],[126.82963,37.55256],[126.82945,37.55257],[126.82943,37.55242],[126.82928,37.55244],[126.82915,37.55199],[126.82908,37.55196],[126.82901,37.55171],[126.82919,37.55088],[126.82875,37.55083],[126.82839,37.55099],[126.82819,37.55083],[126.82801,37.55089],[126.82785,37.5507],[126.8276,37.55065],[126.82807,37.54981],[126.82814,37.5494],[126.82749,37.54811],[126.82758,37.54768],[126.82755,37.54761],[126.82748,37.54751],[126.82571,37.54785],[126.82573,37.54779],[126.82523,37.5475],[126.8253,37.54721],[126.82528,37.54675],[126.8256,37.54671],[126.82548,37.5463],[126.82513,37.54606],[126.82452,37.54582],[126.82409,37.54576],[126.82358,37.54578],[126.82333,37.54596],[126.82318,37.54596],[126.82262,37.5459],[126.82195,37.54572],[126.82149,37.5457],[126.82153,37.54559],[126.82129,37.54553],[126.82001,37.54531],[126.8191,37.54534],[126.81839,37.54516],[126.8172,37.54524],[126.81669,37.54518],[126.81528,37.54559],[126.81488,37.54583],[126.81447,37.5463],[126.81435,37.54654],[126.81436,37.5468],[126.8137,37.54714],[126.81295,37.54792],[126.81257,37.54949],[126.81366,37.55042],[126.81608,37.55222],[126.81649,37.55191],[126.81648,37.55226],[126.8191,37.55437],[126.82041,37.55527],[126.82243,37.55685],[126.82401,37.55553],[126.83169,37.5551],[126.83193,37.55496],[126.83202,37.55482],[126.83199,37.55435],[126.83138,37.55353]]]}},{"type":"Feature","properties":{"name":"서울망우초등학교","kind":"zone","note":"학구도안내서비스 2026-03-20 기준 (교육청 공식)","shared":false},"geometry":{"type":"Polygon","coordinates":[[[127.10684,37.60156],[127.10753,37.60185],[127.10755,37.60168],[127.10775,37.60173],[127.10787,37.60165],[127.10819,37.6017],[127.10812,37.60204],[127.10823,37.60202],[127.10879,37.60177],[127.10915,37.60124],[127.1098,37.60117],[127.10971,37.60054],[127.10961,37.60039],[127.11155,37.60027],[127.11245,37.60044],[127.11289,37.60065],[127.11338,37.60096],[127.11395,37.60144],[127.11451,37.60162],[127.11498,37.60167],[127.11553,37.60164],[127.11496,37.60077],[127.11408,37.60012],[127.11402,37.59997],[127.11406,37.59952],[127.11447,37.59905],[127.11549,37.59765],[127.11688,37.5955],[127.11666,37.59402],[127.11541,37.59353],[127.11367,37.59336],[127.11334,37.59326],[127.11269,37.5922],[127.11009,37.59317],[127.10701,37.59365],[127.10548,37.59355],[127.10395,37.59389],[127.10379,37.5949],[127.10331,37.59473],[127.10306,37.59476],[127.10272,37.59469],[127.10258,37.59479],[127.10237,37.59473],[127.10189,37.59504],[127.10197,37.59516],[127.10188,37.59533],[127.10227,37.59553],[127.10382,37.59572],[127.10317,37.59648],[127.10309,37.5969],[127.10275,37.59736],[127.10242,37.59806],[127.10183,37.59798],[127.10186,37.59796],[127.10154,37.59751],[127.10102,37.5975],[127.10101,37.59738],[127.10028,37.5974],[127.10017,37.59567],[127.09319,37.59415],[127.09277,37.59817],[127.09882,37.59954],[127.0986,37.60014],[127.10045,37.60056],[127.10051,37.60162],[127.1013,37.60159],[127.10125,37.60073],[127.10208,37.60092],[127.10211,37.60156],[127.10328,37.60153],[127.1033,37.60142],[127.10461,37.6015],[127.10469,37.60157],[127.10529,37.60163],[127.10589,37.60204],[127.10594,37.6023],[127.10618,37.60213],[127.10664,37.60161],[127.10684,37.60156]]]}},{"type":"Feature","properties":{"name":"서울중계초등학교","kind":"zone","note":"학구도안내서비스 2026-03-20 기준 (교육청 공식)","shared":false},"geometry":{"type":"Polygon","coordinates":[[[127.0788,37.66151],[127.07901,37.66148],[127.07975,37.66158],[127.07979,37.66154],[127.08133,37.66182],[127.08316,37.66131],[127.08229,37.66002],[127.08189,37.65986],[127.0806,37.65999],[127.08053,37.65966],[127.08032,37.65944],[127.08001,37.65937],[127.07992,37.65926],[127.07955,37.65829],[127.07884,37.65788],[127.07897,37.65767],[127.07924,37.65749],[127.08034,37.65756],[127.08074,37.6572],[127.08079,37.65704],[127.08098,37.6569],[127.08094,37.65678],[127.08034,37.6567],[127.08035,37.65641],[127.08009,37.65646],[127.08,37.65636],[127.07997,37.65506],[127.07817,37.65502],[127.07817,37.65616],[127.07807,37.65651],[127.07789,37.65677],[127.07749,37.65701],[127.07507,37.65778],[127.07427,37.65483],[127.07216,37.65523],[127.07197,37.65798],[127.07202,37.65803],[127.07161,37.658],[127.07165,37.65889],[127.07236,37.66],[127.07372,37.66136],[127.07545,37.66287],[127.07556,37.66344],[127.07595,37.66317],[127.07594,37.66256],[127.07774,37.66229],[127.07855,37.66185],[127.0788,37.66151]]]}},{"type":"Feature","properties":{"name":"서울신사초등학교","kind":"zone","note":"학구도안내서비스 2026-03-20 기준 (교육청 공식)","shared":false},"geometry":{"type":"Polygon","coordinates":[[[126.91569,37.59705],[126.91496,37.59438],[126.91804,37.59387],[126.91718,37.59],[126.91435,37.58877],[126.91283,37.58872],[126.91101,37.58911],[126.91077,37.58925],[126.91047,37.58957],[126.91058,37.58954],[126.91075,37.58967],[126.91095,37.59039],[126.91097,37.59068],[126.91079,37.59082],[126.90802,37.59196],[126.90854,37.59274],[126.90837,37.59283],[126.90969,37.5936],[126.90888,37.5943],[126.90826,37.59387],[126.90813,37.59382],[126.90793,37.59389],[126.90885,37.59565],[126.91016,37.5979],[126.91633,37.59921],[126.91602,37.59831],[126.91569,37.59705]]]}},{"type":"Feature","properties":{"name":"서울영신초등학교","kind":"zone","note":"학구도안내서비스 2026-03-20 기준 (교육청 공식)","shared":false},"geometry":{"type":"Polygon","coordinates":[[[126.91696,37.51705],[126.91708,37.51676],[126.9176,37.51681],[126.91785,37.51675],[126.91872,37.51647],[126.91947,37.51611],[126.9204,37.51552],[126.92204,37.51428],[126.92204,37.5139],[126.9219,37.51342],[126.91982,37.51391],[126.91958,37.5131],[126.91895,37.5132],[126.9189,37.51311],[126.91846,37.51314],[126.91854,37.51231],[126.91868,37.51226],[126.91925,37.51161],[126.91958,37.5108],[126.92078,37.50954],[126.92122,37.50962],[126.9215,37.50925],[126.9214,37.50849],[126.92162,37.50811],[126.92162,37.50793],[126.92086,37.50776],[126.92037,37.50746],[126.92062,37.50716],[126.92168,37.50648],[126.92169,37.50627],[126.92114,37.50626],[126.92112,37.50632],[126.92049,37.50665],[126.92033,37.50666],[126.92015,37.50661],[126.91961,37.50623],[126.91836,37.5059],[126.91789,37.50591],[126.91816,37.50748],[126.91757,37.50754],[126.91743,37.50661],[126.91702,37.50605],[126.91667,37.50585],[126.9162,37.50532],[126.91608,37.50573],[126.91594,37.50596],[126.91528,37.50627],[126.91502,37.50704],[126.91503,37.50733],[126.91522,37.50776],[126.91474,37.50782],[126.91457,37.50814],[126.91451,37.50846],[126.91463,37.50868],[126.91454,37.50878],[126.91448,37.50903],[126.91452,37.50904],[126.9137,37.51151],[126.91465,37.5119],[126.91437,37.51222],[126.91401,37.51204],[126.91376,37.51205],[126.91312,37.51244],[126.91283,37.5128],[126.91408,37.5136],[126.91303,37.51446],[126.91358,37.51482],[126.91354,37.51489],[126.91371,37.51492],[126.91435,37.51527],[126.91451,37.5155],[126.91493,37.51569],[126.91571,37.51577],[126.9152,37.51602],[126.91484,37.51686],[126.91388,37.51702],[126.91572,37.51713],[126.91696,37.51705]]]}},{"type":"Feature","properties":{"name":"서울한남초등학교","kind":"zone","note":"학구도안내서비스 2026-03-20 기준 (교육청 공식)","shared":false},"geometry":{"type":"Polygon","coordinates":[[[127.00457,37.5498],[127.00447,37.54911],[127.00486,37.54828],[127.00567,37.54769],[127.00533,37.54735],[127.00543,37.54706],[127.00502,37.54617],[127.00727,37.54386],[127.009,37.54414],[127.00903,37.54273],[127.00897,37.5423],[127.00878,37.54211],[127.00876,37.542],[127.00921,37.54127],[127.00928,37.54105],[127.00925,37.54057],[127.00941,37.54003],[127.00976,37.53962],[127.00983,37.53945],[127.00995,37.53939],[127.01072,37.53928],[127.01148,37.53901],[127.0128,37.53936],[127.01337,37.5389],[127.01387,37.53907],[127.01403,37.53883],[127.01479,37.5388],[127.01502,37.53845],[127.01564,37.53839],[127.01567,37.53827],[127.01606,37.53809],[127.01234,37.53201],[127.01189,37.53135],[127.01158,37.53104],[127.01113,37.53066],[127.01009,37.53],[127.00723,37.52883],[127.00648,37.52841],[127.00428,37.52696],[127.00426,37.52701],[127.00397,37.52685],[127.00381,37.52737],[127.00356,37.52751],[127.0036,37.5276],[127.00352,37.5279],[127.00332,37.52791],[127.00283,37.52814],[127.00294,37.52844],[127.00325,37.52857],[127.00336,37.52871],[127.00315,37.52881],[127.00342,37.52913],[127.00379,37.52934],[127.00359,37.52995],[127.00344,37.53009],[127.00292,37.53046],[127.00132,37.53138],[127.00055,37.53194],[126.99923,37.53224],[126.99915,37.53217],[126.99827,37.53255],[126.99805,37.53252],[126.99799,37.53254],[126.99799,37.5326],[126.99765,37.53265],[126.99757,37.5326],[126.99759,37.53266],[126.99738,37.53277],[126.99743,37.53285],[126.99738,37.53295],[126.99751,37.53306],[126.99707,37.53319],[126.99697,37.53369],[126.99702,37.53403],[126.99696,37.53428],[126.99692,37.53425],[126.99685,37.53469],[126.9971,37.53471],[126.99701,37.53523],[126.99682,37.53521],[126.99668,37.53573],[126.99628,37.53618],[126.99615,37.53625],[126.99617,37.53657],[126.99602,37.53687],[126.99519,37.5376],[126.99502,37.53811],[126.99528,37.53845],[126.99535,37.53873],[126.99534,37.53911],[126.9976,37.54086],[126.99781,37.54126],[126.99789,37.54221],[126.99745,37.54316],[126.99708,37.5437],[126.99672,37.54397],[126.99664,37.54494],[126.99672,37.54506],[126.99582,37.54666],[126.99522,37.54723],[126.99636,37.54745],[126.9967,37.54782],[126.99675,37.54852],[126.99738,37.549],[126.99743,37.54916],[126.99766,37.54936],[126.99832,37.5497],[126.99891,37.5498],[126.99909,37.54973],[127.00012,37.54982],[127.00028,37.54989],[127.00283,37.54963],[127.00342,37.55002],[127.00434,37.55021],[127.00457,37.5498]]]}},{"type":"Feature","properties":{"name":"서울오정초등학교","kind":"zone","note":"학구도안내서비스 2026-03-20 기준 (교육청 공식)","shared":false},"geometry":{"type":"Polygon","coordinates":[[[126.82713,37.4931],[126.82712,37.49304],[126.82776,37.49304],[126.83736,37.49311],[126.83657,37.49272],[126.83556,37.49244],[126.83591,37.49237],[126.83674,37.49257],[126.83733,37.4926],[126.83772,37.49253],[126.83801,37.49237],[126.8374,37.49166],[126.83639,37.48966],[126.8362,37.48942],[126.83558,37.48888],[126.83602,37.48868],[126.83468,37.48798],[126.83221,37.48691],[126.83063,37.48601],[126.82675,37.48307],[126.82753,37.48477],[126.82321,37.48172],[126.82222,37.48394],[126.82221,37.48409],[126.82185,37.48406],[126.82134,37.48421],[126.81944,37.48321],[126.81939,37.48331],[126.81957,37.48365],[126.81931,37.48418],[126.81947,37.48452],[126.81949,37.48481],[126.81929,37.48548],[126.81971,37.48564],[126.81966,37.48574],[126.82164,37.48652],[126.82239,37.48672],[126.82247,37.48696],[126.82355,37.48789],[126.82343,37.48843],[126.82304,37.48857],[126.82305,37.48929],[126.82283,37.48964],[126.82276,37.48998],[126.82151,37.49033],[126.82102,37.49059],[126.82093,37.49058],[126.82096,37.49067],[126.82079,37.49053],[126.82098,37.49079],[126.82034,37.49073],[126.82015,37.49076],[126.82031,37.49077],[126.82199,37.49201],[126.82377,37.49275],[126.82523,37.49309],[126.82714,37.49319],[126.82713,37.4931]]]}},{"type":"Feature","properties":{"name":"서울천왕초등학교","kind":"zone","note":"학구도안내서비스 2026-03-20 기준 (교육청 공식)","shared":false},"geometry":{"type":"Polygon","coordinates":[[[126.83832,37.48302],[126.83829,37.48194],[126.83891,37.48193],[126.83897,37.48156],[126.84025,37.48053],[126.8398,37.48019],[126.84094,37.47934],[126.84129,37.47928],[126.84286,37.4793],[126.84284,37.47846],[126.84273,37.47795],[126.84264,37.47783],[126.84287,37.47758],[126.84296,37.47663],[126.84282,37.47623],[126.84233,37.47573],[126.8417,37.47622],[126.84222,37.47662],[126.84178,37.47701],[126.8413,37.47665],[126.83924,37.47836],[126.83763,37.4796],[126.83685,37.4801],[126.83634,37.48137],[126.83633,37.48187],[126.83627,37.48195],[126.83603,37.48198],[126.83582,37.48237],[126.83518,37.48264],[126.83576,37.48284],[126.83597,37.48268],[126.8366,37.48277],[126.83706,37.48295],[126.83727,37.48314],[126.83822,37.48354],[126.83832,37.48302]]]}},{"type":"Feature","properties":{"name":"서울천왕초등학교","kind":"zone","note":"학구도안내서비스 2026-03-20 기준 (교육청 공식)","shared":false},"geometry":{"type":"Polygon","coordinates":[[[126.8378,37.48553],[126.83769,37.48514],[126.83589,37.48532],[126.83665,37.48571],[126.83719,37.4867],[126.83738,37.48688],[126.83781,37.48695],[126.83795,37.48679],[126.83801,37.48629],[126.83822,37.48615],[126.8378,37.48553]]]}},{"type":"Feature","properties":{"name":"서울윤중초등학교","kind":"zone","note":"학구도안내서비스 2026-03-20 기준 (교육청 공식)","shared":false},"geometry":{"type":"Polygon","coordinates":[[[126.92291,37.52751],[126.91867,37.52487],[126.91623,37.52736],[126.91414,37.52606],[126.91357,37.52691],[126.92157,37.53196],[126.92575,37.53075],[126.9268,37.53038],[126.92714,37.53017],[126.92291,37.52751]]]}},{"type":"Feature","properties":{"name":"서울윤중초등학교","kind":"zone","note":"학구도안내서비스 2026-03-20 기준 (교육청 공식)","shared":false},"geometry":{"type":"Polygon","coordinates":[[[126.9215,37.52197],[126.92272,37.52074],[126.92418,37.52164],[126.92531,37.52051],[126.92616,37.52102],[126.9273,37.51988],[126.92863,37.52071],[126.93077,37.51854],[126.93152,37.51901],[126.93322,37.51725],[126.92892,37.51696],[126.92811,37.51696],[126.92693,37.51711],[126.92561,37.51747],[126.9211,37.51925],[126.91949,37.51993],[126.91858,37.52047],[126.92131,37.52217],[126.9215,37.52197]]]}},{"type":"Feature","properties":{"name":"서울윤중초등학교","kind":"zone","note":"학구도안내서비스 2026-03-20 기준 (교육청 공식)","shared":false},"geometry":{"type":"Polygon","coordinates":[[[126.9095,37.519],[126.91189,37.51849],[126.91243,37.51843],[126.90663,37.51641],[126.90484,37.51998],[126.9095,37.519]]]}},{"type":"Feature","properties":{"name":"서울용곡초등학교","kind":"zone","note":"학구도안내서비스 2026-03-20 기준 (교육청 공식)","shared":false},"geometry":{"type":"Polygon","coordinates":[[[127.09067,37.55742],[127.08952,37.55824],[127.08911,37.55788],[127.08803,37.55863],[127.08776,37.55865],[127.08764,37.55935],[127.08748,37.55949],[127.0823,37.56231],[127.08356,37.56461],[127.08369,37.56457],[127.08463,37.56618],[127.08467,37.56634],[127.08454,37.56639],[127.08591,37.56889],[127.08609,37.56906],[127.08617,37.57083],[127.08818,37.57085],[127.08895,37.56854],[127.08912,37.56854],[127.08975,37.5683],[127.08971,37.56812],[127.08981,37.56776],[127.0898,37.56745],[127.08967,37.56721],[127.08957,37.56715],[127.08941,37.56624],[127.08955,37.56554],[127.08946,37.56535],[127.0887,37.56525],[127.0886,37.56514],[127.08833,37.56511],[127.08835,37.56439],[127.08943,37.56426],[127.08974,37.56408],[127.08974,37.56293],[127.09007,37.56216],[127.09022,37.56211],[127.09065,37.56222],[127.09103,37.56203],[127.09093,37.56187],[127.09121,37.56169],[127.09136,37.56184],[127.09149,37.56177],[127.09164,37.56151],[127.09203,37.56113],[127.09309,37.5607],[127.09371,37.56065],[127.09392,37.56068],[127.09453,37.56042],[127.09392,37.55924],[127.09415,37.55921],[127.09478,37.56005],[127.09487,37.55998],[127.09497,37.55885],[127.09448,37.55827],[127.093,37.55837],[127.09255,37.55816],[127.0916,37.55821],[127.09067,37.55742]]]}},{"type":"Feature","properties":{"name":"서울용곡초등학교","kind":"zone","note":"학구도안내서비스 2026-03-20 기준 (교육청 공식)","shared":false},"geometry":{"type":"Polygon","coordinates":[[[127.09067,37.55742],[127.09168,37.55671],[127.09126,37.55634],[127.09026,37.55705],[127.09067,37.55742]]]}},{"type":"Feature","properties":{"name":"서울동의초등학교","kind":"zone","note":"학구도안내서비스 2026-03-20 기준 (교육청 공식)","shared":false},"geometry":{"type":"Polygon","coordinates":[[[127.09616,37.56031],[127.09564,37.5584],[127.09622,37.55712],[127.09605,37.55652],[127.09617,37.55655],[127.09623,37.55571],[127.09615,37.55548],[127.0967,37.55511],[127.09723,37.55506],[127.09753,37.55483],[127.09715,37.55447],[127.09764,37.55419],[127.0985,37.55461],[127.09876,37.55457],[127.09886,37.55443],[127.09882,37.55431],[127.09851,37.55407],[127.09833,37.55407],[127.09832,37.55397],[127.09884,37.55394],[127.09944,37.55321],[127.0992,37.55284],[127.09962,37.55261],[127.09869,37.55198],[127.09895,37.55136],[127.09895,37.55112],[127.09869,37.55102],[127.09792,37.55029],[127.09819,37.55006],[127.09799,37.54947],[127.09771,37.54933],[127.09764,37.54857],[127.09766,37.54825],[127.09824,37.5475],[127.0983,37.54749],[127.09822,37.54714],[127.09443,37.54844],[127.09484,37.54861],[127.09484,37.54881],[127.09502,37.54908],[127.09502,37.5493],[127.09489,37.54971],[127.09498,37.54972],[127.09479,37.55058],[127.09491,37.55079],[127.09459,37.55157],[127.09343,37.55131],[127.09315,37.55205],[127.09242,37.55194],[127.09234,37.55197],[127.09218,37.55176],[127.09175,37.55265],[127.09194,37.55283],[127.0914,37.55322],[127.09186,37.55363],[127.09009,37.55489],[127.08989,37.55498],[127.08986,37.55508],[127.09168,37.55671],[127.09067,37.55742],[127.0916,37.55821],[127.09255,37.55816],[127.093,37.55837],[127.09448,37.55827],[127.09497,37.55885],[127.09488,37.55995],[127.09478,37.56005],[127.09415,37.55921],[127.09392,37.55924],[127.09453,37.56042],[127.09392,37.56068],[127.09481,37.56152],[127.09563,37.56266],[127.09671,37.56291],[127.09671,37.5625],[127.0962,37.56194],[127.09603,37.56102],[127.09616,37.56031]]]}},{"type":"Feature","properties":{"name":"서울등양초등학교","kind":"zone","note":"학구도안내서비스 2026-03-20 기준 (교육청 공식)","shared":false},"geometry":{"type":"Polygon","coordinates":[[[126.84007,37.56669],[126.84081,37.56653],[126.84115,37.56794],[126.84287,37.56613],[126.84353,37.5659],[126.84576,37.56481],[126.84589,37.56496],[126.84646,37.56472],[126.84761,37.56504],[126.84889,37.56436],[126.84829,37.56359],[126.84714,37.56414],[126.84658,37.56336],[126.84622,37.56306],[126.84539,37.56258],[126.84497,37.56195],[126.84375,37.56242],[126.83976,37.56323],[126.83045,37.56413],[126.83085,37.56725],[126.83208,37.56751],[126.83316,37.56668],[126.83426,37.56561],[126.83455,37.56747],[126.83485,37.56794],[126.83552,37.56853],[126.83881,37.56679],[126.84007,37.56669]]]}},{"type":"Feature","properties":{"name":"서울사근초등학교","kind":"zone","note":"학구도안내서비스 2026-03-20 기준 (교육청 공식)","shared":false},"geometry":{"type":"Polygon","coordinates":[[[127.04835,37.56558],[127.05,37.56251],[127.05122,37.55938],[127.05173,37.55836],[127.05199,37.55764],[127.05212,37.55692],[127.05212,37.5561],[127.05186,37.55493],[127.05131,37.55352],[127.05068,37.55267],[127.05,37.55283],[127.04685,37.55314],[127.0449,37.55299],[127.04384,37.55283],[127.04333,37.55627],[127.04325,37.55658],[127.04304,37.55691],[127.04263,37.55725],[127.04229,37.5574],[127.04122,37.55764],[127.03994,37.55783],[127.03927,37.55807],[127.0392,37.55847],[127.0394,37.56037],[127.03934,37.56069],[127.03916,37.5608],[127.03875,37.56283],[127.03906,37.56283],[127.03906,37.56262],[127.03919,37.56263],[127.03919,37.56228],[127.03937,37.56228],[127.03937,37.56223],[127.04022,37.56202],[127.04139,37.56208],[127.04158,37.56211],[127.04171,37.56226],[127.0421,37.56224],[127.04254,37.562],[127.04288,37.56231],[127.04386,37.56403],[127.04436,37.56401],[127.04486,37.56364],[127.04534,37.56371],[127.04529,37.56433],[127.04564,37.56471],[127.04589,37.56456],[127.04639,37.56512],[127.04661,37.56513],[127.0467,37.56531],[127.0465,37.56542],[127.0473,37.56542],[127.04835,37.56558]]]}},{"type":"Feature","properties":{"name":"서울마장초등학교","kind":"zone","note":"학구도안내서비스 2026-03-20 기준 (교육청 공식)","shared":false},"geometry":{"type":"Polygon","coordinates":[[[127.03906,37.56262],[127.03906,37.56283],[127.03875,37.56283],[127.03916,37.5608],[127.03934,37.56069],[127.0394,37.56037],[127.03933,37.55974],[127.03895,37.55969],[127.03883,37.56022],[127.03823,37.56016],[127.0381,37.56065],[127.03707,37.56057],[127.03677,37.56089],[127.03635,37.56067],[127.03678,37.56009],[127.03716,37.55978],[127.03713,37.55962],[127.03688,37.55942],[127.03542,37.56111],[127.03599,37.56247],[127.03649,37.56606],[127.03764,37.56594],[127.03777,37.56671],[127.03804,37.56738],[127.04113,37.57149],[127.04053,37.57159],[127.0379,37.57173],[127.03794,37.57227],[127.03842,37.57231],[127.04024,37.57218],[127.04102,37.57205],[127.04174,37.57183],[127.04257,37.57154],[127.04505,37.57035],[127.04557,37.57003],[127.04616,37.56949],[127.04681,37.56857],[127.04835,37.56558],[127.0473,37.56542],[127.0465,37.56542],[127.04612,37.56555],[127.04523,37.56608],[127.04464,37.56548],[127.04444,37.56559],[127.04379,37.56489],[127.04286,37.56544],[127.04258,37.56572],[127.04169,37.56519],[127.04173,37.56237],[127.04169,37.56219],[127.04139,37.56208],[127.04022,37.56202],[127.03937,37.56223],[127.03937,37.56228],[127.03919,37.56228],[127.03919,37.56263],[127.03906,37.56262]]]}},{"type":"Feature","properties":{"name":"서울양천초등학교","kind":"zone","note":"학구도안내서비스 2026-03-20 기준 (교육청 공식)","shared":false},"geometry":{"type":"Polygon","coordinates":[[[126.84007,37.56669],[126.83881,37.56679],[126.83552,37.56853],[126.83485,37.56794],[126.83455,37.56747],[126.83426,37.56561],[126.83316,37.56668],[126.83208,37.56751],[126.83085,37.56725],[126.83162,37.57262],[126.82644,37.57292],[126.82605,37.57356],[126.82396,37.57355],[126.82394,37.5741],[126.82238,37.57457],[126.82211,37.57407],[126.8216,37.5744],[126.82092,37.57561],[126.82096,37.57635],[126.82126,37.57707],[126.82159,37.57731],[126.82297,37.57884],[126.82318,37.57915],[126.82366,37.57935],[126.82388,37.57938],[126.82418,37.57968],[126.82488,37.58006],[126.82567,37.58082],[126.82582,37.58105],[126.8259,37.58135],[126.82676,37.58207],[126.82781,37.5831],[126.82846,37.58354],[126.82873,37.58387],[126.83193,37.58572],[126.83715,37.58256],[126.8381,37.58179],[126.84233,37.57928],[126.84324,37.57888],[126.8473,37.576],[126.84838,37.57516],[126.85235,37.57272],[126.85363,37.57179],[126.84909,37.57047],[126.84786,37.57119],[126.84757,37.57093],[126.84749,37.57098],[126.84729,37.57077],[126.84691,37.5707],[126.84614,37.56989],[126.8452,37.57015],[126.84485,37.56924],[126.84806,37.56835],[126.84836,37.56811],[126.84874,37.56755],[126.84876,37.56751],[126.84714,37.56708],[126.8466,37.56682],[126.84526,37.5666],[126.84516,37.56635],[126.84761,37.56504],[126.84646,37.56472],[126.84589,37.56496],[126.84576,37.56481],[126.84353,37.5659],[126.84287,37.56613],[126.84115,37.56794],[126.84081,37.56653],[126.84007,37.56669]]]}},{"type":"Feature","properties":{"name":"서울염창초등학교","kind":"zone","note":"학구도안내서비스 2026-03-20 기준 (교육청 공식)","shared":false},"geometry":{"type":"Polygon","coordinates":[[[126.86538,37.55537],[126.86639,37.55462],[126.86908,37.55333],[126.87207,37.55087],[126.87296,37.55029],[126.87398,37.54992],[126.875,37.54964],[126.87645,37.54925],[126.87816,37.5489],[126.87953,37.54823],[126.87994,37.54765],[126.87796,37.5471],[126.87417,37.54694],[126.87329,37.54698],[126.87243,37.54711],[126.8716,37.54734],[126.87066,37.54772],[126.86575,37.55065],[126.86394,37.55146],[126.86355,37.55374],[126.86449,37.55333],[126.86519,37.55432],[126.8636,37.55516],[126.86379,37.5554],[126.86417,37.55521],[126.86471,37.55588],[126.86538,37.55537]]]}},{"type":"Feature","properties":{"name":"서울백석초등학교","kind":"zone","note":"학구도안내서비스 2026-03-20 기준 (교육청 공식)","shared":false},"geometry":{"type":"Polygon","coordinates":[[[126.86437,37.55547],[126.86417,37.55521],[126.86379,37.5554],[126.8636,37.55516],[126.86519,37.55432],[126.86449,37.55333],[126.86355,37.55374],[126.86394,37.55146],[126.8595,37.55341],[126.85234,37.55593],[126.85516,37.56107],[126.86444,37.55608],[126.86471,37.55588],[126.86437,37.55547]]]}},{"type":"Feature","properties":{"name":"서울천일초등학교","kind":"zone","note":"학구도안내서비스 2026-03-20 기준 (교육청 공식)","shared":false},"geometry":{"type":"Polygon","coordinates":[[[127.13532,37.54493],[127.13535,37.54439],[127.13519,37.54409],[127.13526,37.54373],[127.13489,37.54324],[127.13538,37.54279],[127.13537,37.54254],[127.13481,37.54213],[127.13483,37.54173],[127.13471,37.5415],[127.13453,37.54138],[127.13398,37.54119],[127.13282,37.53878],[127.13184,37.53908],[127.1315,37.5384],[127.13044,37.53891],[127.13037,37.53882],[127.13001,37.53887],[127.12967,37.53903],[127.12853,37.53708],[127.12452,37.5383],[127.12445,37.53813],[127.12286,37.53866],[127.12305,37.53903],[127.12346,37.53889],[127.12434,37.54129],[127.12623,37.54073],[127.12653,37.54131],[127.12703,37.542],[127.12762,37.54184],[127.12801,37.54277],[127.1284,37.54256],[127.12875,37.54251],[127.12907,37.54249],[127.12949,37.54259],[127.13004,37.54402],[127.12999,37.5441],[127.13029,37.54483],[127.13268,37.54451],[127.13462,37.54709],[127.13557,37.54675],[127.13543,37.54651],[127.13512,37.54626],[127.13522,37.5462],[127.13516,37.54608],[127.13522,37.54521],[127.13532,37.54493]]]}},{"type":"Feature","properties":{"name":"서울강동초등학교","kind":"zone","note":"학구도안내서비스 2026-03-20 기준 (교육청 공식)","shared":false},"geometry":{"type":"Polygon","coordinates":[[[127.13365,37.55236],[127.13377,37.55183],[127.13364,37.55183],[127.13328,37.55163],[127.1336,37.55118],[127.13348,37.55033],[127.13302,37.55029],[127.13294,37.54989],[127.13291,37.54908],[127.13331,37.54791],[127.13319,37.5477],[127.13462,37.54709],[127.13268,37.54451],[127.13029,37.54483],[127.12999,37.5441],[127.13004,37.54402],[127.12949,37.54259],[127.12907,37.54249],[127.12875,37.54251],[127.1284,37.54256],[127.12801,37.54277],[127.12762,37.54184],[127.12703,37.542],[127.12653,37.54131],[127.12623,37.54073],[127.12434,37.54129],[127.12746,37.54993],[127.12734,37.54996],[127.12748,37.55038],[127.12762,37.55035],[127.12838,37.55248],[127.13106,37.55187],[127.13119,37.55229],[127.13217,37.55228],[127.13241,37.5533],[127.1335,37.55299],[127.13365,37.55236]]]}},{"type":"Feature","properties":{"name":"서울방현초등학교","kind":"zone","note":"학구도안내서비스 2026-03-20 기준 (교육청 공식)","shared":false},"geometry":{"type":"Polygon","coordinates":[[[126.99297,37.47919],[126.99316,37.47924],[126.99374,37.47903],[126.99398,37.47856],[126.99425,37.47734],[126.99453,37.47737],[126.99465,37.47731],[126.99483,37.47694],[126.99578,37.47735],[126.99578,37.47601],[126.99604,37.47589],[126.99683,37.4752],[126.99789,37.47493],[126.99797,37.47509],[126.99843,37.47545],[126.99864,37.47597],[126.99898,37.47622],[126.99946,37.47537],[126.99992,37.47426],[127.00063,37.47453],[127.00696,37.47759],[127.00704,37.47742],[127.00716,37.47748],[127.0074,37.47724],[127.0077,37.47665],[127.00824,37.47606],[127.01011,37.47254],[127.01001,37.47231],[127.00897,37.47115],[127.00818,37.47141],[127.00764,37.47119],[127.00753,37.47105],[127.00676,37.47063],[127.00648,37.47066],[127.00586,37.47044],[127.00555,37.47023],[127.00515,37.4697],[127.00449,37.46926],[127.00444,37.46888],[127.0041,37.46834],[127.00367,37.46787],[127.00368,37.46772],[127.00273,37.46712],[127.00196,37.46709],[127.00149,37.46732],[127.00048,37.46706],[126.99878,37.46723],[126.9978,37.46702],[126.99743,37.46724],[126.99699,37.46718],[126.99675,37.46707],[126.99623,37.46661],[126.99608,37.46661],[126.99573,37.46697],[126.99552,37.46705],[126.99543,37.46745],[126.99501,37.46823],[126.99479,37.46845],[126.99464,37.46876],[126.99332,37.4689],[126.993,37.46927],[126.99291,37.46949],[126.99242,37.46985],[126.99186,37.46962],[126.99158,37.46966],[126.99123,37.46985],[126.99052,37.46967],[126.99014,37.46981],[126.98988,37.47026],[126.98961,37.47048],[126.98909,37.4706],[126.98829,37.47093],[126.98781,37.4713],[126.98745,37.47185],[126.98698,37.47231],[126.98663,37.47295],[126.98652,37.47318],[126.98655,37.47366],[126.98638,37.47381],[126.98635,37.47393],[126.98598,37.47421],[126.98568,37.4746],[126.98671,37.47512],[126.98672,37.47562],[126.98602,37.47582],[126.98642,37.47684],[126.9868,37.47731],[126.98704,37.47747],[126.99,37.47896],[126.99262,37.47984],[126.99297,37.47919]]]}},{"type":"Feature","properties":{"name":"서울구룡초등학교","kind":"zone","note":"학구도안내서비스 2026-03-20 기준 (교육청 공식)","shared":false},"geometry":{"type":"Polygon","coordinates":[[[127.05139,37.48548],[127.05365,37.48124],[127.05523,37.47958],[127.0533,37.47826],[127.05336,37.47852],[127.05328,37.47871],[127.05313,37.47884],[127.05239,37.47907],[127.05238,37.4793],[127.05227,37.47947],[127.05201,37.47954],[127.05194,37.47975],[127.05157,37.47969],[127.0515,37.47976],[127.05075,37.47935],[127.05008,37.47911],[127.04748,37.47879],[127.04458,37.47827],[127.04414,37.47929],[127.04389,37.48056],[127.04314,37.48187],[127.04306,37.48226],[127.04295,37.48227],[127.04161,37.48524],[127.04175,37.48544],[127.0414,37.48539],[127.04134,37.48556],[127.04377,37.4859],[127.045,37.48617],[127.04984,37.4884],[127.05139,37.48548]]]}},{"type":"Feature","properties":{"name":"서울우암초등학교","kind":"zone","note":"학구도안내서비스 2026-03-20 기준 (교육청 공식)","shared":false},"geometry":{"type":"Polygon","coordinates":[[[127.0291,37.46782],[127.02856,37.46743],[127.02951,37.46498],[127.02969,37.46391],[127.02751,37.46588],[127.02784,37.46612],[127.02725,37.46649],[127.02798,37.46729],[127.02835,37.46782],[127.02836,37.46803],[127.02825,37.46808],[127.02794,37.46776],[127.02716,37.46767],[127.02648,37.46723],[127.02628,37.46719],[127.02582,37.46735],[127.02495,37.46745],[127.0243,37.46779],[127.02413,37.4676],[127.02365,37.46773],[127.0237,37.46796],[127.02304,37.46804],[127.02227,37.46874],[127.02137,37.46909],[127.02111,37.4694],[127.02105,37.4698],[127.02061,37.47018],[127.02062,37.47054],[127.01959,37.47121],[127.01942,37.47183],[127.01837,37.4733],[127.01846,37.47438],[127.01838,37.47445],[127.01916,37.47527],[127.01864,37.47577],[127.0182,37.47593],[127.01776,37.47652],[127.01817,37.47654],[127.01853,37.47669],[127.01925,37.47684],[127.01974,37.47703],[127.02017,37.47697],[127.02057,37.47716],[127.02107,37.47728],[127.02163,37.477],[127.02171,37.47746],[127.02217,37.47808],[127.02259,37.47839],[127.02276,37.47895],[127.02266,37.47902],[127.0228,37.47914],[127.02344,37.4794],[127.02364,37.47958],[127.02456,37.48007],[127.02427,37.48044],[127.02438,37.48061],[127.02558,37.48087],[127.0265,37.4805],[127.02701,37.4806],[127.02843,37.47681],[127.02916,37.47523],[127.02983,37.4742],[127.03034,37.47357],[127.03222,37.47157],[127.03082,37.47019],[127.02999,37.46904],[127.02923,37.46811],[127.0291,37.46782]]]}},{"type":"Feature","properties":{"name":"서울우면초등학교","kind":"zone","note":"학구도안내서비스 2026-03-20 기준 (교육청 공식)","shared":false},"geometry":{"type":"Polygon","coordinates":[[[127.02163,37.46782],[127.02183,37.46747],[127.02254,37.46742],[127.02289,37.46731],[127.02312,37.46715],[127.02334,37.46687],[127.02421,37.46668],[127.02465,37.46642],[127.0268,37.46604],[127.02725,37.46649],[127.02784,37.46612],[127.02751,37.46588],[127.02969,37.46391],[127.02953,37.46359],[127.02745,37.46089],[127.02718,37.46063],[127.02542,37.46077],[127.02528,37.46084],[127.02509,37.46109],[127.02486,37.46124],[127.02457,37.46133],[127.02424,37.46132],[127.02371,37.46097],[127.02351,37.46092],[127.02317,37.46087],[127.02294,37.46094],[127.02219,37.46163],[127.01855,37.46373],[127.01846,37.46391],[127.01855,37.46609],[127.01949,37.46605],[127.01976,37.46675],[127.01957,37.46713],[127.02163,37.46782]]]}},{"type":"Feature","properties":{"name":"서울관악초등학교","kind":"zone","note":"학구도안내서비스 2026-03-20 기준 (교육청 공식)","shared":false},"geometry":{"type":"Polygon","coordinates":[[[126.93383,37.48225],[126.93383,37.48231],[126.93342,37.48228],[126.93339,37.48251],[126.93381,37.48252],[126.93376,37.48289],[126.93348,37.48287],[126.93344,37.48329],[126.93373,37.48331],[126.93363,37.48427],[126.93351,37.48421],[126.93348,37.48472],[126.9348,37.48487],[126.93572,37.48482],[126.93587,37.48543],[126.93614,37.48583],[126.94135,37.48351],[126.94215,37.48327],[126.94362,37.48308],[126.94348,37.48223],[126.94773,37.48181],[126.94732,37.47919],[126.94448,37.47947],[126.94409,37.4769],[126.94373,37.47693],[126.94362,37.47662],[126.94349,37.47586],[126.94374,37.47548],[126.94324,37.47506],[126.94285,37.47532],[126.94217,37.47601],[126.94202,37.47597],[126.94191,37.47609],[126.93944,37.47541],[126.9394,37.47594],[126.93919,37.47596],[126.93921,37.47642],[126.93901,37.47654],[126.93936,37.47672],[126.93881,37.47732],[126.93892,37.47735],[126.93879,37.47765],[126.93823,37.47727],[126.9375,37.47718],[126.93708,37.47695],[126.93698,37.47705],[126.937,37.47741],[126.9374,37.47937],[126.93709,37.47941],[126.93654,37.4802],[126.93661,37.4805],[126.93611,37.48052],[126.93501,37.47992],[126.93378,37.48068],[126.93356,37.48074],[126.93358,37.48084],[126.93353,37.48084],[126.93365,37.48129],[126.9335,37.4813],[126.93348,37.48141],[126.93386,37.48142],[126.93383,37.48225]]]}},{"type":"Feature","properties":{"name":"서울신림초등학교","kind":"zone","note":"학구도안내서비스 2026-03-20 기준 (교육청 공식)","shared":false},"geometry":{"type":"Polygon","coordinates":[[[126.93349,37.48429],[126.93352,37.48421],[126.93363,37.48427],[126.93373,37.48331],[126.93344,37.48329],[126.93348,37.48287],[126.93376,37.48289],[126.93381,37.48252],[126.93339,37.48251],[126.93342,37.48228],[126.93383,37.48231],[126.93387,37.48178],[126.93386,37.48142],[126.93348,37.48141],[126.9335,37.4813],[126.93365,37.48129],[126.93353,37.48084],[126.93358,37.48084],[126.93356,37.48074],[126.93378,37.48068],[126.93501,37.47992],[126.93611,37.48052],[126.93661,37.4805],[126.93654,37.4802],[126.93709,37.47941],[126.9374,37.47937],[126.937,37.47741],[126.93698,37.47705],[126.9366,37.47729],[126.93498,37.47758],[126.93489,37.47718],[126.93498,37.47718],[126.93509,37.47693],[126.93507,37.47679],[126.93515,37.47679],[126.93522,37.47629],[126.93503,37.47603],[126.93457,37.47601],[126.93457,37.47595],[126.93421,37.47584],[126.93381,37.47582],[126.93285,37.47601],[126.93281,37.47588],[126.93256,37.4758],[126.93192,37.47583],[126.93146,37.47593],[126.93132,37.47589],[126.93116,37.47563],[126.93101,37.4755],[126.93084,37.47544],[126.93038,37.47546],[126.93041,37.47541],[126.9302,37.47534],[126.93028,37.47526],[126.92955,37.47492],[126.92761,37.4748],[126.92733,37.4746],[126.92671,37.47431],[126.92627,37.4752],[126.92579,37.47598],[126.92525,37.47625],[126.92529,37.47627],[126.9249,37.47659],[126.92445,37.47676],[126.92391,37.47725],[126.92387,37.4774],[126.92321,37.4777],[126.9231,37.47789],[126.9232,37.47812],[126.92297,37.47859],[126.92296,37.47915],[126.92276,37.47979],[126.92273,37.48044],[126.92245,37.48124],[126.92364,37.48147],[126.92327,37.48273],[126.92503,37.48306],[126.92589,37.48377],[126.93348,37.48472],[126.93349,37.48429]]]}},{"type":"Feature","properties":{"name":"서울왕북초등학교","kind":"zone","note":"학구도안내서비스 2026-03-20 기준 (교육청 공식)","shared":false},"geometry":{"type":"Polygon","coordinates":[[[127.08637,37.48658],[127.08646,37.48649],[127.08672,37.48646],[127.08678,37.48638],[127.08723,37.48636],[127.08729,37.48625],[127.08723,37.48591],[127.0874,37.48572],[127.0874,37.48558],[127.08831,37.48531],[127.0889,37.48532],[127.08903,37.48471],[127.0865,37.48433],[127.08663,37.48367],[127.07889,37.48253],[127.07806,37.48253],[127.07748,37.48265],[127.07703,37.48287],[127.07679,37.48308],[127.07645,37.48369],[127.07648,37.48373],[127.07685,37.48345],[127.07739,37.48328],[127.07763,37.48333],[127.0775,37.48389],[127.07768,37.48395],[127.07766,37.48404],[127.07798,37.48419],[127.07819,37.48408],[127.07863,37.48401],[127.07954,37.4841],[127.08002,37.4843],[127.0809,37.48505],[127.08119,37.48517],[127.08502,37.48576],[127.08574,37.48581],[127.08566,37.48663],[127.08599,37.48657],[127.08602,37.48668],[127.08618,37.48673],[127.08611,37.48666],[127.08637,37.48658]]]}},{"type":"Feature","properties":{"name":"서울왕북초등학교","kind":"zone","note":"학구도안내서비스 2026-03-20 기준 (교육청 공식)","shared":false},"geometry":{"type":"Polygon","coordinates":[[[127.09336,37.48534],[127.09391,37.48465],[127.09412,37.48462],[127.09417,37.48438],[127.09305,37.48443],[127.09212,37.4853],[127.09221,37.48538],[127.09253,37.48524],[127.09273,37.48541],[127.0929,37.48543],[127.09304,37.48558],[127.09336,37.48534]]]}},{"type":"Feature","properties":{"name":"서울왕북초등학교","kind":"zone","note":"학구도안내서비스 2026-03-20 기준 (교육청 공식)","shared":false},"geometry":{"type":"Polygon","coordinates":[[[127.09606,37.4845],[127.09641,37.48417],[127.09577,37.48379],[127.0961,37.48314],[127.09632,37.48325],[127.09667,37.48298],[127.09625,37.48236],[127.0961,37.48184],[127.09623,37.48014],[127.09554,37.47987],[127.0943,37.48053],[127.09339,37.48063],[127.0918,37.48036],[127.09037,37.47994],[127.08989,37.48045],[127.08862,37.48078],[127.08826,37.48102],[127.08963,37.48185],[127.08998,37.48202],[127.0903,37.48206],[127.09072,37.48206],[127.092,37.48135],[127.09252,37.48129],[127.09364,37.48142],[127.09397,37.48161],[127.09443,37.48217],[127.09459,37.48252],[127.09463,37.48436],[127.09535,37.48435],[127.09606,37.4845]]]}},{"type":"Feature","properties":{"name":"서울자곡초등학교","kind":"zone","note":"학구도안내서비스 2026-03-20 기준 (교육청 공식)","shared":false},"geometry":{"type":"Polygon","coordinates":[[[127.10501,37.47579],[127.10558,37.47468],[127.10575,37.47473],[127.1059,37.47424],[127.10561,37.47367],[127.10493,37.47413],[127.10467,37.47438],[127.10453,37.4743],[127.10416,37.47293],[127.10383,37.47258],[127.10255,37.47365],[127.10184,37.47322],[127.10117,37.47298],[127.1013,37.47239],[127.10126,37.4719],[127.10135,37.47173],[127.10178,37.47141],[127.10189,37.47118],[127.10067,37.47032],[127.10037,37.47046],[127.0996,37.47058],[127.09971,37.47128],[127.09952,37.47158],[127.09923,37.47165],[127.09917,37.47204],[127.09908,37.47216],[127.09859,37.47237],[127.09804,37.47239],[127.09627,37.47224],[127.09624,37.47194],[127.096,37.47176],[127.09606,37.47128],[127.09591,37.47125],[127.09547,37.47138],[127.0954,37.47176],[127.09488,37.47172],[127.09457,37.4721],[127.09333,37.47155],[127.09311,37.47182],[127.09213,37.47247],[127.09123,37.47178],[127.09042,37.47181],[127.09017,37.47215],[127.0901,37.47311],[127.09127,37.47348],[127.09184,37.47389],[127.09186,37.47404],[127.09248,37.47476],[127.0925,37.47527],[127.0922,37.47548],[127.09225,37.47579],[127.09288,37.47617],[127.09302,37.47617],[127.09349,37.47563],[127.09334,37.47556],[127.0935,37.47543],[127.09407,37.47536],[127.09424,37.47539],[127.09465,37.47564],[127.09494,37.47557],[127.0953,37.47457],[127.09553,37.47412],[127.09583,37.47378],[127.09657,37.47385],[127.09662,37.47364],[127.09725,37.47372],[127.09731,37.47336],[127.09801,37.47348],[127.09794,37.47406],[127.09758,37.47403],[127.09756,37.47421],[127.09749,37.4742],[127.09737,37.47519],[127.09842,37.47527],[127.09849,37.47525],[127.09853,37.47488],[127.09874,37.47489],[127.09876,37.4748],[127.09894,37.47475],[127.09913,37.47476],[127.09909,37.47494],[127.0993,37.47494],[127.09927,37.4751],[127.09948,37.47538],[127.09946,37.47555],[127.09971,37.4756],[127.09983,37.4752],[127.10019,37.47523],[127.10015,37.47575],[127.10036,37.47599],[127.101,37.47615],[127.10293,37.47465],[127.104,37.47542],[127.10501,37.47579]]]}},{"type":"Feature","properties":{"name":"서울양재초등학교","kind":"zone","note":"학구도안내서비스 2026-03-20 기준 (교육청 공식)","shared":false},"geometry":{"type":"Polygon","coordinates":[[[127.03423,37.48085],[127.0346,37.48062],[127.03535,37.4803],[127.03571,37.48024],[127.03684,37.48044],[127.03723,37.4808],[127.03717,37.48105],[127.03741,37.48118],[127.03772,37.48077],[127.03833,37.47949],[127.03863,37.47831],[127.03861,37.47221],[127.03872,37.47087],[127.03893,37.47015],[127.0395,37.46898],[127.03989,37.46854],[127.043,37.46564],[127.03889,37.46281],[127.03632,37.46089],[127.03526,37.4602],[127.03444,37.45994],[127.03363,37.45989],[127.03284,37.45993],[127.03283,37.46012],[127.03311,37.46034],[127.03344,37.46079],[127.03135,37.46264],[127.03281,37.46392],[127.03441,37.46421],[127.03348,37.46464],[127.03314,37.46502],[127.03276,37.46519],[127.03224,37.46533],[127.03192,37.46552],[127.0312,37.46563],[127.02994,37.46535],[127.02906,37.46755],[127.02905,37.46768],[127.02923,37.46811],[127.02999,37.46904],[127.03079,37.47016],[127.03222,37.47157],[127.03034,37.47357],[127.02983,37.4742],[127.02916,37.47523],[127.02843,37.47681],[127.02701,37.4806],[127.02764,37.48073],[127.02782,37.48091],[127.02811,37.48105],[127.02855,37.48108],[127.02884,37.48094],[127.02933,37.48055],[127.03042,37.4803],[127.03132,37.48074],[127.03181,37.48074],[127.03254,37.48101],[127.03285,37.48133],[127.03311,37.48149],[127.03332,37.48151],[127.03365,37.48144],[127.03423,37.48085]]]}},{"type":"Feature","properties":{"name":"서울양재초등학교","kind":"zone","note":"학구도안내서비스 2026-03-20 기준 (교육청 공식)","shared":false},"geometry":{"type":"Polygon","coordinates":[[[127.02761,37.47818],[127.02873,37.47551],[127.02843,37.47544],[127.02823,37.47552],[127.02779,37.47537],[127.02769,37.4754],[127.02718,37.47624],[127.02722,37.47646],[127.02761,37.47699],[127.02696,37.47715],[127.02699,37.47747],[127.02732,37.47813],[127.02761,37.47818]]]}},{"type":"Feature","properties":{"name":"서울양재초등학교","kind":"zone","note":"학구도안내서비스 2026-03-20 기준 (교육청 공식)","shared":false},"geometry":{"type":"Polygon","coordinates":[[[127.02684,37.4799],[127.02716,37.47902],[127.02586,37.4789],[127.02547,37.4782],[127.02507,37.47776],[127.02443,37.47742],[127.02425,37.47742],[127.02424,37.47797],[127.02436,37.47816],[127.02473,37.47824],[127.02479,37.4788],[127.02461,37.47893],[127.02424,37.4789],[127.02412,37.47905],[127.0245,37.47946],[127.02453,37.47972],[127.02483,37.4799],[127.02684,37.4799]]]}},{"type":"Feature","properties":{"name":"서울영희초등학교 · 서울대청초등학교","kind":"zone","note":"학구도안내서비스 2026-03-20 기준 (교육청 공식)","shared":true},"geometry":{"type":"Polygon","coordinates":[[[127.09425,37.49206],[127.09149,37.4916],[127.0883,37.49069],[127.08703,37.49324],[127.08974,37.49408],[127.09101,37.49376],[127.09152,37.49355],[127.0922,37.49315],[127.09346,37.49254],[127.09425,37.49206]]]}},{"type":"Feature","properties":{"name":"서울동자초등학교","kind":"zone","note":"학구도안내서비스 2026-03-20 기준 (교육청 공식)","shared":false},"geometry":{"type":"Polygon","coordinates":[[[127.06847,37.538],[127.06878,37.5379],[127.06889,37.53813],[127.06964,37.53789],[127.07052,37.53979],[127.07055,37.53983],[127.07071,37.53978],[127.07076,37.53988],[127.07289,37.53917],[127.07713,37.53811],[127.07568,37.53321],[127.07514,37.53337],[127.07494,37.53284],[127.07479,37.5329],[127.07453,37.53286],[127.07456,37.5327],[127.07449,37.53264],[127.07341,37.53293],[127.07389,37.53235],[127.07352,37.53203],[127.07092,37.53278],[127.07166,37.53438],[127.06843,37.53532],[127.06558,37.53605],[127.0646,37.53704],[127.06669,37.53745],[127.06789,37.53777],[127.06847,37.538]]]}},{"type":"Feature","properties":{"name":"서울신양초등학교","kind":"zone","note":"학구도안내서비스 2026-03-20 기준 (교육청 공식)","shared":false},"geometry":{"type":"Polygon","coordinates":[[[127.07236,37.53081],[127.07217,37.5308],[127.07201,37.53039],[127.06182,37.53313],[127.06156,37.53329],[127.06044,37.53456],[127.06031,37.53477],[127.06025,37.53505],[127.06001,37.53512],[127.06118,37.5372],[127.06843,37.53532],[127.07166,37.53438],[127.07075,37.53249],[127.07118,37.53212],[127.07086,37.53198],[127.07096,37.53182],[127.07165,37.53162],[127.07175,37.53168],[127.07199,37.5315],[127.07274,37.53111],[127.07236,37.53081]]]}},{"type":"Feature","properties":{"name":"서울경동초등학교","kind":"zone","note":"학구도안내서비스 2026-03-20 기준 (교육청 공식)","shared":false},"geometry":{"type":"Polygon","coordinates":[[[127.04414,37.54623],[127.04394,37.54627],[127.04359,37.54584],[127.03815,37.54717],[127.03689,37.54777],[127.03758,37.54866],[127.03857,37.54959],[127.0397,37.55038],[127.04085,37.55094],[127.04249,37.55146],[127.04328,37.55158],[127.04373,37.55159],[127.0444,37.55147],[127.04773,37.55166],[127.04845,37.55159],[127.0531,37.55064],[127.0536,37.55049],[127.05608,37.54948],[127.05403,37.54517],[127.05512,37.54485],[127.05506,37.54471],[127.05514,37.54469],[127.05402,37.54241],[127.05395,37.54228],[127.05364,37.5421],[127.05431,37.54114],[127.05498,37.53966],[127.05356,37.53919],[127.04804,37.54063],[127.04582,37.54135],[127.04592,37.54155],[127.04618,37.54152],[127.04699,37.54118],[127.04715,37.54153],[127.04611,37.54188],[127.04657,37.54275],[127.04666,37.54318],[127.04478,37.54396],[127.04495,37.54469],[127.04472,37.54614],[127.04414,37.54623]]]}},{"type":"Feature","properties":{"name":"서울경일초등학교 · 서울경동초등학교","kind":"zone","note":"학구도안내서비스 2026-03-20 기준 (교육청 공식)","shared":true},"geometry":{"type":"Polygon","coordinates":[[[127.04699,37.54118],[127.04618,37.54152],[127.04592,37.54155],[127.04582,37.54135],[127.04424,37.54184],[127.04478,37.54396],[127.04666,37.54318],[127.04657,37.54275],[127.04611,37.54188],[127.04715,37.54153],[127.04699,37.54118]]]}},{"type":"Feature","properties":{"name":"서울송정초등학교 · 서울공항초등학교","kind":"zone","note":"학구도안내서비스 2026-03-20 기준 (교육청 공식)","shared":true},"geometry":{"type":"Polygon","coordinates":[[[126.81647,37.56075],[126.81652,37.56306],[126.81888,37.56277],[126.81859,37.56052],[126.81647,37.56075]]]}},{"type":"Feature","properties":{"name":"서울송정초등학교","kind":"zone","note":"학구도안내서비스 2026-03-20 기준 (교육청 공식)","shared":false},"geometry":{"type":"Polygon","coordinates":[[[126.81652,37.56306],[126.81638,37.55711],[126.81649,37.55191],[126.80974,37.55703],[126.80866,37.55791],[126.80819,37.55852],[126.80804,37.55885],[126.80636,37.56417],[126.80809,37.56437],[126.80839,37.56531],[126.80872,37.56533],[126.80812,37.5656],[126.80827,37.5658],[126.80841,37.56573],[126.80856,37.56596],[126.8092,37.56577],[126.80929,37.56587],[126.80945,37.56581],[126.8096,37.566],[126.81046,37.56562],[126.81074,37.56591],[126.81032,37.5661],[126.81026,37.56617],[126.81029,37.56624],[126.80974,37.56642],[126.80957,37.56653],[126.80981,37.56685],[126.81088,37.56653],[126.81116,37.56779],[126.81174,37.56779],[126.8117,37.56846],[126.81183,37.56848],[126.81182,37.56866],[126.81202,37.56894],[126.81281,37.56859],[126.81276,37.56766],[126.81339,37.56755],[126.81663,37.56752],[126.81652,37.56306]]]}},{"type":"Feature","properties":{"name":"서울상일초등학교","kind":"zone","note":"학구도안내서비스 2026-03-20 기준 (교육청 공식)","shared":false},"geometry":{"type":"Polygon","coordinates":[[[127.183,37.55057],[127.18291,37.55019],[127.18288,37.54952],[127.18365,37.54958],[127.18376,37.54857],[127.18375,37.54551],[127.18354,37.54517],[127.18345,37.54488],[127.18432,37.54453],[127.1852,37.5434],[127.18549,37.54326],[127.18594,37.54318],[127.18719,37.54307],[127.18727,37.5423],[127.18749,37.54171],[127.18742,37.54131],[127.18706,37.54104],[127.18705,37.5403],[127.18718,37.54026],[127.18747,37.53997],[127.18754,37.53964],[127.18763,37.53959],[127.18756,37.53936],[127.18763,37.539],[127.18817,37.53902],[127.18877,37.53887],[127.1894,37.53904],[127.19037,37.53883],[127.191,37.5388],[127.19129,37.5387],[127.19115,37.5384],[127.19114,37.53808],[127.19131,37.53773],[127.19119,37.53728],[127.19134,37.5369],[127.19125,37.53608],[127.19134,37.53564],[127.19122,37.53551],[127.19114,37.53524],[127.1912,37.53505],[127.19144,37.53472],[127.19129,37.53452],[127.19109,37.53403],[127.19093,37.53385],[127.19086,37.53351],[127.19047,37.5333],[127.19006,37.53254],[127.19016,37.53226],[127.19013,37.53212],[127.18985,37.53194],[127.18951,37.53186],[127.18916,37.53152],[127.18883,37.53154],[127.18868,37.53137],[127.18836,37.53125],[127.18802,37.53123],[127.18648,37.53031],[127.18629,37.52941],[127.18574,37.52886],[127.1855,37.52857],[127.18546,37.52839],[127.1852,37.52819],[127.18484,37.52775],[127.18409,37.52748],[127.18293,37.52758],[127.18237,37.52796],[127.18226,37.52824],[127.182,37.52833],[127.18076,37.52918],[127.18048,37.52923],[127.18031,37.52933],[127.18043,37.53002],[127.18039,37.53094],[127.18014,37.53112],[127.17975,37.53112],[127.17924,37.5307],[127.17852,37.53055],[127.17757,37.53096],[127.1771,37.53082],[127.17686,37.53083],[127.17618,37.53124],[127.17617,37.53152],[127.17584,37.53192],[127.17581,37.53214],[127.1756,37.53228],[127.1755,37.53262],[127.17527,37.53285],[127.17509,37.53293],[127.17467,37.53328],[127.17483,37.53345],[127.17487,37.53369],[127.17497,37.5337],[127.1753,37.53428],[127.17538,37.53456],[127.17537,37.53471],[127.17549,37.53494],[127.17536,37.53496],[127.17534,37.53503],[127.17545,37.53523],[127.17596,37.5357],[127.17599,37.53566],[127.17621,37.53577],[127.17641,37.53602],[127.17626,37.53602],[127.1766,37.53648],[127.17666,37.5367],[127.17658,37.53695],[127.17637,37.53703],[127.17638,37.53709],[127.17604,37.53717],[127.17595,37.53717],[127.17579,37.53693],[127.1756,37.53681],[127.17518,37.53686],[127.17503,37.53699],[127.17475,37.53684],[127.17429,37.53672],[127.17333,37.53682],[127.17276,37.53679],[127.1724,37.53689],[127.17174,37.5369],[127.17153,37.53697],[127.17095,37.53691],[127.17056,37.53697],[127.16977,37.53691],[127.16899,37.53587],[127.16862,37.53585],[127.16833,37.53615],[127.16731,37.53603],[127.16708,37.53584],[127.16671,37.53577],[127.1666,37.5359],[127.16591,37.53611],[127.16555,37.53613],[127.16427,37.53643],[127.16412,37.53669],[127.16383,37.53684],[127.16317,37.53692],[127.16269,37.53706],[127.16245,37.53696],[127.16219,37.53673],[127.16195,37.53668],[127.16176,37.53649],[127.16103,37.53617],[127.16093,37.53602],[127.16091,37.53582],[127.16055,37.53554],[127.1603,37.53544],[127.16014,37.53493],[127.15989,37.5346],[127.15926,37.53403],[127.1587,37.53382],[127.15858,37.53341],[127.15816,37.5333],[127.15779,37.53337],[127.15733,37.53305],[127.15713,37.53267],[127.15688,37.53259],[127.15649,37.53256],[127.15622,37.53271],[127.156,37.53249],[127.15597,37.53226],[127.15582,37.53211],[127.15577,37.53183],[127.15539,37.53185],[127.15495,37.5317],[127.15372,37.53156],[127.15393,37.53192],[127.15357,37.53367],[127.15382,37.53397],[127.15402,37.53451],[127.15453,37.53487],[127.15487,37.53536],[127.15526,37.53622],[127.15594,37.53706],[127.15603,37.53734],[127.15654,37.53745],[127.15679,37.53766],[127.15694,37.53797],[127.15694,37.53837],[127.15717,37.53844],[127.1574,37.53895],[127.15765,37.53927],[127.15825,37.53975],[127.15896,37.54048],[127.1591,37.54073],[127.15957,37.54099],[127.15965,37.54128],[127.15972,37.54136],[127.15992,37.54139],[127.16031,37.54163],[127.16126,37.54295],[127.16188,37.54359],[127.1608,37.5437],[127.16027,37.54397],[127.15951,37.54553],[127.16257,37.54591],[127.16615,37.54565],[127.16703,37.5457],[127.1671,37.54721],[127.16795,37.54756],[127.16824,37.54783],[127.16871,37.54791],[127.16922,37.54928],[127.16957,37.54975],[127.16987,37.54994],[127.17029,37.55004],[127.17079,37.5498],[127.17057,37.55073],[127.17275,37.55105],[127.17338,37.54774],[127.17397,37.5478],[127.17596,37.54836],[127.17639,37.54863],[127.17681,37.54906],[127.17716,37.54985],[127.17756,37.5511],[127.17836,37.55155],[127.18012,37.55303],[127.18026,37.55305],[127.18063,37.55226],[127.17965,37.55179],[127.18086,37.55023],[127.1813,37.55001],[127.1828,37.55012],[127.1828,37.55056],[127.183,37.55057]]]}},{"type":"Feature","properties":{"name":"서울행현초등학교","kind":"zone","note":"학구도안내서비스 2026-03-20 기준 (교육청 공식)","shared":false},"geometry":{"type":"Polygon","coordinates":[[[127.02996,37.55761],[127.02901,37.55718],[127.02905,37.55711],[127.02977,37.55743],[127.02985,37.55736],[127.03038,37.55741],[127.03032,37.55708],[127.0305,37.55689],[127.03079,37.5567],[127.03079,37.55644],[127.03113,37.55643],[127.03133,37.55631],[127.03136,37.55618],[127.03176,37.55597],[127.03179,37.55568],[127.03173,37.55538],[127.03157,37.55518],[127.03071,37.5551],[127.03052,37.55523],[127.0296,37.55477],[127.02862,37.55447],[127.02822,37.55509],[127.0278,37.55608],[127.02767,37.55623],[127.02803,37.55641],[127.0279,37.55657],[127.02726,37.55626],[127.02714,37.55641],[127.02727,37.55648],[127.02722,37.5566],[127.0273,37.55667],[127.02666,37.55743],[127.02655,37.55759],[127.0266,37.55764],[127.02639,37.55789],[127.02699,37.55818],[127.02638,37.55914],[127.02718,37.55984],[127.02745,37.55985],[127.02817,37.56029],[127.02869,37.56024],[127.02904,37.56007],[127.02919,37.55987],[127.02868,37.55968],[127.02869,37.55931],[127.02902,37.55908],[127.02999,37.55926],[127.02999,37.55898],[127.03077,37.55903],[127.03064,37.5584],[127.03078,37.55796],[127.02996,37.55761]]]}},{"type":"Feature","properties":{"name":"서울행당초등학교","kind":"zone","note":"학구도안내서비스 2026-03-20 기준 (교육청 공식)","shared":false},"geometry":{"type":"Polygon","coordinates":[[[127.03069,37.55812],[127.03064,37.55855],[127.03076,37.55885],[127.03076,37.55903],[127.03138,37.55926],[127.03244,37.55947],[127.0327,37.5593],[127.03342,37.55969],[127.03391,37.55956],[127.03407,37.55988],[127.03429,37.56012],[127.03542,37.56111],[127.03688,37.55942],[127.03713,37.55962],[127.03716,37.55978],[127.03678,37.56009],[127.03635,37.56067],[127.03677,37.56089],[127.03707,37.56057],[127.0381,37.56065],[127.03823,37.56016],[127.03883,37.56022],[127.03895,37.55969],[127.03933,37.55974],[127.0392,37.55847],[127.03927,37.55807],[127.03994,37.55783],[127.04122,37.55764],[127.04229,37.5574],[127.04263,37.55725],[127.04304,37.55691],[127.04325,37.55658],[127.04333,37.55627],[127.04372,37.55366],[127.04236,37.55369],[127.04197,37.55377],[127.04022,37.55322],[127.04012,37.55331],[127.04024,37.55347],[127.03924,37.55374],[127.03921,37.55368],[127.03852,37.55348],[127.0379,37.55346],[127.03683,37.55378],[127.03649,37.55395],[127.03628,37.55412],[127.03611,37.55436],[127.03596,37.55472],[127.03554,37.55478],[127.03485,37.55468],[127.03461,37.55456],[127.03459,37.55466],[127.03433,37.55464],[127.03409,37.55439],[127.03383,37.55445],[127.03363,37.55433],[127.03312,37.55424],[127.03272,37.55389],[127.03209,37.55308],[127.03188,37.55295],[127.03139,37.55293],[127.03094,37.55316],[127.03046,37.55333],[127.03035,37.55348],[127.02989,37.55381],[127.02952,37.55389],[127.02947,37.55384],[127.02898,37.5539],[127.02834,37.55423],[127.02782,37.55418],[127.02746,37.55446],[127.02824,37.55435],[127.0296,37.55477],[127.03052,37.55523],[127.03079,37.5551],[127.03157,37.55518],[127.0317,37.55531],[127.03179,37.55568],[127.03176,37.55597],[127.03136,37.55618],[127.03133,37.55631],[127.03113,37.55643],[127.03079,37.55644],[127.03079,37.5567],[127.0305,37.55689],[127.03032,37.55708],[127.03038,37.55741],[127.02985,37.55736],[127.02977,37.55743],[127.03081,37.5579],[127.03069,37.55812]]]}},{"type":"Feature","properties":{"name":"서울신자초등학교","kind":"zone","note":"학구도안내서비스 2026-03-20 기준 (교육청 공식)","shared":false},"geometry":{"type":"Polygon","coordinates":[[[127.07978,37.52907],[127.07952,37.5285],[127.07993,37.52838],[127.07974,37.52798],[127.07868,37.52823],[127.07477,37.52967],[127.07201,37.53039],[127.07217,37.5308],[127.07236,37.53081],[127.07274,37.53111],[127.07195,37.53152],[127.07207,37.53172],[127.07252,37.53146],[127.07288,37.53185],[127.07276,37.53195],[127.07297,37.53219],[127.07352,37.53203],[127.07389,37.53235],[127.07341,37.53293],[127.07449,37.53264],[127.07456,37.5327],[127.07453,37.53286],[127.07479,37.5329],[127.07494,37.53284],[127.07514,37.53337],[127.07568,37.53321],[127.07604,37.53441],[127.07775,37.53413],[127.07797,37.53431],[127.0792,37.53342],[127.07868,37.53294],[127.0799,37.53257],[127.07962,37.53201],[127.08095,37.53162],[127.07978,37.52907]]]}},{"type":"Feature","properties":{"name":"서울성수초등학교","kind":"zone","note":"학구도안내서비스 2026-03-20 기준 (교육청 공식)","shared":false},"geometry":{"type":"Polygon","coordinates":[[[127.0613,37.54819],[127.06313,37.5481],[127.06746,37.54833],[127.06399,37.54218],[127.06798,37.54082],[127.06791,37.54072],[127.07055,37.53983],[127.06964,37.53789],[127.06889,37.53813],[127.06878,37.5379],[127.06847,37.538],[127.06789,37.53777],[127.06669,37.53745],[127.0646,37.53704],[127.06298,37.53857],[127.06241,37.53906],[127.06226,37.5391],[127.06287,37.54018],[127.05625,37.54217],[127.05712,37.54434],[127.05515,37.54491],[127.05512,37.54485],[127.05403,37.54517],[127.05608,37.54948],[127.05699,37.54913],[127.05862,37.54867],[127.0613,37.54819]]]}},{"type":"Feature","properties":{"name":"서울성자초등학교","kind":"zone","note":"학구도안내서비스 2026-03-20 기준 (교육청 공식)","shared":false},"geometry":{"type":"Polygon","coordinates":[[[127.08597,37.53168],[127.08642,37.53108],[127.08499,37.53043],[127.08545,37.52982],[127.08394,37.52909],[127.08279,37.52873],[127.0829,37.5277],[127.08119,37.52777],[127.07974,37.52798],[127.07993,37.52838],[127.07952,37.5285],[127.08095,37.53162],[127.08197,37.53145],[127.08289,37.5315],[127.08397,37.53182],[127.08539,37.53247],[127.08597,37.53168]]]}},{"type":"Feature","properties":{"name":"서울해누리초등학교","kind":"zone","note":"학구도안내서비스 2026-03-20 기준 (교육청 공식)","shared":false},"geometry":{"type":"Polygon","coordinates":[[[127.10566,37.49625],[127.10587,37.49584],[127.10635,37.49597],[127.10676,37.49514],[127.10344,37.49411],[127.1016,37.49499],[127.09725,37.49676],[127.09762,37.49741],[127.10419,37.49939],[127.10471,37.4982],[127.10448,37.49814],[127.10509,37.49704],[127.10566,37.49625]]]}},{"type":"Feature","properties":{"name":"서울잠현초등학교","kind":"zone","note":"학구도안내서비스 2026-03-20 기준 (교육청 공식)","shared":false},"geometry":{"type":"Polygon","coordinates":[[[127.10787,37.51989],[127.10806,37.51917],[127.10978,37.51945],[127.10988,37.51903],[127.10981,37.5189],[127.11007,37.51879],[127.10977,37.51839],[127.11029,37.51743],[127.11015,37.51739],[127.11025,37.51719],[127.10983,37.51706],[127.10967,37.51737],[127.1086,37.51702],[127.10863,37.5169],[127.10754,37.51668],[127.10699,37.51899],[127.10492,37.51863],[127.10433,37.51977],[127.10448,37.51987],[127.10484,37.52062],[127.10478,37.52105],[127.1045,37.52147],[127.10444,37.52186],[127.10433,37.52302],[127.10434,37.52386],[127.11113,37.5239],[127.11155,37.52161],[127.10762,37.52097],[127.10787,37.51989]]]}},{"type":"Feature","properties":{"name":"서울잠실초등학교","kind":"zone","note":"학구도안내서비스 2026-03-20 기준 (교육청 공식)","shared":false},"geometry":{"type":"Polygon","coordinates":[[[127.11427,37.52012],[127.11269,37.51754],[127.10881,37.51619],[127.1086,37.51702],[127.10967,37.51737],[127.10983,37.51706],[127.11025,37.51719],[127.11015,37.51739],[127.11029,37.51743],[127.10977,37.51839],[127.11007,37.51879],[127.10981,37.5189],[127.10988,37.51903],[127.10978,37.51945],[127.10806,37.51917],[127.10762,37.52097],[127.11155,37.52161],[127.11113,37.5239],[127.11465,37.52394],[127.11658,37.52384],[127.11427,37.52012]]]}},{"type":"Feature","properties":{"name":"서울잠동초등학교","kind":"zone","note":"학구도안내서비스 2026-03-20 기준 (교육청 공식)","shared":false},"geometry":{"type":"Polygon","coordinates":[[[127.10212,37.52365],[127.10329,37.52167],[127.10337,37.5217],[127.10436,37.52143],[127.10468,37.52122],[127.10478,37.52105],[127.10484,37.52062],[127.10478,37.52043],[127.10461,37.52019],[127.10448,37.51987],[127.10433,37.51977],[127.10492,37.51863],[127.10699,37.51899],[127.10754,37.51668],[127.10863,37.5169],[127.10881,37.51619],[127.10668,37.51545],[127.10814,37.51195],[127.10422,37.50896],[127.10402,37.50869],[127.10014,37.51322],[127.09527,37.51963],[127.09991,37.5223],[127.10212,37.52365]]]}},{"type":"Feature","properties":{"name":"서울옥수초등학교","kind":"zone","note":"학구도안내서비스 2026-03-20 기준 (교육청 공식)","shared":false},"geometry":{"type":"Polygon","coordinates":[[[127.02558,37.55216],[127.02575,37.55204],[127.02599,37.55206],[127.02643,37.5519],[127.0265,37.55098],[127.02688,37.55097],[127.02688,37.55103],[127.02702,37.55104],[127.02931,37.55103],[127.02917,37.55025],[127.0288,37.54976],[127.0287,37.54949],[127.02879,37.54935],[127.02894,37.54932],[127.02912,37.54914],[127.02734,37.54816],[127.02751,37.54796],[127.02768,37.54798],[127.02789,37.54779],[127.02796,37.54742],[127.0277,37.54732],[127.02773,37.5472],[127.02751,37.54705],[127.02748,37.54683],[127.02723,37.54648],[127.02668,37.54618],[127.02665,37.54606],[127.02686,37.54592],[127.02675,37.54575],[127.02645,37.54558],[127.02605,37.54552],[127.02619,37.54505],[127.02518,37.54473],[127.02451,37.54445],[127.02383,37.54402],[127.02193,37.54261],[127.02179,37.54269],[127.02108,37.54223],[127.02037,37.54189],[127.02034,37.54204],[127.02043,37.54223],[127.01993,37.54237],[127.0199,37.54268],[127.01947,37.54276],[127.02019,37.54288],[127.02012,37.54307],[127.01963,37.54331],[127.01974,37.5437],[127.01992,37.54397],[127.01985,37.5444],[127.01928,37.5446],[127.01941,37.54507],[127.01909,37.54496],[127.01833,37.54508],[127.01836,37.54561],[127.01863,37.54562],[127.01907,37.54606],[127.0201,37.5463],[127.02037,37.54669],[127.0199,37.54677],[127.01942,37.54695],[127.02126,37.54799],[127.02169,37.54817],[127.02139,37.54828],[127.01952,37.54833],[127.01956,37.54873],[127.02008,37.54877],[127.02008,37.54899],[127.02039,37.54897],[127.02077,37.54906],[127.02079,37.54895],[127.02132,37.54899],[127.02132,37.54885],[127.02246,37.54891],[127.02273,37.54886],[127.02311,37.54869],[127.02429,37.54862],[127.02485,37.54847],[127.02513,37.5485],[127.02556,37.54869],[127.02569,37.54805],[127.02584,37.54804],[127.02607,37.54955],[127.02607,37.55004],[127.02569,37.55081],[127.02548,37.55165],[127.02528,37.55207],[127.02558,37.55216]]]}},{"type":"Feature","properties":{"name":"서울옥정초등학교","kind":"zone","note":"학구도안내서비스 2026-03-20 기준 (교육청 공식)","shared":false},"geometry":{"type":"Polygon","coordinates":[[[127.01705,37.54574],[127.0171,37.54564],[127.01739,37.54569],[127.01748,37.54562],[127.01735,37.54552],[127.01775,37.54526],[127.0185,37.54503],[127.01909,37.54496],[127.01941,37.54507],[127.01928,37.5446],[127.01985,37.5444],[127.01992,37.54397],[127.01974,37.5437],[127.01963,37.54331],[127.02012,37.54307],[127.02019,37.54288],[127.01947,37.54276],[127.0199,37.54268],[127.01993,37.54237],[127.02043,37.54223],[127.02034,37.54204],[127.02037,37.54189],[127.0197,37.54157],[127.01998,37.54128],[127.01806,37.54025],[127.01785,37.54057],[127.01734,37.54009],[127.01606,37.53809],[127.01567,37.53827],[127.01564,37.53839],[127.01502,37.53845],[127.01479,37.5388],[127.01403,37.53883],[127.01387,37.53907],[127.01337,37.5389],[127.0128,37.53936],[127.01148,37.53901],[127.01072,37.53928],[127.00995,37.53939],[127.00983,37.53945],[127.00976,37.53962],[127.00941,37.54003],[127.00925,37.54057],[127.00928,37.54105],[127.00923,37.5412],[127.00928,37.5413],[127.00916,37.54239],[127.00924,37.54256],[127.00982,37.54296],[127.01034,37.54346],[127.01188,37.54466],[127.01195,37.54467],[127.01226,37.54447],[127.01232,37.5442],[127.01244,37.54415],[127.01253,37.5442],[127.01344,37.54386],[127.01353,37.54376],[127.01364,37.54341],[127.01483,37.54379],[127.01548,37.54409],[127.01658,37.54485],[127.01654,37.54516],[127.01579,37.54512],[127.01561,37.54516],[127.01546,37.54538],[127.01597,37.54537],[127.01683,37.54573],[127.01705,37.54574]]]}},{"type":"Feature","properties":{"name":"서울금옥초등학교","kind":"zone","note":"학구도안내서비스 2026-03-20 기준 (교육청 공식)","shared":false},"geometry":{"type":"Polygon","coordinates":[[[127.01966,37.55026],[127.01952,37.54833],[127.02139,37.54828],[127.02169,37.54817],[127.02126,37.54799],[127.01905,37.54674],[127.01859,37.54644],[127.01742,37.54547],[127.01735,37.54552],[127.01748,37.54562],[127.01739,37.54569],[127.0171,37.54564],[127.01705,37.54574],[127.01683,37.54573],[127.01597,37.54537],[127.01546,37.54538],[127.01561,37.54516],[127.01579,37.54512],[127.01654,37.54516],[127.01658,37.54485],[127.01548,37.54409],[127.01425,37.54359],[127.01364,37.54341],[127.01353,37.54376],[127.01344,37.54386],[127.01253,37.5442],[127.01244,37.54415],[127.01232,37.5442],[127.01226,37.54447],[127.01153,37.54487],[127.0118,37.54503],[127.01165,37.54514],[127.01176,37.54531],[127.01177,37.5454],[127.01168,37.54544],[127.01172,37.54558],[127.01208,37.5455],[127.01208,37.54562],[127.01253,37.54583],[127.01306,37.54635],[127.01412,37.54693],[127.01397,37.54738],[127.01371,37.54754],[127.01382,37.54783],[127.0138,37.54796],[127.01366,37.54817],[127.01342,37.54825],[127.01331,37.54838],[127.01343,37.54873],[127.0148,37.54914],[127.015,37.54926],[127.01593,37.54833],[127.01644,37.54858],[127.01674,37.54846],[127.01692,37.54878],[127.01819,37.54897],[127.01841,37.54987],[127.01943,37.55028],[127.01966,37.55026]]]}},{"type":"Feature","properties":{"name":"서울사근초등학교 · 서울마장초등학교","kind":"zone","note":"학구도안내서비스 2026-03-20 기준 (교육청 공식)","shared":true},"geometry":{"type":"Polygon","coordinates":[[[127.04444,37.56559],[127.04464,37.56548],[127.04523,37.56608],[127.04612,37.56555],[127.0467,37.56531],[127.04661,37.56513],[127.04639,37.56512],[127.04589,37.56456],[127.04564,37.56471],[127.04529,37.56433],[127.04534,37.56371],[127.04486,37.56364],[127.04436,37.56401],[127.04386,37.56403],[127.04288,37.56231],[127.04254,37.562],[127.0421,37.56224],[127.04171,37.56226],[127.04169,37.56519],[127.04258,37.56572],[127.04286,37.56544],[127.04379,37.56489],[127.04444,37.56559]]]}},{"type":"Feature","properties":{"name":"서울광진초등학교","kind":"zone","note":"학구도안내서비스 2026-03-20 기준 (교육청 공식)","shared":false},"geometry":{"type":"Polygon","coordinates":[[[127.09175,37.55265],[127.09218,37.55176],[127.09234,37.55197],[127.09242,37.55194],[127.09315,37.55205],[127.09343,37.55131],[127.09459,37.55157],[127.09491,37.55079],[127.09479,37.55058],[127.09498,37.54972],[127.09489,37.54971],[127.09502,37.5493],[127.09502,37.54908],[127.09484,37.54881],[127.09484,37.54861],[127.09443,37.54844],[127.09436,37.54846],[127.09422,37.54829],[127.09398,37.54839],[127.0929,37.54669],[127.09221,37.54617],[127.09172,37.54545],[127.09141,37.54531],[127.0911,37.54457],[127.09007,37.54481],[127.08506,37.54509],[127.08511,37.54529],[127.08527,37.54548],[127.08527,37.54572],[127.08597,37.54636],[127.08588,37.54642],[127.086,37.54665],[127.08571,37.54689],[127.08568,37.54699],[127.0858,37.54736],[127.08588,37.54742],[127.08545,37.54856],[127.0855,37.54878],[127.08593,37.54909],[127.086,37.54907],[127.0861,37.54942],[127.08684,37.54952],[127.08757,37.54938],[127.08812,37.54984],[127.0884,37.55023],[127.08809,37.55042],[127.08854,37.55088],[127.08895,37.55117],[127.08925,37.55152],[127.08966,37.55169],[127.08979,37.55146],[127.09005,37.55155],[127.08959,37.55239],[127.08876,37.55337],[127.09039,37.55391],[127.09086,37.55435],[127.09186,37.55363],[127.0914,37.55322],[127.09194,37.55283],[127.09175,37.55265]]]}},{"type":"Feature","properties":{"name":"서울신석초등학교","kind":"zone","note":"학구도안내서비스 2026-03-20 기준 (교육청 공식)","shared":false},"geometry":{"type":"Polygon","coordinates":[[[126.93069,37.54125],[126.93178,37.54313],[126.93128,37.54324],[126.93084,37.54348],[126.93094,37.54361],[126.93184,37.54379],[126.932,37.5439],[126.93226,37.54428],[126.93285,37.54394],[126.93311,37.54415],[126.93303,37.54423],[126.93311,37.54448],[126.93292,37.54452],[126.93309,37.54494],[126.93318,37.54498],[126.93327,37.54517],[126.93353,37.54529],[126.93335,37.54624],[126.93322,37.5463],[126.93309,37.54648],[126.93315,37.54692],[126.93343,37.54692],[126.93349,37.54753],[126.93259,37.54757],[126.93293,37.54991],[126.93355,37.54998],[126.93419,37.54997],[126.9381,37.54977],[126.93907,37.54851],[126.93986,37.54776],[126.9398,37.54771],[126.93988,37.54763],[126.94072,37.54707],[126.94108,37.54697],[126.94132,37.54679],[126.94338,37.54616],[126.94305,37.54615],[126.94292,37.54608],[126.94258,37.54573],[126.94219,37.54589],[126.94183,37.54547],[126.94121,37.54507],[126.94075,37.54511],[126.94052,37.54488],[126.94152,37.54423],[126.94071,37.54375],[126.94094,37.54349],[126.9411,37.5429],[126.94084,37.54277],[126.9403,37.54275],[126.94034,37.54269],[126.93994,37.54252],[126.94084,37.54182],[126.93997,37.54108],[126.94097,37.54035],[126.93823,37.53799],[126.9329,37.54052],[126.93069,37.54125]]]}},{"type":"Feature","properties":{"name":"서울서강초등학교","kind":"zone","note":"학구도안내서비스 2026-03-20 기준 (교육청 공식)","shared":false},"geometry":{"type":"Polygon","coordinates":[[[126.93171,37.55219],[126.93204,37.55218],[126.93223,37.55227],[126.93271,37.55228],[126.93303,37.55216],[126.93343,37.55289],[126.93384,37.55322],[126.93636,37.55146],[126.93695,37.55098],[126.93572,37.54989],[126.93355,37.54998],[126.93293,37.54991],[126.93259,37.54757],[126.93349,37.54753],[126.93343,37.54692],[126.93315,37.54692],[126.93309,37.54648],[126.93322,37.5463],[126.93335,37.54624],[126.93353,37.54529],[126.93327,37.54517],[126.93318,37.54498],[126.93309,37.54494],[126.93292,37.54452],[126.93311,37.54448],[126.93303,37.54423],[126.93311,37.54415],[126.93285,37.54394],[126.93226,37.54428],[126.932,37.5439],[126.93184,37.54379],[126.93094,37.54361],[126.93084,37.54348],[126.93128,37.54324],[126.93178,37.54313],[126.93069,37.54125],[126.93011,37.54143],[126.91714,37.54143],[126.9171,37.54291],[126.9167,37.54297],[126.91663,37.54346],[126.91698,37.54367],[126.91737,37.54414],[126.91741,37.54441],[126.91765,37.54461],[126.91769,37.54484],[126.91777,37.54486],[126.91794,37.5447],[126.91798,37.54453],[126.91807,37.54454],[126.91821,37.54463],[126.91845,37.54493],[126.91864,37.545],[126.91863,37.54517],[126.91871,37.54529],[126.91867,37.54537],[126.91983,37.5476],[126.92004,37.54785],[126.92035,37.54844],[126.92099,37.5486],[126.92182,37.54908],[126.92221,37.54946],[126.92292,37.54993],[126.92307,37.54995],[126.92305,37.55018],[126.92318,37.55031],[126.92375,37.55055],[126.92392,37.5507],[126.924,37.55089],[126.9242,37.55093],[126.9242,37.55156],[126.92407,37.55188],[126.9241,37.55233],[126.92395,37.55252],[126.92409,37.55268],[126.92419,37.55262],[126.9248,37.55277],[126.92516,37.55305],[126.92559,37.55263],[126.92751,37.55158],[126.92825,37.55223],[126.9287,37.55248],[126.9291,37.55287],[126.92986,37.55318],[126.93002,37.55332],[126.93018,37.55328],[126.93096,37.55254],[126.93171,37.55219]]]}},{"type":"Feature","properties":{"name":"서울창천초등학교","kind":"zone","note":"학구도안내서비스 2026-03-20 기준 (교육청 공식)","shared":false},"geometry":{"type":"Polygon","coordinates":[[[126.94513,37.55606],[126.94528,37.55593],[126.94585,37.55581],[126.94588,37.55341],[126.94581,37.55271],[126.94499,37.55198],[126.94365,37.55274],[126.94373,37.55284],[126.94345,37.55297],[126.94294,37.553],[126.94295,37.55328],[126.94179,37.55301],[126.94136,37.55337],[126.94093,37.55333],[126.94032,37.55348],[126.93974,37.55325],[126.93773,37.55289],[126.93773,37.5528],[126.93718,37.55275],[126.93626,37.55226],[126.93622,37.55211],[126.93586,37.55181],[126.93384,37.55322],[126.93688,37.55504],[126.93687,37.5551],[126.93717,37.55514],[126.93719,37.55521],[126.94099,37.55647],[126.94137,37.55655],[126.9439,37.55669],[126.94395,37.55615],[126.94449,37.55619],[126.94474,37.55605],[126.94513,37.55606]]]}},{"type":"Feature","properties":{"name":"서울한서초등학교","kind":"zone","note":"학구도안내서비스 2026-03-20 기준 (교육청 공식)","shared":false},"geometry":{"type":"Polygon","coordinates":[[[126.95079,37.55663],[126.9508,37.55626],[126.95053,37.55621],[126.95053,37.55542],[126.95119,37.55542],[126.95123,37.55481],[126.95183,37.55516],[126.95248,37.55534],[126.95296,37.555],[126.95309,37.55483],[126.95309,37.55473],[126.95275,37.5545],[126.95238,37.55409],[126.95168,37.55284],[126.95153,37.55224],[126.95092,37.55169],[126.95099,37.55163],[126.95089,37.55155],[126.95081,37.55161],[126.95076,37.55153],[126.95046,37.55155],[126.95021,37.55118],[126.94963,37.55068],[126.94895,37.55124],[126.94814,37.55094],[126.94646,37.55066],[126.94663,37.55143],[126.94656,37.55295],[126.94584,37.55299],[126.94585,37.55581],[126.94528,37.55593],[126.94513,37.55606],[126.94474,37.55605],[126.94449,37.55619],[126.94395,37.55615],[126.9439,37.55669],[126.94469,37.55674],[126.94471,37.55661],[126.94685,37.55675],[126.94684,37.55686],[126.95097,37.5571],[126.951,37.55663],[126.95079,37.55663]]]}},{"type":"Feature","properties":{"name":"서울용강초등학교","kind":"zone","note":"학구도안내서비스 2026-03-20 기준 (교육청 공식)","shared":false},"geometry":{"type":"Polygon","coordinates":[[[126.94584,37.55299],[126.94656,37.55295],[126.94663,37.55143],[126.94646,37.55066],[126.94814,37.55094],[126.94895,37.55124],[126.94963,37.55068],[126.94941,37.5503],[126.94948,37.55028],[126.94947,37.55018],[126.94925,37.5497],[126.94906,37.54746],[126.95014,37.54556],[126.95028,37.54552],[126.94965,37.54452],[126.94641,37.54596],[126.94583,37.5452],[126.94472,37.54564],[126.94476,37.54571],[126.94419,37.54596],[126.942,37.54655],[126.94132,37.54679],[126.94108,37.54697],[126.94072,37.54707],[126.93988,37.54763],[126.9398,37.54771],[126.93986,37.54776],[126.93907,37.54851],[126.9381,37.54977],[126.93572,37.54989],[126.93695,37.55098],[126.93586,37.55181],[126.93622,37.55211],[126.93626,37.55226],[126.93718,37.55275],[126.93773,37.5528],[126.93773,37.55289],[126.93974,37.55325],[126.94032,37.55348],[126.94093,37.55333],[126.94136,37.55337],[126.94179,37.55301],[126.94295,37.55328],[126.94294,37.553],[126.94345,37.55297],[126.94373,37.55284],[126.94365,37.55274],[126.94499,37.55198],[126.94581,37.55271],[126.94584,37.55299]]]}},{"type":"Feature","properties":{"name":"서울공항초등학교","kind":"zone","note":"학구도안내서비스 2026-03-20 기준 (교육청 공식)","shared":false},"geometry":{"type":"Polygon","coordinates":[[[126.82483,37.56688],[126.82409,37.56218],[126.82713,37.56189],[126.82786,37.56665],[126.83075,37.56642],[126.82985,37.5594],[126.81859,37.56052],[126.81888,37.56277],[126.81652,37.56306],[126.81663,37.56752],[126.82483,37.56688]]]}},{"type":"Feature","properties":{"name":"서울등현초등학교 · 서울등명초등학교 · 서울등양초등학교","kind":"zone","note":"학구도안내서비스 2026-03-20 기준 (교육청 공식)","shared":true},"geometry":{"type":"Polygon","coordinates":[[[126.84453,37.5581],[126.8444,37.55796],[126.82985,37.5594],[126.83045,37.56413],[126.83976,37.56323],[126.84357,37.56246],[126.84425,37.56226],[126.84497,37.56195],[126.84412,37.56069],[126.84361,37.55914],[126.84521,37.55899],[126.84453,37.5581]]]}},{"type":"Feature","properties":{"name":"서울금북초등학교","kind":"zone","note":"학구도안내서비스 2026-03-20 기준 (교육청 공식)","shared":false},"geometry":{"type":"Polygon","coordinates":[[[127.0265,37.55098],[127.02643,37.5519],[127.02599,37.55206],[127.02575,37.55204],[127.02558,37.55216],[127.02528,37.55207],[127.02479,37.5525],[127.02359,37.55301],[127.02307,37.5532],[127.02154,37.55352],[127.02108,37.55377],[127.02018,37.55446],[127.02002,37.55472],[127.01998,37.55623],[127.01983,37.55666],[127.0194,37.55743],[127.02088,37.55784],[127.02093,37.55776],[127.02192,37.55748],[127.02255,37.55783],[127.02289,37.55783],[127.02292,37.55833],[127.02285,37.55898],[127.02241,37.55904],[127.02279,37.55937],[127.02322,37.56],[127.02339,37.56073],[127.02371,37.56114],[127.0242,37.56152],[127.02376,37.56063],[127.02382,37.55971],[127.02406,37.55962],[127.02413,37.55953],[127.02416,37.55932],[127.02425,37.55927],[127.02466,37.55924],[127.02525,37.55944],[127.02579,37.55893],[127.0259,37.55891],[127.0259,37.55881],[127.02608,37.5586],[127.02638,37.55914],[127.02699,37.55818],[127.02639,37.55789],[127.0266,37.55764],[127.02655,37.55759],[127.02666,37.55743],[127.0273,37.55667],[127.02722,37.5566],[127.02727,37.55648],[127.02714,37.55641],[127.02726,37.55626],[127.0279,37.55657],[127.02803,37.55641],[127.02767,37.55623],[127.0278,37.55608],[127.02822,37.55509],[127.02862,37.55447],[127.02824,37.55435],[127.02746,37.55446],[127.02782,37.55418],[127.02834,37.55423],[127.02898,37.5539],[127.02947,37.55384],[127.02941,37.55377],[127.02955,37.55346],[127.02954,37.55328],[127.02938,37.55299],[127.02878,37.55274],[127.02892,37.55264],[127.02896,37.55241],[127.02916,37.55215],[127.02945,37.55152],[127.02931,37.55103],[127.02702,37.55104],[127.02688,37.55103],[127.02688,37.55097],[127.0265,37.55098]]]}},{"type":"Feature","properties":{"name":"서울송화초등학교","kind":"zone","note":"학구도안내서비스 2026-03-20 기준 (교육청 공식)","shared":false},"geometry":{"type":"Polygon","coordinates":[[[126.83084,37.56717],[126.83075,37.56642],[126.82786,37.56665],[126.82713,37.56189],[126.82409,37.56218],[126.82483,37.56688],[126.81663,37.56752],[126.81339,37.56755],[126.81276,37.56766],[126.81285,37.56919],[126.81284,37.56975],[126.81276,37.57003],[126.81242,37.57075],[126.81068,37.57328],[126.81169,37.57346],[126.81257,37.57349],[126.81659,37.57336],[126.82228,37.57328],[126.82429,37.57303],[126.83162,37.57262],[126.83084,37.56717]]]}},{"type":"Feature","properties":{"name":"서울중동초등학교","kind":"zone","note":"학구도안내서비스 2026-03-20 기준 (교육청 공식)","shared":false},"geometry":{"type":"Polygon","coordinates":[[[126.91099,37.56982],[126.91144,37.56962],[126.91144,37.56988],[126.91138,37.56989],[126.91153,37.57011],[126.91167,37.57018],[126.91247,37.56978],[126.91289,37.57023],[126.91707,37.56818],[126.91664,37.56773],[126.91869,37.5668],[126.91998,37.56525],[126.91957,37.56513],[126.91889,37.56474],[126.91828,37.56549],[126.91503,37.56508],[126.91514,37.56447],[126.91441,37.56437],[126.91377,37.56403],[126.91482,37.56286],[126.91424,37.56256],[126.9115,37.56556],[126.90742,37.56444],[126.90684,37.56659],[126.90749,37.56749],[126.90785,37.56815],[126.9081,37.56847],[126.90825,37.56846],[126.90799,37.56872],[126.90831,37.56911],[126.9077,37.56943],[126.90805,37.5698],[126.9082,37.56972],[126.90857,37.57009],[126.90874,37.57],[126.9089,37.56979],[126.90899,37.56993],[126.90934,37.5701],[126.90948,37.57043],[126.91099,37.56982]]]}},{"type":"Feature","properties":{"name":"서울창서초등학교","kind":"zone","note":"학구도안내서비스 2026-03-20 기준 (교육청 공식)","shared":false},"geometry":{"type":"Polygon","coordinates":[[[126.92811,37.56347],[126.92827,37.56334],[126.92917,37.56459],[126.93271,37.56128],[126.9335,37.56064],[126.93417,37.5603],[126.93452,37.5602],[126.93566,37.56006],[126.93889,37.56008],[126.93969,37.56012],[126.9402,37.5603],[126.94036,37.56043],[126.94045,37.55912],[126.94158,37.55911],[126.94166,37.55739],[126.94074,37.55731],[126.94105,37.55648],[126.93719,37.55521],[126.93717,37.55514],[126.93687,37.5551],[126.93688,37.55504],[126.93409,37.55338],[126.933,37.55427],[126.93268,37.55479],[126.93238,37.55476],[126.932,37.5556],[126.93192,37.55603],[126.93196,37.55689],[126.9266,37.55885],[126.92669,37.56083],[126.92681,37.56121],[126.9271,37.56165],[126.9269,37.56164],[126.92652,37.56144],[126.92603,37.56104],[126.92556,37.56037],[126.92504,37.56046],[126.92457,37.56077],[126.92423,37.56082],[126.92421,37.56055],[126.92394,37.56036],[126.92384,37.56],[126.92374,37.56003],[126.92321,37.56066],[126.92115,37.56321],[126.92423,37.56476],[126.92356,37.56542],[126.92369,37.56597],[126.92473,37.56567],[126.92601,37.5651],[126.92811,37.56347]]]}},{"type":"Feature","properties":{"name":"서울중동초등학교 · 서울창서초등학교","kind":"zone","note":"학구도안내서비스 2026-03-20 기준 (교육청 공식)","shared":true},"geometry":{"type":"Polygon","coordinates":[[[126.92151,37.56341],[126.92115,37.56321],[126.92107,37.5633],[126.91957,37.56513],[126.91998,37.56525],[126.91869,37.5668],[126.91664,37.56773],[126.91674,37.56783],[126.91844,37.56711],[126.92018,37.56664],[126.92156,37.56644],[126.92369,37.56597],[126.92356,37.56542],[126.92423,37.56476],[126.92151,37.56341]]]}},{"type":"Feature","properties":{"name":"서울경수초등학교","kind":"zone","note":"학구도안내서비스 2026-03-20 기준 (교육청 공식)","shared":false},"geometry":{"type":"Polygon","coordinates":[[[127.06287,37.54018],[127.06025,37.53554],[127.05745,37.53449],[127.05712,37.53444],[127.05676,37.53447],[127.05342,37.53538],[127.05356,37.53578],[127.05257,37.53736],[127.05331,37.53776],[127.05315,37.53779],[127.05313,37.53897],[127.0541,37.5394],[127.05498,37.53966],[127.0551,37.53939],[127.05625,37.54217],[127.06287,37.54018]]]}},{"type":"Feature","properties":{"name":"서울경일초등학교","kind":"zone","note":"학구도안내서비스 2026-03-20 기준 (교육청 공식)","shared":false},"geometry":{"type":"Polygon","coordinates":[[[127.05338,37.53908],[127.05313,37.53897],[127.05315,37.53779],[127.05331,37.53776],[127.05257,37.53736],[127.05356,37.53578],[127.05342,37.53538],[127.04365,37.53811],[127.04378,37.53983],[127.04397,37.54088],[127.04423,37.54178],[127.04192,37.5423],[127.04322,37.5451],[127.04135,37.54562],[127.04168,37.54633],[127.04359,37.54584],[127.04394,37.54627],[127.04472,37.54614],[127.04495,37.54469],[127.04424,37.54184],[127.04804,37.54063],[127.05356,37.53919],[127.05338,37.53908]]]}},{"type":"Feature","properties":{"name":"서울잠원초등학교","kind":"zone","note":"학구도안내서비스 2026-03-20 기준 (교육청 공식)","shared":false},"geometry":{"type":"Polygon","coordinates":[[[127.00273,37.50295],[127.00363,37.50172],[127.0042,37.49898],[127.00524,37.49679],[127.00497,37.49675],[127.00398,37.4961],[127.00352,37.49597],[127.00355,37.49503],[127.00327,37.4944],[127.00239,37.49349],[127.00224,37.49311],[127.00183,37.49278],[127.00125,37.49198],[127.00086,37.49179],[127.00029,37.49181],[126.99992,37.4929],[126.99982,37.49308],[126.99971,37.49315],[126.99841,37.49341],[126.9979,37.49365],[126.99751,37.4934],[126.99677,37.49416],[126.99665,37.4942],[126.99546,37.49401],[126.99532,37.49478],[126.99483,37.49539],[126.99478,37.49572],[126.99427,37.49579],[126.99425,37.49612],[126.99375,37.49617],[126.99358,37.49599],[126.99296,37.49632],[126.9929,37.49663],[126.99278,37.49662],[126.99278,37.49687],[126.99142,37.49723],[126.991,37.49751],[126.991,37.4978],[126.99071,37.49793],[126.99071,37.49814],[126.98729,37.49822],[126.9885,37.49878],[126.9909,37.49952],[126.9916,37.50012],[126.99204,37.50097],[126.99463,37.50152],[126.994,37.50293],[126.9928,37.50261],[126.99289,37.50285],[126.99284,37.50316],[126.99245,37.50419],[126.99215,37.50473],[126.99182,37.50508],[126.99177,37.50563],[126.99206,37.50597],[126.99218,37.50637],[126.99219,37.50666],[126.99187,37.50715],[126.99865,37.51011],[127.0011,37.50496],[127.00273,37.50295]]]}},{"type":"Feature","properties":{"name":"서울잠원초등학교","kind":"zone","note":"학구도안내서비스 2026-03-20 기준 (교육청 공식)","shared":false},"geometry":{"type":"Polygon","coordinates":[[[126.98772,37.5025],[126.98729,37.5024],[126.98715,37.50283],[126.98752,37.50291],[126.98772,37.5025]]]}},{"type":"Feature","properties":{"name":"서울강덕초등학교","kind":"school"},"geometry":{"type":"Point","coordinates":[127.160483580625,37.5595468443282]}},{"type":"Feature","properties":{"name":"서울강동초등학교","kind":"school"},"geometry":{"type":"Point","coordinates":[127.130187177341,37.5463638024947]}},{"type":"Feature","properties":{"name":"서울강명초등학교","kind":"school"},"geometry":{"type":"Point","coordinates":[127.173374480645,37.5547060358492]}},{"type":"Feature","properties":{"name":"서울강빛초등학교","kind":"school"},"geometry":{"type":"Point","coordinates":[127.170811116993,37.574330114172]}},{"type":"Feature","properties":{"name":"서울강솔초등학교","kind":"school"},"geometry":{"type":"Point","coordinates":[127.180267051614,37.5618679127363]}},{"type":"Feature","properties":{"name":"서울강일초등학교","kind":"school"},"geometry":{"type":"Point","coordinates":[127.177212459316,37.565255684305]}},{"type":"Feature","properties":{"name":"서울고덕초등학교","kind":"school"},"geometry":{"type":"Point","coordinates":[127.166096972163,37.5612942209058]}},{"type":"Feature","properties":{"name":"서울고명초등학교","kind":"school"},"geometry":{"type":"Point","coordinates":[127.147436202442,37.5529725262612]}},{"type":"Feature","properties":{"name":"서울고일초등학교","kind":"school"},"geometry":{"type":"Point","coordinates":[127.169410258978,37.5515434343626]}},{"type":"Feature","properties":{"name":"서울고현초등학교","kind":"school"},"geometry":{"type":"Point","coordinates":[127.166151512341,37.5537953318163]}},{"type":"Feature","properties":{"name":"서울길동초등학교","kind":"school"},"geometry":{"type":"Point","coordinates":[127.144972942492,37.5385916779149]}},{"type":"Feature","properties":{"name":"서울대명초등학교","kind":"school"},"geometry":{"type":"Point","coordinates":[127.152849551167,37.547707060343]}},{"type":"Feature","properties":{"name":"서울둔촌초등학교","kind":"school"},"geometry":{"type":"Point","coordinates":[127.137454081546,37.5262199311307]}},{"type":"Feature","properties":{"name":"서울명덕초등학교","kind":"school"},"geometry":{"type":"Point","coordinates":[127.14508147542,37.556762513572]}},{"type":"Feature","properties":{"name":"서울명원초등학교","kind":"school"},"geometry":{"type":"Point","coordinates":[127.15050016138,37.5512878500966]}},{"type":"Feature","properties":{"name":"서울명일초등학교","kind":"school"},"geometry":{"type":"Point","coordinates":[127.142591145632,37.554553599981]}},{"type":"Feature","properties":{"name":"서울묘곡초등학교","kind":"school"},"geometry":{"type":"Point","coordinates":[127.153093519674,37.5587127849016]}},{"type":"Feature","properties":{"name":"서울상일초등학교","kind":"school"},"geometry":{"type":"Point","coordinates":[127.172667420087,37.5475608123278]}},{"type":"Feature","properties":{"name":"서울선린초등학교","kind":"school"},"geometry":{"type":"Point","coordinates":[127.145594039357,37.5297601213047]}},{"type":"Feature","properties":{"name":"서울선사초등학교","kind":"school"},"geometry":{"type":"Point","coordinates":[127.12819596827,37.5558469097869]}},{"type":"Feature","properties":{"name":"서울성내초등학교","kind":"school"},"geometry":{"type":"Point","coordinates":[127.122500139991,37.5313578593416]}},{"type":"Feature","properties":{"name":"서울성일초등학교","kind":"school"},"geometry":{"type":"Point","coordinates":[127.128408263098,37.5297092388513]}},{"type":"Feature","properties":{"name":"서울신명초등학교","kind":"school"},"geometry":{"type":"Point","coordinates":[127.149979091111,37.5409268527757]}},{"type":"Feature","properties":{"name":"서울신암초등학교","kind":"school"},"geometry":{"type":"Point","coordinates":[127.124404356441,37.5500236743432]}},{"type":"Feature","properties":{"name":"서울위례초등학교","kind":"school"},"geometry":{"type":"Point","coordinates":[127.139436648101,37.5223185221619]}},{"type":"Feature","properties":{"name":"서울천동초등학교","kind":"school"},"geometry":{"type":"Point","coordinates":[127.137828727405,37.541015901733]}},{"type":"Feature","properties":{"name":"서울천일초등학교","kind":"school"},"geometry":{"type":"Point","coordinates":[127.133436718515,37.5443612197289]}},{"type":"Feature","properties":{"name":"서울천호초등학교","kind":"school"},"geometry":{"type":"Point","coordinates":[127.136592330295,37.5477189664877]}},{"type":"Feature","properties":{"name":"서울한산초등학교","kind":"school"},"geometry":{"type":"Point","coordinates":[127.14107694998,37.5286945837724]}},{"type":"Feature","properties":{"name":"서울가동초등학교","kind":"school"},"geometry":{"type":"Point","coordinates":[127.129790328684,37.4972559260218]}},{"type":"Feature","properties":{"name":"서울가락초등학교","kind":"school"},"geometry":{"type":"Point","coordinates":[127.107214872322,37.4998746399971]}},{"type":"Feature","properties":{"name":"서울가원초등학교","kind":"school"},"geometry":{"type":"Point","coordinates":[127.111028747643,37.4894427777046]}},{"type":"Feature","properties":{"name":"서울가주초등학교","kind":"school"},"geometry":{"type":"Point","coordinates":[127.129280370183,37.4965672156015]}},{"type":"Feature","properties":{"name":"서울개롱초등학교","kind":"school"},"geometry":{"type":"Point","coordinates":[127.139888149341,37.4973626123965]}},{"type":"Feature","properties":{"name":"서울거여초등학교","kind":"school"},"geometry":{"type":"Point","coordinates":[127.140946785902,37.5050261154817]}},{"type":"Feature","properties":{"name":"서울거원초등학교","kind":"school"},"geometry":{"type":"Point","coordinates":[127.144815961872,37.4876385082093]}},{"type":"Feature","properties":{"name":"서울남천초등학교","kind":"school"},"geometry":{"type":"Point","coordinates":[127.151063224565,37.5013291325477]}},{"type":"Feature","properties":{"name":"서울마천초등학교","kind":"school"},"geometry":{"type":"Point","coordinates":[127.152704624882,37.495437509372]}},{"type":"Feature","properties":{"name":"서울문덕초등학교","kind":"school"},"geometry":{"type":"Point","coordinates":[127.127962742492,37.4850521596354]}},{"type":"Feature","properties":{"name":"서울문정초등학교","kind":"school"},"geometry":{"type":"Point","coordinates":[127.129206175689,37.4890774089099]}},{"type":"Feature","properties":{"name":"서울문현초등학교","kind":"school"},"geometry":{"type":"Point","coordinates":[127.130257129876,37.482790915501]}},{"type":"Feature","properties":{"name":"서울방산초등학교","kind":"school"},"geometry":{"type":"Point","coordinates":[127.121190696197,37.5095379215333]}},{"type":"Feature","properties":{"name":"서울방이초등학교","kind":"school"},"geometry":{"type":"Point","coordinates":[127.120531131015,37.513512293639]}},{"type":"Feature","properties":{"name":"서울버들초등학교","kind":"school"},"geometry":{"type":"Point","coordinates":[127.089274587416,37.5102185018601]}},{"type":"Feature","properties":{"name":"서울삼전초등학교","kind":"school"},"geometry":{"type":"Point","coordinates":[127.093268133907,37.5017012801562]}},{"type":"Feature","properties":{"name":"서울석촌초등학교","kind":"school"},"geometry":{"type":"Point","coordinates":[127.105238463221,37.5026527756676]}},{"type":"Feature","properties":{"name":"서울세륜초등학교","kind":"school"},"geometry":{"type":"Point","coordinates":[127.134157724554,37.5185748448001]}},{"type":"Feature","properties":{"name":"서울송례초등학교","kind":"school"},"geometry":{"type":"Point","coordinates":[127.13849585496,37.4778940251025]}},{"type":"Feature","properties":{"name":"서울송전초등학교","kind":"school"},"geometry":{"type":"Point","coordinates":[127.095121373383,37.5088312569718]}},{"type":"Feature","properties":{"name":"서울송파초등학교","kind":"school"},"geometry":{"type":"Point","coordinates":[127.111247174893,37.5069549745149]}},{"type":"Feature","properties":{"name":"서울신가초등학교","kind":"school"},"geometry":{"type":"Point","coordinates":[127.119700425145,37.5003207198096]}},{"type":"Feature","properties":{"name":"서울신천초등학교","kind":"school"},"geometry":{"type":"Point","coordinates":[127.095036549398,37.5140077737504]}},{"type":"Feature","properties":{"name":"서울아주초등학교","kind":"school"},"geometry":{"type":"Point","coordinates":[127.075317277909,37.50578969665]}},{"type":"Feature","properties":{"name":"서울영풍초등학교","kind":"school"},"geometry":{"type":"Point","coordinates":[127.143214689204,37.4961862376383]}},{"type":"Feature","properties":{"name":"서울오금초등학교","kind":"school"},"geometry":{"type":"Point","coordinates":[127.131977915625,37.5093704878322]}},{"type":"Feature","properties":{"name":"서울오륜초등학교","kind":"school"},"geometry":{"type":"Point","coordinates":[127.134396802963,37.5124274792928]}},{"type":"Feature","properties":{"name":"서울위례별초등학교","kind":"school"},"geometry":{"type":"Point","coordinates":[127.145018831355,37.4790497618126]}},{"type":"Feature","properties":{"name":"서울위례솔초등학교","kind":"school"},"geometry":{"type":"Point","coordinates":[127.150753871028,37.486734037842]}},{"type":"Feature","properties":{"name":"서울잠동초등학교","kind":"school"},"geometry":{"type":"Point","coordinates":[127.099997855402,37.518364083155]}},{"type":"Feature","properties":{"name":"서울잠신초등학교","kind":"school"},"geometry":{"type":"Point","coordinates":[127.08797670792,37.5141697474146]}},{"type":"Feature","properties":{"name":"서울잠실초등학교","kind":"school"},"geometry":{"type":"Point","coordinates":[127.110799789543,37.5201410422976]}},{"type":"Feature","properties":{"name":"서울잠일초등학교","kind":"school"},"geometry":{"type":"Point","coordinates":[127.081636216984,37.5147416618092]}},{"type":"Feature","properties":{"name":"서울잠전초등학교","kind":"school"},"geometry":{"type":"Point","coordinates":[127.083864376692,37.5073349275982]}},{"type":"Feature","properties":{"name":"서울잠현초등학교","kind":"school"},"geometry":{"type":"Point","coordinates":[127.104722782408,37.5225858707847]}},{"type":"Feature","properties":{"name":"서울중대초등학교","kind":"school"},"geometry":{"type":"Point","coordinates":[127.113605457993,37.4998119038214]}},{"type":"Feature","properties":{"name":"서울토성초등학교","kind":"school"},"geometry":{"type":"Point","coordinates":[127.115772382237,37.5318963267968]}},{"type":"Feature","properties":{"name":"서울평화초등학교","kind":"school"},"geometry":{"type":"Point","coordinates":[127.122700488472,37.4916183368483]}},{"type":"Feature","properties":{"name":"서울풍납초등학교","kind":"school"},"geometry":{"type":"Point","coordinates":[127.117532366819,37.5352940632209]}},{"type":"Feature","properties":{"name":"서울풍성초등학교","kind":"school"},"geometry":{"type":"Point","coordinates":[127.113492681415,37.5263118815737]}},{"type":"Feature","properties":{"name":"서울해누리초등학교","kind":"school"},"geometry":{"type":"Point","coordinates":[127.102124196858,37.4984115921213]}},{"type":"Feature","properties":{"name":"서울개원초등학교","kind":"school"},"geometry":{"type":"Point","coordinates":[127.058928868147,37.4815990431896]}},{"type":"Feature","properties":{"name":"서울개일초등학교","kind":"school"},"geometry":{"type":"Point","coordinates":[127.057790853452,37.4862353839469]}},{"type":"Feature","properties":{"name":"서울개포초등학교","kind":"school"},"geometry":{"type":"Point","coordinates":[127.070310042973,37.4863349159759]}},{"type":"Feature","properties":{"name":"서울개현초등학교","kind":"school"},"geometry":{"type":"Point","coordinates":[127.061934734277,37.4810551885528]}},{"type":"Feature","properties":{"name":"서울구룡초등학교","kind":"school"},"geometry":{"type":"Point","coordinates":[127.051771435538,37.4811973926876]}},{"type":"Feature","properties":{"name":"서울논현초등학교","kind":"school"},"geometry":{"type":"Point","coordinates":[127.02617981295,37.5084731864007]}},{"type":"Feature","properties":{"name":"서울대곡초등학교","kind":"school"},"geometry":{"type":"Point","coordinates":[127.065026465684,37.4947106436849]}},{"type":"Feature","properties":{"name":"서울대도초등학교","kind":"school"},"geometry":{"type":"Point","coordinates":[127.053206571031,37.4925857669174]}},{"type":"Feature","properties":{"name":"서울대모초등학교","kind":"school"},"geometry":{"type":"Point","coordinates":[127.085993825956,37.4805984530071]}},{"type":"Feature","properties":{"name":"서울대왕초등학교","kind":"school"},"geometry":{"type":"Point","coordinates":[127.105303959604,37.4646391801831]}},{"type":"Feature","properties":{"name":"서울대진초등학교","kind":"school"},"geometry":{"type":"Point","coordinates":[127.077861373551,37.4970275687873]}},{"type":"Feature","properties":{"name":"서울대청초등학교","kind":"school"},"geometry":{"type":"Point","coordinates":[127.087767273125,37.4931480982967]}},{"type":"Feature","properties":{"name":"서울대치초등학교","kind":"school"},"geometry":{"type":"Point","coordinates":[127.06197065881,37.4912865672214]}},{"type":"Feature","properties":{"name":"서울대현초등학교","kind":"school"},"geometry":{"type":"Point","coordinates":[127.063292075669,37.5034861238053]}},{"type":"Feature","properties":{"name":"서울도곡초등학교","kind":"school"},"geometry":{"type":"Point","coordinates":[127.054465527162,37.4995114113359]}},{"type":"Feature","properties":{"name":"서울도성초등학교","kind":"school"},"geometry":{"type":"Point","coordinates":[127.048872178861,37.5014620128395]}},{"type":"Feature","properties":{"name":"서울봉은초등학교","kind":"school"},"geometry":{"type":"Point","coordinates":[127.060746725412,37.5200478271392]}},{"type":"Feature","properties":{"name":"서울삼릉초등학교","kind":"school"},"geometry":{"type":"Point","coordinates":[127.047172253926,37.5132582999042]}},{"type":"Feature","properties":{"name":"서울세명초등학교","kind":"school"},"geometry":{"type":"Point","coordinates":[127.090829377083,37.4687016867837]}},{"type":"Feature","properties":{"name":"서울수서초등학교","kind":"school"},"geometry":{"type":"Point","coordinates":[127.10185783552,37.4911373654824]}},{"type":"Feature","properties":{"name":"서울신구초등학교","kind":"school"},"geometry":{"type":"Point","coordinates":[127.023988358303,37.5233697652501]}},{"type":"Feature","properties":{"name":"서울압구정초등학교","kind":"school"},"geometry":{"type":"Point","coordinates":[127.030841741797,37.5317391125935]}},{"type":"Feature","properties":{"name":"서울양전초등학교","kind":"school"},"geometry":{"type":"Point","coordinates":[127.069170862479,37.4902478541395]}},{"type":"Feature","properties":{"name":"서울언북초등학교","kind":"school"},"geometry":{"type":"Point","coordinates":[127.044715764538,37.520125172379]}},{"type":"Feature","properties":{"name":"서울언주초등학교","kind":"school"},"geometry":{"type":"Point","coordinates":[127.036794347182,37.4863203741934]}},{"type":"Feature","properties":{"name":"서울역삼초등학교","kind":"school"},"geometry":{"type":"Point","coordinates":[127.032564910969,37.4931444060362]}},{"type":"Feature","properties":{"name":"서울영희초등학교","kind":"school"},"geometry":{"type":"Point","coordinates":[127.081132787699,37.4923003980946]}},{"type":"Feature","properties":{"name":"서울왕북초등학교","kind":"school"},"geometry":{"type":"Point","coordinates":[127.086237195421,37.4862610232719]}},{"type":"Feature","properties":{"name":"서울율현초등학교","kind":"school"},"geometry":{"type":"Point","coordinates":[127.108265007698,37.474558700755]}},{"type":"Feature","properties":{"name":"서울일원초등학교","kind":"school"},"geometry":{"type":"Point","coordinates":[127.076141940265,37.4898127052732]}},{"type":"Feature","properties":{"name":"서울자곡초등학교","kind":"school"},"geometry":{"type":"Point","coordinates":[127.099482575625,37.4720493601914]}},{"type":"Feature","properties":{"name":"서울청담초등학교","kind":"school"},"geometry":{"type":"Point","coordinates":[127.045153024716,37.5282818704161]}},{"type":"Feature","properties":{"name":"서울포이초등학교","kind":"school"},"geometry":{"type":"Point","coordinates":[127.052045721323,37.4758166247606]}},{"type":"Feature","properties":{"name":"서울학동초등학교","kind":"school"},"geometry":{"type":"Point","coordinates":[127.039435597045,37.512045952]}},{"type":"Feature","properties":{"name":"계성초등학교","kind":"school"},"geometry":{"type":"Point","coordinates":[126.996654362592,37.5049357208076]}},{"type":"Feature","properties":{"name":"서울교육대학교부설초등학교","kind":"school"},"geometry":{"type":"Point","coordinates":[127.015424537648,37.4907404857731]}},{"type":"Feature","properties":{"name":"서울매헌초등학교","kind":"school"},"geometry":{"type":"Point","coordinates":[127.042057861972,37.4712624819608]}},{"type":"Feature","properties":{"name":"서울반원초등학교","kind":"school"},"geometry":{"type":"Point","coordinates":[127.004236132457,37.5103872227025]}},{"type":"Feature","properties":{"name":"서울반포초등학교","kind":"school"},"geometry":{"type":"Point","coordinates":[126.991741582915,37.5024848344961]}},{"type":"Feature","properties":{"name":"서울방배초등학교","kind":"school"},"geometry":{"type":"Point","coordinates":[126.987137986274,37.4867641043401]}},{"type":"Feature","properties":{"name":"서울방일초등학교","kind":"school"},"geometry":{"type":"Point","coordinates":[126.998848974708,37.4852056040312]}},{"type":"Feature","properties":{"name":"서울방현초등학교","kind":"school"},"geometry":{"type":"Point","coordinates":[126.990073388581,37.4765029769283]}},{"type":"Feature","properties":{"name":"서울서래초등학교","kind":"school"},"geometry":{"type":"Point","coordinates":[126.990156472861,37.4964040023549]}},{"type":"Feature","properties":{"name":"서울서원초등학교","kind":"school"},"geometry":{"type":"Point","coordinates":[127.014619457733,37.5024388979462]}},{"type":"Feature","properties":{"name":"서울서이초등학교","kind":"school"},"geometry":{"type":"Point","coordinates":[127.025618024318,37.491564668711]}},{"type":"Feature","properties":{"name":"서울서일초등학교","kind":"school"},"geometry":{"type":"Point","coordinates":[127.02215975144,37.4852977769965]}},{"type":"Feature","properties":{"name":"서울서초초등학교","kind":"school"},"geometry":{"type":"Point","coordinates":[127.024891501335,37.4990487668755]}},{"type":"Feature","properties":{"name":"서울신동초등학교","kind":"school"},"geometry":{"type":"Point","coordinates":[127.011390388152,37.5171300437436]}},{"type":"Feature","properties":{"name":"서울신중초등학교","kind":"school"},"geometry":{"type":"Point","coordinates":[127.009343254537,37.4801578791721]}},{"type":"Feature","properties":{"name":"서울양재초등학교","kind":"school"},"geometry":{"type":"Point","coordinates":[127.03189250195,37.4741653841614]}},{"type":"Feature","properties":{"name":"서울언남초등학교","kind":"school"},"geometry":{"type":"Point","coordinates":[127.061436582525,37.4541133292306]}},{"type":"Feature","properties":{"name":"서울우면초등학교","kind":"school"},"geometry":{"type":"Point","coordinates":[127.026054562784,37.4653655626944]}},{"type":"Feature","properties":{"name":"서울우솔초등학교","kind":"school"},"geometry":{"type":"Point","coordinates":[127.019275619438,37.4570942208519]}},{"type":"Feature","properties":{"name":"서울우암초등학교","kind":"school"},"geometry":{"type":"Point","coordinates":[127.023731348976,37.4723005921488]}},{"type":"Feature","properties":{"name":"서울원명초등학교","kind":"school"},"geometry":{"type":"Point","coordinates":[127.017066977739,37.5007499044884]}},{"type":"Feature","properties":{"name":"서울원촌초등학교","kind":"school"},"geometry":{"type":"Point","coordinates":[127.012346682947,37.5062446440008]}},{"type":"Feature","properties":{"name":"서울이수초등학교","kind":"school"},"geometry":{"type":"Point","coordinates":[126.984058772938,37.4781887381851]}},{"type":"Feature","properties":{"name":"서울잠원초등학교","kind":"school"},"geometry":{"type":"Point","coordinates":[126.9983875282,37.5018590933365]}},{"type":"Feature","properties":{"name":"서울관악초등학교","kind":"school"},"geometry":{"type":"Point","coordinates":[126.942570541831,37.4810297131995]}},{"type":"Feature","properties":{"name":"서울구암초등학교","kind":"school"},"geometry":{"type":"Point","coordinates":[126.946271723126,37.4892174749954]}},{"type":"Feature","properties":{"name":"서울난곡초등학교","kind":"school"},"geometry":{"type":"Point","coordinates":[126.916341558815,37.4691282036291]}},{"type":"Feature","properties":{"name":"서울난우초등학교","kind":"school"},"geometry":{"type":"Point","coordinates":[126.917458792183,37.4771205875183]}},{"type":"Feature","properties":{"name":"서울난향초등학교","kind":"school"},"geometry":{"type":"Point","coordinates":[126.918336846046,37.4628218910704]}},{"type":"Feature","properties":{"name":"서울남부초등학교","kind":"school"},"geometry":{"type":"Point","coordinates":[126.922183775699,37.4851194359099]}},{"type":"Feature","properties":{"name":"서울당곡초등학교","kind":"school"},"geometry":{"type":"Point","coordinates":[126.930369788237,37.4901681154487]}},{"type":"Feature","properties":{"name":"서울미성초등학교","kind":"school"},"geometry":{"type":"Point","coordinates":[126.912392273996,37.4783399695494]}},{"type":"Feature","properties":{"name":"서울봉천초등학교","kind":"school"},"geometry":{"type":"Point","coordinates":[126.95820924848,37.4832732140812]}},{"type":"Feature","properties":{"name":"서울봉현초등학교","kind":"school"},"geometry":{"type":"Point","coordinates":[126.955347165898,37.4912022088395]}},{"type":"Feature","properties":{"name":"서울사당초등학교","kind":"school"},"geometry":{"type":"Point","coordinates":[126.973366964486,37.4738196175948]}},{"type":"Feature","properties":{"name":"서울삼성초등학교","kind":"school"},"geometry":{"type":"Point","coordinates":[126.940492900894,37.4685220375851]}},{"type":"Feature","properties":{"name":"서울신림초등학교","kind":"school"},"geometry":{"type":"Point","coordinates":[126.926876735629,37.4771198534832]}},{"type":"Feature","properties":{"name":"서울신봉초등학교","kind":"school"},"geometry":{"type":"Point","coordinates":[126.949130876206,37.4855779476851]}},{"type":"Feature","properties":{"name":"서울신성초등학교","kind":"school"},"geometry":{"type":"Point","coordinates":[126.936754150323,37.472003312266]}},{"type":"Feature","properties":{"name":"서울신우초등학교","kind":"school"},"geometry":{"type":"Point","coordinates":[126.932535154048,37.4632725256816]}},{"type":"Feature","properties":{"name":"서울원당초등학교","kind":"school"},"geometry":{"type":"Point","coordinates":[126.955766635019,37.4813047920283]}},{"type":"Feature","properties":{"name":"서울원신초등학교","kind":"school"},"geometry":{"type":"Point","coordinates":[126.92727524954,37.4672075457163]}},{"type":"Feature","properties":{"name":"서울은천초등학교","kind":"school"},"geometry":{"type":"Point","coordinates":[126.942679132637,37.4865852040387]}},{"type":"Feature","properties":{"name":"서울인헌초등학교","kind":"school"},"geometry":{"type":"Point","coordinates":[126.959875787277,37.4767753536009]}},{"type":"Feature","properties":{"name":"서울조원초등학교","kind":"school"},"geometry":{"type":"Point","coordinates":[126.909505620969,37.484127765974]}},{"type":"Feature","properties":{"name":"서울청룡초등학교","kind":"school"},"geometry":{"type":"Point","coordinates":[126.951284574125,37.4767252713626]}},{"type":"Feature","properties":{"name":"서울강남초등학교","kind":"school"},"geometry":{"type":"Point","coordinates":[126.953567101813,37.5062047182589]}},{"type":"Feature","properties":{"name":"서울남사초등학교","kind":"school"},"geometry":{"type":"Point","coordinates":[126.978234357795,37.48194132287]}},{"type":"Feature","properties":{"name":"서울남성초등학교","kind":"school"},"geometry":{"type":"Point","coordinates":[126.975577985193,37.4846330175369]}},{"type":"Feature","properties":{"name":"서울노량진초등학교","kind":"school"},"geometry":{"type":"Point","coordinates":[126.940827465638,37.5117195690698]}},{"type":"Feature","properties":{"name":"서울대림초등학교","kind":"school"},"geometry":{"type":"Point","coordinates":[126.924878133652,37.5006196717046]}},{"type":"Feature","properties":{"name":"서울동작초등학교","kind":"school"},"geometry":{"type":"Point","coordinates":[126.976489285999,37.4940605364226]}},{"type":"Feature","properties":{"name":"서울문창초등학교","kind":"school"},"geometry":{"type":"Point","coordinates":[126.914528045959,37.4889482943857]}},{"type":"Feature","properties":{"name":"서울보라매초등학교","kind":"school"},"geometry":{"type":"Point","coordinates":[126.916144507788,37.4958518874539]}},{"type":"Feature","properties":{"name":"서울본동초등학교","kind":"school"},"geometry":{"type":"Point","coordinates":[126.953923907042,37.5106568125953]}},{"type":"Feature","properties":{"name":"서울삼일초등학교","kind":"school"},"geometry":{"type":"Point","coordinates":[126.975188515742,37.4882593140973]}},{"type":"Feature","properties":{"name":"서울상도초등학교","kind":"school"},"geometry":{"type":"Point","coordinates":[126.937378799359,37.5003760295043]}},{"type":"Feature","properties":{"name":"서울상현초등학교","kind":"school"},"geometry":{"type":"Point","coordinates":[126.952669123087,37.4948743920855]}},{"type":"Feature","properties":{"name":"서울신길초등학교","kind":"school"},"geometry":{"type":"Point","coordinates":[126.926808573769,37.5103665150217]}},{"type":"Feature","properties":{"name":"서울신남성초등학교","kind":"school"},"geometry":{"type":"Point","coordinates":[126.964679741398,37.4887047110087]}},{"type":"Feature","properties":{"name":"서울신상도초등학교","kind":"school"},"geometry":{"type":"Point","coordinates":[126.943817704578,37.5008246344742]}},{"type":"Feature","properties":{"name":"서울영본초등학교","kind":"school"},"geometry":{"type":"Point","coordinates":[126.94864052145,37.5113065101691]}},{"type":"Feature","properties":{"name":"서울영화초등학교","kind":"school"},"geometry":{"type":"Point","coordinates":[126.932815969374,37.5089369468762]}},{"type":"Feature","properties":{"name":"서울은로초등학교","kind":"school"},"geometry":{"type":"Point","coordinates":[126.959778422441,37.5033929766399]}},{"type":"Feature","properties":{"name":"서울행림초등학교","kind":"school"},"geometry":{"type":"Point","coordinates":[126.964977725041,37.4828114848946]}},{"type":"Feature","properties":{"name":"서울흑석초등학교","kind":"school"},"geometry":{"type":"Point","coordinates":[126.965149160443,37.5082970524535]}},{"type":"Feature","properties":{"name":"중앙대학교사범대학부속초등학교","kind":"school"},"geometry":{"type":"Point","coordinates":[126.960162287237,37.5052685494717]}},{"type":"Feature","properties":{"name":"서울당산초등학교","kind":"school"},"geometry":{"type":"Point","coordinates":[126.896241067017,37.5401191186811]}},{"type":"Feature","properties":{"name":"서울당서초등학교","kind":"school"},"geometry":{"type":"Point","coordinates":[126.89981419859,37.5320274377069]}},{"type":"Feature","properties":{"name":"서울당중초등학교","kind":"school"},"geometry":{"type":"Point","coordinates":[126.889413529916,37.52628923031]}},{"type":"Feature","properties":{"name":"서울대길초등학교","kind":"school"},"geometry":{"type":"Point","coordinates":[126.913035010017,37.4982314495379]}},{"type":"Feature","properties":{"name":"서울대동초등학교","kind":"school"},"geometry":{"type":"Point","coordinates":[126.900450594121,37.4937093653318]}},{"type":"Feature","properties":{"name":"서울대방초등학교","kind":"school"},"geometry":{"type":"Point","coordinates":[126.919020182507,37.5029001208602]}},{"type":"Feature","properties":{"name":"서울대영초등학교","kind":"school"},"geometry":{"type":"Point","coordinates":[126.906524398043,37.5026541997676]}},{"type":"Feature","properties":{"name":"서울도림초등학교","kind":"school"},"geometry":{"type":"Point","coordinates":[126.907115425568,37.5086786949617]}},{"type":"Feature","properties":{"name":"서울도신초등학교","kind":"school"},"geometry":{"type":"Point","coordinates":[126.900714062322,37.4992678949668]}},{"type":"Feature","properties":{"name":"서울문래초등학교","kind":"school"},"geometry":{"type":"Point","coordinates":[126.893605730635,37.5191403848287]}},{"type":"Feature","properties":{"name":"서울선유초등학교","kind":"school"},"geometry":{"type":"Point","coordinates":[126.892776819259,37.532879190933]}},{"type":"Feature","properties":{"name":"서울신대림초등학교","kind":"school"},"geometry":{"type":"Point","coordinates":[126.90607771762,37.4921487438027]}},{"type":"Feature","properties":{"name":"서울신영초등학교","kind":"school"},"geometry":{"type":"Point","coordinates":[126.896094817069,37.5010060169412]}},{"type":"Feature","properties":{"name":"서울여의도초등학교","kind":"school"},"geometry":{"type":"Point","coordinates":[126.93679444014,37.5232048215986]}},{"type":"Feature","properties":{"name":"서울영동초등학교","kind":"school"},"geometry":{"type":"Point","coordinates":[126.907703382657,37.5270069102324]}},{"type":"Feature","properties":{"name":"서울영등포초등학교","kind":"school"},"geometry":{"type":"Point","coordinates":[126.898260025571,37.5129480156762]}},{"type":"Feature","properties":{"name":"서울영림초등학교","kind":"school"},"geometry":{"type":"Point","coordinates":[126.902516130281,37.4873460122893]}},{"type":"Feature","properties":{"name":"서울영문초등학교","kind":"school"},"geometry":{"type":"Point","coordinates":[126.887589090951,37.5198074103506]}},{"type":"Feature","properties":{"name":"서울영신초등학교","kind":"school"},"geometry":{"type":"Point","coordinates":[126.918122078214,37.5101719627186]}},{"type":"Feature","properties":{"name":"서울영원초등학교","kind":"school"},"geometry":{"type":"Point","coordinates":[126.902182504089,37.5107193620837]}},{"type":"Feature","properties":{"name":"서울영중초등학교","kind":"school"},"geometry":{"type":"Point","coordinates":[126.903695688306,37.5241432995791]}},{"type":"Feature","properties":{"name":"서울우신초등학교","kind":"school"},"geometry":{"type":"Point","coordinates":[126.911863664868,37.5098647213535]}},{"type":"Feature","properties":{"name":"서울윤중초등학교","kind":"school"},"geometry":{"type":"Point","coordinates":[126.92259080096,37.5196416407122]}},{"type":"Feature","properties":{"name":"동광초등학교","kind":"school"},"geometry":{"type":"Point","coordinates":[126.915824008297,37.4519206711218]}},{"type":"Feature","properties":{"name":"서울가산초등학교","kind":"school"},"geometry":{"type":"Point","coordinates":[126.896184019972,37.4781477195501]}},{"type":"Feature","properties":{"name":"서울금나래초등학교","kind":"school"},"geometry":{"type":"Point","coordinates":[126.896205569649,37.4582299981347]}},{"type":"Feature","properties":{"name":"서울금동초등학교","kind":"school"},"geometry":{"type":"Point","coordinates":[126.916396430625,37.4477657831877]}},{"type":"Feature","properties":{"name":"서울금산초등학교","kind":"school"},"geometry":{"type":"Point","coordinates":[126.907881604603,37.4414211782481]}},{"type":"Feature","properties":{"name":"서울금천초등학교","kind":"school"},"geometry":{"type":"Point","coordinates":[126.912886851466,37.4548043070511]}},{"type":"Feature","properties":{"name":"서울독산초등학교","kind":"school"},"geometry":{"type":"Point","coordinates":[126.899712928109,37.4656561906645]}},{"type":"Feature","properties":{"name":"서울두산초등학교","kind":"school"},"geometry":{"type":"Point","coordinates":[126.890946472913,37.467546675265]}},{"type":"Feature","properties":{"name":"서울문교초등학교","kind":"school"},"geometry":{"type":"Point","coordinates":[126.90892992546,37.4667696443557]}},{"type":"Feature","properties":{"name":"서울문백초등학교","kind":"school"},"geometry":{"type":"Point","coordinates":[126.898688718403,37.4471198696556]}},{"type":"Feature","properties":{"name":"서울문성초등학교","kind":"school"},"geometry":{"type":"Point","coordinates":[126.899471333222,37.4748818804257]}},{"type":"Feature","properties":{"name":"서울백산초등학교","kind":"school"},"geometry":{"type":"Point","coordinates":[126.905064619222,37.4467672802822]}},{"type":"Feature","properties":{"name":"서울시흥초등학교","kind":"school"},"geometry":{"type":"Point","coordinates":[126.904649154185,37.4553481963092]}},{"type":"Feature","properties":{"name":"서울신흥초등학교","kind":"school"},"geometry":{"type":"Point","coordinates":[126.909349183257,37.4592842732301]}},{"type":"Feature","properties":{"name":"서울안천초등학교","kind":"school"},"geometry":{"type":"Point","coordinates":[126.88839136672,37.4587578075219]}},{"type":"Feature","properties":{"name":"서울영남초등학교","kind":"school"},"geometry":{"type":"Point","coordinates":[126.909922783649,37.4758806998687]}},{"type":"Feature","properties":{"name":"서울정심초등학교","kind":"school"},"geometry":{"type":"Point","coordinates":[126.908186532287,37.4719826762833]}},{"type":"Feature","properties":{"name":"서울탑동초등학교","kind":"school"},"geometry":{"type":"Point","coordinates":[126.914525435709,37.4523226721912]}},{"type":"Feature","properties":{"name":"서울개명초등학교","kind":"school"},"geometry":{"type":"Point","coordinates":[126.850940659082,37.483056382598]}},{"type":"Feature","properties":{"name":"서울개봉초등학교","kind":"school"},"geometry":{"type":"Point","coordinates":[126.857972181036,37.4895280611996]}},{"type":"Feature","properties":{"name":"서울개웅초등학교","kind":"school"},"geometry":{"type":"Point","coordinates":[126.849982268839,37.4885713176365]}},{"type":"Feature","properties":{"name":"서울고산초등학교","kind":"school"},"geometry":{"type":"Point","coordinates":[126.865350068539,37.4993252329505]}},{"type":"Feature","properties":{"name":"서울고원초등학교","kind":"school"},"geometry":{"type":"Point","coordinates":[126.865771276704,37.4976454267483]}},{"type":"Feature","properties":{"name":"서울고척초등학교","kind":"school"},"geometry":{"type":"Point","coordinates":[126.85679629258,37.5009763571584]}},{"type":"Feature","properties":{"name":"서울구로남초등학교","kind":"school"},"geometry":{"type":"Point","coordinates":[126.890267788001,37.4847045985983]}},{"type":"Feature","properties":{"name":"서울구로초등학교","kind":"school"},"geometry":{"type":"Point","coordinates":[126.886001814771,37.4972616788429]}},{"type":"Feature","properties":{"name":"서울구일초등학교","kind":"school"},"geometry":{"type":"Point","coordinates":[126.873472709056,37.4931918730561]}},{"type":"Feature","properties":{"name":"서울덕의초등학교","kind":"school"},"geometry":{"type":"Point","coordinates":[126.857353094103,37.5060004032334]}},{"type":"Feature","properties":{"name":"서울동구로초등학교","kind":"school"},"geometry":{"type":"Point","coordinates":[126.893016334052,37.4944479994725]}},{"type":"Feature","properties":{"name":"서울매봉초등학교","kind":"school"},"geometry":{"type":"Point","coordinates":[126.844386612871,37.5049440040772]}},{"type":"Feature","properties":{"name":"서울미래초등학교","kind":"school"},"geometry":{"type":"Point","coordinates":[126.888080264013,37.5051066487493]}},{"type":"Feature","properties":{"name":"서울세곡초등학교","kind":"school"},"geometry":{"type":"Point","coordinates":[126.849126611988,37.5050604361168]}},{"type":"Feature","properties":{"name":"서울신구로초등학교","kind":"school"},"geometry":{"type":"Point","coordinates":[126.888857414498,37.4994208675251]}},{"type":"Feature","properties":{"name":"서울신도림초등학교","kind":"school"},"geometry":{"type":"Point","coordinates":[126.88315069881,37.5119963604915]}},{"type":"Feature","properties":{"name":"서울신미림초등학교","kind":"school"},"geometry":{"type":"Point","coordinates":[126.879584155104,37.5071588011358]}},{"type":"Feature","properties":{"name":"서울영서초등학교","kind":"school"},"geometry":{"type":"Point","coordinates":[126.895027399291,37.4879630931966]}},{"type":"Feature","properties":{"name":"서울영일초등학교","kind":"school"},"geometry":{"type":"Point","coordinates":[126.883911257917,37.4856100736284]}},{"type":"Feature","properties":{"name":"서울오류남초등학교","kind":"school"},"geometry":{"type":"Point","coordinates":[126.839098527316,37.4897166823284]}},{"type":"Feature","properties":{"name":"서울오류초등학교","kind":"school"},"geometry":{"type":"Point","coordinates":[126.842037699221,37.4975370576845]}},{"type":"Feature","properties":{"name":"서울오정초등학교","kind":"school"},"geometry":{"type":"Point","coordinates":[126.82641766297,37.4901372514516]}},{"type":"Feature","properties":{"name":"서울온수초등학교","kind":"school"},"geometry":{"type":"Point","coordinates":[126.826661571624,37.4935106167356]}},{"type":"Feature","properties":{"name":"서울천왕초등학교","kind":"school"},"geometry":{"type":"Point","coordinates":[126.836947364315,37.481412481777]}},{"type":"Feature","properties":{"name":"서울천이초등학교","kind":"school"},"geometry":{"type":"Point","coordinates":[126.83999205713,37.4863679517074]}},{"type":"Feature","properties":{"name":"서울하늘숲초등학교","kind":"school"},"geometry":{"type":"Point","coordinates":[126.841481997252,37.4841594284099]}},{"type":"Feature","properties":{"name":"서울항동초등학교","kind":"school"},"geometry":{"type":"Point","coordinates":[126.824189454348,37.4770921430884]}},{"type":"Feature","properties":{"name":"서울가곡초등학교","kind":"school"},"geometry":{"type":"Point","coordinates":[126.836083394211,37.5557021717114]}},{"type":"Feature","properties":{"name":"서울가양초등학교","kind":"school"},"geometry":{"type":"Point","coordinates":[126.858521557616,37.5622171927841]}},{"type":"Feature","properties":{"name":"서울개화초등학교","kind":"school"},"geometry":{"type":"Point","coordinates":[126.804694204855,37.5739262377478]}},{"type":"Feature","properties":{"name":"서울공진초등학교","kind":"school"},"geometry":{"type":"Point","coordinates":[126.822664800803,37.5578726520416]}},{"type":"Feature","properties":{"name":"서울공항초등학교","kind":"school"},"geometry":{"type":"Point","coordinates":[126.821215237029,37.5631752585272]}},{"type":"Feature","properties":{"name":"서울내발산초등학교","kind":"school"},"geometry":{"type":"Point","coordinates":[126.838164214765,37.5508825455676]}},{"type":"Feature","properties":{"name":"서울등마초등학교","kind":"school"},"geometry":{"type":"Point","coordinates":[126.861667207498,37.5420437126904]}},{"type":"Feature","properties":{"name":"서울등명초등학교","kind":"school"},"geometry":{"type":"Point","coordinates":[126.842382226829,37.560894450375]}},{"type":"Feature","properties":{"name":"서울등서초등학교","kind":"school"},"geometry":{"type":"Point","coordinates":[126.855035596135,37.5518882632286]}},{"type":"Feature","properties":{"name":"서울등양초등학교","kind":"school"},"geometry":{"type":"Point","coordinates":[126.844760249704,37.5649470358937]}},{"type":"Feature","properties":{"name":"서울등원초등학교","kind":"school"},"geometry":{"type":"Point","coordinates":[126.850068963394,37.5598135358227]}},{"type":"Feature","properties":{"name":"서울등촌초등학교","kind":"school"},"geometry":{"type":"Point","coordinates":[126.857942163854,37.5476142187642]}},{"type":"Feature","properties":{"name":"서울등현초등학교","kind":"school"},"geometry":{"type":"Point","coordinates":[126.847598419984,37.5614511765549]}},{"type":"Feature","properties":{"name":"서울발산초등학교","kind":"school"},"geometry":{"type":"Point","coordinates":[126.830994377549,37.5502624356308]}},{"type":"Feature","properties":{"name":"서울방화초등학교","kind":"school"},"geometry":{"type":"Point","coordinates":[126.807498167739,37.5687040876215]}},{"type":"Feature","properties":{"name":"서울백석초등학교","kind":"school"},"geometry":{"type":"Point","coordinates":[126.862425846537,37.5536476529209]}},{"type":"Feature","properties":{"name":"서울삼정초등학교","kind":"school"},"geometry":{"type":"Point","coordinates":[126.810493686239,37.5805084341875]}},{"type":"Feature","properties":{"name":"서울송정초등학교","kind":"school"},"geometry":{"type":"Point","coordinates":[126.810281254376,37.5622308905044]}},{"type":"Feature","properties":{"name":"서울송화초등학교","kind":"school"},"geometry":{"type":"Point","coordinates":[126.818032939459,37.5681504658023]}},{"type":"Feature","properties":{"name":"서울수명초등학교","kind":"school"},"geometry":{"type":"Point","coordinates":[126.823879421286,37.5527726671834]}},{"type":"Feature","properties":{"name":"서울신곡초등학교","kind":"school"},"geometry":{"type":"Point","coordinates":[126.856009341467,37.5390962681125]}},{"type":"Feature","properties":{"name":"서울신월초등학교","kind":"school"},"geometry":{"type":"Point","coordinates":[126.839456160186,37.5403641638137]}},{"type":"Feature","properties":{"name":"서울신정초등학교","kind":"school"},"geometry":{"type":"Point","coordinates":[126.85257677345,37.5330515497114]}},{"type":"Feature","properties":{"name":"서울양천초등학교","kind":"school"},"geometry":{"type":"Point","coordinates":[126.839539660332,37.5701881708645]}},{"type":"Feature","properties":{"name":"서울염경초등학교","kind":"school"},"geometry":{"type":"Point","coordinates":[126.871204647976,37.5550006717487]}},{"type":"Feature","properties":{"name":"서울염동초등학교","kind":"school"},"geometry":{"type":"Point","coordinates":[126.872350948978,37.5520954793159]}},{"type":"Feature","properties":{"name":"서울염창초등학교","kind":"school"},"geometry":{"type":"Point","coordinates":[126.867600184199,37.5532261352883]}},{"type":"Feature","properties":{"name":"서울우장초등학교","kind":"school"},"geometry":{"type":"Point","coordinates":[126.845984193202,37.5496381852817]}},{"type":"Feature","properties":{"name":"서울월정초등학교","kind":"school"},"geometry":{"type":"Point","coordinates":[126.836293577736,37.5349941902011]}},{"type":"Feature","properties":{"name":"서울정곡초등학교","kind":"school"},"geometry":{"type":"Point","coordinates":[126.818932773167,37.5769596950152]}},{"type":"Feature","properties":{"name":"서울치현초등학교","kind":"school"},"geometry":{"type":"Point","coordinates":[126.814645646553,37.5759191517213]}},{"type":"Feature","properties":{"name":"서울탑산초등학교","kind":"school"},"geometry":{"type":"Point","coordinates":[126.85259398539,37.5670047685109]}},{"type":"Feature","properties":{"name":"서울화곡초등학교","kind":"school"},"geometry":{"type":"Point","coordinates":[126.846471725177,37.5436697074452]}},{"type":"Feature","properties":{"name":"서울화일초등학교","kind":"school"},"geometry":{"type":"Point","coordinates":[126.847470802939,37.5407120318703]}},{"type":"Feature","properties":{"name":"유석초등학교","kind":"school"},"geometry":{"type":"Point","coordinates":[126.853779444824,37.560801806853]}},{"type":"Feature","properties":{"name":"서울갈산초등학교","kind":"school"},"geometry":{"type":"Point","coordinates":[126.870229875385,37.5123715649068]}},{"type":"Feature","properties":{"name":"서울강서초등학교","kind":"school"},"geometry":{"type":"Point","coordinates":[126.840987861073,37.5224127216539]}},{"type":"Feature","properties":{"name":"서울강신초등학교","kind":"school"},"geometry":{"type":"Point","coordinates":[126.829581447367,37.5421368264529]}},{"type":"Feature","properties":{"name":"서울강월초등학교","kind":"school"},"geometry":{"type":"Point","coordinates":[126.833431935892,37.516341716111]}},{"type":"Feature","properties":{"name":"서울경인초등학교","kind":"school"},"geometry":{"type":"Point","coordinates":[126.885695675904,37.5328710177851]}},{"type":"Feature","properties":{"name":"서울계남초등학교","kind":"school"},"geometry":{"type":"Point","coordinates":[126.86001590922,37.5101677598408]}},{"type":"Feature","properties":{"name":"서울남명초등학교","kind":"school"},"geometry":{"type":"Point","coordinates":[126.854099844566,37.5156885267235]}},{"type":"Feature","properties":{"name":"서울목동초등학교","kind":"school"},"geometry":{"type":"Point","coordinates":[126.872119522597,37.5228087705411]}},{"type":"Feature","properties":{"name":"서울목운초등학교","kind":"school"},"geometry":{"type":"Point","coordinates":[126.873044206364,37.527009517428]}},{"type":"Feature","properties":{"name":"서울목원초등학교","kind":"school"},"geometry":{"type":"Point","coordinates":[126.882445908007,37.5429349691333]}},{"type":"Feature","properties":{"name":"서울서정초등학교","kind":"school"},"geometry":{"type":"Point","coordinates":[126.867236182114,37.523450121384]}},{"type":"Feature","properties":{"name":"서울신강초등학교","kind":"school"},"geometry":{"type":"Point","coordinates":[126.842263907731,37.5258441852217]}},{"type":"Feature","properties":{"name":"서울신기초등학교","kind":"school"},"geometry":{"type":"Point","coordinates":[126.854212986887,37.5113123131977]}},{"type":"Feature","properties":{"name":"서울신남초등학교","kind":"school"},"geometry":{"type":"Point","coordinates":[126.843152158167,37.5164578282463]}},{"type":"Feature","properties":{"name":"서울신목초등학교","kind":"school"},"geometry":{"type":"Point","coordinates":[126.872640811853,37.5166109770006]}},{"type":"Feature","properties":{"name":"서울신서초등학교","kind":"school"},"geometry":{"type":"Point","coordinates":[126.862325015812,37.5205352530134]}},{"type":"Feature","properties":{"name":"서울신원초등학교","kind":"school"},"geometry":{"type":"Point","coordinates":[126.829865622881,37.5295155831457]}},{"type":"Feature","properties":{"name":"서울신은초등학교","kind":"school"},"geometry":{"type":"Point","coordinates":[126.832169591843,37.5139128078247]}},{"type":"Feature","properties":{"name":"서울양강초등학교","kind":"school"},"geometry":{"type":"Point","coordinates":[126.847375305566,37.5241103465762]}},{"type":"Feature","properties":{"name":"서울양동초등학교","kind":"school"},"geometry":{"type":"Point","coordinates":[126.851240194989,37.5258482641162]}},{"type":"Feature","properties":{"name":"서울양명초등학교","kind":"school"},"geometry":{"type":"Point","coordinates":[126.856634868655,37.516374951495]}},{"type":"Feature","properties":{"name":"서울양목초등학교","kind":"school"},"geometry":{"type":"Point","coordinates":[126.861669190913,37.5238792766238]}},{"type":"Feature","properties":{"name":"서울양원초등학교","kind":"school"},"geometry":{"type":"Point","coordinates":[126.823105084888,37.5382284100068]}},{"type":"Feature","properties":{"name":"서울양화초등학교","kind":"school"},"geometry":{"type":"Point","coordinates":[126.874011947797,37.5436739208888]}},{"type":"Feature","properties":{"name":"서울영도초등학교","kind":"school"},"geometry":{"type":"Point","coordinates":[126.871942644571,37.5359499494616]}},{"type":"Feature","properties":{"name":"서울월촌초등학교","kind":"school"},"geometry":{"type":"Point","coordinates":[126.876258141153,37.5406955206336]}},{"type":"Feature","properties":{"name":"서울은정초등학교","kind":"school"},"geometry":{"type":"Point","coordinates":[126.867180395408,37.5111416389366]}},{"type":"Feature","properties":{"name":"서울장수초등학교","kind":"school"},"geometry":{"type":"Point","coordinates":[126.845159735242,37.5129972017178]}},{"type":"Feature","properties":{"name":"서울정목초등학교","kind":"school"},"geometry":{"type":"Point","coordinates":[126.870019721738,37.5364966477301]}},{"type":"Feature","properties":{"name":"서울지향초등학교","kind":"school"},"geometry":{"type":"Point","coordinates":[126.837023804089,37.5128376807713]}},{"type":"Feature","properties":{"name":"서울갈현초등학교","kind":"school"},"geometry":{"type":"Point","coordinates":[126.916683441356,37.6197796356231]}},{"type":"Feature","properties":{"name":"서울구산초등학교","kind":"school"},"geometry":{"type":"Point","coordinates":[126.909376492632,37.6127509583582]}},{"type":"Feature","properties":{"name":"서울구현초등학교","kind":"school"},"geometry":{"type":"Point","coordinates":[126.905707319658,37.6097895968758]}},{"type":"Feature","properties":{"name":"서울녹번초등학교","kind":"school"},"geometry":{"type":"Point","coordinates":[126.925746281804,37.6045833930687]}},{"type":"Feature","properties":{"name":"서울대은초등학교","kind":"school"},"geometry":{"type":"Point","coordinates":[126.925869811138,37.6123671176016]}},{"type":"Feature","properties":{"name":"서울대조초등학교","kind":"school"},"geometry":{"type":"Point","coordinates":[126.919302166743,37.613579143925]}},{"type":"Feature","properties":{"name":"서울북한산초등학교","kind":"school"},"geometry":{"type":"Point","coordinates":[126.950462446061,37.6536320835839]}},{"type":"Feature","properties":{"name":"서울불광초등학교","kind":"school"},"geometry":{"type":"Point","coordinates":[126.930718712253,37.6134294463781]}},{"type":"Feature","properties":{"name":"서울상신초등학교","kind":"school"},"geometry":{"type":"Point","coordinates":[126.904604886275,37.5975537179419]}},{"type":"Feature","properties":{"name":"서울서신초등학교","kind":"school"},"geometry":{"type":"Point","coordinates":[126.907382316218,37.5922940508202]}},{"type":"Feature","properties":{"name":"서울수리초등학교","kind":"school"},"geometry":{"type":"Point","coordinates":[126.934110930932,37.6203073698534]}},{"type":"Feature","properties":{"name":"서울수색초등학교","kind":"school"},"geometry":{"type":"Point","coordinates":[126.896012135221,37.5851721490482]}},{"type":"Feature","properties":{"name":"서울신도초등학교","kind":"school"},"geometry":{"type":"Point","coordinates":[126.929198935551,37.6329384289784]}},{"type":"Feature","properties":{"name":"서울신사초등학교","kind":"school"},"geometry":{"type":"Point","coordinates":[126.911983196588,37.5928348327068]}},{"type":"Feature","properties":{"name":"서울어울초등학교","kind":"school"},"geometry":{"type":"Point","coordinates":[126.935058620612,37.6065633137733]}},{"type":"Feature","properties":{"name":"서울역촌초등학교","kind":"school"},"geometry":{"type":"Point","coordinates":[126.913928033442,37.6015841686977]}},{"type":"Feature","properties":{"name":"서울연광초등학교","kind":"school"},"geometry":{"type":"Point","coordinates":[126.923909005211,37.6236487604699]}},{"type":"Feature","properties":{"name":"서울연신초등학교","kind":"school"},"geometry":{"type":"Point","coordinates":[126.927751281025,37.6260599638981]}},{"type":"Feature","properties":{"name":"서울연은초등학교","kind":"school"},"geometry":{"type":"Point","coordinates":[126.925112608529,37.5905122161631]}},{"type":"Feature","properties":{"name":"서울연천초등학교","kind":"school"},"geometry":{"type":"Point","coordinates":[126.929917884841,37.6213492886599]}},{"type":"Feature","properties":{"name":"서울은명초등학교","kind":"school"},"geometry":{"type":"Point","coordinates":[126.918275747068,37.5976791222992]}},{"type":"Feature","properties":{"name":"서울은빛초등학교","kind":"school"},"geometry":{"type":"Point","coordinates":[126.918730453447,37.6426828611882]}},{"type":"Feature","properties":{"name":"서울은진초등학교","kind":"school"},"geometry":{"type":"Point","coordinates":[126.920996007067,37.6330440427703]}},{"type":"Feature","properties":{"name":"서울은평초등학교","kind":"school"},"geometry":{"type":"Point","coordinates":[126.934033612153,37.6023040358796]}},{"type":"Feature","properties":{"name":"서울응암초등학교","kind":"school"},"geometry":{"type":"Point","coordinates":[126.921616096958,37.5887531914177]}},{"type":"Feature","properties":{"name":"서울증산초등학교","kind":"school"},"geometry":{"type":"Point","coordinates":[126.904276446505,37.5825652695002]}},{"type":"Feature","properties":{"name":"서울진관초등학교","kind":"school"},"geometry":{"type":"Point","coordinates":[126.929052478211,37.6454198616021]}},{"type":"Feature","properties":{"name":"선일초등학교","kind":"school"},"geometry":{"type":"Point","coordinates":[126.911993073275,37.6203042094228]}},{"type":"Feature","properties":{"name":"예일초등학교","kind":"school"},"geometry":{"type":"Point","coordinates":[126.914792838283,37.6109458980893]}},{"type":"Feature","properties":{"name":"충암초등학교","kind":"school"},"geometry":{"type":"Point","coordinates":[126.921809482886,37.5846402882465]}},{"type":"Feature","properties":{"name":"상명초등학교","kind":"school"},"geometry":{"type":"Point","coordinates":[127.066984539254,37.648727616308]}},{"type":"Feature","properties":{"name":"서울계상초등학교","kind":"school"},"geometry":{"type":"Point","coordinates":[127.068880275281,37.6624464105885]}},{"type":"Feature","properties":{"name":"서울공릉초등학교","kind":"school"},"geometry":{"type":"Point","coordinates":[127.074614270574,37.6186120126537]}},{"type":"Feature","properties":{"name":"서울공연초등학교","kind":"school"},"geometry":{"type":"Point","coordinates":[127.074030837547,37.62719482311]}},{"type":"Feature","properties":{"name":"서울노원초등학교","kind":"school"},"geometry":{"type":"Point","coordinates":[127.058460101574,37.6735901336984]}},{"type":"Feature","properties":{"name":"서울노일초등학교","kind":"school"},"geometry":{"type":"Point","coordinates":[127.05513756871,37.6735135287049]}},{"type":"Feature","properties":{"name":"서울녹천초등학교","kind":"school"},"geometry":{"type":"Point","coordinates":[127.063134105063,37.6285101097035]}},{"type":"Feature","properties":{"name":"서울당현초등학교","kind":"school"},"geometry":{"type":"Point","coordinates":[127.058252457257,37.6482303134222]}},{"type":"Feature","properties":{"name":"서울덕암초등학교","kind":"school"},"geometry":{"type":"Point","coordinates":[127.081715132961,37.6666337243041]}},{"type":"Feature","properties":{"name":"서울동일초등학교","kind":"school"},"geometry":{"type":"Point","coordinates":[127.054322233957,37.6648178269709]}},{"type":"Feature","properties":{"name":"서울불암초등학교","kind":"school"},"geometry":{"type":"Point","coordinates":[127.080650989428,37.6511506377134]}},{"type":"Feature","properties":{"name":"서울상경초등학교","kind":"school"},"geometry":{"type":"Point","coordinates":[127.051773754079,37.6704594706621]}},{"type":"Feature","properties":{"name":"서울상계초등학교","kind":"school"},"geometry":{"type":"Point","coordinates":[127.066336425835,37.6588438529621]}},{"type":"Feature","properties":{"name":"서울상곡초등학교","kind":"school"},"geometry":{"type":"Point","coordinates":[127.062234187186,37.6628823049142]}},{"type":"Feature","properties":{"name":"서울상수초등학교","kind":"school"},"geometry":{"type":"Point","coordinates":[127.064586804676,37.6510888982527]}},{"type":"Feature","properties":{"name":"서울상원초등학교","kind":"school"},"geometry":{"type":"Point","coordinates":[127.059630713208,37.6676655147961]}},{"type":"Feature","properties":{"name":"서울상월초등학교","kind":"school"},"geometry":{"type":"Point","coordinates":[127.057369284524,37.658683945506]}},{"type":"Feature","properties":{"name":"서울상천초등학교","kind":"school"},"geometry":{"type":"Point","coordinates":[127.057447991502,37.6461060086385]}},{"type":"Feature","properties":{"name":"서울선곡초등학교","kind":"school"},"geometry":{"type":"Point","coordinates":[127.057730270535,37.618602019203]}},{"type":"Feature","properties":{"name":"서울수락초등학교","kind":"school"},"geometry":{"type":"Point","coordinates":[127.055187311236,37.684506075345]}},{"type":"Feature","properties":{"name":"서울수암초등학교","kind":"school"},"geometry":{"type":"Point","coordinates":[127.081465589212,37.647684897261]}},{"type":"Feature","properties":{"name":"서울신계초등학교","kind":"school"},"geometry":{"type":"Point","coordinates":[127.052871958868,37.6299890777455]}},{"type":"Feature","properties":{"name":"서울신상계초등학교","kind":"school"},"geometry":{"type":"Point","coordinates":[127.075828032383,37.6675183641329]}},{"type":"Feature","properties":{"name":"서울연지초등학교","kind":"school"},"geometry":{"type":"Point","coordinates":[127.059550025404,37.6331961990879]}},{"type":"Feature","properties":{"name":"서울연촌초등학교","kind":"school"},"geometry":{"type":"Point","coordinates":[127.072522941451,37.6344239191317]}},{"type":"Feature","properties":{"name":"서울온곡초등학교","kind":"school"},"geometry":{"type":"Point","coordinates":[127.065597387199,37.6673295252885]}},{"type":"Feature","properties":{"name":"서울용동초등학교","kind":"school"},"geometry":{"type":"Point","coordinates":[127.069114774673,37.6410575739212]}},{"type":"Feature","properties":{"name":"서울용원초등학교","kind":"school"},"geometry":{"type":"Point","coordinates":[127.068936691961,37.6299301501593]}},{"type":"Feature","properties":{"name":"서울원광초등학교","kind":"school"},"geometry":{"type":"Point","coordinates":[127.075304285056,37.654290852548]}},{"type":"Feature","properties":{"name":"서울월계초등학교","kind":"school"},"geometry":{"type":"Point","coordinates":[127.050869480548,37.6279505755622]}},{"type":"Feature","properties":{"name":"서울을지초등학교","kind":"school"},"geometry":{"type":"Point","coordinates":[127.073350350295,37.6505874233691]}},{"type":"Feature","properties":{"name":"서울중계초등학교","kind":"school"},"geometry":{"type":"Point","coordinates":[127.073348327013,37.6578622263163]}},{"type":"Feature","properties":{"name":"서울중원초등학교","kind":"school"},"geometry":{"type":"Point","coordinates":[127.063052005752,37.6439662833968]}},{"type":"Feature","properties":{"name":"서울중평초등학교","kind":"school"},"geometry":{"type":"Point","coordinates":[127.063731552615,37.6372508810163]}},{"type":"Feature","properties":{"name":"서울중현초등학교","kind":"school"},"geometry":{"type":"Point","coordinates":[127.066056635951,37.632255170053]}},{"type":"Feature","properties":{"name":"서울청계초등학교","kind":"school"},"geometry":{"type":"Point","coordinates":[127.065817490235,37.6449803620092]}},{"type":"Feature","properties":{"name":"서울태랑초등학교","kind":"school"},"geometry":{"type":"Point","coordinates":[127.090915053347,37.6262508612825]}},{"type":"Feature","properties":{"name":"서울태릉초등학교","kind":"school"},"geometry":{"type":"Point","coordinates":[127.08478195175,37.622879790197]}},{"type":"Feature","properties":{"name":"서울한천초등학교","kind":"school"},"geometry":{"type":"Point","coordinates":[127.069258063469,37.6207501680548]}},{"type":"Feature","properties":{"name":"청원초등학교","kind":"school"},"geometry":{"type":"Point","coordinates":[127.062532889006,37.6652515464657]}},{"type":"Feature","properties":{"name":"태강삼육초등학교","kind":"school"},"geometry":{"type":"Point","coordinates":[127.108850343184,37.643357369067]}},{"type":"Feature","properties":{"name":"화랑초등학교","kind":"school"},"geometry":{"type":"Point","coordinates":[127.091621159803,37.6273815936787]}},{"type":"Feature","properties":{"name":"동북초등학교","kind":"school"},"geometry":{"type":"Point","coordinates":[127.026703057445,37.6562750160951]}},{"type":"Feature","properties":{"name":"서울가인초등학교","kind":"school"},"geometry":{"type":"Point","coordinates":[127.042950889775,37.6594678039701]}},{"type":"Feature","properties":{"name":"서울누원초등학교","kind":"school"},"geometry":{"type":"Point","coordinates":[127.04926716395,37.6872327127492]}},{"type":"Feature","properties":{"name":"서울도봉초등학교","kind":"school"},"geometry":{"type":"Point","coordinates":[127.042578432977,37.6867550062856]}},{"type":"Feature","properties":{"name":"서울방학초등학교","kind":"school"},"geometry":{"type":"Point","coordinates":[127.032747955457,37.6639337284245]}},{"type":"Feature","properties":{"name":"서울백운초등학교","kind":"school"},"geometry":{"type":"Point","coordinates":[127.013672369001,37.6526411510791]}},{"type":"Feature","properties":{"name":"서울숭미초등학교","kind":"school"},"geometry":{"type":"Point","coordinates":[127.027944278021,37.6510234416817]}},{"type":"Feature","properties":{"name":"서울신방학초등학교","kind":"school"},"geometry":{"type":"Point","coordinates":[127.028918089521,37.6666842526367]}},{"type":"Feature","properties":{"name":"서울신창초등학교","kind":"school"},"geometry":{"type":"Point","coordinates":[127.042084340998,37.6365395299158]}},{"type":"Feature","properties":{"name":"서울신학초등학교","kind":"school"},"geometry":{"type":"Point","coordinates":[127.025721318601,37.6612204531084]}},{"type":"Feature","properties":{"name":"서울신화초등학교","kind":"school"},"geometry":{"type":"Point","coordinates":[127.04088417427,37.6331950434853]}},{"type":"Feature","properties":{"name":"서울쌍문초등학교","kind":"school"},"geometry":{"type":"Point","coordinates":[127.024291051625,37.6483638272868]}},{"type":"Feature","properties":{"name":"서울오봉초등학교","kind":"school"},"geometry":{"type":"Point","coordinates":[127.04005173271,37.6716365687983]}},{"type":"Feature","properties":{"name":"서울월천초등학교","kind":"school"},"geometry":{"type":"Point","coordinates":[127.051425751311,37.6479137277855]}},{"type":"Feature","properties":{"name":"서울자운초등학교","kind":"school"},"geometry":{"type":"Point","coordinates":[127.047017564524,37.6580556761129]}},{"type":"Feature","properties":{"name":"서울창경초등학교","kind":"school"},"geometry":{"type":"Point","coordinates":[127.034602499962,37.6566021823161]}},{"type":"Feature","properties":{"name":"서울창도초등학교","kind":"school"},"geometry":{"type":"Point","coordinates":[127.048784033819,37.6641348713315]}},{"type":"Feature","properties":{"name":"서울창동초등학교","kind":"school"},"geometry":{"type":"Point","coordinates":[127.044832890478,37.6553630407375]}},{"type":"Feature","properties":{"name":"서울창림초등학교","kind":"school"},"geometry":{"type":"Point","coordinates":[127.041604074164,37.6432370796248]}},{"type":"Feature","properties":{"name":"서울창원초등학교","kind":"school"},"geometry":{"type":"Point","coordinates":[127.039979883482,37.6526440884387]}},{"type":"Feature","properties":{"name":"서울창일초등학교","kind":"school"},"geometry":{"type":"Point","coordinates":[127.047626299257,37.647657641563]}},{"type":"Feature","properties":{"name":"서울초당초등학교","kind":"school"},"geometry":{"type":"Point","coordinates":[127.021956174977,37.6586278284753]}},{"type":"Feature","properties":{"name":"한신초등학교","kind":"school"},"geometry":{"type":"Point","coordinates":[127.032427255133,37.6533558400471]}},{"type":"Feature","properties":{"name":"서울미양초등학교","kind":"school"},"geometry":{"type":"Point","coordinates":[127.014133356491,37.6215324222942]}},{"type":"Feature","properties":{"name":"서울번동초등학교","kind":"school"},"geometry":{"type":"Point","coordinates":[127.040039390037,37.6290238580608]}},{"type":"Feature","properties":{"name":"서울삼각산초등학교","kind":"school"},"geometry":{"type":"Point","coordinates":[127.014342650437,37.6160412359101]}},{"type":"Feature","properties":{"name":"서울삼양초등학교","kind":"school"},"geometry":{"type":"Point","coordinates":[127.016149099325,37.6232955761621]}},{"type":"Feature","properties":{"name":"서울송중초등학교","kind":"school"},"geometry":{"type":"Point","coordinates":[127.031996538921,37.6174690796359]}},{"type":"Feature","properties":{"name":"서울송천초등학교","kind":"school"},"geometry":{"type":"Point","coordinates":[127.023735366645,37.614905195868]}},{"type":"Feature","properties":{"name":"서울수송초등학교","kind":"school"},"geometry":{"type":"Point","coordinates":[127.032917771185,37.6373144075316]}},{"type":"Feature","properties":{"name":"서울수유초등학교","kind":"school"},"geometry":{"type":"Point","coordinates":[127.020292410668,37.631249657314]}},{"type":"Feature","properties":{"name":"서울오현초등학교","kind":"school"},"geometry":{"type":"Point","coordinates":[127.046225894356,37.6232028439088]}},{"type":"Feature","properties":{"name":"서울우이초등학교","kind":"school"},"geometry":{"type":"Point","coordinates":[127.014240485582,37.6386058279529]}},{"type":"Feature","properties":{"name":"서울유현초등학교","kind":"school"},"geometry":{"type":"Point","coordinates":[127.011327052457,37.632286451855]}},{"type":"Feature","properties":{"name":"서울인수초등학교","kind":"school"},"geometry":{"type":"Point","coordinates":[127.009135759866,37.6430505301735]}},{"type":"Feature","properties":{"name":"서울화계초등학교","kind":"school"},"geometry":{"type":"Point","coordinates":[127.02971619019,37.6238849781413]}},{"type":"Feature","properties":{"name":"영훈초등학교","kind":"school"},"geometry":{"type":"Point","coordinates":[127.02809331872,37.6146818749027]}},{"type":"Feature","properties":{"name":"광운초등학교","kind":"school"},"geometry":{"type":"Point","coordinates":[127.055243952183,37.6189751371516]}},{"type":"Feature","properties":{"name":"대광초등학교","kind":"school"},"geometry":{"type":"Point","coordinates":[127.023445857158,37.5791510372431]}},{"type":"Feature","properties":{"name":"매원초등학교","kind":"school"},"geometry":{"type":"Point","coordinates":[127.019187491701,37.597674141541]}},{"type":"Feature","properties":{"name":"서울개운초등학교","kind":"school"},"geometry":{"type":"Point","coordinates":[127.027404487079,37.6018109508131]}},{"type":"Feature","properties":{"name":"서울길원초등학교","kind":"school"},"geometry":{"type":"Point","coordinates":[127.01679961391,37.6090646447836]}},{"type":"Feature","properties":{"name":"서울길음초등학교","kind":"school"},"geometry":{"type":"Point","coordinates":[127.016752046083,37.6136049157335]}},{"type":"Feature","properties":{"name":"서울돈암초등학교","kind":"school"},"geometry":{"type":"Point","coordinates":[127.013004275409,37.5937262094153]}},{"type":"Feature","properties":{"name":"서울동신초등학교","kind":"school"},"geometry":{"type":"Point","coordinates":[127.017057951549,37.5832878743837]}},{"type":"Feature","properties":{"name":"서울미아초등학교","kind":"school"},"geometry":{"type":"Point","coordinates":[127.021657995431,37.6105849033293]}},{"type":"Feature","properties":{"name":"서울삼선초등학교","kind":"school"},"geometry":{"type":"Point","coordinates":[127.012671844176,37.5871415236472]}},{"type":"Feature","properties":{"name":"서울석계초등학교","kind":"school"},"geometry":{"type":"Point","coordinates":[127.069749623952,37.6089438673379]}},{"type":"Feature","properties":{"name":"서울석관초등학교","kind":"school"},"geometry":{"type":"Point","coordinates":[127.058332812717,37.610999723005]}},{"type":"Feature","properties":{"name":"서울성북초등학교","kind":"school"},"geometry":{"type":"Point","coordinates":[126.99877539809,37.5940538893567]}},{"type":"Feature","properties":{"name":"서울숭곡초등학교","kind":"school"},"geometry":{"type":"Point","coordinates":[127.032743405553,37.6086454014288]}},{"type":"Feature","properties":{"name":"서울숭덕초등학교","kind":"school"},"geometry":{"type":"Point","coordinates":[127.013292433921,37.6038254756354]}},{"type":"Feature","properties":{"name":"서울숭례초등학교","kind":"school"},"geometry":{"type":"Point","coordinates":[127.035296496549,37.5945203773277]}},{"type":"Feature","properties":{"name":"서울숭인초등학교","kind":"school"},"geometry":{"type":"Point","coordinates":[127.038146527662,37.6090977872099]}},{"type":"Feature","properties":{"name":"서울안암초등학교","kind":"school"},"geometry":{"type":"Point","coordinates":[127.022098883314,37.5871586956296]}},{"type":"Feature","properties":{"name":"서울월곡초등학교","kind":"school"},"geometry":{"type":"Point","coordinates":[127.046083188246,37.6100238748815]}},{"type":"Feature","properties":{"name":"서울일신초등학교","kind":"school"},"geometry":{"type":"Point","coordinates":[127.040219755884,37.5989819527133]}},{"type":"Feature","properties":{"name":"서울장곡초등학교","kind":"school"},"geometry":{"type":"Point","coordinates":[127.048151233375,37.6168600216765]}},{"type":"Feature","properties":{"name":"서울장월초등학교","kind":"school"},"geometry":{"type":"Point","coordinates":[127.047320465849,37.6219292248912]}},{"type":"Feature","properties":{"name":"서울장위초등학교","kind":"school"},"geometry":{"type":"Point","coordinates":[127.050005965999,37.6114414258051]}},{"type":"Feature","properties":{"name":"서울정덕초등학교","kind":"school"},"geometry":{"type":"Point","coordinates":[127.013421324355,37.5982399496277]}},{"type":"Feature","properties":{"name":"서울정릉초등학교","kind":"school"},"geometry":{"type":"Point","coordinates":[127.005532713286,37.6197915298294]}},{"type":"Feature","properties":{"name":"서울정수초등학교","kind":"school"},"geometry":{"type":"Point","coordinates":[127.007718883621,37.6037748856219]}},{"type":"Feature","properties":{"name":"서울청덕초등학교","kind":"school"},"geometry":{"type":"Point","coordinates":[127.000333434653,37.6120328876191]}},{"type":"Feature","properties":{"name":"성신초등학교","kind":"school"},"geometry":{"type":"Point","coordinates":[127.023128563512,37.5946226781717]}},{"type":"Feature","properties":{"name":"우촌초등학교","kind":"school"},"geometry":{"type":"Point","coordinates":[127.011400646113,37.5956408923336]}},{"type":"Feature","properties":{"name":"금성초등학교","kind":"school"},"geometry":{"type":"Point","coordinates":[127.089858462734,37.6153151256555]}},{"type":"Feature","properties":{"name":"서울동원초등학교","kind":"school"},"geometry":{"type":"Point","coordinates":[127.104292115551,37.604668339535]}},{"type":"Feature","properties":{"name":"서울망우초등학교","kind":"school"},"geometry":{"type":"Point","coordinates":[127.103841751495,37.5987369776708]}},{"type":"Feature","properties":{"name":"서울면남초등학교","kind":"school"},"geometry":{"type":"Point","coordinates":[127.087666433029,37.5772597202709]}},{"type":"Feature","properties":{"name":"서울면동초등학교","kind":"school"},"geometry":{"type":"Point","coordinates":[127.085961098757,37.5852407128388]}},{"type":"Feature","properties":{"name":"서울면목초등학교","kind":"school"},"geometry":{"type":"Point","coordinates":[127.087293348704,37.5906774945638]}},{"type":"Feature","properties":{"name":"서울면북초등학교","kind":"school"},"geometry":{"type":"Point","coordinates":[127.10349951062,37.5943801760294]}},{"type":"Feature","properties":{"name":"서울면일초등학교","kind":"school"},"geometry":{"type":"Point","coordinates":[127.099794712349,37.5920415995378]}},{"type":"Feature","properties":{"name":"서울면중초등학교","kind":"school"},"geometry":{"type":"Point","coordinates":[127.096550877288,37.5824414299403]}},{"type":"Feature","properties":{"name":"서울묵동초등학교","kind":"school"},"geometry":{"type":"Point","coordinates":[127.080827217486,37.603359494137]}},{"type":"Feature","properties":{"name":"서울묵현초등학교","kind":"school"},"geometry":{"type":"Point","coordinates":[127.073928695922,37.609044756978]}},{"type":"Feature","properties":{"name":"서울봉화초등학교","kind":"school"},"geometry":{"type":"Point","coordinates":[127.092408488473,37.6135762310839]}},{"type":"Feature","properties":{"name":"서울상봉초등학교","kind":"school"},"geometry":{"type":"Point","coordinates":[127.083171419175,37.5979789522459]}},{"type":"Feature","properties":{"name":"서울새솔초등학교","kind":"school"},"geometry":{"type":"Point","coordinates":[127.11146466539,37.6178712681978]}},{"type":"Feature","properties":{"name":"서울신내초등학교","kind":"school"},"geometry":{"type":"Point","coordinates":[127.100128462105,37.6049342235675]}},{"type":"Feature","properties":{"name":"서울신묵초등학교","kind":"school"},"geometry":{"type":"Point","coordinates":[127.075835832737,37.6065228487307]}},{"type":"Feature","properties":{"name":"서울신현초등학교","kind":"school"},"geometry":{"type":"Point","coordinates":[127.093521755522,37.6058145949305]}},{"type":"Feature","properties":{"name":"서울양원숲초등학교","kind":"school"},"geometry":{"type":"Point","coordinates":[127.105469269915,37.6089592464942]}},{"type":"Feature","properties":{"name":"서울원묵초등학교","kind":"school"},"geometry":{"type":"Point","coordinates":[127.08681415088,37.6177488108138]}},{"type":"Feature","properties":{"name":"서울중곡초등학교","kind":"school"},"geometry":{"type":"Point","coordinates":[127.083439043619,37.5748916374118]}},{"type":"Feature","properties":{"name":"서울중랑초등학교","kind":"school"},"geometry":{"type":"Point","coordinates":[127.075482375754,37.5889223067352]}},{"type":"Feature","properties":{"name":"서울중목초등학교","kind":"school"},"geometry":{"type":"Point","coordinates":[127.079200700601,37.5900368304084]}},{"type":"Feature","properties":{"name":"서울중화초등학교","kind":"school"},"geometry":{"type":"Point","coordinates":[127.094419547563,37.602996935344]}},{"type":"Feature","properties":{"name":"서울중흥초등학교","kind":"school"},"geometry":{"type":"Point","coordinates":[127.083849146888,37.6014097153165]}},{"type":"Feature","properties":{"name":"경희초등학교","kind":"school"},"geometry":{"type":"Point","coordinates":[127.054890960564,37.5939491407769]}},{"type":"Feature","properties":{"name":"서울군자초등학교","kind":"school"},"geometry":{"type":"Point","coordinates":[127.060523298508,37.5641223174494]}},{"type":"Feature","properties":{"name":"서울답십리초등학교","kind":"school"},"geometry":{"type":"Point","coordinates":[127.055427038114,37.5688043221289]}},{"type":"Feature","properties":{"name":"서울동답초등학교","kind":"school"},"geometry":{"type":"Point","coordinates":[127.06403409435,37.5715014215127]}},{"type":"Feature","properties":{"name":"서울배봉초등학교","kind":"school"},"geometry":{"type":"Point","coordinates":[127.066871936075,37.58008416213]}},{"type":"Feature","properties":{"name":"서울삼육초등학교","kind":"school"},"geometry":{"type":"Point","coordinates":[127.0482485373,37.5896941349867]}},{"type":"Feature","properties":{"name":"서울신답초등학교","kind":"school"},"geometry":{"type":"Point","coordinates":[127.042961687519,37.5727046089059]}},{"type":"Feature","properties":{"name":"서울안평초등학교","kind":"school"},"geometry":{"type":"Point","coordinates":[127.072033422513,37.565968213548]}},{"type":"Feature","properties":{"name":"서울용두초등학교","kind":"school"},"geometry":{"type":"Point","coordinates":[127.0283819823,37.5764049847235]}},{"type":"Feature","properties":{"name":"서울이문초등학교","kind":"school"},"geometry":{"type":"Point","coordinates":[127.064885003959,37.6018964867149]}},{"type":"Feature","properties":{"name":"서울장평초등학교","kind":"school"},"geometry":{"type":"Point","coordinates":[127.058958260045,37.5728706947252]}},{"type":"Feature","properties":{"name":"서울전곡초등학교","kind":"school"},"geometry":{"type":"Point","coordinates":[127.056012445216,37.5807042921469]}},{"type":"Feature","properties":{"name":"서울전농초등학교","kind":"school"},"geometry":{"type":"Point","coordinates":[127.054397292161,37.5746852353644]}},{"type":"Feature","properties":{"name":"서울전동초등학교","kind":"school"},"geometry":{"type":"Point","coordinates":[127.060805297019,37.5790832853249]}},{"type":"Feature","properties":{"name":"서울종암초등학교","kind":"school"},"geometry":{"type":"Point","coordinates":[127.031856383108,37.5823074106355]}},{"type":"Feature","properties":{"name":"서울청량초등학교","kind":"school"},"geometry":{"type":"Point","coordinates":[127.055908478798,37.5923093987643]}},{"type":"Feature","properties":{"name":"서울홍릉초등학교","kind":"school"},"geometry":{"type":"Point","coordinates":[127.047705124334,37.5906875196186]}},{"type":"Feature","properties":{"name":"서울홍파초등학교","kind":"school"},"geometry":{"type":"Point","coordinates":[127.039414975087,37.586120384461]}},{"type":"Feature","properties":{"name":"서울휘경초등학교","kind":"school"},"geometry":{"type":"Point","coordinates":[127.057916891964,37.5856754144498]}},{"type":"Feature","properties":{"name":"서울휘봉초등학교","kind":"school"},"geometry":{"type":"Point","coordinates":[127.070041638322,37.5856764110055]}},{"type":"Feature","properties":{"name":"은석초등학교","kind":"school"},"geometry":{"type":"Point","coordinates":[127.076003088926,37.5784502701654]}},{"type":"Feature","properties":{"name":"경복초등학교","kind":"school"},"geometry":{"type":"Point","coordinates":[127.086793350213,37.5498138606171]}},{"type":"Feature","properties":{"name":"서울광남초등학교","kind":"school"},"geometry":{"type":"Point","coordinates":[127.100704228215,37.5409675314785]}},{"type":"Feature","properties":{"name":"서울광장초등학교","kind":"school"},"geometry":{"type":"Point","coordinates":[127.101799885644,37.5485492186653]}},{"type":"Feature","properties":{"name":"서울광진초등학교","kind":"school"},"geometry":{"type":"Point","coordinates":[127.091332532375,37.5476114602117]}},{"type":"Feature","properties":{"name":"서울구남초등학교","kind":"school"},"geometry":{"type":"Point","coordinates":[127.092288798461,37.5370965949427]}},{"type":"Feature","properties":{"name":"서울구의초등학교","kind":"school"},"geometry":{"type":"Point","coordinates":[127.08031177586,37.5430074366803]}},{"type":"Feature","properties":{"name":"서울동의초등학교","kind":"school"},"geometry":{"type":"Point","coordinates":[127.099047310011,37.5534224448219]}},{"type":"Feature","properties":{"name":"서울동자초등학교","kind":"school"},"geometry":{"type":"Point","coordinates":[127.072179165371,37.5350582094918]}},{"type":"Feature","properties":{"name":"서울성자초등학교","kind":"school"},"geometry":{"type":"Point","coordinates":[127.083408323591,37.531493571169]}},{"type":"Feature","properties":{"name":"서울신양초등학교","kind":"school"},"geometry":{"type":"Point","coordinates":[127.0699952764,37.5346820949284]}},{"type":"Feature","properties":{"name":"서울신자초등학교","kind":"school"},"geometry":{"type":"Point","coordinates":[127.075587591515,37.5302454529249]}},{"type":"Feature","properties":{"name":"서울양남초등학교","kind":"school"},"geometry":{"type":"Point","coordinates":[127.089234331023,37.5311232360546]}},{"type":"Feature","properties":{"name":"서울양진초등학교","kind":"school"},"geometry":{"type":"Point","coordinates":[127.098714317037,37.5449782076528]}},{"type":"Feature","properties":{"name":"서울용곡초등학교","kind":"school"},"geometry":{"type":"Point","coordinates":[127.088452984118,37.5671086161443]}},{"type":"Feature","properties":{"name":"서울용마초등학교","kind":"school"},"geometry":{"type":"Point","coordinates":[127.083527417056,37.5578273465317]}},{"type":"Feature","properties":{"name":"서울자양초등학교","kind":"school"},"geometry":{"type":"Point","coordinates":[127.080107720459,37.5368378891148]}},{"type":"Feature","properties":{"name":"서울장안초등학교","kind":"school"},"geometry":{"type":"Point","coordinates":[127.072402467919,37.549876450253]}},{"type":"Feature","properties":{"name":"서울중광초등학교","kind":"school"},"geometry":{"type":"Point","coordinates":[127.082512285004,37.565172983593]}},{"type":"Feature","properties":{"name":"서울중마초등학교","kind":"school"},"geometry":{"type":"Point","coordinates":[127.080023721804,37.5661150659734]}},{"type":"Feature","properties":{"name":"성동초등학교","kind":"school"},"geometry":{"type":"Point","coordinates":[127.089281026795,37.5332813682573]}},{"type":"Feature","properties":{"name":"세종초등학교","kind":"school"},"geometry":{"type":"Point","coordinates":[127.072864629554,37.5530110986438]}},{"type":"Feature","properties":{"name":"서울경동초등학교","kind":"school"},"geometry":{"type":"Point","coordinates":[127.050073697789,37.543825479341]}},{"type":"Feature","properties":{"name":"서울경수초등학교","kind":"school"},"geometry":{"type":"Point","coordinates":[127.058066769768,37.5404366739206]}},{"type":"Feature","properties":{"name":"서울경일초등학교","kind":"school"},"geometry":{"type":"Point","coordinates":[127.046604922429,37.5409410878081]}},{"type":"Feature","properties":{"name":"서울금북초등학교","kind":"school"},"geometry":{"type":"Point","coordinates":[127.023369904581,37.5574476886561]}},{"type":"Feature","properties":{"name":"서울금옥초등학교","kind":"school"},"geometry":{"type":"Point","coordinates":[127.017491634615,37.5463023672303]}},{"type":"Feature","properties":{"name":"서울금호초등학교","kind":"school"},"geometry":{"type":"Point","coordinates":[127.020752859362,37.5518979414195]}},{"type":"Feature","properties":{"name":"서울동명초등학교","kind":"school"},"geometry":{"type":"Point","coordinates":[127.035108248651,37.5681230316305]}},{"type":"Feature","properties":{"name":"서울동호초등학교","kind":"school"},"geometry":{"type":"Point","coordinates":[127.009879731064,37.5462920770572]}},{"type":"Feature","properties":{"name":"서울마장초등학교","kind":"school"},"geometry":{"type":"Point","coordinates":[127.041605053834,37.5683388716972]}},{"type":"Feature","properties":{"name":"서울무학초등학교","kind":"school"},"geometry":{"type":"Point","coordinates":[127.029678058836,37.5632612152138]}},{"type":"Feature","properties":{"name":"서울사근초등학교","kind":"school"},"geometry":{"type":"Point","coordinates":[127.047560151027,37.5626751242374]}},{"type":"Feature","properties":{"name":"서울성수초등학교","kind":"school"},"geometry":{"type":"Point","coordinates":[127.062886077541,37.5443378762671]}},{"type":"Feature","properties":{"name":"서울송원초등학교","kind":"school"},"geometry":{"type":"Point","coordinates":[127.069526172922,37.5541592708709]}},{"type":"Feature","properties":{"name":"서울숭신초등학교","kind":"school"},"geometry":{"type":"Point","coordinates":[127.028005141452,37.5676883077439]}},{"type":"Feature","properties":{"name":"서울옥수초등학교","kind":"school"},"geometry":{"type":"Point","coordinates":[127.021869551034,37.5455293912538]}},{"type":"Feature","properties":{"name":"서울옥정초등학교","kind":"school"},"geometry":{"type":"Point","coordinates":[127.015785478614,37.5423097389598]}},{"type":"Feature","properties":{"name":"서울용답초등학교","kind":"school"},"geometry":{"type":"Point","coordinates":[127.053786164972,37.5607483738375]}},{"type":"Feature","properties":{"name":"서울응봉초등학교","kind":"school"},"geometry":{"type":"Point","coordinates":[127.033829695602,37.5502533901839]}},{"type":"Feature","properties":{"name":"서울행당초등학교","kind":"school"},"geometry":{"type":"Point","coordinates":[127.034873404864,37.5570191301189]}},{"type":"Feature","properties":{"name":"서울행현초등학교","kind":"school"},"geometry":{"type":"Point","coordinates":[127.0293680158,37.5577089897922]}},{"type":"Feature","properties":{"name":"한양초등학교","kind":"school"},"geometry":{"type":"Point","coordinates":[127.050263444631,37.5576210338606]}},{"type":"Feature","properties":{"name":"서울금양초등학교","kind":"school"},"geometry":{"type":"Point","coordinates":[126.961831873199,37.5409423141075]}},{"type":"Feature","properties":{"name":"서울남정초등학교","kind":"school"},"geometry":{"type":"Point","coordinates":[126.964803669293,37.5356738275449]}},{"type":"Feature","properties":{"name":"서울보광초등학교","kind":"school"},"geometry":{"type":"Point","coordinates":[126.996391100579,37.5325404707342]}},{"type":"Feature","properties":{"name":"서울삼광초등학교","kind":"school"},"geometry":{"type":"Point","coordinates":[126.976594308147,37.5477523117279]}},{"type":"Feature","properties":{"name":"서울서빙고초등학교","kind":"school"},"geometry":{"type":"Point","coordinates":[126.992300401397,37.5220689203394]}},{"type":"Feature","properties":{"name":"서울신용산초등학교","kind":"school"},"geometry":{"type":"Point","coordinates":[126.975366260146,37.5206295929735]}},{"type":"Feature","properties":{"name":"서울용산초등학교","kind":"school"},"geometry":{"type":"Point","coordinates":[126.972550624529,37.535613442977]}},{"type":"Feature","properties":{"name":"서울용암초등학교","kind":"school"},"geometry":{"type":"Point","coordinates":[126.989434775031,37.5453029008824]}},{"type":"Feature","properties":{"name":"서울원효초등학교","kind":"school"},"geometry":{"type":"Point","coordinates":[126.951545316146,37.5361612583146]}},{"type":"Feature","properties":{"name":"서울이태원초등학교","kind":"school"},"geometry":{"type":"Point","coordinates":[126.987672660332,37.5364777066784]}},{"type":"Feature","properties":{"name":"서울청파초등학교","kind":"school"},"geometry":{"type":"Point","coordinates":[126.963543924367,37.5473049014312]}},{"type":"Feature","properties":{"name":"서울한강초등학교","kind":"school"},"geometry":{"type":"Point","coordinates":[126.965099429477,37.5252261730909]}},{"type":"Feature","properties":{"name":"서울한남초등학교","kind":"school"},"geometry":{"type":"Point","coordinates":[127.005599847436,37.5392036532348]}},{"type":"Feature","properties":{"name":"서울후암초등학교","kind":"school"},"geometry":{"type":"Point","coordinates":[126.981724291635,37.5513654103686]}},{"type":"Feature","properties":{"name":"신광초등학교","kind":"school"},"geometry":{"type":"Point","coordinates":[126.969447523164,37.5428998795519]}},{"type":"Feature","properties":{"name":"동산초등학교","kind":"school"},"geometry":{"type":"Point","coordinates":[127.016725380867,37.5562046295135]}},{"type":"Feature","properties":{"name":"리라초등학교","kind":"school"},"geometry":{"type":"Point","coordinates":[126.987980721445,37.5578196996083]}},{"type":"Feature","properties":{"name":"서울광희초등학교","kind":"school"},"geometry":{"type":"Point","coordinates":[127.015687859678,37.5672992845452]}},{"type":"Feature","properties":{"name":"서울남산초등학교","kind":"school"},"geometry":{"type":"Point","coordinates":[126.986776737543,37.5597837446411]}},{"type":"Feature","properties":{"name":"서울덕수초등학교","kind":"school"},"geometry":{"type":"Point","coordinates":[126.974657902016,37.5690888764456]}},{"type":"Feature","properties":{"name":"서울봉래초등학교","kind":"school"},"geometry":{"type":"Point","coordinates":[126.965250577981,37.5564123449189]}},{"type":"Feature","properties":{"name":"서울신당초등학교","kind":"school"},"geometry":{"type":"Point","coordinates":[127.023636595929,37.5636896515896]}},{"type":"Feature","properties":{"name":"서울장충초등학교","kind":"school"},"geometry":{"type":"Point","coordinates":[127.01170475684,37.559971222213]}},{"type":"Feature","properties":{"name":"서울청구초등학교","kind":"school"},"geometry":{"type":"Point","coordinates":[127.013724413955,37.5591166793514]}},{"type":"Feature","properties":{"name":"서울충무초등학교","kind":"school"},"geometry":{"type":"Point","coordinates":[127.001235055009,37.5619494839149]}},{"type":"Feature","properties":{"name":"서울흥인초등학교","kind":"school"},"geometry":{"type":"Point","coordinates":[127.014616166709,37.5609374871352]}},{"type":"Feature","properties":{"name":"숭의초등학교","kind":"school"},"geometry":{"type":"Point","coordinates":[126.987481605528,37.5578530747432]}},{"type":"Feature","properties":{"name":"상명대학교사범대학부속초등학교","kind":"school"},"geometry":{"type":"Point","coordinates":[126.956425519955,37.6007485057551]}},{"type":"Feature","properties":{"name":"서울교동초등학교","kind":"school"},"geometry":{"type":"Point","coordinates":[126.988075995471,37.5749936834295]}},{"type":"Feature","properties":{"name":"서울대학교사범대학부설초등학교","kind":"school"},"geometry":{"type":"Point","coordinates":[127.004315334067,37.577618353105]}},{"type":"Feature","properties":{"name":"서울독립문초등학교","kind":"school"},"geometry":{"type":"Point","coordinates":[126.960148752178,37.5740826001873]}},{"type":"Feature","properties":{"name":"서울매동초등학교","kind":"school"},"geometry":{"type":"Point","coordinates":[126.966716978826,37.5775391376934]}},{"type":"Feature","properties":{"name":"서울명신초등학교","kind":"school"},"geometry":{"type":"Point","coordinates":[127.013724533725,37.5813606333694]}},{"type":"Feature","properties":{"name":"서울세검정초등학교","kind":"school"},"geometry":{"type":"Point","coordinates":[126.961073121539,37.6034986015128]}},{"type":"Feature","properties":{"name":"서울재동초등학교","kind":"school"},"geometry":{"type":"Point","coordinates":[126.9855017071,37.5799415657652]}},{"type":"Feature","properties":{"name":"서울창신초등학교","kind":"school"},"geometry":{"type":"Point","coordinates":[127.014293687874,37.5762114748296]}},{"type":"Feature","properties":{"name":"서울청운초등학교","kind":"school"},"geometry":{"type":"Point","coordinates":[126.969294698603,37.585805731799]}},{"type":"Feature","properties":{"name":"서울혜화초등학교","kind":"school"},"geometry":{"type":"Point","coordinates":[126.999927989279,37.5891727709231]}},{"type":"Feature","properties":{"name":"서울효제초등학교","kind":"school"},"geometry":{"type":"Point","coordinates":[127.003515410111,37.5727179599562]}},{"type":"Feature","properties":{"name":"운현초등학교","kind":"school"},"geometry":{"type":"Point","coordinates":[126.988198556535,37.5766672930696]}},{"type":"Feature","properties":{"name":"경기초등학교","kind":"school"},"geometry":{"type":"Point","coordinates":[126.962860648912,37.5651102907996]}},{"type":"Feature","properties":{"name":"명지초등학교","kind":"school"},"geometry":{"type":"Point","coordinates":[126.928231470941,37.5836299393884]}},{"type":"Feature","properties":{"name":"서울가재울초등학교","kind":"school"},"geometry":{"type":"Point","coordinates":[126.918388033648,37.5737644190198]}},{"type":"Feature","properties":{"name":"서울고은초등학교","kind":"school"},"geometry":{"type":"Point","coordinates":[126.943974937789,37.585001844196]}},{"type":"Feature","properties":{"name":"서울공덕초등학교","kind":"school"},"geometry":{"type":"Point","coordinates":[126.954823056539,37.5458033455121]}},{"type":"Feature","properties":{"name":"서울금화초등학교","kind":"school"},"geometry":{"type":"Point","coordinates":[126.962941434617,37.5688275546965]}},{"type":"Feature","properties":{"name":"서울대신초등학교","kind":"school"},"geometry":{"type":"Point","coordinates":[126.948057240166,37.5579475491997]}},{"type":"Feature","properties":{"name":"서울동교초등학교","kind":"school"},"geometry":{"type":"Point","coordinates":[126.902078300574,37.5583376929114]}},{"type":"Feature","properties":{"name":"서울마포초등학교","kind":"school"},"geometry":{"type":"Point","coordinates":[126.949973786127,37.5386376331175]}},{"type":"Feature","properties":{"name":"서울망원초등학교","kind":"school"},"geometry":{"type":"Point","coordinates":[126.901117241,37.5610439363669]}},{"type":"Feature","properties":{"name":"서울미동초등학교","kind":"school"},"geometry":{"type":"Point","coordinates":[126.965886060285,37.5633505669619]}},{"type":"Feature","properties":{"name":"서울북가좌초등학교","kind":"school"},"geometry":{"type":"Point","coordinates":[126.907778193085,37.5772202096676]}},{"type":"Feature","properties":{"name":"서울북성초등학교","kind":"school"},"geometry":{"type":"Point","coordinates":[126.951834913817,37.55963212308]}},{"type":"Feature","properties":{"name":"서울상암초등학교","kind":"school"},"geometry":{"type":"Point","coordinates":[126.891959952963,37.5763095825917]}},{"type":"Feature","properties":{"name":"서울상지초등학교","kind":"school"},"geometry":{"type":"Point","coordinates":[126.882073551893,37.5797510164641]}},{"type":"Feature","properties":{"name":"서울서강초등학교","kind":"school"},"geometry":{"type":"Point","coordinates":[126.927430860042,37.5481050750929]}},{"type":"Feature","properties":{"name":"서울서교초등학교","kind":"school"},"geometry":{"type":"Point","coordinates":[126.924382439365,37.554881730967]}},{"type":"Feature","properties":{"name":"서울성산초등학교","kind":"school"},"geometry":{"type":"Point","coordinates":[126.910669687285,37.5534453328883]}},{"type":"Feature","properties":{"name":"서울성서초등학교","kind":"school"},"geometry":{"type":"Point","coordinates":[126.910759005302,37.5610150373718]}},{"type":"Feature","properties":{"name":"서울성원초등학교","kind":"school"},"geometry":{"type":"Point","coordinates":[126.905013630897,37.5669324413569]}},{"type":"Feature","properties":{"name":"서울소의초등학교","kind":"school"},"geometry":{"type":"Point","coordinates":[126.960655552156,37.552781864533]}},{"type":"Feature","properties":{"name":"서울신북초등학교","kind":"school"},"geometry":{"type":"Point","coordinates":[126.904868991641,37.5715459609872]}},{"type":"Feature","properties":{"name":"서울신석초등학교","kind":"school"},"geometry":{"type":"Point","coordinates":[126.937779457981,37.5445357278463]}},{"type":"Feature","properties":{"name":"서울아현초등학교","kind":"school"},"geometry":{"type":"Point","coordinates":[126.956596106511,37.5558159936174]}},{"type":"Feature","properties":{"name":"서울안산초등학교","kind":"school"},"geometry":{"type":"Point","coordinates":[126.952209733658,37.5791690097819]}},{"type":"Feature","properties":{"name":"서울연가초등학교","kind":"school"},"geometry":{"type":"Point","coordinates":[126.917329192961,37.5795632014616]}},{"type":"Feature","properties":{"name":"서울연희초등학교","kind":"school"},"geometry":{"type":"Point","coordinates":[126.934142303217,37.5690459271047]}},{"type":"Feature","properties":{"name":"서울염리초등학교","kind":"school"},"geometry":{"type":"Point","coordinates":[126.946247603396,37.5425709323083]}},{"type":"Feature","properties":{"name":"서울용강초등학교","kind":"school"},"geometry":{"type":"Point","coordinates":[126.944058506049,37.549112429713]}},{"type":"Feature","properties":{"name":"서울인왕초등학교","kind":"school"},"geometry":{"type":"Point","coordinates":[126.944804483066,37.5902198832433]}},{"type":"Feature","properties":{"name":"서울중동초등학교","kind":"school"},"geometry":{"type":"Point","coordinates":[126.911780404952,37.5664458381853]}},{"type":"Feature","properties":{"name":"서울창서초등학교","kind":"school"},"geometry":{"type":"Point","coordinates":[126.933480871339,37.5581430512569]}},{"type":"Feature","properties":{"name":"서울창천초등학교","kind":"school"},"geometry":{"type":"Point","coordinates":[126.939295148137,37.5549178201995]}},{"type":"Feature","properties":{"name":"서울하늘초등학교","kind":"school"},"geometry":{"type":"Point","coordinates":[126.880857196502,37.5858060895514]}},{"type":"Feature","properties":{"name":"서울한서초등학교","kind":"school"},"geometry":{"type":"Point","coordinates":[126.949778833645,37.5536478329572]}},{"type":"Feature","properties":{"name":"서울홍연초등학교","kind":"school"},"geometry":{"type":"Point","coordinates":[126.93066044978,37.582118713581]}},{"type":"Feature","properties":{"name":"서울홍은초등학교","kind":"school"},"geometry":{"type":"Point","coordinates":[126.949457988833,37.5975402724558]}},{"type":"Feature","properties":{"name":"서울홍제초등학교","kind":"school"},"geometry":{"type":"Point","coordinates":[126.945336524574,37.5934809108736]}},{"type":"Feature","properties":{"name":"이화여자대학교사범대학부속초등학교","kind":"school"},"geometry":{"type":"Point","coordinates":[126.942775077877,37.5611502235257]}},{"type":"Feature","properties":{"name":"추계초등학교","kind":"school"},"geometry":{"type":"Point","coordinates":[126.954059321222,37.5631767195176]}},{"type":"Feature","properties":{"name":"홍익대학교사범대학부속초등학교","kind":"school"},"geometry":{"type":"Point","coordinates":[126.912928685692,37.559665162458]}},{"type":"Feature","properties":{"name":"서울화양초등학교","kind":"school"},"geometry":{"type":"Point","coordinates":[127.0710804778,37.5443969287]}},{"type":"Feature","properties":{"name":"알로이시오초등학교","kind":"school"},"geometry":{"type":"Point","coordinates":[126.9296203963,37.5980678218]}},{"type":"Feature","properties":{"name":"은혜초등학교","kind":"school"},"geometry":{"type":"Point","coordinates":[126.9274497397,37.6177729483]}},{"type":"Feature","properties":{"name":"서울염강초등학교","kind":"school"},"geometry":{"type":"Point","coordinates":[126.8640219689,37.5612030977]}},{"type":"Feature","properties":{"name":"서울흥일초등학교","kind":"school"},"geometry":{"type":"Point","coordinates":[126.9087766606,37.4596849632]}}]}