{"type":"FeatureCollection","features":[{"type":"Feature","properties":{"class":"major","highway":"tertiary","sidewalk":"likely","lanes":4,"name":"은행나무로","oneway":false},"geometry":{"type":"LineString","coordinates":[[126.9023,37.44982],[126.9024,37.44984],[126.90242,37.44985],[126.90247,37.44986],[126.90256,37.44988],[126.90268,37.44991],[126.90275,37.44993],[126.90329,37.45005],[126.90386,37.45019],[126.9039,37.4502],[126.90399,37.45022],[126.90424,37.4503],[126.90446,37.45039],[126.90473,37.45051],[126.90482,37.45055],[126.9051,37.45069],[126.90527,37.45076],[126.90534,37.45078],[126.90543,37.4508],[126.90557,37.45082],[126.90589,37.45082]]}},{"type":"Feature","properties":{"class":"minor","highway":"residential","sidewalk":"unknown","lanes":0,"name":"시흥대로39길","oneway":false},"geometry":{"type":"LineString","coordinates":[[126.90316,37.44721],[126.90276,37.44711],[126.90235,37.447],[126.9023,37.44698],[126.90227,37.44696],[126.9019,37.44674],[126.90156,37.44657],[126.90142,37.4465],[126.90136,37.44648],[126.90131,37.44647],[126.90123,37.44646]]}},{"type":"Feature","properties":{"class":"major","highway":"secondary","sidewalk":"likely","lanes":0,"name":"호암2터널","oneway":true},"geometry":{"type":"LineString","coordinates":[[126.91579,37.44263],[126.91446,37.43732]]}},{"type":"Feature","properties":{"class":"major","highway":"secondary","sidewalk":"likely","lanes":0,"name":"호암로","oneway":true},"geometry":{"type":"LineString","coordinates":[[126.91747,37.44531],[126.9172,37.44507],[126.91696,37.44481],[126.91683,37.44466],[126.91669,37.44451],[126.91667,37.44447],[126.91651,37.44424],[126.91632,37.44396],[126.91615,37.44365],[126.91601,37.4433],[126.91591,37.44303],[126.91579,37.44263]]}},{"type":"Feature","properties":{"class":"major","highway":"secondary","sidewalk":"likely","lanes":0,"name":"독산로","oneway":false},"geometry":{"type":"LineString","coordinates":[[126.90283,37.44844],[126.90293,37.44846],[126.90298,37.44847],[126.90299,37.44847],[126.90303,37.44848],[126.90309,37.4485]]}},{"type":"Feature","properties":{"class":"major","highway":"primary","sidewalk":"likely","lanes":4,"name":"시흥대로","oneway":true},"geometry":{"type":"LineString","coordinates":[[126.90067,37.45474],[126.90058,37.45496],[126.90041,37.45541],[126.89971,37.45724]]}},{"type":"Feature","properties":{"class":"major","highway":"primary","sidewalk":"likely","lanes":4,"name":"시흥대로","oneway":true},"geometry":{"type":"LineString","coordinates":[[126.90043,37.45468],[126.90063,37.45415],[126.90065,37.45408],[126.90068,37.45402]]}},{"type":"Feature","properties":{"class":"major","highway":"secondary","sidewalk":"likely","lanes":4,"name":"금하로","oneway":false},"geometry":{"type":"LineString","coordinates":[[126.90085,37.45478],[126.90119,37.45478],[126.90145,37.45478],[126.90154,37.45478],[126.90162,37.45477],[126.90175,37.45475],[126.90186,37.45472],[126.90194,37.45469],[126.90203,37.45465],[126.90217,37.45456],[126.90228,37.4545],[126.90314,37.45398],[126.90325,37.45391],[126.90353,37.45374],[126.90359,37.45371],[126.90398,37.45347],[126.90411,37.4534],[126.90453,37.45314],[126.90482,37.45297],[126.90532,37.45267],[126.90569,37.45245],[126.90576,37.4524],[126.90584,37.45236],[126.90602,37.45225]]}},{"type":"Feature","properties":{"class":"major","highway":"secondary","sidewalk":"likely","lanes":0,"name":"호암1터널","oneway":true},"geometry":{"type":"LineString","coordinates":[[126.91817,37.44593],[126.91752,37.44535],[126.91747,37.44531]]}},{"type":"Feature","properties":{"class":"major","highway":"secondary","sidewalk":"likely","lanes":2,"name":"호암로","oneway":true},"geometry":{"type":"LineString","coordinates":[[126.92058,37.4517],[126.92064,37.4514],[126.92069,37.45116],[126.92076,37.45098],[126.92089,37.45078],[126.92103,37.45062],[126.92125,37.45042],[126.9217,37.45007],[126.92181,37.44995],[126.92187,37.44982],[126.9219,37.44969],[126.92191,37.44953],[126.92188,37.44942],[126.92184,37.44931],[126.92179,37.44923],[126.9204,37.44797],[126.91817,37.44593]]}},{"type":"Feature","properties":{"class":"major","highway":"trunk","sidewalk":"likely","lanes":3,"name":"강남순환로","oneway":true},"geometry":{"type":"LineString","coordinates":[[126.90748,37.43793],[126.90797,37.43795],[126.90867,37.43803],[126.90998,37.43826],[126.91126,37.43866],[126.91262,37.43933],[126.91444,37.44057],[126.91975,37.44449],[126.925,37.44833],[126.92948,37.45164],[126.93533,37.45598],[126.93936,37.45966],[126.94299,37.46376],[126.94528,37.46623]]}},{"type":"Feature","properties":{"class":"minor","highway":"residential","sidewalk":"unknown","lanes":0,"name":"독산로38길","oneway":true},"geometry":{"type":"LineString","coordinates":[[126.90566,37.45998],[126.90585,37.45889]]}},{"type":"Feature","properties":{"class":"minor","highway":"residential","sidewalk":"unknown","lanes":0,"name":"시흥대로70길","oneway":true},"geometry":{"type":"LineString","coordinates":[[126.90071,37.45673],[126.90083,37.45675],[126.90098,37.45676],[126.90116,37.45674],[126.9013,37.45668],[126.90146,37.45663],[126.90155,37.45661],[126.90205,37.45635]]}},{"type":"Feature","properties":{"class":"minor","highway":"residential","sidewalk":"unknown","lanes":0,"name":"독산로41길","oneway":false},"geometry":{"type":"LineString","coordinates":[[126.9042,37.45989],[126.90376,37.46017],[126.90335,37.46043]]}},{"type":"Feature","properties":{"class":"alley","highway":"pedestrian","sidewalk":"unknown","lanes":0,"name":"독산로39길","oneway":false},"geometry":{"type":"LineString","coordinates":[[126.90502,37.45943],[126.9044,37.45882],[126.90394,37.45834],[126.90319,37.45757],[126.9031,37.45748],[126.90298,37.45736]]}},{"type":"Feature","properties":{"class":"minor","highway":"residential","sidewalk":"unknown","lanes":0,"name":"독산로40길","oneway":false},"geometry":{"type":"LineString","coordinates":[[126.90502,37.45943],[126.90566,37.45998],[126.90621,37.46044],[126.90638,37.46058],[126.90689,37.4608],[126.90842,37.46144],[126.90885,37.46163],[126.90912,37.46174],[126.90937,37.46185],[126.91021,37.4622]]}},{"type":"Feature","properties":{"class":"minor","highway":"residential","sidewalk":"unknown","lanes":0,"name":"독산로35길","oneway":false},"geometry":{"type":"LineString","coordinates":[[126.90528,37.4581],[126.905,37.45806],[126.90489,37.45806],[126.90461,37.45807],[126.90437,37.45807],[126.90394,37.45834],[126.90351,37.45861],[126.90316,37.45883],[126.90271,37.45911],[126.90229,37.45938],[126.90183,37.45943]]}},{"type":"Feature","properties":{"class":"minor","highway":"residential","sidewalk":"unknown","lanes":0,"name":"시흥대로84나길","oneway":false},"geometry":{"type":"LineString","coordinates":[[126.90159,37.46076],[126.90175,37.45987],[126.90183,37.45943]]}},{"type":"Feature","properties":{"class":"minor","highway":"residential","sidewalk":"unknown","lanes":0,"name":"독산로43길","oneway":false},"geometry":{"type":"LineString","coordinates":[[126.9042,37.45989],[126.90398,37.46105],[126.9039,37.46144]]}},{"type":"Feature","properties":{"class":"minor","highway":"residential","sidewalk":"unknown","lanes":0,"name":"시흥대로30길","oneway":true},"geometry":{"type":"LineString","coordinates":[[126.90464,37.44369],[126.90458,37.44315],[126.90454,37.44281],[126.90453,37.44273],[126.90448,37.44234]]}},{"type":"Feature","properties":{"class":"minor","highway":"residential","sidewalk":"unknown","lanes":0,"name":"시흥대로78길","oneway":false},"geometry":{"type":"LineString","coordinates":[[126.90016,37.45816],[126.89993,37.45848],[126.8998,37.45951],[126.89975,37.45996],[126.89974,37.46004],[126.89971,37.46008],[126.89964,37.4602],[126.89935,37.46064],[126.89902,37.46117]]}},{"type":"Feature","properties":{"class":"minor","highway":"residential","sidewalk":"unknown","lanes":0,"name":"시흥대로50길","oneway":false},"geometry":{"type":"LineString","coordinates":[[126.90204,37.45121],[126.90216,37.45124],[126.90277,37.45138],[126.90328,37.4515],[126.9035,37.45156],[126.90359,37.45158],[126.90391,37.45166],[126.90414,37.45171]]}},{"type":"Feature","properties":{"class":"minor","highway":"residential","sidewalk":"unknown","lanes":0,"name":"금하로14길","oneway":false},"geometry":{"type":"LineString","coordinates":[[126.90391,37.4534],[126.9031,37.45341],[126.90292,37.45341],[126.90253,37.45341]]}},{"type":"Feature","properties":{"class":"minor","highway":"residential","sidewalk":"unknown","lanes":0,"name":"금하로14길","oneway":false},"geometry":{"type":"LineString","coordinates":[[126.90398,37.45347],[126.90393,37.45343],[126.90391,37.4534],[126.90394,37.45313],[126.90398,37.45291],[126.904,37.45271],[126.90406,37.45233],[126.90407,37.45226],[126.90407,37.45221],[126.90414,37.45171],[126.9042,37.45129]]}},{"type":"Feature","properties":{"class":"minor","highway":"residential","sidewalk":"unknown","lanes":0,"name":"독산로21길","oneway":true},"geometry":{"type":"LineString","coordinates":[[126.90615,37.4537],[126.90588,37.4537],[126.90541,37.45371],[126.90517,37.45371],[126.90494,37.45371],[126.90447,37.45371],[126.90431,37.45371],[126.90415,37.45371],[126.90379,37.45371],[126.90359,37.45371]]}},{"type":"Feature","properties":{"class":"minor","highway":"residential","sidewalk":"unknown","lanes":0,"name":"금하로24길","oneway":false},"geometry":{"type":"LineString","coordinates":[[126.90861,37.45113],[126.90849,37.45016],[126.90837,37.44911],[126.90862,37.44859],[126.90889,37.44803],[126.90915,37.44749],[126.90928,37.44721],[126.9094,37.44695],[126.90957,37.4466],[126.90967,37.4464]]}},{"type":"Feature","properties":{"class":"major","highway":"tertiary","sidewalk":"likely","lanes":0,"name":"금하로23길","oneway":false},"geometry":{"type":"LineString","coordinates":[[126.9088,37.45324],[126.90891,37.45353],[126.90895,37.45363],[126.90902,37.45383],[126.90917,37.45421],[126.90927,37.45448],[126.90941,37.45486],[126.90959,37.45533],[126.90962,37.45542],[126.90962,37.45546],[126.90962,37.45555],[126.90962,37.45559],[126.90962,37.45563],[126.90962,37.45566],[126.90962,37.45569],[126.90952,37.45574],[126.90938,37.45577],[126.90911,37.45578],[126.90872,37.4558],[126.90852,37.45584],[126.90843,37.45586],[126.90838,37.45588],[126.90834,37.45592],[126.90827,37.45602],[126.90804,37.45633],[126.908,37.45642],[126.90797,37.4565],[126.90795,37.45659],[126.90794,37.45664],[126.90789,37.45673],[126.90785,37.45678],[126.90779,37.45682],[126.90774,37.45684],[126.90769,37.45686],[126.9076,37.45689],[126.90753,37.45692],[126.90748,37.45696],[126.90747,37.45701],[126.90747,37.45705],[126.90749,37.45713],[126.90761,37.45751],[126.9077,37.45772]]}},{"type":"Feature","properties":{"class":"major","highway":"tertiary","sidewalk":"likely","lanes":0,"name":"탑골로","oneway":false},"geometry":{"type":"LineString","coordinates":[[126.90976,37.45068],[126.90979,37.45069],[126.90988,37.45075],[126.90995,37.4508],[126.91005,37.45089],[126.91025,37.45105],[126.91042,37.45123],[126.91051,37.45132],[126.91054,37.45137]]}},{"type":"Feature","properties":{"class":"minor","highway":"residential","sidewalk":"unknown","lanes":0,"name":"금하로11길","oneway":false},"geometry":{"type":"LineString","coordinates":[[126.90314,37.45398],[126.9032,37.45404],[126.90324,37.45408],[126.90325,37.45417],[126.9033,37.4545],[126.9033,37.45456],[126.9033,37.45467],[126.90333,37.45473],[126.90337,37.45482],[126.90343,37.4549],[126.90344,37.45492],[126.90369,37.45523],[126.9038,37.45533],[126.90416,37.4556]]}},{"type":"Feature","properties":{"class":"alley","highway":"living_street","sidewalk":"unknown","lanes":0,"name":"독산로24가길","oneway":false},"geometry":{"type":"LineString","coordinates":[[126.90671,37.4551],[126.90661,37.45568],[126.90653,37.45631]]}},{"type":"Feature","properties":{"class":"minor","highway":"residential","sidewalk":"unknown","lanes":0,"name":"독산로33길","oneway":false},"geometry":{"type":"LineString","coordinates":[[126.90488,37.45711],[126.90348,37.45677],[126.90236,37.4565]]}},{"type":"Feature","properties":{"class":"minor","highway":"residential","sidewalk":"unknown","lanes":0,"name":"독산로29길","oneway":true},"geometry":{"type":"LineString","coordinates":[[126.90271,37.45579],[126.90317,37.45586],[126.90347,37.45591],[126.90368,37.45594],[126.90397,37.45599],[126.90402,37.456],[126.90506,37.45616]]}},{"type":"Feature","properties":{"class":"minor","highway":"residential","sidewalk":"unknown","lanes":0,"name":"독산로27길","oneway":false},"geometry":{"type":"LineString","coordinates":[[126.90523,37.45534],[126.90506,37.45616],[126.90495,37.45672],[126.90488,37.45711],[126.90465,37.45754],[126.90458,37.45767],[126.90437,37.45807]]}},{"type":"Feature","properties":{"class":"alley","highway":"living_street","sidewalk":"unknown","lanes":0,"name":"금하로9길","oneway":false},"geometry":{"type":"LineString","coordinates":[[126.90227,37.45534],[126.90285,37.45541]]}},{"type":"Feature","properties":{"class":"minor","highway":"residential","sidewalk":"unknown","lanes":0,"name":"독산로24길","oneway":false},"geometry":{"type":"LineString","coordinates":[[126.9059,37.45499],[126.9064,37.45507],[126.90671,37.4551],[126.90836,37.45533],[126.90876,37.45536],[126.90879,37.45536],[126.90916,37.45539]]}},{"type":"Feature","properties":{"class":"minor","highway":"residential","sidewalk":"unknown","lanes":0,"name":"시흥대로62가길","oneway":true},"geometry":{"type":"LineString","coordinates":[[126.90223,37.45651],[126.90236,37.4565],[126.90256,37.4561],[126.9026,37.45602],[126.90271,37.45579],[126.90282,37.45557],[126.90284,37.45551],[126.90285,37.45541],[126.90285,37.45531],[126.90286,37.45526],[126.90314,37.45508],[126.90343,37.4549]]}},{"type":"Feature","properties":{"class":"minor","highway":"residential","sidewalk":"unknown","lanes":0,"name":"독산로31길","oneway":true},"geometry":{"type":"LineString","coordinates":[[126.90495,37.45672],[126.90391,37.45645],[126.90358,37.45637],[126.90256,37.4561]]}},{"type":"Feature","properties":{"class":"minor","highway":"residential","sidewalk":"unknown","lanes":0,"name":"독산로35길","oneway":false},"geometry":{"type":"LineString","coordinates":[[126.90437,37.45807],[126.90357,37.45726],[126.90341,37.4571]]}},{"type":"Feature","properties":{"class":"minor","highway":"residential","sidewalk":"unknown","lanes":0,"name":"시흥대로84길","oneway":false},"geometry":{"type":"LineString","coordinates":[[126.89974,37.46004],[126.89985,37.46005],[126.90043,37.45993],[126.90068,37.46019],[126.90107,37.46058],[126.9011,37.46061],[126.90115,37.46062],[126.90151,37.46072],[126.90157,37.46074],[126.90159,37.46076],[126.90172,37.46083],[126.90196,37.46115],[126.90186,37.46157],[126.9021,37.46215],[126.90218,37.46233],[126.90224,37.46252],[126.90232,37.46278]]}},{"type":"Feature","properties":{"class":"minor","highway":"residential","sidewalk":"unknown","lanes":0,"name":"독산로47가길","oneway":false},"geometry":{"type":"LineString","coordinates":[[126.90261,37.46225],[126.90254,37.46134],[126.90253,37.46113],[126.90252,37.46102],[126.90248,37.46057],[126.90175,37.45987]]}},{"type":"Feature","properties":{"class":"minor","highway":"residential","sidewalk":"unknown","lanes":0,"name":"독산로43가길","oneway":false},"geometry":{"type":"LineString","coordinates":[[126.90229,37.45938],[126.9031,37.46018],[126.90335,37.46043],[126.90398,37.46105]]}},{"type":"Feature","properties":{"class":"minor","highway":"residential","sidewalk":"unknown","lanes":0,"name":"시흥대로80길","oneway":false},"geometry":{"type":"LineString","coordinates":[[126.89993,37.45848],[126.90056,37.459],[126.90104,37.45902],[126.90183,37.45943]]}},{"type":"Feature","properties":{"class":"minor","highway":"residential","sidewalk":"unknown","lanes":0,"name":"시흥대로76길","oneway":false},"geometry":{"type":"LineString","coordinates":[[126.89944,37.45796],[126.90016,37.45816],[126.9005,37.45824],[126.90068,37.45827],[126.90118,37.45835]]}},{"type":"Feature","properties":{"class":"minor","highway":"residential","sidewalk":"unknown","lanes":0,"name":"독산로41길","oneway":false},"geometry":{"type":"LineString","coordinates":[[126.9049,37.45999],[126.9042,37.45989],[126.90401,37.45969],[126.90381,37.45949],[126.90362,37.4593],[126.90316,37.45883],[126.9022,37.45784],[126.90191,37.45754],[126.90182,37.45745]]}},{"type":"Feature","properties":{"class":"alley","highway":"living_street","sidewalk":"unknown","lanes":0,"name":"독산로32가길","oneway":false},"geometry":{"type":"LineString","coordinates":[[126.90632,37.45742],[126.90605,37.45787],[126.90638,37.45828],[126.90698,37.45888]]}},{"type":"Feature","properties":{"class":"minor","highway":"residential","sidewalk":"unknown","lanes":0,"name":"독산로36길","oneway":false},"geometry":{"type":"LineString","coordinates":[[126.90834,37.46074],[126.90828,37.4604],[126.90826,37.46033],[126.90819,37.45992]]}},{"type":"Feature","properties":{"class":"minor","highway":"residential","sidewalk":"unknown","lanes":0,"name":"독산로40길","oneway":true},"geometry":{"type":"LineString","coordinates":[[126.90647,37.45946],[126.90633,37.45994],[126.90621,37.46044]]}},{"type":"Feature","properties":{"class":"minor","highway":"residential","sidewalk":"unknown","lanes":0,"name":"독산로36길","oneway":false},"geometry":{"type":"LineString","coordinates":[[126.90514,37.45882],[126.90585,37.45889],[126.90647,37.45946],[126.90723,37.46012]]}},{"type":"Feature","properties":{"class":"minor","highway":"residential","sidewalk":"unknown","lanes":0,"name":"독산로36나길","oneway":false},"geometry":{"type":"LineString","coordinates":[[126.90742,37.45997],[126.90826,37.46033]]}},{"type":"Feature","properties":{"class":"minor","highway":"residential","sidewalk":"unknown","lanes":0,"name":"시흥대로68길","oneway":false},"geometry":{"type":"LineString","coordinates":[[126.90155,37.45661],[126.90184,37.45689],[126.90254,37.45763],[126.90351,37.45861],[126.90429,37.45938]]}},{"type":"Feature","properties":{"class":"minor","highway":"residential","sidewalk":"unknown","lanes":0,"name":"독산로6가길","oneway":false},"geometry":{"type":"LineString","coordinates":[[126.90511,37.44844],[126.9053,37.44849],[126.90567,37.44857],[126.90575,37.4487],[126.90581,37.44878],[126.906,37.44905],[126.9061,37.44921],[126.90629,37.44948]]}},{"type":"Feature","properties":{"class":"minor","highway":"residential","sidewalk":"unknown","lanes":0,"name":"독산로24다길","oneway":false},"geometry":{"type":"LineString","coordinates":[[126.90671,37.4551],[126.90689,37.45498],[126.90696,37.45493],[126.90711,37.45467],[126.90713,37.45455],[126.90714,37.45449],[126.90718,37.45445],[126.90733,37.45436],[126.90753,37.45427],[126.90764,37.45424],[126.90819,37.45414],[126.90828,37.45411],[126.90855,37.45405],[126.90878,37.454],[126.90887,37.45428],[126.90917,37.45421]]}},{"type":"Feature","properties":{"class":"alley","highway":"living_street","sidewalk":"unknown","lanes":0,"name":"독산로24라길","oneway":false},"geometry":{"type":"LineString","coordinates":[[126.90711,37.45467],[126.90771,37.45473],[126.90779,37.45475],[126.90784,37.45478],[126.90823,37.45516],[126.90836,37.45533]]}},{"type":"Feature","properties":{"class":"minor","highway":"residential","sidewalk":"unknown","lanes":0,"name":"독산로22길","oneway":false},"geometry":{"type":"LineString","coordinates":[[126.90828,37.45336],[126.90855,37.45405]]}},{"type":"Feature","properties":{"class":"minor","highway":"residential","sidewalk":"unknown","lanes":0,"name":"독산로24마길","oneway":false},"geometry":{"type":"LineString","coordinates":[[126.90753,37.45427],[126.90768,37.45434],[126.90798,37.45445],[126.90835,37.45466],[126.90847,37.45474],[126.90857,37.45479],[126.90871,37.45484],[126.90879,37.45485],[126.90885,37.45483],[126.90887,37.45482],[126.90896,37.45479],[126.90902,37.45478],[126.9091,37.45479],[126.90919,37.45482],[126.90922,37.45484],[126.90941,37.45486]]}},{"type":"Feature","properties":{"class":"alley","highway":"living_street","sidewalk":"unknown","lanes":0,"name":"독산로24길","oneway":false},"geometry":{"type":"LineString","coordinates":[[126.90879,37.45536],[126.90872,37.4558]]}},{"type":"Feature","properties":{"class":"alley","highway":"living_street","sidewalk":"unknown","lanes":0,"name":"독산로24길","oneway":false},"geometry":{"type":"LineString","coordinates":[[126.90911,37.45578],[126.90915,37.4555],[126.90916,37.45539]]}},{"type":"Feature","properties":{"class":"alley","highway":"living_street","sidewalk":"unknown","lanes":0,"name":"독산로24길","oneway":false},"geometry":{"type":"LineString","coordinates":[[126.90876,37.45536],[126.90885,37.45483]]}},{"type":"Feature","properties":{"class":"minor","highway":"residential","sidewalk":"unknown","lanes":0,"name":"금하로24다길","oneway":false},"geometry":{"type":"LineString","coordinates":[[126.90921,37.44888],[126.90955,37.44814],[126.90976,37.44769],[126.91011,37.44695],[126.9102,37.44676]]}},{"type":"Feature","properties":{"class":"minor","highway":"residential","sidewalk":"unknown","lanes":0,"name":"독산로8길","oneway":false},"geometry":{"type":"LineString","coordinates":[[126.9057,37.44981],[126.90629,37.44948],[126.90671,37.44915],[126.90676,37.44911],[126.90693,37.44898],[126.90697,37.44894],[126.90714,37.44881],[126.90745,37.44856],[126.90748,37.44847],[126.90755,37.44827],[126.9077,37.44785],[126.90774,37.44772],[126.90793,37.44721]]}},{"type":"Feature","properties":{"class":"minor","highway":"residential","sidewalk":"unknown","lanes":0,"name":"독산로16길","oneway":false},"geometry":{"type":"LineString","coordinates":[[126.90606,37.45273],[126.90687,37.45269],[126.90718,37.45267],[126.90748,37.45265],[126.90782,37.45263],[126.90813,37.45261]]}},{"type":"Feature","properties":{"class":"minor","highway":"residential","sidewalk":"unknown","lanes":0,"name":"독산로20길","oneway":false},"geometry":{"type":"LineString","coordinates":[[126.90691,37.45313],[126.90722,37.45312],[126.90753,37.4531],[126.90786,37.45308],[126.90818,37.45306]]}},{"type":"Feature","properties":{"class":"minor","highway":"residential","sidewalk":"unknown","lanes":0,"name":"금하로21길","oneway":false},"geometry":{"type":"LineString","coordinates":[[126.90804,37.45138],[126.9081,37.45221],[126.90813,37.45261],[126.90818,37.45306],[126.90824,37.45337]]}},{"type":"Feature","properties":{"class":"minor","highway":"residential","sidewalk":"unknown","lanes":0,"name":"시흥대로40마길","oneway":true},"geometry":{"type":"LineString","coordinates":[[126.90762,37.44723],[126.90793,37.44721],[126.90827,37.44722],[126.90837,37.44725],[126.90873,37.44736],[126.90915,37.44749],[126.90976,37.44769]]}},{"type":"Feature","properties":{"class":"minor","highway":"residential","sidewalk":"unknown","lanes":0,"name":"독산로10길","oneway":false},"geometry":{"type":"LineString","coordinates":[[126.90962,37.4501],[126.90956,37.44935]]}},{"type":"Feature","properties":{"class":"minor","highway":"residential","sidewalk":"unknown","lanes":0,"name":"독산로10길","oneway":false},"geometry":{"type":"LineString","coordinates":[[126.90798,37.45015],[126.90849,37.45016],[126.90913,37.45014],[126.90962,37.4501],[126.91127,37.45],[126.91133,37.45003],[126.91137,37.45009],[126.91139,37.45019],[126.91145,37.45041]]}},{"type":"Feature","properties":{"class":"minor","highway":"residential","sidewalk":"unknown","lanes":0,"name":"금하로24길","oneway":false},"geometry":{"type":"LineString","coordinates":[[126.90837,37.44911],[126.90786,37.449]]}},{"type":"Feature","properties":{"class":"minor","highway":"residential","sidewalk":"unknown","lanes":0,"name":"금하로24나길","oneway":false},"geometry":{"type":"LineString","coordinates":[[126.90837,37.44911],[126.90921,37.44888],[126.90983,37.44871],[126.91009,37.44864],[126.91104,37.44838]]}},{"type":"Feature","properties":{"class":"minor","highway":"residential","sidewalk":"unknown","lanes":0,"name":"은행나무로12길","oneway":false},"geometry":{"type":"LineString","coordinates":[[126.90782,37.45088],[126.9079,37.45049],[126.90798,37.45015],[126.90791,37.44953],[126.90786,37.449],[126.90745,37.44856]]}},{"type":"Feature","properties":{"class":"minor","highway":"residential","sidewalk":"unknown","lanes":0,"name":"독산로14길","oneway":false},"geometry":{"type":"LineString","coordinates":[[126.90684,37.4523],[126.9081,37.45221]]}},{"type":"Feature","properties":{"class":"minor","highway":"residential","sidewalk":"unknown","lanes":0,"name":"독산로7길","oneway":false},"geometry":{"type":"LineString","coordinates":[[126.9057,37.44981],[126.90523,37.44991],[126.90492,37.44997],[126.90457,37.45005]]}},{"type":"Feature","properties":{"class":"minor","highway":"residential","sidewalk":"unknown","lanes":0,"name":"금하로","oneway":false},"geometry":{"type":"LineString","coordinates":[[126.9092,37.45087],[126.90913,37.45014]]}},{"type":"Feature","properties":{"class":"minor","highway":"residential","sidewalk":"unknown","lanes":0,"name":"탑골로3길","oneway":false},"geometry":{"type":"LineString","coordinates":[[126.9113,37.45192],[126.91133,37.45204],[126.91137,37.45211],[126.91143,37.45214],[126.91149,37.45216],[126.91152,37.45217],[126.91172,37.45227],[126.91198,37.45242],[126.91221,37.45256],[126.91229,37.45258],[126.9124,37.45256],[126.91249,37.45255],[126.91254,37.45258],[126.91276,37.45278],[126.91284,37.45284],[126.91292,37.45295],[126.91299,37.45302],[126.913,37.45308],[126.91303,37.4531],[126.91329,37.45319],[126.91341,37.45325]]}},{"type":"Feature","properties":{"class":"minor","highway":"residential","sidewalk":"unknown","lanes":0,"name":"탑골로5길","oneway":false},"geometry":{"type":"LineString","coordinates":[[126.91152,37.45191],[126.91153,37.452],[126.91152,37.45211],[126.91149,37.45216],[126.91148,37.4522],[126.91143,37.45243],[126.91142,37.45249],[126.91152,37.45309],[126.91152,37.45311],[126.91152,37.45314],[126.91153,37.45318],[126.91154,37.45326],[126.91154,37.45333]]}},{"type":"Feature","properties":{"class":"minor","highway":"residential","sidewalk":"unknown","lanes":0,"name":"금하로23다길","oneway":false},"geometry":{"type":"LineString","coordinates":[[126.90874,37.45257],[126.90878,37.45257],[126.91044,37.45248],[126.91051,37.4525]]}},{"type":"Feature","properties":{"class":"minor","highway":"residential","sidewalk":"unknown","lanes":0,"name":"금하로23가길","oneway":true},"geometry":{"type":"LineString","coordinates":[[126.90867,37.45175],[126.9088,37.45175],[126.91065,37.45163],[126.91073,37.45161]]}},{"type":"Feature","properties":{"class":"minor","highway":"residential","sidewalk":"unknown","lanes":0,"name":"탑골로2길","oneway":false},"geometry":{"type":"LineString","coordinates":[[126.91054,37.45137],[126.91073,37.45137],[126.91087,37.45135],[126.91131,37.45123],[126.91159,37.45116],[126.91203,37.45105],[126.91222,37.45101],[126.91247,37.45094],[126.9126,37.45089]]}},{"type":"Feature","properties":{"class":"major","highway":"tertiary","sidewalk":"likely","lanes":0,"name":"금하로29길","oneway":false},"geometry":{"type":"LineString","coordinates":[[126.91237,37.45008],[126.91258,37.45084],[126.9126,37.45089]]}},{"type":"Feature","properties":{"class":"minor","highway":"residential","sidewalk":"unknown","lanes":0,"name":"탑골로10길","oneway":false},"geometry":{"type":"LineString","coordinates":[[126.91438,37.45198],[126.91442,37.45188],[126.9145,37.45179],[126.91471,37.45119],[126.91475,37.45109],[126.91486,37.45079],[126.91487,37.45076],[126.91492,37.45072],[126.91509,37.45065],[126.91521,37.45062],[126.91536,37.4506],[126.91551,37.45056],[126.91569,37.45051],[126.9157,37.45051],[126.91572,37.4505],[126.91575,37.45049],[126.9159,37.45041],[126.916,37.45034],[126.91601,37.45028],[126.91602,37.45022],[126.91602,37.45006]]}},{"type":"Feature","properties":{"class":"minor","highway":"residential","sidewalk":"unknown","lanes":0,"name":"금하로15길","oneway":false},"geometry":{"type":"LineString","coordinates":[[126.90532,37.45267],[126.90533,37.45277],[126.90535,37.45298],[126.90537,37.45317],[126.90539,37.45339],[126.90541,37.45371]]}},{"type":"Feature","properties":{"class":"minor","highway":"residential","sidewalk":"unknown","lanes":0,"name":"금하로18길","oneway":false},"geometry":{"type":"LineString","coordinates":[[126.90532,37.45267],[126.90532,37.4526],[126.90528,37.45199],[126.90533,37.45158],[126.90535,37.45136],[126.9054,37.45092],[126.90541,37.45089],[126.90543,37.4508]]}},{"type":"Feature","properties":{"class":"minor","highway":"residential","sidewalk":"unknown","lanes":0,"name":"시흥대로40나길","oneway":true},"geometry":{"type":"LineString","coordinates":[[126.90567,37.44857],[126.90587,37.44801],[126.90595,37.44779],[126.90606,37.4475]]}},{"type":"Feature","properties":{"class":"minor","highway":"residential","sidewalk":"unknown","lanes":0,"name":"시흥대로48길","oneway":true},"geometry":{"type":"LineString","coordinates":[[126.90349,37.45111],[126.90365,37.45072],[126.90383,37.45027],[126.90386,37.45019]]}},{"type":"Feature","properties":{"class":"minor","highway":"residential","sidewalk":"unknown","lanes":0,"name":"시흥대로48길","oneway":false},"geometry":{"type":"LineString","coordinates":[[126.90293,37.45096],[126.90349,37.45111],[126.90367,37.45115],[126.9042,37.45129],[126.90477,37.45144],[126.90533,37.45158]]}},{"type":"Feature","properties":{"class":"minor","highway":"residential","sidewalk":"unknown","lanes":0,"name":"시흥대로58길","oneway":true},"geometry":{"type":"LineString","coordinates":[[126.90185,37.45376],[126.90124,37.4536],[126.90112,37.45357]]}},{"type":"Feature","properties":{"class":"minor","highway":"residential","sidewalk":"unknown","lanes":0,"name":"시흥대로54길","oneway":false},"geometry":{"type":"LineString","coordinates":[[126.90328,37.4515],[126.90293,37.45238],[126.90284,37.45262],[126.90264,37.45313],[126.90253,37.45341],[126.9024,37.45375]]}},{"type":"Feature","properties":{"class":"minor","highway":"residential","sidewalk":"unknown","lanes":0,"name":"금하로14길","oneway":false},"geometry":{"type":"LineString","coordinates":[[126.90394,37.45313],[126.90264,37.45313]]}},{"type":"Feature","properties":{"class":"minor","highway":"residential","sidewalk":"unknown","lanes":6,"name":"시흥대로51길","oneway":false},"geometry":{"type":"LineString","coordinates":[[126.90196,37.45142],[126.90183,37.45139]]}},{"type":"Feature","properties":{"class":"minor","highway":"residential","sidewalk":"unknown","lanes":0,"name":"시흥대로51길","oneway":false},"geometry":{"type":"LineString","coordinates":[[126.90047,37.4511],[126.9005,37.45117],[126.9005,37.45118],[126.90007,37.45235],[126.90008,37.45242],[126.90006,37.45254]]}},{"type":"Feature","properties":{"class":"minor","highway":"residential","sidewalk":"unknown","lanes":0,"name":"시흥대로57길","oneway":true},"geometry":{"type":"LineString","coordinates":[[126.90124,37.45256],[126.9011,37.45256],[126.90088,37.45254],[126.90056,37.45319],[126.90039,37.45355]]}},{"type":"Feature","properties":{"class":"minor","highway":"residential","sidewalk":"unknown","lanes":0,"name":"시흥대로47길","oneway":false},"geometry":{"type":"LineString","coordinates":[[126.90215,37.45019],[126.90203,37.45016],[126.90144,37.45001],[126.90112,37.44993],[126.90062,37.44981],[126.90016,37.44971],[126.9001,37.4497],[126.90005,37.4497],[126.9,37.4497],[126.89993,37.44971],[126.89989,37.44971],[126.89983,37.44972],[126.89978,37.44972],[126.89972,37.44972],[126.89966,37.44973],[126.89959,37.44972],[126.89944,37.44968],[126.89926,37.44968]]}},{"type":"Feature","properties":{"class":"minor","highway":"residential","sidewalk":"unknown","lanes":0,"name":"시흥대로45길","oneway":false},"geometry":{"type":"LineString","coordinates":[[126.90151,37.44982],[126.90024,37.44849],[126.90006,37.4486],[126.89997,37.44852]]}},{"type":"Feature","properties":{"class":"minor","highway":"residential","sidewalk":"unknown","lanes":0,"name":"시흥대로40다길","oneway":true},"geometry":{"type":"LineString","coordinates":[[126.90725,37.44728],[126.9071,37.44769],[126.90704,37.44784],[126.90695,37.4481],[126.90687,37.44823],[126.90669,37.44851],[126.90658,37.44854],[126.9064,37.4486],[126.9061,37.44869],[126.90581,37.44878]]}},{"type":"Feature","properties":{"class":"minor","highway":"residential","sidewalk":"unknown","lanes":0,"name":"독산로8길","oneway":false},"geometry":{"type":"LineString","coordinates":[[126.90755,37.44827],[126.90695,37.4481]]}},{"type":"Feature","properties":{"class":"alley","highway":"living_street","sidewalk":"unknown","lanes":0,"name":"독산로8다길","oneway":false},"geometry":{"type":"LineString","coordinates":[[126.90774,37.44772],[126.90802,37.4478],[126.90889,37.44803]]}},{"type":"Feature","properties":{"class":"alley","highway":"living_street","sidewalk":"unknown","lanes":0,"name":"시흥대로74나길","oneway":false},"geometry":{"type":"LineString","coordinates":[[126.90168,37.45798],[126.90164,37.45816],[126.9016,37.45858],[126.90158,37.45871],[126.90158,37.45891],[126.90191,37.45897]]}},{"type":"Feature","properties":{"class":"minor","highway":"residential","sidewalk":"unknown","lanes":0,"name":"독산로35길","oneway":false},"geometry":{"type":"LineString","coordinates":[[126.90271,37.45911],[126.90215,37.45858],[126.90208,37.45854],[126.90199,37.45852]]}},{"type":"Feature","properties":{"class":"minor","highway":"residential","sidewalk":"unknown","lanes":0,"name":"난향7길","oneway":false},"geometry":{"type":"LineString","coordinates":[[126.91609,37.46252],[126.91596,37.46237],[126.91578,37.46216],[126.91569,37.46197],[126.91547,37.46151],[126.91546,37.46143],[126.91548,37.46132],[126.91547,37.46119],[126.91537,37.46085],[126.91534,37.46071],[126.91534,37.46069],[126.91534,37.46066],[126.91532,37.46058],[126.91526,37.46024],[126.91525,37.46003],[126.91525,37.45986],[126.91525,37.45976],[126.91525,37.45965],[126.91517,37.45937]]}},{"type":"Feature","properties":{"class":"minor","highway":"residential","sidewalk":"unknown","lanes":0,"name":"시흥대로28길","oneway":true},"geometry":{"type":"LineString","coordinates":[[126.90448,37.44234],[126.90443,37.44233],[126.90384,37.44237]]}},{"type":"Feature","properties":{"class":"minor","highway":"residential","sidewalk":"unknown","lanes":0,"name":"시흥대로28길","oneway":true},"geometry":{"type":"LineString","coordinates":[[126.90594,37.4424],[126.90597,37.44266],[126.906,37.44303],[126.906,37.44307],[126.90605,37.44357],[126.90606,37.44387]]}},{"type":"Feature","properties":{"class":"minor","highway":"residential","sidewalk":"unknown","lanes":0,"name":"시흥대로18길","oneway":false},"geometry":{"type":"LineString","coordinates":[[126.9035,37.44038],[126.90361,37.44038],[126.90425,37.44039],[126.9044,37.44039],[126.90486,37.4404],[126.90488,37.4404],[126.90512,37.4404],[126.90569,37.44041],[126.906,37.44041],[126.90734,37.44043]]}},{"type":"Feature","properties":{"class":"minor","highway":"residential","sidewalk":"unknown","lanes":0,"name":"시흥대로22길","oneway":true},"geometry":{"type":"LineString","coordinates":[[126.90431,37.44089],[126.90488,37.4409],[126.90511,37.4409],[126.90566,37.44091],[126.90598,37.44091],[126.9075,37.44094]]}},{"type":"Feature","properties":{"class":"minor","highway":"residential","sidewalk":"unknown","lanes":0,"name":"시흥대로","oneway":false},"geometry":{"type":"LineString","coordinates":[[126.90399,37.44488],[126.9041,37.44488],[126.90478,37.44482]]}},{"type":"Feature","properties":{"class":"minor","highway":"residential","sidewalk":"unknown","lanes":0,"name":"시흥대로26길","oneway":false},"geometry":{"type":"LineString","coordinates":[[126.90365,37.44177],[126.90377,37.44178],[126.90442,37.44179]]}},{"type":"Feature","properties":{"class":"minor","highway":"residential","sidewalk":"unknown","lanes":0,"name":"시흥대로34길","oneway":true},"geometry":{"type":"LineString","coordinates":[[126.906,37.44307],[126.90458,37.44315]]}},{"type":"Feature","properties":{"class":"minor","highway":"residential","sidewalk":"unknown","lanes":0,"name":"시흥대로24길","oneway":true},"geometry":{"type":"LineString","coordinates":[[126.90765,37.4414],[126.90597,37.44138],[126.90437,37.44135]]}},{"type":"Feature","properties":{"class":"major","highway":"secondary","sidewalk":"likely","lanes":0,"name":"호암로","oneway":true},"geometry":{"type":"LineString","coordinates":[[126.91824,37.44589],[126.92037,37.44782],[126.92189,37.44925],[126.92197,37.44937],[126.922,37.44946],[126.92201,37.44964],[126.92199,37.44977],[126.92194,37.44992],[126.92184,37.45005],[126.92111,37.45065],[126.92097,37.4508],[126.92085,37.45099],[126.92078,37.45117],[126.92072,37.45141],[126.92071,37.45164],[126.92074,37.45188]]}},{"type":"Feature","properties":{"class":"major","highway":"secondary","sidewalk":"likely","lanes":0,"name":"호암1터널","oneway":true},"geometry":{"type":"LineString","coordinates":[[126.91755,37.44526],[126.91824,37.44589]]}},{"type":"Feature","properties":{"class":"major","highway":"secondary","sidewalk":"likely","lanes":0,"name":"호암2터널","oneway":true},"geometry":{"type":"LineString","coordinates":[[126.91486,37.43758],[126.91614,37.44277]]}},{"type":"Feature","properties":{"class":"major","highway":"secondary","sidewalk":"likely","lanes":0,"name":"호암로","oneway":true},"geometry":{"type":"LineString","coordinates":[[126.91614,37.44277],[126.91638,37.44359],[126.91649,37.4439],[126.91665,37.44421],[126.91677,37.44443],[126.91681,37.44448],[126.91691,37.44463],[126.91705,37.44479],[126.91729,37.44503],[126.91755,37.44526]]}},{"type":"Feature","properties":{"class":"minor","highway":"residential","sidewalk":"unknown","lanes":0,"name":"시흥대로32길","oneway":true},"geometry":{"type":"LineString","coordinates":[[126.90453,37.44273],[126.90597,37.44266]]}},{"type":"Feature","properties":{"class":"minor","highway":"residential","sidewalk":"unknown","lanes":0,"name":"시흥대로36길","oneway":true},"geometry":{"type":"LineString","coordinates":[[126.90507,37.44386],[126.90523,37.44367],[126.90527,37.44363],[126.90564,37.4436],[126.90605,37.44357]]}},{"type":"Feature","properties":{"class":"alley","highway":"living_street","sidewalk":"unknown","lanes":0,"name":"시흥대로28길","oneway":false},"geometry":{"type":"LineString","coordinates":[[126.90646,37.44243],[126.90645,37.44259],[126.9064,37.44279],[126.90633,37.44301],[126.906,37.44303]]}},{"type":"Feature","properties":{"class":"minor","highway":"residential","sidewalk":"unknown","lanes":0,"name":"시흥대로12길","oneway":true},"geometry":{"type":"LineString","coordinates":[[126.90425,37.44039],[126.9042,37.43994],[126.90415,37.43952],[126.9041,37.43913]]}},{"type":"Feature","properties":{"class":"minor","highway":"residential","sidewalk":"unknown","lanes":0,"name":"시흥대로20길","oneway":true},"geometry":{"type":"LineString","coordinates":[[126.90442,37.44179],[126.90437,37.44135],[126.90431,37.44089],[126.90425,37.44039]]}},{"type":"Feature","properties":{"class":"minor","highway":"residential","sidewalk":"unknown","lanes":0,"name":"시흥대로26길","oneway":true},"geometry":{"type":"LineString","coordinates":[[126.90448,37.44234],[126.90442,37.44179]]}},{"type":"Feature","properties":{"class":"minor","highway":"residential","sidewalk":"unknown","lanes":0,"name":"시흥대로36길","oneway":true},"geometry":{"type":"LineString","coordinates":[[126.90391,37.44375],[126.90401,37.44374],[126.90464,37.44369]]}},{"type":"Feature","properties":{"class":"minor","highway":"residential","sidewalk":"unknown","lanes":0,"name":"시흥대로17길","oneway":false},"geometry":{"type":"LineString","coordinates":[[126.90321,37.44033],[126.9031,37.44031],[126.90283,37.44028],[126.90168,37.44013],[126.90136,37.44009],[126.90125,37.44008],[126.90105,37.44005]]}},{"type":"Feature","properties":{"class":"minor","highway":"residential","sidewalk":"unknown","lanes":0,"name":"시흥대로","oneway":false},"geometry":{"type":"LineString","coordinates":[[126.90294,37.43812],[126.90175,37.43861],[126.90159,37.43885],[126.90105,37.44005]]}},{"type":"Feature","properties":{"class":"minor","highway":"residential","sidewalk":"unknown","lanes":0,"name":"시흥대로27길","oneway":false},"geometry":{"type":"LineString","coordinates":[[126.9034,37.44189],[126.90328,37.44178],[126.90298,37.44152],[126.90289,37.44143],[126.90155,37.44022],[126.90136,37.44009]]}},{"type":"Feature","properties":{"class":"minor","highway":"residential","sidewalk":"unknown","lanes":0,"name":"","oneway":false},"geometry":{"type":"LineString","coordinates":[[126.90335,37.44265],[126.90306,37.44268],[126.90291,37.44269],[126.90269,37.44271],[126.90211,37.44276],[126.90163,37.44281],[126.90111,37.44285],[126.90096,37.44287],[126.90026,37.44293],[126.90017,37.44294]]}},{"type":"Feature","properties":{"class":"minor","highway":"residential","sidewalk":"unknown","lanes":0,"name":"","oneway":false},"geometry":{"type":"LineString","coordinates":[[126.89991,37.44411],[126.89968,37.44405],[126.90017,37.44294]]}},{"type":"Feature","properties":{"class":"minor","highway":"residential","sidewalk":"unknown","lanes":0,"name":"시흥대로37길","oneway":false},"geometry":{"type":"LineString","coordinates":[[126.90371,37.44554],[126.9036,37.44554],[126.90224,37.44561],[126.90221,37.44574],[126.90219,37.44581]]}},{"type":"Feature","properties":{"class":"minor","highway":"residential","sidewalk":"unknown","lanes":0,"name":"","oneway":false},"geometry":{"type":"LineString","coordinates":[[126.90105,37.44641],[126.90085,37.44629]]}},{"type":"Feature","properties":{"class":"alley","highway":"service","sidewalk":"unknown","lanes":0,"name":"","oneway":false},"geometry":{"type":"LineString","coordinates":[[126.90075,37.44616],[126.90081,37.44556]]}},{"type":"Feature","properties":{"class":"minor","highway":"residential","sidewalk":"unknown","lanes":0,"name":"","oneway":true},"geometry":{"type":"LineString","coordinates":[[126.90072,37.44633],[126.90053,37.44643]]}},{"type":"Feature","properties":{"class":"alley","highway":"living_street","sidewalk":"unknown","lanes":0,"name":"시흥대로39길","oneway":false},"geometry":{"type":"LineString","coordinates":[[126.90049,37.44669],[126.90048,37.44697],[126.90067,37.44731]]}},{"type":"Feature","properties":{"class":"alley","highway":"living_street","sidewalk":"unknown","lanes":0,"name":"시흥대로39길","oneway":false},"geometry":{"type":"LineString","coordinates":[[126.90075,37.44657],[126.90076,37.44695],[126.901,37.44735]]}},{"type":"Feature","properties":{"class":"minor","highway":"residential","sidewalk":"unknown","lanes":0,"name":"","oneway":false},"geometry":{"type":"LineString","coordinates":[[126.90114,37.44654],[126.90107,37.44667],[126.90105,37.44675],[126.90104,37.44683],[126.90105,37.44691],[126.90109,37.44697],[126.90114,37.44702],[126.90124,37.44717],[126.90138,37.44739],[126.90139,37.44742],[126.90141,37.44744],[126.9015,37.44756],[126.90154,37.44762],[126.90156,37.44768],[126.90158,37.4478],[126.90167,37.44833],[126.90168,37.44839],[126.90178,37.44846],[126.9019,37.44852]]}},{"type":"Feature","properties":{"class":"minor","highway":"residential","sidewalk":"unknown","lanes":0,"name":"시흥대로41길","oneway":false},"geometry":{"type":"LineString","coordinates":[[126.90311,37.44771],[126.90296,37.44772],[126.90212,37.44778],[126.90206,37.4478],[126.90195,37.44823],[126.9019,37.44852],[126.90189,37.44856],[126.90187,37.44861],[126.90177,37.44906],[126.90171,37.44923],[126.90162,37.4495],[126.90156,37.44969],[126.90151,37.44982],[126.90144,37.45001]]}},{"type":"Feature","properties":{"class":"alley","highway":"living_street","sidewalk":"unknown","lanes":0,"name":"시흥대로39길","oneway":false},"geometry":{"type":"LineString","coordinates":[[126.90103,37.44648],[126.90092,37.4465],[126.90075,37.44657],[126.90049,37.44669],[126.90029,37.44678],[126.90034,37.44686],[126.90028,37.44713],[126.90027,37.44727],[126.90052,37.44729],[126.90067,37.44731],[126.901,37.44735]]}},{"type":"Feature","properties":{"class":"minor","highway":"residential","sidewalk":"unknown","lanes":0,"name":"시흥대로39길","oneway":true},"geometry":{"type":"LineString","coordinates":[[126.90123,37.44648],[126.90123,37.44649],[126.90122,37.4465],[126.90121,37.44651],[126.9012,37.44652],[126.90118,37.44653],[126.90116,37.44654],[126.90114,37.44654],[126.90111,37.44654],[126.90109,37.44654],[126.90106,37.44652],[126.90104,37.4465],[126.90103,37.44648],[126.90103,37.44646],[126.90104,37.44643],[126.90105,37.44641],[126.90107,37.4464],[126.9011,37.44639],[126.90113,37.44638],[126.90116,37.44639],[126.90119,37.4464],[126.90121,37.44641],[126.90123,37.44644],[126.90123,37.44646],[126.90123,37.44648]]}},{"type":"Feature","properties":{"class":"minor","highway":"residential","sidewalk":"unknown","lanes":0,"name":"독산로1길","oneway":false},"geometry":{"type":"LineString","coordinates":[[126.90381,37.44867],[126.90378,37.44875],[126.9036,37.44921],[126.90356,37.44932],[126.90349,37.44952],[126.9034,37.44976],[126.90331,37.44998],[126.90329,37.45005]]}},{"type":"Feature","properties":{"class":"major","highway":"tertiary","sidewalk":"likely","lanes":0,"name":"시흥대로40길","oneway":false},"geometry":{"type":"LineString","coordinates":[[126.9035,37.44743],[126.90361,37.44746],[126.90423,37.4476]]}},{"type":"Feature","properties":{"class":"minor","highway":"residential","sidewalk":"unknown","lanes":0,"name":"독산로6길","oneway":false},"geometry":{"type":"LineString","coordinates":[[126.90491,37.44903],[126.90499,37.4488],[126.90506,37.44858],[126.90511,37.44844],[126.90516,37.4483],[126.90529,37.4479],[126.90541,37.44756],[126.90563,37.4469],[126.90576,37.44653]]}},{"type":"Feature","properties":{"class":"minor","highway":"residential","sidewalk":"unknown","lanes":0,"name":"독산로4길","oneway":false},"geometry":{"type":"LineString","coordinates":[[126.9044,37.44881],[126.90448,37.44856],[126.90454,37.44839],[126.90455,37.44836],[126.90463,37.44813],[126.90469,37.44797],[126.90477,37.44773],[126.90456,37.44767],[126.90456,37.44761]]}},{"type":"Feature","properties":{"class":"minor","highway":"residential","sidewalk":"unknown","lanes":0,"name":"은행나무로10길","oneway":false},"geometry":{"type":"LineString","coordinates":[[126.90671,37.45082],[126.90668,37.45053],[126.90667,37.45048],[126.90663,37.45038],[126.90653,37.45025],[126.90646,37.4501],[126.9064,37.44994],[126.90636,37.44978],[126.90634,37.4497],[126.90629,37.44948]]}},{"type":"Feature","properties":{"class":"minor","highway":"residential","sidewalk":"unknown","lanes":0,"name":"시흥대로40가길","oneway":false},"geometry":{"type":"LineString","coordinates":[[126.90573,37.44753],[126.90593,37.44696],[126.90605,37.4466]]}},{"type":"Feature","properties":{"class":"alley","highway":"living_street","sidewalk":"unknown","lanes":0,"name":"시흥대로40길","oneway":false},"geometry":{"type":"LineString","coordinates":[[126.90606,37.4475],[126.90622,37.44702]]}},{"type":"Feature","properties":{"class":"alley","highway":"living_street","sidewalk":"unknown","lanes":0,"name":"시흥대로40다길","oneway":false},"geometry":{"type":"LineString","coordinates":[[126.90625,37.44748],[126.90581,37.44878]]}},{"type":"Feature","properties":{"class":"minor","highway":"residential","sidewalk":"unknown","lanes":0,"name":"독산로8나길","oneway":false},"geometry":{"type":"LineString","coordinates":[[126.90755,37.44827],[126.90808,37.44843],[126.90862,37.44859]]}},{"type":"Feature","properties":{"class":"minor","highway":"residential","sidewalk":"unknown","lanes":0,"name":"금하로20길","oneway":false},"geometry":{"type":"LineString","coordinates":[[126.9068,37.45191],[126.90677,37.45148],[126.90674,37.45116],[126.90671,37.45082]]}},{"type":"Feature","properties":{"class":"minor","highway":"residential","sidewalk":"unknown","lanes":0,"name":"독산로10가길","oneway":false},"geometry":{"type":"LineString","coordinates":[[126.90913,37.45014],[126.90909,37.44979],[126.90904,37.44924]]}},{"type":"Feature","properties":{"class":"minor","highway":"residential","sidewalk":"unknown","lanes":0,"name":"금하로24가길","oneway":false},"geometry":{"type":"LineString","coordinates":[[126.90837,37.44911],[126.90904,37.44924],[126.90956,37.44935]]}},{"type":"Feature","properties":{"class":"alley","highway":"living_street","sidewalk":"unknown","lanes":0,"name":"금하로24라길","oneway":false},"geometry":{"type":"LineString","coordinates":[[126.90955,37.44814],[126.90963,37.44812],[126.90985,37.44804],[126.90999,37.44798],[126.91034,37.44782],[126.91026,37.44729],[126.91015,37.44713],[126.91012,37.44704],[126.91011,37.44695]]}},{"type":"Feature","properties":{"class":"major","highway":"tertiary","sidewalk":"likely","lanes":0,"name":"금하로28길","oneway":false},"geometry":{"type":"LineString","coordinates":[[126.91237,37.45008],[126.91232,37.44995],[126.91225,37.44975],[126.91219,37.44961],[126.91214,37.44953],[126.91202,37.4494],[126.91199,37.44936],[126.91194,37.44927],[126.91194,37.44917],[126.91193,37.44904],[126.91193,37.44891],[126.9119,37.44881],[126.91185,37.44871],[126.91172,37.44861],[126.91158,37.44852],[126.9115,37.44846],[126.91146,37.44843],[126.91142,37.44838],[126.91137,37.44831]]}},{"type":"Feature","properties":{"class":"alley","highway":"service","sidewalk":"unknown","lanes":0,"name":"","oneway":false},"geometry":{"type":"LineString","coordinates":[[126.91127,37.45],[126.911,37.44989],[126.91061,37.44992],[126.91022,37.44994],[126.91014,37.44991],[126.9101,37.4497],[126.9101,37.44966],[126.91019,37.44957],[126.91048,37.44862],[126.91072,37.44857],[126.91104,37.44885],[126.91137,37.44925]]}},{"type":"Feature","properties":{"class":"minor","highway":"residential","sidewalk":"unknown","lanes":0,"name":"","oneway":false},"geometry":{"type":"LineString","coordinates":[[126.90025,37.4507],[126.90014,37.45054],[126.90001,37.45033],[126.89997,37.45023],[126.89985,37.44991],[126.89983,37.44984],[126.89978,37.44972]]}},{"type":"Feature","properties":{"class":"minor","highway":"residential","sidewalk":"unknown","lanes":2,"name":"시흥대로51길","oneway":true},"geometry":{"type":"LineString","coordinates":[[126.90103,37.45126],[126.90094,37.45124],[126.90086,37.45122],[126.90073,37.45115]]}},{"type":"Feature","properties":{"class":"minor","highway":"residential","sidewalk":"unknown","lanes":0,"name":"시흥대로57길","oneway":true},"geometry":{"type":"LineString","coordinates":[[126.90056,37.45319],[126.90002,37.45321],[126.89972,37.45322],[126.89951,37.45322],[126.89948,37.45323],[126.89946,37.45325],[126.89942,37.45331]]}},{"type":"Feature","properties":{"class":"minor","highway":"residential","sidewalk":"unknown","lanes":0,"name":"시흥대로59길","oneway":false},"geometry":{"type":"LineString","coordinates":[[126.90039,37.45355],[126.90001,37.45347],[126.89942,37.45331],[126.8991,37.45326],[126.89866,37.45325],[126.89816,37.45326],[126.89785,37.45327],[126.89779,37.45331],[126.89771,37.45342],[126.89766,37.45349]]}},{"type":"Feature","properties":{"class":"minor","highway":"residential","sidewalk":"unknown","lanes":0,"name":"금하로24나길","oneway":false},"geometry":{"type":"LineString","coordinates":[[126.90983,37.44871],[126.90956,37.44935]]}},{"type":"Feature","properties":{"class":"minor","highway":"residential","sidewalk":"unknown","lanes":0,"name":"독산로5길","oneway":false},"geometry":{"type":"LineString","coordinates":[[126.90491,37.44903],[126.9048,37.44935],[126.90472,37.44959],[126.9047,37.44966],[126.90465,37.44981],[126.90457,37.45005],[126.90449,37.45031],[126.90446,37.45039]]}},{"type":"Feature","properties":{"class":"minor","highway":"residential","sidewalk":"unknown","lanes":0,"name":"독산로3길","oneway":false},"geometry":{"type":"LineString","coordinates":[[126.9044,37.44881],[126.90428,37.44914],[126.90424,37.44923],[126.9042,37.44936],[126.90416,37.44946],[126.90409,37.44967],[126.904,37.44991],[126.90393,37.45012],[126.9039,37.4502]]}},{"type":"Feature","properties":{"class":"minor","highway":"residential","sidewalk":"unknown","lanes":0,"name":"시흥대로50길","oneway":false},"geometry":{"type":"LineString","coordinates":[[126.90329,37.45005],[126.90325,37.45014],[126.90293,37.45096],[126.90277,37.45138]]}},{"type":"Feature","properties":{"class":"minor","highway":"residential","sidewalk":"unknown","lanes":0,"name":"금하로16길","oneway":true},"geometry":{"type":"LineString","coordinates":[[126.90407,37.45226],[126.90523,37.45265],[126.90532,37.45267]]}},{"type":"Feature","properties":{"class":"minor","highway":"residential","sidewalk":"unknown","lanes":0,"name":"독산로11길","oneway":false},"geometry":{"type":"LineString","coordinates":[[126.90528,37.45199],[126.90414,37.45171]]}},{"type":"Feature","properties":{"class":"minor","highway":"residential","sidewalk":"unknown","lanes":0,"name":"금하로","oneway":false},"geometry":{"type":"LineString","coordinates":[[126.9068,37.45191],[126.90684,37.4523],[126.90687,37.45269]]}},{"type":"Feature","properties":{"class":"minor","highway":"residential","sidewalk":"unknown","lanes":0,"name":"금하로30길","oneway":false},"geometry":{"type":"LineString","coordinates":[[126.91451,37.45004],[126.9148,37.44994],[126.91612,37.44912],[126.91639,37.44852],[126.91622,37.44827]]}},{"type":"Feature","properties":{"class":"minor","highway":"residential","sidewalk":"unknown","lanes":0,"name":"금하로21길","oneway":false},"geometry":{"type":"LineString","coordinates":[[126.9081,37.45221],[126.90871,37.45217]]}},{"type":"Feature","properties":{"class":"minor","highway":"residential","sidewalk":"unknown","lanes":0,"name":"금하로23나길","oneway":false},"geometry":{"type":"LineString","coordinates":[[126.90871,37.45217],[126.91075,37.45203],[126.91078,37.452],[126.91081,37.45198],[126.91091,37.45196],[126.91098,37.45194],[126.91117,37.45188]]}},{"type":"Feature","properties":{"class":"minor","highway":"residential","sidewalk":"unknown","lanes":0,"name":"독산로22길","oneway":false},"geometry":{"type":"LineString","coordinates":[[126.9088,37.45324],[126.91013,37.45291],[126.91017,37.45287],[126.91023,37.45283],[126.91029,37.45281],[126.9104,37.45279],[126.91054,37.4528],[126.91066,37.45281],[126.91078,37.45283],[126.91086,37.45285],[126.91096,37.45287],[126.9111,37.45294],[126.91142,37.45309],[126.91153,37.45318]]}},{"type":"Feature","properties":{"class":"minor","highway":"residential","sidewalk":"unknown","lanes":0,"name":"독산로18길","oneway":false},"geometry":{"type":"LineString","coordinates":[[126.90687,37.45269],[126.90691,37.45313],[126.90692,37.45334],[126.90693,37.45346],[126.90695,37.45367],[126.90698,37.45376],[126.90712,37.45406],[126.9072,37.45421],[126.90733,37.45436]]}},{"type":"Feature","properties":{"class":"alley","highway":"pedestrian","sidewalk":"unknown","lanes":0,"name":"금하로25길","oneway":false},"geometry":{"type":"LineString","coordinates":[[126.90876,37.45119],[126.90953,37.45125],[126.90987,37.45128],[126.91029,37.45131],[126.91065,37.45163]]}},{"type":"Feature","properties":{"class":"minor","highway":"residential","sidewalk":"unknown","lanes":0,"name":"탑골로3가길","oneway":false},"geometry":{"type":"LineString","coordinates":[[126.91137,37.45211],[126.91108,37.45217],[126.91079,37.45225],[126.91051,37.45231],[126.91051,37.4525],[126.91054,37.4528]]}},{"type":"Feature","properties":{"class":"minor","highway":"residential","sidewalk":"unknown","lanes":0,"name":"독산로22가길","oneway":false},"geometry":{"type":"LineString","coordinates":[[126.91054,37.4528],[126.91055,37.45289],[126.91077,37.45354]]}},{"type":"Feature","properties":{"class":"minor","highway":"residential","sidewalk":"unknown","lanes":0,"name":"탑골로5가길","oneway":false},"geometry":{"type":"LineString","coordinates":[[126.91152,37.45311],[126.9116,37.45312],[126.91173,37.45311],[126.91188,37.45309],[126.912,37.45305],[126.91212,37.453],[126.91218,37.45299],[126.91223,37.45302],[126.9123,37.45301],[126.91238,37.45302],[126.91253,37.45303],[126.91266,37.45306],[126.91276,37.45307],[126.91289,37.45308],[126.913,37.45308]]}},{"type":"Feature","properties":{"class":"alley","highway":"living_street","sidewalk":"unknown","lanes":0,"name":"탑골로7길","oneway":false},"geometry":{"type":"LineString","coordinates":[[126.91231,37.45186],[126.91233,37.45191],[126.91236,37.45196],[126.91244,37.45198],[126.91254,37.45201],[126.9126,37.45204],[126.91264,37.4521],[126.91267,37.45217],[126.91269,37.45223],[126.91271,37.45227],[126.91276,37.45232],[126.91282,37.45234],[126.91292,37.45245],[126.91305,37.45251],[126.91315,37.45258],[126.9132,37.45262],[126.91325,37.45265],[126.91333,37.45268],[126.91346,37.45272],[126.91347,37.45276],[126.91354,37.45281],[126.9135,37.45294],[126.91341,37.45302],[126.91336,37.45303],[126.91332,37.45311],[126.91332,37.45315],[126.91329,37.45319]]}},{"type":"Feature","properties":{"class":"minor","highway":"residential","sidewalk":"unknown","lanes":0,"name":"탑골로11길","oneway":true},"geometry":{"type":"LineString","coordinates":[[126.91623,37.45304],[126.91594,37.45303],[126.91541,37.45247],[126.91545,37.45222]]}},{"type":"Feature","properties":{"class":"alley","highway":"living_street","sidewalk":"unknown","lanes":0,"name":"탑골로5길","oneway":false},"geometry":{"type":"LineString","coordinates":[[126.91154,37.45333],[126.91163,37.45334],[126.91169,37.45335],[126.91174,37.45339],[126.91178,37.45344],[126.91177,37.4535],[126.91178,37.45355],[126.9118,37.45361],[126.91182,37.45366],[126.91187,37.4537],[126.91192,37.45373],[126.91199,37.45375],[126.91207,37.45376],[126.91213,37.45377],[126.91217,37.4538],[126.9122,37.45386],[126.91226,37.45394],[126.91227,37.45399],[126.91226,37.45405],[126.91223,37.45415],[126.91217,37.45426]]}},{"type":"Feature","properties":{"class":"minor","highway":"residential","sidewalk":"unknown","lanes":0,"name":"탑골로5길","oneway":false},"geometry":{"type":"LineString","coordinates":[[126.91154,37.45333],[126.91154,37.45342],[126.91152,37.4535],[126.91135,37.45351],[126.91123,37.45352],[126.91111,37.45353],[126.91092,37.45353],[126.91077,37.45354]]}},{"type":"Feature","properties":{"class":"minor","highway":"residential","sidewalk":"unknown","lanes":0,"name":"금하로23라길","oneway":false},"geometry":{"type":"LineString","coordinates":[[126.90902,37.45383],[126.90942,37.45375],[126.91003,37.45362],[126.91077,37.45354]]}},{"type":"Feature","properties":{"class":"minor","highway":"residential","sidewalk":"unknown","lanes":0,"name":"탑골로","oneway":false},"geometry":{"type":"LineString","coordinates":[[126.91133,37.45192],[126.91153,37.45171],[126.91146,37.45156]]}},{"type":"Feature","properties":{"class":"minor","highway":"residential","sidewalk":"unknown","lanes":0,"name":"탑골로","oneway":false},"geometry":{"type":"LineString","coordinates":[[126.91094,37.45175],[126.91113,37.45168],[126.91146,37.45156]]}},{"type":"Feature","properties":{"class":"minor","highway":"residential","sidewalk":"unknown","lanes":0,"name":"탑골로2길","oneway":false},"geometry":{"type":"LineString","coordinates":[[126.91087,37.45135],[126.91113,37.45168]]}},{"type":"Feature","properties":{"class":"alley","highway":"living_street","sidewalk":"unknown","lanes":0,"name":"탑골로2길","oneway":false},"geometry":{"type":"LineString","coordinates":[[126.91354,37.45043],[126.91364,37.45056],[126.9137,37.45062],[126.91376,37.45065],[126.91387,37.45069],[126.91396,37.45071],[126.91398,37.45074],[126.91407,37.45086]]}},{"type":"Feature","properties":{"class":"minor","highway":"residential","sidewalk":"unknown","lanes":0,"name":"탑골로4길","oneway":false},"geometry":{"type":"LineString","coordinates":[[126.91167,37.4519],[126.91174,37.45184],[126.9118,37.45178],[126.91197,37.45169],[126.91214,37.45161],[126.91222,37.45156],[126.91239,37.45156],[126.91254,37.45155],[126.9127,37.45154],[126.91297,37.45145],[126.91315,37.45137],[126.91328,37.4513],[126.91336,37.45126],[126.91338,37.45118],[126.91354,37.4511],[126.91407,37.45086],[126.91437,37.45073],[126.91444,37.45069],[126.91482,37.45051],[126.91512,37.45039],[126.91524,37.45022]]}},{"type":"Feature","properties":{"class":"minor","highway":"residential","sidewalk":"unknown","lanes":0,"name":"탑골로8길","oneway":false},"geometry":{"type":"LineString","coordinates":[[126.91411,37.45194],[126.91451,37.45098],[126.91453,37.45092],[126.91447,37.45085],[126.91437,37.45073]]}},{"type":"Feature","properties":{"class":"minor","highway":"residential","sidewalk":"unknown","lanes":0,"name":"탑골로13길","oneway":true},"geometry":{"type":"LineString","coordinates":[[126.91552,37.45223],[126.91558,37.45232],[126.91563,37.45232],[126.91623,37.45304],[126.91629,37.45312]]}},{"type":"Feature","properties":{"class":"minor","highway":"residential","sidewalk":"unknown","lanes":0,"name":"탑골로3길","oneway":false},"geometry":{"type":"LineString","coordinates":[[126.91341,37.45325],[126.91357,37.45322],[126.9137,37.45317],[126.91383,37.45312],[126.91396,37.45313]]}},{"type":"Feature","properties":{"class":"major","highway":"tertiary","sidewalk":"yes","lanes":0,"name":"","oneway":false},"geometry":{"type":"LineString","coordinates":[[126.91675,37.45282],[126.91656,37.45299],[126.91645,37.45306],[126.91629,37.45312],[126.91597,37.45314],[126.91558,37.45314],[126.91537,37.45318],[126.9152,37.45328],[126.9151,37.45345],[126.91497,37.4537],[126.91489,37.4538],[126.91476,37.45395],[126.91473,37.45397],[126.91472,37.45397],[126.9147,37.45399],[126.91462,37.45403],[126.91454,37.45407],[126.91436,37.45411],[126.91421,37.45413],[126.91402,37.45412],[126.9139,37.45409]]}},{"type":"Feature","properties":{"class":"major","highway":"tertiary","sidewalk":"likely","lanes":0,"name":"탑골로","oneway":false},"geometry":{"type":"LineString","coordinates":[[126.91675,37.45282],[126.91697,37.45296],[126.91711,37.45306],[126.91722,37.45315],[126.91734,37.45325],[126.91748,37.45337],[126.91754,37.45344]]}},{"type":"Feature","properties":{"class":"major","highway":"tertiary","sidewalk":"likely","lanes":0,"name":"삼성산2터널","oneway":false},"geometry":{"type":"LineString","coordinates":[[126.9139,37.45409],[126.91369,37.45401],[126.91358,37.45396],[126.91339,37.45385],[126.91326,37.45379],[126.91306,37.45377]]}},{"type":"Feature","properties":{"class":"major","highway":"tertiary","sidewalk":"likely","lanes":0,"name":"","oneway":false},"geometry":{"type":"LineString","coordinates":[[126.91306,37.45377],[126.91288,37.45383],[126.91282,37.45385],[126.91272,37.45391],[126.91217,37.45426]]}},{"type":"Feature","properties":{"class":"major","highway":"tertiary","sidewalk":"likely","lanes":0,"name":"탑골로5길","oneway":false},"geometry":{"type":"LineString","coordinates":[[126.91217,37.45426],[126.91175,37.45448]]}},{"type":"Feature","properties":{"class":"major","highway":"tertiary","sidewalk":"likely","lanes":0,"name":"","oneway":false},"geometry":{"type":"LineString","coordinates":[[126.91175,37.45448],[126.91148,37.45457]]}},{"type":"Feature","properties":{"class":"major","highway":"tertiary","sidewalk":"likely","lanes":0,"name":"삼성산터널","oneway":false},"geometry":{"type":"LineString","coordinates":[[126.91148,37.45457],[126.91109,37.45468],[126.91093,37.45471],[126.91074,37.45477],[126.91053,37.45487],[126.91045,37.45493],[126.9102,37.45523]]}},{"type":"Feature","properties":{"class":"major","highway":"tertiary","sidewalk":"likely","lanes":0,"name":"","oneway":false},"geometry":{"type":"LineString","coordinates":[[126.9102,37.45523],[126.90988,37.45551],[126.90979,37.45559],[126.90973,37.45564],[126.90968,37.45567],[126.90964,37.45569],[126.90962,37.45569]]}},{"type":"Feature","properties":{"class":"alley","highway":"service","sidewalk":"unknown","lanes":0,"name":"금하로23라길","oneway":false},"geometry":{"type":"LineString","coordinates":[[126.90942,37.45375],[126.9095,37.45403],[126.90961,37.45439]]}},{"type":"Feature","properties":{"class":"alley","highway":"service","sidewalk":"unknown","lanes":0,"name":"금하로23라길","oneway":false},"geometry":{"type":"LineString","coordinates":[[126.91003,37.45362],[126.9097,37.45398],[126.9095,37.45403]]}},{"type":"Feature","properties":{"class":"alley","highway":"pedestrian","sidewalk":"unknown","lanes":0,"name":"시흥대로62길","oneway":false},"geometry":{"type":"LineString","coordinates":[[126.90298,37.45736],[126.9029,37.45724],[126.90284,37.45713],[126.90277,37.45703],[126.90268,37.45693],[126.90256,37.45683],[126.90247,37.45674],[126.90238,37.45667],[126.90232,37.45661],[126.90223,37.45651],[126.90221,37.45649],[126.90215,37.45645],[126.90205,37.45635],[126.90199,37.45628],[126.90192,37.45615],[126.90185,37.456],[126.90184,37.45587],[126.90183,37.45584],[126.90181,37.45579],[126.9016,37.45548],[126.90155,37.45542],[126.90144,37.45529],[126.90137,37.45524],[126.90129,37.45521],[126.90107,37.45517],[126.90097,37.45514],[126.9009,37.45511],[126.90081,37.45499],[126.9007,37.45497]]}},{"type":"Feature","properties":{"class":"alley","highway":"living_street","sidewalk":"unknown","lanes":0,"name":"시흥대로66길","oneway":false},"geometry":{"type":"LineString","coordinates":[[126.90117,37.45551],[126.9012,37.45557],[126.90134,37.45564],[126.90144,37.45572],[126.90155,37.45581],[126.90165,37.45592]]}},{"type":"Feature","properties":{"class":"minor","highway":"residential","sidewalk":"unknown","lanes":0,"name":"금하로","oneway":false},"geometry":{"type":"LineString","coordinates":[[126.90145,37.45478],[126.90141,37.45488],[126.90129,37.45521]]}},{"type":"Feature","properties":{"class":"minor","highway":"residential","sidewalk":"unknown","lanes":0,"name":"시흥대로74가길","oneway":false},"geometry":{"type":"LineString","coordinates":[[126.90124,37.45808],[126.90118,37.45835],[126.90104,37.45902]]}},{"type":"Feature","properties":{"class":"minor","highway":"residential","sidewalk":"unknown","lanes":0,"name":"시흥대로74길","oneway":false},"geometry":{"type":"LineString","coordinates":[[126.90048,37.45731],[126.90124,37.45808],[126.90168,37.45798],[126.9022,37.45784]]}},{"type":"Feature","properties":{"class":"minor","highway":"residential","sidewalk":"unknown","lanes":0,"name":"시흥대로68길","oneway":true},"geometry":{"type":"LineString","coordinates":[[126.90254,37.45763],[126.9022,37.45784]]}},{"type":"Feature","properties":{"class":"alley","highway":"living_street","sidewalk":"unknown","lanes":0,"name":"금하로9길","oneway":false},"geometry":{"type":"LineString","coordinates":[[126.90203,37.45465],[126.90208,37.45471],[126.9022,37.45486],[126.90223,37.45505],[126.90226,37.45526],[126.90227,37.45534],[126.90228,37.45537],[126.90229,37.45548],[126.9023,37.45555],[126.90183,37.45584]]}},{"type":"Feature","properties":{"class":"alley","highway":"living_street","sidewalk":"unknown","lanes":0,"name":"시흥대로62가길","oneway":false},"geometry":{"type":"LineString","coordinates":[[126.90229,37.45548],[126.90282,37.45557]]}},{"type":"Feature","properties":{"class":"minor","highway":"residential","sidewalk":"unknown","lanes":0,"name":"독산로25길","oneway":false},"geometry":{"type":"LineString","coordinates":[[126.90586,37.4552],[126.90523,37.45534],[126.90416,37.4556]]}},{"type":"Feature","properties":{"class":"minor","highway":"residential","sidewalk":"unknown","lanes":0,"name":"독산로28길","oneway":false},"geometry":{"type":"LineString","coordinates":[[126.90566,37.45622],[126.90617,37.45627],[126.90653,37.45631],[126.90699,37.45637],[126.90718,37.45639],[126.90747,37.45643],[126.90779,37.45647],[126.90797,37.4565]]}},{"type":"Feature","properties":{"class":"minor","highway":"residential","sidewalk":"unknown","lanes":0,"name":"독산로32길","oneway":false},"geometry":{"type":"LineString","coordinates":[[126.90545,37.45725],[126.90632,37.45742],[126.90689,37.45753]]}},{"type":"Feature","properties":{"class":"minor","highway":"residential","sidewalk":"unknown","lanes":0,"name":"시흥대로68길","oneway":true},"geometry":{"type":"LineString","coordinates":[[126.90298,37.45736],[126.90254,37.45763]]}},{"type":"Feature","properties":{"class":"minor","highway":"residential","sidewalk":"unknown","lanes":0,"name":"독산로33길","oneway":false},"geometry":{"type":"LineString","coordinates":[[126.90348,37.45677],[126.90341,37.4571],[126.90298,37.45736]]}},{"type":"Feature","properties":{"class":"minor","highway":"residential","sidewalk":"unknown","lanes":0,"name":"독산로31길","oneway":false},"geometry":{"type":"LineString","coordinates":[[126.90358,37.45637],[126.90348,37.45677]]}},{"type":"Feature","properties":{"class":"minor","highway":"residential","sidewalk":"unknown","lanes":0,"name":"독산로29길","oneway":false},"geometry":{"type":"LineString","coordinates":[[126.90368,37.45594],[126.90358,37.45637]]}},{"type":"Feature","properties":{"class":"minor","highway":"residential","sidewalk":"unknown","lanes":0,"name":"독산로29길","oneway":false},"geometry":{"type":"LineString","coordinates":[[126.90368,37.45594],[126.90377,37.45555]]}},{"type":"Feature","properties":{"class":"minor","highway":"residential","sidewalk":"unknown","lanes":0,"name":"시흥대로72길","oneway":false},"geometry":{"type":"LineString","coordinates":[[126.90071,37.45673],[126.90053,37.45719],[126.90048,37.45731],[126.90016,37.45816]]}},{"type":"Feature","properties":{"class":"minor","highway":"residential","sidewalk":"unknown","lanes":0,"name":"시흥대로80길","oneway":false},"geometry":{"type":"LineString","coordinates":[[126.90056,37.459],[126.90048,37.45957],[126.90043,37.45993]]}},{"type":"Feature","properties":{"class":"minor","highway":"residential","sidewalk":"unknown","lanes":0,"name":"독산로23길","oneway":false},"geometry":{"type":"LineString","coordinates":[[126.90606,37.45424],[126.90589,37.4542],[126.90568,37.45418],[126.90548,37.45417],[126.90528,37.45417],[126.90511,37.45418],[126.90477,37.45425],[126.90466,37.45429],[126.90454,37.4543],[126.90447,37.45431],[126.90412,37.45433],[126.90399,37.45431],[126.90387,37.45429],[126.90377,37.45427]]}},{"type":"Feature","properties":{"class":"alley","highway":"living_street","sidewalk":"unknown","lanes":0,"name":"독산로28가길","oneway":false},"geometry":{"type":"LineString","coordinates":[[126.90653,37.45631],[126.90632,37.45742]]}},{"type":"Feature","properties":{"class":"alley","highway":"living_street","sidewalk":"unknown","lanes":0,"name":"독산로24나길","oneway":false},"geometry":{"type":"LineString","coordinates":[[126.90661,37.45568],[126.90744,37.45563],[126.90828,37.4556]]}},{"type":"Feature","properties":{"class":"alley","highway":"living_street","sidewalk":"unknown","lanes":0,"name":"독산로26길","oneway":false},"geometry":{"type":"LineString","coordinates":[[126.9064,37.45507],[126.90617,37.45627]]}},{"type":"Feature","properties":{"class":"alley","highway":"living_street","sidewalk":"unknown","lanes":0,"name":"독산로18길","oneway":false},"geometry":{"type":"LineString","coordinates":[[126.90712,37.45406],[126.90747,37.45398],[126.90777,37.45391]]}},{"type":"Feature","properties":{"class":"alley","highway":"living_street","sidewalk":"unknown","lanes":0,"name":"독산로22길","oneway":false},"geometry":{"type":"LineString","coordinates":[[126.9073,37.45359],[126.90747,37.45398]]}},{"type":"Feature","properties":{"class":"minor","highway":"residential","sidewalk":"unknown","lanes":0,"name":"독산로","oneway":false},"geometry":{"type":"LineString","coordinates":[[126.90603,37.45435],[126.90683,37.45434],[126.90713,37.45455]]}},{"type":"Feature","properties":{"class":"minor","highway":"residential","sidewalk":"unknown","lanes":0,"name":"독산로32나길","oneway":false},"geometry":{"type":"LineString","coordinates":[[126.90632,37.45742],[126.9072,37.45847],[126.90739,37.45869],[126.90803,37.45945]]}},{"type":"Feature","properties":{"class":"major","highway":"tertiary","sidewalk":"likely","lanes":0,"name":"독산로36나길","oneway":false},"geometry":{"type":"LineString","coordinates":[[126.90723,37.46012],[126.90742,37.45997],[126.90803,37.45945],[126.90812,37.45936],[126.90817,37.45926],[126.90821,37.45913],[126.90822,37.45895],[126.90822,37.45885],[126.90821,37.45872],[126.90819,37.45855],[126.90817,37.45845],[126.90817,37.4584]]}},{"type":"Feature","properties":{"class":"alley","highway":"living_street","sidewalk":"unknown","lanes":0,"name":"독산로32다길","oneway":false},"geometry":{"type":"LineString","coordinates":[[126.90739,37.45869],[126.90698,37.45888],[126.90689,37.45893],[126.90682,37.45901],[126.90668,37.45917],[126.90647,37.45946]]}},{"type":"Feature","properties":{"class":"alley","highway":"living_street","sidewalk":"unknown","lanes":0,"name":"독산로32나길","oneway":false},"geometry":{"type":"LineString","coordinates":[[126.90739,37.45869],[126.90774,37.45849],[126.90781,37.45843]]}},{"type":"Feature","properties":{"class":"minor","highway":"residential","sidewalk":"unknown","lanes":0,"name":"독산로36길","oneway":false},"geometry":{"type":"LineString","coordinates":[[126.90585,37.45889],[126.90588,37.45879],[126.90592,37.45871],[126.90599,37.45862],[126.90638,37.45828]]}},{"type":"Feature","properties":{"class":"alley","highway":"living_street","sidewalk":"unknown","lanes":0,"name":"독산로28나길","oneway":false},"geometry":{"type":"LineString","coordinates":[[126.90699,37.45637],[126.90694,37.45695],[126.90689,37.45753]]}},{"type":"Feature","properties":{"class":"alley","highway":"living_street","sidewalk":"unknown","lanes":0,"name":"독산로32길","oneway":false},"geometry":{"type":"LineString","coordinates":[[126.9073,37.45791],[126.90757,37.45778],[126.9077,37.45772]]}},{"type":"Feature","properties":{"class":"alley","highway":"living_street","sidewalk":"unknown","lanes":0,"name":"금하로23길","oneway":false},"geometry":{"type":"LineString","coordinates":[[126.9077,37.45772],[126.90789,37.45766],[126.90822,37.45761]]}},{"type":"Feature","properties":{"class":"major","highway":"tertiary","sidewalk":"likely","lanes":0,"name":"독산로32길","oneway":false},"geometry":{"type":"LineString","coordinates":[[126.90817,37.4584],[126.90814,37.45832],[126.90807,37.45818],[126.90793,37.45803]]}},{"type":"Feature","properties":{"class":"alley","highway":"living_street","sidewalk":"unknown","lanes":0,"name":"독산로36나길","oneway":false},"geometry":{"type":"LineString","coordinates":[[126.90817,37.4584],[126.90823,37.45822],[126.90825,37.45812],[126.90824,37.45798],[126.90822,37.45785],[126.90821,37.45771],[126.90822,37.45761]]}},{"type":"Feature","properties":{"class":"alley","highway":"living_street","sidewalk":"unknown","lanes":0,"name":"독산로32길","oneway":false},"geometry":{"type":"LineString","coordinates":[[126.9076,37.45822],[126.9072,37.45847]]}},{"type":"Feature","properties":{"class":"alley","highway":"living_street","sidewalk":"unknown","lanes":0,"name":"독산로32길","oneway":false},"geometry":{"type":"LineString","coordinates":[[126.9076,37.45822],[126.90793,37.45803]]}},{"type":"Feature","properties":{"class":"minor","highway":"residential","sidewalk":"unknown","lanes":0,"name":"독산로41가길","oneway":true},"geometry":{"type":"LineString","coordinates":[[126.9022,37.45784],[126.90214,37.45793],[126.90199,37.45852],[126.90191,37.45897],[126.90183,37.45943]]}},{"type":"Feature","properties":{"class":"minor","highway":"residential","sidewalk":"unknown","lanes":0,"name":"독산로35가길","oneway":false},"geometry":{"type":"LineString","coordinates":[[126.90271,37.45911],[126.90317,37.45957],[126.90337,37.45977],[126.90356,37.45997],[126.90376,37.46017]]}},{"type":"Feature","properties":{"class":"minor","highway":"residential","sidewalk":"unknown","lanes":0,"name":"독산로39길","oneway":false},"geometry":{"type":"LineString","coordinates":[[126.9044,37.45882],[126.90429,37.45938],[126.9042,37.45989]]}},{"type":"Feature","properties":{"class":"alley","highway":"living_street","sidewalk":"unknown","lanes":0,"name":"시흥대로82길","oneway":false},"geometry":{"type":"LineString","coordinates":[[126.8998,37.45951],[126.90048,37.45957],[126.90077,37.4596],[126.90095,37.45965],[126.90091,37.45982],[126.90089,37.4601],[126.90068,37.46019]]}},{"type":"Feature","properties":{"class":"minor","highway":"residential","sidewalk":"unknown","lanes":0,"name":"난향9길","oneway":false},"geometry":{"type":"LineString","coordinates":[[126.91558,37.46282],[126.9152,37.46245],[126.91499,37.46211],[126.91502,37.46179],[126.915,37.4616],[126.91498,37.46153],[126.91479,37.46084],[126.91478,37.46081],[126.91478,37.46079],[126.91477,37.46048],[126.91481,37.45982],[126.91488,37.45981],[126.91516,37.45982],[126.9152,37.45985],[126.91525,37.45986]]}},{"type":"Feature","properties":{"class":"major","highway":"trunk","sidewalk":"likely","lanes":3,"name":"강남순환로","oneway":true},"geometry":{"type":"LineString","coordinates":[[126.9472,37.46872],[126.94608,37.46768],[126.94476,37.46625],[126.94255,37.46377],[126.93904,37.45986],[126.93779,37.45858],[126.93465,37.45588],[126.92959,37.45206],[126.9246,37.44852],[126.91641,37.44248],[126.91635,37.44242],[126.91344,37.44027],[126.91189,37.4393],[126.91069,37.43881],[126.90958,37.43852],[126.90865,37.43835],[126.90742,37.43825]]}},{"type":"Feature","properties":{"class":"alley","highway":"service","sidewalk":"unknown","lanes":0,"name":"","oneway":false},"geometry":{"type":"LineString","coordinates":[[126.89918,37.45035],[126.89922,37.45046],[126.89961,37.45036],[126.89992,37.45046],[126.90007,37.45052],[126.90014,37.45054]]}},{"type":"Feature","properties":{"class":"alley","highway":"living_street","sidewalk":"unknown","lanes":1,"name":"","oneway":false},"geometry":{"type":"LineString","coordinates":[[126.901,37.44735],[126.9013,37.44741],[126.90138,37.44739]]}},{"type":"Feature","properties":{"class":"alley","highway":"service","sidewalk":"unknown","lanes":0,"name":"","oneway":true},"geometry":{"type":"LineString","coordinates":[[126.90043,37.45236],[126.90092,37.45248],[126.90104,37.4525],[126.90106,37.4525],[126.9011,37.4525],[126.90112,37.45248],[126.90116,37.45246],[126.90135,37.45227]]}},{"type":"Feature","properties":{"class":"major","highway":"secondary","sidewalk":"likely","lanes":4,"name":"금하로","oneway":false},"geometry":{"type":"LineString","coordinates":[[126.90861,37.45113],[126.9092,37.45087],[126.90957,37.45074],[126.90976,37.45068]]}},{"type":"Feature","properties":{"class":"alley","highway":"service","sidewalk":"unknown","lanes":0,"name":"","oneway":false},"geometry":{"type":"LineString","coordinates":[[126.91455,37.44929],[126.91452,37.449],[126.9145,37.44896],[126.91448,37.44895],[126.91445,37.44893],[126.91372,37.44897]]}},{"type":"Feature","properties":{"class":"alley","highway":"service","sidewalk":"unknown","lanes":0,"name":"","oneway":false},"geometry":{"type":"LineString","coordinates":[[126.91296,37.44974],[126.91269,37.44976],[126.91267,37.44975],[126.91266,37.44973],[126.91265,37.44968],[126.91264,37.44967],[126.91261,37.44966],[126.91238,37.44967],[126.91235,37.44966],[126.91232,37.44962],[126.9123,37.44942],[126.91231,37.4494],[126.91234,37.44938],[126.9126,37.44936],[126.91261,37.44935],[126.91261,37.44934],[126.91261,37.44929],[126.91262,37.44928],[126.91282,37.44921]]}},{"type":"Feature","properties":{"class":"alley","highway":"service","sidewalk":"unknown","lanes":0,"name":"","oneway":false},"geometry":{"type":"LineString","coordinates":[[126.91458,37.44977],[126.91459,37.44994],[126.91451,37.45004]]}},{"type":"Feature","properties":{"class":"alley","highway":"service","sidewalk":"unknown","lanes":0,"name":"","oneway":false},"geometry":{"type":"LineString","coordinates":[[126.91072,37.44857],[126.91077,37.44852],[126.91108,37.44842],[126.91113,37.44836]]}},{"type":"Feature","properties":{"class":"alley","highway":"living_street","sidewalk":"unknown","lanes":0,"name":"금하로","oneway":false},"geometry":{"type":"LineString","coordinates":[[126.91298,37.45006],[126.91301,37.45028],[126.91378,37.45026],[126.9137,37.45005]]}},{"type":"Feature","properties":{"class":"alley","highway":"living_street","sidewalk":"unknown","lanes":0,"name":"탑골로2길","oneway":false},"geometry":{"type":"LineString","coordinates":[[126.91299,37.45069],[126.91296,37.45062],[126.91291,37.45045]]}},{"type":"Feature","properties":{"class":"minor","highway":"residential","sidewalk":"unknown","lanes":0,"name":"","oneway":false},"geometry":{"type":"LineString","coordinates":[[126.91754,37.45344],[126.91766,37.45338],[126.91718,37.45291],[126.91713,37.45286],[126.91716,37.45282],[126.91733,37.45272]]}},{"type":"Feature","properties":{"class":"minor","highway":"residential","sidewalk":"unknown","lanes":0,"name":"","oneway":false},"geometry":{"type":"LineString","coordinates":[[126.91766,37.45338],[126.91787,37.45359],[126.91799,37.45367],[126.91808,37.45369],[126.91814,37.45372],[126.91822,37.45372],[126.91827,37.4537],[126.91829,37.45365],[126.91827,37.45359],[126.91818,37.45348],[126.91805,37.45332]]}},{"type":"Feature","properties":{"class":"alley","highway":"service","sidewalk":"unknown","lanes":0,"name":"","oneway":false},"geometry":{"type":"LineString","coordinates":[[126.91537,37.45105],[126.91544,37.45098],[126.91537,37.45093],[126.91534,37.45087],[126.91532,37.45083],[126.91532,37.45079],[126.91534,37.45075],[126.91538,37.45069],[126.91542,37.45065],[126.91554,37.45061],[126.91564,37.45058],[126.91566,37.45057],[126.91568,37.45054],[126.9157,37.45051]]}},{"type":"Feature","properties":{"class":"alley","highway":"service","sidewalk":"unknown","lanes":0,"name":"","oneway":false},"geometry":{"type":"LineString","coordinates":[[126.91544,37.45098],[126.91549,37.45091],[126.91562,37.45086],[126.91571,37.45084],[126.91581,37.4508],[126.9159,37.45074],[126.91599,37.45066],[126.9161,37.4506],[126.91615,37.45058],[126.9162,37.45057],[126.91626,37.45042],[126.9163,37.45036],[126.91633,37.45031],[126.9165,37.45037],[126.91661,37.4504]]}},{"type":"Feature","properties":{"class":"alley","highway":"service","sidewalk":"unknown","lanes":0,"name":"","oneway":false},"geometry":{"type":"LineString","coordinates":[[126.9162,37.45057],[126.91619,37.45066],[126.91623,37.45069],[126.91629,37.45072],[126.91637,37.45073],[126.9165,37.45094],[126.91652,37.451],[126.91649,37.45105],[126.91651,37.4511],[126.91685,37.4515],[126.917,37.4516],[126.91718,37.45171],[126.91727,37.45177],[126.91733,37.45181],[126.91737,37.45188],[126.9174,37.45195],[126.91741,37.45199],[126.91742,37.45205],[126.91743,37.45212],[126.91742,37.45218],[126.91738,37.45225],[126.91736,37.45229],[126.91682,37.45263],[126.91673,37.45256],[126.91663,37.45245],[126.91657,37.45236],[126.91655,37.4523],[126.91647,37.4522]]}},{"type":"Feature","properties":{"class":"alley","highway":"service","sidewalk":"unknown","lanes":0,"name":"","oneway":false},"geometry":{"type":"LineString","coordinates":[[126.91647,37.4522],[126.9163,37.45203]]}},{"type":"Feature","properties":{"class":"minor","highway":"residential","sidewalk":"unknown","lanes":0,"name":"","oneway":false},"geometry":{"type":"LineString","coordinates":[[126.9196,37.44999],[126.91959,37.45013],[126.91955,37.45047],[126.91952,37.45066],[126.91948,37.45097],[126.91945,37.45126],[126.91943,37.45142],[126.91942,37.45146],[126.91944,37.45157],[126.91933,37.45152],[126.91898,37.4515],[126.91837,37.45146],[126.91824,37.45134],[126.91812,37.45125],[126.91805,37.45119],[126.91794,37.45108],[126.91789,37.45101],[126.91786,37.45096],[126.91783,37.45086],[126.91781,37.45076],[126.91792,37.44998],[126.91796,37.44982]]}},{"type":"Feature","properties":{"class":"minor","highway":"residential","sidewalk":"unknown","lanes":0,"name":"","oneway":false},"geometry":{"type":"LineString","coordinates":[[126.91944,37.45157],[126.91977,37.45175],[126.91995,37.45185],[126.92034,37.45189],[126.92054,37.45189],[126.9206,37.45189]]}},{"type":"Feature","properties":{"class":"alley","highway":"living_street","sidewalk":"unknown","lanes":0,"name":"탑골로","oneway":false},"geometry":{"type":"LineString","coordinates":[[126.91051,37.45132],[126.91081,37.45113],[126.91113,37.45095],[126.91142,37.45084],[126.91156,37.4508]]}},{"type":"Feature","properties":{"class":"major","highway":"secondary","sidewalk":"likely","lanes":4,"name":"금하로","oneway":false},"geometry":{"type":"LineString","coordinates":[[126.90602,37.45225],[126.9068,37.45191],[126.90757,37.45158],[126.90804,37.45138],[126.9081,37.45135],[126.90861,37.45113]]}},{"type":"Feature","properties":{"class":"major","highway":"secondary","sidewalk":"likely","lanes":4,"name":"독산로","oneway":false},"geometry":{"type":"LineString","coordinates":[[126.90615,37.4537],[126.90614,37.45378],[126.90606,37.45424],[126.90603,37.45435],[126.9059,37.45499],[126.90586,37.4552],[126.90566,37.45622],[126.90545,37.45725],[126.90528,37.4581],[126.90522,37.4584],[126.90514,37.45882],[126.90502,37.45943],[126.9049,37.45999],[126.90473,37.46086],[126.9046,37.46151],[126.90451,37.46197],[126.90447,37.46207],[126.90442,37.4622],[126.90436,37.4623],[126.90406,37.46273]]}},{"type":"Feature","properties":{"class":"major","highway":"primary","sidewalk":"likely","lanes":5,"name":"시흥대로","oneway":true},"geometry":{"type":"LineString","coordinates":[[126.90283,37.44844],[126.90293,37.44818],[126.90301,37.44796]]}},{"type":"Feature","properties":{"class":"major","highway":"secondary","sidewalk":"likely","lanes":4,"name":"독산로","oneway":false},"geometry":{"type":"LineString","coordinates":[[126.90309,37.4485],[126.90327,37.44854],[126.90334,37.44856],[126.90381,37.44867],[126.90411,37.44874],[126.90434,37.44879],[126.9044,37.44881],[126.90454,37.44886],[126.90474,37.44895],[126.90491,37.44903],[126.90519,37.44922],[126.90537,37.44938],[126.90558,37.44961],[126.9057,37.44981],[126.90575,37.44989],[126.90583,37.4501],[126.90585,37.45025],[126.90588,37.4506],[126.90589,37.45082]]}},{"type":"Feature","properties":{"class":"major","highway":"primary","sidewalk":"likely","lanes":5,"name":"시흥대로","oneway":true},"geometry":{"type":"LineString","coordinates":[[126.90309,37.4485],[126.90302,37.44868],[126.90295,37.44887]]}},{"type":"Feature","properties":{"class":"alley","highway":"living_street","sidewalk":"unknown","lanes":0,"name":"시흥대로40라길","oneway":false},"geometry":{"type":"LineString","coordinates":[[126.9071,37.44769],[126.90741,37.44777]]}},{"type":"Feature","properties":{"class":"minor","highway":"residential","sidewalk":"unknown","lanes":1,"name":"","oneway":true},"geometry":{"type":"LineString","coordinates":[[126.90157,37.45171],[126.90156,37.45162],[126.90156,37.45157],[126.90154,37.4515],[126.90149,37.45145],[126.90146,37.45142],[126.90141,37.45138],[126.9013,37.45133]]}},{"type":"Feature","properties":{"class":"alley","highway":"service","sidewalk":"unknown","lanes":0,"name":"","oneway":false},"geometry":{"type":"LineString","coordinates":[[126.9024,37.45029],[126.90252,37.45032],[126.90262,37.45034],[126.90297,37.45043],[126.90305,37.45044]]}},{"type":"Feature","properties":{"class":"alley","highway":"service","sidewalk":"unknown","lanes":0,"name":"","oneway":true},"geometry":{"type":"LineString","coordinates":[[126.90305,37.45044],[126.90299,37.45061],[126.90298,37.45062],[126.90296,37.45062],[126.90258,37.45053],[126.90257,37.45052],[126.90256,37.45051],[126.90262,37.45034]]}},{"type":"Feature","properties":{"class":"alley","highway":"service","sidewalk":"unknown","lanes":0,"name":"","oneway":false},"geometry":{"type":"LineString","coordinates":[[126.90297,37.45043],[126.90303,37.45024]]}},{"type":"Feature","properties":{"class":"alley","highway":"living_street","sidewalk":"unknown","lanes":0,"name":"시흥대로47길","oneway":false},"geometry":{"type":"LineString","coordinates":[[126.90112,37.44993],[126.90109,37.45012],[126.90122,37.45028]]}},{"type":"Feature","properties":{"class":"minor","highway":"residential","sidewalk":"unknown","lanes":0,"name":"시흥대로22길","oneway":true},"geometry":{"type":"LineString","coordinates":[[126.9075,37.44094],[126.90765,37.4414]]}},{"type":"Feature","properties":{"class":"alley","highway":"service","sidewalk":"unknown","lanes":0,"name":"","oneway":true},"geometry":{"type":"LineString","coordinates":[[126.90074,37.45131],[126.90068,37.45135],[126.90064,37.45141]]}},{"type":"Feature","properties":{"class":"alley","highway":"service","sidewalk":"unknown","lanes":0,"name":"","oneway":false},"geometry":{"type":"LineString","coordinates":[[126.91294,37.45038],[126.91294,37.45028],[126.91301,37.45028]]}},{"type":"Feature","properties":{"class":"alley","highway":"service","sidewalk":"unknown","lanes":0,"name":"탑골로","oneway":false},"geometry":{"type":"LineString","coordinates":[[126.90995,37.4508],[126.90987,37.45128]]}},{"type":"Feature","properties":{"class":"minor","highway":"residential","sidewalk":"unknown","lanes":0,"name":"시흥대로52길","oneway":false},"geometry":{"type":"LineString","coordinates":[[126.90234,37.4525],[126.90277,37.45138]]}},{"type":"Feature","properties":{"class":"minor","highway":"residential","sidewalk":"unknown","lanes":0,"name":"시흥대로56길","oneway":true},"geometry":{"type":"LineString","coordinates":[[126.90161,37.45231],[126.90173,37.45234],[126.90234,37.4525],[126.90284,37.45262],[126.90318,37.45271],[126.90398,37.45291]]}},{"type":"Feature","properties":{"class":"minor","highway":"residential","sidewalk":"unknown","lanes":0,"name":"시흥대로41길","oneway":true},"geometry":{"type":"LineString","coordinates":[[126.90144,37.45001],[126.90138,37.45021],[126.90122,37.45028],[126.90096,37.4504],[126.90077,37.45048],[126.9003,37.45068],[126.90025,37.4507]]}},{"type":"Feature","properties":{"class":"minor","highway":"residential","sidewalk":"unknown","lanes":0,"name":"시흥대로41길","oneway":false},"geometry":{"type":"LineString","coordinates":[[126.90025,37.4507],[126.9002,37.45072],[126.89968,37.45092]]}},{"type":"Feature","properties":{"class":"alley","highway":"living_street","sidewalk":"unknown","lanes":0,"name":"시흥대로47길","oneway":false},"geometry":{"type":"LineString","coordinates":[[126.90062,37.44981],[126.90057,37.45018],[126.90077,37.45048]]}},{"type":"Feature","properties":{"class":"minor","highway":"residential","sidewalk":"unknown","lanes":0,"name":"","oneway":false},"geometry":{"type":"LineString","coordinates":[[126.90211,37.44276],[126.90254,37.44182],[126.90264,37.44166],[126.90281,37.4415],[126.90289,37.44143]]}},{"type":"Feature","properties":{"class":"major","highway":"secondary","sidewalk":"likely","lanes":4,"name":"금하로","oneway":false},"geometry":{"type":"LineString","coordinates":[[126.91451,37.45004],[126.9152,37.45022],[126.91524,37.45022],[126.91544,37.45025],[126.9156,37.45023],[126.91602,37.45006],[126.91616,37.45],[126.91676,37.44986],[126.91737,37.44979],[126.91757,37.44978],[126.91784,37.4498],[126.91796,37.44982],[126.9196,37.44999],[126.91996,37.45],[126.92011,37.45],[126.92026,37.45001],[126.92045,37.45],[126.92092,37.44992],[126.92093,37.44994],[126.92094,37.44996],[126.92094,37.44998]]}},{"type":"Feature","properties":{"class":"alley","highway":"living_street","sidewalk":"unknown","lanes":0,"name":"은행나무로7길","oneway":false},"geometry":{"type":"LineString","coordinates":[[126.90543,37.4508],[126.90534,37.45087],[126.90531,37.45089],[126.90476,37.45091],[126.9047,37.4509],[126.90432,37.45084]]}},{"type":"Feature","properties":{"class":"alley","highway":"service","sidewalk":"unknown","lanes":0,"name":"","oneway":true},"geometry":{"type":"LineString","coordinates":[[126.90074,37.45131],[126.90063,37.45132],[126.90059,37.45134],[126.90055,37.45136],[126.90021,37.4522],[126.9002,37.45224],[126.90023,37.45231],[126.90025,37.45235],[126.90028,37.45238],[126.90035,37.4524],[126.90084,37.45248],[126.90092,37.45248]]}},{"type":"Feature","properties":{"class":"alley","highway":"pedestrian","sidewalk":"unknown","lanes":0,"name":"시흥대로58길","oneway":false},"geometry":{"type":"LineString","coordinates":[[126.90185,37.45376],[126.9024,37.45375],[126.90292,37.45375],[126.90311,37.45374],[126.90341,37.45374]]}},{"type":"Feature","properties":{"class":"minor","highway":"residential","sidewalk":"unknown","lanes":0,"name":"시흥대로52길","oneway":true},"geometry":{"type":"LineString","coordinates":[[126.90145,37.45478],[126.90148,37.45471],[126.90151,37.45463],[126.90169,37.45417],[126.90179,37.45392],[126.90185,37.45376],[126.90209,37.45313],[126.90214,37.45301],[126.90234,37.4525]]}},{"type":"Feature","properties":{"class":"alley","highway":"living_street","sidewalk":"unknown","lanes":0,"name":"시흥대로","oneway":false},"geometry":{"type":"LineString","coordinates":[[126.90141,37.45284],[126.90153,37.45287],[126.90214,37.45301]]}},{"type":"Feature","properties":{"class":"alley","highway":"living_street","sidewalk":"unknown","lanes":0,"name":"독산로23길","oneway":false},"geometry":{"type":"LineString","coordinates":[[126.90374,37.45411],[126.90397,37.4541],[126.90412,37.45411],[126.90418,37.45411],[126.90427,37.45412],[126.90441,37.45415],[126.90447,37.45431]]}},{"type":"Feature","properties":{"class":"alley","highway":"service","sidewalk":"unknown","lanes":0,"name":"독산로21길","oneway":false},"geometry":{"type":"LineString","coordinates":[[126.90447,37.45371],[126.90451,37.45404]]}},{"type":"Feature","properties":{"class":"alley","highway":"service","sidewalk":"unknown","lanes":0,"name":"","oneway":false},"geometry":{"type":"LineString","coordinates":[[126.90415,37.45371],[126.90417,37.45393]]}},{"type":"Feature","properties":{"class":"alley","highway":"living_street","sidewalk":"unknown","lanes":0,"name":"독산로21길","oneway":false},"geometry":{"type":"LineString","coordinates":[[126.90494,37.45371],[126.90494,37.45385],[126.90511,37.45418]]}},{"type":"Feature","properties":{"class":"minor","highway":"residential","sidewalk":"unknown","lanes":0,"name":"시흥대로36길","oneway":true},"geometry":{"type":"LineString","coordinates":[[126.90713,37.44246],[126.90709,37.44249],[126.90708,37.44269],[126.90706,37.44272],[126.90694,37.44286],[126.90666,37.44318],[126.90664,37.4432],[126.90606,37.44387],[126.90604,37.44389],[126.90574,37.44424],[126.90547,37.44409],[126.90542,37.44406],[126.90535,37.44402],[126.90509,37.44387],[126.90507,37.44386]]}},{"type":"Feature","properties":{"class":"minor","highway":"residential","sidewalk":"unknown","lanes":0,"name":"시흥대로28길","oneway":false},"geometry":{"type":"LineString","coordinates":[[126.90448,37.44234],[126.90594,37.4424],[126.90646,37.44243],[126.90713,37.44246]]}},{"type":"Feature","properties":{"class":"major","highway":"secondary_link","sidewalk":"likely","lanes":0,"name":"","oneway":true},"geometry":{"type":"LineString","coordinates":[[126.9081,37.45135],[126.90814,37.45129],[126.90819,37.45124],[126.90824,37.4512],[126.90828,37.45113],[126.90829,37.45109],[126.90828,37.45106],[126.90826,37.45103],[126.90823,37.45099]]}},{"type":"Feature","properties":{"class":"major","highway":"secondary_link","sidewalk":"likely","lanes":0,"name":"","oneway":true},"geometry":{"type":"LineString","coordinates":[[126.90824,37.4512],[126.90849,37.45107]]}},{"type":"Feature","properties":{"class":"alley","highway":"living_street","sidewalk":"unknown","lanes":0,"name":"시흥대로51길","oneway":false},"geometry":{"type":"LineString","coordinates":[[126.90122,37.45028],[126.90127,37.45036],[126.90109,37.45084]]}},{"type":"Feature","properties":{"class":"minor","highway":"residential","sidewalk":"unknown","lanes":0,"name":"","oneway":true},"geometry":{"type":"LineString","coordinates":[[126.90077,37.44616],[126.90078,37.44616],[126.9008,37.44616],[126.90082,37.44617],[126.90084,37.44618],[126.90085,37.4462],[126.90086,37.44622],[126.90087,37.44624],[126.90086,37.44627],[126.90085,37.44629],[126.90084,37.44631],[126.90081,37.44632],[126.90078,37.44633],[126.90075,37.44633],[126.90072,37.44633],[126.9007,37.44632],[126.90068,37.44631],[126.90066,37.44629],[126.90065,37.44627],[126.90065,37.44626],[126.90065,37.44624],[126.90065,37.44622],[126.90065,37.44621],[126.90066,37.4462],[126.90067,37.44619],[126.90068,37.44618],[126.90069,37.44617],[126.90071,37.44616],[126.90073,37.44616],[126.90075,37.44616],[126.90077,37.44616]]}},{"type":"Feature","properties":{"class":"alley","highway":"service","sidewalk":"unknown","lanes":0,"name":"","oneway":false},"geometry":{"type":"LineString","coordinates":[[126.9019,37.44674],[126.90186,37.4468],[126.90182,37.44691]]}},{"type":"Feature","properties":{"class":"alley","highway":"service","sidewalk":"unknown","lanes":0,"name":"","oneway":false},"geometry":{"type":"LineString","coordinates":[[126.9019,37.44674],[126.90198,37.44652],[126.90202,37.44644],[126.90204,37.44641],[126.90208,37.44639]]}},{"type":"Feature","properties":{"class":"alley","highway":"service","sidewalk":"unknown","lanes":0,"name":"","oneway":false},"geometry":{"type":"LineString","coordinates":[[126.90068,37.44618],[126.90031,37.44609],[126.90032,37.44607],[126.90042,37.44582],[126.9006,37.44588]]}},{"type":"Feature","properties":{"class":"alley","highway":"service","sidewalk":"unknown","lanes":0,"name":"","oneway":false},"geometry":{"type":"LineString","coordinates":[[126.90081,37.44556],[126.90072,37.44548],[126.90064,37.44545]]}},{"type":"Feature","properties":{"class":"minor","highway":"residential","sidewalk":"unknown","lanes":0,"name":"","oneway":true},"geometry":{"type":"LineString","coordinates":[[126.90053,37.44643],[126.90062,37.44633],[126.90065,37.44624]]}},{"type":"Feature","properties":{"class":"alley","highway":"service","sidewalk":"unknown","lanes":0,"name":"","oneway":false},"geometry":{"type":"LineString","coordinates":[[126.90168,37.44013],[126.90183,37.43967],[126.90216,37.43886]]}},{"type":"Feature","properties":{"class":"alley","highway":"service","sidewalk":"unknown","lanes":0,"name":"","oneway":false},"geometry":{"type":"LineString","coordinates":[[126.89995,37.44672],[126.90005,37.44691],[126.89991,37.44736],[126.89975,37.44746],[126.8995,37.44749],[126.89937,37.44748]]}},{"type":"Feature","properties":{"class":"minor","highway":"residential","sidewalk":"unknown","lanes":0,"name":"","oneway":false},"geometry":{"type":"LineString","coordinates":[[126.90053,37.44643],[126.90035,37.44651],[126.90024,37.44657],[126.89995,37.44672],[126.89929,37.44659],[126.89905,37.44653],[126.89898,37.4465],[126.89897,37.44647],[126.89897,37.44644],[126.899,37.44637]]}},{"type":"Feature","properties":{"class":"minor","highway":"residential","sidewalk":"unknown","lanes":0,"name":"","oneway":false},"geometry":{"type":"LineString","coordinates":[[126.9196,37.44999],[126.91961,37.44979],[126.91958,37.44971],[126.91955,37.44967],[126.9194,37.44954],[126.91935,37.4495],[126.91927,37.44944],[126.91888,37.44926],[126.91873,37.44915],[126.91867,37.44908],[126.91825,37.44871],[126.91822,37.44868],[126.91799,37.44847],[126.91778,37.44827],[126.91736,37.44789],[126.91733,37.44784],[126.91732,37.44779],[126.91734,37.44774],[126.91741,37.44768],[126.91813,37.4472],[126.91862,37.44768],[126.9188,37.44784],[126.91927,37.44801],[126.91929,37.44802],[126.91939,37.44807],[126.91948,37.44814],[126.91979,37.44845],[126.91995,37.44862],[126.92014,37.44899],[126.92023,37.44911],[126.92061,37.44945],[126.92065,37.44949],[126.92078,37.44966],[126.92084,37.44983],[126.92092,37.44992]]}},{"type":"Feature","properties":{"class":"alley","highway":"service","sidewalk":"unknown","lanes":0,"name":"","oneway":true},"geometry":{"type":"LineString","coordinates":[[126.90245,37.44253],[126.90265,37.4426],[126.90291,37.44269]]}},{"type":"Feature","properties":{"class":"alley","highway":"service","sidewalk":"unknown","lanes":0,"name":"","oneway":true},"geometry":{"type":"LineString","coordinates":[[126.90321,37.44382],[126.90322,37.44393],[126.90322,37.44397],[126.90319,37.44399],[126.90316,37.44402],[126.90304,37.44403]]}},{"type":"Feature","properties":{"class":"alley","highway":"service","sidewalk":"unknown","lanes":0,"name":"","oneway":false},"geometry":{"type":"LineString","coordinates":[[126.90314,37.44382],[126.90302,37.44291],[126.90303,37.44281],[126.90306,37.44268]]}},{"type":"Feature","properties":{"class":"alley","highway":"service","sidewalk":"unknown","lanes":0,"name":"","oneway":false},"geometry":{"type":"LineString","coordinates":[[126.90178,37.44394],[126.90163,37.44281]]}},{"type":"Feature","properties":{"class":"alley","highway":"service","sidewalk":"unknown","lanes":0,"name":"","oneway":false},"geometry":{"type":"LineString","coordinates":[[126.90139,37.44742],[126.90143,37.44734],[126.90147,37.44725]]}},{"type":"Feature","properties":{"class":"alley","highway":"service","sidewalk":"unknown","lanes":0,"name":"","oneway":false},"geometry":{"type":"LineString","coordinates":[[126.904,37.45271],[126.90405,37.4527],[126.90411,37.45268]]}},{"type":"Feature","properties":{"class":"alley","highway":"pedestrian","sidewalk":"unknown","lanes":0,"name":"시흥대로61길","oneway":false},"geometry":{"type":"LineString","coordinates":[[126.90047,37.45422],[126.90011,37.4541]]}},{"type":"Feature","properties":{"class":"alley","highway":"living_street","sidewalk":"unknown","lanes":0,"name":"금하로14길","oneway":false},"geometry":{"type":"LineString","coordinates":[[126.90406,37.45233],[126.90357,37.45251],[126.90354,37.45249],[126.90339,37.4524],[126.90293,37.45238]]}},{"type":"Feature","properties":{"class":"alley","highway":"living_street","sidewalk":"unknown","lanes":0,"name":"시흥대로50길","oneway":false},"geometry":{"type":"LineString","coordinates":[[126.90359,37.45158],[126.90351,37.45178],[126.9035,37.45179],[126.90351,37.45181],[126.90376,37.45204],[126.90389,37.45213],[126.90407,37.45221]]}},{"type":"Feature","properties":{"class":"alley","highway":"service","sidewalk":"unknown","lanes":0,"name":"시흥대로41길","oneway":false},"geometry":{"type":"LineString","coordinates":[[126.90096,37.4504],[126.90082,37.45075]]}},{"type":"Feature","properties":{"class":"alley","highway":"living_street","sidewalk":"unknown","lanes":0,"name":"시흥대로57길","oneway":false},"geometry":{"type":"LineString","coordinates":[[126.90006,37.45254],[126.89928,37.4525]]}},{"type":"Feature","properties":{"class":"alley","highway":"service","sidewalk":"unknown","lanes":0,"name":"","oneway":false},"geometry":{"type":"LineString","coordinates":[[126.90156,37.44969],[126.90177,37.44974]]}},{"type":"Feature","properties":{"class":"alley","highway":"service","sidewalk":"unknown","lanes":0,"name":"금하로23라길","oneway":false},"geometry":{"type":"LineString","coordinates":[[126.90961,37.45439],[126.90927,37.45448]]}},{"type":"Feature","properties":{"class":"minor","highway":"residential","sidewalk":"unknown","lanes":0,"name":"시흥대로57길","oneway":false},"geometry":{"type":"LineString","coordinates":[[126.90006,37.45254],[126.90002,37.45321]]}},{"type":"Feature","properties":{"class":"alley","highway":"service","sidewalk":"unknown","lanes":0,"name":"","oneway":false},"geometry":{"type":"LineString","coordinates":[[126.90238,37.44577],[126.9023,37.44575],[126.90221,37.44574]]}},{"type":"Feature","properties":{"class":"alley","highway":"service","sidewalk":"unknown","lanes":0,"name":"","oneway":false},"geometry":{"type":"LineString","coordinates":[[126.90355,37.44643],[126.90344,37.44636],[126.90279,37.44609]]}},{"type":"Feature","properties":{"class":"alley","highway":"living_street","sidewalk":"unknown","lanes":0,"name":"시흥대로","oneway":false},"geometry":{"type":"LineString","coordinates":[[126.90362,37.44608],[126.9035,37.44608],[126.9029,37.44604]]}},{"type":"Feature","properties":{"class":"alley","highway":"living_street","sidewalk":"unknown","lanes":0,"name":"시흥대로61길","oneway":false},"geometry":{"type":"LineString","coordinates":[[126.90012,37.45407],[126.90004,37.45404],[126.89961,37.45389],[126.89955,37.45399],[126.89935,37.4539],[126.89785,37.45327]]}},{"type":"Feature","properties":{"class":"alley","highway":"service","sidewalk":"unknown","lanes":0,"name":"","oneway":false},"geometry":{"type":"LineString","coordinates":[[126.90209,37.45313],[126.90188,37.45309]]}},{"type":"Feature","properties":{"class":"alley","highway":"service","sidewalk":"unknown","lanes":0,"name":"금하로","oneway":false},"geometry":{"type":"LineString","coordinates":[[126.90953,37.45125],[126.90956,37.45082],[126.90957,37.45074]]}},{"type":"Feature","properties":{"class":"major","highway":"secondary","sidewalk":"likely","lanes":4,"name":"금하로","oneway":false},"geometry":{"type":"LineString","coordinates":[[126.91237,37.45008],[126.91246,37.45008],[126.91298,37.45006],[126.9137,37.45005],[126.9138,37.45005],[126.9143,37.45004]]}},{"type":"Feature","properties":{"class":"major","highway":"primary","sidewalk":"likely","lanes":4,"name":"시흥대로","oneway":true},"geometry":{"type":"LineString","coordinates":[[126.89946,37.45718],[126.90014,37.45541],[126.90034,37.4549],[126.90043,37.45468]]}},{"type":"Feature","properties":{"class":"major","highway":"tertiary","sidewalk":"likely","lanes":0,"name":"탑골로","oneway":false},"geometry":{"type":"LineString","coordinates":[[126.91754,37.45344],[126.91758,37.45348],[126.9177,37.45356],[126.91782,37.45364],[126.91798,37.45372],[126.91812,37.45377],[126.91829,37.45378],[126.91846,37.45378],[126.91869,37.45379],[126.9188,37.45382],[126.91892,37.45388],[126.91903,37.45398],[126.91913,37.45411],[126.9192,37.45416],[126.91928,37.45417],[126.91935,37.45414],[126.91997,37.45375],[126.92,37.45371],[126.92004,37.45366],[126.92029,37.45318],[126.92069,37.45255],[126.9207,37.45253],[126.92074,37.45245],[126.92083,37.45233]]}},{"type":"Feature","properties":{"class":"major","highway":"secondary","sidewalk":"likely","lanes":4,"name":"금하로","oneway":false},"geometry":{"type":"LineString","coordinates":[[126.90976,37.45068],[126.90992,37.45064],[126.91048,37.45057],[126.91117,37.45049],[126.91127,37.45047],[126.91145,37.45041],[126.91157,37.45037],[126.91204,37.4502],[126.91216,37.45016],[126.91237,37.45008]]}},{"type":"Feature","properties":{"class":"major","highway":"primary","sidewalk":"likely","lanes":5,"name":"시흥대로","oneway":true},"geometry":{"type":"LineString","coordinates":[[126.9012,37.45336],[126.90112,37.45357],[126.90093,37.45407],[126.9009,37.45414],[126.90067,37.45474]]}},{"type":"Feature","properties":{"class":"major","highway":"primary","sidewalk":"likely","lanes":4,"name":"시흥대로","oneway":true},"geometry":{"type":"LineString","coordinates":[[126.90157,37.45171],[126.90164,37.45151],[126.90167,37.45145],[126.9017,37.45136],[126.90215,37.45019],[126.90219,37.4501]]}},{"type":"Feature","properties":{"class":"minor","highway":"residential","sidewalk":"unknown","lanes":6,"name":"시흥대로51길","oneway":false},"geometry":{"type":"LineString","coordinates":[[126.90183,37.45139],[126.90179,37.45138],[126.9017,37.45136],[126.90156,37.45133],[126.90146,37.45131]]}},{"type":"Feature","properties":{"class":"major","highway":"tertiary","sidewalk":"likely","lanes":0,"name":"탑골로","oneway":false},"geometry":{"type":"LineString","coordinates":[[126.91054,37.45137],[126.91064,37.45151],[126.91073,37.45161],[126.91077,37.45164],[126.91094,37.45175],[126.91108,37.45184],[126.91117,37.45188],[126.91123,37.45191],[126.9113,37.45192],[126.91133,37.45192],[126.91137,37.45192],[126.91152,37.45191],[126.91167,37.4519],[126.91231,37.45186],[126.91316,37.45177],[126.91334,37.45181],[126.91383,37.45194],[126.91401,37.45195],[126.91411,37.45194],[126.91418,37.45194],[126.91438,37.45198],[126.91498,37.45211],[126.91545,37.45222],[126.91552,37.45223],[126.91565,37.45227],[126.91581,37.45229],[126.91591,37.45229],[126.916,37.45229],[126.91612,37.4523],[126.91619,37.45231],[126.91624,37.45234],[126.91628,37.45241],[126.91635,37.45253],[126.91641,37.45258],[126.91644,37.45262],[126.91649,37.45266],[126.91656,37.45271],[126.91665,37.45276],[126.91675,37.45282]]}},{"type":"Feature","properties":{"class":"minor","highway":"residential","sidewalk":"unknown","lanes":0,"name":"탑골로2길","oneway":false},"geometry":{"type":"LineString","coordinates":[[126.9126,37.45089],[126.91285,37.45076],[126.91299,37.45069],[126.9131,37.45064],[126.91332,37.45055],[126.91354,37.45043],[126.91393,37.45023],[126.91409,37.45015],[126.9143,37.45004]]}},{"type":"Feature","properties":{"class":"major","highway":"tertiary","sidewalk":"likely","lanes":0,"name":"금하로29길","oneway":false},"geometry":{"type":"LineString","coordinates":[[126.9126,37.45089],[126.91271,37.45107],[126.91297,37.45145],[126.91315,37.45174],[126.91316,37.45177]]}},{"type":"Feature","properties":{"class":"major","highway":"tertiary","sidewalk":"likely","lanes":0,"name":"시흥대로40길","oneway":false},"geometry":{"type":"LineString","coordinates":[[126.90541,37.44756],[126.90573,37.44753],[126.90606,37.4475],[126.90625,37.44748],[126.90672,37.44743],[126.90682,37.44742],[126.9069,37.4474],[126.90702,37.44736],[126.90711,37.44733],[126.90725,37.44728],[126.90735,37.44726],[126.90762,37.44723],[126.90767,37.4469],[126.9077,37.44674],[126.90776,37.44666],[126.90786,37.44661],[126.9086,37.4463],[126.909,37.44627],[126.9093,37.44627],[126.90967,37.4464],[126.91003,37.44665],[126.91008,37.44669],[126.9102,37.44676],[126.91052,37.44685],[126.91072,37.44688],[126.91081,37.44692],[126.9109,37.44697],[126.91115,37.44726],[126.91122,37.4475],[126.91135,37.44799],[126.91137,37.44831]]}},{"type":"Feature","properties":{"class":"minor","highway":"residential","sidewalk":"unknown","lanes":0,"name":"독산로2길","oneway":false},"geometry":{"type":"LineString","coordinates":[[126.90381,37.44867],[126.90383,37.44861],[126.90409,37.44796],[126.90421,37.44764],[126.90423,37.4476]]}},{"type":"Feature","properties":{"class":"major","highway":"primary","sidewalk":"likely","lanes":5,"name":"시흥대로","oneway":true},"geometry":{"type":"LineString","coordinates":[[126.90346,37.44239],[126.90344,37.44225]]}},{"type":"Feature","properties":{"class":"major","highway":"primary","sidewalk":"likely","lanes":4,"name":"시흥대로","oneway":true},"geometry":{"type":"LineString","coordinates":[[126.9035,37.44743],[126.90319,37.44824],[126.90319,37.44825],[126.90317,37.4483],[126.90309,37.4485]]}},{"type":"Feature","properties":{"class":"major","highway":"secondary","sidewalk":"likely","lanes":4,"name":"금하로","oneway":false},"geometry":{"type":"LineString","coordinates":[[126.9143,37.45004],[126.91443,37.45004],[126.91451,37.45004]]}},{"type":"Feature","properties":{"class":"minor","highway":"residential","sidewalk":"unknown","lanes":0,"name":"시흥대로26길","oneway":true},"geometry":{"type":"LineString","coordinates":[[126.90442,37.44179],[126.90596,37.44182],[126.90767,37.44186]]}},{"type":"Feature","properties":{"class":"alley","highway":"service","sidewalk":"unknown","lanes":0,"name":"","oneway":false},"geometry":{"type":"LineString","coordinates":[[126.90512,37.4404],[126.90511,37.44086]]}},{"type":"Feature","properties":{"class":"alley","highway":"service","sidewalk":"unknown","lanes":0,"name":"","oneway":false},"geometry":{"type":"LineString","coordinates":[[126.90488,37.4404],[126.90488,37.44085]]}},{"type":"Feature","properties":{"class":"alley","highway":"service","sidewalk":"unknown","lanes":0,"name":"","oneway":true},"geometry":{"type":"LineString","coordinates":[[126.90566,37.44091],[126.90566,37.44071],[126.90599,37.44071]]}},{"type":"Feature","properties":{"class":"major","highway":"primary","sidewalk":"likely","lanes":4,"name":"시흥대로","oneway":true},"geometry":{"type":"LineString","coordinates":[[126.90372,37.44238],[126.90373,37.44244],[126.90376,37.44261],[126.90391,37.44357],[126.90391,37.44362],[126.90391,37.44375]]}},{"type":"Feature","properties":{"class":"major","highway":"primary","sidewalk":"likely","lanes":4,"name":"시흥대로","oneway":true},"geometry":{"type":"LineString","coordinates":[[126.90332,37.43888],[126.90335,37.43913],[126.9035,37.44038],[126.90351,37.44051],[126.90359,37.44117]]}},{"type":"Feature","properties":{"class":"major","highway":"primary","sidewalk":"likely","lanes":5,"name":"시흥대로","oneway":true},"geometry":{"type":"LineString","coordinates":[[126.90329,37.44724],[126.90333,37.44711],[126.90352,37.44656],[126.90355,37.44643],[126.9036,37.44624],[126.90362,37.44608],[126.90367,37.44583],[126.90371,37.44554],[126.90373,37.4454],[126.90374,37.44523],[126.90374,37.44506],[126.90374,37.4449],[126.90374,37.44452],[126.90369,37.44393]]}},{"type":"Feature","properties":{"class":"major","highway":"primary","sidewalk":"likely","lanes":4,"name":"시흥대로","oneway":true},"geometry":{"type":"LineString","coordinates":[[126.90219,37.4501],[126.90223,37.44998],[126.90225,37.44995],[126.9023,37.44982],[126.90245,37.4494],[126.90268,37.44882],[126.90272,37.44872],[126.90274,37.44866],[126.90276,37.44862],[126.90283,37.44844]]}},{"type":"Feature","properties":{"class":"major","highway":"primary","sidewalk":"likely","lanes":5,"name":"시흥대로","oneway":true},"geometry":{"type":"LineString","coordinates":[[126.90295,37.44887],[126.90295,37.44888],[126.9026,37.44976],[126.90256,37.44988],[126.90251,37.45001],[126.9024,37.45029],[126.90204,37.45121],[126.90203,37.45124]]}},{"type":"Feature","properties":{"class":"major","highway":"primary","sidewalk":"likely","lanes":4,"name":"시흥대로","oneway":true},"geometry":{"type":"LineString","coordinates":[[126.90392,37.44593],[126.90389,37.44608],[126.90386,37.44625],[126.90381,37.44651],[126.90371,37.44679],[126.90359,37.44717],[126.90354,37.44731],[126.9035,37.44743]]}},{"type":"Feature","properties":{"class":"major","highway":"primary","sidewalk":"likely","lanes":5,"name":"시흥대로","oneway":true},"geometry":{"type":"LineString","coordinates":[[126.90203,37.45124],[126.90199,37.45133],[126.90196,37.45142],[126.90192,37.45151],[126.90161,37.45231],[126.90146,37.45269],[126.90143,37.45277],[126.90141,37.45284],[126.9012,37.45336]]}},{"type":"Feature","properties":{"class":"major","highway":"primary","sidewalk":"likely","lanes":4,"name":"시흥대로","oneway":true},"geometry":{"type":"LineString","coordinates":[[126.90068,37.45402],[126.90083,37.45363],[126.90116,37.45278],[126.90118,37.45272],[126.90124,37.45256],[126.90135,37.45227],[126.90138,37.4522]]}},{"type":"Feature","properties":{"class":"major","highway":"primary","sidewalk":"likely","lanes":4,"name":"시흥대로","oneway":true},"geometry":{"type":"LineString","coordinates":[[126.90138,37.4522],[126.90157,37.45171]]}},{"type":"Feature","properties":{"class":"minor","highway":"residential","sidewalk":"unknown","lanes":0,"name":"시흥대로12길","oneway":true},"geometry":{"type":"LineString","coordinates":[[126.90603,37.43934],[126.9068,37.43976],[126.90718,37.43997],[126.90723,37.44],[126.90728,37.44005],[126.90726,37.44019],[126.90733,37.44039],[126.90734,37.44043]]}},{"type":"Feature","properties":{"class":"minor","highway":"residential","sidewalk":"unknown","lanes":0,"name":"시흥대로38길","oneway":false},"geometry":{"type":"LineString","coordinates":[[126.90464,37.44369],[126.90467,37.44393],[126.90474,37.44447],[126.90475,37.44456],[126.90478,37.44482]]}},{"type":"Feature","properties":{"class":"minor","highway":"residential","sidewalk":"unknown","lanes":0,"name":"시흥대로36길","oneway":false},"geometry":{"type":"LineString","coordinates":[[126.90464,37.44369],[126.90475,37.44368],[126.90507,37.44386]]}},{"type":"Feature","properties":{"class":"minor","highway":"residential","sidewalk":"unknown","lanes":2,"name":"시흥대로51길","oneway":false},"geometry":{"type":"LineString","coordinates":[[126.90073,37.45115],[126.90059,37.45113],[126.90047,37.4511],[126.90038,37.45108],[126.90034,37.45108],[126.90015,37.45103],[126.89988,37.45097],[126.89978,37.45094],[126.89968,37.45092],[126.89955,37.45092],[126.89948,37.45093],[126.8994,37.45094],[126.89929,37.45096],[126.8992,37.45099],[126.89912,37.45103],[126.89897,37.45113],[126.89885,37.45119],[126.8988,37.45121],[126.89871,37.45125],[126.89858,37.45129],[126.89844,37.45131],[126.89836,37.45132],[126.89814,37.45133],[126.89798,37.45134],[126.8978,37.45139],[126.89774,37.45141],[126.89755,37.45145],[126.89742,37.45147],[126.89728,37.45146],[126.89713,37.45143],[126.89687,37.45138],[126.89669,37.45134],[126.89666,37.45133],[126.89662,37.4513],[126.8966,37.45127]]}},{"type":"Feature","properties":{"class":"minor","highway":"residential","sidewalk":"unknown","lanes":2,"name":"시흥대로51길","oneway":true},"geometry":{"type":"LineString","coordinates":[[126.90073,37.45115],[126.90089,37.45114],[126.90097,37.45116],[126.90104,37.45118],[126.90134,37.45125],[126.90146,37.45131]]}},{"type":"Feature","properties":{"class":"minor","highway":"residential","sidewalk":"unknown","lanes":0,"name":"시흥대로51길","oneway":true},"geometry":{"type":"LineString","coordinates":[[126.90146,37.45131],[126.9013,37.45133]]}},{"type":"Feature","properties":{"class":"alley","highway":"service","sidewalk":"unknown","lanes":0,"name":"","oneway":false},"geometry":{"type":"LineString","coordinates":[[126.90293,37.44384],[126.90304,37.44497],[126.90216,37.44504],[126.9013,37.44511],[126.90115,37.444]]}},{"type":"Feature","properties":{"class":"alley","highway":"service","sidewalk":"unknown","lanes":0,"name":"","oneway":false},"geometry":{"type":"LineString","coordinates":[[126.90201,37.44392],[126.90216,37.44504],[126.90219,37.44527],[126.90307,37.4452],[126.90304,37.44497]]}},{"type":"Feature","properties":{"class":"alley","highway":"service","sidewalk":"unknown","lanes":0,"name":"","oneway":false},"geometry":{"type":"LineString","coordinates":[[126.90111,37.44285],[126.90171,37.44143]]}},{"type":"Feature","properties":{"class":"alley","highway":"service","sidewalk":"unknown","lanes":0,"name":"","oneway":false},"geometry":{"type":"LineString","coordinates":[[126.9005,37.44275],[126.90021,37.44278]]}},{"type":"Feature","properties":{"class":"alley","highway":"service","sidewalk":"unknown","lanes":0,"name":"","oneway":false},"geometry":{"type":"LineString","coordinates":[[126.90026,37.44293],[126.90021,37.44278],[126.90019,37.4427],[126.9004,37.44225]]}},{"type":"Feature","properties":{"class":"alley","highway":"service","sidewalk":"unknown","lanes":0,"name":"","oneway":false},"geometry":{"type":"LineString","coordinates":[[126.90111,37.444],[126.90096,37.44287]]}},{"type":"Feature","properties":{"class":"alley","highway":"service","sidewalk":"unknown","lanes":0,"name":"","oneway":true},"geometry":{"type":"LineString","coordinates":[[126.90109,37.44423],[126.90103,37.44424],[126.90101,37.44423],[126.901,37.44423],[126.90096,37.44422],[126.90094,37.4442],[126.9009,37.44416],[126.90089,37.44412],[126.90087,37.44402]]}},{"type":"Feature","properties":{"class":"alley","highway":"service","sidewalk":"unknown","lanes":0,"name":"","oneway":false},"geometry":{"type":"LineString","coordinates":[[126.90881,37.44981],[126.90874,37.44981],[126.90875,37.44995],[126.90882,37.44995],[126.90881,37.44981]]}},{"type":"Feature","properties":{"class":"minor","highway":"residential","sidewalk":"unknown","lanes":0,"name":"","oneway":true},"geometry":{"type":"LineString","coordinates":[[126.90606,37.44387],[126.90672,37.44384]]}},{"type":"Feature","properties":{"class":"minor","highway":"residential","sidewalk":"unknown","lanes":0,"name":"","oneway":true},"geometry":{"type":"LineString","coordinates":[[126.90673,37.44403],[126.90611,37.44405],[126.9061,37.44393],[126.90604,37.44389]]}},{"type":"Feature","properties":{"class":"minor","highway":"residential","sidewalk":"unknown","lanes":0,"name":"","oneway":false},"geometry":{"type":"LineString","coordinates":[[126.90672,37.44384],[126.90673,37.44403],[126.90674,37.44422],[126.90675,37.44441]]}},{"type":"Feature","properties":{"class":"alley","highway":"service","sidewalk":"unknown","lanes":0,"name":"","oneway":false},"geometry":{"type":"LineString","coordinates":[[126.90674,37.44422],[126.906,37.44426]]}},{"type":"Feature","properties":{"class":"alley","highway":"service","sidewalk":"unknown","lanes":0,"name":"","oneway":false},"geometry":{"type":"LineString","coordinates":[[126.90674,37.44422],[126.90727,37.44419],[126.90739,37.44419],[126.90738,37.44401],[126.90673,37.44403]]}},{"type":"Feature","properties":{"class":"alley","highway":"service","sidewalk":"unknown","lanes":0,"name":"","oneway":false},"geometry":{"type":"LineString","coordinates":[[126.90672,37.44384],[126.9071,37.44381],[126.90709,37.44369],[126.90699,37.44362],[126.90637,37.44365]]}},{"type":"Feature","properties":{"class":"alley","highway":"service","sidewalk":"unknown","lanes":0,"name":"","oneway":false},"geometry":{"type":"LineString","coordinates":[[126.90727,37.44419],[126.90722,37.44439]]}},{"type":"Feature","properties":{"class":"alley","highway":"service","sidewalk":"unknown","lanes":0,"name":"","oneway":false},"geometry":{"type":"LineString","coordinates":[[126.90675,37.44441],[126.90668,37.44442],[126.90634,37.44443]]}},{"type":"Feature","properties":{"class":"alley","highway":"service","sidewalk":"unknown","lanes":0,"name":"","oneway":false},"geometry":{"type":"LineString","coordinates":[[126.90675,37.44441],[126.90722,37.44439]]}},{"type":"Feature","properties":{"class":"alley","highway":"service","sidewalk":"unknown","lanes":0,"name":"","oneway":false},"geometry":{"type":"LineString","coordinates":[[126.90716,37.44458],[126.90669,37.44461],[126.90668,37.44442]]}},{"type":"Feature","properties":{"class":"alley","highway":"service","sidewalk":"unknown","lanes":0,"name":"","oneway":false},"geometry":{"type":"LineString","coordinates":[[126.90711,37.44478],[126.90668,37.4448]]}},{"type":"Feature","properties":{"class":"alley","highway":"service","sidewalk":"unknown","lanes":0,"name":"","oneway":false},"geometry":{"type":"LineString","coordinates":[[126.90701,37.44516],[126.90668,37.44517],[126.90667,37.445],[126.90705,37.44498]]}},{"type":"Feature","properties":{"class":"alley","highway":"service","sidewalk":"unknown","lanes":0,"name":"","oneway":false},"geometry":{"type":"LineString","coordinates":[[126.90666,37.44318],[126.90698,37.44347],[126.90714,37.44337]]}},{"type":"Feature","properties":{"class":"alley","highway":"service","sidewalk":"unknown","lanes":0,"name":"","oneway":false},"geometry":{"type":"LineString","coordinates":[[126.90685,37.44309],[126.90714,37.44337],[126.90755,37.44375]]}},{"type":"Feature","properties":{"class":"alley","highway":"service","sidewalk":"unknown","lanes":0,"name":"","oneway":false},"geometry":{"type":"LineString","coordinates":[[126.90722,37.44439],[126.90716,37.44458],[126.90711,37.44478],[126.90705,37.44498],[126.90701,37.44516]]}},{"type":"Feature","properties":{"class":"alley","highway":"service","sidewalk":"unknown","lanes":0,"name":"","oneway":false},"geometry":{"type":"LineString","coordinates":[[126.90706,37.44272],[126.90712,37.44276],[126.90723,37.44284],[126.90726,37.44286],[126.90739,37.44295],[126.90743,37.44298],[126.90758,37.44309]]}},{"type":"Feature","properties":{"class":"alley","highway":"service","sidewalk":"unknown","lanes":0,"name":"","oneway":false},"geometry":{"type":"LineString","coordinates":[[126.90726,37.44286],[126.90705,37.44305]]}},{"type":"Feature","properties":{"class":"alley","highway":"service","sidewalk":"unknown","lanes":0,"name":"","oneway":false},"geometry":{"type":"LineString","coordinates":[[126.90723,37.44284],[126.90752,37.44261]]}},{"type":"Feature","properties":{"class":"alley","highway":"service","sidewalk":"unknown","lanes":0,"name":"","oneway":false},"geometry":{"type":"LineString","coordinates":[[126.90739,37.44295],[126.90767,37.44271]]}},{"type":"Feature","properties":{"class":"alley","highway":"service","sidewalk":"unknown","lanes":0,"name":"","oneway":false},"geometry":{"type":"LineString","coordinates":[[126.90743,37.44298],[126.90717,37.4432]]}},{"type":"Feature","properties":{"class":"alley","highway":"service","sidewalk":"unknown","lanes":0,"name":"","oneway":false},"geometry":{"type":"LineString","coordinates":[[126.90758,37.44309],[126.9073,37.44334]]}},{"type":"Feature","properties":{"class":"alley","highway":"service","sidewalk":"unknown","lanes":0,"name":"","oneway":false},"geometry":{"type":"LineString","coordinates":[[126.90758,37.44309],[126.90774,37.44295]]}},{"type":"Feature","properties":{"class":"alley","highway":"service","sidewalk":"unknown","lanes":0,"name":"시흥대로36길","oneway":false},"geometry":{"type":"LineString","coordinates":[[126.90633,37.44301],[126.90645,37.44308],[126.90651,37.44312]]}},{"type":"Feature","properties":{"class":"alley","highway":"living_street","sidewalk":"unknown","lanes":0,"name":"시흥대로36길","oneway":false},"geometry":{"type":"LineString","coordinates":[[126.90694,37.44286],[126.90681,37.44277],[126.90675,37.44277],[126.9066,37.4428]]}},{"type":"Feature","properties":{"class":"alley","highway":"service","sidewalk":"unknown","lanes":0,"name":"","oneway":false},"geometry":{"type":"LineString","coordinates":[[126.90755,37.442],[126.90775,37.44209],[126.90781,37.44205]]}},{"type":"Feature","properties":{"class":"alley","highway":"service","sidewalk":"unknown","lanes":0,"name":"","oneway":false},"geometry":{"type":"LineString","coordinates":[[126.90745,37.44211],[126.90776,37.44223],[126.90778,37.44218]]}},{"type":"Feature","properties":{"class":"alley","highway":"service","sidewalk":"unknown","lanes":0,"name":"독산로21길","oneway":false},"geometry":{"type":"LineString","coordinates":[[126.90451,37.45407],[126.90453,37.45424]]}},{"type":"Feature","properties":{"class":"alley","highway":"pedestrian","sidewalk":"unknown","lanes":0,"name":"","oneway":false},"geometry":{"type":"LineString","coordinates":[[126.9002,37.45491],[126.89974,37.45482]]}},{"type":"Feature","properties":{"class":"alley","highway":"living_street","sidewalk":"unknown","lanes":0,"name":"시흥대로62길","oneway":false},"geometry":{"type":"LineString","coordinates":[[126.90144,37.45529],[126.90166,37.45516],[126.90184,37.4551],[126.90192,37.45504],[126.90223,37.45505]]}},{"type":"Feature","properties":{"class":"alley","highway":"service","sidewalk":"unknown","lanes":0,"name":"시흥대로62길","oneway":false},"geometry":{"type":"LineString","coordinates":[[126.90155,37.45542],[126.90228,37.45537]]}},{"type":"Feature","properties":{"class":"alley","highway":"service","sidewalk":"unknown","lanes":0,"name":"금하로9길","oneway":false},"geometry":{"type":"LineString","coordinates":[[126.90226,37.45526],[126.90186,37.45529]]}},{"type":"Feature","properties":{"class":"alley","highway":"living_street","sidewalk":"unknown","lanes":0,"name":"독산로1길","oneway":false},"geometry":{"type":"LineString","coordinates":[[126.9034,37.44976],[126.904,37.44991]]}},{"type":"Feature","properties":{"class":"alley","highway":"living_street","sidewalk":"unknown","lanes":0,"name":"독산로3길","oneway":false},"geometry":{"type":"LineString","coordinates":[[126.90416,37.44946],[126.90472,37.44959]]}},{"type":"Feature","properties":{"class":"alley","highway":"living_street","sidewalk":"unknown","lanes":0,"name":"독산로1길","oneway":false},"geometry":{"type":"LineString","coordinates":[[126.90349,37.44952],[126.90409,37.44967]]}},{"type":"Feature","properties":{"class":"alley","highway":"living_street","sidewalk":"unknown","lanes":0,"name":"독산로3길","oneway":false},"geometry":{"type":"LineString","coordinates":[[126.9048,37.44935],[126.90424,37.44923]]}},{"type":"Feature","properties":{"class":"alley","highway":"living_street","sidewalk":"unknown","lanes":0,"name":"독산로3길","oneway":false},"geometry":{"type":"LineString","coordinates":[[126.9042,37.44936],[126.90394,37.44929]]}},{"type":"Feature","properties":{"class":"alley","highway":"service","sidewalk":"unknown","lanes":0,"name":"독산로1길","oneway":false},"geometry":{"type":"LineString","coordinates":[[126.90356,37.44932],[126.90373,37.44936]]}},{"type":"Feature","properties":{"class":"alley","highway":"service","sidewalk":"unknown","lanes":0,"name":"독산로","oneway":false},"geometry":{"type":"LineString","coordinates":[[126.90411,37.44874],[126.90401,37.44902]]}},{"type":"Feature","properties":{"class":"alley","highway":"service","sidewalk":"unknown","lanes":0,"name":"독산로3길","oneway":false},"geometry":{"type":"LineString","coordinates":[[126.90428,37.44914],[126.90413,37.4491]]}},{"type":"Feature","properties":{"class":"alley","highway":"living_street","sidewalk":"unknown","lanes":0,"name":"독산로7길","oneway":false},"geometry":{"type":"LineString","coordinates":[[126.90492,37.44997],[126.90499,37.45023],[126.90487,37.45046],[126.90482,37.45055]]}},{"type":"Feature","properties":{"class":"alley","highway":"living_street","sidewalk":"unknown","lanes":0,"name":"독산로7길","oneway":false},"geometry":{"type":"LineString","coordinates":[[126.90523,37.44991],[126.90533,37.45025],[126.90515,37.45059],[126.9051,37.45069]]}},{"type":"Feature","properties":{"class":"alley","highway":"service","sidewalk":"unknown","lanes":0,"name":"독산로5길","oneway":false},"geometry":{"type":"LineString","coordinates":[[126.9047,37.44966],[126.90485,37.44969]]}},{"type":"Feature","properties":{"class":"alley","highway":"living_street","sidewalk":"unknown","lanes":0,"name":"시흥대로50길","oneway":false},"geometry":{"type":"LineString","coordinates":[[126.9035,37.45156],[126.90367,37.45115]]}},{"type":"Feature","properties":{"class":"alley","highway":"service","sidewalk":"unknown","lanes":0,"name":"시흥대로50길","oneway":false},"geometry":{"type":"LineString","coordinates":[[126.90376,37.45204],[126.90341,37.45205]]}},{"type":"Feature","properties":{"class":"alley","highway":"living_street","sidewalk":"unknown","lanes":0,"name":"시흥대로50길","oneway":false},"geometry":{"type":"LineString","coordinates":[[126.90391,37.45166],[126.90376,37.45204]]}},{"type":"Feature","properties":{"class":"alley","highway":"service","sidewalk":"unknown","lanes":0,"name":"금하로14길","oneway":false},"geometry":{"type":"LineString","coordinates":[[126.90354,37.45249],[126.9036,37.4522]]}},{"type":"Feature","properties":{"class":"alley","highway":"service","sidewalk":"unknown","lanes":0,"name":"금하로14길","oneway":false},"geometry":{"type":"LineString","coordinates":[[126.90354,37.45249],[126.90345,37.45253]]}},{"type":"Feature","properties":{"class":"alley","highway":"living_street","sidewalk":"unknown","lanes":0,"name":"시흥대로56길","oneway":false},"geometry":{"type":"LineString","coordinates":[[126.90318,37.45271],[126.90309,37.45293]]}},{"type":"Feature","properties":{"class":"alley","highway":"service","sidewalk":"unknown","lanes":0,"name":"시흥대로58길","oneway":false},"geometry":{"type":"LineString","coordinates":[[126.90311,37.45374],[126.9031,37.45341]]}},{"type":"Feature","properties":{"class":"alley","highway":"service","sidewalk":"unknown","lanes":0,"name":"시흥대로58길","oneway":false},"geometry":{"type":"LineString","coordinates":[[126.90292,37.45375],[126.90292,37.45341]]}},{"type":"Feature","properties":{"class":"alley","highway":"service","sidewalk":"unknown","lanes":0,"name":"시흥대로48길","oneway":false},"geometry":{"type":"LineString","coordinates":[[126.90365,37.45072],[126.90347,37.45068]]}},{"type":"Feature","properties":{"class":"alley","highway":"living_street","sidewalk":"unknown","lanes":0,"name":"은행나무로","oneway":false},"geometry":{"type":"LineString","coordinates":[[126.9047,37.4509],[126.90472,37.4506],[126.90473,37.45051]]}},{"type":"Feature","properties":{"class":"alley","highway":"service","sidewalk":"unknown","lanes":0,"name":"시흥대로48길","oneway":false},"geometry":{"type":"LineString","coordinates":[[126.90477,37.45144],[126.9049,37.45112]]}},{"type":"Feature","properties":{"class":"alley","highway":"service","sidewalk":"unknown","lanes":0,"name":"독산로","oneway":false},"geometry":{"type":"LineString","coordinates":[[126.90535,37.45136],[126.90567,37.4514],[126.90588,37.45139],[126.90594,37.45139]]}},{"type":"Feature","properties":{"class":"alley","highway":"living_street","sidewalk":"unknown","lanes":0,"name":"독산로2길","oneway":false},"geometry":{"type":"LineString","coordinates":[[126.90409,37.44796],[126.90413,37.44798],[126.90463,37.44813]]}},{"type":"Feature","properties":{"class":"alley","highway":"service","sidewalk":"unknown","lanes":0,"name":"독산로4길","oneway":false},"geometry":{"type":"LineString","coordinates":[[126.90455,37.44836],[126.90433,37.4483]]}},{"type":"Feature","properties":{"class":"alley","highway":"living_street","sidewalk":"unknown","lanes":0,"name":"독산로4길","oneway":false},"geometry":{"type":"LineString","coordinates":[[126.90454,37.44839],[126.90506,37.44858]]}},{"type":"Feature","properties":{"class":"alley","highway":"living_street","sidewalk":"unknown","lanes":0,"name":"독산로6가길","oneway":false},"geometry":{"type":"LineString","coordinates":[[126.90575,37.4487],[126.90557,37.44877],[126.9055,37.44889]]}},{"type":"Feature","properties":{"class":"alley","highway":"service","sidewalk":"unknown","lanes":0,"name":"독산로6길","oneway":false},"geometry":{"type":"LineString","coordinates":[[126.90499,37.4488],[126.90524,37.44885],[126.90534,37.44887]]}},{"type":"Feature","properties":{"class":"alley","highway":"service","sidewalk":"unknown","lanes":0,"name":"","oneway":false},"geometry":{"type":"LineString","coordinates":[[126.90524,37.44885],[126.9053,37.44871]]}},{"type":"Feature","properties":{"class":"alley","highway":"living_street","sidewalk":"unknown","lanes":0,"name":"독산로4길","oneway":false},"geometry":{"type":"LineString","coordinates":[[126.90469,37.44797],[126.90492,37.44802]]}},{"type":"Feature","properties":{"class":"alley","highway":"service","sidewalk":"unknown","lanes":0,"name":"독산로6가길","oneway":false},"geometry":{"type":"LineString","coordinates":[[126.9053,37.44849],[126.90535,37.44831]]}},{"type":"Feature","properties":{"class":"alley","highway":"service","sidewalk":"unknown","lanes":0,"name":"독산로6길","oneway":false},"geometry":{"type":"LineString","coordinates":[[126.90529,37.4479],[126.90544,37.44793]]}},{"type":"Feature","properties":{"class":"alley","highway":"service","sidewalk":"unknown","lanes":0,"name":"시흥대로40나길","oneway":false},"geometry":{"type":"LineString","coordinates":[[126.90587,37.44801],[126.90568,37.44797]]}},{"type":"Feature","properties":{"class":"alley","highway":"service","sidewalk":"unknown","lanes":0,"name":"시흥대로40나길","oneway":false},"geometry":{"type":"LineString","coordinates":[[126.90595,37.44779],[126.90575,37.44773]]}},{"type":"Feature","properties":{"class":"alley","highway":"living_street","sidewalk":"unknown","lanes":0,"name":"시흥대로40라길","oneway":false},"geometry":{"type":"LineString","coordinates":[[126.90695,37.4481],[126.90641,37.44797],[126.9065,37.44771],[126.90704,37.44784]]}},{"type":"Feature","properties":{"class":"alley","highway":"living_street","sidewalk":"unknown","lanes":0,"name":"시흥대로40라길","oneway":false},"geometry":{"type":"LineString","coordinates":[[126.90687,37.44823],[126.90626,37.44807]]}},{"type":"Feature","properties":{"class":"alley","highway":"living_street","sidewalk":"unknown","lanes":0,"name":"시흥대로40라길","oneway":false},"geometry":{"type":"LineString","coordinates":[[126.90658,37.44854],[126.9065,37.44839],[126.90626,37.44834]]}},{"type":"Feature","properties":{"class":"alley","highway":"service","sidewalk":"unknown","lanes":0,"name":"","oneway":false},"geometry":{"type":"LineString","coordinates":[[126.9061,37.44869],[126.90617,37.44845],[126.90633,37.44848],[126.9064,37.4486]]}},{"type":"Feature","properties":{"class":"alley","highway":"living_street","sidewalk":"unknown","lanes":0,"name":"독산로8가길","oneway":false},"geometry":{"type":"LineString","coordinates":[[126.90791,37.44953],[126.90756,37.44953],[126.90744,37.44953],[126.90722,37.44952],[126.90714,37.44952],[126.90702,37.44951],[126.90698,37.44951],[126.90684,37.4494],[126.90671,37.44915]]}},{"type":"Feature","properties":{"class":"alley","highway":"living_street","sidewalk":"unknown","lanes":0,"name":"은행나무로10길","oneway":false},"geometry":{"type":"LineString","coordinates":[[126.90702,37.44951],[126.90703,37.44961],[126.90636,37.44978]]}},{"type":"Feature","properties":{"class":"alley","highway":"service","sidewalk":"unknown","lanes":0,"name":"독산로8가길","oneway":false},"geometry":{"type":"LineString","coordinates":[[126.90744,37.44953],[126.90746,37.44921]]}},{"type":"Feature","properties":{"class":"alley","highway":"living_street","sidewalk":"unknown","lanes":0,"name":"독산로8가길","oneway":false},"geometry":{"type":"LineString","coordinates":[[126.90756,37.44953],[126.90754,37.44981]]}},{"type":"Feature","properties":{"class":"alley","highway":"living_street","sidewalk":"unknown","lanes":0,"name":"독산로","oneway":false},"geometry":{"type":"LineString","coordinates":[[126.906,37.44905],[126.90537,37.44938]]}},{"type":"Feature","properties":{"class":"alley","highway":"service","sidewalk":"unknown","lanes":0,"name":"독산로10길","oneway":false},"geometry":{"type":"LineString","coordinates":[[126.90697,37.45012],[126.90699,37.44988]]}},{"type":"Feature","properties":{"class":"alley","highway":"service","sidewalk":"unknown","lanes":0,"name":"은행나무로12길","oneway":false},"geometry":{"type":"LineString","coordinates":[[126.9079,37.45049],[126.9074,37.45045],[126.90735,37.45045]]}},{"type":"Feature","properties":{"class":"alley","highway":"service","sidewalk":"unknown","lanes":0,"name":"은행나무로10길","oneway":false},"geometry":{"type":"LineString","coordinates":[[126.90668,37.45053],[126.907,37.45053],[126.90712,37.45057]]}},{"type":"Feature","properties":{"class":"alley","highway":"living_street","sidewalk":"unknown","lanes":0,"name":"은행나무로","oneway":false},"geometry":{"type":"LineString","coordinates":[[126.90724,37.45042],[126.90712,37.45057],[126.90711,37.45061],[126.9071,37.45063],[126.90721,37.45072],[126.90723,37.45074],[126.90727,37.45083]]}},{"type":"Feature","properties":{"class":"alley","highway":"living_street","sidewalk":"unknown","lanes":0,"name":"금하로","oneway":false},"geometry":{"type":"LineString","coordinates":[[126.90744,37.45112],[126.90747,37.45138],[126.90757,37.45158]]}},{"type":"Feature","properties":{"class":"alley","highway":"living_street","sidewalk":"unknown","lanes":0,"name":"금하로","oneway":false},"geometry":{"type":"LineString","coordinates":[[126.90698,37.45139],[126.90694,37.45118]]}},{"type":"Feature","properties":{"class":"alley","highway":"service","sidewalk":"unknown","lanes":0,"name":"독산로","oneway":false},"geometry":{"type":"LineString","coordinates":[[126.90647,37.45153],[126.90644,37.4514],[126.90634,37.45118],[126.90627,37.4512],[126.90619,37.45122],[126.90606,37.45123]]}},{"type":"Feature","properties":{"class":"alley","highway":"service","sidewalk":"unknown","lanes":0,"name":"금하로","oneway":false},"geometry":{"type":"LineString","coordinates":[[126.90747,37.45138],[126.90698,37.45139]]}},{"type":"Feature","properties":{"class":"alley","highway":"living_street","sidewalk":"unknown","lanes":0,"name":"은행나무로","oneway":false},"geometry":{"type":"LineString","coordinates":[[126.90627,37.4512],[126.90626,37.45082]]}},{"type":"Feature","properties":{"class":"alley","highway":"service","sidewalk":"unknown","lanes":0,"name":"독산로10길","oneway":false},"geometry":{"type":"LineString","coordinates":[[126.90735,37.45045],[126.90739,37.4506],[126.90721,37.45072]]}},{"type":"Feature","properties":{"class":"alley","highway":"living_street","sidewalk":"unknown","lanes":0,"name":"독산로","oneway":false},"geometry":{"type":"LineString","coordinates":[[126.90667,37.45048],[126.90633,37.45056],[126.90588,37.4506]]}},{"type":"Feature","properties":{"class":"alley","highway":"service","sidewalk":"unknown","lanes":0,"name":"은행나무로10길","oneway":false},"geometry":{"type":"LineString","coordinates":[[126.90653,37.45025],[126.90641,37.45028],[126.90625,37.45034]]}},{"type":"Feature","properties":{"class":"alley","highway":"service","sidewalk":"unknown","lanes":0,"name":"독산로10길","oneway":false},"geometry":{"type":"LineString","coordinates":[[126.90641,37.45028],[126.90639,37.45024],[126.90614,37.45024],[126.90609,37.4501]]}},{"type":"Feature","properties":{"class":"alley","highway":"service","sidewalk":"unknown","lanes":0,"name":"은행나무로10길","oneway":false},"geometry":{"type":"LineString","coordinates":[[126.90634,37.4497],[126.90608,37.44976]]}},{"type":"Feature","properties":{"class":"alley","highway":"service","sidewalk":"unknown","lanes":0,"name":"","oneway":false},"geometry":{"type":"LineString","coordinates":[[126.90722,37.44952],[126.90721,37.44964]]}},{"type":"Feature","properties":{"class":"alley","highway":"service","sidewalk":"unknown","lanes":0,"name":"독산로8가길","oneway":false},"geometry":{"type":"LineString","coordinates":[[126.90714,37.44952],[126.90715,37.44929]]}},{"type":"Feature","properties":{"class":"alley","highway":"service","sidewalk":"unknown","lanes":0,"name":"독산로8길","oneway":false},"geometry":{"type":"LineString","coordinates":[[126.90697,37.44894],[126.90706,37.44909]]}},{"type":"Feature","properties":{"class":"alley","highway":"service","sidewalk":"unknown","lanes":0,"name":"독산로6가길","oneway":false},"geometry":{"type":"LineString","coordinates":[[126.9061,37.44921],[126.9063,37.44912],[126.90628,37.449],[126.90649,37.44884]]}},{"type":"Feature","properties":{"class":"alley","highway":"service","sidewalk":"unknown","lanes":0,"name":"독산로8길","oneway":false},"geometry":{"type":"LineString","coordinates":[[126.90693,37.44898],[126.90678,37.44887]]}},{"type":"Feature","properties":{"class":"alley","highway":"service","sidewalk":"unknown","lanes":0,"name":"독산로8길","oneway":false},"geometry":{"type":"LineString","coordinates":[[126.90714,37.44881],[126.90701,37.44869],[126.90701,37.44851],[126.90704,37.44846]]}},{"type":"Feature","properties":{"class":"alley","highway":"living_street","sidewalk":"unknown","lanes":0,"name":"금하로","oneway":false},"geometry":{"type":"LineString","coordinates":[[126.90482,37.45297],[126.90489,37.45304],[126.905,37.45316],[126.905,37.45335],[126.90474,37.45335],[126.9046,37.45321],[126.90453,37.45314]]}},{"type":"Feature","properties":{"class":"alley","highway":"service","sidewalk":"unknown","lanes":0,"name":"독산로21길","oneway":false},"geometry":{"type":"LineString","coordinates":[[126.90517,37.45371],[126.90517,37.45349]]}},{"type":"Feature","properties":{"class":"alley","highway":"service","sidewalk":"unknown","lanes":0,"name":"금하로15길","oneway":false},"geometry":{"type":"LineString","coordinates":[[126.90537,37.45317],[126.90564,37.45316]]}},{"type":"Feature","properties":{"class":"alley","highway":"service","sidewalk":"unknown","lanes":0,"name":"금하로15길","oneway":false},"geometry":{"type":"LineString","coordinates":[[126.90535,37.45298],[126.90558,37.45297]]}},{"type":"Feature","properties":{"class":"alley","highway":"service","sidewalk":"unknown","lanes":0,"name":"독산로","oneway":false},"geometry":{"type":"LineString","coordinates":[[126.90608,37.45296],[126.906,37.45297],[126.90581,37.45298]]}},{"type":"Feature","properties":{"class":"alley","highway":"service","sidewalk":"unknown","lanes":0,"name":"독산로","oneway":false},"geometry":{"type":"LineString","coordinates":[[126.90607,37.45277],[126.90598,37.45277],[126.9058,37.45279]]}},{"type":"Feature","properties":{"class":"alley","highway":"living_street","sidewalk":"unknown","lanes":0,"name":"독산로","oneway":false},"geometry":{"type":"LineString","coordinates":[[126.90539,37.45339],[126.90604,37.45335],[126.90612,37.45334]]}},{"type":"Feature","properties":{"class":"alley","highway":"service","sidewalk":"unknown","lanes":0,"name":"독산로21길","oneway":false},"geometry":{"type":"LineString","coordinates":[[126.90431,37.45371],[126.90432,37.4539]]}},{"type":"Feature","properties":{"class":"alley","highway":"service","sidewalk":"unknown","lanes":0,"name":"독산로21길","oneway":false},"geometry":{"type":"LineString","coordinates":[[126.90588,37.4537],[126.90587,37.45386],[126.90571,37.45386]]}},{"type":"Feature","properties":{"class":"alley","highway":"service","sidewalk":"unknown","lanes":0,"name":"독산로21길","oneway":false},"geometry":{"type":"LineString","coordinates":[[126.90541,37.45371],[126.90541,37.45384]]}},{"type":"Feature","properties":{"class":"alley","highway":"living_street","sidewalk":"unknown","lanes":0,"name":"금하로9길","oneway":false},"geometry":{"type":"LineString","coordinates":[[126.90325,37.45417],[126.90308,37.45435],[126.90298,37.45441],[126.90249,37.4547],[126.9022,37.45486]]}},{"type":"Feature","properties":{"class":"alley","highway":"service","sidewalk":"unknown","lanes":0,"name":"시흥대로62가길","oneway":false},"geometry":{"type":"LineString","coordinates":[[126.90314,37.45508],[126.90298,37.4549],[126.90298,37.45441]]}},{"type":"Feature","properties":{"class":"alley","highway":"living_street","sidewalk":"unknown","lanes":0,"name":"독산로25길","oneway":false},"geometry":{"type":"LineString","coordinates":[[126.90317,37.45586],[126.90327,37.45547]]}},{"type":"Feature","properties":{"class":"alley","highway":"living_street","sidewalk":"unknown","lanes":0,"name":"독산로25길","oneway":false},"geometry":{"type":"LineString","coordinates":[[126.90347,37.45591],[126.90358,37.45552]]}},{"type":"Feature","properties":{"class":"alley","highway":"living_street","sidewalk":"unknown","lanes":0,"name":"독산로29길","oneway":false},"geometry":{"type":"LineString","coordinates":[[126.90397,37.45599],[126.904,37.45584]]}},{"type":"Feature","properties":{"class":"alley","highway":"living_street","sidewalk":"unknown","lanes":0,"name":"독산로29길","oneway":false},"geometry":{"type":"LineString","coordinates":[[126.90402,37.456],[126.90391,37.45645]]}},{"type":"Feature","properties":{"class":"alley","highway":"living_street","sidewalk":"unknown","lanes":0,"name":"시흥대로40길","oneway":false},"geometry":{"type":"LineString","coordinates":[[126.90837,37.44725],[126.90832,37.44696],[126.90832,37.44692],[126.90848,37.44669],[126.9085,37.44668],[126.90852,37.44667],[126.90861,37.44662],[126.90884,37.44652],[126.90894,37.44646],[126.90897,37.4464],[126.909,37.44627]]}},{"type":"Feature","properties":{"class":"alley","highway":"living_street","sidewalk":"unknown","lanes":0,"name":"금하로24길","oneway":false},"geometry":{"type":"LineString","coordinates":[[126.9094,37.44695],[126.90899,37.44683],[126.9085,37.44668]]}},{"type":"Feature","properties":{"class":"alley","highway":"living_street","sidewalk":"unknown","lanes":0,"name":"시흥대로40마길","oneway":false},"geometry":{"type":"LineString","coordinates":[[126.90873,37.44736],[126.90886,37.44709]]}},{"type":"Feature","properties":{"class":"alley","highway":"living_street","sidewalk":"unknown","lanes":0,"name":"독산로8다길","oneway":false},"geometry":{"type":"LineString","coordinates":[[126.90802,37.4478],[126.90812,37.44833],[126.90808,37.44843]]}},{"type":"Feature","properties":{"class":"minor","highway":"residential","sidewalk":"unknown","lanes":0,"name":"","oneway":false},"geometry":{"type":"LineString","coordinates":[[126.9,37.4497],[126.90002,37.44943],[126.89993,37.44887],[126.89988,37.44872]]}},{"type":"Feature","properties":{"class":"minor","highway":"residential","sidewalk":"unknown","lanes":0,"name":"시흥대로64길","oneway":false},"geometry":{"type":"LineString","coordinates":[[126.90117,37.45551],[126.90102,37.45592],[126.90086,37.45632],[126.90085,37.45635],[126.90071,37.45673]]}},{"type":"Feature","properties":{"class":"alley","highway":"living_street","sidewalk":"unknown","lanes":0,"name":"독산로40길","oneway":false},"geometry":{"type":"LineString","coordinates":[[126.90633,37.45994],[126.90654,37.45997],[126.90668,37.46001],[126.90672,37.46005],[126.90638,37.46058]]}},{"type":"Feature","properties":{"class":"major","highway":"tertiary","sidewalk":"likely","lanes":0,"name":"독산로32길","oneway":false},"geometry":{"type":"LineString","coordinates":[[126.90793,37.45803],[126.90781,37.45789],[126.9077,37.45772]]}},{"type":"Feature","properties":{"class":"alley","highway":"living_street","sidewalk":"unknown","lanes":0,"name":"독산로32길","oneway":false},"geometry":{"type":"LineString","coordinates":[[126.90793,37.45803],[126.90822,37.45785]]}},{"type":"Feature","properties":{"class":"minor","highway":"residential","sidewalk":"unknown","lanes":0,"name":"독산로32길","oneway":false},"geometry":{"type":"LineString","coordinates":[[126.90689,37.45753],[126.90697,37.45759],[126.90702,37.45763],[126.9073,37.45791],[126.9076,37.45822],[126.90781,37.45843]]}},{"type":"Feature","properties":{"class":"alley","highway":"living_street","sidewalk":"unknown","lanes":0,"name":"독산로32나길","oneway":false},"geometry":{"type":"LineString","coordinates":[[126.90781,37.45843],[126.90809,37.45846],[126.90817,37.45845]]}},{"type":"Feature","properties":{"class":"alley","highway":"living_street","sidewalk":"unknown","lanes":0,"name":"독산로28길","oneway":false},"geometry":{"type":"LineString","coordinates":[[126.90747,37.45643],[126.90745,37.45678]]}},{"type":"Feature","properties":{"class":"alley","highway":"living_street","sidewalk":"unknown","lanes":0,"name":"","oneway":false},"geometry":{"type":"LineString","coordinates":[[126.90725,37.45738],[126.90724,37.45739],[126.90721,37.45743],[126.90697,37.45759]]}},{"type":"Feature","properties":{"class":"alley","highway":"living_street","sidewalk":"unknown","lanes":0,"name":"독산로28길","oneway":false},"geometry":{"type":"LineString","coordinates":[[126.90718,37.45639],[126.90726,37.45616],[126.9073,37.45613],[126.90738,37.45612],[126.9076,37.45611],[126.90783,37.45611]]}},{"type":"Feature","properties":{"class":"alley","highway":"living_street","sidewalk":"unknown","lanes":0,"name":"독산로28길","oneway":false},"geometry":{"type":"LineString","coordinates":[[126.90783,37.45611],[126.90789,37.45611],[126.90792,37.45614],[126.90779,37.45647]]}},{"type":"Feature","properties":{"class":"alley","highway":"living_street","sidewalk":"unknown","lanes":0,"name":"독산로28길","oneway":false},"geometry":{"type":"LineString","coordinates":[[126.90747,37.45643],[126.9076,37.45611]]}},{"type":"Feature","properties":{"class":"alley","highway":"service","sidewalk":"unknown","lanes":0,"name":"","oneway":false},"geometry":{"type":"LineString","coordinates":[[126.90744,37.45563],[126.90747,37.45581],[126.90752,37.45584],[126.90813,37.45579]]}},{"type":"Feature","properties":{"class":"alley","highway":"living_street","sidewalk":"unknown","lanes":0,"name":"독산로24길","oneway":false},"geometry":{"type":"LineString","coordinates":[[126.90916,37.45539],[126.90962,37.45542]]}},{"type":"Feature","properties":{"class":"alley","highway":"living_street","sidewalk":"unknown","lanes":0,"name":"독산로24길","oneway":false},"geometry":{"type":"LineString","coordinates":[[126.90916,37.45539],[126.90917,37.45531],[126.90922,37.45484]]}},{"type":"Feature","properties":{"class":"minor","highway":"residential","sidewalk":"unknown","lanes":0,"name":"독산로38길","oneway":true},"geometry":{"type":"LineString","coordinates":[[126.90546,37.46096],[126.90566,37.45998]]}},{"type":"Feature","properties":{"class":"minor","highway":"residential","sidewalk":"unknown","lanes":0,"name":"독산로50다길","oneway":false},"geometry":{"type":"LineString","coordinates":[[126.91074,37.46057],[126.91054,37.46056],[126.91025,37.46061],[126.91012,37.46061],[126.90979,37.46052],[126.90934,37.46041],[126.90898,37.46034],[126.90858,37.46004],[126.90849,37.45999],[126.90839,37.45995],[126.90828,37.45993],[126.90819,37.45992]]}},{"type":"Feature","properties":{"class":"alley","highway":"service","sidewalk":"unknown","lanes":0,"name":"","oneway":false},"geometry":{"type":"LineString","coordinates":[[126.9194,37.44954],[126.9191,37.44975],[126.91892,37.44973],[126.91855,37.44969],[126.91874,37.44956],[126.91892,37.44973]]}},{"type":"Feature","properties":{"class":"alley","highway":"service","sidewalk":"unknown","lanes":0,"name":"","oneway":false},"geometry":{"type":"LineString","coordinates":[[126.91822,37.44868],[126.91795,37.44885],[126.91778,37.4487],[126.91765,37.44878],[126.91754,37.44884],[126.91769,37.44898]]}},{"type":"Feature","properties":{"class":"alley","highway":"service","sidewalk":"unknown","lanes":0,"name":"","oneway":false},"geometry":{"type":"LineString","coordinates":[[126.91765,37.44878],[126.91778,37.44889]]}},{"type":"Feature","properties":{"class":"alley","highway":"service","sidewalk":"unknown","lanes":0,"name":"","oneway":false},"geometry":{"type":"LineString","coordinates":[[126.91795,37.44885],[126.91799,37.44889],[126.91781,37.44902]]}},{"type":"Feature","properties":{"class":"alley","highway":"service","sidewalk":"unknown","lanes":0,"name":"","oneway":false},"geometry":{"type":"LineString","coordinates":[[126.91867,37.44908],[126.91842,37.44926],[126.91829,37.44914],[126.91817,37.44922],[126.91808,37.44929],[126.91822,37.44941]]}},{"type":"Feature","properties":{"class":"alley","highway":"service","sidewalk":"unknown","lanes":0,"name":"","oneway":false},"geometry":{"type":"LineString","coordinates":[[126.91817,37.44922],[126.91831,37.44934]]}},{"type":"Feature","properties":{"class":"alley","highway":"service","sidewalk":"unknown","lanes":0,"name":"","oneway":false},"geometry":{"type":"LineString","coordinates":[[126.91842,37.44926],[126.91848,37.44932],[126.91821,37.4495],[126.91831,37.4496],[126.91833,37.44962],[126.91836,37.44964],[126.91841,37.44966]]}},{"type":"Feature","properties":{"class":"alley","highway":"service","sidewalk":"unknown","lanes":0,"name":"","oneway":false},"geometry":{"type":"LineString","coordinates":[[126.91778,37.44827],[126.91755,37.44844],[126.91742,37.44853],[126.91739,37.44854],[126.91734,37.44855],[126.9173,37.44853],[126.91715,37.44841],[126.91706,37.44847],[126.91679,37.44865],[126.91665,37.44853],[126.91673,37.44847]]}},{"type":"Feature","properties":{"class":"alley","highway":"service","sidewalk":"unknown","lanes":0,"name":"","oneway":false},"geometry":{"type":"LineString","coordinates":[[126.91715,37.44841],[126.91719,37.44839]]}},{"type":"Feature","properties":{"class":"alley","highway":"service","sidewalk":"unknown","lanes":0,"name":"","oneway":false},"geometry":{"type":"LineString","coordinates":[[126.91706,37.44847],[126.91689,37.44832]]}},{"type":"Feature","properties":{"class":"alley","highway":"service","sidewalk":"unknown","lanes":0,"name":"","oneway":false},"geometry":{"type":"LineString","coordinates":[[126.91755,37.44844],[126.91737,37.44828],[126.91724,37.44836]]}},{"type":"Feature","properties":{"class":"minor","highway":"residential","sidewalk":"unknown","lanes":0,"name":"","oneway":false},"geometry":{"type":"LineString","coordinates":[[126.91813,37.4472],[126.91822,37.44714],[126.91813,37.44706],[126.9181,37.44703],[126.91805,37.44701],[126.918,37.447],[126.91796,37.44701],[126.9179,37.44704],[126.91739,37.44735],[126.91734,37.44737],[126.91727,37.44736],[126.91721,37.44732],[126.91716,37.44727],[126.91716,37.44721],[126.91717,37.44716],[126.91731,37.44705],[126.91747,37.44694],[126.91797,37.4466],[126.91829,37.44637]]}},{"type":"Feature","properties":{"class":"alley","highway":"service","sidewalk":"unknown","lanes":0,"name":"","oneway":false},"geometry":{"type":"LineString","coordinates":[[126.91731,37.44705],[126.91709,37.44685],[126.91725,37.44674],[126.91747,37.44694]]}},{"type":"Feature","properties":{"class":"alley","highway":"service","sidewalk":"unknown","lanes":0,"name":"","oneway":false},"geometry":{"type":"LineString","coordinates":[[126.91797,37.4466],[126.91789,37.44653],[126.91787,37.44651]]}},{"type":"Feature","properties":{"class":"alley","highway":"service","sidewalk":"unknown","lanes":0,"name":"","oneway":false},"geometry":{"type":"LineString","coordinates":[[126.91789,37.44653],[126.91798,37.44647]]}},{"type":"Feature","properties":{"class":"alley","highway":"service","sidewalk":"unknown","lanes":0,"name":"","oneway":false},"geometry":{"type":"LineString","coordinates":[[126.91787,37.44651],[126.91789,37.44649],[126.9178,37.44641],[126.91748,37.44664],[126.91758,37.44673],[126.91787,37.44651]]}},{"type":"Feature","properties":{"class":"alley","highway":"service","sidewalk":"unknown","lanes":0,"name":"","oneway":false},"geometry":{"type":"LineString","coordinates":[[126.91829,37.44637],[126.91818,37.44628],[126.9181,37.44621],[126.91792,37.44635]]}},{"type":"Feature","properties":{"class":"alley","highway":"service","sidewalk":"unknown","lanes":0,"name":"","oneway":false},"geometry":{"type":"LineString","coordinates":[[126.91818,37.44628],[126.91799,37.44643]]}},{"type":"Feature","properties":{"class":"alley","highway":"service","sidewalk":"unknown","lanes":0,"name":"","oneway":false},"geometry":{"type":"LineString","coordinates":[[126.9179,37.44704],[126.918,37.44714]]}},{"type":"Feature","properties":{"class":"alley","highway":"service","sidewalk":"unknown","lanes":0,"name":"","oneway":false},"geometry":{"type":"LineString","coordinates":[[126.91958,37.44971],[126.92,37.44946],[126.92012,37.44958]]}},{"type":"Feature","properties":{"class":"alley","highway":"service","sidewalk":"unknown","lanes":0,"name":"","oneway":false},"geometry":{"type":"LineString","coordinates":[[126.91935,37.4495],[126.91959,37.44935],[126.91975,37.44924],[126.91959,37.44909],[126.9195,37.44902],[126.9194,37.44909]]}},{"type":"Feature","properties":{"class":"alley","highway":"service","sidewalk":"unknown","lanes":0,"name":"","oneway":false},"geometry":{"type":"LineString","coordinates":[[126.91959,37.44909],[126.91948,37.44916]]}},{"type":"Feature","properties":{"class":"alley","highway":"service","sidewalk":"unknown","lanes":0,"name":"","oneway":false},"geometry":{"type":"LineString","coordinates":[[126.91959,37.44935],[126.91934,37.44913],[126.91937,37.44911]]}},{"type":"Feature","properties":{"class":"alley","highway":"service","sidewalk":"unknown","lanes":0,"name":"","oneway":false},"geometry":{"type":"LineString","coordinates":[[126.91873,37.44915],[126.91903,37.44894],[126.91927,37.44878]]}},{"type":"Feature","properties":{"class":"alley","highway":"service","sidewalk":"unknown","lanes":0,"name":"","oneway":false},"geometry":{"type":"LineString","coordinates":[[126.91903,37.44894],[126.91888,37.44881],[126.91874,37.44869]]}},{"type":"Feature","properties":{"class":"alley","highway":"service","sidewalk":"unknown","lanes":0,"name":"","oneway":false},"geometry":{"type":"LineString","coordinates":[[126.91888,37.44881],[126.91894,37.44876]]}},{"type":"Feature","properties":{"class":"alley","highway":"service","sidewalk":"unknown","lanes":0,"name":"","oneway":false},"geometry":{"type":"LineString","coordinates":[[126.91825,37.44871],[126.9184,37.44861],[126.91859,37.44848],[126.91882,37.44832],[126.91856,37.44807]]}},{"type":"Feature","properties":{"class":"alley","highway":"service","sidewalk":"unknown","lanes":0,"name":"","oneway":false},"geometry":{"type":"LineString","coordinates":[[126.91859,37.44848],[126.9185,37.44841]]}},{"type":"Feature","properties":{"class":"alley","highway":"service","sidewalk":"unknown","lanes":0,"name":"","oneway":false},"geometry":{"type":"LineString","coordinates":[[126.91826,37.44828],[126.91843,37.44845],[126.9185,37.44841],[126.91856,37.44836],[126.91838,37.44819],[126.91846,37.44814]]}},{"type":"Feature","properties":{"class":"alley","highway":"service","sidewalk":"unknown","lanes":0,"name":"","oneway":false},"geometry":{"type":"LineString","coordinates":[[126.9184,37.44861],[126.91812,37.44836],[126.91815,37.44833]]}},{"type":"Feature","properties":{"class":"alley","highway":"service","sidewalk":"unknown","lanes":0,"name":"","oneway":false},"geometry":{"type":"LineString","coordinates":[[126.91778,37.44827],[126.91806,37.44807],[126.91832,37.44789],[126.91826,37.44782],[126.91806,37.44764]]}},{"type":"Feature","properties":{"class":"alley","highway":"service","sidewalk":"unknown","lanes":0,"name":"","oneway":false},"geometry":{"type":"LineString","coordinates":[[126.91826,37.44782],[126.91812,37.44792],[126.91792,37.44773]]}},{"type":"Feature","properties":{"class":"alley","highway":"service","sidewalk":"unknown","lanes":0,"name":"","oneway":false},"geometry":{"type":"LineString","coordinates":[[126.91806,37.44807],[126.9179,37.44791],[126.9178,37.44781]]}},{"type":"Feature","properties":{"class":"alley","highway":"service","sidewalk":"unknown","lanes":0,"name":"","oneway":false},"geometry":{"type":"LineString","coordinates":[[126.9179,37.44791],[126.91797,37.44786]]}},{"type":"Feature","properties":{"class":"alley","highway":"service","sidewalk":"unknown","lanes":0,"name":"","oneway":false},"geometry":{"type":"LineString","coordinates":[[126.91979,37.44845],[126.91993,37.44835],[126.92018,37.44818],[126.9201,37.44812],[126.91989,37.44794]]}},{"type":"Feature","properties":{"class":"alley","highway":"service","sidewalk":"unknown","lanes":0,"name":"","oneway":false},"geometry":{"type":"LineString","coordinates":[[126.9201,37.44812],[126.92,37.44818],[126.91979,37.44799]]}},{"type":"Feature","properties":{"class":"alley","highway":"service","sidewalk":"unknown","lanes":0,"name":"","oneway":false},"geometry":{"type":"LineString","coordinates":[[126.91993,37.44835],[126.91976,37.4482],[126.91964,37.4481]]}},{"type":"Feature","properties":{"class":"alley","highway":"service","sidewalk":"unknown","lanes":0,"name":"","oneway":false},"geometry":{"type":"LineString","coordinates":[[126.91976,37.4482],[126.91983,37.44816]]}},{"type":"Feature","properties":{"class":"alley","highway":"service","sidewalk":"unknown","lanes":0,"name":"","oneway":false},"geometry":{"type":"LineString","coordinates":[[126.91927,37.44801],[126.91943,37.4479],[126.91968,37.44774],[126.91961,37.44768],[126.91942,37.4475]]}},{"type":"Feature","properties":{"class":"alley","highway":"service","sidewalk":"unknown","lanes":0,"name":"","oneway":false},"geometry":{"type":"LineString","coordinates":[[126.91961,37.44768],[126.91951,37.44774],[126.91931,37.44756]]}},{"type":"Feature","properties":{"class":"alley","highway":"service","sidewalk":"unknown","lanes":0,"name":"","oneway":false},"geometry":{"type":"LineString","coordinates":[[126.91943,37.4479],[126.91927,37.44777],[126.91916,37.44767]]}},{"type":"Feature","properties":{"class":"alley","highway":"service","sidewalk":"unknown","lanes":0,"name":"","oneway":false},"geometry":{"type":"LineString","coordinates":[[126.91927,37.44777],[126.91934,37.44772]]}},{"type":"Feature","properties":{"class":"alley","highway":"service","sidewalk":"unknown","lanes":0,"name":"","oneway":false},"geometry":{"type":"LineString","coordinates":[[126.91862,37.44768],[126.9188,37.44756],[126.91899,37.44743],[126.91919,37.44729],[126.91891,37.44705]]}},{"type":"Feature","properties":{"class":"alley","highway":"service","sidewalk":"unknown","lanes":0,"name":"","oneway":false},"geometry":{"type":"LineString","coordinates":[[126.91899,37.44743],[126.91891,37.44736]]}},{"type":"Feature","properties":{"class":"alley","highway":"service","sidewalk":"unknown","lanes":0,"name":"","oneway":false},"geometry":{"type":"LineString","coordinates":[[126.91886,37.44739],[126.91891,37.44736],[126.91897,37.44732],[126.91889,37.44725],[126.91877,37.44714],[126.91866,37.44721],[126.91886,37.44739]]}},{"type":"Feature","properties":{"class":"alley","highway":"service","sidewalk":"unknown","lanes":0,"name":"","oneway":false},"geometry":{"type":"LineString","coordinates":[[126.91889,37.44725],[126.91895,37.44721]]}},{"type":"Feature","properties":{"class":"alley","highway":"service","sidewalk":"unknown","lanes":0,"name":"","oneway":false},"geometry":{"type":"LineString","coordinates":[[126.9188,37.44756],[126.91864,37.44742],[126.91852,37.44732]]}},{"type":"Feature","properties":{"class":"alley","highway":"service","sidewalk":"unknown","lanes":0,"name":"","oneway":false},"geometry":{"type":"LineString","coordinates":[[126.91864,37.44742],[126.91871,37.44737]]}},{"type":"Feature","properties":{"class":"alley","highway":"service","sidewalk":"unknown","lanes":0,"name":"","oneway":false},"geometry":{"type":"LineString","coordinates":[[126.91822,37.44714],[126.91839,37.44703],[126.9183,37.44695]]}},{"type":"Feature","properties":{"class":"major","highway":"tertiary","sidewalk":"likely","lanes":4,"name":"은행나무로","oneway":false},"geometry":{"type":"LineString","coordinates":[[126.90589,37.45082],[126.90626,37.45082],[126.90671,37.45082],[126.90727,37.45083],[126.90743,37.45084],[126.90766,37.45086],[126.90782,37.45088],[126.90823,37.45099],[126.90849,37.45107],[126.90861,37.45113]]}},{"type":"Feature","properties":{"class":"major","highway":"secondary","sidewalk":"likely","lanes":4,"name":"독산로","oneway":false},"geometry":{"type":"LineString","coordinates":[[126.90589,37.45082],[126.90593,37.45123],[126.90594,37.45139],[126.90601,37.45213],[126.90601,37.45216],[126.90602,37.45225]]}},{"type":"Feature","properties":{"class":"major","highway":"primary","sidewalk":"likely","lanes":5,"name":"시흥대로","oneway":true},"geometry":{"type":"LineString","coordinates":[[126.90344,37.44225],[126.90342,37.44205],[126.9034,37.44189],[126.90323,37.44054],[126.90321,37.44033],[126.90317,37.43996]]}},{"type":"Feature","properties":{"class":"alley","highway":"living_street","sidewalk":"unknown","lanes":0,"name":"독산로4길","oneway":false},"geometry":{"type":"LineString","coordinates":[[126.90463,37.44813],[126.90516,37.4483]]}},{"type":"Feature","properties":{"class":"alley","highway":"service","sidewalk":"unknown","lanes":0,"name":"독산로8길","oneway":false},"geometry":{"type":"LineString","coordinates":[[126.90649,37.44884],[126.90667,37.44904],[126.90676,37.44911]]}},{"type":"Feature","properties":{"class":"alley","highway":"living_street","sidewalk":"unknown","lanes":0,"name":"독산로8길","oneway":false},"geometry":{"type":"LineString","coordinates":[[126.90741,37.44777],[126.9077,37.44785]]}},{"type":"Feature","properties":{"class":"alley","highway":"living_street","sidewalk":"unknown","lanes":0,"name":"금하로24길","oneway":false},"geometry":{"type":"LineString","coordinates":[[126.90886,37.44709],[126.90899,37.44683]]}},{"type":"Feature","properties":{"class":"alley","highway":"living_street","sidewalk":"unknown","lanes":0,"name":"시흥대로28길","oneway":false},"geometry":{"type":"LineString","coordinates":[[126.9066,37.4428],[126.9064,37.44279]]}},{"type":"Feature","properties":{"class":"minor","highway":"residential","sidewalk":"unknown","lanes":0,"name":"시흥대로26길","oneway":true},"geometry":{"type":"LineString","coordinates":[[126.90767,37.44186],[126.90755,37.442],[126.90745,37.44211],[126.90722,37.44236],[126.90713,37.44246]]}},{"type":"Feature","properties":{"class":"minor","highway":"residential","sidewalk":"unknown","lanes":0,"name":"시흥대로24길","oneway":true},"geometry":{"type":"LineString","coordinates":[[126.90765,37.4414],[126.90775,37.44171],[126.90775,37.44176],[126.90773,37.4418],[126.90767,37.44186]]}},{"type":"Feature","properties":{"class":"minor","highway":"residential","sidewalk":"unknown","lanes":0,"name":"시흥대로26길","oneway":true},"geometry":{"type":"LineString","coordinates":[[126.90596,37.44182],[126.90594,37.4424]]}},{"type":"Feature","properties":{"class":"minor","highway":"residential","sidewalk":"unknown","lanes":0,"name":"시흥대로24길","oneway":true},"geometry":{"type":"LineString","coordinates":[[126.90597,37.44138],[126.90596,37.44182]]}},{"type":"Feature","properties":{"class":"minor","highway":"residential","sidewalk":"unknown","lanes":0,"name":"시흥대로22길","oneway":true},"geometry":{"type":"LineString","coordinates":[[126.90598,37.44091],[126.90597,37.44138]]}},{"type":"Feature","properties":{"class":"minor","highway":"residential","sidewalk":"unknown","lanes":0,"name":"시흥대로18길","oneway":true},"geometry":{"type":"LineString","coordinates":[[126.906,37.44041],[126.90599,37.44071],[126.90598,37.44091]]}},{"type":"Feature","properties":{"class":"minor","highway":"residential","sidewalk":"unknown","lanes":0,"name":"시흥대로16길","oneway":true},"geometry":{"type":"LineString","coordinates":[[126.90601,37.43997],[126.906,37.44041]]}},{"type":"Feature","properties":{"class":"alley","highway":"living_street","sidewalk":"unknown","lanes":0,"name":"독산로10길","oneway":false},"geometry":{"type":"LineString","coordinates":[[126.90754,37.44981],[126.90752,37.45013]]}},{"type":"Feature","properties":{"class":"alley","highway":"living_street","sidewalk":"unknown","lanes":0,"name":"독산로10길","oneway":false},"geometry":{"type":"LineString","coordinates":[[126.90725,37.45013],[126.90724,37.45042]]}},{"type":"Feature","properties":{"class":"alley","highway":"service","sidewalk":"unknown","lanes":0,"name":"독산로10길","oneway":false},"geometry":{"type":"LineString","coordinates":[[126.90735,37.45045],[126.90724,37.45042]]}},{"type":"Feature","properties":{"class":"alley","highway":"living_street","sidewalk":"unknown","lanes":0,"name":"독산로1길","oneway":false},"geometry":{"type":"LineString","coordinates":[[126.9036,37.44921],[126.90394,37.44929]]}},{"type":"Feature","properties":{"class":"alley","highway":"living_street","sidewalk":"unknown","lanes":0,"name":"독산로3길","oneway":false},"geometry":{"type":"LineString","coordinates":[[126.904,37.44991],[126.90457,37.45005]]}},{"type":"Feature","properties":{"class":"alley","highway":"living_street","sidewalk":"unknown","lanes":0,"name":"독산로3길","oneway":false},"geometry":{"type":"LineString","coordinates":[[126.90409,37.44967],[126.90465,37.44981]]}},{"type":"Feature","properties":{"class":"alley","highway":"living_street","sidewalk":"unknown","lanes":0,"name":"은행나무로","oneway":false},"geometry":{"type":"LineString","coordinates":[[126.90743,37.45084],[126.90744,37.45112]]}},{"type":"Feature","properties":{"class":"alley","highway":"living_street","sidewalk":"unknown","lanes":0,"name":"금하로20길","oneway":false},"geometry":{"type":"LineString","coordinates":[[126.90694,37.45118],[126.90674,37.45116]]}},{"type":"Feature","properties":{"class":"alley","highway":"service","sidewalk":"unknown","lanes":0,"name":"금하로20길","oneway":false},"geometry":{"type":"LineString","coordinates":[[126.90677,37.45148],[126.90647,37.45153]]}},{"type":"Feature","properties":{"class":"minor","highway":"residential","sidewalk":"unknown","lanes":0,"name":"시흥대로","oneway":false},"geometry":{"type":"LineString","coordinates":[[126.9019,37.44852],[126.90196,37.44853],[126.90259,37.44868],[126.90272,37.44872]]}},{"type":"Feature","properties":{"class":"minor","highway":"residential","sidewalk":"unknown","lanes":0,"name":"시흥대로51길","oneway":false},"geometry":{"type":"LineString","coordinates":[[126.90047,37.4511],[126.90042,37.45099],[126.90025,37.4507]]}},{"type":"Feature","properties":{"class":"minor","highway":"residential","sidewalk":"unknown","lanes":0,"name":"탑골로2길","oneway":false},"geometry":{"type":"LineString","coordinates":[[126.91146,37.45156],[126.91143,37.45149],[126.91131,37.45123]]}},{"type":"Feature","properties":{"class":"alley","highway":"living_street","sidewalk":"unknown","lanes":0,"name":"독산로22길","oneway":false},"geometry":{"type":"LineString","coordinates":[[126.90777,37.45391],[126.90764,37.45351]]}},{"type":"Feature","properties":{"class":"alley","highway":"service","sidewalk":"unknown","lanes":0,"name":"금하로9길","oneway":false},"geometry":{"type":"LineString","coordinates":[[126.90223,37.45505],[126.90265,37.45507],[126.90265,37.45487]]}},{"type":"Feature","properties":{"class":"alley","highway":"living_street","sidewalk":"unknown","lanes":0,"name":"독산로25길","oneway":false},"geometry":{"type":"LineString","coordinates":[[126.904,37.45584],[126.90405,37.45559]]}},{"type":"Feature","properties":{"class":"alley","highway":"living_street","sidewalk":"unknown","lanes":0,"name":"독산로28나길","oneway":false},"geometry":{"type":"LineString","coordinates":[[126.90694,37.45695],[126.90725,37.45738],[126.90737,37.45757]]}},{"type":"Feature","properties":{"class":"alley","highway":"living_street","sidewalk":"unknown","lanes":0,"name":"","oneway":false},"geometry":{"type":"LineString","coordinates":[[126.90417,37.44258],[126.90411,37.44258],[126.90411,37.44269],[126.90413,37.44285],[126.90454,37.44281]]}},{"type":"Feature","properties":{"class":"minor","highway":"residential","sidewalk":"unknown","lanes":0,"name":"시흥대로38길","oneway":false},"geometry":{"type":"LineString","coordinates":[[126.90478,37.44482],[126.90479,37.44495],[126.90481,37.44515],[126.90485,37.44542],[126.90485,37.44553],[126.90482,37.44565],[126.90473,37.44604],[126.90467,37.44627],[126.90462,37.44644],[126.90461,37.44648],[126.90459,37.44654],[126.90453,37.44673],[126.90423,37.4476]]}},{"type":"Feature","properties":{"class":"alley","highway":"service","sidewalk":"unknown","lanes":0,"name":"","oneway":false},"geometry":{"type":"LineString","coordinates":[[126.90125,37.44008],[126.90086,37.44101]]}},{"type":"Feature","properties":{"class":"alley","highway":"service","sidewalk":"unknown","lanes":0,"name":"","oneway":false},"geometry":{"type":"LineString","coordinates":[[126.90283,37.44028],[126.90225,37.44068]]}},{"type":"Feature","properties":{"class":"major","highway":"tertiary_link","sidewalk":"likely","lanes":0,"name":"","oneway":true},"geometry":{"type":"LineString","coordinates":[[126.90962,37.45546],[126.90965,37.45548],[126.90969,37.45551],[126.90974,37.45552],[126.90978,37.45553],[126.90982,37.45553],[126.90988,37.45551]]}},{"type":"Feature","properties":{"class":"alley","highway":"living_street","sidewalk":"unknown","lanes":0,"name":"","oneway":false},"geometry":{"type":"LineString","coordinates":[[126.90819,37.45414],[126.9082,37.45421],[126.90822,37.45427],[126.90826,37.45432],[126.90835,37.45439],[126.90853,37.45449]]}},{"type":"Feature","properties":{"class":"alley","highway":"living_street","sidewalk":"unknown","lanes":0,"name":"","oneway":false},"geometry":{"type":"LineString","coordinates":[[126.90823,37.45516],[126.90847,37.45474]]}},{"type":"Feature","properties":{"class":"minor","highway":"residential","sidewalk":"unknown","lanes":0,"name":"","oneway":false},"geometry":{"type":"LineString","coordinates":[[126.90357,37.45726],[126.90465,37.45754]]}},{"type":"Feature","properties":{"class":"alley","highway":"living_street","sidewalk":"unknown","lanes":0,"name":"","oneway":false},"geometry":{"type":"LineString","coordinates":[[126.90957,37.4466],[126.90989,37.44671],[126.90984,37.44682],[126.90961,37.44731],[126.90928,37.44721]]}},{"type":"Feature","properties":{"class":"alley","highway":"service","sidewalk":"unknown","lanes":0,"name":"","oneway":false},"geometry":{"type":"LineString","coordinates":[[126.91796,37.44982],[126.91798,37.44948],[126.91795,37.4494],[126.91761,37.44909],[126.91749,37.44899],[126.91743,37.44897],[126.91737,37.44898],[126.91658,37.44944],[126.91659,37.44947],[126.91678,37.44969],[126.91676,37.44971],[126.91663,37.44975],[126.91645,37.44978],[126.91617,37.44982],[126.91604,37.44986],[126.91568,37.45004],[126.91558,37.45007]]}},{"type":"Feature","properties":{"class":"alley","highway":"service","sidewalk":"unknown","lanes":0,"name":"","oneway":false},"geometry":{"type":"LineString","coordinates":[[126.91959,37.45013],[126.91924,37.45009],[126.91896,37.45007],[126.91842,37.45003],[126.91792,37.44998]]}},{"type":"Feature","properties":{"class":"minor","highway":"residential","sidewalk":"unknown","lanes":0,"name":"","oneway":false},"geometry":{"type":"LineString","coordinates":[[126.90168,37.44839],[126.9014,37.44854],[126.90122,37.44865],[126.90109,37.44859]]}},{"type":"Feature","properties":{"class":"minor","highway":"residential","sidewalk":"unknown","lanes":0,"name":"시흥대로51길","oneway":false},"geometry":{"type":"LineString","coordinates":[[126.90109,37.45084],[126.90099,37.45112],[126.90097,37.45116],[126.90094,37.45124]]}},{"type":"Feature","properties":{"class":"alley","highway":"service","sidewalk":"unknown","lanes":0,"name":"","oneway":false},"geometry":{"type":"LineString","coordinates":[[126.90109,37.45084],[126.90113,37.45085]]}},{"type":"Feature","properties":{"class":"alley","highway":"living_street","sidewalk":"unknown","lanes":0,"name":"","oneway":false},"geometry":{"type":"LineString","coordinates":[[126.90347,37.44252],[126.90336,37.4425],[126.90305,37.44246],[126.90293,37.44244],[126.90253,37.44226],[126.90271,37.44206],[126.90258,37.44199],[126.90272,37.44182],[126.90273,37.44181]]}},{"type":"Feature","properties":{"class":"alley","highway":"living_street","sidewalk":"unknown","lanes":0,"name":"","oneway":false},"geometry":{"type":"LineString","coordinates":[[126.90342,37.44205],[126.90331,37.44204],[126.90312,37.44199],[126.90298,37.44194],[126.90273,37.44181]]}},{"type":"Feature","properties":{"class":"alley","highway":"service","sidewalk":"unknown","lanes":0,"name":"","oneway":false},"geometry":{"type":"LineString","coordinates":[[126.90305,37.44246],[126.90311,37.44235]]}},{"type":"Feature","properties":{"class":"major","highway":"primary","sidewalk":"likely","lanes":5,"name":"시흥대로","oneway":true},"geometry":{"type":"LineString","coordinates":[[126.9036,37.44365],[126.90348,37.44275],[126.90349,37.44264],[126.90347,37.44252],[126.90347,37.44245],[126.90346,37.44239]]}},{"type":"Feature","properties":{"class":"minor","highway":"residential","sidewalk":"unknown","lanes":0,"name":"","oneway":true},"geometry":{"type":"LineString","coordinates":[[126.90364,37.44378],[126.90371,37.44377],[126.90382,37.44376],[126.90391,37.44375]]}},{"type":"Feature","properties":{"class":"alley","highway":"living_street","sidewalk":"unknown","lanes":0,"name":"","oneway":false},"geometry":{"type":"LineString","coordinates":[[126.90475,37.44456],[126.9044,37.44422],[126.90437,37.44416],[126.90467,37.44393]]}},{"type":"Feature","properties":{"class":"alley","highway":"service","sidewalk":"unknown","lanes":0,"name":"","oneway":false},"geometry":{"type":"LineString","coordinates":[[126.9187,37.45122],[126.91897,37.45123],[126.91945,37.45126]]}},{"type":"Feature","properties":{"class":"alley","highway":"service","sidewalk":"unknown","lanes":0,"name":"","oneway":false},"geometry":{"type":"LineString","coordinates":[[126.91869,37.451],[126.9187,37.45122]]}},{"type":"Feature","properties":{"class":"alley","highway":"service","sidewalk":"unknown","lanes":0,"name":"","oneway":false},"geometry":{"type":"LineString","coordinates":[[126.91827,37.45092],[126.91828,37.45123],[126.91834,37.45124]]}},{"type":"Feature","properties":{"class":"alley","highway":"service","sidewalk":"unknown","lanes":0,"name":"","oneway":false},"geometry":{"type":"LineString","coordinates":[[126.91899,37.45098],[126.91898,37.45108],[126.91897,37.45123]]}},{"type":"Feature","properties":{"class":"alley","highway":"service","sidewalk":"unknown","lanes":0,"name":"","oneway":false},"geometry":{"type":"LineString","coordinates":[[126.91916,37.45097],[126.91915,37.45109],[126.91898,37.45108],[126.91881,37.45108],[126.91882,37.45094]]}},{"type":"Feature","properties":{"class":"alley","highway":"service","sidewalk":"unknown","lanes":0,"name":"","oneway":false},"geometry":{"type":"LineString","coordinates":[[126.91955,37.45047],[126.91904,37.45044],[126.91878,37.45042],[126.91877,37.45058]]}},{"type":"Feature","properties":{"class":"alley","highway":"service","sidewalk":"unknown","lanes":0,"name":"","oneway":false},"geometry":{"type":"LineString","coordinates":[[126.91945,37.45126],[126.91949,37.45126],[126.91977,37.45128],[126.9201,37.4513],[126.92012,37.45112]]}},{"type":"Feature","properties":{"class":"alley","highway":"service","sidewalk":"unknown","lanes":0,"name":"","oneway":false},"geometry":{"type":"LineString","coordinates":[[126.91952,37.45066],[126.9197,37.45068],[126.92003,37.45071],[126.92005,37.45054],[126.92042,37.45057]]}},{"type":"Feature","properties":{"class":"alley","highway":"service","sidewalk":"unknown","lanes":0,"name":"","oneway":false},"geometry":{"type":"LineString","coordinates":[[126.9189,37.45176],[126.9189,37.45159],[126.91898,37.45159],[126.91898,37.4515]]}},{"type":"Feature","properties":{"class":"alley","highway":"service","sidewalk":"unknown","lanes":0,"name":"","oneway":false},"geometry":{"type":"LineString","coordinates":[[126.91903,37.45176],[126.91902,37.45158],[126.91898,37.45159]]}},{"type":"Feature","properties":{"class":"alley","highway":"service","sidewalk":"unknown","lanes":0,"name":"","oneway":false},"geometry":{"type":"LineString","coordinates":[[126.91903,37.45057],[126.91904,37.45044]]}},{"type":"Feature","properties":{"class":"alley","highway":"service","sidewalk":"unknown","lanes":0,"name":"","oneway":false},"geometry":{"type":"LineString","coordinates":[[126.91903,37.45057],[126.91922,37.45058]]}},{"type":"Feature","properties":{"class":"alley","highway":"service","sidewalk":"unknown","lanes":0,"name":"","oneway":false},"geometry":{"type":"LineString","coordinates":[[126.91977,37.45128],[126.91981,37.45103]]}},{"type":"Feature","properties":{"class":"alley","highway":"service","sidewalk":"unknown","lanes":0,"name":"","oneway":false},"geometry":{"type":"LineString","coordinates":[[126.9197,37.45068],[126.91974,37.45049]]}},{"type":"Feature","properties":{"class":"alley","highway":"service","sidewalk":"unknown","lanes":0,"name":"","oneway":false},"geometry":{"type":"LineString","coordinates":[[126.91837,37.45146],[126.91834,37.45124]]}},{"type":"Feature","properties":{"class":"major","highway":"primary","sidewalk":"likely","lanes":4,"name":"시흥대로","oneway":true},"geometry":{"type":"LineString","coordinates":[[126.90391,37.44375],[126.90392,37.44396],[126.90398,37.44454],[126.90399,37.44488],[126.90399,37.44521],[126.90396,37.44558],[126.90392,37.44593]]}},{"type":"Feature","properties":{"class":"alley","highway":"service","sidewalk":"unknown","lanes":0,"name":"","oneway":false},"geometry":{"type":"LineString","coordinates":[[126.90182,37.44691],[126.90189,37.44693],[126.90199,37.44697]]}},{"type":"Feature","properties":{"class":"major","highway":"tertiary","sidewalk":"likely","lanes":0,"name":"시흥대로40길","oneway":false},"geometry":{"type":"LineString","coordinates":[[126.90423,37.4476],[126.90427,37.4476],[126.90456,37.44761],[126.90485,37.44761],[126.90541,37.44756]]}},{"type":"Feature","properties":{"class":"alley","highway":"service","sidewalk":"unknown","lanes":0,"name":"","oneway":false},"geometry":{"type":"LineString","coordinates":[[126.90722,37.44236],[126.90685,37.44225]]}},{"type":"Feature","properties":{"class":"alley","highway":"service","sidewalk":"unknown","lanes":0,"name":"","oneway":false},"geometry":{"type":"LineString","coordinates":[[126.90744,37.44074],[126.90777,37.44082]]}},{"type":"Feature","properties":{"class":"alley","highway":"service","sidewalk":"unknown","lanes":0,"name":"","oneway":false},"geometry":{"type":"LineString","coordinates":[[126.90462,37.44644],[126.90467,37.44644],[126.90605,37.44636],[126.90609,37.44612],[126.90611,37.44599],[126.90621,37.44562]]}},{"type":"Feature","properties":{"class":"major","highway":"secondary","sidewalk":"likely","lanes":4,"name":"금하로","oneway":false},"geometry":{"type":"LineString","coordinates":[[126.90067,37.45474],[126.90085,37.45478]]}},{"type":"Feature","properties":{"class":"major","highway":"primary","sidewalk":"likely","lanes":6,"name":"금하로","oneway":false},"geometry":{"type":"LineString","coordinates":[[126.90043,37.45468],[126.90054,37.4547],[126.90056,37.45471],[126.90058,37.45471],[126.90067,37.45474]]}},{"type":"Feature","properties":{"class":"minor","highway":"residential","sidewalk":"unknown","lanes":0,"name":"","oneway":false},"geometry":{"type":"LineString","coordinates":[[126.90014,37.45541],[126.90001,37.45538],[126.89995,37.45536],[126.89966,37.45522],[126.89954,37.45519]]}},{"type":"Feature","properties":{"class":"major","highway":"secondary","sidewalk":"likely","lanes":4,"name":"독산로","oneway":false},"geometry":{"type":"LineString","coordinates":[[126.90602,37.45225],[126.90606,37.45273],[126.90607,37.45277],[126.90608,37.45296],[126.90612,37.45334],[126.90612,37.45338],[126.90615,37.4537]]}},{"type":"Feature","properties":{"class":"minor","highway":"residential","sidewalk":"unknown","lanes":0,"name":"시흥대로39길","oneway":false},"geometry":{"type":"LineString","coordinates":[[126.90354,37.44731],[126.90345,37.44729],[126.90337,37.44727],[126.90329,37.44724],[126.90316,37.44721]]}},{"type":"Feature","properties":{"class":"major","highway":"primary","sidewalk":"likely","lanes":5,"name":"시흥대로","oneway":true},"geometry":{"type":"LineString","coordinates":[[126.90301,37.44796],[126.90311,37.44771],[126.90322,37.44741],[126.90329,37.44724]]}},{"type":"Feature","properties":{"class":"major","highway":"primary","sidewalk":"likely","lanes":3,"name":"금하로","oneway":true},"geometry":{"type":"LineString","coordinates":[[126.90043,37.45468],[126.9003,37.4547],[126.90019,37.45466],[126.89988,37.45453],[126.89945,37.45435],[126.89935,37.45431]]}},{"type":"Feature","properties":{"class":"major","highway":"primary","sidewalk":"likely","lanes":3,"name":"금하로","oneway":true},"geometry":{"type":"LineString","coordinates":[[126.8994,37.45422],[126.8996,37.4543],[126.89993,37.45444],[126.90025,37.45456],[126.90034,37.4546],[126.90043,37.45468]]}},{"type":"Feature","properties":{"class":"minor","highway":"residential","sidewalk":"unknown","lanes":0,"name":"금하로14길","oneway":false},"geometry":{"type":"LineString","coordinates":[[126.9042,37.45129],[126.90431,37.45088],[126.90432,37.45084],[126.90443,37.45047],[126.90446,37.45039]]}},{"type":"Feature","properties":{"class":"minor","highway":"residential","sidewalk":"unknown","lanes":0,"name":"독산로22길","oneway":false},"geometry":{"type":"LineString","coordinates":[[126.90615,37.4537],[126.90674,37.45368],[126.90695,37.45367]]}},{"type":"Feature","properties":{"class":"major","highway":"tertiary","sidewalk":"likely","lanes":0,"name":"금하로23길","oneway":false},"geometry":{"type":"LineString","coordinates":[[126.90861,37.45113],[126.90867,37.45175],[126.90871,37.45217],[126.90874,37.45257],[126.90875,37.45272],[126.90877,37.45295],[126.9088,37.45324]]}},{"type":"Feature","properties":{"class":"minor","highway":"residential","sidewalk":"unknown","lanes":0,"name":"독산로22길","oneway":false},"geometry":{"type":"LineString","coordinates":[[126.90695,37.45367],[126.9073,37.45359],[126.90764,37.45351],[126.90795,37.45344],[126.90824,37.45337],[126.90828,37.45336],[126.9088,37.45324]]}},{"type":"Feature","properties":{"class":"alley","highway":"service","sidewalk":"unknown","lanes":0,"name":"","oneway":false},"geometry":{"type":"LineString","coordinates":[[126.90875,37.45272],[126.90908,37.4527]]}},{"type":"Feature","properties":{"class":"alley","highway":"service","sidewalk":"unknown","lanes":0,"name":"","oneway":false},"geometry":{"type":"LineString","coordinates":[[126.90877,37.45295],[126.90921,37.45292]]}},{"type":"Feature","properties":{"class":"alley","highway":"service","sidewalk":"unknown","lanes":0,"name":"","oneway":false},"geometry":{"type":"LineString","coordinates":[[126.90877,37.45295],[126.90857,37.45296]]}},{"type":"Feature","properties":{"class":"alley","highway":"living_street","sidewalk":"unknown","lanes":0,"name":"","oneway":false},"geometry":{"type":"LineString","coordinates":[[126.90718,37.45267],[126.90722,37.45312]]}},{"type":"Feature","properties":{"class":"alley","highway":"living_street","sidewalk":"unknown","lanes":0,"name":"","oneway":false},"geometry":{"type":"LineString","coordinates":[[126.90748,37.45265],[126.90753,37.4531]]}},{"type":"Feature","properties":{"class":"alley","highway":"service","sidewalk":"unknown","lanes":0,"name":"","oneway":false},"geometry":{"type":"LineString","coordinates":[[126.90748,37.45265],[126.90747,37.4525]]}},{"type":"Feature","properties":{"class":"alley","highway":"living_street","sidewalk":"unknown","lanes":0,"name":"","oneway":false},"geometry":{"type":"LineString","coordinates":[[126.90782,37.45263],[126.90786,37.45308]]}},{"type":"Feature","properties":{"class":"alley","highway":"service","sidewalk":"unknown","lanes":0,"name":"","oneway":false},"geometry":{"type":"LineString","coordinates":[[126.90782,37.45263],[126.9078,37.45247]]}},{"type":"Feature","properties":{"class":"alley","highway":"living_street","sidewalk":"unknown","lanes":0,"name":"","oneway":false},"geometry":{"type":"LineString","coordinates":[[126.90612,37.45338],[126.90692,37.45334]]}},{"type":"Feature","properties":{"class":"alley","highway":"service","sidewalk":"unknown","lanes":0,"name":"","oneway":false},"geometry":{"type":"LineString","coordinates":[[126.90693,37.45346],[126.90721,37.45345]]}},{"type":"Feature","properties":{"class":"alley","highway":"service","sidewalk":"unknown","lanes":0,"name":"","oneway":false},"geometry":{"type":"LineString","coordinates":[[126.90795,37.45344],[126.90812,37.45392],[126.90821,37.4539],[126.90828,37.45411]]}},{"type":"Feature","properties":{"class":"alley","highway":"service","sidewalk":"unknown","lanes":0,"name":"","oneway":false},"geometry":{"type":"LineString","coordinates":[[126.9009,37.45447],[126.90151,37.45463]]}},{"type":"Feature","properties":{"class":"alley","highway":"service","sidewalk":"unknown","lanes":0,"name":"","oneway":false},"geometry":{"type":"LineString","coordinates":[[126.90179,37.45392],[126.9014,37.45382]]}},{"type":"Feature","properties":{"class":"minor","highway":"residential","sidewalk":"unknown","lanes":0,"name":"시흥대로57길","oneway":false},"geometry":{"type":"LineString","coordinates":[[126.90039,37.45355],[126.90012,37.45407],[126.90011,37.4541],[126.89997,37.45437],[126.89993,37.45444]]}},{"type":"Feature","properties":{"class":"minor","highway":"residential","sidewalk":"unknown","lanes":0,"name":"시흥대로59길","oneway":false},"geometry":{"type":"LineString","coordinates":[[126.90083,37.45363],[126.9007,37.45362],[126.90067,37.45361],[126.90061,37.45359],[126.90039,37.45355]]}},{"type":"Feature","properties":{"class":"alley","highway":"service","sidewalk":"yes","lanes":0,"name":"","oneway":false},"geometry":{"type":"LineString","coordinates":[[126.91938,37.46051],[126.91924,37.46044],[126.91918,37.46041],[126.91868,37.46015],[126.91835,37.45996],[126.91808,37.45982],[126.91804,37.45975],[126.91797,37.45963],[126.91799,37.45949],[126.91804,37.45935],[126.91808,37.45918],[126.91825,37.45908],[126.91836,37.45905],[126.91851,37.45899],[126.9189,37.45896],[126.91922,37.45895],[126.91947,37.45893],[126.91959,37.4589],[126.91967,37.45883],[126.9198,37.45869],[126.91984,37.45863],[126.9199,37.45855],[126.91994,37.4585],[126.92,37.45842],[126.92029,37.45855],[126.92036,37.45859],[126.92061,37.45872],[126.922,37.45947],[126.92203,37.45948],[126.92219,37.45957],[126.92225,37.45992],[126.92225,37.46009],[126.92226,37.46031],[126.92225,37.46057],[126.92225,37.46071],[126.92215,37.46108],[126.92213,37.46111],[126.92202,37.46119]]}},{"type":"Feature","properties":{"class":"alley","highway":"service","sidewalk":"unknown","lanes":0,"name":"","oneway":false},"geometry":{"type":"LineString","coordinates":[[126.92009,37.45833],[126.92,37.45842],[126.9198,37.45833],[126.91952,37.45833],[126.91892,37.45831],[126.91874,37.45838],[126.91785,37.45837]]}},{"type":"Feature","properties":{"class":"alley","highway":"service","sidewalk":"unknown","lanes":0,"name":"","oneway":false},"geometry":{"type":"LineString","coordinates":[[126.91874,37.45838],[126.91866,37.45853],[126.9175,37.45852],[126.91745,37.45848]]}},{"type":"Feature","properties":{"class":"alley","highway":"service","sidewalk":"unknown","lanes":1,"name":"","oneway":false},"geometry":{"type":"LineString","coordinates":[[126.91972,37.45965],[126.91967,37.45969],[126.91964,37.4597],[126.91956,37.45969],[126.91909,37.45944],[126.91892,37.45934],[126.9188,37.45929],[126.91862,37.4592],[126.91842,37.45909],[126.91836,37.45905]]}},{"type":"Feature","properties":{"class":"alley","highway":"service","sidewalk":"unknown","lanes":1,"name":"","oneway":false},"geometry":{"type":"LineString","coordinates":[[126.91962,37.45981],[126.91954,37.45985],[126.91902,37.45956],[126.91901,37.4595],[126.91904,37.45948],[126.91909,37.45944]]}},{"type":"Feature","properties":{"class":"alley","highway":"service","sidewalk":"unknown","lanes":0,"name":"","oneway":false},"geometry":{"type":"LineString","coordinates":[[126.91835,37.45996],[126.91859,37.4597],[126.91867,37.45962]]}},{"type":"Feature","properties":{"class":"alley","highway":"service","sidewalk":"unknown","lanes":0,"name":"","oneway":false},"geometry":{"type":"LineString","coordinates":[[126.91867,37.45962],[126.91914,37.45988],[126.91918,37.4599]]}},{"type":"Feature","properties":{"class":"alley","highway":"service","sidewalk":"unknown","lanes":0,"name":"","oneway":false},"geometry":{"type":"LineString","coordinates":[[126.91892,37.45831],[126.91893,37.45816],[126.91954,37.45816]]}},{"type":"Feature","properties":{"class":"alley","highway":"service","sidewalk":"unknown","lanes":0,"name":"","oneway":false},"geometry":{"type":"LineString","coordinates":[[126.91984,37.45863],[126.92027,37.45885]]}},{"type":"Feature","properties":{"class":"alley","highway":"service","sidewalk":"unknown","lanes":0,"name":"","oneway":false},"geometry":{"type":"LineString","coordinates":[[126.91954,37.45908],[126.9196,37.459],[126.91966,37.45901],[126.92002,37.4592]]}},{"type":"Feature","properties":{"class":"alley","highway":"service","sidewalk":"unknown","lanes":0,"name":"","oneway":false},"geometry":{"type":"LineString","coordinates":[[126.91947,37.45893],[126.91952,37.45905],[126.91954,37.45908],[126.91993,37.45929],[126.91992,37.45933],[126.91987,37.45937],[126.9195,37.45919]]}},{"type":"Feature","properties":{"class":"alley","highway":"service","sidewalk":"unknown","lanes":0,"name":"","oneway":false},"geometry":{"type":"LineString","coordinates":[[126.91149,37.45009],[126.91157,37.45037]]}},{"type":"Feature","properties":{"class":"alley","highway":"service","sidewalk":"unknown","lanes":0,"name":"","oneway":false},"geometry":{"type":"LineString","coordinates":[[126.91204,37.4502],[126.91202,37.45009],[126.91183,37.44997],[126.91171,37.44983]]}},{"type":"Feature","properties":{"class":"alley","highway":"service","sidewalk":"unknown","lanes":0,"name":"","oneway":false},"geometry":{"type":"LineString","coordinates":[[126.91245,37.44997],[126.91245,37.45001],[126.91246,37.45008]]}},{"type":"Feature","properties":{"class":"alley","highway":"service","sidewalk":"unknown","lanes":0,"name":"","oneway":false},"geometry":{"type":"LineString","coordinates":[[126.91204,37.4502],[126.91207,37.45039]]}},{"type":"Feature","properties":{"class":"alley","highway":"service","sidewalk":"unknown","lanes":0,"name":"","oneway":false},"geometry":{"type":"LineString","coordinates":[[126.91157,37.45037],[126.91162,37.45051],[126.91168,37.45059],[126.9119,37.45052]]}},{"type":"Feature","properties":{"class":"alley","highway":"service","sidewalk":"unknown","lanes":0,"name":"","oneway":false},"geometry":{"type":"LineString","coordinates":[[126.91202,37.45009],[126.91202,37.44996],[126.91196,37.44969]]}},{"type":"Feature","properties":{"class":"alley","highway":"service","sidewalk":"unknown","lanes":0,"name":"","oneway":false},"geometry":{"type":"LineString","coordinates":[[126.91622,37.44827],[126.91622,37.44817],[126.91647,37.44802],[126.91648,37.44799],[126.91646,37.44797],[126.91643,37.44796],[126.91605,37.44794],[126.91598,37.44791],[126.91597,37.44786],[126.91597,37.44783],[126.91666,37.44784],[126.91671,37.44779],[126.91682,37.44778],[126.91719,37.44755],[126.9169,37.44726]]}},{"type":"Feature","properties":{"class":"alley","highway":"service","sidewalk":"unknown","lanes":0,"name":"","oneway":false},"geometry":{"type":"LineString","coordinates":[[126.91671,37.44779],[126.91664,37.44766],[126.91607,37.44766],[126.91597,37.44776],[126.91597,37.44783]]}},{"type":"Feature","properties":{"class":"major","highway":"primary","sidewalk":"likely","lanes":5,"name":"시흥대로","oneway":true},"geometry":{"type":"LineString","coordinates":[[126.90369,37.44393],[126.90364,37.44378],[126.9036,37.44365]]}},{"type":"Feature","properties":{"class":"minor","highway":"residential","sidewalk":"unknown","lanes":0,"name":"","oneway":false},"geometry":{"type":"LineString","coordinates":[[126.90364,37.44378],[126.90351,37.44379],[126.90333,37.4438],[126.90321,37.44382],[126.90314,37.44382],[126.90293,37.44384],[126.90201,37.44392],[126.90178,37.44394],[126.90115,37.444],[126.90111,37.444],[126.90087,37.44402],[126.89991,37.44411]]}},{"type":"Feature","properties":{"class":"minor","highway":"residential","sidewalk":"unknown","lanes":0,"name":"","oneway":false},"geometry":{"type":"LineString","coordinates":[[126.90376,37.44261],[126.90367,37.44262],[126.90354,37.44263],[126.90349,37.44264],[126.90335,37.44265]]}},{"type":"Feature","properties":{"class":"minor","highway":"residential","sidewalk":"unknown","lanes":0,"name":"시흥대로28길","oneway":true},"geometry":{"type":"LineString","coordinates":[[126.90384,37.44237],[126.90372,37.44238],[126.9036,37.44238],[126.90355,37.44239],[126.90346,37.44239]]}},{"type":"Feature","properties":{"class":"major","highway":"primary","sidewalk":"likely","lanes":4,"name":"시흥대로","oneway":true},"geometry":{"type":"LineString","coordinates":[[126.90359,37.44117],[126.90365,37.44177],[126.90372,37.44238]]}},{"type":"Feature","properties":{"class":"minor","highway":"residential","sidewalk":"unknown","lanes":0,"name":"시흥대로12길","oneway":true},"geometry":{"type":"LineString","coordinates":[[126.90734,37.44043],[126.90744,37.44074],[126.9075,37.44094]]}},{"type":"Feature","properties":{"class":"alley","highway":"service","sidewalk":"unknown","lanes":0,"name":"","oneway":false},"geometry":{"type":"LineString","coordinates":[[126.90414,37.44237],[126.90417,37.44258]]}},{"type":"Feature","properties":{"class":"alley","highway":"service","sidewalk":"unknown","lanes":0,"name":"","oneway":false},"geometry":{"type":"LineString","coordinates":[[126.90564,37.4436],[126.90567,37.44389],[126.90547,37.44409]]}},{"type":"Feature","properties":{"class":"alley","highway":"living_street","sidewalk":"unknown","lanes":0,"name":"","oneway":false},"geometry":{"type":"LineString","coordinates":[[126.90474,37.44447],[126.90506,37.44444],[126.90511,37.44433],[126.90522,37.44439]]}},{"type":"Feature","properties":{"class":"alley","highway":"service","sidewalk":"unknown","lanes":0,"name":"","oneway":false},"geometry":{"type":"LineString","coordinates":[[126.9052,37.43996],[126.9052,37.44002]]}},{"type":"Feature","properties":{"class":"alley","highway":"service","sidewalk":"unknown","lanes":0,"name":"","oneway":false},"geometry":{"type":"LineString","coordinates":[[126.90569,37.44041],[126.90569,37.44021],[126.90521,37.44021]]}},{"type":"Feature","properties":{"class":"alley","highway":"service","sidewalk":"unknown","lanes":0,"name":"","oneway":false},"geometry":{"type":"LineString","coordinates":[[126.9044,37.44039],[126.90443,37.4407],[126.9046,37.44071]]}},{"type":"Feature","properties":{"class":"minor","highway":"residential","sidewalk":"unknown","lanes":0,"name":"독산로29길","oneway":false},"geometry":{"type":"LineString","coordinates":[[126.90566,37.45622],[126.90506,37.45616]]}},{"type":"Feature","properties":{"class":"minor","highway":"residential","sidewalk":"unknown","lanes":0,"name":"독산로25길","oneway":true},"geometry":{"type":"LineString","coordinates":[[126.90416,37.4556],[126.90405,37.45559],[126.90377,37.45555],[126.90358,37.45552],[126.90327,37.45547],[126.90285,37.45541]]}},{"type":"Feature","properties":{"class":"minor","highway":"residential","sidewalk":"unknown","lanes":0,"name":"금하로11길","oneway":false},"geometry":{"type":"LineString","coordinates":[[126.90416,37.4556],[126.90506,37.45616]]}},{"type":"Feature","properties":{"class":"alley","highway":"service","sidewalk":"unknown","lanes":0,"name":"","oneway":false},"geometry":{"type":"LineString","coordinates":[[126.90509,37.44387],[126.90497,37.444],[126.90501,37.44417]]}},{"type":"Feature","properties":{"class":"alley","highway":"service","sidewalk":"unknown","lanes":0,"name":"","oneway":false},"geometry":{"type":"LineString","coordinates":[[126.90535,37.44402],[126.90542,37.44394],[126.90534,37.44388]]}},{"type":"Feature","properties":{"class":"alley","highway":"service","sidewalk":"unknown","lanes":0,"name":"","oneway":false},"geometry":{"type":"LineString","coordinates":[[126.90564,37.4436],[126.90562,37.44342],[126.90553,37.44343]]}},{"type":"Feature","properties":{"class":"alley","highway":"service","sidewalk":"unknown","lanes":0,"name":"","oneway":false},"geometry":{"type":"LineString","coordinates":[[126.90523,37.44367],[126.90505,37.44356]]}},{"type":"Feature","properties":{"class":"minor","highway":"residential","sidewalk":"unknown","lanes":0,"name":"시흥대로68길","oneway":false},"geometry":{"type":"LineString","coordinates":[[126.90041,37.45541],[126.90053,37.45544],[126.90057,37.45546],[126.90075,37.45563],[126.90102,37.45592],[126.90136,37.45638],[126.90155,37.45661]]}},{"type":"Feature","properties":{"class":"minor","highway":"residential","sidewalk":"unknown","lanes":0,"name":"시흥대로70길","oneway":false},"geometry":{"type":"LineString","coordinates":[[126.90023,37.45655],[126.90043,37.45665],[126.90056,37.4567],[126.90071,37.45673]]}},{"type":"Feature","properties":{"class":"alley","highway":"service","sidewalk":"unknown","lanes":0,"name":"","oneway":false},"geometry":{"type":"LineString","coordinates":[[126.90401,37.45969],[126.90356,37.45997]]}},{"type":"Feature","properties":{"class":"alley","highway":"service","sidewalk":"unknown","lanes":0,"name":"","oneway":false},"geometry":{"type":"LineString","coordinates":[[126.90381,37.45949],[126.90337,37.45977]]}},{"type":"Feature","properties":{"class":"alley","highway":"service","sidewalk":"unknown","lanes":0,"name":"","oneway":false},"geometry":{"type":"LineString","coordinates":[[126.90362,37.4593],[126.90317,37.45957]]}},{"type":"Feature","properties":{"class":"alley","highway":"service","sidewalk":"unknown","lanes":0,"name":"","oneway":false},"geometry":{"type":"LineString","coordinates":[[126.90477,37.44773],[126.90492,37.44776]]}},{"type":"Feature","properties":{"class":"alley","highway":"service","sidewalk":"unknown","lanes":0,"name":"","oneway":false},"geometry":{"type":"LineString","coordinates":[[126.90448,37.44856],[126.90459,37.44858]]}},{"type":"Feature","properties":{"class":"alley","highway":"service","sidewalk":"unknown","lanes":0,"name":"","oneway":true},"geometry":{"type":"LineString","coordinates":[[126.90103,37.45126],[126.90082,37.45126],[126.90079,37.45127],[126.90077,37.45129],[126.90074,37.45131]]}},{"type":"Feature","properties":{"class":"alley","highway":"living_street","sidewalk":"unknown","lanes":0,"name":"","oneway":false},"geometry":{"type":"LineString","coordinates":[[126.90563,37.4469],[126.90593,37.44696],[126.90622,37.44702]]}},{"type":"Feature","properties":{"class":"alley","highway":"living_street","sidewalk":"unknown","lanes":0,"name":"시흥대로40길","oneway":false},"geometry":{"type":"LineString","coordinates":[[126.90622,37.44702],[126.90627,37.44703],[126.90636,37.44677]]}},{"type":"Feature","properties":{"class":"minor","highway":"residential","sidewalk":"unknown","lanes":0,"name":"독산로10길","oneway":false},"geometry":{"type":"LineString","coordinates":[[126.90583,37.4501],[126.90609,37.4501],[126.90646,37.4501],[126.90697,37.45012],[126.90725,37.45013],[126.90752,37.45013],[126.90798,37.45015]]}},{"type":"Feature","properties":{"class":"alley","highway":"service","sidewalk":"unknown","lanes":0,"name":"독산로8길","oneway":false},"geometry":{"type":"LineString","coordinates":[[126.90748,37.44847],[126.9071,37.4484]]}},{"type":"Feature","properties":{"class":"alley","highway":"living_street","sidewalk":"unknown","lanes":0,"name":"","oneway":false},"geometry":{"type":"LineString","coordinates":[[126.91009,37.44864],[126.90999,37.44798]]}},{"type":"Feature","properties":{"class":"minor","highway":"residential","sidewalk":"unknown","lanes":0,"name":"독산로33길","oneway":false},"geometry":{"type":"LineString","coordinates":[[126.90545,37.45725],[126.90488,37.45711]]}},{"type":"Feature","properties":{"class":"alley","highway":"service","sidewalk":"unknown","lanes":0,"name":"","oneway":false},"geometry":{"type":"LineString","coordinates":[[126.90489,37.45806],[126.9047,37.4577],[126.90458,37.45767]]}},{"type":"Feature","properties":{"class":"alley","highway":"living_street","sidewalk":"unknown","lanes":0,"name":"","oneway":false},"geometry":{"type":"LineString","coordinates":[[126.90522,37.4584],[126.90479,37.45836],[126.9046,37.45817],[126.90461,37.45807]]}},{"type":"Feature","properties":{"class":"alley","highway":"service","sidewalk":"unknown","lanes":0,"name":"시흥대로66길","oneway":false},"geometry":{"type":"LineString","coordinates":[[126.90063,37.45517],[126.90077,37.45521],[126.90101,37.45542],[126.90117,37.45551]]}},{"type":"Feature","properties":{"class":"minor","highway":"residential","sidewalk":"unknown","lanes":0,"name":"시흥대로64길","oneway":false},"geometry":{"type":"LineString","coordinates":[[126.90129,37.45521],[126.90117,37.45551]]}},{"type":"Feature","properties":{"class":"minor","highway":"residential","sidewalk":"unknown","lanes":0,"name":"독산로41길","oneway":false},"geometry":{"type":"LineString","coordinates":[[126.90182,37.45745],[126.90175,37.45741],[126.90169,37.45737],[126.90144,37.45725],[126.90138,37.4572],[126.9013,37.45714],[126.90116,37.45674]]}},{"type":"Feature","properties":{"class":"alley","highway":"living_street","sidewalk":"unknown","lanes":0,"name":"","oneway":false},"geometry":{"type":"LineString","coordinates":[[126.90228,37.4545],[126.90234,37.45456],[126.90249,37.4547]]}},{"type":"Feature","properties":{"class":"alley","highway":"service","sidewalk":"unknown","lanes":0,"name":"","oneway":false},"geometry":{"type":"LineString","coordinates":[[126.90273,37.44181],[126.90275,37.44179],[126.90298,37.44152]]}},{"type":"Feature","properties":{"class":"alley","highway":"service","sidewalk":"unknown","lanes":0,"name":"","oneway":false},"geometry":{"type":"LineString","coordinates":[[126.90276,37.44711],[126.90278,37.44706],[126.90296,37.44661]]}},{"type":"Feature","properties":{"class":"alley","highway":"service","sidewalk":"unknown","lanes":0,"name":"","oneway":false},"geometry":{"type":"LineString","coordinates":[[126.90212,37.44778],[126.90219,37.44751]]}},{"type":"Feature","properties":{"class":"alley","highway":"service","sidewalk":"unknown","lanes":0,"name":"","oneway":false},"geometry":{"type":"LineString","coordinates":[[126.90169,37.45417],[126.90268,37.45418]]}},{"type":"Feature","properties":{"class":"alley","highway":"living_street","sidewalk":"unknown","lanes":0,"name":"","oneway":false},"geometry":{"type":"LineString","coordinates":[[126.90086,37.45632],[126.90078,37.4563],[126.90025,37.45651],[126.90023,37.45655]]}},{"type":"Feature","properties":{"class":"alley","highway":"living_street","sidewalk":"unknown","lanes":0,"name":"","oneway":false},"geometry":{"type":"LineString","coordinates":[[126.90085,37.45635],[126.90091,37.45637],[126.90116,37.45669],[126.90116,37.45674]]}},{"type":"Feature","properties":{"class":"alley","highway":"living_street","sidewalk":"unknown","lanes":0,"name":"","oneway":false},"geometry":{"type":"LineString","coordinates":[[126.90053,37.45719],[126.901,37.45732],[126.9013,37.45714]]}},{"type":"Feature","properties":{"class":"alley","highway":"service","sidewalk":"unknown","lanes":0,"name":"","oneway":false},"geometry":{"type":"LineString","coordinates":[[126.90909,37.44979],[126.90881,37.44981]]}},{"type":"Feature","properties":{"class":"minor","highway":"residential","sidewalk":"unknown","lanes":0,"name":"금하로24나길","oneway":false},"geometry":{"type":"LineString","coordinates":[[126.91104,37.44838],[126.91113,37.44836],[126.91137,37.44831]]}},{"type":"Feature","properties":{"class":"alley","highway":"service","sidewalk":"unknown","lanes":0,"name":"","oneway":false},"geometry":{"type":"LineString","coordinates":[[126.91298,37.45006],[126.91298,37.45],[126.91296,37.44974],[126.91293,37.44939]]}},{"type":"Feature","properties":{"class":"alley","highway":"service","sidewalk":"unknown","lanes":0,"name":"","oneway":false},"geometry":{"type":"LineString","coordinates":[[126.91302,37.44914],[126.91293,37.44917],[126.91282,37.44921],[126.91291,37.44937],[126.91293,37.44939]]}},{"type":"Feature","properties":{"class":"alley","highway":"service","sidewalk":"unknown","lanes":0,"name":"","oneway":false},"geometry":{"type":"LineString","coordinates":[[126.91293,37.44939],[126.91455,37.44929],[126.9146,37.44929],[126.91501,37.44926]]}},{"type":"Feature","properties":{"class":"alley","highway":"service","sidewalk":"unknown","lanes":0,"name":"","oneway":false},"geometry":{"type":"LineString","coordinates":[[126.91302,37.44914],[126.91342,37.44911],[126.91345,37.44909],[126.91346,37.44906],[126.91346,37.449],[126.91347,37.44899],[126.91349,37.44898],[126.91357,37.44898]]}},{"type":"Feature","properties":{"class":"alley","highway":"service","sidewalk":"unknown","lanes":0,"name":"","oneway":false},"geometry":{"type":"LineString","coordinates":[[126.91357,37.44898],[126.91372,37.44897]]}},{"type":"Feature","properties":{"class":"alley","highway":"service","sidewalk":"unknown","lanes":0,"name":"","oneway":false},"geometry":{"type":"LineString","coordinates":[[126.91501,37.44926],[126.91524,37.44961]]}},{"type":"Feature","properties":{"class":"alley","highway":"service","sidewalk":"unknown","lanes":0,"name":"","oneway":false},"geometry":{"type":"LineString","coordinates":[[126.91622,37.44827],[126.91606,37.44826],[126.91591,37.44835]]}},{"type":"Feature","properties":{"class":"alley","highway":"service","sidewalk":"unknown","lanes":0,"name":"","oneway":false},"geometry":{"type":"LineString","coordinates":[[126.91606,37.44826],[126.91589,37.44808],[126.9158,37.44812]]}},{"type":"Feature","properties":{"class":"alley","highway":"service","sidewalk":"unknown","lanes":0,"name":"","oneway":false},"geometry":{"type":"LineString","coordinates":[[126.90645,37.44308],[126.9066,37.4428]]}},{"type":"Feature","properties":{"class":"alley","highway":"service","sidewalk":"unknown","lanes":0,"name":"","oneway":false},"geometry":{"type":"LineString","coordinates":[[126.90542,37.44406],[126.90533,37.44418],[126.9052,37.44413]]}},{"type":"Feature","properties":{"class":"alley","highway":"service","sidewalk":"unknown","lanes":0,"name":"","oneway":false},"geometry":{"type":"LineString","coordinates":[[126.90712,37.44276],[126.90747,37.4426]]}},{"type":"Feature","properties":{"class":"minor","highway":"residential","sidewalk":"unknown","lanes":0,"name":"독산로23길","oneway":false},"geometry":{"type":"LineString","coordinates":[[126.90377,37.45427],[126.90374,37.45411],[126.90368,37.45382]]}},{"type":"Feature","properties":{"class":"minor","highway":"residential","sidewalk":"unknown","lanes":0,"name":"독산로23길","oneway":false},"geometry":{"type":"LineString","coordinates":[[126.90368,37.45382],[126.90363,37.45379],[126.90353,37.45374]]}},{"type":"Feature","properties":{"class":"alley","highway":"service","sidewalk":"unknown","lanes":0,"name":"","oneway":false},"geometry":{"type":"LineString","coordinates":[[126.90431,37.45088],[126.90405,37.45088]]}},{"type":"Feature","properties":{"class":"alley","highway":"service","sidewalk":"unknown","lanes":0,"name":"","oneway":true},"geometry":{"type":"LineString","coordinates":[[126.90223,37.44935],[126.90184,37.44926]]}},{"type":"Feature","properties":{"class":"alley","highway":"service","sidewalk":"unknown","lanes":0,"name":"","oneway":true},"geometry":{"type":"LineString","coordinates":[[126.90184,37.44926],[126.9018,37.44925],[126.90171,37.44923]]}},{"type":"Feature","properties":{"class":"alley","highway":"service","sidewalk":"unknown","lanes":0,"name":"","oneway":true},"geometry":{"type":"LineString","coordinates":[[126.90245,37.4494],[126.90233,37.44938],[126.90223,37.44935]]}},{"type":"Feature","properties":{"class":"alley","highway":"service","sidewalk":"unknown","lanes":0,"name":"","oneway":false},"geometry":{"type":"LineString","coordinates":[[126.9018,37.44925],[126.90184,37.44915],[126.90185,37.44914],[126.90188,37.44913],[126.9019,37.44913],[126.90212,37.44918]]}},{"type":"Feature","properties":{"class":"minor","highway":"residential","sidewalk":"unknown","lanes":0,"name":"독산로11길","oneway":false},"geometry":{"type":"LineString","coordinates":[[126.90601,37.45216],[126.90591,37.45214],[126.90528,37.45199]]}},{"type":"Feature","properties":{"class":"minor","highway":"residential","sidewalk":"unknown","lanes":2,"name":"시흥대로51길","oneway":true},"geometry":{"type":"LineString","coordinates":[[126.9013,37.45133],[126.90103,37.45126]]}},{"type":"Feature","properties":{"class":"minor","highway":"residential","sidewalk":"unknown","lanes":0,"name":"","oneway":false},"geometry":{"type":"LineString","coordinates":[[126.90007,37.45235],[126.89964,37.45228]]}}]}