{"type":"FeatureCollection","features":[{"type":"Feature","properties":{"class":"alley","highway":"service","sidewalk":"yes","lanes":0,"name":"","oneway":true},"geometry":{"type":"LineString","coordinates":[[126.95651,37.46141],[126.9564,37.46137],[126.95633,37.46134],[126.95624,37.46133],[126.95611,37.46134],[126.95594,37.46136]]}},{"type":"Feature","properties":{"class":"alley","highway":"service","sidewalk":"yes","lanes":0,"name":"","oneway":false},"geometry":{"type":"LineString","coordinates":[[126.95691,37.46029],[126.95685,37.46024],[126.95671,37.46014],[126.95655,37.45999],[126.95648,37.45993],[126.95565,37.45911],[126.95539,37.45891],[126.95524,37.45884]]}},{"type":"Feature","properties":{"class":"alley","highway":"service","sidewalk":"yes","lanes":0,"name":"","oneway":true},"geometry":{"type":"LineString","coordinates":[[126.95649,37.46104],[126.95651,37.46113],[126.95652,37.46118],[126.95653,37.46126],[126.95654,37.46133],[126.95651,37.46141]]}},{"type":"Feature","properties":{"class":"alley","highway":"service","sidewalk":"unknown","lanes":0,"name":"","oneway":false},"geometry":{"type":"LineString","coordinates":[[126.94949,37.45938],[126.94979,37.4599],[126.94988,37.46007],[126.94992,37.46014],[126.94995,37.46018],[126.95,37.46024]]}},{"type":"Feature","properties":{"class":"alley","highway":"service","sidewalk":"unknown","lanes":0,"name":"","oneway":true},"geometry":{"type":"LineString","coordinates":[[126.94906,37.46055],[126.94917,37.46055],[126.94933,37.46052],[126.94945,37.46049],[126.94957,37.46048],[126.94968,37.46049]]}},{"type":"Feature","properties":{"class":"alley","highway":"service","sidewalk":"unknown","lanes":0,"name":"","oneway":true},"geometry":{"type":"LineString","coordinates":[[126.95812,37.4606],[126.95813,37.46059],[126.95815,37.46059],[126.95816,37.46059],[126.95817,37.4606],[126.95817,37.46062]]}},{"type":"Feature","properties":{"class":"alley","highway":"service","sidewalk":"unknown","lanes":0,"name":"","oneway":false},"geometry":{"type":"LineString","coordinates":[[126.95527,37.46058],[126.95548,37.46047],[126.95566,37.46039],[126.95575,37.46035]]}},{"type":"Feature","properties":{"class":"alley","highway":"service","sidewalk":"unknown","lanes":0,"name":"","oneway":false},"geometry":{"type":"LineString","coordinates":[[126.95289,37.45984],[126.95344,37.46028]]}},{"type":"Feature","properties":{"class":"alley","highway":"service","sidewalk":"unknown","lanes":0,"name":"","oneway":false},"geometry":{"type":"LineString","coordinates":[[126.9507,37.46202],[126.95084,37.46216],[126.9509,37.46224]]}},{"type":"Feature","properties":{"class":"alley","highway":"service","sidewalk":"unknown","lanes":0,"name":"","oneway":false},"geometry":{"type":"LineString","coordinates":[[126.95311,37.46394],[126.95279,37.46377],[126.95273,37.46374],[126.95224,37.46359]]}},{"type":"Feature","properties":{"class":"alley","highway":"service","sidewalk":"unknown","lanes":0,"name":"","oneway":false},"geometry":{"type":"LineString","coordinates":[[126.95284,37.46477],[126.95136,37.46488]]}},{"type":"Feature","properties":{"class":"alley","highway":"service","sidewalk":"unknown","lanes":0,"name":"","oneway":false},"geometry":{"type":"LineString","coordinates":[[126.95527,37.46058],[126.9553,37.46063],[126.95525,37.46066]]}},{"type":"Feature","properties":{"class":"alley","highway":"service","sidewalk":"unknown","lanes":0,"name":"","oneway":false},"geometry":{"type":"LineString","coordinates":[[126.95147,37.46184],[126.9521,37.4611]]}},{"type":"Feature","properties":{"class":"alley","highway":"service","sidewalk":"unknown","lanes":0,"name":"","oneway":false},"geometry":{"type":"LineString","coordinates":[[126.95155,37.46147],[126.95136,37.46172],[126.95084,37.46216]]}},{"type":"Feature","properties":{"class":"alley","highway":"service","sidewalk":"unknown","lanes":0,"name":"","oneway":false},"geometry":{"type":"LineString","coordinates":[[126.953,37.46281],[126.95315,37.46274],[126.95319,37.46265],[126.95316,37.46257],[126.95307,37.46245],[126.95306,37.46243]]}},{"type":"Feature","properties":{"class":"minor","highway":"residential","sidewalk":"unknown","lanes":0,"name":"쑥고개로21길","oneway":false},"geometry":{"type":"LineString","coordinates":[[126.94796,37.48062],[126.94852,37.4796],[126.9485,37.47946],[126.94852,37.47941],[126.94862,37.47921],[126.9487,37.47903]]}},{"type":"Feature","properties":{"class":"minor","highway":"residential","sidewalk":"unknown","lanes":0,"name":"청룡길","oneway":false},"geometry":{"type":"LineString","coordinates":[[126.94634,37.48184],[126.94632,37.48178],[126.94626,37.48149],[126.94623,37.48127],[126.94609,37.48081],[126.94601,37.48032],[126.946,37.48027],[126.94593,37.47986],[126.94585,37.47932],[126.94576,37.47878],[126.94571,37.47844],[126.94564,37.47802],[126.94559,37.47775],[126.9455,37.47721],[126.94543,37.47674]]}},{"type":"Feature","properties":{"class":"minor","highway":"residential","sidewalk":"unknown","lanes":0,"name":"남부순환로218길","oneway":false},"geometry":{"type":"LineString","coordinates":[[126.95011,37.47889],[126.9502,37.47944],[126.95037,37.48038],[126.95042,37.48082],[126.95051,37.48137],[126.95052,37.48143]]}},{"type":"Feature","properties":{"class":"minor","highway":"residential","sidewalk":"unknown","lanes":0,"name":"관악로14길","oneway":false},"geometry":{"type":"LineString","coordinates":[[126.95558,37.47858],[126.95623,37.47841],[126.95657,37.47833],[126.95688,37.47826],[126.95753,37.47802],[126.95811,37.4778],[126.9582,37.47777],[126.9583,37.47778],[126.95867,37.47787]]}},{"type":"Feature","properties":{"class":"minor","highway":"residential","sidewalk":"unknown","lanes":0,"name":"장군봉15길","oneway":false},"geometry":{"type":"LineString","coordinates":[[126.93961,37.47885],[126.94023,37.47919],[126.94053,37.47936]]}},{"type":"Feature","properties":{"class":"minor","highway":"residential","sidewalk":"unknown","lanes":0,"name":"청룡11길","oneway":false},"geometry":{"type":"LineString","coordinates":[[126.94559,37.47775],[126.94625,37.47768],[126.94704,37.47756],[126.94784,37.47731]]}},{"type":"Feature","properties":{"class":"minor","highway":"residential","sidewalk":"no","lanes":0,"name":"관악로5길","oneway":false},"geometry":{"type":"LineString","coordinates":[[126.95136,37.47774],[126.95143,37.47735],[126.95154,37.4768],[126.95158,37.47661],[126.9517,37.47597],[126.95178,37.47556],[126.95182,37.47538],[126.95192,37.47485],[126.95196,37.47463],[126.95201,37.47437],[126.95206,37.47414],[126.9522,37.4734],[126.95305,37.47348]]}},{"type":"Feature","properties":{"class":"minor","highway":"residential","sidewalk":"unknown","lanes":0,"name":"청룡15길","oneway":false},"geometry":{"type":"LineString","coordinates":[[126.94543,37.47674],[126.94601,37.47667],[126.94689,37.4766],[126.94741,37.47656]]}},{"type":"Feature","properties":{"class":"minor","highway":"residential","sidewalk":"unknown","lanes":0,"name":"쑥고개로30길","oneway":false},"geometry":{"type":"LineString","coordinates":[[126.95056,37.47885],[126.95052,37.47856],[126.95042,37.4779],[126.95025,37.47758],[126.94999,37.47707]]}},{"type":"Feature","properties":{"class":"alley","highway":"service","sidewalk":"unknown","lanes":0,"name":"","oneway":false},"geometry":{"type":"LineString","coordinates":[[126.94407,37.47778],[126.94408,37.47784],[126.94408,37.47785],[126.9441,37.47787],[126.94411,37.47788],[126.94412,37.47788],[126.94414,37.47788],[126.94419,37.47788]]}},{"type":"Feature","properties":{"class":"alley","highway":"service","sidewalk":"unknown","lanes":0,"name":"관악로11나길","oneway":false},"geometry":{"type":"LineString","coordinates":[[126.94811,37.47706],[126.94884,37.47833]]}},{"type":"Feature","properties":{"class":"alley","highway":"service","sidewalk":"unknown","lanes":0,"name":"쑥고개로24길","oneway":false},"geometry":{"type":"LineString","coordinates":[[126.94922,37.47898],[126.94884,37.47833]]}},{"type":"Feature","properties":{"class":"minor","highway":"residential","sidewalk":"unknown","lanes":0,"name":"관악로11가길","oneway":false},"geometry":{"type":"LineString","coordinates":[[126.94843,37.47705],[126.94862,37.4774],[126.94867,37.47749],[126.9491,37.47824]]}},{"type":"Feature","properties":{"class":"alley","highway":"service","sidewalk":"unknown","lanes":0,"name":"청룡13길","oneway":false},"geometry":{"type":"LineString","coordinates":[[126.94695,37.47705],[126.9455,37.47721]]}},{"type":"Feature","properties":{"class":"alley","highway":"service","sidewalk":"unknown","lanes":0,"name":"쑥고개로28길","oneway":false},"geometry":{"type":"LineString","coordinates":[[126.95011,37.47796],[126.95011,37.47889]]}},{"type":"Feature","properties":{"class":"alley","highway":"service","sidewalk":"unknown","lanes":0,"name":"청룡9길","oneway":false},"geometry":{"type":"LineString","coordinates":[[126.94625,37.47768],[126.94644,37.47871]]}},{"type":"Feature","properties":{"class":"minor","highway":"residential","sidewalk":"yes","lanes":0,"name":"쑥고개로","oneway":false},"geometry":{"type":"LineString","coordinates":[[126.95112,37.47778],[126.9512,37.47823],[126.95129,37.47877]]}},{"type":"Feature","properties":{"class":"alley","highway":"service","sidewalk":"unknown","lanes":0,"name":"청룡10길","oneway":false},"geometry":{"type":"LineString","coordinates":[[126.94508,37.47886],[126.94518,37.47939]]}},{"type":"Feature","properties":{"class":"alley","highway":"service","sidewalk":"unknown","lanes":0,"name":"관악로11길","oneway":false},"geometry":{"type":"LineString","coordinates":[[126.94746,37.47796],[126.94789,37.47866]]}},{"type":"Feature","properties":{"class":"alley","highway":"service","sidewalk":"unknown","lanes":0,"name":"청룡12길","oneway":false},"geometry":{"type":"LineString","coordinates":[[126.94443,37.47685],[126.94452,37.47735],[126.94455,37.47752],[126.9446,37.47784]]}},{"type":"Feature","properties":{"class":"alley","highway":"service","sidewalk":"unknown","lanes":0,"name":"관악로11길","oneway":false},"geometry":{"type":"LineString","coordinates":[[126.94784,37.47782],[126.94825,37.47854]]}},{"type":"Feature","properties":{"class":"alley","highway":"service","sidewalk":"unknown","lanes":0,"name":"청룡12길","oneway":false},"geometry":{"type":"LineString","coordinates":[[126.94477,37.47681],[126.94488,37.47749],[126.94494,37.47781]]}},{"type":"Feature","properties":{"class":"alley","highway":"service","sidewalk":"unknown","lanes":0,"name":"관악로11길","oneway":false},"geometry":{"type":"LineString","coordinates":[[126.94965,37.47718],[126.95006,37.47797]]}},{"type":"Feature","properties":{"class":"major","highway":"secondary","sidewalk":"likely","lanes":0,"name":"","oneway":true},"geometry":{"type":"LineString","coordinates":[[126.94139,37.47066],[126.94138,37.47072]]}},{"type":"Feature","properties":{"class":"minor","highway":"residential","sidewalk":"unknown","lanes":0,"name":"낙성대로15길","oneway":false},"geometry":{"type":"LineString","coordinates":[[126.95789,37.46858],[126.95797,37.46857],[126.95807,37.46856],[126.95866,37.46847],[126.95875,37.46846],[126.95922,37.46839],[126.95998,37.46827],[126.96072,37.46819],[126.96116,37.46815]]}},{"type":"Feature","properties":{"class":"minor","highway":"residential","sidewalk":"unknown","lanes":0,"name":"관악로","oneway":false},"geometry":{"type":"LineString","coordinates":[[126.95263,37.47568],[126.95214,37.47561],[126.95178,37.47556]]}},{"type":"Feature","properties":{"class":"minor","highway":"residential","sidewalk":"unknown","lanes":0,"name":"관악로","oneway":false},"geometry":{"type":"LineString","coordinates":[[126.95201,37.47437],[126.95287,37.47449]]}},{"type":"Feature","properties":{"class":"minor","highway":"residential","sidewalk":"unknown","lanes":0,"name":"관악로","oneway":false},"geometry":{"type":"LineString","coordinates":[[126.95158,37.47661],[126.95242,37.47673]]}},{"type":"Feature","properties":{"class":"alley","highway":"service","sidewalk":"unknown","lanes":0,"name":"쑥고개로2다길","oneway":false},"geometry":{"type":"LineString","coordinates":[[126.94029,37.47582],[126.94006,37.47632]]}},{"type":"Feature","properties":{"class":"alley","highway":"service","sidewalk":"unknown","lanes":0,"name":"서림1길","oneway":false},"geometry":{"type":"LineString","coordinates":[[126.94183,37.47557],[126.94171,37.47587]]}},{"type":"Feature","properties":{"class":"alley","highway":"service","sidewalk":"unknown","lanes":0,"name":"쑥고개로2다길","oneway":false},"geometry":{"type":"LineString","coordinates":[[126.94098,37.47602],[126.94073,37.47648]]}},{"type":"Feature","properties":{"class":"alley","highway":"service","sidewalk":"unknown","lanes":0,"name":"서림1길","oneway":false},"geometry":{"type":"LineString","coordinates":[[126.94211,37.47564],[126.94199,37.47595],[126.94191,37.47616]]}},{"type":"Feature","properties":{"class":"alley","highway":"service","sidewalk":"unknown","lanes":0,"name":"복은길","oneway":false},"geometry":{"type":"LineString","coordinates":[[126.94213,37.47502],[126.94193,37.47559]]}},{"type":"Feature","properties":{"class":"minor","highway":"residential","sidewalk":"unknown","lanes":0,"name":"참숯5길","oneway":false},"geometry":{"type":"LineString","coordinates":[[126.94001,37.47772],[126.94045,37.47728],[126.94064,37.47709],[126.94066,37.47706],[126.94098,37.47675],[126.94102,37.47671],[126.94114,37.47659],[126.94126,37.47647],[126.94175,37.47624],[126.94191,37.47616],[126.9421,37.47607],[126.94222,37.47601],[126.94246,37.47574],[126.94272,37.47546],[126.94336,37.47539]]}},{"type":"Feature","properties":{"class":"minor","highway":"residential","sidewalk":"unknown","lanes":0,"name":"쑥고개로2라길","oneway":false},"geometry":{"type":"LineString","coordinates":[[126.9394,37.47556],[126.93992,37.47571],[126.94029,37.47582],[126.94039,37.47585],[126.94062,37.47592],[126.94098,37.47602],[126.94116,37.47608],[126.9414,37.47614],[126.94175,37.47624]]}},{"type":"Feature","properties":{"class":"minor","highway":"residential","sidewalk":"unknown","lanes":0,"name":"쑥고개로2가길","oneway":false},"geometry":{"type":"LineString","coordinates":[[126.93834,37.47714],[126.93878,37.47727],[126.93926,37.47741],[126.93975,37.47691],[126.93989,37.47677],[126.94012,37.47654],[126.94019,37.47636]]}},{"type":"Feature","properties":{"class":"minor","highway":"residential","sidewalk":"unknown","lanes":0,"name":"복은7길","oneway":false},"geometry":{"type":"LineString","coordinates":[[126.94021,37.47476],[126.94006,37.47508],[126.94162,37.47551],[126.94183,37.47557],[126.94193,37.47559],[126.94211,37.47564],[126.94246,37.47574]]}},{"type":"Feature","properties":{"class":"alley","highway":"service","sidewalk":"unknown","lanes":0,"name":"쑥고개로2다길","oneway":false},"geometry":{"type":"LineString","coordinates":[[126.94062,37.47592],[126.94037,37.4764]]}},{"type":"Feature","properties":{"class":"minor","highway":"residential","sidewalk":"unknown","lanes":0,"name":"쑥고개로2다길","oneway":false},"geometry":{"type":"LineString","coordinates":[[126.93936,37.47616],[126.9397,37.47624],[126.94006,37.47632],[126.94019,37.47636],[126.94037,37.4764],[126.94073,37.47648],[126.94114,37.47659]]}},{"type":"Feature","properties":{"class":"alley","highway":"service","sidewalk":"unknown","lanes":0,"name":"쑥고개로2가길","oneway":false},"geometry":{"type":"LineString","coordinates":[[126.94045,37.47728],[126.94019,37.47711],[126.94033,37.47693],[126.94057,37.47663],[126.94098,37.47675]]}},{"type":"Feature","properties":{"class":"alley","highway":"service","sidewalk":"unknown","lanes":0,"name":"쑥고개로2가길","oneway":false},"geometry":{"type":"LineString","coordinates":[[126.93989,37.47677],[126.94033,37.47693]]}},{"type":"Feature","properties":{"class":"alley","highway":"service","sidewalk":"unknown","lanes":0,"name":"서림1길","oneway":false},"geometry":{"type":"LineString","coordinates":[[126.94162,37.47551],[126.94151,37.47582]]}},{"type":"Feature","properties":{"class":"alley","highway":"service","sidewalk":"unknown","lanes":0,"name":"복은길","oneway":false},"geometry":{"type":"LineString","coordinates":[[126.93976,37.47442],[126.94,37.47473]]}},{"type":"Feature","properties":{"class":"minor","highway":"residential","sidewalk":"unknown","lanes":0,"name":"복은길","oneway":false},"geometry":{"type":"LineString","coordinates":[[126.93566,37.4742],[126.93581,37.47419],[126.93597,37.47418],[126.93676,37.47429],[126.93714,37.47434],[126.93764,37.47441],[126.93816,37.47448],[126.93827,37.47449],[126.93908,37.4746],[126.93991,37.47472],[126.94,37.47473],[126.94021,37.47476],[126.9408,37.47484],[126.94111,37.47488],[126.94172,37.47496],[126.9418,37.47497],[126.94213,37.47502],[126.94233,37.47505],[126.94293,37.47513],[126.94312,37.47516],[126.94325,37.47508],[126.94348,37.47493]]}},{"type":"Feature","properties":{"class":"minor","highway":"residential","sidewalk":"unknown","lanes":0,"name":"참숯길","oneway":false},"geometry":{"type":"LineString","coordinates":[[126.94246,37.47966],[126.94238,37.47915]]}},{"type":"Feature","properties":{"class":"minor","highway":"residential","sidewalk":"unknown","lanes":0,"name":"청룡10길","oneway":false},"geometry":{"type":"LineString","coordinates":[[126.94576,37.47878],[126.94508,37.47886],[126.94479,37.47889],[126.94435,37.47894],[126.9443,37.47894],[126.9432,37.47906],[126.94305,37.47908],[126.94238,37.47915]]}},{"type":"Feature","properties":{"class":"minor","highway":"residential","sidewalk":"unknown","lanes":0,"name":"쑥고개로","oneway":false},"geometry":{"type":"LineString","coordinates":[[126.94171,37.47875],[126.94153,37.47894],[126.94129,37.47919]]}},{"type":"Feature","properties":{"class":"minor","highway":"residential","sidewalk":"unknown","lanes":0,"name":"쑥고개로","oneway":false},"geometry":{"type":"LineString","coordinates":[[126.94195,37.47955],[126.94238,37.47915]]}},{"type":"Feature","properties":{"class":"minor","highway":"residential","sidewalk":"unknown","lanes":0,"name":"","oneway":false},"geometry":{"type":"LineString","coordinates":[[126.94313,37.47959],[126.94309,37.47936],[126.94305,37.47908]]}},{"type":"Feature","properties":{"class":"alley","highway":"service","sidewalk":"unknown","lanes":0,"name":"장군봉5길","oneway":false},"geometry":{"type":"LineString","coordinates":[[126.94138,37.47959],[126.94054,37.47909]]}},{"type":"Feature","properties":{"class":"minor","highway":"residential","sidewalk":"unknown","lanes":0,"name":"","oneway":false},"geometry":{"type":"LineString","coordinates":[[126.94044,37.47798],[126.94026,37.47818],[126.94003,37.47844]]}},{"type":"Feature","properties":{"class":"minor","highway":"residential","sidewalk":"unknown","lanes":0,"name":"쑥고개로","oneway":false},"geometry":{"type":"LineString","coordinates":[[126.94195,37.47955],[126.94153,37.47997]]}},{"type":"Feature","properties":{"class":"alley","highway":"service","sidewalk":"unknown","lanes":0,"name":"쑥고개로26길","oneway":false},"geometry":{"type":"LineString","coordinates":[[126.94949,37.47757],[126.94921,37.47767],[126.94905,37.47737]]}},{"type":"Feature","properties":{"class":"alley","highway":"service","sidewalk":"unknown","lanes":0,"name":"","oneway":false},"geometry":{"type":"LineString","coordinates":[[126.95078,37.47307],[126.95071,37.47241],[126.95071,37.4724],[126.95072,37.47238],[126.95072,37.47236],[126.95074,37.47235],[126.95075,37.47234],[126.95077,37.47233],[126.95079,37.47232],[126.95081,37.47232],[126.95155,37.47227],[126.95158,37.47227],[126.95161,37.47227],[126.95163,37.47228],[126.95166,37.47229],[126.95169,37.4723],[126.95172,37.47232],[126.95175,37.47234],[126.95177,37.47236],[126.95179,37.47239],[126.95181,37.47243],[126.95184,37.47265],[126.95187,37.47288],[126.95198,37.4737],[126.95198,37.47373],[126.95197,37.47376],[126.95196,37.47378],[126.95194,37.4738],[126.95192,37.47382],[126.95189,37.47383],[126.95185,37.47384],[126.95182,37.47384],[126.95148,37.47386],[126.95128,37.47368],[126.95124,37.47328]]}},{"type":"Feature","properties":{"class":"alley","highway":"service","sidewalk":"unknown","lanes":0,"name":"","oneway":false},"geometry":{"type":"LineString","coordinates":[[126.95303,37.47279],[126.95232,37.47284],[126.95187,37.47288]]}},{"type":"Feature","properties":{"class":"minor","highway":"residential","sidewalk":"unknown","lanes":0,"name":"청룡9길","oneway":false},"geometry":{"type":"LineString","coordinates":[[126.94725,37.47862],[126.94661,37.47869],[126.94644,37.47871],[126.94626,37.47873],[126.94576,37.47878]]}},{"type":"Feature","properties":{"class":"major","highway":"primary","sidewalk":"likely","lanes":0,"name":"관악로","oneway":true},"geometry":{"type":"LineString","coordinates":[[126.95007,37.46776],[126.94983,37.46767],[126.94963,37.4676],[126.94941,37.46755],[126.94939,37.46754],[126.94923,37.46751],[126.94897,37.46753],[126.94876,37.46754],[126.94854,37.46756],[126.94829,37.4676]]}},{"type":"Feature","properties":{"class":"minor","highway":"residential","sidewalk":"unknown","lanes":0,"name":"청룡8길","oneway":false},"geometry":{"type":"LineString","coordinates":[[126.94593,37.47986],[126.94567,37.47988],[126.94551,37.4799],[126.9454,37.47991],[126.94525,37.47992],[126.94523,37.47993],[126.94508,37.47994],[126.94455,37.48],[126.94438,37.48001],[126.9442,37.48003],[126.94388,37.48006]]}},{"type":"Feature","properties":{"class":"minor","highway":"residential","sidewalk":"unknown","lanes":0,"name":"남부순환로210길","oneway":false},"geometry":{"type":"LineString","coordinates":[[126.94446,37.47946],[126.94455,37.48],[126.94458,37.48017],[126.94463,37.48046],[126.94466,37.48069],[126.94468,37.48077],[126.94471,37.48095],[126.94479,37.4812],[126.94482,37.48144],[126.94483,37.48176],[126.94487,37.48194],[126.94487,37.48198]]}},{"type":"Feature","properties":{"class":"alley","highway":"service","sidewalk":"unknown","lanes":0,"name":"쑥고개로","oneway":false},"geometry":{"type":"LineString","coordinates":[[126.9441,37.47949],[126.9442,37.48003]]}},{"type":"Feature","properties":{"class":"alley","highway":"service","sidewalk":"unknown","lanes":0,"name":"쑥고개로","oneway":false},"geometry":{"type":"LineString","coordinates":[[126.94348,37.47956],[126.94358,37.48009]]}},{"type":"Feature","properties":{"class":"minor","highway":"residential","sidewalk":"unknown","lanes":0,"name":"참숯1길","oneway":false},"geometry":{"type":"LineString","coordinates":[[126.94238,37.47915],[126.94171,37.47875],[126.94054,37.47805],[126.94044,37.47798],[126.94001,37.47772],[126.93974,37.47754],[126.93957,37.47805],[126.93953,37.47814]]}},{"type":"Feature","properties":{"class":"minor","highway":"residential","sidewalk":"unknown","lanes":0,"name":"쑥고개로11길","oneway":true},"geometry":{"type":"LineString","coordinates":[[126.94246,37.47966],[126.94262,37.48024],[126.94259,37.48033],[126.94253,37.48066],[126.94248,37.48117]]}},{"type":"Feature","properties":{"class":"minor","highway":"residential","sidewalk":"unknown","lanes":0,"name":"봉천로62길","oneway":true},"geometry":{"type":"LineString","coordinates":[[126.95849,37.4783],[126.95867,37.47787],[126.95888,37.47742],[126.95912,37.4772]]}},{"type":"Feature","properties":{"class":"minor","highway":"residential","sidewalk":"unknown","lanes":0,"name":"쑥고개로22길","oneway":false},"geometry":{"type":"LineString","coordinates":[[126.94883,37.47902],[126.9485,37.47845],[126.94808,37.47773],[126.94784,37.47731],[126.94771,37.47708],[126.94741,37.47656]]}},{"type":"Feature","properties":{"class":"minor","highway":"residential","sidewalk":"unknown","lanes":0,"name":"신림로8길","oneway":false},"geometry":{"type":"LineString","coordinates":[[126.94062,37.4708],[126.94042,37.47089],[126.93983,37.47117],[126.93909,37.47132],[126.93831,37.47148]]}},{"type":"Feature","properties":{"class":"minor","highway":"residential","sidewalk":"unknown","lanes":0,"name":"신림로11길","oneway":false},"geometry":{"type":"LineString","coordinates":[[126.93887,37.47057],[126.93887,37.47054],[126.93885,37.47011],[126.93884,37.46995],[126.93883,37.46967],[126.93881,37.46925],[126.93877,37.4684],[126.93873,37.46769],[126.93872,37.46752],[126.93871,37.46736],[126.93871,37.46718],[126.93867,37.46683],[126.93866,37.46663],[126.93864,37.46644],[126.93864,37.4661],[126.93865,37.46597],[126.93873,37.46589],[126.93897,37.46565],[126.9392,37.46542],[126.93932,37.4653],[126.93936,37.46526],[126.93937,37.46525],[126.93947,37.46515],[126.93951,37.46511],[126.93967,37.46495],[126.93984,37.46478],[126.93987,37.46476],[126.94009,37.46453],[126.94029,37.46431],[126.94032,37.46427]]}},{"type":"Feature","properties":{"class":"major","highway":"tertiary","sidewalk":"likely","lanes":0,"name":"대학길","oneway":true},"geometry":{"type":"LineString","coordinates":[[126.93767,37.47072],[126.93767,37.47068],[126.93768,37.47063],[126.93768,37.47058],[126.93792,37.47016],[126.93799,37.47004],[126.93791,37.46979],[126.93781,37.46951],[126.9377,37.46919],[126.93768,37.46887],[126.93765,37.46846],[126.93762,37.46806],[126.93758,37.46753],[126.93756,37.46723],[126.93752,37.46657],[126.93752,37.46633],[126.93751,37.46612],[126.93754,37.46599],[126.93759,37.46588],[126.93767,37.46577],[126.93776,37.4657],[126.93789,37.46558],[126.938,37.46548],[126.93806,37.46544],[126.93808,37.46541],[126.93818,37.46532],[126.93821,37.4653],[126.93829,37.46523],[126.93873,37.46488],[126.939,37.46477],[126.93917,37.46471],[126.9393,37.46464],[126.93936,37.4646],[126.93945,37.46451],[126.93965,37.46431],[126.93971,37.46425],[126.93976,37.46421],[126.93982,37.46418],[126.93988,37.46416],[126.93996,37.46414],[126.94002,37.46414],[126.94032,37.46427]]}},{"type":"Feature","properties":{"class":"minor","highway":"residential","sidewalk":"unknown","lanes":0,"name":"낙성대로","oneway":false},"geometry":{"type":"LineString","coordinates":[[126.95883,37.47264],[126.95898,37.47316],[126.95908,37.47358],[126.95913,37.47387],[126.95914,37.47411],[126.95914,37.47438],[126.95912,37.47456],[126.95908,37.47483],[126.95908,37.47495]]}},{"type":"Feature","properties":{"class":"alley","highway":"service","sidewalk":"unknown","lanes":0,"name":"","oneway":false},"geometry":{"type":"LineString","coordinates":[[126.95651,37.46141],[126.95657,37.46153],[126.9566,37.46162],[126.95666,37.46173],[126.95672,37.46182],[126.95684,37.46194],[126.95702,37.46212],[126.95716,37.46227],[126.95758,37.46268],[126.95767,37.46278],[126.95775,37.46292],[126.95781,37.4631],[126.95789,37.46337],[126.95792,37.46348],[126.95795,37.4636],[126.95797,37.46371],[126.95803,37.4639],[126.95804,37.46401],[126.95802,37.46417],[126.95797,37.46436]]}},{"type":"Feature","properties":{"class":"alley","highway":"service","sidewalk":"unknown","lanes":0,"name":"","oneway":false},"geometry":{"type":"LineString","coordinates":[[126.95545,37.46067],[126.95557,37.4606],[126.95577,37.4605],[126.95581,37.46044]]}},{"type":"Feature","properties":{"class":"alley","highway":"service","sidewalk":"unknown","lanes":0,"name":"","oneway":false},"geometry":{"type":"LineString","coordinates":[[126.95096,37.46822],[126.95107,37.46812],[126.95117,37.46794],[126.95127,37.46776],[126.95158,37.46718],[126.95166,37.467],[126.95183,37.46669],[126.95185,37.46663],[126.95192,37.46646],[126.95194,37.46639],[126.95194,37.46633],[126.95194,37.46626],[126.95191,37.46617],[126.95188,37.46611],[126.95185,37.46607],[126.95185,37.46599]]}},{"type":"Feature","properties":{"class":"alley","highway":"service","sidewalk":"unknown","lanes":0,"name":"","oneway":false},"geometry":{"type":"LineString","coordinates":[[126.94872,37.4646],[126.94881,37.46467],[126.94898,37.46498],[126.94936,37.46557],[126.94939,37.4656],[126.94952,37.46572]]}},{"type":"Feature","properties":{"class":"minor","highway":"residential","sidewalk":"unknown","lanes":0,"name":"낙성대로3길","oneway":false},"geometry":{"type":"LineString","coordinates":[[126.95904,37.47621],[126.95923,37.47616],[126.9593,37.47613],[126.95937,37.47608],[126.95943,37.47599],[126.95954,37.47581],[126.95963,37.47562],[126.95966,37.47556],[126.95968,37.47546],[126.95971,37.4753],[126.95973,37.47519],[126.95977,37.47509],[126.95988,37.47483],[126.95998,37.47467],[126.96004,37.47449],[126.96006,37.47446],[126.96011,37.47431],[126.96018,37.47415],[126.9602,37.4741],[126.96022,37.47405],[126.96024,37.47396],[126.96024,37.47389],[126.96024,37.47384],[126.96024,37.47375],[126.96022,37.47368],[126.96022,37.47365],[126.96015,37.47356],[126.96012,37.4735],[126.96009,37.47344],[126.96005,37.47339],[126.95994,37.47326],[126.95971,37.47308],[126.95943,37.47288],[126.95908,37.47265],[126.95902,37.47263],[126.95896,37.47261],[126.95883,37.47264]]}},{"type":"Feature","properties":{"class":"minor","highway":"residential","sidewalk":"unknown","lanes":0,"name":"남부순환로216길","oneway":false},"geometry":{"type":"LineString","coordinates":[[126.94909,37.48157],[126.94908,37.48152],[126.94908,37.48151],[126.94901,37.48096],[126.94896,37.48052],[126.94915,37.48016],[126.94918,37.48011],[126.9492,37.48007],[126.94926,37.47998],[126.94928,37.47995],[126.94944,37.47969],[126.94956,37.4795]]}},{"type":"Feature","properties":{"class":"minor","highway":"residential","sidewalk":"no","lanes":0,"name":"남부순환로220길","oneway":false},"geometry":{"type":"LineString","coordinates":[[126.95141,37.47876],[126.9515,37.47931],[126.95167,37.48026],[126.95174,37.48071],[126.95183,37.48124],[126.95184,37.4813]]}},{"type":"Feature","properties":{"class":"alley","highway":"service","sidewalk":"unknown","lanes":0,"name":"관악로15길","oneway":false},"geometry":{"type":"LineString","coordinates":[[126.94967,37.48047],[126.94959,37.4801],[126.94983,37.48007],[126.94977,37.47966],[126.94944,37.47969]]}},{"type":"Feature","properties":{"class":"minor","highway":"residential","sidewalk":"unknown","lanes":0,"name":"관악로15길","oneway":false},"geometry":{"type":"LineString","coordinates":[[126.95102,37.48032],[126.95087,37.47937]]}},{"type":"Feature","properties":{"class":"minor","highway":"residential","sidewalk":"no","lanes":0,"name":"쑥고개로26길","oneway":false},"geometry":{"type":"LineString","coordinates":[[126.94934,37.47728],[126.94949,37.47757],[126.94958,37.47772],[126.94973,37.47802],[126.94984,37.47892]]}},{"type":"Feature","properties":{"class":"alley","highway":"service","sidewalk":"unknown","lanes":0,"name":"남부순환로216길","oneway":false},"geometry":{"type":"LineString","coordinates":[[126.94926,37.47998],[126.94959,37.4801]]}},{"type":"Feature","properties":{"class":"alley","highway":"service","sidewalk":"unknown","lanes":0,"name":"장군봉7길","oneway":false},"geometry":{"type":"LineString","coordinates":[[126.94077,37.47986],[126.94122,37.47979]]}},{"type":"Feature","properties":{"class":"minor","highway":"residential","sidewalk":"unknown","lanes":0,"name":"장군봉5길","oneway":false},"geometry":{"type":"LineString","coordinates":[[126.94076,37.48084],[126.94096,37.48074],[126.94113,37.48066],[126.94126,37.4806],[126.94138,37.48055],[126.94129,37.48018],[126.94127,37.48008],[126.94122,37.47979],[126.94138,37.47959],[126.94157,37.47935]]}},{"type":"Feature","properties":{"class":"minor","highway":"residential","sidewalk":"unknown","lanes":0,"name":"청룡8길","oneway":false},"geometry":{"type":"LineString","coordinates":[[126.94262,37.48024],[126.94202,37.48028],[126.94153,37.47997],[126.94122,37.47979],[126.94068,37.47949]]}},{"type":"Feature","properties":{"class":"minor","highway":"residential","sidewalk":"unknown","lanes":0,"name":"쑥고개로13길","oneway":true},"geometry":{"type":"LineString","coordinates":[[126.94405,37.48102],[126.94403,37.4809],[126.94395,37.48047],[126.94394,37.48042],[126.94392,37.4803],[126.94388,37.48006],[126.94378,37.47952]]}},{"type":"Feature","properties":{"class":"minor","highway":"residential","sidewalk":"unknown","lanes":0,"name":"청룡7길","oneway":false},"geometry":{"type":"LineString","coordinates":[[126.94956,37.4795],[126.94942,37.47952],[126.94935,37.47952],[126.94929,37.47953],[126.94887,37.47957],[126.94882,37.47957],[126.94877,37.47958],[126.94852,37.4796],[126.9474,37.47971],[126.94653,37.4798],[126.94593,37.47986]]}},{"type":"Feature","properties":{"class":"minor","highway":"residential","sidewalk":"unknown","lanes":0,"name":"청룡5길","oneway":false},"geometry":{"type":"LineString","coordinates":[[126.9474,37.47971],[126.9469,37.48011],[126.94688,37.48013],[126.94671,37.48027],[126.94616,37.48072],[126.94609,37.48081]]}},{"type":"Feature","properties":{"class":"alley","highway":"service","sidewalk":"unknown","lanes":0,"name":"청룡7길","oneway":false},"geometry":{"type":"LineString","coordinates":[[126.94653,37.4798],[126.94656,37.47997]]}},{"type":"Feature","properties":{"class":"minor","highway":"residential","sidewalk":"no","lanes":0,"name":"관악로11길","oneway":false},"geometry":{"type":"LineString","coordinates":[[126.94726,37.47888],[126.94789,37.47866],[126.94825,37.47854],[126.9485,37.47845],[126.94884,37.47833],[126.9491,37.47824],[126.94937,37.47815],[126.94973,37.47802],[126.95006,37.47797],[126.95011,37.47796],[126.95042,37.4779],[126.95112,37.47778]]}},{"type":"Feature","properties":{"class":"minor","highway":"residential","sidewalk":"no","lanes":0,"name":"남부순환로226길","oneway":false},"geometry":{"type":"LineString","coordinates":[[126.95356,37.47911],[126.95362,37.47957],[126.95364,37.47977],[126.95387,37.48012],[126.95418,37.48058],[126.95421,37.48063]]}},{"type":"Feature","properties":{"class":"minor","highway":"residential","sidewalk":"no","lanes":0,"name":"관악로14가길","oneway":false},"geometry":{"type":"LineString","coordinates":[[126.95468,37.47457],[126.95506,37.4755],[126.95547,37.47653],[126.95589,37.47757],[126.95606,37.47798],[126.95623,37.47841]]}},{"type":"Feature","properties":{"class":"alley","highway":"service","sidewalk":"unknown","lanes":0,"name":"낙성대로4가길","oneway":false},"geometry":{"type":"LineString","coordinates":[[126.95821,37.47724],[126.95839,37.47668],[126.95857,37.4761]]}},{"type":"Feature","properties":{"class":"minor","highway":"residential","sidewalk":"no","lanes":0,"name":"관악로6길","oneway":false},"geometry":{"type":"LineString","coordinates":[[126.95287,37.47449],[126.9535,37.47456],[126.95374,37.47459],[126.95369,37.47483],[126.9535,37.4758],[126.9534,37.47633],[126.95329,37.47685],[126.9535,37.47739],[126.95357,37.47757],[126.95344,37.47809],[126.95351,37.47868],[126.95353,37.47884],[126.95356,37.47911]]}},{"type":"Feature","properties":{"class":"alley","highway":"service","sidewalk":"unknown","lanes":0,"name":"남부순환로230길","oneway":false},"geometry":{"type":"LineString","coordinates":[[126.9554,37.47814],[126.95606,37.47798]]}},{"type":"Feature","properties":{"class":"alley","highway":"service","sidewalk":"unknown","lanes":0,"name":"남부순환로228길","oneway":true},"geometry":{"type":"LineString","coordinates":[[126.95377,37.47583],[126.95397,37.47636],[126.95416,37.47684],[126.95437,37.4774],[126.95456,37.47788],[126.95473,37.47833],[126.95489,37.47876],[126.95487,37.47925],[126.95483,37.47978]]}},{"type":"Feature","properties":{"class":"minor","highway":"residential","sidewalk":"no","lanes":0,"name":"남부순환로230길","oneway":false},"geometry":{"type":"LineString","coordinates":[[126.95403,37.47474],[126.9544,37.47567],[126.95481,37.4767],[126.95524,37.47773],[126.9554,37.47814],[126.95558,37.47858],[126.95554,37.47879],[126.95545,37.47932],[126.95539,37.4796],[126.95538,37.47978],[126.9554,37.4801],[126.95541,37.48017]]}},{"type":"Feature","properties":{"class":"minor","highway":"residential","sidewalk":"yes","lanes":2,"name":"남부순환로224길","oneway":false},"geometry":{"type":"LineString","coordinates":[[126.95304,37.47916],[126.95316,37.47996],[126.95323,37.48037],[126.95332,37.48093],[126.95332,37.48096]]}},{"type":"Feature","properties":{"class":"minor","highway":"residential","sidewalk":"no","lanes":0,"name":"관악로12길","oneway":true},"geometry":{"type":"LineString","coordinates":[[126.95888,37.47742],[126.95845,37.47731],[126.95826,37.47726],[126.95821,37.47724],[126.95756,37.47711],[126.95722,37.47724],[126.95698,37.4773],[126.95655,37.47741],[126.95622,37.47749],[126.95589,37.47757],[126.95524,37.47773],[126.95456,37.47788],[126.95421,37.47795],[126.95344,37.47809],[126.95267,37.47815],[126.95221,37.47819]]}},{"type":"Feature","properties":{"class":"minor","highway":"residential","sidewalk":"unknown","lanes":0,"name":"남부순환로234길","oneway":true},"geometry":{"type":"LineString","coordinates":[[126.95613,37.47637],[126.95634,37.4769],[126.95655,37.47741],[126.95666,37.47769],[126.95672,37.47784],[126.95674,37.4779],[126.95688,37.47826]]}},{"type":"Feature","properties":{"class":"minor","highway":"residential","sidewalk":"unknown","lanes":0,"name":"관악로8길","oneway":false},"geometry":{"type":"LineString","coordinates":[[126.95263,37.47568],[126.9535,37.4758],[126.95377,37.47583],[126.9544,37.47567],[126.95506,37.4755],[126.95572,37.47532]]}},{"type":"Feature","properties":{"class":"minor","highway":"residential","sidewalk":"unknown","lanes":0,"name":"낙성대로4길","oneway":false},"geometry":{"type":"LineString","coordinates":[[126.95756,37.47711],[126.95773,37.47651],[126.95778,37.47638],[126.95793,37.47593],[126.95828,37.47602],[126.95857,37.4761],[126.95904,37.47621]]}},{"type":"Feature","properties":{"class":"minor","highway":"residential","sidewalk":"unknown","lanes":0,"name":"관악로10길","oneway":true},"geometry":{"type":"LineString","coordinates":[[126.95242,37.47673],[126.95329,37.47685],[126.95416,37.47684],[126.95481,37.4767],[126.95547,37.47653],[126.95583,37.47647],[126.95613,37.47637],[126.95621,37.47635],[126.95671,37.47642],[126.9569,37.47645],[126.95773,37.47651]]}},{"type":"Feature","properties":{"class":"minor","highway":"residential","sidewalk":"no","lanes":0,"name":"관악로13길","oneway":false},"geometry":{"type":"LineString","coordinates":[[126.95235,37.47922],[126.95217,37.47924],[126.9515,37.47931],[126.95087,37.47937],[126.9502,37.47944],[126.94956,37.4795]]}},{"type":"Feature","properties":{"class":"minor","highway":"residential","sidewalk":"unknown","lanes":0,"name":"관악로14나길","oneway":true},"geometry":{"type":"LineString","coordinates":[[126.95753,37.47802],[126.95741,37.47771],[126.95729,37.47742],[126.95722,37.47724],[126.9569,37.47645]]}},{"type":"Feature","properties":{"class":"alley","highway":"service","sidewalk":"unknown","lanes":0,"name":"남부순환로226길","oneway":false},"geometry":{"type":"LineString","coordinates":[[126.95362,37.47957],[126.95487,37.47925]]}},{"type":"Feature","properties":{"class":"minor","highway":"residential","sidewalk":"no","lanes":0,"name":"관악로16길","oneway":false},"geometry":{"type":"LineString","coordinates":[[126.95539,37.4796],[126.95483,37.47978],[126.95387,37.48012],[126.95323,37.48037],[126.95283,37.48041],[126.95255,37.48044]]}},{"type":"Feature","properties":{"class":"minor","highway":"residential","sidewalk":"unknown","lanes":0,"name":"남부순환로","oneway":false},"geometry":{"type":"LineString","coordinates":[[126.95827,37.47835],[126.95849,37.47872],[126.95857,37.47887],[126.9586,37.4789]]}},{"type":"Feature","properties":{"class":"minor","highway":"residential","sidewalk":"unknown","lanes":0,"name":"청룡중앙길","oneway":false},"geometry":{"type":"LineString","coordinates":[[126.9472,37.47805],[126.94746,37.47796],[126.94784,37.47782],[126.94808,37.47773]]}},{"type":"Feature","properties":{"class":"alley","highway":"service","sidewalk":"unknown","lanes":0,"name":"쑥고개로16길","oneway":false},"geometry":{"type":"LineString","coordinates":[[126.94412,37.47739],[126.94452,37.47735]]}},{"type":"Feature","properties":{"class":"minor","highway":"residential","sidewalk":"unknown","lanes":0,"name":"청룡중앙길","oneway":false},"geometry":{"type":"LineString","coordinates":[[126.94689,37.4766],[126.94695,37.47705],[126.94704,37.47756],[126.9472,37.47805],[126.94725,37.47862],[126.94726,37.47888],[126.94731,37.47917]]}},{"type":"Feature","properties":{"class":"major","highway":"secondary","sidewalk":"likely","lanes":0,"name":"쑥고개로","oneway":false},"geometry":{"type":"LineString","coordinates":[[126.95226,37.47868],[126.95141,37.47876],[126.95129,37.47877],[126.95079,37.47882],[126.95067,37.47884],[126.95056,37.47885],[126.95011,37.47889],[126.94984,37.47892],[126.94956,37.47895],[126.94945,37.47896],[126.94922,37.47898],[126.94883,37.47902],[126.9487,37.47903],[126.94731,37.47917],[126.94585,37.47932],[126.94549,37.47935],[126.94518,37.47939],[126.9451,37.47939],[126.94446,37.47946],[126.94438,37.47947],[126.9441,37.47949],[126.94378,37.47952],[126.94348,37.47956],[126.94315,37.47959],[126.94313,37.47959],[126.94282,37.47962],[126.94246,37.47966],[126.94233,37.47965],[126.9422,37.47963],[126.94208,37.4796],[126.94195,37.47955],[126.94176,37.47946],[126.94157,37.47935],[126.94129,37.47919],[126.94075,37.47886],[126.94021,37.47854],[126.94003,37.47844],[126.93964,37.4782],[126.93953,37.47814],[126.93901,37.47779],[126.9384,37.47739],[126.93831,37.47733],[126.93824,37.47729],[126.93819,37.47727],[126.93814,37.47726],[126.93809,37.47724],[126.93803,37.47723],[126.93781,37.47718],[126.93757,37.47713],[126.93754,37.47711],[126.93737,37.47706]]}},{"type":"Feature","properties":{"class":"minor","highway":"residential","sidewalk":"unknown","lanes":0,"name":"장군봉7길","oneway":false},"geometry":{"type":"LineString","coordinates":[[126.94063,37.47899],[126.94054,37.47909],[126.94048,37.47916],[126.94053,37.47936],[126.94057,37.4795],[126.94065,37.47984],[126.94066,37.47988],[126.94074,37.48018],[126.94076,37.48026],[126.94055,37.48033],[126.94027,37.48043],[126.94009,37.48049],[126.93986,37.48057],[126.93969,37.48063],[126.93928,37.48077]]}},{"type":"Feature","properties":{"class":"minor","highway":"residential","sidewalk":"unknown","lanes":0,"name":"쑥고개로16길","oneway":false},"geometry":{"type":"LineString","coordinates":[[126.94405,37.47689],[126.94392,37.4769],[126.94362,37.47693],[126.94359,37.47678],[126.94351,37.47629],[126.94346,37.47599],[126.94343,37.47582],[126.94336,37.47539],[126.94334,37.4753],[126.94333,37.47526],[126.9433,37.47522],[126.94326,37.47519],[126.94321,37.47518],[126.94312,37.47516]]}},{"type":"Feature","properties":{"class":"alley","highway":"service","sidewalk":"unknown","lanes":0,"name":"장군봉7길","oneway":false},"geometry":{"type":"LineString","coordinates":[[126.94023,37.47919],[126.94005,37.4794],[126.94065,37.47984]]}},{"type":"Feature","properties":{"class":"minor","highway":"residential","sidewalk":"unknown","lanes":0,"name":"남부순환로214길","oneway":false},"geometry":{"type":"LineString","coordinates":[[126.9477,37.4817],[126.94769,37.48165],[126.94769,37.48163],[126.94761,37.48111],[126.94755,37.48067],[126.9475,37.48038],[126.9474,37.47971],[126.94732,37.47922],[126.94731,37.47917]]}},{"type":"Feature","properties":{"class":"alley","highway":"service","sidewalk":"unknown","lanes":0,"name":"복은10길","oneway":false},"geometry":{"type":"LineString","coordinates":[[126.94158,37.47405],[126.94173,37.47432]]}},{"type":"Feature","properties":{"class":"alley","highway":"service","sidewalk":"unknown","lanes":0,"name":"서림9길","oneway":false},"geometry":{"type":"LineString","coordinates":[[126.93927,37.47229],[126.93985,37.47247],[126.94027,37.4726],[126.94073,37.47274],[126.94143,37.47297],[126.94204,37.47316]]}},{"type":"Feature","properties":{"class":"minor","highway":"residential","sidewalk":"unknown","lanes":0,"name":"서림11가길","oneway":false},"geometry":{"type":"LineString","coordinates":[[126.94192,37.47091],[126.9419,37.47102],[126.94186,37.4712],[126.94166,37.47135]]}},{"type":"Feature","properties":{"class":"minor","highway":"residential","sidewalk":"unknown","lanes":0,"name":"복은10길","oneway":false},"geometry":{"type":"LineString","coordinates":[[126.94267,37.47462],[126.94252,37.47435],[126.94238,37.47409]]}},{"type":"Feature","properties":{"class":"minor","highway":"residential","sidewalk":"unknown","lanes":0,"name":"서림5길","oneway":false},"geometry":{"type":"LineString","coordinates":[[126.93905,37.47273],[126.93926,37.47304],[126.93931,37.47311],[126.93995,37.4733],[126.94044,37.47344],[126.94043,37.47373]]}},{"type":"Feature","properties":{"class":"minor","highway":"residential","sidewalk":"unknown","lanes":0,"name":"복은12길","oneway":false},"geometry":{"type":"LineString","coordinates":[[126.94252,37.47435],[126.94183,37.47461],[126.94111,37.47488]]}},{"type":"Feature","properties":{"class":"alley","highway":"service","sidewalk":"unknown","lanes":0,"name":"복은12길","oneway":false},"geometry":{"type":"LineString","coordinates":[[126.94168,37.47434],[126.94183,37.47461]]}},{"type":"Feature","properties":{"class":"alley","highway":"service","sidewalk":"unknown","lanes":0,"name":"서림7길","oneway":false},"geometry":{"type":"LineString","coordinates":[[126.94233,37.47203],[126.9423,37.4722]]}},{"type":"Feature","properties":{"class":"alley","highway":"service","sidewalk":"unknown","lanes":0,"name":"서림3길","oneway":false},"geometry":{"type":"LineString","coordinates":[[126.94158,37.47169],[126.94263,37.47175]]}},{"type":"Feature","properties":{"class":"alley","highway":"service","sidewalk":"unknown","lanes":0,"name":"복은10길","oneway":false},"geometry":{"type":"LineString","coordinates":[[126.94264,37.47393],[126.94295,37.47452]]}},{"type":"Feature","properties":{"class":"minor","highway":"residential","sidewalk":"unknown","lanes":0,"name":"복은14길","oneway":false},"geometry":{"type":"LineString","coordinates":[[126.94293,37.47513],[126.94267,37.47462]]}},{"type":"Feature","properties":{"class":"alley","highway":"service","sidewalk":"unknown","lanes":0,"name":"복은14길","oneway":false},"geometry":{"type":"LineString","coordinates":[[126.94295,37.47452],[126.94325,37.47508]]}},{"type":"Feature","properties":{"class":"minor","highway":"residential","sidewalk":"unknown","lanes":0,"name":"복은8길","oneway":false},"geometry":{"type":"LineString","coordinates":[[126.94259,37.47368],[126.94229,37.47379],[126.94224,37.47381],[126.94158,37.47405],[126.94121,37.47419],[126.9409,37.47431],[126.9406,37.47442],[126.94073,37.47469],[126.9408,37.47484]]}},{"type":"Feature","properties":{"class":"minor","highway":"residential","sidewalk":"unknown","lanes":0,"name":"서림3길","oneway":false},"geometry":{"type":"LineString","coordinates":[[126.94142,37.47154],[126.94158,37.47169],[126.94191,37.472],[126.94212,37.47219]]}},{"type":"Feature","properties":{"class":"minor","highway":"residential","sidewalk":"unknown","lanes":0,"name":"","oneway":false},"geometry":{"type":"LineString","coordinates":[[126.94146,37.47367],[126.94137,37.47335],[126.94126,37.47332]]}},{"type":"Feature","properties":{"class":"alley","highway":"service","sidewalk":"unknown","lanes":0,"name":"복은14길","oneway":false},"geometry":{"type":"LineString","coordinates":[[126.94183,37.47461],[126.94197,37.47487]]}},{"type":"Feature","properties":{"class":"minor","highway":"residential","sidewalk":"unknown","lanes":0,"name":"서림길","oneway":false},"geometry":{"type":"LineString","coordinates":[[126.9373,37.47605],[126.93735,37.47601],[126.93739,37.47595],[126.93766,37.47551],[126.93782,37.47516],[126.93786,37.47507],[126.93792,37.47495],[126.93813,37.47453],[126.93816,37.47448],[126.9387,37.47342],[126.93882,37.47318],[126.93895,37.47292],[126.93905,37.47273],[126.9391,37.47263],[126.93922,37.4724],[126.93927,37.47229],[126.93949,37.47187],[126.93996,37.47151],[126.94075,37.47092],[126.9409,37.47083]]}},{"type":"Feature","properties":{"class":"minor","highway":"residential","sidewalk":"unknown","lanes":0,"name":"복은6길","oneway":false},"geometry":{"type":"LineString","coordinates":[[126.93827,37.47449],[126.93865,37.47413],[126.9387,37.47409],[126.93911,37.4739],[126.93922,37.47396],[126.93935,37.47401],[126.93947,37.47403],[126.9396,37.47404],[126.93971,37.47403],[126.9398,37.47401],[126.93988,37.47398],[126.93995,37.47394],[126.94,37.4739],[126.94004,37.47385],[126.94008,37.4738],[126.94043,37.47373],[126.9408,37.47374],[126.94114,37.47372],[126.94146,37.47367],[126.94212,37.47356]]}},{"type":"Feature","properties":{"class":"minor","highway":"residential","sidewalk":"unknown","lanes":0,"name":"서림길","oneway":false},"geometry":{"type":"LineString","coordinates":[[126.93949,37.47187],[126.94039,37.47234]]}},{"type":"Feature","properties":{"class":"alley","highway":"service","sidewalk":"unknown","lanes":0,"name":"서림3길","oneway":false},"geometry":{"type":"LineString","coordinates":[[126.94191,37.472],[126.94233,37.47203],[126.94276,37.47207]]}},{"type":"Feature","properties":{"class":"alley","highway":"service","sidewalk":"unknown","lanes":0,"name":"복은14길","oneway":false},"geometry":{"type":"LineString","coordinates":[[126.94307,37.47415],[126.94322,37.47442]]}},{"type":"Feature","properties":{"class":"minor","highway":"residential","sidewalk":"unknown","lanes":0,"name":"서림7길","oneway":false},"geometry":{"type":"LineString","coordinates":[[126.9391,37.47263],[126.94011,37.47295],[126.94126,37.47332],[126.94143,37.47297],[126.94161,37.47261],[126.94164,37.47254],[126.94177,37.47245],[126.94212,37.47219],[126.9423,37.4722],[126.94278,37.47224]]}},{"type":"Feature","properties":{"class":"minor","highway":"residential","sidewalk":"unknown","lanes":0,"name":"서림11길","oneway":false},"geometry":{"type":"LineString","coordinates":[[126.93996,37.47151],[126.94015,37.47166],[126.94071,37.47209],[126.94123,37.47249],[126.94161,37.47261],[126.94219,37.47279]]}},{"type":"Feature","properties":{"class":"alley","highway":"service","sidewalk":"unknown","lanes":0,"name":"복은6길","oneway":false},"geometry":{"type":"LineString","coordinates":[[126.94114,37.47372],[126.94107,37.47338]]}},{"type":"Feature","properties":{"class":"minor","highway":"residential","sidewalk":"unknown","lanes":0,"name":"복은10길","oneway":false},"geometry":{"type":"LineString","coordinates":[[126.94073,37.47469],[126.94168,37.47434],[126.94173,37.47432],[126.94238,37.47409],[126.94235,37.47403],[126.94264,37.47393],[126.94279,37.47387]]}},{"type":"Feature","properties":{"class":"minor","highway":"residential","sidewalk":"unknown","lanes":0,"name":"복은8길","oneway":false},"geometry":{"type":"LineString","coordinates":[[126.9406,37.47442],[126.94052,37.47432],[126.94032,37.47406],[126.94007,37.47408],[126.93995,37.47394]]}},{"type":"Feature","properties":{"class":"alley","highway":"service","sidewalk":"unknown","lanes":0,"name":"복은8길","oneway":false},"geometry":{"type":"LineString","coordinates":[[126.94052,37.47432],[126.9408,37.47419],[126.9409,37.47431]]}},{"type":"Feature","properties":{"class":"alley","highway":"service","sidewalk":"unknown","lanes":0,"name":"복은8길","oneway":false},"geometry":{"type":"LineString","coordinates":[[126.94121,37.47419],[126.94114,37.47372]]}},{"type":"Feature","properties":{"class":"minor","highway":"residential","sidewalk":"unknown","lanes":0,"name":"복은14길","oneway":false},"geometry":{"type":"LineString","coordinates":[[126.94172,37.47496],[126.94197,37.47487],[126.94267,37.47462],[126.94295,37.47452],[126.94322,37.47442]]}},{"type":"Feature","properties":{"class":"minor","highway":"residential","sidewalk":"unknown","lanes":0,"name":"서림11가길","oneway":false},"geometry":{"type":"LineString","coordinates":[[126.94059,37.47138],[126.94107,37.47181]]}},{"type":"Feature","properties":{"class":"minor","highway":"residential","sidewalk":"unknown","lanes":0,"name":"서림3길","oneway":false},"geometry":{"type":"LineString","coordinates":[[126.9387,37.47342],[126.93938,37.47347],[126.93995,37.4733],[126.94011,37.47295],[126.94027,37.4726],[126.94039,37.47234],[126.94057,37.47221],[126.94071,37.47209],[126.94107,37.47181],[126.94142,37.47154],[126.94166,37.47135]]}},{"type":"Feature","properties":{"class":"minor","highway":"residential","sidewalk":"unknown","lanes":0,"name":"","oneway":false},"geometry":{"type":"LineString","coordinates":[[126.94259,37.47368],[126.94279,37.47387]]}},{"type":"Feature","properties":{"class":"minor","highway":"residential","sidewalk":"unknown","lanes":0,"name":"복은10길","oneway":false},"geometry":{"type":"LineString","coordinates":[[126.94235,37.47403],[126.94224,37.47381]]}},{"type":"Feature","properties":{"class":"alley","highway":"service","sidewalk":"unknown","lanes":0,"name":"복은14길","oneway":false},"geometry":{"type":"LineString","coordinates":[[126.94322,37.47442],[126.94341,37.4748],[126.94348,37.47493]]}},{"type":"Feature","properties":{"class":"alley","highway":"service","sidewalk":"unknown","lanes":0,"name":"서림3길","oneway":false},"geometry":{"type":"LineString","coordinates":[[126.94107,37.47181],[126.94177,37.47245]]}},{"type":"Feature","properties":{"class":"alley","highway":"service","sidewalk":"unknown","lanes":0,"name":"서림11가길","oneway":false},"geometry":{"type":"LineString","coordinates":[[126.94015,37.47166],[126.94059,37.47138],[126.94073,37.47129],[126.94166,37.47135],[126.94257,37.47141]]}},{"type":"Feature","properties":{"class":"alley","highway":"service","sidewalk":"unknown","lanes":0,"name":"남부순환로237길","oneway":false},"geometry":{"type":"LineString","coordinates":[[126.95989,37.47853],[126.95996,37.47863],[126.96032,37.47915],[126.96083,37.47952],[126.96109,37.47972],[126.9611,37.4798]]}},{"type":"Feature","properties":{"class":"alley","highway":"service","sidewalk":"unknown","lanes":0,"name":"낙성대로","oneway":false},"geometry":{"type":"LineString","coordinates":[[126.95933,37.47757],[126.9598,37.47738],[126.96015,37.47721],[126.9604,37.47758]]}},{"type":"Feature","properties":{"class":"major","highway":"secondary","sidewalk":"likely","lanes":0,"name":"신림로","oneway":true},"geometry":{"type":"LineString","coordinates":[[126.94829,37.4676],[126.9481,37.46763],[126.94786,37.4677],[126.94767,37.46779],[126.94762,37.46782],[126.94751,37.46787],[126.94733,37.46798],[126.9469,37.4683]]}},{"type":"Feature","properties":{"class":"alley","highway":"service","sidewalk":"unknown","lanes":0,"name":"","oneway":false},"geometry":{"type":"LineString","coordinates":[[126.95791,37.46464],[126.95808,37.46465],[126.95839,37.4647],[126.95854,37.46472],[126.95879,37.4648],[126.95906,37.46493],[126.95925,37.46506],[126.95971,37.46539]]}},{"type":"Feature","properties":{"class":"alley","highway":"service","sidewalk":"unknown","lanes":0,"name":"","oneway":false},"geometry":{"type":"LineString","coordinates":[[126.95925,37.46506],[126.959,37.46541],[126.95894,37.46563],[126.95895,37.4661],[126.95879,37.4663]]}},{"type":"Feature","properties":{"class":"alley","highway":"service","sidewalk":"unknown","lanes":0,"name":"","oneway":false},"geometry":{"type":"LineString","coordinates":[[126.95922,37.46839],[126.95924,37.46846],[126.95925,37.46851],[126.95986,37.46844],[126.95988,37.46854]]}},{"type":"Feature","properties":{"class":"minor","highway":"residential","sidewalk":"unknown","lanes":0,"name":"","oneway":true},"geometry":{"type":"LineString","coordinates":[[126.95966,37.46551],[126.95968,37.46545],[126.95971,37.46539],[126.95977,37.46535],[126.95984,37.46532],[126.95992,37.46531],[126.95999,37.46532],[126.96002,37.46534],[126.96006,37.46535],[126.96012,37.4654],[126.96015,37.46546],[126.96016,37.46552],[126.96014,37.46558],[126.96011,37.46563],[126.96006,37.46567],[126.95999,37.4657],[126.95991,37.46571],[126.95983,37.4657],[126.95976,37.46567],[126.95971,37.46563],[126.95967,37.46557],[126.95966,37.46551]]}},{"type":"Feature","properties":{"class":"alley","highway":"service","sidewalk":"unknown","lanes":0,"name":"","oneway":true},"geometry":{"type":"LineString","coordinates":[[126.94968,37.46049],[126.94991,37.4603],[126.95,37.46024]]}},{"type":"Feature","properties":{"class":"alley","highway":"service","sidewalk":"unknown","lanes":0,"name":"","oneway":false},"geometry":{"type":"LineString","coordinates":[[126.94994,37.4658],[126.94989,37.46588],[126.94967,37.46622]]}},{"type":"Feature","properties":{"class":"major","highway":"trunk_link","sidewalk":"likely","lanes":0,"name":"","oneway":true},"geometry":{"type":"LineString","coordinates":[[126.95192,37.46936],[126.9515,37.46894],[126.9512,37.46858],[126.95095,37.46841],[126.95068,37.46826],[126.95041,37.46811],[126.95007,37.46796],[126.9496,37.4678],[126.94929,37.46774],[126.94909,37.4677],[126.94894,37.46771],[126.9488,37.46771],[126.9487,37.46772],[126.94841,37.46776],[126.94812,37.46782],[126.948,37.46787],[126.94789,37.46791],[126.94782,37.46796],[126.94771,37.46808],[126.94767,37.4682],[126.94767,37.46836],[126.94774,37.46853],[126.94785,37.46865],[126.94883,37.46937]]}},{"type":"Feature","properties":{"class":"major","highway":"trunk_link","sidewalk":"likely","lanes":0,"name":"","oneway":true},"geometry":{"type":"LineString","coordinates":[[126.94893,37.46991],[126.94845,37.4697]]}},{"type":"Feature","properties":{"class":"major","highway":"trunk_link","sidewalk":"likely","lanes":0,"name":"","oneway":true},"geometry":{"type":"LineString","coordinates":[[126.94488,37.46952],[126.94503,37.46931],[126.94606,37.46853]]}},{"type":"Feature","properties":{"class":"major","highway":"trunk","sidewalk":"likely","lanes":3,"name":"강남순환로","oneway":true},"geometry":{"type":"LineString","coordinates":[[126.90748,37.43793],[126.90797,37.43795],[126.90867,37.43803],[126.90998,37.43826],[126.91126,37.43866],[126.91262,37.43933],[126.91444,37.44057],[126.91975,37.44449],[126.925,37.44833],[126.92948,37.45164],[126.93533,37.45598],[126.93936,37.45966],[126.94299,37.46376],[126.94528,37.46623]]}},{"type":"Feature","properties":{"class":"alley","highway":"service","sidewalk":"unknown","lanes":0,"name":"남부순환로","oneway":false},"geometry":{"type":"LineString","coordinates":[[126.95754,37.48013],[126.95759,37.48001],[126.95761,37.4796],[126.95762,37.47943]]}},{"type":"Feature","properties":{"class":"alley","highway":"service","sidewalk":"unknown","lanes":0,"name":"남부순환로233길","oneway":false},"geometry":{"type":"LineString","coordinates":[[126.95805,37.48],[126.95807,37.48002],[126.95815,37.48006],[126.95835,37.48017],[126.95876,37.48036],[126.95882,37.48039],[126.959,37.48047],[126.95928,37.48062],[126.95943,37.48069]]}},{"type":"Feature","properties":{"class":"alley","highway":"service","sidewalk":"unknown","lanes":0,"name":"행운2길","oneway":false},"geometry":{"type":"LineString","coordinates":[[126.95805,37.48],[126.95907,37.47963]]}},{"type":"Feature","properties":{"class":"minor","highway":"residential","sidewalk":"unknown","lanes":0,"name":"행운길","oneway":false},"geometry":{"type":"LineString","coordinates":[[126.95869,37.47901],[126.95876,37.47913],[126.95907,37.47963],[126.95937,37.48012],[126.95947,37.48032],[126.9595,37.48039],[126.9595,37.48045],[126.95949,37.48056],[126.95943,37.48069]]}},{"type":"Feature","properties":{"class":"alley","highway":"service","sidewalk":"unknown","lanes":0,"name":"남부순환로231길","oneway":false},"geometry":{"type":"LineString","coordinates":[[126.95641,37.47991],[126.95649,37.48004],[126.95668,37.4803],[126.95733,37.4803],[126.95767,37.4804],[126.95781,37.48048],[126.95795,37.48059],[126.95803,37.48072],[126.9581,37.48084],[126.95815,37.48091],[126.95819,37.48106],[126.95829,37.4812],[126.9583,37.48122],[126.95832,37.48126],[126.95848,37.48153]]}},{"type":"Feature","properties":{"class":"minor","highway":"residential","sidewalk":"unknown","lanes":0,"name":"신림로3길","oneway":false},"geometry":{"type":"LineString","coordinates":[[126.94441,37.46776],[126.94463,37.46859],[126.9447,37.46885],[126.9448,37.46923],[126.94481,37.46927]]}},{"type":"Feature","properties":{"class":"minor","highway":"residential","sidewalk":"unknown","lanes":0,"name":"신림로7길","oneway":false},"geometry":{"type":"LineString","coordinates":[[126.94139,37.47066],[126.94139,37.4706],[126.94146,37.46992],[126.94158,37.46883]]}},{"type":"Feature","properties":{"class":"minor","highway":"residential","sidewalk":"no","lanes":0,"name":"신림로3가길","oneway":false},"geometry":{"type":"LineString","coordinates":[[126.94075,37.46876],[126.94158,37.46883],[126.94203,37.46888],[126.9421,37.46889],[126.94243,37.46888],[126.94304,37.46887],[126.94402,37.4687],[126.94463,37.46859]]}},{"type":"Feature","properties":{"class":"minor","highway":"residential","sidewalk":"unknown","lanes":0,"name":"신림로7가길","oneway":false},"geometry":{"type":"LineString","coordinates":[[126.94304,37.46887],[126.94297,37.46923],[126.94288,37.46973],[126.94283,37.46999],[126.94263,37.46998],[126.94146,37.46992]]}},{"type":"Feature","properties":{"class":"minor","highway":"residential","sidewalk":"unknown","lanes":0,"name":"대학5길","oneway":true},"geometry":{"type":"LineString","coordinates":[[126.9377,37.46919],[126.93775,37.46919],[126.93836,37.46922],[126.93842,37.46923],[126.93881,37.46925],[126.93984,37.46929],[126.94043,37.4694],[126.94045,37.4694],[126.94048,37.4694],[126.94051,37.46939],[126.94053,37.46938],[126.94056,37.46937],[126.94058,37.46935],[126.9406,37.46934],[126.94061,37.46932],[126.94062,37.46929],[126.94065,37.46918],[126.94075,37.46876]]}},{"type":"Feature","properties":{"class":"minor","highway":"residential","sidewalk":"unknown","lanes":0,"name":"대학7길","oneway":true},"geometry":{"type":"LineString","coordinates":[[126.94075,37.46876],[126.94076,37.46868],[126.94043,37.46863],[126.94002,37.46852],[126.93963,37.46845],[126.93926,37.46838],[126.93908,37.46839],[126.93877,37.4684],[126.93814,37.46843],[126.9377,37.46845],[126.93765,37.46846]]}},{"type":"Feature","properties":{"class":"minor","highway":"residential","sidewalk":"unknown","lanes":0,"name":"신림로7나길","oneway":false},"geometry":{"type":"LineString","coordinates":[[126.94146,37.46992],[126.94021,37.46974],[126.93998,37.46971],[126.93984,37.46967],[126.93976,37.46964],[126.93935,37.4694],[126.93927,37.46936],[126.93917,37.46932],[126.93908,37.46929],[126.93899,37.46927],[126.93889,37.46925],[126.93881,37.46925]]}},{"type":"Feature","properties":{"class":"alley","highway":"service","sidewalk":"yes","lanes":0,"name":"","oneway":false},"geometry":{"type":"LineString","coordinates":[[126.952,37.46361],[126.95187,37.4639],[126.95181,37.46406],[126.95177,37.46412],[126.95172,37.46417],[126.95163,37.46423],[126.95146,37.46432],[126.95138,37.46438],[126.95134,37.46443],[126.95133,37.46448],[126.95133,37.46457],[126.95134,37.46467],[126.95135,37.46481],[126.95136,37.46488],[126.95138,37.46514],[126.95139,37.46532],[126.95141,37.46554]]}},{"type":"Feature","properties":{"class":"alley","highway":"service","sidewalk":"unknown","lanes":0,"name":"","oneway":false},"geometry":{"type":"LineString","coordinates":[[126.95196,37.4635],[126.95196,37.46355],[126.95197,37.46358],[126.952,37.46361],[126.95205,37.46363],[126.95211,37.46363],[126.95216,37.46362],[126.95221,37.46361],[126.95224,37.46359],[126.95226,37.46356],[126.95227,37.46353],[126.95226,37.4635],[126.95225,37.46347],[126.95222,37.46344],[126.95217,37.46342],[126.95213,37.46341],[126.95209,37.4634],[126.95204,37.46341],[126.952,37.46344],[126.95198,37.46346],[126.95196,37.4635]]}},{"type":"Feature","properties":{"class":"minor","highway":"residential","sidewalk":"unknown","lanes":0,"name":"신림로3가길","oneway":false},"geometry":{"type":"LineString","coordinates":[[126.94304,37.46887],[126.94297,37.46859],[126.94273,37.46862],[126.94243,37.46872],[126.94243,37.46888]]}},{"type":"Feature","properties":{"class":"minor","highway":"residential","sidewalk":"unknown","lanes":0,"name":"신림로7가길","oneway":false},"geometry":{"type":"LineString","coordinates":[[126.9426,37.46976],[126.94243,37.46977],[126.94207,37.4698],[126.94163,37.46984],[126.94146,37.46992]]}},{"type":"Feature","properties":{"class":"minor","highway":"residential","sidewalk":"unknown","lanes":0,"name":"신림로7가길","oneway":false},"geometry":{"type":"LineString","coordinates":[[126.94263,37.46998],[126.9426,37.46976]]}},{"type":"Feature","properties":{"class":"minor","highway":"residential","sidewalk":"unknown","lanes":0,"name":"신림로3가길","oneway":false},"geometry":{"type":"LineString","coordinates":[[126.94207,37.4698],[126.9421,37.469],[126.9421,37.46889]]}},{"type":"Feature","properties":{"class":"minor","highway":"residential","sidewalk":"unknown","lanes":0,"name":"","oneway":false},"geometry":{"type":"LineString","coordinates":[[126.94203,37.46781],[126.9423,37.46776],[126.94238,37.4676],[126.94232,37.46731]]}},{"type":"Feature","properties":{"class":"minor","highway":"residential","sidewalk":"unknown","lanes":0,"name":"신림로7가길","oneway":false},"geometry":{"type":"LineString","coordinates":[[126.94163,37.46984],[126.94179,37.46937],[126.9421,37.469]]}},{"type":"Feature","properties":{"class":"minor","highway":"residential","sidewalk":"unknown","lanes":0,"name":"신림로7가길","oneway":false},"geometry":{"type":"LineString","coordinates":[[126.94276,37.46974],[126.9427,37.46938],[126.94282,37.46927],[126.94297,37.46923]]}},{"type":"Feature","properties":{"class":"minor","highway":"residential","sidewalk":"unknown","lanes":0,"name":"신림로7나길","oneway":false},"geometry":{"type":"LineString","coordinates":[[126.94021,37.46974],[126.94021,37.46962],[126.94048,37.46963],[126.94056,37.46962],[126.94065,37.4696],[126.94084,37.4695],[126.9409,37.46945],[126.94094,37.46938],[126.94098,37.46922]]}},{"type":"Feature","properties":{"class":"minor","highway":"residential","sidewalk":"unknown","lanes":0,"name":"대학5길","oneway":false},"geometry":{"type":"LineString","coordinates":[[126.9409,37.46945],[126.94056,37.46937]]}},{"type":"Feature","properties":{"class":"alley","highway":"service","sidewalk":"unknown","lanes":0,"name":"신림로","oneway":false},"geometry":{"type":"LineString","coordinates":[[126.94089,37.47061],[126.94089,37.47056],[126.94095,37.47022],[126.94034,37.47014]]}},{"type":"Feature","properties":{"class":"minor","highway":"residential","sidewalk":"unknown","lanes":0,"name":"대학7길","oneway":false},"geometry":{"type":"LineString","coordinates":[[126.94002,37.46852],[126.9402,37.46801]]}},{"type":"Feature","properties":{"class":"minor","highway":"residential","sidewalk":"unknown","lanes":0,"name":"신림로11길","oneway":false},"geometry":{"type":"LineString","coordinates":[[126.94009,37.46453],[126.9397,37.46433],[126.93965,37.46431]]}},{"type":"Feature","properties":{"class":"minor","highway":"residential","sidewalk":"unknown","lanes":0,"name":"신림로11길","oneway":false},"geometry":{"type":"LineString","coordinates":[[126.93932,37.4653],[126.94006,37.46573]]}},{"type":"Feature","properties":{"class":"minor","highway":"residential","sidewalk":"unknown","lanes":0,"name":"신림로11길","oneway":false},"geometry":{"type":"LineString","coordinates":[[126.93947,37.46515],[126.93993,37.46541],[126.94016,37.46555]]}},{"type":"Feature","properties":{"class":"minor","highway":"residential","sidewalk":"unknown","lanes":0,"name":"신림로11길","oneway":false},"geometry":{"type":"LineString","coordinates":[[126.93984,37.46478],[126.94002,37.46489],[126.94023,37.46502],[126.94031,37.46507],[126.94011,37.46524],[126.94004,37.46533],[126.93993,37.46541]]}},{"type":"Feature","properties":{"class":"minor","highway":"residential","sidewalk":"unknown","lanes":0,"name":"신림로11길","oneway":false},"geometry":{"type":"LineString","coordinates":[[126.93967,37.46495],[126.93986,37.46506],[126.94002,37.46489]]}},{"type":"Feature","properties":{"class":"minor","highway":"residential","sidewalk":"unknown","lanes":0,"name":"신림로11길","oneway":false},"geometry":{"type":"LineString","coordinates":[[126.94023,37.46502],[126.94045,37.4647],[126.94009,37.46453]]}},{"type":"Feature","properties":{"class":"alley","highway":"pedestrian","sidewalk":"unknown","lanes":0,"name":"","oneway":false},"geometry":{"type":"LineString","coordinates":[[126.95503,37.45976],[126.95534,37.46015],[126.95506,37.46028],[126.95504,37.46029],[126.95474,37.4599],[126.95477,37.45988],[126.95503,37.45976]]}},{"type":"Feature","properties":{"class":"alley","highway":"pedestrian","sidewalk":"unknown","lanes":0,"name":"","oneway":false},"geometry":{"type":"LineString","coordinates":[[126.95797,37.46504],[126.95794,37.46564],[126.95801,37.46565],[126.95801,37.46548],[126.95823,37.46549],[126.95823,37.46534],[126.95803,37.46534],[126.95805,37.46503],[126.958,37.46503],[126.95801,37.46488],[126.95812,37.46488],[126.95813,37.46474],[126.95808,37.46475],[126.95805,37.46476],[126.95801,37.46481],[126.95799,37.46487],[126.95797,37.46504]]}},{"type":"Feature","properties":{"class":"alley","highway":"service","sidewalk":"unknown","lanes":0,"name":"낙성대로","oneway":false},"geometry":{"type":"LineString","coordinates":[[126.95908,37.47495],[126.95835,37.47486],[126.95827,37.47494],[126.95819,37.47545],[126.95807,37.4756],[126.95791,37.47569],[126.95765,37.47569],[126.95754,37.47569],[126.95753,37.47508],[126.95755,37.47483]]}},{"type":"Feature","properties":{"class":"alley","highway":"service","sidewalk":"unknown","lanes":0,"name":"","oneway":false},"geometry":{"type":"LineString","coordinates":[[126.95326,37.46611],[126.95323,37.46617],[126.95277,37.46711],[126.95286,37.46715],[126.95293,37.46719],[126.95294,37.4673],[126.95255,37.46808],[126.95246,37.46809],[126.95233,37.46807],[126.95183,37.46791],[126.95172,37.46789],[126.95127,37.46776]]}},{"type":"Feature","properties":{"class":"minor","highway":"residential","sidewalk":"unknown","lanes":0,"name":"낙성대로","oneway":false},"geometry":{"type":"LineString","coordinates":[[126.95956,37.47792],[126.95976,37.47825],[126.9598,37.47838],[126.95982,37.47842]]}},{"type":"Feature","properties":{"class":"alley","highway":"service","sidewalk":"unknown","lanes":4,"name":"","oneway":false},"geometry":{"type":"LineString","coordinates":[[126.95649,37.46104],[126.9564,37.46114],[126.95636,37.46118]]}},{"type":"Feature","properties":{"class":"alley","highway":"service","sidewalk":"yes","lanes":2,"name":"","oneway":false},"geometry":{"type":"LineString","coordinates":[[126.95338,37.45338],[126.95357,37.45368],[126.95363,37.45379],[126.95394,37.45421],[126.95399,37.45429],[126.95412,37.45448],[126.95451,37.45502],[126.95521,37.45599],[126.95595,37.45683],[126.95608,37.45696],[126.9562,37.45712],[126.9563,37.45733],[126.95635,37.45752],[126.95655,37.45826],[126.95661,37.45844],[126.95666,37.45858],[126.95708,37.45918],[126.95717,37.45933],[126.95721,37.45947],[126.95721,37.4596],[126.95718,37.4597],[126.95714,37.45983],[126.9571,37.45995],[126.957,37.46014],[126.95691,37.46029],[126.95673,37.46062]]}},{"type":"Feature","properties":{"class":"alley","highway":"service","sidewalk":"unknown","lanes":0,"name":"낙성대로","oneway":false},"geometry":{"type":"LineString","coordinates":[[126.95797,37.46436],[126.95791,37.46464]]}},{"type":"Feature","properties":{"class":"minor","highway":"residential","sidewalk":"unknown","lanes":0,"name":"낙성대로3길","oneway":false},"geometry":{"type":"LineString","coordinates":[[126.95966,37.47556],[126.95999,37.47556],[126.9603,37.47547],[126.96047,37.47543],[126.96062,37.4754],[126.96063,37.4754],[126.96073,37.47544]]}},{"type":"Feature","properties":{"class":"alley","highway":"service","sidewalk":"unknown","lanes":0,"name":"낙성대로3길","oneway":false},"geometry":{"type":"LineString","coordinates":[[126.95988,37.47483],[126.96027,37.47496],[126.96074,37.4752]]}},{"type":"Feature","properties":{"class":"minor","highway":"residential","sidewalk":"unknown","lanes":0,"name":"","oneway":false},"geometry":{"type":"LineString","coordinates":[[126.95948,37.47442],[126.95965,37.47428],[126.96011,37.47431]]}},{"type":"Feature","properties":{"class":"alley","highway":"service","sidewalk":"unknown","lanes":0,"name":"행운2길","oneway":false},"geometry":{"type":"LineString","coordinates":[[126.95907,37.47963],[126.95967,37.47939],[126.95988,37.47931],[126.96032,37.47915],[126.96084,37.47894],[126.96145,37.47871],[126.96154,37.47867],[126.96224,37.4784],[126.96277,37.4782]]}},{"type":"Feature","properties":{"class":"alley","highway":"service","sidewalk":"unknown","lanes":0,"name":"","oneway":false},"geometry":{"type":"LineString","coordinates":[[126.95936,37.46438],[126.95913,37.46453],[126.95902,37.46459],[126.9589,37.46468],[126.95868,37.46467],[126.95854,37.46472]]}},{"type":"Feature","properties":{"class":"alley","highway":"service","sidewalk":"unknown","lanes":0,"name":"","oneway":false},"geometry":{"type":"LineString","coordinates":[[126.95854,37.46455],[126.95879,37.46453],[126.95893,37.46448],[126.95902,37.46446],[126.95913,37.46453]]}},{"type":"Feature","properties":{"class":"alley","highway":"service","sidewalk":"unknown","lanes":0,"name":"","oneway":false},"geometry":{"type":"LineString","coordinates":[[126.95447,37.46615],[126.95449,37.4662],[126.95449,37.46626],[126.95448,37.46629],[126.95446,37.46632],[126.95434,37.46639],[126.9543,37.46642],[126.95427,37.46646],[126.95427,37.46652],[126.95426,37.46662],[126.95424,37.46667],[126.9542,37.46672],[126.95413,37.46678],[126.95395,37.4669],[126.95391,37.46699],[126.95388,37.46707],[126.95391,37.46714],[126.95395,37.46717],[126.95407,37.46724]]}},{"type":"Feature","properties":{"class":"alley","highway":"service","sidewalk":"unknown","lanes":0,"name":"","oneway":false},"geometry":{"type":"LineString","coordinates":[[126.95233,37.46807],[126.95217,37.4682],[126.95208,37.46819],[126.9518,37.46799],[126.95172,37.46789]]}},{"type":"Feature","properties":{"class":"alley","highway":"service","sidewalk":"unknown","lanes":0,"name":"","oneway":false},"geometry":{"type":"LineString","coordinates":[[126.9515,37.46695],[126.95168,37.46661],[126.95185,37.46663]]}},{"type":"Feature","properties":{"class":"alley","highway":"service","sidewalk":"unknown","lanes":0,"name":"","oneway":false},"geometry":{"type":"LineString","coordinates":[[126.95187,37.46737],[126.9519,37.4673],[126.95158,37.46718]]}},{"type":"Feature","properties":{"class":"major","highway":"trunk","sidewalk":"likely","lanes":0,"name":"강남순환로","oneway":true},"geometry":{"type":"LineString","coordinates":[[126.94747,37.46851],[126.94777,37.46875],[126.94812,37.469],[126.94858,37.46931],[126.94875,37.46943]]}},{"type":"Feature","properties":{"class":"major","highway":"trunk_link","sidewalk":"likely","lanes":0,"name":"","oneway":true},"geometry":{"type":"LineString","coordinates":[[126.94528,37.46623],[126.94746,37.46819],[126.94765,37.4683],[126.94782,37.46838],[126.94799,37.46844],[126.94817,37.4685],[126.94832,37.4685],[126.94843,37.46849],[126.94855,37.46847],[126.94865,37.46843],[126.94872,37.46839],[126.9488,37.46833],[126.94884,37.46828],[126.94888,37.46821],[126.94889,37.46811],[126.94888,37.468],[126.94882,37.46791],[126.94872,37.46782],[126.94861,37.46774],[126.94852,37.4677],[126.94839,37.46768],[126.94828,37.46769]]}},{"type":"Feature","properties":{"class":"major","highway":"trunk_link","sidewalk":"likely","lanes":0,"name":"","oneway":true},"geometry":{"type":"LineString","coordinates":[[126.94606,37.46853],[126.94609,37.4685],[126.9461,37.46847],[126.94612,37.46843],[126.94613,37.46839],[126.94614,37.46835],[126.94614,37.4683],[126.94614,37.46826],[126.94613,37.46821],[126.94612,37.46817],[126.94611,37.46812],[126.9461,37.46807],[126.94606,37.46798],[126.94601,37.46789],[126.94595,37.46781],[126.94476,37.46625]]}},{"type":"Feature","properties":{"class":"major","highway":"trunk","sidewalk":"likely","lanes":3,"name":"강남순환로","oneway":true},"geometry":{"type":"LineString","coordinates":[[126.9472,37.46872],[126.94608,37.46768],[126.94476,37.46625],[126.94255,37.46377],[126.93904,37.45986],[126.93779,37.45858],[126.93465,37.45588],[126.92959,37.45206],[126.9246,37.44852],[126.91641,37.44248],[126.91635,37.44242],[126.91344,37.44027],[126.91189,37.4393],[126.91069,37.43881],[126.90958,37.43852],[126.90865,37.43835],[126.90742,37.43825]]}},{"type":"Feature","properties":{"class":"alley","highway":"service","sidewalk":"unknown","lanes":0,"name":"","oneway":false},"geometry":{"type":"LineString","coordinates":[[126.95651,37.46141],[126.95636,37.46118]]}},{"type":"Feature","properties":{"class":"alley","highway":"service","sidewalk":"yes","lanes":4,"name":"","oneway":false},"geometry":{"type":"LineString","coordinates":[[126.9546,37.46174],[126.95458,37.46189],[126.95458,37.46207],[126.95465,37.46282],[126.95467,37.46302],[126.95473,37.46319],[126.95479,37.46335],[126.95515,37.46396],[126.95517,37.46404],[126.95519,37.46412],[126.95521,37.46425],[126.95522,37.46442],[126.95523,37.46513],[126.95523,37.46531],[126.95522,37.46541],[126.9552,37.46552],[126.95517,37.4656],[126.95511,37.46569],[126.95503,37.46579],[126.95492,37.46588],[126.95466,37.46604]]}},{"type":"Feature","properties":{"class":"alley","highway":"service","sidewalk":"unknown","lanes":0,"name":"","oneway":true},"geometry":{"type":"LineString","coordinates":[[126.95817,37.46062],[126.95814,37.46067],[126.95788,37.46112],[126.95759,37.46162],[126.95731,37.46212],[126.95726,37.46215]]}},{"type":"Feature","properties":{"class":"alley","highway":"pedestrian","sidewalk":"unknown","lanes":0,"name":"","oneway":false},"geometry":{"type":"LineString","coordinates":[[126.95813,37.46106],[126.95854,37.46121],[126.95833,37.46156],[126.95825,37.46153],[126.95817,37.4615],[126.95827,37.46133],[126.95793,37.46121],[126.95787,37.46118],[126.95807,37.46084],[126.95822,37.4609],[126.95813,37.46106]]}},{"type":"Feature","properties":{"class":"alley","highway":"pedestrian","sidewalk":"unknown","lanes":0,"name":"","oneway":false},"geometry":{"type":"LineString","coordinates":[[126.95673,37.46037],[126.95674,37.4604],[126.95673,37.46043],[126.9567,37.46048],[126.95668,37.46047],[126.95671,37.46043],[126.95673,37.46038],[126.95673,37.46037]]}},{"type":"Feature","properties":{"class":"alley","highway":"service","sidewalk":"unknown","lanes":0,"name":"","oneway":true},"geometry":{"type":"LineString","coordinates":[[126.95726,37.46215],[126.95726,37.46209],[126.9574,37.46183],[126.95756,37.46157],[126.95767,37.46138],[126.95783,37.4611],[126.95796,37.46088],[126.95808,37.46066],[126.95812,37.4606]]}},{"type":"Feature","properties":{"class":"alley","highway":"service","sidewalk":"unknown","lanes":0,"name":"","oneway":false},"geometry":{"type":"LineString","coordinates":[[126.9582,37.46656],[126.9583,37.46669],[126.9588,37.46665]]}},{"type":"Feature","properties":{"class":"alley","highway":"service","sidewalk":"unknown","lanes":0,"name":"","oneway":false},"geometry":{"type":"LineString","coordinates":[[126.9583,37.46669],[126.95827,37.46701],[126.9588,37.46693]]}},{"type":"Feature","properties":{"class":"alley","highway":"service","sidewalk":"unknown","lanes":0,"name":"","oneway":true},"geometry":{"type":"LineString","coordinates":[[126.94968,37.46049],[126.94976,37.46056],[126.9499,37.46067],[126.95039,37.46106],[126.95048,37.46114],[126.95054,37.46119],[126.95055,37.46123],[126.95054,37.46127],[126.9502,37.46154],[126.95015,37.46158],[126.95007,37.46163],[126.94997,37.46168],[126.94985,37.46172],[126.94968,37.46178],[126.94949,37.46184],[126.94941,37.46186],[126.9493,37.46189]]}},{"type":"Feature","properties":{"class":"alley","highway":"service","sidewalk":"unknown","lanes":0,"name":"","oneway":false},"geometry":{"type":"LineString","coordinates":[[126.95,37.46024],[126.95006,37.46019],[126.95051,37.45982]]}},{"type":"Feature","properties":{"class":"alley","highway":"service","sidewalk":"unknown","lanes":0,"name":"","oneway":false},"geometry":{"type":"LineString","coordinates":[[126.95481,37.46558],[126.95488,37.46569],[126.95495,37.46574],[126.95503,37.46579]]}},{"type":"Feature","properties":{"class":"alley","highway":"service","sidewalk":"unknown","lanes":0,"name":"","oneway":false},"geometry":{"type":"LineString","coordinates":[[126.95311,37.46394],[126.95336,37.46408],[126.95355,37.46386]]}},{"type":"Feature","properties":{"class":"alley","highway":"service","sidewalk":"unknown","lanes":0,"name":"","oneway":false},"geometry":{"type":"LineString","coordinates":[[126.95358,37.46374],[126.95362,37.46358],[126.95355,37.46346]]}},{"type":"Feature","properties":{"class":"alley","highway":"service","sidewalk":"unknown","lanes":0,"name":"","oneway":false},"geometry":{"type":"LineString","coordinates":[[126.95355,37.46386],[126.95358,37.46374]]}},{"type":"Feature","properties":{"class":"alley","highway":"pedestrian","sidewalk":"unknown","lanes":0,"name":"","oneway":false},"geometry":{"type":"LineString","coordinates":[[126.95182,37.46015],[126.95152,37.45994],[126.95127,37.45975],[126.95095,37.45952]]}},{"type":"Feature","properties":{"class":"alley","highway":"service","sidewalk":"unknown","lanes":0,"name":"","oneway":false},"geometry":{"type":"LineString","coordinates":[[126.95182,37.46015],[126.95225,37.46006],[126.9526,37.45997],[126.95289,37.45984]]}},{"type":"Feature","properties":{"class":"minor","highway":"residential","sidewalk":"unknown","lanes":0,"name":"","oneway":false},"geometry":{"type":"LineString","coordinates":[[126.95358,37.46374],[126.95397,37.46351]]}},{"type":"Feature","properties":{"class":"alley","highway":"pedestrian","sidewalk":"unknown","lanes":0,"name":"","oneway":false},"geometry":{"type":"LineString","coordinates":[[126.95397,37.46351],[126.9543,37.46402]]}},{"type":"Feature","properties":{"class":"alley","highway":"service","sidewalk":"unknown","lanes":0,"name":"","oneway":false},"geometry":{"type":"LineString","coordinates":[[126.95191,37.46617],[126.95182,37.46622],[126.95178,37.46626],[126.95176,37.46631],[126.95175,37.46635],[126.95177,37.46639],[126.95182,37.46642],[126.95192,37.46646]]}},{"type":"Feature","properties":{"class":"alley","highway":"service","sidewalk":"unknown","lanes":0,"name":"","oneway":false},"geometry":{"type":"LineString","coordinates":[[126.95061,37.46266],[126.95069,37.46276]]}},{"type":"Feature","properties":{"class":"alley","highway":"service","sidewalk":"unknown","lanes":0,"name":"","oneway":false},"geometry":{"type":"LineString","coordinates":[[126.95069,37.46276],[126.95074,37.4631]]}},{"type":"Feature","properties":{"class":"alley","highway":"service","sidewalk":"unknown","lanes":0,"name":"","oneway":false},"geometry":{"type":"LineString","coordinates":[[126.94912,37.46274],[126.94922,37.46273],[126.94997,37.4627],[126.95035,37.4627],[126.95061,37.46266]]}},{"type":"Feature","properties":{"class":"alley","highway":"service","sidewalk":"unknown","lanes":0,"name":"","oneway":false},"geometry":{"type":"LineString","coordinates":[[126.95061,37.46266],[126.95079,37.46242],[126.95081,37.46241]]}},{"type":"Feature","properties":{"class":"alley","highway":"service","sidewalk":"unknown","lanes":0,"name":"","oneway":false},"geometry":{"type":"LineString","coordinates":[[126.95081,37.46241],[126.9509,37.46224],[126.95105,37.46219],[126.95121,37.46205]]}},{"type":"Feature","properties":{"class":"alley","highway":"service","sidewalk":"unknown","lanes":0,"name":"","oneway":false},"geometry":{"type":"LineString","coordinates":[[126.95147,37.46184],[126.95121,37.46205]]}},{"type":"Feature","properties":{"class":"alley","highway":"service","sidewalk":"unknown","lanes":0,"name":"","oneway":false},"geometry":{"type":"LineString","coordinates":[[126.95268,37.46199],[126.95252,37.46182],[126.95264,37.46167]]}},{"type":"Feature","properties":{"class":"alley","highway":"service","sidewalk":"unknown","lanes":0,"name":"","oneway":false},"geometry":{"type":"LineString","coordinates":[[126.95284,37.46605],[126.95284,37.46599],[126.95284,37.46591],[126.95282,37.46556],[126.95279,37.46551],[126.95253,37.46528]]}},{"type":"Feature","properties":{"class":"alley","highway":"pedestrian","sidewalk":"unknown","lanes":0,"name":"","oneway":false},"geometry":{"type":"LineString","coordinates":[[126.95301,37.46294],[126.953,37.46281]]}},{"type":"Feature","properties":{"class":"alley","highway":"pedestrian","sidewalk":"unknown","lanes":0,"name":"","oneway":false},"geometry":{"type":"LineString","coordinates":[[126.95238,37.46134],[126.95236,37.46112]]}},{"type":"Feature","properties":{"class":"alley","highway":"service","sidewalk":"unknown","lanes":0,"name":"","oneway":false},"geometry":{"type":"LineString","coordinates":[[126.95274,37.46299],[126.95266,37.46291],[126.95264,37.4628],[126.95268,37.46273],[126.9527,37.4627],[126.9526,37.46261],[126.95255,37.46245],[126.9526,37.46235],[126.95273,37.46227],[126.95288,37.46219],[126.95298,37.46218],[126.95321,37.46215],[126.95332,37.46213],[126.95336,37.46212],[126.95339,37.46207],[126.95342,37.46202],[126.95343,37.46187]]}},{"type":"Feature","properties":{"class":"alley","highway":"service","sidewalk":"unknown","lanes":0,"name":"","oneway":false},"geometry":{"type":"LineString","coordinates":[[126.95297,37.46305],[126.95285,37.46302],[126.95274,37.46299]]}},{"type":"Feature","properties":{"class":"minor","highway":"residential","sidewalk":"unknown","lanes":0,"name":"","oneway":false},"geometry":{"type":"LineString","coordinates":[[126.95277,37.46273],[126.95288,37.46291]]}},{"type":"Feature","properties":{"class":"minor","highway":"residential","sidewalk":"unknown","lanes":0,"name":"","oneway":false},"geometry":{"type":"LineString","coordinates":[[126.95288,37.46291],[126.95297,37.46305]]}},{"type":"Feature","properties":{"class":"alley","highway":"service","sidewalk":"unknown","lanes":0,"name":"","oneway":false},"geometry":{"type":"LineString","coordinates":[[126.95505,37.4607],[126.95517,37.4607],[126.95525,37.46066]]}},{"type":"Feature","properties":{"class":"alley","highway":"service","sidewalk":"unknown","lanes":0,"name":"","oneway":false},"geometry":{"type":"LineString","coordinates":[[126.95505,37.4607],[126.95496,37.46061],[126.95486,37.4605],[126.95467,37.46027],[126.95435,37.45987],[126.95429,37.4598],[126.9542,37.45969],[126.95402,37.45961],[126.95326,37.45949]]}},{"type":"Feature","properties":{"class":"alley","highway":"pedestrian","sidewalk":"unknown","lanes":0,"name":"","oneway":false},"geometry":{"type":"LineString","coordinates":[[126.95527,37.46058],[126.95522,37.46051]]}},{"type":"Feature","properties":{"class":"alley","highway":"service","sidewalk":"unknown","lanes":0,"name":"","oneway":false},"geometry":{"type":"LineString","coordinates":[[126.95575,37.46035],[126.95581,37.46044]]}},{"type":"Feature","properties":{"class":"alley","highway":"service","sidewalk":"unknown","lanes":0,"name":"","oneway":false},"geometry":{"type":"LineString","coordinates":[[126.95575,37.46035],[126.95577,37.4603]]}},{"type":"Feature","properties":{"class":"alley","highway":"pedestrian","sidewalk":"unknown","lanes":0,"name":"","oneway":false},"geometry":{"type":"LineString","coordinates":[[126.95522,37.46051],[126.95521,37.46049],[126.95516,37.46039],[126.95506,37.46028]]}},{"type":"Feature","properties":{"class":"alley","highway":"service","sidewalk":"unknown","lanes":0,"name":"","oneway":false},"geometry":{"type":"LineString","coordinates":[[126.95498,37.45925],[126.95508,37.45938],[126.95544,37.45986],[126.95564,37.46013],[126.95574,37.46027],[126.95577,37.4603]]}},{"type":"Feature","properties":{"class":"alley","highway":"pedestrian","sidewalk":"unknown","lanes":0,"name":"","oneway":false},"geometry":{"type":"LineString","coordinates":[[126.95333,37.46547],[126.9537,37.46612]]}},{"type":"Feature","properties":{"class":"alley","highway":"service","sidewalk":"unknown","lanes":0,"name":"","oneway":false},"geometry":{"type":"LineString","coordinates":[[126.95355,37.46346],[126.95345,37.46339],[126.95333,37.4633],[126.95305,37.4631],[126.95297,37.46305]]}},{"type":"Feature","properties":{"class":"alley","highway":"service","sidewalk":"unknown","lanes":0,"name":"행운1길","oneway":false},"geometry":{"type":"LineString","coordinates":[[126.95733,37.48042],[126.95733,37.4803],[126.95734,37.48026],[126.95754,37.48013],[126.9576,37.48009],[126.95776,37.48007],[126.95805,37.48]]}},{"type":"Feature","properties":{"class":"alley","highway":"service","sidewalk":"unknown","lanes":4,"name":"","oneway":false},"geometry":{"type":"LineString","coordinates":[[126.94811,37.46672],[126.94812,37.46658],[126.94812,37.46647],[126.94813,37.46634],[126.94816,37.46628],[126.94839,37.46583],[126.94851,37.46557],[126.9486,37.46513],[126.94872,37.4646],[126.94875,37.46443],[126.94887,37.46389],[126.94908,37.4629],[126.94912,37.46274],[126.9493,37.46193],[126.9493,37.46189],[126.94933,37.46176],[126.94934,37.46169],[126.94936,37.4616],[126.94936,37.46149],[126.94935,37.4614],[126.94933,37.46128],[126.94921,37.46094],[126.94906,37.46055],[126.94902,37.46043],[126.94883,37.4599],[126.94875,37.45971],[126.94873,37.45962],[126.94872,37.45954],[126.94872,37.45943],[126.94875,37.45932],[126.94882,37.45902],[126.94895,37.45847],[126.94899,37.45834]]}},{"type":"Feature","properties":{"class":"alley","highway":"service","sidewalk":"unknown","lanes":0,"name":"관악로12길","oneway":false},"geometry":{"type":"LineString","coordinates":[[126.95698,37.4773],[126.95679,37.4768]]}},{"type":"Feature","properties":{"class":"major","highway":"secondary_link","sidewalk":"likely","lanes":0,"name":"","oneway":true},"geometry":{"type":"LineString","coordinates":[[126.945,37.46974],[126.94497,37.46976],[126.94494,37.46977],[126.94489,37.46978],[126.94485,37.46978],[126.94482,37.46977],[126.94479,37.46976],[126.94477,37.46974],[126.94476,37.46971],[126.94476,37.46968],[126.94476,37.46966],[126.94477,37.46963],[126.94478,37.46961]]}},{"type":"Feature","properties":{"class":"alley","highway":"service","sidewalk":"unknown","lanes":0,"name":"관악로14길","oneway":false},"geometry":{"type":"LineString","coordinates":[[126.9583,37.47778],[126.95845,37.47731]]}},{"type":"Feature","properties":{"class":"alley","highway":"service","sidewalk":"unknown","lanes":0,"name":"낙성대로","oneway":false},"geometry":{"type":"LineString","coordinates":[[126.95845,37.47731],[126.95855,37.47695],[126.95873,37.47676],[126.95882,37.47671],[126.95891,37.47668],[126.95902,37.47666]]}},{"type":"Feature","properties":{"class":"minor","highway":"residential","sidewalk":"unknown","lanes":0,"name":"낙성대로","oneway":false},"geometry":{"type":"LineString","coordinates":[[126.95904,37.47621],[126.95904,37.47644],[126.95903,37.47655],[126.95902,37.47666],[126.95902,37.47679],[126.95904,37.47691],[126.95907,37.47706],[126.95912,37.4772],[126.95924,37.47743],[126.95933,37.47757],[126.95956,37.47792]]}},{"type":"Feature","properties":{"class":"minor","highway":"residential","sidewalk":"unknown","lanes":0,"name":"낙성대로","oneway":false},"geometry":{"type":"LineString","coordinates":[[126.95904,37.47621],[126.95908,37.47495]]}},{"type":"Feature","properties":{"class":"alley","highway":"service","sidewalk":"unknown","lanes":0,"name":"관악로14나길","oneway":false},"geometry":{"type":"LineString","coordinates":[[126.95826,37.47726],[126.95827,37.4773],[126.95821,37.47745],[126.95741,37.47771]]}},{"type":"Feature","properties":{"class":"alley","highway":"service","sidewalk":"unknown","lanes":0,"name":"봉천로","oneway":false},"geometry":{"type":"LineString","coordinates":[[126.95818,37.47839],[126.95804,37.47814],[126.9582,37.47777]]}},{"type":"Feature","properties":{"class":"alley","highway":"service","sidewalk":"unknown","lanes":0,"name":"","oneway":false},"geometry":{"type":"LineString","coordinates":[[126.95803,37.46587],[126.95806,37.46631],[126.9581,37.46644],[126.95811,37.46657]]}},{"type":"Feature","properties":{"class":"alley","highway":"service","sidewalk":"unknown","lanes":0,"name":"","oneway":false},"geometry":{"type":"LineString","coordinates":[[126.95879,37.4663],[126.95888,37.46637],[126.95896,37.46701]]}},{"type":"Feature","properties":{"class":"alley","highway":"service","sidewalk":"unknown","lanes":0,"name":"","oneway":false},"geometry":{"type":"LineString","coordinates":[[126.95888,37.46637],[126.95919,37.46653],[126.9593,37.46707],[126.96004,37.4673],[126.95964,37.46783],[126.95922,37.46768],[126.95904,37.46762],[126.95892,37.46761],[126.95882,37.46764],[126.95874,37.46768],[126.95867,37.46773],[126.95865,37.4678],[126.95875,37.46846]]}},{"type":"Feature","properties":{"class":"minor","highway":"residential","sidewalk":"unknown","lanes":0,"name":"","oneway":false},"geometry":{"type":"LineString","coordinates":[[126.95781,37.46789],[126.9579,37.46788],[126.95797,37.46787],[126.95865,37.4678]]}},{"type":"Feature","properties":{"class":"alley","highway":"service","sidewalk":"unknown","lanes":0,"name":"","oneway":false},"geometry":{"type":"LineString","coordinates":[[126.95795,37.4636],[126.9581,37.46362],[126.95856,37.46367],[126.95878,37.46372],[126.95877,37.4641],[126.95903,37.46413]]}},{"type":"Feature","properties":{"class":"alley","highway":"service","sidewalk":"unknown","lanes":0,"name":"","oneway":false},"geometry":{"type":"LineString","coordinates":[[126.95759,37.46162],[126.95809,37.46181],[126.9583,37.46189],[126.95842,37.46193],[126.9587,37.46206]]}},{"type":"Feature","properties":{"class":"alley","highway":"pedestrian","sidewalk":"unknown","lanes":0,"name":"","oneway":false},"geometry":{"type":"LineString","coordinates":[[126.95792,37.46257],[126.95796,37.46254],[126.95795,37.46246],[126.95816,37.46247],[126.9582,37.46227],[126.95789,37.4622],[126.9575,37.46208],[126.95741,37.46223],[126.95792,37.46257]]}},{"type":"Feature","properties":{"class":"alley","highway":"service","sidewalk":"unknown","lanes":0,"name":"","oneway":false},"geometry":{"type":"LineString","coordinates":[[126.95908,37.46345],[126.95944,37.46347]]}},{"type":"Feature","properties":{"class":"major","highway":"trunk","sidewalk":"likely","lanes":3,"name":"강남순환로","oneway":true},"geometry":{"type":"LineString","coordinates":[[126.94875,37.46943],[126.9492,37.46966],[126.94995,37.47005],[126.95064,37.47034],[126.95121,37.47053],[126.95175,37.47072],[126.95269,37.47097],[126.95412,37.47113],[126.95606,37.47114],[126.95762,37.47093],[126.95812,37.47079]]}},{"type":"Feature","properties":{"class":"major","highway":"trunk","sidewalk":"likely","lanes":4,"name":"강남순환로","oneway":true},"geometry":{"type":"LineString","coordinates":[[126.98298,37.46999],[126.9809,37.46969],[126.97555,37.46857],[126.9724,37.46791],[126.97049,37.46755],[126.96847,37.4675],[126.96678,37.46769],[126.96515,37.4681],[126.96376,37.46868],[126.96085,37.47018],[126.95948,37.47069],[126.95852,37.471],[126.95793,37.47115]]}},{"type":"Feature","properties":{"class":"major","highway":"primary","sidewalk":"yes","lanes":6,"name":"관악로","oneway":false},"geometry":{"type":"LineString","coordinates":[[126.95007,37.46776],[126.95041,37.46793],[126.95077,37.46811],[126.95096,37.46822],[126.95123,37.46844],[126.95149,37.4687],[126.95178,37.46906],[126.95192,37.46936],[126.95205,37.46978],[126.95207,37.46985],[126.95211,37.46994],[126.95242,37.47093],[126.95265,37.47155],[126.95284,37.4721],[126.95297,37.47255],[126.95303,37.47279],[126.95305,37.47296],[126.95306,37.47315],[126.95306,37.47331],[126.95305,37.47348],[126.95292,37.47423],[126.95287,37.47449],[126.95263,37.47568],[126.95242,37.47673],[126.95228,37.47745],[126.95223,37.47777],[126.95222,37.47797],[126.95221,37.47819],[126.95226,37.47868],[126.95229,37.47886],[126.95235,37.47922],[126.95249,37.48002],[126.95252,37.4802]]}},{"type":"Feature","properties":{"class":"major","highway":"trunk","sidewalk":"likely","lanes":0,"name":"강남순환로","oneway":true},"geometry":{"type":"LineString","coordinates":[[126.94852,37.46964],[126.9478,37.4692],[126.9472,37.46872]]}},{"type":"Feature","properties":{"class":"major","highway":"trunk_link","sidewalk":"likely","lanes":1,"name":"","oneway":true},"geometry":{"type":"LineString","coordinates":[[126.94845,37.4697],[126.94786,37.4694],[126.94769,37.46928],[126.94751,37.46916],[126.94737,37.46906],[126.94723,37.46897],[126.94707,37.4689],[126.94686,37.46885],[126.94666,37.46885],[126.94647,37.46886],[126.94629,37.46892],[126.94627,37.46892],[126.94584,37.4691]]}},{"type":"Feature","properties":{"class":"major","highway":"trunk_link","sidewalk":"likely","lanes":0,"name":"","oneway":true},"geometry":{"type":"LineString","coordinates":[[126.94883,37.46937],[126.9492,37.46966]]}},{"type":"Feature","properties":{"class":"alley","highway":"service","sidewalk":"unknown","lanes":0,"name":"청룡8길","oneway":false},"geometry":{"type":"LineString","coordinates":[[126.94508,37.47994],[126.94511,37.48011],[126.94458,37.48017]]}},{"type":"Feature","properties":{"class":"alley","highway":"service","sidewalk":"unknown","lanes":0,"name":"청룡8길","oneway":false},"geometry":{"type":"LineString","coordinates":[[126.94567,37.47988],[126.94572,37.48011]]}},{"type":"Feature","properties":{"class":"alley","highway":"service","sidewalk":"unknown","lanes":0,"name":"","oneway":false},"geometry":{"type":"LineString","coordinates":[[126.9454,37.47991],[126.94537,37.47974]]}},{"type":"Feature","properties":{"class":"alley","highway":"service","sidewalk":"unknown","lanes":0,"name":"쑥고개로","oneway":false},"geometry":{"type":"LineString","coordinates":[[126.9451,37.47939],[126.94515,37.47967]]}},{"type":"Feature","properties":{"class":"major","highway":"tertiary","sidewalk":"likely","lanes":0,"name":"봉천로","oneway":false},"geometry":{"type":"LineString","coordinates":[[126.95956,37.47792],[126.9604,37.47758],[126.96076,37.47744],[126.96199,37.47696]]}},{"type":"Feature","properties":{"class":"minor","highway":"residential","sidewalk":"unknown","lanes":0,"name":"신림로3길","oneway":true},"geometry":{"type":"LineString","coordinates":[[126.94488,37.46952],[126.94484,37.46937],[126.94481,37.46927]]}},{"type":"Feature","properties":{"class":"minor","highway":"residential","sidewalk":"unknown","lanes":0,"name":"신림로3길","oneway":true},"geometry":{"type":"LineString","coordinates":[[126.94481,37.46927],[126.94483,37.46928],[126.94485,37.46928],[126.94487,37.46929],[126.94489,37.46929],[126.94491,37.46929],[126.94493,37.46929],[126.94496,37.46928],[126.94498,37.46927],[126.94601,37.46848],[126.94606,37.46846],[126.94622,37.46839],[126.9463,37.46837],[126.94649,37.46833]]}},{"type":"Feature","properties":{"class":"minor","highway":"residential","sidewalk":"unknown","lanes":0,"name":"쑥고개로","oneway":false},"geometry":{"type":"LineString","coordinates":[[126.94003,37.47844],[126.93965,37.47832],[126.93945,37.4782]]}},{"type":"Feature","properties":{"class":"major","highway":"trunk","sidewalk":"likely","lanes":3,"name":"강남순환로","oneway":true},"geometry":{"type":"LineString","coordinates":[[126.94528,37.46623],[126.94636,37.46748],[126.94747,37.46851]]}},{"type":"Feature","properties":{"class":"major","highway":"secondary","sidewalk":"likely","lanes":0,"name":"신림로","oneway":true},"geometry":{"type":"LineString","coordinates":[[126.945,37.46974],[126.94476,37.46992],[126.94469,37.46998],[126.94444,37.47017],[126.94435,37.47024],[126.94355,37.47074],[126.9434,37.4708],[126.94328,37.47084],[126.94324,37.47085],[126.94306,37.47089],[126.94292,37.47092],[126.94277,37.47094],[126.94262,37.47095],[126.94248,37.47095],[126.94192,37.47091],[126.94144,37.47087],[126.94135,37.47087],[126.9409,37.47083],[126.94062,37.4708],[126.9397,37.47074],[126.93967,37.47073],[126.93951,37.47073],[126.93936,37.47074],[126.93891,37.4708]]}},{"type":"Feature","properties":{"class":"major","highway":"secondary","sidewalk":"likely","lanes":0,"name":"신림로","oneway":true},"geometry":{"type":"LineString","coordinates":[[126.9469,37.4683],[126.9464,37.46868],[126.94584,37.4691],[126.94532,37.4695],[126.94528,37.46953],[126.94518,37.4696],[126.945,37.46974]]}},{"type":"Feature","properties":{"class":"major","highway":"secondary","sidewalk":"likely","lanes":0,"name":"신림로","oneway":true},"geometry":{"type":"LineString","coordinates":[[126.94478,37.46961],[126.94488,37.46952],[126.9462,37.46854],[126.94649,37.46833],[126.94661,37.46824],[126.94712,37.46763],[126.94717,37.4675],[126.94723,37.46744],[126.9473,37.46737],[126.94738,37.46731],[126.94749,37.46724],[126.94761,37.46718],[126.94773,37.46712],[126.94785,37.46708],[126.94804,37.46704],[126.94807,37.46703],[126.94816,37.46702],[126.94826,37.46701],[126.94836,37.467]]}},{"type":"Feature","properties":{"class":"major","highway":"trunk","sidewalk":"likely","lanes":3,"name":"강남순환로","oneway":true},"geometry":{"type":"LineString","coordinates":[[126.95793,37.47115],[126.95731,37.47126],[126.95666,37.47134],[126.95602,37.47143],[126.95379,37.47142],[126.9528,37.47124],[126.95151,37.47095],[126.95039,37.47058],[126.94998,37.47038],[126.94938,37.47012],[126.94893,37.46991],[126.94852,37.46964]]}},{"type":"Feature","properties":{"class":"major","highway":"trunk","sidewalk":"likely","lanes":4,"name":"강남순환로","oneway":true},"geometry":{"type":"LineString","coordinates":[[126.95812,37.47079],[126.95924,37.47051],[126.96116,37.46964],[126.96366,37.46834],[126.9656,37.46762],[126.96658,37.46741],[126.96743,37.46724],[126.96823,37.46719],[126.96918,37.46713],[126.97093,37.4673],[126.97329,37.46781],[126.98065,37.46928],[126.98312,37.46968]]}},{"type":"Feature","properties":{"class":"major","highway":"trunk_link","sidewalk":"likely","lanes":0,"name":"","oneway":true},"geometry":{"type":"LineString","coordinates":[[126.94828,37.46769],[126.94808,37.46773],[126.94784,37.46781],[126.94762,37.4679],[126.9469,37.4683]]}},{"type":"Feature","properties":{"class":"alley","highway":"service","sidewalk":"unknown","lanes":0,"name":"","oneway":false},"geometry":{"type":"LineString","coordinates":[[126.94861,37.46849],[126.94838,37.46834],[126.94832,37.46803],[126.94833,37.468],[126.94835,37.46796],[126.94837,37.46794],[126.94841,37.46792],[126.94866,37.46785],[126.94876,37.46783],[126.9491,37.46783]]}},{"type":"Feature","properties":{"class":"alley","highway":"service","sidewalk":"unknown","lanes":0,"name":"","oneway":false},"geometry":{"type":"LineString","coordinates":[[126.94548,37.47803],[126.94555,37.47846],[126.94557,37.47857],[126.94557,37.47859],[126.94557,37.47861],[126.94556,37.47862],[126.94555,37.47864],[126.94553,37.47865],[126.94552,37.47866],[126.9455,37.47867],[126.94548,37.47868],[126.94477,37.47875]]}},{"type":"Feature","properties":{"class":"alley","highway":"service","sidewalk":"unknown","lanes":0,"name":"","oneway":false},"geometry":{"type":"LineString","coordinates":[[126.94429,37.47854],[126.94439,37.47853],[126.94448,37.47852],[126.94441,37.4781],[126.94441,37.47808],[126.94442,37.47805],[126.94442,37.47803],[126.94444,37.47801],[126.94446,37.478],[126.94448,37.47798],[126.94451,37.47797],[126.94454,37.47796],[126.94463,37.47795]]}},{"type":"Feature","properties":{"class":"alley","highway":"service","sidewalk":"unknown","lanes":0,"name":"","oneway":false},"geometry":{"type":"LineString","coordinates":[[126.94555,37.47846],[126.94566,37.47845],[126.94571,37.47844],[126.94585,37.47843],[126.94613,37.4784]]}},{"type":"Feature","properties":{"class":"alley","highway":"service","sidewalk":"unknown","lanes":0,"name":"쑥고개로","oneway":false},"geometry":{"type":"LineString","coordinates":[[126.94315,37.47959],[126.94321,37.47991]]}},{"type":"Feature","properties":{"class":"alley","highway":"service","sidewalk":"unknown","lanes":0,"name":"쑥고개로","oneway":false},"geometry":{"type":"LineString","coordinates":[[126.94286,37.47986],[126.94285,37.47982],[126.94282,37.47962]]}},{"type":"Feature","properties":{"class":"alley","highway":"service","sidewalk":"unknown","lanes":0,"name":"","oneway":false},"geometry":{"type":"LineString","coordinates":[[126.9429,37.48016],[126.94289,37.48014],[126.94287,37.48003],[126.94286,37.47995]]}},{"type":"Feature","properties":{"class":"alley","highway":"service","sidewalk":"unknown","lanes":0,"name":"청룡9길","oneway":false},"geometry":{"type":"LineString","coordinates":[[126.94626,37.47873],[126.9463,37.47892],[126.94664,37.47888],[126.94661,37.47869]]}},{"type":"Feature","properties":{"class":"alley","highway":"service","sidewalk":"unknown","lanes":0,"name":"봉천로","oneway":false},"geometry":{"type":"LineString","coordinates":[[126.95545,37.47932],[126.95584,37.47969]]}},{"type":"Feature","properties":{"class":"alley","highway":"service","sidewalk":"unknown","lanes":0,"name":"쑥고개로","oneway":false},"geometry":{"type":"LineString","coordinates":[[126.94544,37.47903],[126.94549,37.47935]]}},{"type":"Feature","properties":{"class":"major","highway":"trunk_link","sidewalk":"likely","lanes":0,"name":"","oneway":true},"geometry":{"type":"LineString","coordinates":[[126.94481,37.46927],[126.94482,37.46928],[126.94483,37.46929],[126.94485,37.46929],[126.94486,37.4693],[126.94488,37.46931],[126.94489,37.46931],[126.9449,37.46932],[126.94492,37.46932],[126.94493,37.46932],[126.94495,37.46932],[126.94496,37.46932],[126.94498,37.46932],[126.94499,37.46932],[126.94501,37.46931],[126.94502,37.46931],[126.94503,37.46931]]}},{"type":"Feature","properties":{"class":"major","highway":"primary","sidewalk":"yes","lanes":4,"name":"남부순환로","oneway":true},"geometry":{"type":"LineString","coordinates":[[126.9558,37.48002],[126.95628,37.47982]]}},{"type":"Feature","properties":{"class":"major","highway":"secondary","sidewalk":"likely","lanes":6,"name":"봉천로","oneway":false},"geometry":{"type":"LineString","coordinates":[[126.9558,37.48002],[126.95581,37.47993],[126.95584,37.47969],[126.95587,37.4795],[126.95589,37.47942],[126.9559,37.47938],[126.95592,37.47935],[126.95594,37.47932],[126.95596,37.47929],[126.95599,37.47927],[126.95602,37.47925],[126.95605,37.47923],[126.95609,37.47921],[126.95616,37.47917],[126.957,37.47885],[126.95718,37.47878],[126.95818,37.47839],[126.95821,37.47838],[126.95827,37.47835],[126.95849,37.4783],[126.95865,37.47826],[126.95869,37.47825],[126.95871,37.47824],[126.95956,37.47792]]}},{"type":"Feature","properties":{"class":"major","highway":"primary","sidewalk":"yes","lanes":4,"name":"남부순환로","oneway":true},"geometry":{"type":"LineString","coordinates":[[126.95635,37.47994],[126.95578,37.48016]]}},{"type":"Feature","properties":{"class":"major","highway":"primary","sidewalk":"likely","lanes":0,"name":"남부순환로","oneway":true},"geometry":{"type":"LineString","coordinates":[[126.95628,37.47982],[126.95752,37.47933],[126.9586,37.4789],[126.95982,37.47842]]}},{"type":"Feature","properties":{"class":"major","highway":"primary_link","sidewalk":"likely","lanes":0,"name":"","oneway":true},"geometry":{"type":"LineString","coordinates":[[126.95635,37.47994],[126.95633,37.47994],[126.95631,37.47994],[126.95628,37.47994],[126.95626,37.47992],[126.95625,37.47991],[126.95624,37.47989],[126.95624,37.47987],[126.95625,37.47985],[126.95626,37.47984],[126.95628,37.47982]]}},{"type":"Feature","properties":{"class":"minor","highway":"residential","sidewalk":"unknown","lanes":0,"name":"낙성대로","oneway":false},"geometry":{"type":"LineString","coordinates":[[126.95982,37.47842],[126.95985,37.47847],[126.95989,37.47853]]}},{"type":"Feature","properties":{"class":"major","highway":"primary","sidewalk":"likely","lanes":0,"name":"남부순환로","oneway":true},"geometry":{"type":"LineString","coordinates":[[126.95982,37.47842],[126.95999,37.47835],[126.96106,37.47794],[126.96167,37.47771]]}},{"type":"Feature","properties":{"class":"major","highway":"primary","sidewalk":"likely","lanes":0,"name":"남부순환로","oneway":true},"geometry":{"type":"LineString","coordinates":[[126.96175,37.47782],[126.96169,37.47785],[126.96113,37.47806],[126.95989,37.47853],[126.95869,37.47901],[126.9577,37.4794],[126.95762,37.47943],[126.95641,37.47991],[126.95635,37.47994]]}},{"type":"Feature","properties":{"class":"alley","highway":"service","sidewalk":"unknown","lanes":1,"name":"복은길","oneway":false},"geometry":{"type":"LineString","coordinates":[[126.94169,37.47524],[126.9418,37.47497]]}},{"type":"Feature","properties":{"class":"minor","highway":"residential","sidewalk":"unknown","lanes":0,"name":"청룡12길","oneway":false},"geometry":{"type":"LineString","coordinates":[[126.94419,37.47788],[126.9446,37.47784],[126.94461,37.47784],[126.94494,37.47781],[126.94518,37.47779],[126.94559,37.47775]]}},{"type":"Feature","properties":{"class":"alley","highway":"service","sidewalk":"unknown","lanes":0,"name":"","oneway":false},"geometry":{"type":"LineString","coordinates":[[126.9432,37.47906],[126.94319,37.47896]]}},{"type":"Feature","properties":{"class":"alley","highway":"service","sidewalk":"unknown","lanes":0,"name":"","oneway":false},"geometry":{"type":"LineString","coordinates":[[126.94313,37.47699],[126.94311,37.47687]]}},{"type":"Feature","properties":{"class":"alley","highway":"service","sidewalk":"unknown","lanes":0,"name":"쑥고개로","oneway":false},"geometry":{"type":"LineString","coordinates":[[126.95067,37.47884],[126.95071,37.47905]]}},{"type":"Feature","properties":{"class":"alley","highway":"service","sidewalk":"unknown","lanes":0,"name":"","oneway":true},"geometry":{"type":"LineString","coordinates":[[126.94804,37.46704],[126.94807,37.46695],[126.9481,37.4668],[126.94811,37.46672],[126.94822,37.46674],[126.94834,37.46678],[126.94842,37.46681],[126.94851,37.46687],[126.94855,37.46691],[126.94863,37.46697],[126.94869,37.46702]]}},{"type":"Feature","properties":{"class":"major","highway":"secondary_link","sidewalk":"likely","lanes":0,"name":"","oneway":true},"geometry":{"type":"LineString","coordinates":[[126.94869,37.46702],[126.94916,37.46728],[126.94919,37.4673],[126.94921,37.46732],[126.94922,37.46733],[126.94923,37.46734],[126.94924,37.46736],[126.94924,37.46737],[126.94925,37.46738],[126.94925,37.46739],[126.94924,37.4674],[126.94923,37.46751]]}},{"type":"Feature","properties":{"class":"major","highway":"secondary_link","sidewalk":"likely","lanes":0,"name":"","oneway":true},"geometry":{"type":"LineString","coordinates":[[126.94923,37.46751],[126.94898,37.46744],[126.94845,37.46745],[126.94838,37.46744],[126.94834,37.46743],[126.9483,37.46743],[126.94827,37.46741],[126.94824,37.4674],[126.94821,37.46738],[126.94818,37.46736],[126.94815,37.46734],[126.94813,37.46731],[126.94811,37.46729],[126.94809,37.46726],[126.94802,37.46715],[126.94804,37.46704]]}},{"type":"Feature","properties":{"class":"major","highway":"primary","sidewalk":"likely","lanes":0,"name":"관악로","oneway":true},"geometry":{"type":"LineString","coordinates":[[126.94836,37.467],[126.94844,37.467],[126.94853,37.46701],[126.94869,37.46702],[126.94912,37.46715],[126.94941,37.4673],[126.94949,37.46735],[126.94986,37.46758],[126.95007,37.46776]]}},{"type":"Feature","properties":{"class":"alley","highway":"service","sidewalk":"unknown","lanes":0,"name":"","oneway":true},"geometry":{"type":"LineString","coordinates":[[126.94712,37.46763],[126.94752,37.46735],[126.94755,37.46733],[126.94758,37.46732],[126.94761,37.46731],[126.94764,37.4673],[126.94767,37.4673],[126.94769,37.4673],[126.94771,37.4673],[126.94773,37.46731],[126.94774,37.46732],[126.94775,37.46733],[126.94775,37.46734],[126.94775,37.46736],[126.94776,37.46755],[126.94776,37.46756],[126.94775,37.46757],[126.94775,37.46759],[126.94774,37.4676],[126.94772,37.46762],[126.9477,37.46765],[126.94762,37.46782]]}},{"type":"Feature","properties":{"class":"alley","highway":"service","sidewalk":"unknown","lanes":0,"name":"","oneway":false},"geometry":{"type":"LineString","coordinates":[[126.94781,37.4673],[126.94799,37.4673]]}},{"type":"Feature","properties":{"class":"alley","highway":"service","sidewalk":"unknown","lanes":0,"name":"","oneway":false},"geometry":{"type":"LineString","coordinates":[[126.94781,37.4673],[126.94774,37.46732]]}},{"type":"Feature","properties":{"class":"alley","highway":"service","sidewalk":"unknown","lanes":0,"name":"","oneway":true},"geometry":{"type":"LineString","coordinates":[[126.94773,37.46712],[126.94784,37.46689],[126.94788,37.46682],[126.94791,37.46679],[126.94796,37.46676],[126.94803,37.46674],[126.94811,37.46672]]}},{"type":"Feature","properties":{"class":"alley","highway":"service","sidewalk":"unknown","lanes":0,"name":"","oneway":false},"geometry":{"type":"LineString","coordinates":[[126.94876,37.46783],[126.94875,37.4678],[126.9487,37.46772],[126.94865,37.46765],[126.94859,37.4676],[126.94854,37.46756]]}},{"type":"Feature","properties":{"class":"alley","highway":"service","sidewalk":"unknown","lanes":0,"name":"관악로","oneway":false},"geometry":{"type":"LineString","coordinates":[[126.95229,37.47886],[126.95275,37.47882],[126.95287,37.4789],[126.95353,37.47884]]}},{"type":"Feature","properties":{"class":"alley","highway":"service","sidewalk":"unknown","lanes":0,"name":"","oneway":false},"geometry":{"type":"LineString","coordinates":[[126.94935,37.47952],[126.94931,37.47924],[126.94949,37.47922],[126.94945,37.47896]]}},{"type":"Feature","properties":{"class":"alley","highway":"service","sidewalk":"unknown","lanes":0,"name":"","oneway":false},"geometry":{"type":"LineString","coordinates":[[126.9492,37.48007],[126.94881,37.47991]]}},{"type":"Feature","properties":{"class":"alley","highway":"service","sidewalk":"unknown","lanes":0,"name":"","oneway":false},"geometry":{"type":"LineString","coordinates":[[126.94882,37.47957],[126.94884,37.4797]]}},{"type":"Feature","properties":{"class":"alley","highway":"service","sidewalk":"unknown","lanes":0,"name":"","oneway":false},"geometry":{"type":"LineString","coordinates":[[126.94884,37.4797],[126.94884,37.47975],[126.94885,37.47975],[126.94885,37.47976],[126.94885,37.47976],[126.94885,37.47976],[126.94886,37.47977],[126.94886,37.47977],[126.94887,37.47977],[126.94887,37.47977],[126.94888,37.47977],[126.94888,37.47977]]}},{"type":"Feature","properties":{"class":"alley","highway":"service","sidewalk":"unknown","lanes":0,"name":"관악로12길","oneway":false},"geometry":{"type":"LineString","coordinates":[[126.95583,37.47647],[126.95622,37.47749]]}},{"type":"Feature","properties":{"class":"alley","highway":"service","sidewalk":"unknown","lanes":0,"name":"관악로","oneway":false},"geometry":{"type":"LineString","coordinates":[[126.95223,37.47777],[126.95312,37.47769],[126.95306,37.47749],[126.9535,37.47739]]}},{"type":"Feature","properties":{"class":"alley","highway":"service","sidewalk":"unknown","lanes":0,"name":"","oneway":false},"geometry":{"type":"LineString","coordinates":[[126.95904,37.47644],[126.9593,37.47641],[126.95934,37.4764],[126.95937,37.47639],[126.9594,37.47637],[126.95943,37.47635],[126.95976,37.47605],[126.96006,37.47585]]}},{"type":"Feature","properties":{"class":"alley","highway":"service","sidewalk":"unknown","lanes":0,"name":"관악산나들길","oneway":false},"geometry":{"type":"LineString","coordinates":[[126.9463,37.46837],[126.94629,37.46827]]}},{"type":"Feature","properties":{"class":"alley","highway":"service","sidewalk":"unknown","lanes":0,"name":"","oneway":false},"geometry":{"type":"LineString","coordinates":[[126.95878,37.46372],[126.95905,37.46366],[126.95908,37.46345],[126.95913,37.46311]]}},{"type":"Feature","properties":{"class":"alley","highway":"service","sidewalk":"unknown","lanes":0,"name":"","oneway":false},"geometry":{"type":"LineString","coordinates":[[126.95879,37.4663],[126.9582,37.46656],[126.95811,37.46657],[126.95789,37.46665],[126.9578,37.46669],[126.95771,37.46671]]}},{"type":"Feature","properties":{"class":"alley","highway":"pedestrian","sidewalk":"unknown","lanes":0,"name":"","oneway":false},"geometry":{"type":"LineString","coordinates":[[126.95641,37.47618],[126.95675,37.47621],[126.95662,37.47607],[126.95646,37.4761],[126.95639,37.47612],[126.95641,37.47618]]}},{"type":"Feature","properties":{"class":"alley","highway":"pedestrian","sidewalk":"unknown","lanes":0,"name":"","oneway":false},"geometry":{"type":"LineString","coordinates":[[126.95636,37.47619],[126.95622,37.47623],[126.9562,37.47617],[126.95634,37.47613],[126.95636,37.47619]]}},{"type":"Feature","properties":{"class":"minor","highway":"residential","sidewalk":"unknown","lanes":0,"name":"청룡16길","oneway":false},"geometry":{"type":"LineString","coordinates":[[126.94102,37.47671],[126.94157,37.47704],[126.94161,37.47705],[126.94165,37.47707],[126.94169,37.47709],[126.94174,37.4771],[126.94178,37.47711],[126.94183,37.47711],[126.94187,37.47712],[126.94192,37.47712],[126.9427,37.47704],[126.94313,37.47699],[126.94344,37.47695],[126.94362,37.47693]]}},{"type":"Feature","properties":{"class":"minor","highway":"residential","sidewalk":"unknown","lanes":0,"name":"서림1길","oneway":false},"geometry":{"type":"LineString","coordinates":[[126.94222,37.47601],[126.94199,37.47595],[126.94171,37.47587],[126.94151,37.47582],[126.93978,37.47534],[126.93964,37.4752],[126.93943,37.47517],[126.93884,37.47509],[126.93804,37.47497],[126.93792,37.47495]]}},{"type":"Feature","properties":{"class":"minor","highway":"residential","sidewalk":"unknown","lanes":0,"name":"쑥고개로2다길","oneway":false},"geometry":{"type":"LineString","coordinates":[[126.94126,37.47647],[126.9414,37.47614]]}},{"type":"Feature","properties":{"class":"alley","highway":"service","sidewalk":"unknown","lanes":0,"name":"","oneway":false},"geometry":{"type":"LineString","coordinates":[[126.9598,37.47738],[126.9597,37.47723]]}},{"type":"Feature","properties":{"class":"alley","highway":"service","sidewalk":"unknown","lanes":0,"name":"낙성대로4가길","oneway":false},"geometry":{"type":"LineString","coordinates":[[126.95839,37.47668],[126.95816,37.47664]]}},{"type":"Feature","properties":{"class":"alley","highway":"service","sidewalk":"unknown","lanes":0,"name":"낙성대로4길","oneway":false},"geometry":{"type":"LineString","coordinates":[[126.95828,37.47602],[126.95811,37.47645],[126.95778,37.47638]]}},{"type":"Feature","properties":{"class":"alley","highway":"service","sidewalk":"unknown","lanes":0,"name":"","oneway":false},"geometry":{"type":"LineString","coordinates":[[126.95811,37.47645],[126.95822,37.47648]]}},{"type":"Feature","properties":{"class":"alley","highway":"service","sidewalk":"unknown","lanes":0,"name":"관악산나들길","oneway":false},"geometry":{"type":"LineString","coordinates":[[126.94792,37.46381],[126.948,37.46371],[126.948,37.46359],[126.948,37.46339],[126.948,37.46325],[126.94771,37.4629],[126.94768,37.46285],[126.94752,37.46256],[126.94748,37.46242],[126.94746,37.46226],[126.94743,37.46194],[126.94741,37.46163],[126.94743,37.46123],[126.94767,37.46078],[126.94773,37.46064],[126.94778,37.46049],[126.94777,37.4604],[126.94769,37.4602],[126.94762,37.4601],[126.94741,37.45976],[126.94725,37.45942],[126.94719,37.45932],[126.94684,37.45881],[126.94643,37.45829],[126.94635,37.45812],[126.94635,37.4581],[126.94632,37.45766],[126.94628,37.45744],[126.94619,37.45725],[126.94614,37.45687],[126.94603,37.45671],[126.94596,37.45662],[126.9458,37.45638],[126.94567,37.4561],[126.94565,37.45606]]}},{"type":"Feature","properties":{"class":"alley","highway":"service","sidewalk":"unknown","lanes":0,"name":"관악산나들길","oneway":false},"geometry":{"type":"LineString","coordinates":[[126.94684,37.46769],[126.9468,37.46735],[126.94684,37.46723],[126.94705,37.46678],[126.94716,37.46655],[126.94726,37.46633],[126.94773,37.46542],[126.94791,37.46502],[126.94794,37.4648],[126.94792,37.4646],[126.94791,37.46442],[126.94794,37.46409],[126.94794,37.46406],[126.94795,37.464],[126.94797,37.46393],[126.94792,37.46381]]}},{"type":"Feature","properties":{"class":"alley","highway":"service","sidewalk":"unknown","lanes":0,"name":"남부순환로234길","oneway":false},"geometry":{"type":"LineString","coordinates":[[126.95679,37.4768],[126.95634,37.4769]]}},{"type":"Feature","properties":{"class":"alley","highway":"service","sidewalk":"unknown","lanes":0,"name":"행운2길","oneway":false},"geometry":{"type":"LineString","coordinates":[[126.96043,37.47971],[126.95988,37.47931]]}},{"type":"Feature","properties":{"class":"alley","highway":"service","sidewalk":"unknown","lanes":0,"name":"관악로12길","oneway":false},"geometry":{"type":"LineString","coordinates":[[126.95275,37.47882],[126.95267,37.47815]]}},{"type":"Feature","properties":{"class":"alley","highway":"service","sidewalk":"unknown","lanes":0,"name":"대학5길","oneway":false},"geometry":{"type":"LineString","coordinates":[[126.94098,37.46922],[126.94065,37.46918]]}},{"type":"Feature","properties":{"class":"minor","highway":"residential","sidewalk":"unknown","lanes":0,"name":"대학5길","oneway":false},"geometry":{"type":"LineString","coordinates":[[126.93984,37.46929],[126.94002,37.46852]]}},{"type":"Feature","properties":{"class":"minor","highway":"residential","sidewalk":"unknown","lanes":0,"name":"신림로3가길","oneway":false},"geometry":{"type":"LineString","coordinates":[[126.94203,37.46888],[126.94203,37.46781]]}},{"type":"Feature","properties":{"class":"minor","highway":"residential","sidewalk":"unknown","lanes":0,"name":"","oneway":false},"geometry":{"type":"LineString","coordinates":[[126.94288,37.46973],[126.94276,37.46974],[126.9426,37.46976]]}},{"type":"Feature","properties":{"class":"minor","highway":"residential","sidewalk":"unknown","lanes":0,"name":"신림로3가길","oneway":false},"geometry":{"type":"LineString","coordinates":[[126.94243,37.46888],[126.94243,37.46977]]}},{"type":"Feature","properties":{"class":"minor","highway":"residential","sidewalk":"unknown","lanes":0,"name":"쑥고개로16길","oneway":false},"geometry":{"type":"LineString","coordinates":[[126.94438,37.47947],[126.94434,37.47923],[126.9443,37.47895],[126.9443,37.47894]]}},{"type":"Feature","properties":{"class":"minor","highway":"residential","sidewalk":"unknown","lanes":0,"name":"청룡16길","oneway":false},"geometry":{"type":"LineString","coordinates":[[126.94405,37.47689],[126.94443,37.47685],[126.94477,37.47681],[126.94543,37.47674]]}},{"type":"Feature","properties":{"class":"major","highway":"secondary","sidewalk":"likely","lanes":0,"name":"","oneway":true},"geometry":{"type":"LineString","coordinates":[[126.94136,37.47082],[126.94135,37.47087]]}},{"type":"Feature","properties":{"class":"major","highway":"secondary","sidewalk":"likely","lanes":0,"name":"","oneway":true},"geometry":{"type":"LineString","coordinates":[[126.94138,37.47072],[126.94136,37.47082]]}},{"type":"Feature","properties":{"class":"alley","highway":"service","sidewalk":"yes","lanes":4,"name":"","oneway":false},"geometry":{"type":"LineString","coordinates":[[126.95673,37.46062],[126.95655,37.46094],[126.95652,37.461],[126.95649,37.46104]]}},{"type":"Feature","properties":{"class":"alley","highway":"service","sidewalk":"yes","lanes":4,"name":"","oneway":false},"geometry":{"type":"LineString","coordinates":[[126.95466,37.46604],[126.95455,37.46611],[126.95447,37.46615],[126.95426,37.46621],[126.9541,37.46622],[126.95399,37.46623],[126.95362,37.46617],[126.95339,37.46613],[126.95326,37.46611],[126.95284,37.46605],[126.95274,37.46603],[126.95256,37.46601],[126.95242,37.466],[126.95201,37.46599],[126.95185,37.46599],[126.95173,37.46598],[126.95144,37.46596],[126.95129,37.46595],[126.95109,37.46595],[126.95084,37.46595],[126.95069,37.46594],[126.95054,37.46592],[126.9504,37.46589],[126.94994,37.4658],[126.94967,37.46575],[126.94952,37.46572],[126.94913,37.46564],[126.94875,37.46558],[126.94851,37.46557]]}},{"type":"Feature","properties":{"class":"alley","highway":"service","sidewalk":"yes","lanes":4,"name":"","oneway":false},"geometry":{"type":"LineString","coordinates":[[126.95636,37.46118],[126.95629,37.46122],[126.95623,37.46126],[126.95612,37.4613],[126.95594,37.46136],[126.95568,37.46142],[126.95541,37.46146],[126.95515,37.46148],[126.95484,37.46156],[126.95469,37.46163],[126.9546,37.46174]]}},{"type":"Feature","properties":{"class":"alley","highway":"service","sidewalk":"unknown","lanes":0,"name":"남부순환로233길","oneway":false},"geometry":{"type":"LineString","coordinates":[[126.9577,37.4794],[126.95777,37.47952],[126.95805,37.48]]}},{"type":"Feature","properties":{"class":"alley","highway":"service","sidewalk":"unknown","lanes":0,"name":"","oneway":false},"geometry":{"type":"LineString","coordinates":[[126.93979,37.47784],[126.94004,37.47798]]}},{"type":"Feature","properties":{"class":"alley","highway":"service","sidewalk":"unknown","lanes":0,"name":"","oneway":false},"geometry":{"type":"LineString","coordinates":[[126.93978,37.47803],[126.94001,37.47817]]}},{"type":"Feature","properties":{"class":"alley","highway":"service","sidewalk":"unknown","lanes":0,"name":"","oneway":false},"geometry":{"type":"LineString","coordinates":[[126.94335,37.47012],[126.94336,37.47002]]}},{"type":"Feature","properties":{"class":"alley","highway":"service","sidewalk":"unknown","lanes":0,"name":"","oneway":false},"geometry":{"type":"LineString","coordinates":[[126.94422,37.47002],[126.94419,37.46994],[126.94419,37.46992],[126.94416,37.46989],[126.94414,37.46986],[126.94413,37.46986],[126.94413,37.46986],[126.94411,37.46987],[126.94408,37.46989],[126.94407,37.4699],[126.94398,37.47002],[126.94385,37.4701],[126.94379,37.47012],[126.94377,37.47013],[126.94371,37.47012],[126.94335,37.47012],[126.94334,37.47034]]}},{"type":"Feature","properties":{"class":"minor","highway":"residential","sidewalk":"unknown","lanes":0,"name":"","oneway":false},"geometry":{"type":"LineString","coordinates":[[126.95783,37.4611],[126.95788,37.46112]]}},{"type":"Feature","properties":{"class":"major","highway":"primary_link","sidewalk":"likely","lanes":0,"name":"","oneway":true},"geometry":{"type":"LineString","coordinates":[[126.95976,37.47825],[126.95988,37.4783],[126.95994,37.47833],[126.95999,37.47835]]}},{"type":"Feature","properties":{"class":"alley","highway":"service","sidewalk":"unknown","lanes":0,"name":"","oneway":false},"geometry":{"type":"LineString","coordinates":[[126.95351,37.47868],[126.95413,37.47852],[126.95473,37.47833]]}},{"type":"Feature","properties":{"class":"minor","highway":"residential","sidewalk":"unknown","lanes":0,"name":"남부순환로234길","oneway":true},"geometry":{"type":"LineString","coordinates":[[126.95718,37.47878],[126.9575,37.47929],[126.95752,37.47933]]}},{"type":"Feature","properties":{"class":"minor","highway":"residential","sidewalk":"unknown","lanes":0,"name":"남부순환로234길","oneway":false},"geometry":{"type":"LineString","coordinates":[[126.95762,37.47943],[126.95752,37.47933]]}},{"type":"Feature","properties":{"class":"alley","highway":"service","sidewalk":"unknown","lanes":0,"name":"봉천로58길","oneway":false},"geometry":{"type":"LineString","coordinates":[[126.957,37.47885],[126.95657,37.47864],[126.95618,37.47874],[126.956,37.47872],[126.95585,37.47873],[126.95554,37.47879]]}},{"type":"Feature","properties":{"class":"major","highway":"secondary","sidewalk":"likely","lanes":0,"name":"신림로","oneway":true},"geometry":{"type":"LineString","coordinates":[[126.93887,37.47057],[126.93934,37.47051],[126.93951,37.4705],[126.93967,37.47049],[126.9397,37.47049],[126.94089,37.47061],[126.94139,37.47066],[126.94145,37.47067],[126.94222,37.47074],[126.94243,37.47075],[126.9426,37.47074],[126.9428,37.47072],[126.94297,37.47068],[126.94317,37.47063],[126.94322,37.47061],[126.94346,37.47052],[126.94369,37.4704],[126.94413,37.47009],[126.94422,37.47002],[126.94437,37.46991],[126.94447,37.46984],[126.94458,37.46976],[126.94478,37.46961]]}},{"type":"Feature","properties":{"class":"alley","highway":"service","sidewalk":"unknown","lanes":0,"name":"","oneway":true},"geometry":{"type":"LineString","coordinates":[[126.94842,37.46681],[126.94864,37.46685],[126.9489,37.46698],[126.94906,37.46708],[126.94912,37.46715]]}},{"type":"Feature","properties":{"class":"alley","highway":"pedestrian","sidewalk":"unknown","lanes":0,"name":"","oneway":false},"geometry":{"type":"LineString","coordinates":[[126.9482,37.46662],[126.9482,37.46658],[126.94822,37.46638],[126.94823,37.46631],[126.94847,37.46588],[126.9485,37.46584],[126.94853,37.46579],[126.94858,37.46576],[126.94868,37.46571],[126.94867,37.46575],[126.94867,37.46579],[126.94858,37.46647],[126.94859,37.46657],[126.94859,37.46661],[126.9486,37.46665],[126.94855,37.46665],[126.94853,37.4667],[126.94852,37.46676],[126.94831,37.46672],[126.94825,37.4667],[126.94822,37.46668],[126.9482,37.46665],[126.9482,37.46662]]}},{"type":"Feature","properties":{"class":"alley","highway":"service","sidewalk":"unknown","lanes":0,"name":"남부순환로234길","oneway":false},"geometry":{"type":"LineString","coordinates":[[126.95741,37.47771],[126.95674,37.4779]]}},{"type":"Feature","properties":{"class":"alley","highway":"service","sidewalk":"unknown","lanes":0,"name":"남부순환로234길","oneway":false},"geometry":{"type":"LineString","coordinates":[[126.95729,37.47742],[126.95666,37.47769]]}},{"type":"Feature","properties":{"class":"minor","highway":"residential","sidewalk":"no","lanes":0,"name":"관악로14길","oneway":true},"geometry":{"type":"LineString","coordinates":[[126.95235,37.47922],[126.95251,37.47921],[126.95304,37.47916],[126.95356,37.47911],[126.95489,37.47876],[126.95558,37.47858]]}},{"type":"Feature","properties":{"class":"minor","highway":"residential","sidewalk":"unknown","lanes":0,"name":"남부순환로234길","oneway":false},"geometry":{"type":"LineString","coordinates":[[126.95718,37.47878],[126.95688,37.47826]]}},{"type":"Feature","properties":{"class":"minor","highway":"residential","sidewalk":"unknown","lanes":0,"name":"남부순환로234길","oneway":true},"geometry":{"type":"LineString","coordinates":[[126.95613,37.47637],[126.95599,37.47602],[126.95591,37.4758],[126.95572,37.47532]]}},{"type":"Feature","properties":{"class":"alley","highway":"service","sidewalk":"unknown","lanes":0,"name":"관악로14길","oneway":false},"geometry":{"type":"LineString","coordinates":[[126.95657,37.47833],[126.95641,37.47792],[126.95672,37.47784]]}},{"type":"Feature","properties":{"class":"alley","highway":"service","sidewalk":"unknown","lanes":0,"name":"","oneway":false},"geometry":{"type":"LineString","coordinates":[[126.95306,37.46241],[126.95304,37.46235],[126.95298,37.46218]]}},{"type":"Feature","properties":{"class":"alley","highway":"service","sidewalk":"unknown","lanes":0,"name":"","oneway":false},"geometry":{"type":"LineString","coordinates":[[126.95306,37.46243],[126.95306,37.46241]]}},{"type":"Feature","properties":{"class":"alley","highway":"pedestrian","sidewalk":"unknown","lanes":0,"name":"","oneway":false},"geometry":{"type":"LineString","coordinates":[[126.95301,37.46294],[126.95288,37.46291]]}},{"type":"Feature","properties":{"class":"minor","highway":"residential","sidewalk":"unknown","lanes":0,"name":"","oneway":false},"geometry":{"type":"LineString","coordinates":[[126.94032,37.46427],[126.94042,37.46416],[126.94045,37.46412]]}},{"type":"Feature","properties":{"class":"alley","highway":"service","sidewalk":"unknown","lanes":0,"name":"","oneway":false},"geometry":{"type":"LineString","coordinates":[[126.94042,37.46416],[126.94054,37.46421],[126.94034,37.46449]]}},{"type":"Feature","properties":{"class":"alley","highway":"service","sidewalk":"unknown","lanes":0,"name":"관악로12길","oneway":false},"geometry":{"type":"LineString","coordinates":[[126.95421,37.47795],[126.95402,37.47748],[126.95437,37.4774]]}},{"type":"Feature","properties":{"class":"alley","highway":"service","sidewalk":"unknown","lanes":0,"name":"관악산나들길","oneway":false},"geometry":{"type":"LineString","coordinates":[[126.94629,37.46827],[126.94632,37.4682],[126.94645,37.4681],[126.94669,37.4679],[126.94684,37.46769]]}},{"type":"Feature","properties":{"class":"major","highway":"secondary","sidewalk":"likely","lanes":0,"name":"","oneway":true},"geometry":{"type":"LineString","coordinates":[[126.94328,37.47084],[126.9432,37.47084],[126.94316,37.47083],[126.94314,37.47081],[126.94312,37.47078],[126.94311,37.47074],[126.94312,37.47071],[126.94314,37.47067],[126.94317,37.47063]]}},{"type":"Feature","properties":{"class":"minor","highway":"residential","sidewalk":"unknown","lanes":0,"name":"쑥고개로16길","oneway":false},"geometry":{"type":"LineString","coordinates":[[126.94435,37.47894],[126.94429,37.47854],[126.94429,37.4785],[126.94426,37.47832],[126.94419,37.47788],[126.94413,37.47745],[126.94412,37.47739],[126.94405,37.47689]]}},{"type":"Feature","properties":{"class":"alley","highway":"pedestrian","sidewalk":"unknown","lanes":0,"name":"","oneway":false},"geometry":{"type":"LineString","coordinates":[[126.95229,37.46016],[126.9524,37.46041]]}},{"type":"Feature","properties":{"class":"alley","highway":"service","sidewalk":"unknown","lanes":0,"name":"","oneway":true},"geometry":{"type":"LineString","coordinates":[[126.94804,37.46704],[126.94816,37.46691],[126.94842,37.46681]]}},{"type":"Feature","properties":{"class":"major","highway":"secondary_link","sidewalk":"likely","lanes":0,"name":"","oneway":true},"geometry":{"type":"LineString","coordinates":[[126.94437,37.46991],[126.94447,37.46991],[126.94452,37.46992],[126.94458,37.46997],[126.94458,37.47002],[126.94455,37.47004],[126.94447,37.47011],[126.94444,37.47017]]}},{"type":"Feature","properties":{"class":"major","highway":"tertiary","sidewalk":"likely","lanes":0,"name":"","oneway":true},"geometry":{"type":"LineString","coordinates":[[126.94029,37.46431],[126.94003,37.46419],[126.93996,37.46418],[126.93985,37.46421],[126.93979,37.46423],[126.9397,37.46433],[126.9395,37.46453],[126.93942,37.46461],[126.93932,37.46468],[126.93918,37.46475],[126.93905,37.4648],[126.93879,37.46492],[126.93833,37.46527],[126.93822,37.46536],[126.93807,37.46548],[126.93806,37.46549],[126.93805,37.4655],[126.9378,37.46572],[126.93771,37.46579],[126.93765,37.46588],[126.93757,37.46612],[126.93758,37.46632],[126.93764,37.46752],[126.93764,37.46753],[126.9377,37.46845]]}},{"type":"Feature","properties":{"class":"alley","highway":"service","sidewalk":"unknown","lanes":0,"name":"","oneway":false},"geometry":{"type":"LineString","coordinates":[[126.94668,37.46991],[126.94689,37.46977],[126.94713,37.46971]]}},{"type":"Feature","properties":{"class":"alley","highway":"service","sidewalk":"unknown","lanes":0,"name":"","oneway":false},"geometry":{"type":"LineString","coordinates":[[126.94673,37.46897],[126.94693,37.46899],[126.94707,37.46905]]}},{"type":"Feature","properties":{"class":"minor","highway":"residential","sidewalk":"yes","lanes":2,"name":"관악로11길","oneway":false},"geometry":{"type":"LineString","coordinates":[[126.95112,37.47778],[126.95136,37.47774],[126.95223,37.47777]]}},{"type":"Feature","properties":{"class":"alley","highway":"service","sidewalk":"unknown","lanes":0,"name":"","oneway":true},"geometry":{"type":"LineString","coordinates":[[126.95143,37.46571],[126.9514,37.46568],[126.95139,37.46557],[126.95141,37.46554]]}},{"type":"Feature","properties":{"class":"alley","highway":"service","sidewalk":"yes","lanes":0,"name":"","oneway":false},"geometry":{"type":"LineString","coordinates":[[126.95143,37.46571],[126.95143,37.46583],[126.95144,37.46596]]}},{"type":"Feature","properties":{"class":"alley","highway":"service","sidewalk":"unknown","lanes":0,"name":"","oneway":true},"geometry":{"type":"LineString","coordinates":[[126.95141,37.46554],[126.95145,37.46557],[126.95145,37.46568],[126.95143,37.46571]]}},{"type":"Feature","properties":{"class":"alley","highway":"service","sidewalk":"unknown","lanes":0,"name":"","oneway":false},"geometry":{"type":"LineString","coordinates":[[126.94668,37.46991],[126.94649,37.46997],[126.9463,37.47002],[126.94613,37.47011],[126.94596,37.47008],[126.94537,37.46959],[126.94528,37.46953]]}},{"type":"Feature","properties":{"class":"alley","highway":"service","sidewalk":"unknown","lanes":0,"name":"","oneway":false},"geometry":{"type":"LineString","coordinates":[[126.94649,37.46997],[126.94681,37.46969],[126.94683,37.46967],[126.94701,37.46968],[126.94738,37.46943],[126.94703,37.46909],[126.94653,37.46942],[126.94681,37.46969]]}},{"type":"Feature","properties":{"class":"alley","highway":"service","sidewalk":"unknown","lanes":0,"name":"","oneway":false},"geometry":{"type":"LineString","coordinates":[[126.95716,37.46227],[126.95722,37.46219],[126.95726,37.46215]]}},{"type":"Feature","properties":{"class":"alley","highway":"service","sidewalk":"unknown","lanes":0,"name":"","oneway":true},"geometry":{"type":"LineString","coordinates":[[126.94985,37.46172],[126.94967,37.46173],[126.94955,37.46172],[126.94944,37.4617],[126.94934,37.46169]]}},{"type":"Feature","properties":{"class":"alley","highway":"service","sidewalk":"unknown","lanes":0,"name":"","oneway":false},"geometry":{"type":"LineString","coordinates":[[126.95166,37.467],[126.9515,37.46695],[126.95129,37.46686],[126.95119,37.46682],[126.95113,37.4668],[126.95028,37.46672],[126.95027,37.46669],[126.95028,37.46659],[126.95029,37.46651]]}},{"type":"Feature","properties":{"class":"minor","highway":"residential","sidewalk":"unknown","lanes":0,"name":"낙성대로","oneway":true},"geometry":{"type":"LineString","coordinates":[[126.95797,37.46857],[126.95798,37.4687],[126.95808,37.46945],[126.95813,37.46976],[126.95814,37.46983],[126.95817,37.47003],[126.95828,37.47061],[126.95832,37.47077],[126.95835,37.47089],[126.95843,37.4711],[126.95846,37.47123],[126.95848,37.47133],[126.95848,37.47144],[126.95848,37.47151],[126.9585,37.47159],[126.95862,37.47193],[126.95884,37.47252],[126.95883,37.47264]]}},{"type":"Feature","properties":{"class":"alley","highway":"service","sidewalk":"unknown","lanes":0,"name":"낙성대로","oneway":true},"geometry":{"type":"LineString","coordinates":[[126.95789,37.46858],[126.95788,37.46848],[126.95781,37.46789],[126.9578,37.46779],[126.95777,37.46739],[126.95774,37.46707],[126.95772,37.46684],[126.95771,37.46671],[126.9577,37.46657],[126.9577,37.46654],[126.95771,37.46623],[126.95777,37.4655],[126.95782,37.46487],[126.95791,37.46464]]}},{"type":"Feature","properties":{"class":"minor","highway":"residential","sidewalk":"unknown","lanes":0,"name":"낙성대로","oneway":true},"geometry":{"type":"LineString","coordinates":[[126.95883,37.47264],[126.95874,37.47254],[126.95854,37.47201],[126.95844,37.47169],[126.95841,37.4716],[126.9584,37.47151],[126.95839,37.47144],[126.95839,37.47133],[126.95837,37.47124],[126.95835,37.47112],[126.95828,37.47093],[126.95823,37.47078],[126.95819,37.47061],[126.95809,37.47003],[126.95806,37.46988],[126.95805,37.46984],[126.95796,37.46921],[126.95792,37.46889],[126.9579,37.46871],[126.95789,37.46858]]}},{"type":"Feature","properties":{"class":"alley","highway":"service","sidewalk":"unknown","lanes":0,"name":"낙성대로","oneway":true},"geometry":{"type":"LineString","coordinates":[[126.95791,37.46464],[126.95791,37.46487],[126.95786,37.4655],[126.9578,37.46623],[126.95779,37.46641],[126.95778,37.46654],[126.95778,37.46657],[126.9578,37.46669],[126.95781,37.46684],[126.95785,37.46733],[126.95789,37.46779],[126.9579,37.46788],[126.95791,37.46795],[126.95797,37.46847],[126.95797,37.46857]]}},{"type":"Feature","properties":{"class":"alley","highway":"service","sidewalk":"unknown","lanes":0,"name":"","oneway":false},"geometry":{"type":"LineString","coordinates":[[126.95427,37.46479],[126.95481,37.46558]]}}]}