{"type":"FeatureCollection","features":[{"type":"Feature","properties":{"class":"minor","highway":"residential","sidewalk":"unknown","lanes":0,"name":"장군봉2길","oneway":false},"geometry":{"type":"LineString","coordinates":[[126.93782,37.4833],[126.93808,37.48318],[126.93833,37.48307],[126.93879,37.48285],[126.93941,37.48258],[126.93969,37.48245],[126.9402,37.48228]]}},{"type":"Feature","properties":{"class":"minor","highway":"residential","sidewalk":"unknown","lanes":0,"name":"남부순환로","oneway":false},"geometry":{"type":"LineString","coordinates":[[126.94204,37.48244],[126.94208,37.48256],[126.94225,37.48308],[126.94226,37.48312],[126.94231,37.48326]]}},{"type":"Feature","properties":{"class":"minor","highway":"residential","sidewalk":"no","lanes":0,"name":"관악로15길","oneway":false},"geometry":{"type":"LineString","coordinates":[[126.95252,37.4802],[126.95167,37.48026],[126.95102,37.48032],[126.95037,37.48038],[126.94967,37.48047],[126.9495,37.48049],[126.94896,37.48052]]}},{"type":"Feature","properties":{"class":"minor","highway":"residential","sidewalk":"unknown","lanes":0,"name":"쑥고개로21길","oneway":false},"geometry":{"type":"LineString","coordinates":[[126.94796,37.48062],[126.94852,37.4796],[126.9485,37.47946],[126.94852,37.47941],[126.94862,37.47921],[126.9487,37.47903]]}},{"type":"Feature","properties":{"class":"minor","highway":"residential","sidewalk":"unknown","lanes":0,"name":"봉천로41길","oneway":false},"geometry":{"type":"LineString","coordinates":[[126.94785,37.48265],[126.94792,37.48279],[126.94792,37.48282],[126.94797,37.4833],[126.948,37.4836],[126.94802,37.48375],[126.94804,37.48389],[126.94805,37.48391],[126.94806,37.48399],[126.94807,37.48408],[126.94882,37.48455]]}},{"type":"Feature","properties":{"class":"minor","highway":"residential","sidewalk":"unknown","lanes":0,"name":"청룡길","oneway":false},"geometry":{"type":"LineString","coordinates":[[126.94634,37.48184],[126.94632,37.48178],[126.94626,37.48149],[126.94623,37.48127],[126.94609,37.48081],[126.94601,37.48032],[126.946,37.48027],[126.94593,37.47986],[126.94585,37.47932],[126.94576,37.47878],[126.94571,37.47844],[126.94564,37.47802],[126.94559,37.47775],[126.9455,37.47721],[126.94543,37.47674]]}},{"type":"Feature","properties":{"class":"minor","highway":"residential","sidewalk":"unknown","lanes":0,"name":"남부순환로218길","oneway":false},"geometry":{"type":"LineString","coordinates":[[126.95011,37.47889],[126.9502,37.47944],[126.95037,37.48038],[126.95042,37.48082],[126.95051,37.48137],[126.95052,37.48143]]}},{"type":"Feature","properties":{"class":"minor","highway":"residential","sidewalk":"unknown","lanes":0,"name":"봉천로45길","oneway":false},"geometry":{"type":"LineString","coordinates":[[126.94951,37.48405],[126.94948,37.48371],[126.94946,37.48357],[126.94944,37.48343],[126.94939,37.48316],[126.94934,37.48292],[126.94934,37.48289],[126.94931,37.4827],[126.94926,37.48264],[126.94924,37.48251]]}},{"type":"Feature","properties":{"class":"alley","highway":"service","sidewalk":"unknown","lanes":0,"name":"장군봉9길","oneway":false},"geometry":{"type":"LineString","coordinates":[[126.93887,37.47956],[126.93925,37.47985],[126.93949,37.48003],[126.9397,37.4802],[126.94009,37.48049]]}},{"type":"Feature","properties":{"class":"minor","highway":"residential","sidewalk":"unknown","lanes":0,"name":"남부순환로","oneway":false},"geometry":{"type":"LineString","coordinates":[[126.94116,37.48363],[126.94108,37.48352],[126.94105,37.48348],[126.9407,37.483],[126.94066,37.48296],[126.94061,37.48289],[126.94055,37.4828]]}},{"type":"Feature","properties":{"class":"alley","highway":"service","sidewalk":"unknown","lanes":0,"name":"장군봉3길","oneway":false},"geometry":{"type":"LineString","coordinates":[[126.93988,37.48177],[126.94016,37.48164],[126.94043,37.48154],[126.94072,37.48144],[126.94087,37.48138],[126.94103,37.48133],[126.94119,37.48127],[126.94149,37.48119]]}},{"type":"Feature","properties":{"class":"minor","highway":"residential","sidewalk":"unknown","lanes":0,"name":"관악로17길","oneway":false},"geometry":{"type":"LineString","coordinates":[[126.94901,37.48096],[126.95042,37.48082],[126.95174,37.48071]]}},{"type":"Feature","properties":{"class":"minor","highway":"residential","sidewalk":"unknown","lanes":0,"name":"청룡4길","oneway":false},"geometry":{"type":"LineString","coordinates":[[126.94609,37.48081],[126.94586,37.48085],[126.94542,37.48088],[126.94505,37.48091],[126.94471,37.48095],[126.94405,37.48102]]}},{"type":"Feature","properties":{"class":"alley","highway":"service","sidewalk":"unknown","lanes":0,"name":"장군봉13길","oneway":false},"geometry":{"type":"LineString","coordinates":[[126.93922,37.47922],[126.93986,37.47976],[126.94055,37.48033]]}},{"type":"Feature","properties":{"class":"alley","highway":"service","sidewalk":"unknown","lanes":0,"name":"장군봉11길","oneway":false},"geometry":{"type":"LineString","coordinates":[[126.93901,37.47942],[126.93965,37.47994],[126.94027,37.48043]]}},{"type":"Feature","properties":{"class":"alley","highway":"service","sidewalk":"unknown","lanes":0,"name":"장군봉3길","oneway":false},"geometry":{"type":"LineString","coordinates":[[126.94045,37.48097],[126.94072,37.48144]]}},{"type":"Feature","properties":{"class":"minor","highway":"residential","sidewalk":"no","lanes":0,"name":"봉천로","oneway":false},"geometry":{"type":"LineString","coordinates":[[126.95179,37.48142],[126.95182,37.48156],[126.95191,37.48209],[126.95191,37.48211],[126.95194,37.48224]]}},{"type":"Feature","properties":{"class":"alley","highway":"service","sidewalk":"unknown","lanes":0,"name":"장군봉3길","oneway":false},"geometry":{"type":"LineString","coordinates":[[126.93988,37.4812],[126.94016,37.48164]]}},{"type":"Feature","properties":{"class":"minor","highway":"residential","sidewalk":"no","lanes":0,"name":"봉천로","oneway":false},"geometry":{"type":"LineString","coordinates":[[126.95054,37.48155],[126.95056,37.48169],[126.95064,37.48221],[126.95065,37.48224],[126.9507,37.48237]]}},{"type":"Feature","properties":{"class":"alley","highway":"service","sidewalk":"unknown","lanes":0,"name":"장군봉3길","oneway":false},"geometry":{"type":"LineString","coordinates":[[126.94016,37.48109],[126.94043,37.48154]]}},{"type":"Feature","properties":{"class":"minor","highway":"residential","sidewalk":"unknown","lanes":0,"name":"남부순환로","oneway":false},"geometry":{"type":"LineString","coordinates":[[126.9435,37.48225],[126.94352,37.48237],[126.94361,37.48291],[126.94362,37.48297],[126.94365,37.48309]]}},{"type":"Feature","properties":{"class":"minor","highway":"residential","sidewalk":"unknown","lanes":0,"name":"남부순환로","oneway":false},"geometry":{"type":"LineString","coordinates":[[126.94489,37.48212],[126.9449,37.4822],[126.9449,37.48221],[126.94501,37.4828],[126.94502,37.48285],[126.94503,37.48294]]}},{"type":"Feature","properties":{"class":"alley","highway":"service","sidewalk":"unknown","lanes":0,"name":"봉천로33가길","oneway":false},"geometry":{"type":"LineString","coordinates":[[126.94426,37.48427],[126.94425,37.48513],[126.94457,37.48514],[126.94459,37.48427]]}},{"type":"Feature","properties":{"class":"alley","highway":"service","sidewalk":"unknown","lanes":0,"name":"양녕로7길","oneway":false},"geometry":{"type":"LineString","coordinates":[[126.94682,37.48503],[126.9467,37.48504],[126.94666,37.48507],[126.94644,37.48534],[126.94638,37.48544],[126.94635,37.4856],[126.94631,37.4859],[126.94633,37.48601],[126.94636,37.48605],[126.94644,37.48609],[126.94628,37.48677],[126.94625,37.48691],[126.94626,37.48699]]}},{"type":"Feature","properties":{"class":"alley","highway":"service","sidewalk":"unknown","lanes":0,"name":"봉천로33가길","oneway":false},"geometry":{"type":"LineString","coordinates":[[126.94568,37.48439],[126.94568,37.48508]]}},{"type":"Feature","properties":{"class":"minor","highway":"residential","sidewalk":"unknown","lanes":0,"name":"봉천로35길","oneway":false},"geometry":{"type":"LineString","coordinates":[[126.94503,37.48294],[126.94505,37.48305],[126.94506,37.4831],[126.94515,37.48358],[126.9452,37.48394],[126.94525,37.48426]]}},{"type":"Feature","properties":{"class":"alley","highway":"service","sidewalk":"unknown","lanes":0,"name":"봉천로33가길","oneway":false},"geometry":{"type":"LineString","coordinates":[[126.94492,37.48427],[126.9449,37.48516],[126.94457,37.48517],[126.94457,37.48514]]}},{"type":"Feature","properties":{"class":"minor","highway":"residential","sidewalk":"unknown","lanes":0,"name":"봉천로27길","oneway":false},"geometry":{"type":"LineString","coordinates":[[126.93914,37.48525],[126.93926,37.48526],[126.93959,37.48536],[126.9399,37.48545],[126.94024,37.48555],[126.94062,37.48565],[126.94083,37.48571],[126.94167,37.48594],[126.94175,37.48597],[126.94182,37.48601],[126.94184,37.48604]]}},{"type":"Feature","properties":{"class":"alley","highway":"service","sidewalk":"unknown","lanes":0,"name":"봉천로33나길","oneway":false},"geometry":{"type":"LineString","coordinates":[[126.94418,37.4859],[126.94388,37.48583],[126.94355,37.48573],[126.94306,37.48542],[126.94237,37.48507]]}},{"type":"Feature","properties":{"class":"minor","highway":"residential","sidewalk":"unknown","lanes":0,"name":"봉천로29길","oneway":false},"geometry":{"type":"LineString","coordinates":[[126.93975,37.48424],[126.93981,37.48432],[126.93985,37.48437],[126.94014,37.48479],[126.9402,37.48484],[126.94048,37.48497],[126.94083,37.48515],[126.94214,37.48553],[126.94279,37.48572],[126.9429,37.48575],[126.94347,37.48592],[126.9441,37.48609]]}},{"type":"Feature","properties":{"class":"alley","highway":"service","sidewalk":"unknown","lanes":0,"name":"","oneway":false},"geometry":{"type":"LineString","coordinates":[[126.94291,37.48381],[126.94287,37.48387],[126.94262,37.48389]]}},{"type":"Feature","properties":{"class":"alley","highway":"service","sidewalk":"unknown","lanes":0,"name":"봉천로33가길","oneway":false},"geometry":{"type":"LineString","coordinates":[[126.94528,37.48426],[126.9453,37.48488]]}},{"type":"Feature","properties":{"class":"minor","highway":"residential","sidewalk":"unknown","lanes":0,"name":"양녕로5길","oneway":false},"geometry":{"type":"LineString","coordinates":[[126.94679,37.48477],[126.9467,37.48478],[126.94617,37.48482],[126.94617,37.48487],[126.94616,37.4849],[126.94614,37.48492],[126.9461,37.48495],[126.94568,37.48508],[126.9453,37.48522],[126.94492,37.48538],[126.94486,37.48539],[126.94422,37.48528],[126.94409,37.48528]]}},{"type":"Feature","properties":{"class":"minor","highway":"residential","sidewalk":"unknown","lanes":0,"name":"봉천로33가길","oneway":false},"geometry":{"type":"LineString","coordinates":[[126.94381,37.48426],[126.94426,37.48427],[126.9444,37.48427],[126.94459,37.48427],[126.94492,37.48427],[126.94525,37.48426],[126.94528,37.48426],[126.94568,37.48439],[126.94575,37.48441],[126.9461,37.48453],[126.94614,37.48453]]}},{"type":"Feature","properties":{"class":"alley","highway":"service","sidewalk":"unknown","lanes":0,"name":"","oneway":true},"geometry":{"type":"LineString","coordinates":[[126.94289,37.48528],[126.94289,37.48524],[126.9429,37.48521],[126.94291,37.48518],[126.94293,37.48517],[126.94296,37.48515],[126.94299,37.48515],[126.94301,37.48515],[126.94303,37.48516],[126.94305,37.48517],[126.94307,37.48519],[126.94308,37.48521],[126.94309,37.48524],[126.94309,37.48537]]}},{"type":"Feature","properties":{"class":"alley","highway":"service","sidewalk":"unknown","lanes":0,"name":"","oneway":false},"geometry":{"type":"LineString","coordinates":[[126.94366,37.48551],[126.94368,37.48548],[126.94363,37.4851]]}},{"type":"Feature","properties":{"class":"alley","highway":"service","sidewalk":"unknown","lanes":0,"name":"양녕로","oneway":false},"geometry":{"type":"LineString","coordinates":[[126.94697,37.48603],[126.94644,37.48609]]}},{"type":"Feature","properties":{"class":"alley","highway":"service","sidewalk":"unknown","lanes":0,"name":"","oneway":false},"geometry":{"type":"LineString","coordinates":[[126.9422,37.48407],[126.94191,37.4841],[126.94186,37.4841],[126.94182,37.48412],[126.94161,37.48419],[126.94158,37.48422],[126.94157,37.48424],[126.94157,37.48426],[126.94156,37.48435],[126.94156,37.48448],[126.94158,37.48457],[126.94161,37.48466],[126.94164,37.48472],[126.94168,37.48477],[126.94173,37.48481],[126.94189,37.48491],[126.94209,37.485],[126.94224,37.48505],[126.94231,37.48505],[126.94235,37.48505],[126.94239,37.48505],[126.94241,37.48506],[126.94247,37.48508],[126.94271,37.48519],[126.94289,37.48528],[126.94309,37.48537],[126.94366,37.48551],[126.94391,37.48558],[126.94415,37.48564]]}},{"type":"Feature","properties":{"class":"alley","highway":"service","sidewalk":"unknown","lanes":0,"name":"","oneway":false},"geometry":{"type":"LineString","coordinates":[[126.94391,37.48558],[126.94395,37.48548],[126.94396,37.48542],[126.94392,37.48507]]}},{"type":"Feature","properties":{"class":"alley","highway":"service","sidewalk":"unknown","lanes":0,"name":"","oneway":false},"geometry":{"type":"LineString","coordinates":[[126.94287,37.48387],[126.94293,37.48438],[126.94295,37.48451],[126.94302,37.485],[126.94303,37.48516]]}},{"type":"Feature","properties":{"class":"alley","highway":"service","sidewalk":"unknown","lanes":0,"name":"봉천로33길","oneway":false},"geometry":{"type":"LineString","coordinates":[[126.94371,37.48371],[126.94291,37.48381]]}},{"type":"Feature","properties":{"class":"minor","highway":"residential","sidewalk":"unknown","lanes":0,"name":"봉천로49나길","oneway":false},"geometry":{"type":"LineString","coordinates":[[126.95193,37.48278],[126.95184,37.48279],[126.95173,37.48283],[126.95158,37.48291],[126.95146,37.48296],[126.95124,37.48299],[126.95083,37.48303],[126.9508,37.48302],[126.94961,37.48314],[126.94939,37.48316]]}},{"type":"Feature","properties":{"class":"minor","highway":"residential","sidewalk":"unknown","lanes":0,"name":"봉천로33길","oneway":false},"geometry":{"type":"LineString","coordinates":[[126.94365,37.48309],[126.94366,37.48322],[126.94366,37.48325],[126.94371,37.48371],[126.94375,37.48393],[126.94378,37.48409],[126.94381,37.48426],[126.9438,37.48434],[126.94378,37.48437],[126.94379,37.48439],[126.94383,37.48441],[126.94389,37.48445],[126.94392,37.48449],[126.94392,37.48464],[126.94393,37.48472],[126.94397,37.48478],[126.94402,37.48485],[126.94404,37.4849],[126.94409,37.48528],[126.94411,37.48538],[126.94415,37.48564],[126.94418,37.4859],[126.94412,37.48604],[126.9441,37.48609],[126.94407,37.48616],[126.94406,37.48617],[126.94406,37.48618],[126.94406,37.4862],[126.94405,37.48621],[126.94406,37.48622],[126.94406,37.48624],[126.94407,37.48625],[126.94407,37.48626],[126.94408,37.48627],[126.9441,37.48627],[126.94442,37.48642],[126.94445,37.48644],[126.94448,37.48647],[126.94451,37.48649],[126.94453,37.48652],[126.94455,37.48654],[126.94456,37.48656],[126.94457,37.48657],[126.94457,37.48659],[126.94458,37.48661],[126.94458,37.48666],[126.94457,37.48669],[126.94456,37.48671],[126.94453,37.4868]]}},{"type":"Feature","properties":{"class":"alley","highway":"service","sidewalk":"unknown","lanes":0,"name":"봉천로29길","oneway":false},"geometry":{"type":"LineString","coordinates":[[126.94214,37.48553],[126.94226,37.48524],[126.94237,37.48507]]}},{"type":"Feature","properties":{"class":"minor","highway":"residential","sidewalk":"unknown","lanes":0,"name":"양녕로1가길","oneway":false},"geometry":{"type":"LineString","coordinates":[[126.94598,37.4835],[126.94603,37.48383],[126.94603,37.48385],[126.94614,37.48453],[126.94617,37.48482]]}},{"type":"Feature","properties":{"class":"minor","highway":"residential","sidewalk":"unknown","lanes":0,"name":"봉천로31길","oneway":false},"geometry":{"type":"LineString","coordinates":[[126.94219,37.48393],[126.94186,37.48404],[126.94153,37.48417]]}},{"type":"Feature","properties":{"class":"alley","highway":"service","sidewalk":"unknown","lanes":0,"name":"남부순환로206길","oneway":false},"geometry":{"type":"LineString","coordinates":[[126.94179,37.48118],[126.94218,37.48123]]}},{"type":"Feature","properties":{"class":"alley","highway":"service","sidewalk":"unknown","lanes":0,"name":"장군봉3길","oneway":false},"geometry":{"type":"LineString","coordinates":[[126.94182,37.48107],[126.94149,37.48116],[126.94159,37.48066]]}},{"type":"Feature","properties":{"class":"minor","highway":"residential","sidewalk":"unknown","lanes":0,"name":"남부순환로206길","oneway":false},"geometry":{"type":"LineString","coordinates":[[126.94187,37.48082],[126.94159,37.48066],[126.94138,37.48055]]}},{"type":"Feature","properties":{"class":"alley","highway":"service","sidewalk":"unknown","lanes":0,"name":"장군봉5길","oneway":false},"geometry":{"type":"LineString","coordinates":[[126.94097,37.48014],[126.94113,37.48066]]}},{"type":"Feature","properties":{"class":"minor","highway":"residential","sidewalk":"unknown","lanes":0,"name":"쑥고개로11길","oneway":false},"geometry":{"type":"LineString","coordinates":[[126.94238,37.48164],[126.94244,37.48135],[126.94248,37.48117]]}},{"type":"Feature","properties":{"class":"alley","highway":"service","sidewalk":"unknown","lanes":0,"name":"남부순환로206길","oneway":false},"geometry":{"type":"LineString","coordinates":[[126.94191,37.48063],[126.94228,37.48067]]}},{"type":"Feature","properties":{"class":"alley","highway":"service","sidewalk":"unknown","lanes":0,"name":"남부순환로206길","oneway":false},"geometry":{"type":"LineString","coordinates":[[126.94185,37.4809],[126.94223,37.48096]]}},{"type":"Feature","properties":{"class":"alley","highway":"service","sidewalk":"unknown","lanes":0,"name":"장군봉5길","oneway":false},"geometry":{"type":"LineString","coordinates":[[126.94126,37.4806],[126.9412,37.48095]]}},{"type":"Feature","properties":{"class":"alley","highway":"service","sidewalk":"unknown","lanes":0,"name":"남부순환로206길","oneway":false},"geometry":{"type":"LineString","coordinates":[[126.94173,37.4814],[126.94213,37.48147]]}},{"type":"Feature","properties":{"class":"alley","highway":"service","sidewalk":"unknown","lanes":0,"name":"쑥고개로11길","oneway":false},"geometry":{"type":"LineString","coordinates":[[126.94244,37.48135],[126.94277,37.48132]]}},{"type":"Feature","properties":{"class":"alley","highway":"service","sidewalk":"unknown","lanes":0,"name":"남부순환로206길","oneway":false},"geometry":{"type":"LineString","coordinates":[[126.94193,37.48054],[126.94129,37.48018]]}},{"type":"Feature","properties":{"class":"minor","highway":"residential","sidewalk":"unknown","lanes":0,"name":"양녕로20길","oneway":true},"geometry":{"type":"LineString","coordinates":[[126.9451,37.49716],[126.94501,37.49683],[126.94494,37.49668],[126.94451,37.4959],[126.94418,37.49526]]}},{"type":"Feature","properties":{"class":"major","highway":"secondary_link","sidewalk":"likely","lanes":0,"name":"양녕로","oneway":true},"geometry":{"type":"LineString","coordinates":[[126.94387,37.49199],[126.94407,37.49139],[126.94411,37.49129],[126.94417,37.49121],[126.94484,37.49054],[126.94535,37.49016]]}},{"type":"Feature","properties":{"class":"major","highway":"tertiary","sidewalk":"likely","lanes":0,"name":"양녕로20길","oneway":false},"geometry":{"type":"LineString","coordinates":[[126.94387,37.49199],[126.94368,37.4924]]}},{"type":"Feature","properties":{"class":"major","highway":"secondary_link","sidewalk":"likely","lanes":0,"name":"양녕로","oneway":true},"geometry":{"type":"LineString","coordinates":[[126.94535,37.49016],[126.94505,37.49066],[126.94442,37.49143],[126.94437,37.49146],[126.94404,37.49181],[126.94387,37.49199]]}},{"type":"Feature","properties":{"class":"minor","highway":"residential","sidewalk":"unknown","lanes":0,"name":"청룡8길","oneway":false},"geometry":{"type":"LineString","coordinates":[[126.94593,37.47986],[126.94567,37.47988],[126.94551,37.4799],[126.9454,37.47991],[126.94525,37.47992],[126.94523,37.47993],[126.94508,37.47994],[126.94455,37.48],[126.94438,37.48001],[126.9442,37.48003],[126.94388,37.48006]]}},{"type":"Feature","properties":{"class":"minor","highway":"residential","sidewalk":"unknown","lanes":0,"name":"남부순환로210길","oneway":false},"geometry":{"type":"LineString","coordinates":[[126.94446,37.47946],[126.94455,37.48],[126.94458,37.48017],[126.94463,37.48046],[126.94466,37.48069],[126.94468,37.48077],[126.94471,37.48095],[126.94479,37.4812],[126.94482,37.48144],[126.94483,37.48176],[126.94487,37.48194],[126.94487,37.48198]]}},{"type":"Feature","properties":{"class":"major","highway":"secondary","sidewalk":"likely","lanes":0,"name":"양녕로","oneway":false},"geometry":{"type":"LineString","coordinates":[[126.94648,37.48279],[126.9465,37.48293],[126.94652,37.48309],[126.94658,37.48343],[126.94663,37.48378],[126.94678,37.48475],[126.94679,37.48477],[126.94682,37.48503],[126.94688,37.48544],[126.94691,37.4856],[126.94697,37.48603],[126.94702,37.4866],[126.94701,37.48695],[126.94695,37.48709],[126.9468,37.48732],[126.9466,37.4876],[126.94657,37.48774],[126.94652,37.48787],[126.94638,37.48848],[126.94635,37.4886]]}},{"type":"Feature","properties":{"class":"alley","highway":"service","sidewalk":"unknown","lanes":0,"name":"봉천로","oneway":false},"geometry":{"type":"LineString","coordinates":[[126.94231,37.48326],[126.94234,37.48337],[126.94235,37.48339],[126.94242,37.48361]]}},{"type":"Feature","properties":{"class":"alley","highway":"service","sidewalk":"unknown","lanes":0,"name":"봉천로","oneway":false},"geometry":{"type":"LineString","coordinates":[[126.94206,37.48367],[126.94219,37.48393]]}},{"type":"Feature","properties":{"class":"minor","highway":"residential","sidewalk":"unknown","lanes":0,"name":"봉천로31길","oneway":false},"geometry":{"type":"LineString","coordinates":[[126.94116,37.48363],[126.94122,37.4837],[126.94124,37.48373],[126.94153,37.48417],[126.94119,37.48431],[126.94103,37.48439],[126.9407,37.48454],[126.94066,37.48456],[126.94035,37.48469],[126.94014,37.48479],[126.93965,37.485],[126.93914,37.48525]]}},{"type":"Feature","properties":{"class":"alley","highway":"service","sidewalk":"unknown","lanes":0,"name":"은천로10길","oneway":false},"geometry":{"type":"LineString","coordinates":[[126.94065,37.48614],[126.94062,37.48565],[126.94083,37.48515],[126.94151,37.48478],[126.9413,37.48447],[126.94119,37.48431]]}},{"type":"Feature","properties":{"class":"alley","highway":"service","sidewalk":"unknown","lanes":0,"name":"","oneway":false},"geometry":{"type":"LineString","coordinates":[[126.94151,37.48478],[126.94164,37.48472]]}},{"type":"Feature","properties":{"class":"alley","highway":"service","sidewalk":"unknown","lanes":0,"name":"","oneway":false},"geometry":{"type":"LineString","coordinates":[[126.94153,37.48417],[126.94157,37.48424]]}},{"type":"Feature","properties":{"class":"alley","highway":"service","sidewalk":"unknown","lanes":0,"name":"","oneway":false},"geometry":{"type":"LineString","coordinates":[[126.94309,37.48537],[126.94306,37.48542]]}},{"type":"Feature","properties":{"class":"alley","highway":"service","sidewalk":"unknown","lanes":0,"name":"쑥고개로","oneway":false},"geometry":{"type":"LineString","coordinates":[[126.9441,37.47949],[126.9442,37.48003]]}},{"type":"Feature","properties":{"class":"alley","highway":"service","sidewalk":"unknown","lanes":0,"name":"쑥고개로","oneway":false},"geometry":{"type":"LineString","coordinates":[[126.94348,37.47956],[126.94358,37.48009]]}},{"type":"Feature","properties":{"class":"minor","highway":"residential","sidewalk":"unknown","lanes":0,"name":"쑥고개로11길","oneway":true},"geometry":{"type":"LineString","coordinates":[[126.94246,37.47966],[126.94262,37.48024],[126.94259,37.48033],[126.94253,37.48066],[126.94248,37.48117]]}},{"type":"Feature","properties":{"class":"minor","highway":"residential","sidewalk":"unknown","lanes":0,"name":"청룡8길","oneway":true},"geometry":{"type":"LineString","coordinates":[[126.94388,37.48006],[126.94358,37.48009],[126.94351,37.4801],[126.9429,37.48016],[126.94262,37.48024]]}},{"type":"Feature","properties":{"class":"minor","highway":"residential","sidewalk":"unknown","lanes":0,"name":"청룡4길","oneway":true},"geometry":{"type":"LineString","coordinates":[[126.94248,37.48117],[126.94331,37.4811],[126.94366,37.48106],[126.94405,37.48102]]}},{"type":"Feature","properties":{"class":"minor","highway":"residential","sidewalk":"unknown","lanes":0,"name":"청룡1길","oneway":false},"geometry":{"type":"LineString","coordinates":[[126.94623,37.48127],[126.94667,37.4812],[126.94679,37.48119],[126.94761,37.48111],[126.94844,37.48102],[126.94901,37.48096]]}},{"type":"Feature","properties":{"class":"minor","highway":"residential","sidewalk":"unknown","lanes":0,"name":"장군봉길","oneway":false},"geometry":{"type":"LineString","coordinates":[[126.94055,37.4828],[126.94051,37.48274],[126.94048,37.48271],[126.94047,37.48269],[126.9402,37.48228],[126.94003,37.48198],[126.93988,37.48177],[126.93959,37.48131],[126.93928,37.48077],[126.93907,37.4804],[126.93904,37.48034],[126.93896,37.4802],[126.93883,37.47997],[126.93872,37.47978],[126.93869,37.47972],[126.93882,37.4796],[126.93887,37.47956],[126.93901,37.47942],[126.93922,37.47922],[126.93939,37.47906],[126.93961,37.47885],[126.93956,37.4788],[126.93951,37.47875],[126.93946,37.47869],[126.93941,37.47862],[126.93938,37.47856],[126.93936,37.4785],[126.93934,37.47843],[126.93933,37.47837],[126.93933,37.47834],[126.93934,37.4783],[126.93936,37.47827],[126.93945,37.4782]]}},{"type":"Feature","properties":{"class":"alley","highway":"service","sidewalk":"unknown","lanes":0,"name":"","oneway":false},"geometry":{"type":"LineString","coordinates":[[126.94003,37.48198],[126.941,37.48163]]}},{"type":"Feature","properties":{"class":"minor","highway":"residential","sidewalk":"unknown","lanes":0,"name":"장군봉5길","oneway":false},"geometry":{"type":"LineString","coordinates":[[126.93959,37.48131],[126.93988,37.4812],[126.93998,37.48116],[126.94016,37.48109],[126.94045,37.48097]]}},{"type":"Feature","properties":{"class":"minor","highway":"residential","sidewalk":"unknown","lanes":0,"name":"남부순환로","oneway":false},"geometry":{"type":"LineString","coordinates":[[126.94924,37.48251],[126.94922,37.48239],[126.94921,37.48236],[126.94913,37.48185],[126.94911,37.4817]]}},{"type":"Feature","properties":{"class":"minor","highway":"residential","sidewalk":"unknown","lanes":0,"name":"양녕로10길","oneway":false},"geometry":{"type":"LineString","coordinates":[[126.94697,37.48603],[126.94756,37.48597],[126.94768,37.48598],[126.94776,37.486],[126.94791,37.48614],[126.94795,37.48617],[126.948,37.48619],[126.94853,37.48633]]}},{"type":"Feature","properties":{"class":"minor","highway":"residential","sidewalk":"unknown","lanes":0,"name":"양녕로6나길","oneway":false},"geometry":{"type":"LineString","coordinates":[[126.94882,37.48455],[126.9493,37.48509],[126.94968,37.48549],[126.94999,37.48592]]}},{"type":"Feature","properties":{"class":"minor","highway":"residential","sidewalk":"unknown","lanes":0,"name":"봉천로47길","oneway":false},"geometry":{"type":"LineString","coordinates":[[126.9507,37.48237],[126.95072,37.4825],[126.95073,37.48255],[126.95077,37.48278],[126.9508,37.48302],[126.95082,37.48319],[126.95085,37.4833],[126.95089,37.48358]]}},{"type":"Feature","properties":{"class":"minor","highway":"residential","sidewalk":"unknown","lanes":0,"name":"남부순환로216길","oneway":false},"geometry":{"type":"LineString","coordinates":[[126.94909,37.48157],[126.94908,37.48152],[126.94908,37.48151],[126.94901,37.48096],[126.94896,37.48052],[126.94915,37.48016],[126.94918,37.48011],[126.9492,37.48007],[126.94926,37.47998],[126.94928,37.47995],[126.94944,37.47969],[126.94956,37.4795]]}},{"type":"Feature","properties":{"class":"minor","highway":"residential","sidewalk":"unknown","lanes":0,"name":"양녕로2가길","oneway":false},"geometry":{"type":"LineString","coordinates":[[126.94716,37.48339],[126.94719,37.4836],[126.94722,37.48382],[126.94728,37.48415],[126.94736,37.48468],[126.94747,37.48542],[126.94756,37.48597]]}},{"type":"Feature","properties":{"class":"minor","highway":"residential","sidewalk":"unknown","lanes":0,"name":"양녕로2길","oneway":false},"geometry":{"type":"LineString","coordinates":[[126.94939,37.48316],[126.94879,37.48322],[126.94873,37.48323],[126.94862,37.48323],[126.94849,37.48325],[126.94823,37.48327],[126.94797,37.4833],[126.94742,37.48338],[126.94716,37.48339],[126.94658,37.48343]]}},{"type":"Feature","properties":{"class":"minor","highway":"residential","sidewalk":"unknown","lanes":0,"name":"양녕로1길","oneway":false},"geometry":{"type":"LineString","coordinates":[[126.94658,37.48343],[126.94598,37.4835],[126.94515,37.48358],[126.94482,37.48362],[126.94451,37.48364],[126.94371,37.48371]]}},{"type":"Feature","properties":{"class":"minor","highway":"residential","sidewalk":"unknown","lanes":0,"name":"양녕로6길","oneway":false},"geometry":{"type":"LineString","coordinates":[[126.94678,37.48475],[126.94736,37.48468],[126.94823,37.48456],[126.94882,37.48455],[126.94896,37.48445],[126.94918,37.48428],[126.94951,37.48405],[126.94985,37.48382],[126.94996,37.48372],[126.95005,37.48368],[126.95089,37.48358],[126.95152,37.48353],[126.95169,37.48353],[126.95204,37.48358],[126.95273,37.48371],[126.95292,37.48378],[126.95304,37.48385],[126.9532,37.48397]]}},{"type":"Feature","properties":{"class":"alley","highway":"service","sidewalk":"unknown","lanes":0,"name":"양녕로6다길","oneway":false},"geometry":{"type":"LineString","coordinates":[[126.94985,37.48382],[126.94987,37.48405],[126.94992,37.48442],[126.95097,37.48433],[126.95177,37.48426],[126.95204,37.48425]]}},{"type":"Feature","properties":{"class":"minor","highway":"residential","sidewalk":"unknown","lanes":0,"name":"봉천로49길","oneway":false},"geometry":{"type":"LineString","coordinates":[[126.95182,37.48225],[126.95184,37.48239],[126.95185,37.48241],[126.95186,37.4825],[126.95193,37.48278],[126.95196,37.4829],[126.95197,37.48294],[126.95199,37.48305],[126.95203,37.48324],[126.95204,37.48339],[126.95204,37.48358],[126.95243,37.48411],[126.95252,37.48416],[126.95269,37.48433]]}},{"type":"Feature","properties":{"class":"alley","highway":"service","sidewalk":"unknown","lanes":0,"name":"양녕로6길","oneway":false},"geometry":{"type":"LineString","coordinates":[[126.95169,37.48353],[126.95173,37.48389],[126.95177,37.48426]]}},{"type":"Feature","properties":{"class":"alley","highway":"service","sidewalk":"unknown","lanes":0,"name":"은천로24길","oneway":false},"geometry":{"type":"LineString","coordinates":[[126.94885,37.48672],[126.94853,37.48633],[126.9477,37.48542],[126.9477,37.48539]]}},{"type":"Feature","properties":{"class":"minor","highway":"residential","sidewalk":"unknown","lanes":0,"name":"양녕로6길","oneway":false},"geometry":{"type":"LineString","coordinates":[[126.95089,37.48358],[126.95093,37.48395]]}},{"type":"Feature","properties":{"class":"minor","highway":"residential","sidewalk":"unknown","lanes":0,"name":"남부순환로","oneway":false},"geometry":{"type":"LineString","coordinates":[[126.94785,37.48265],[126.94783,37.48255],[126.94782,37.48249],[126.9478,37.48235],[126.9478,37.48234],[126.94778,37.48223],[126.94776,37.48211],[126.94774,37.48197],[126.94772,37.48184]]}},{"type":"Feature","properties":{"class":"alley","highway":"service","sidewalk":"unknown","lanes":0,"name":"양녕로6라길","oneway":false},"geometry":{"type":"LineString","coordinates":[[126.94987,37.48405],[126.95093,37.48395],[126.95173,37.48389]]}},{"type":"Feature","properties":{"class":"minor","highway":"residential","sidewalk":"unknown","lanes":0,"name":"양녕로6라길","oneway":false},"geometry":{"type":"LineString","coordinates":[[126.95093,37.48395],[126.95097,37.48433]]}},{"type":"Feature","properties":{"class":"minor","highway":"residential","sidewalk":"no","lanes":0,"name":"남부순환로220길","oneway":false},"geometry":{"type":"LineString","coordinates":[[126.95141,37.47876],[126.9515,37.47931],[126.95167,37.48026],[126.95174,37.48071],[126.95183,37.48124],[126.95184,37.4813]]}},{"type":"Feature","properties":{"class":"alley","highway":"service","sidewalk":"unknown","lanes":0,"name":"관악로15길","oneway":false},"geometry":{"type":"LineString","coordinates":[[126.94967,37.48047],[126.94959,37.4801],[126.94983,37.48007],[126.94977,37.47966],[126.94944,37.47969]]}},{"type":"Feature","properties":{"class":"minor","highway":"residential","sidewalk":"unknown","lanes":0,"name":"관악로15길","oneway":false},"geometry":{"type":"LineString","coordinates":[[126.95102,37.48032],[126.95087,37.47937]]}},{"type":"Feature","properties":{"class":"alley","highway":"service","sidewalk":"unknown","lanes":0,"name":"남부순환로216길","oneway":false},"geometry":{"type":"LineString","coordinates":[[126.94926,37.47998],[126.94959,37.4801]]}},{"type":"Feature","properties":{"class":"alley","highway":"service","sidewalk":"unknown","lanes":0,"name":"남부순환로210길","oneway":false},"geometry":{"type":"LineString","coordinates":[[126.94425,37.4805],[126.94463,37.48046]]}},{"type":"Feature","properties":{"class":"minor","highway":"residential","sidewalk":"unknown","lanes":0,"name":"장군봉1길","oneway":false},"geometry":{"type":"LineString","coordinates":[[126.9402,37.48228],[126.94116,37.48192],[126.94148,37.48182],[126.94165,37.48178],[126.94181,37.48175],[126.94238,37.48164],[126.9434,37.48157]]}},{"type":"Feature","properties":{"class":"minor","highway":"residential","sidewalk":"unknown","lanes":0,"name":"남부순환로208길","oneway":false},"geometry":{"type":"LineString","coordinates":[[126.94331,37.4811],[126.94336,37.4813],[126.9434,37.48157],[126.94345,37.48208],[126.94346,37.48212]]}},{"type":"Feature","properties":{"class":"minor","highway":"residential","sidewalk":"unknown","lanes":0,"name":"청룡6길","oneway":false},"geometry":{"type":"LineString","coordinates":[[126.94463,37.48046],[126.94534,37.48039],[126.94601,37.48032]]}},{"type":"Feature","properties":{"class":"alley","highway":"service","sidewalk":"unknown","lanes":0,"name":"장군봉7길","oneway":false},"geometry":{"type":"LineString","coordinates":[[126.94083,37.48017],[126.94097,37.48014],[126.94127,37.48008]]}},{"type":"Feature","properties":{"class":"alley","highway":"service","sidewalk":"unknown","lanes":0,"name":"청룡2길","oneway":false},"geometry":{"type":"LineString","coordinates":[[126.94415,37.48149],[126.94411,37.48122],[126.94405,37.48102]]}},{"type":"Feature","properties":{"class":"minor","highway":"residential","sidewalk":"unknown","lanes":0,"name":"장군봉5길","oneway":false},"geometry":{"type":"LineString","coordinates":[[126.94076,37.48084],[126.94096,37.48074],[126.94113,37.48066],[126.94126,37.4806],[126.94138,37.48055],[126.94129,37.48018],[126.94127,37.48008],[126.94122,37.47979],[126.94138,37.47959],[126.94157,37.47935]]}},{"type":"Feature","properties":{"class":"alley","highway":"service","sidewalk":"unknown","lanes":0,"name":"장군봉7길","oneway":false},"geometry":{"type":"LineString","coordinates":[[126.94009,37.48049],[126.94028,37.48067],[126.94057,37.48092],[126.94098,37.48125],[126.94119,37.48127]]}},{"type":"Feature","properties":{"class":"minor","highway":"residential","sidewalk":"unknown","lanes":0,"name":"청룡8길","oneway":false},"geometry":{"type":"LineString","coordinates":[[126.94262,37.48024],[126.94202,37.48028],[126.94153,37.47997],[126.94122,37.47979],[126.94068,37.47949]]}},{"type":"Feature","properties":{"class":"alley","highway":"service","sidewalk":"unknown","lanes":0,"name":"장군봉1길","oneway":false},"geometry":{"type":"LineString","coordinates":[[126.94124,37.48136],[126.94148,37.48182],[126.94158,37.48205]]}},{"type":"Feature","properties":{"class":"minor","highway":"residential","sidewalk":"unknown","lanes":0,"name":"쑥고개로13길","oneway":true},"geometry":{"type":"LineString","coordinates":[[126.94405,37.48102],[126.94403,37.4809],[126.94395,37.48047],[126.94394,37.48042],[126.94392,37.4803],[126.94388,37.48006],[126.94378,37.47952]]}},{"type":"Feature","properties":{"class":"alley","highway":"service","sidewalk":"unknown","lanes":0,"name":"남부순환로208길","oneway":false},"geometry":{"type":"LineString","coordinates":[[126.94336,37.4813],[126.94411,37.48122]]}},{"type":"Feature","properties":{"class":"alley","highway":"service","sidewalk":"unknown","lanes":0,"name":"장군봉1길","oneway":false},"geometry":{"type":"LineString","coordinates":[[126.9409,37.48144],[126.941,37.48163],[126.94116,37.48192]]}},{"type":"Feature","properties":{"class":"minor","highway":"residential","sidewalk":"unknown","lanes":0,"name":"청룡2길","oneway":false},"geometry":{"type":"LineString","coordinates":[[126.9434,37.48157],[126.94415,37.48149],[126.9443,37.48147],[126.94482,37.48144],[126.94529,37.48139],[126.94549,37.48137],[126.94564,37.48135],[126.94623,37.48127]]}},{"type":"Feature","properties":{"class":"minor","highway":"residential","sidewalk":"unknown","lanes":0,"name":"청룡5길","oneway":false},"geometry":{"type":"LineString","coordinates":[[126.9474,37.47971],[126.9469,37.48011],[126.94688,37.48013],[126.94671,37.48027],[126.94616,37.48072],[126.94609,37.48081]]}},{"type":"Feature","properties":{"class":"minor","highway":"residential","sidewalk":"unknown","lanes":0,"name":"청룡3길","oneway":false},"geometry":{"type":"LineString","coordinates":[[126.94896,37.48052],[126.94837,37.48057],[126.94796,37.48062],[126.94755,37.48067],[126.94698,37.48071],[126.94696,37.48071],[126.94673,37.48074],[126.94664,37.48074],[126.94609,37.48081]]}},{"type":"Feature","properties":{"class":"alley","highway":"service","sidewalk":"unknown","lanes":0,"name":"청룡5길","oneway":false},"geometry":{"type":"LineString","coordinates":[[126.9468,37.48003],[126.9469,37.48011]]}},{"type":"Feature","properties":{"class":"alley","highway":"service","sidewalk":"unknown","lanes":0,"name":"청룡5길","oneway":false},"geometry":{"type":"LineString","coordinates":[[126.94688,37.48013],[126.94703,37.48024]]}},{"type":"Feature","properties":{"class":"alley","highway":"service","sidewalk":"unknown","lanes":0,"name":"청룡3길","oneway":false},"geometry":{"type":"LineString","coordinates":[[126.94698,37.48071],[126.94694,37.48048]]}},{"type":"Feature","properties":{"class":"alley","highway":"service","sidewalk":"unknown","lanes":0,"name":"청룡5길","oneway":false},"geometry":{"type":"LineString","coordinates":[[126.94686,37.48038],[126.94671,37.48027],[126.94663,37.48021],[126.9465,37.48023],[126.94635,37.48024]]}},{"type":"Feature","properties":{"class":"alley","highway":"service","sidewalk":"unknown","lanes":0,"name":"청룡3길","oneway":false},"geometry":{"type":"LineString","coordinates":[[126.94673,37.48074],[126.9467,37.48059]]}},{"type":"Feature","properties":{"class":"minor","highway":"residential","sidewalk":"no","lanes":0,"name":"남부순환로226길","oneway":false},"geometry":{"type":"LineString","coordinates":[[126.95356,37.47911],[126.95362,37.47957],[126.95364,37.47977],[126.95387,37.48012],[126.95418,37.48058],[126.95421,37.48063]]}},{"type":"Feature","properties":{"class":"minor","highway":"residential","sidewalk":"no","lanes":0,"name":"남부순환로230길","oneway":false},"geometry":{"type":"LineString","coordinates":[[126.95403,37.47474],[126.9544,37.47567],[126.95481,37.4767],[126.95524,37.47773],[126.9554,37.47814],[126.95558,37.47858],[126.95554,37.47879],[126.95545,37.47932],[126.95539,37.4796],[126.95538,37.47978],[126.9554,37.4801],[126.95541,37.48017]]}},{"type":"Feature","properties":{"class":"minor","highway":"residential","sidewalk":"yes","lanes":2,"name":"남부순환로224길","oneway":false},"geometry":{"type":"LineString","coordinates":[[126.95304,37.47916],[126.95316,37.47996],[126.95323,37.48037],[126.95332,37.48093],[126.95332,37.48096]]}},{"type":"Feature","properties":{"class":"minor","highway":"residential","sidewalk":"no","lanes":0,"name":"관악로16길","oneway":false},"geometry":{"type":"LineString","coordinates":[[126.95539,37.4796],[126.95483,37.47978],[126.95387,37.48012],[126.95323,37.48037],[126.95283,37.48041],[126.95255,37.48044]]}},{"type":"Feature","properties":{"class":"alley","highway":"service","sidewalk":"unknown","lanes":0,"name":"남부순환로","oneway":false},"geometry":{"type":"LineString","coordinates":[[126.95343,37.48109],[126.9535,37.48118],[126.95393,37.48175]]}},{"type":"Feature","properties":{"class":"alley","highway":"service","sidewalk":"unknown","lanes":0,"name":"남부순환로","oneway":false},"geometry":{"type":"LineString","coordinates":[[126.95508,37.48115],[126.95485,37.48102],[126.95506,37.48077],[126.95507,37.48075],[126.95509,37.48073],[126.9551,37.48071],[126.95511,37.48068],[126.95511,37.48066],[126.95512,37.48063],[126.95511,37.4806],[126.95511,37.48058],[126.9551,37.48056],[126.95504,37.48045]]}},{"type":"Feature","properties":{"class":"alley","highway":"service","sidewalk":"unknown","lanes":0,"name":"남부순환로","oneway":false},"geometry":{"type":"LineString","coordinates":[[126.95391,37.4809],[126.95393,37.481],[126.95393,37.48102],[126.95398,37.48173]]}},{"type":"Feature","properties":{"class":"alley","highway":"service","sidewalk":"unknown","lanes":0,"name":"은천로35길","oneway":false},"geometry":{"type":"LineString","coordinates":[[126.95397,37.48759],[126.9547,37.4875]]}},{"type":"Feature","properties":{"class":"alley","highway":"service","sidewalk":"unknown","lanes":0,"name":"은천로35다길","oneway":false},"geometry":{"type":"LineString","coordinates":[[126.95404,37.48712],[126.95291,37.48733],[126.9526,37.4874],[126.95228,37.48744],[126.95243,37.4881]]}},{"type":"Feature","properties":{"class":"alley","highway":"service","sidewalk":"unknown","lanes":0,"name":"은천로37길","oneway":false},"geometry":{"type":"LineString","coordinates":[[126.95523,37.48779],[126.95485,37.48784],[126.95477,37.48782]]}},{"type":"Feature","properties":{"class":"alley","highway":"service","sidewalk":"unknown","lanes":0,"name":"은천로39길","oneway":false},"geometry":{"type":"LineString","coordinates":[[126.95463,37.48714],[126.95523,37.48707]]}},{"type":"Feature","properties":{"class":"alley","highway":"service","sidewalk":"unknown","lanes":0,"name":"은천로35길","oneway":false},"geometry":{"type":"LineString","coordinates":[[126.95398,37.48756],[126.95316,37.4877]]}},{"type":"Feature","properties":{"class":"alley","highway":"service","sidewalk":"unknown","lanes":0,"name":"은천로41길","oneway":false},"geometry":{"type":"LineString","coordinates":[[126.95529,37.48673],[126.95528,37.48671],[126.95528,37.48667],[126.9553,37.48661],[126.95564,37.48646]]}},{"type":"Feature","properties":{"class":"alley","highway":"service","sidewalk":"unknown","lanes":0,"name":"은천로35나길","oneway":false},"geometry":{"type":"LineString","coordinates":[[126.95208,37.48713],[126.95254,37.48706],[126.95284,37.48702],[126.954,37.48683]]}},{"type":"Feature","properties":{"class":"alley","highway":"service","sidewalk":"unknown","lanes":0,"name":"관악로29길","oneway":false},"geometry":{"type":"LineString","coordinates":[[126.95521,37.48674],[126.95529,37.48673],[126.9558,37.48664],[126.95637,37.48655],[126.95668,37.4865],[126.95689,37.48645]]}},{"type":"Feature","properties":{"class":"minor","highway":"residential","sidewalk":"unknown","lanes":0,"name":"은천로39길","oneway":false},"geometry":{"type":"LineString","coordinates":[[126.95287,37.48893],[126.95314,37.48889],[126.95375,37.48882],[126.95435,37.48878],[126.95464,37.48864],[126.95519,37.48817],[126.95532,37.48805],[126.9554,37.48794],[126.95545,37.48783],[126.95546,37.48776],[126.95544,37.48764],[126.9554,37.48753],[126.95532,37.4874],[126.95524,37.48721],[126.95523,37.48707],[126.95521,37.48674],[126.9552,37.48667],[126.95499,37.48587]]}},{"type":"Feature","properties":{"class":"alley","highway":"service","sidewalk":"unknown","lanes":0,"name":"은천로35바길","oneway":false},"geometry":{"type":"LineString","coordinates":[[126.9538,37.48834],[126.95485,37.48821],[126.95519,37.48817]]}},{"type":"Feature","properties":{"class":"alley","highway":"service","sidewalk":"unknown","lanes":0,"name":"은천로35마길","oneway":false},"geometry":{"type":"LineString","coordinates":[[126.95262,37.48852],[126.95272,37.4885],[126.9538,37.48834]]}},{"type":"Feature","properties":{"class":"minor","highway":"residential","sidewalk":"unknown","lanes":0,"name":"은천로35길","oneway":false},"geometry":{"type":"LineString","coordinates":[[126.95375,37.48882],[126.9538,37.48834],[126.9539,37.48791],[126.95391,37.48786],[126.95397,37.48759],[126.95398,37.48756],[126.95403,37.48733],[126.95404,37.48725],[126.95404,37.48712],[126.95403,37.48705],[126.954,37.48683],[126.95394,37.4865],[126.95385,37.48607]]}},{"type":"Feature","properties":{"class":"alley","highway":"service","sidewalk":"unknown","lanes":0,"name":"은천로35길","oneway":false},"geometry":{"type":"LineString","coordinates":[[126.954,37.48683],[126.95455,37.48675]]}},{"type":"Feature","properties":{"class":"alley","highway":"service","sidewalk":"unknown","lanes":0,"name":"은천로35다길","oneway":false},"geometry":{"type":"LineString","coordinates":[[126.95291,37.48733],[126.95303,37.48801]]}},{"type":"Feature","properties":{"class":"alley","highway":"service","sidewalk":"unknown","lanes":0,"name":"은천로35나길","oneway":false},"geometry":{"type":"LineString","coordinates":[[126.95291,37.48733],[126.95284,37.48702],[126.9528,37.48685]]}},{"type":"Feature","properties":{"class":"alley","highway":"service","sidewalk":"unknown","lanes":0,"name":"은천로37길","oneway":false},"geometry":{"type":"LineString","coordinates":[[126.95439,37.48598],[126.95455,37.48675],[126.95459,37.48696],[126.95463,37.48714],[126.9547,37.4875],[126.95477,37.48782],[126.95485,37.48821]]}},{"type":"Feature","properties":{"class":"minor","highway":"residential","sidewalk":"unknown","lanes":0,"name":"관악로37길","oneway":false},"geometry":{"type":"LineString","coordinates":[[126.95751,37.48923],[126.95734,37.48916],[126.9569,37.48912],[126.95675,37.48912],[126.95676,37.4888],[126.95678,37.48869],[126.95679,37.48865],[126.95684,37.48847],[126.95686,37.48841],[126.95693,37.4883],[126.95698,37.48818],[126.95698,37.48808],[126.95696,37.48788],[126.95694,37.48781],[126.95691,37.48776],[126.95674,37.48762]]}},{"type":"Feature","properties":{"class":"alley","highway":"service","sidewalk":"unknown","lanes":0,"name":"은천로35다길","oneway":false},"geometry":{"type":"LineString","coordinates":[[126.9526,37.4874],[126.95274,37.48805]]}},{"type":"Feature","properties":{"class":"alley","highway":"service","sidewalk":"unknown","lanes":0,"name":"은천로35가길","oneway":false},"geometry":{"type":"LineString","coordinates":[[126.95394,37.4865],[126.95296,37.48665],[126.95272,37.48664],[126.95245,37.48668]]}},{"type":"Feature","properties":{"class":"alley","highway":"service","sidewalk":"unknown","lanes":0,"name":"은천로35나길","oneway":false},"geometry":{"type":"LineString","coordinates":[[126.9526,37.4874],[126.95254,37.48706],[126.95249,37.48687]]}},{"type":"Feature","properties":{"class":"alley","highway":"service","sidewalk":"unknown","lanes":0,"name":"은천로35라길","oneway":false},"geometry":{"type":"LineString","coordinates":[[126.95218,37.48816],[126.9523,37.48813],[126.95243,37.4881],[126.95274,37.48805],[126.95303,37.48801],[126.95391,37.48786]]}},{"type":"Feature","properties":{"class":"minor","highway":"residential","sidewalk":"unknown","lanes":0,"name":"은천로25길","oneway":false},"geometry":{"type":"LineString","coordinates":[[126.94885,37.48672],[126.94891,37.48684],[126.94896,37.48693],[126.94909,37.48718],[126.94911,37.48723],[126.94931,37.4876],[126.94942,37.48776],[126.94955,37.48796],[126.94961,37.48804],[126.94979,37.48835],[126.94981,37.48837],[126.94982,37.48845],[126.94979,37.4885],[126.94949,37.48869],[126.94933,37.48879],[126.94865,37.48912],[126.94855,37.48918],[126.94788,37.48949]]}},{"type":"Feature","properties":{"class":"alley","highway":"service","sidewalk":"unknown","lanes":0,"name":"관악로29길","oneway":false},"geometry":{"type":"LineString","coordinates":[[126.95688,37.48719],[126.95637,37.48655]]}},{"type":"Feature","properties":{"class":"alley","highway":"service","sidewalk":"unknown","lanes":0,"name":"은천로35길","oneway":false},"geometry":{"type":"LineString","coordinates":[[126.95477,37.48782],[126.9539,37.48791]]}},{"type":"Feature","properties":{"class":"alley","highway":"service","sidewalk":"unknown","lanes":0,"name":"관악로","oneway":false},"geometry":{"type":"LineString","coordinates":[[126.95686,37.48841],[126.95795,37.48847]]}},{"type":"Feature","properties":{"class":"alley","highway":"service","sidewalk":"unknown","lanes":0,"name":"관악로37길","oneway":true},"geometry":{"type":"LineString","coordinates":[[126.95544,37.48764],[126.95555,37.48731],[126.9556,37.48722],[126.95565,37.48715],[126.9557,37.48711],[126.95577,37.48708],[126.95593,37.48702],[126.95608,37.48699],[126.95614,37.48704],[126.95674,37.48762]]}},{"type":"Feature","properties":{"class":"minor","highway":"residential","sidewalk":"unknown","lanes":0,"name":"구암길","oneway":false},"geometry":{"type":"LineString","coordinates":[[126.94635,37.4886],[126.94736,37.48885],[126.94746,37.48888],[126.9475,37.48889],[126.94753,37.48891],[126.94757,37.48893],[126.9476,37.48895],[126.94762,37.48897],[126.94765,37.489],[126.94767,37.48903],[126.94769,37.48905],[126.94788,37.48949],[126.94796,37.4898]]}},{"type":"Feature","properties":{"class":"alley","highway":"service","sidewalk":"unknown","lanes":0,"name":"관악로","oneway":false},"geometry":{"type":"LineString","coordinates":[[126.95676,37.4888],[126.95739,37.48876],[126.95757,37.48877],[126.95762,37.48879],[126.95777,37.48884]]}},{"type":"Feature","properties":{"class":"minor","highway":"residential","sidewalk":"unknown","lanes":0,"name":"관악로","oneway":false},"geometry":{"type":"LineString","coordinates":[[126.9571,37.487],[126.95696,37.48708],[126.95691,37.48714],[126.95689,37.48718],[126.95688,37.48719],[126.95681,37.48734],[126.95677,37.48743],[126.95676,37.4875],[126.95676,37.48756],[126.95676,37.48761],[126.95674,37.48762]]}},{"type":"Feature","properties":{"class":"alley","highway":"service","sidewalk":"unknown","lanes":0,"name":"은천로37길","oneway":false},"geometry":{"type":"LineString","coordinates":[[126.9547,37.4875],[126.95512,37.48745]]}},{"type":"Feature","properties":{"class":"alley","highway":"service","sidewalk":"unknown","lanes":0,"name":"은천로39길","oneway":false},"geometry":{"type":"LineString","coordinates":[[126.95455,37.48675],[126.9552,37.48667]]}},{"type":"Feature","properties":{"class":"minor","highway":"residential","sidewalk":"unknown","lanes":0,"name":"은천로25가길","oneway":false},"geometry":{"type":"LineString","coordinates":[[126.94931,37.4876],[126.94947,37.48754],[126.9497,37.48741],[126.94975,37.4874],[126.94984,37.48739],[126.94993,37.48742],[126.95052,37.48779],[126.95055,37.48782],[126.95073,37.48782],[126.95102,37.48782],[126.9515,37.48774],[126.95184,37.48774],[126.95196,37.48775]]}},{"type":"Feature","properties":{"class":"minor","highway":"residential","sidewalk":"unknown","lanes":0,"name":"장군봉7길","oneway":false},"geometry":{"type":"LineString","coordinates":[[126.94063,37.47899],[126.94054,37.47909],[126.94048,37.47916],[126.94053,37.47936],[126.94057,37.4795],[126.94065,37.47984],[126.94066,37.47988],[126.94074,37.48018],[126.94076,37.48026],[126.94055,37.48033],[126.94027,37.48043],[126.94009,37.48049],[126.93986,37.48057],[126.93969,37.48063],[126.93928,37.48077]]}},{"type":"Feature","properties":{"class":"alley","highway":"service","sidewalk":"unknown","lanes":0,"name":"남부순환로214길","oneway":false},"geometry":{"type":"LineString","coordinates":[[126.9475,37.48038],[126.94718,37.48041]]}},{"type":"Feature","properties":{"class":"minor","highway":"residential","sidewalk":"unknown","lanes":0,"name":"남부순환로214길","oneway":false},"geometry":{"type":"LineString","coordinates":[[126.9477,37.4817],[126.94769,37.48165],[126.94769,37.48163],[126.94761,37.48111],[126.94755,37.48067],[126.9475,37.48038],[126.9474,37.47971],[126.94732,37.47922],[126.94731,37.47917]]}},{"type":"Feature","properties":{"class":"major","highway":"primary","sidewalk":"likely","lanes":0,"name":"사당로","oneway":false},"geometry":{"type":"LineString","coordinates":[[126.95893,37.49499],[126.95858,37.49504],[126.95779,37.49515],[126.95688,37.49529],[126.95663,37.49532],[126.9564,37.49536],[126.95559,37.49547],[126.95539,37.4955],[126.95461,37.49562],[126.95453,37.49562],[126.95445,37.49561],[126.95432,37.49556],[126.95422,37.49549]]}},{"type":"Feature","properties":{"class":"major","highway":"primary","sidewalk":"likely","lanes":0,"name":"상도로","oneway":true},"geometry":{"type":"LineString","coordinates":[[126.95422,37.49549],[126.95437,37.4953],[126.95472,37.49491],[126.95502,37.49458],[126.95515,37.49442],[126.95527,37.49426],[126.95541,37.49409],[126.95553,37.49396],[126.9557,37.49375],[126.95607,37.49333],[126.95631,37.49305],[126.95639,37.49294],[126.95656,37.4928]]}},{"type":"Feature","properties":{"class":"alley","highway":"service","sidewalk":"unknown","lanes":0,"name":"","oneway":false},"geometry":{"type":"LineString","coordinates":[[126.95488,37.49003],[126.95414,37.48968]]}},{"type":"Feature","properties":{"class":"alley","highway":"service","sidewalk":"unknown","lanes":0,"name":"","oneway":false},"geometry":{"type":"LineString","coordinates":[[126.95488,37.49003],[126.9552,37.48962]]}},{"type":"Feature","properties":{"class":"alley","highway":"service","sidewalk":"unknown","lanes":0,"name":"","oneway":false},"geometry":{"type":"LineString","coordinates":[[126.95544,37.49008],[126.95602,37.49034],[126.95622,37.4901]]}},{"type":"Feature","properties":{"class":"alley","highway":"service","sidewalk":"unknown","lanes":0,"name":"","oneway":false},"geometry":{"type":"LineString","coordinates":[[126.95606,37.48924],[126.95571,37.48909],[126.95548,37.48937]]}},{"type":"Feature","properties":{"class":"alley","highway":"service","sidewalk":"unknown","lanes":0,"name":"","oneway":false},"geometry":{"type":"LineString","coordinates":[[126.95514,37.49053],[126.95521,37.49041],[126.95528,37.49031],[126.95544,37.49008],[126.95584,37.48954],[126.95606,37.48924],[126.95625,37.48896],[126.95644,37.48868],[126.95609,37.48852],[126.95589,37.4888]]}},{"type":"Feature","properties":{"class":"alley","highway":"service","sidewalk":"unknown","lanes":0,"name":"","oneway":false},"geometry":{"type":"LineString","coordinates":[[126.95584,37.48954],[126.95634,37.48974],[126.95649,37.48951]]}},{"type":"Feature","properties":{"class":"alley","highway":"service","sidewalk":"unknown","lanes":0,"name":"은천로39길","oneway":false},"geometry":{"type":"LineString","coordinates":[[126.95314,37.48889],[126.95318,37.48901],[126.95335,37.48924],[126.95335,37.48938]]}},{"type":"Feature","properties":{"class":"major","highway":"tertiary","sidewalk":"likely","lanes":0,"name":"성현로","oneway":false},"geometry":{"type":"LineString","coordinates":[[126.95641,37.49093],[126.95614,37.49084],[126.95612,37.49083],[126.95603,37.4908],[126.95572,37.49066],[126.95545,37.49057],[126.95532,37.49056],[126.95514,37.49053],[126.95466,37.49045],[126.95447,37.49039],[126.95442,37.49036],[126.95434,37.49031],[126.95432,37.49029],[126.95421,37.49022],[126.95402,37.4901],[126.95381,37.49002],[126.95367,37.48999],[126.95352,37.48999],[126.9534,37.49001],[126.95326,37.49009],[126.95276,37.49048],[126.95248,37.49075],[126.95233,37.4909],[126.95148,37.49146],[126.95133,37.49155],[126.95108,37.49169],[126.95065,37.49186],[126.94917,37.49221],[126.949,37.49225],[126.94877,37.4923],[126.94834,37.4924],[126.94782,37.49246],[126.9473,37.49248],[126.94712,37.49251],[126.94703,37.49255],[126.94695,37.49258],[126.94677,37.49272]]}},{"type":"Feature","properties":{"class":"alley","highway":"service","sidewalk":"unknown","lanes":0,"name":"","oneway":false},"geometry":{"type":"LineString","coordinates":[[126.95625,37.48896],[126.95641,37.48904],[126.95646,37.48906],[126.95675,37.48912]]}},{"type":"Feature","properties":{"class":"major","highway":"primary_link","sidewalk":"likely","lanes":0,"name":"","oneway":true},"geometry":{"type":"LineString","coordinates":[[126.95323,37.48116],[126.95316,37.48128],[126.95309,37.48139],[126.95303,37.48152],[126.95291,37.48169]]}},{"type":"Feature","properties":{"class":"major","highway":"primary_link","sidewalk":"likely","lanes":0,"name":"","oneway":true},"geometry":{"type":"LineString","coordinates":[[126.95225,37.48126],[126.95239,37.48117],[126.95244,37.48112],[126.95247,37.48109],[126.95255,37.48098],[126.9526,37.48082]]}},{"type":"Feature","properties":{"class":"major","highway":"primary_link","sidewalk":"likely","lanes":0,"name":"","oneway":true},"geometry":{"type":"LineString","coordinates":[[126.95291,37.48169],[126.95283,37.48166],[126.95275,37.48161],[126.95271,37.48156],[126.95263,37.48151],[126.95255,37.48147],[126.95242,37.48142],[126.95228,37.48138]]}},{"type":"Feature","properties":{"class":"major","highway":"primary_link","sidewalk":"likely","lanes":0,"name":"","oneway":true},"geometry":{"type":"LineString","coordinates":[[126.9526,37.48082],[126.95276,37.48088],[126.95286,37.48096],[126.95296,37.48101],[126.95309,37.48105]]}},{"type":"Feature","properties":{"class":"alley","highway":"service","sidewalk":"unknown","lanes":0,"name":"","oneway":false},"geometry":{"type":"LineString","coordinates":[[126.94293,37.48438],[126.94307,37.48437],[126.94331,37.48435],[126.94326,37.48396],[126.94302,37.48398],[126.94307,37.48437]]}},{"type":"Feature","properties":{"class":"alley","highway":"service","sidewalk":"unknown","lanes":0,"name":"","oneway":false},"geometry":{"type":"LineString","coordinates":[[126.94295,37.48451],[126.94258,37.48453],[126.94238,37.48435],[126.942,37.48439],[126.94204,37.48459]]}},{"type":"Feature","properties":{"class":"alley","highway":"service","sidewalk":"unknown","lanes":0,"name":"","oneway":false},"geometry":{"type":"LineString","coordinates":[[126.94258,37.48453],[126.94252,37.48416],[126.94235,37.48418],[126.94238,37.48435]]}},{"type":"Feature","properties":{"class":"alley","highway":"service","sidewalk":"unknown","lanes":0,"name":"","oneway":false},"geometry":{"type":"LineString","coordinates":[[126.94271,37.48519],[126.94269,37.48509],[126.94266,37.48488],[126.94241,37.4849],[126.94269,37.48509]]}},{"type":"Feature","properties":{"class":"alley","highway":"service","sidewalk":"unknown","lanes":0,"name":"","oneway":false},"geometry":{"type":"LineString","coordinates":[[126.94302,37.485],[126.94346,37.48496],[126.94346,37.48492],[126.9434,37.48444],[126.94373,37.48441],[126.94379,37.48489]]}},{"type":"Feature","properties":{"class":"alley","highway":"service","sidewalk":"unknown","lanes":0,"name":"양녕로22나길","oneway":false},"geometry":{"type":"LineString","coordinates":[[126.94409,37.49423],[126.9449,37.49576],[126.94559,37.49699]]}},{"type":"Feature","properties":{"class":"alley","highway":"service","sidewalk":"unknown","lanes":0,"name":"양녕로22가길","oneway":false},"geometry":{"type":"LineString","coordinates":[[126.94454,37.4968],[126.94413,37.49603],[126.9438,37.4954],[126.94328,37.4944]]}},{"type":"Feature","properties":{"class":"minor","highway":"residential","sidewalk":"unknown","lanes":0,"name":"양녕로26길","oneway":false},"geometry":{"type":"LineString","coordinates":[[126.94348,37.49551],[126.94377,37.49612],[126.94384,37.4963],[126.94395,37.49676],[126.94401,37.497],[126.94405,37.49716],[126.94403,37.49726],[126.944,37.4974],[126.94406,37.49754],[126.94414,37.49767],[126.94427,37.49786],[126.9443,37.49796],[126.94422,37.49808],[126.94395,37.49817],[126.94385,37.49833],[126.94371,37.49843]]}},{"type":"Feature","properties":{"class":"alley","highway":"service","sidewalk":"unknown","lanes":0,"name":"양녕로22가길","oneway":false},"geometry":{"type":"LineString","coordinates":[[126.94401,37.497],[126.94454,37.4968]]}},{"type":"Feature","properties":{"class":"minor","highway":"residential","sidewalk":"unknown","lanes":0,"name":"양녕로26나길","oneway":false},"geometry":{"type":"LineString","coordinates":[[126.94406,37.49754],[126.94512,37.49729],[126.9451,37.49716],[126.94559,37.49699],[126.94592,37.49687],[126.94623,37.49674],[126.94626,37.49669],[126.94649,37.49637],[126.94648,37.49634],[126.94646,37.49623],[126.94645,37.4962],[126.94651,37.49614],[126.94655,37.49611],[126.94674,37.49604]]}},{"type":"Feature","properties":{"class":"alley","highway":"service","sidewalk":"unknown","lanes":0,"name":"양녕로22마길","oneway":false},"geometry":{"type":"LineString","coordinates":[[126.94579,37.49514],[126.94641,37.49622],[126.94643,37.49625],[126.94648,37.49634],[126.94676,37.49677],[126.94678,37.49685],[126.9468,37.49754],[126.94677,37.49813],[126.94673,37.49879],[126.94672,37.49903]]}},{"type":"Feature","properties":{"class":"alley","highway":"service","sidewalk":"unknown","lanes":0,"name":"","oneway":false},"geometry":{"type":"LineString","coordinates":[[126.9464,37.4969],[126.94676,37.49677],[126.9471,37.49664]]}},{"type":"Feature","properties":{"class":"alley","highway":"service","sidewalk":"unknown","lanes":0,"name":"양녕로22라길","oneway":false},"geometry":{"type":"LineString","coordinates":[[126.94551,37.49534],[126.94626,37.49669],[126.9464,37.4969],[126.94642,37.49754],[126.94639,37.49784],[126.94638,37.49812],[126.94635,37.49877],[126.94635,37.49902]]}},{"type":"Feature","properties":{"class":"alley","highway":"service","sidewalk":"unknown","lanes":0,"name":"양녕로22바길","oneway":false},"geometry":{"type":"LineString","coordinates":[[126.94606,37.49497],[126.94641,37.4955],[126.94663,37.49578],[126.94674,37.49604],[126.9471,37.49664],[126.94714,37.49671],[126.94715,37.49753],[126.94716,37.49776],[126.94715,37.49815],[126.94711,37.49881],[126.9471,37.49909]]}},{"type":"Feature","properties":{"class":"alley","highway":"service","sidewalk":"unknown","lanes":0,"name":"양녕로22다길","oneway":false},"geometry":{"type":"LineString","coordinates":[[126.94524,37.49564],[126.94531,37.49572],[126.94592,37.49687],[126.94595,37.49693]]}},{"type":"Feature","properties":{"class":"minor","highway":"residential","sidewalk":"unknown","lanes":0,"name":"양녕로23길","oneway":false},"geometry":{"type":"LineString","coordinates":[[126.94275,37.4955],[126.94263,37.49551],[126.94186,37.49564],[126.94135,37.49581],[126.94106,37.49594],[126.94076,37.49616]]}},{"type":"Feature","properties":{"class":"minor","highway":"residential","sidewalk":"unknown","lanes":0,"name":"양녕로25길","oneway":false},"geometry":{"type":"LineString","coordinates":[[126.94371,37.49843],[126.94356,37.49851],[126.94352,37.49851],[126.94348,37.49851],[126.94315,37.49828],[126.94285,37.49807],[126.94255,37.49787],[126.9424,37.49774],[126.94229,37.49768],[126.94215,37.49758],[126.94206,37.49752],[126.942,37.49748],[126.94187,37.4974],[126.94172,37.4973],[126.9417,37.49729],[126.94146,37.49704],[126.94124,37.49674],[126.94113,37.49659],[126.94076,37.49616]]}},{"type":"Feature","properties":{"class":"minor","highway":"residential","sidewalk":"unknown","lanes":0,"name":"상도로50길","oneway":false},"geometry":{"type":"LineString","coordinates":[[126.94957,37.49343],[126.94964,37.49361],[126.94966,37.49374],[126.94965,37.49391],[126.9494,37.49431],[126.94926,37.49455],[126.94922,37.4948],[126.94923,37.49532],[126.94926,37.49549],[126.94928,37.49559],[126.94938,37.49584],[126.94982,37.4966],[126.95022,37.49719],[126.95026,37.49725],[126.95029,37.4973],[126.95078,37.49806],[126.95092,37.49826],[126.95095,37.49831],[126.95114,37.49852],[126.9512,37.49859],[126.95126,37.49864],[126.95133,37.4987],[126.95141,37.49875],[126.95153,37.49881]]}},{"type":"Feature","properties":{"class":"minor","highway":"residential","sidewalk":"unknown","lanes":0,"name":"상도로62길","oneway":false},"geometry":{"type":"LineString","coordinates":[[126.95114,37.49852],[126.95152,37.49809],[126.95209,37.49745],[126.95217,37.49736],[126.95225,37.49728],[126.9525,37.49699],[126.95303,37.49636],[126.95336,37.49599],[126.95363,37.49566],[126.95368,37.49555],[126.95369,37.49549],[126.95369,37.49527],[126.95372,37.49517],[126.95378,37.49507],[126.95384,37.49501],[126.95392,37.49496],[126.954,37.49491],[126.95409,37.49487],[126.95418,37.49485],[126.95427,37.49484],[126.95434,37.49483],[126.95446,37.49483],[126.95457,37.49485],[126.95467,37.49489],[126.95472,37.49491]]}},{"type":"Feature","properties":{"class":"minor","highway":"residential","sidewalk":"unknown","lanes":0,"name":"","oneway":false},"geometry":{"type":"LineString","coordinates":[[126.94275,37.4955],[126.9429,37.49548],[126.94297,37.49549],[126.94311,37.49556],[126.9433,37.49558],[126.94348,37.49551],[126.94356,37.49548],[126.9438,37.4954],[126.94418,37.49526]]}},{"type":"Feature","properties":{"class":"alley","highway":"service","sidewalk":"unknown","lanes":0,"name":"","oneway":false},"geometry":{"type":"LineString","coordinates":[[126.94384,37.4963],[126.94348,37.49642],[126.94318,37.49649],[126.94295,37.49651]]}},{"type":"Feature","properties":{"class":"alley","highway":"service","sidewalk":"unknown","lanes":0,"name":"국회단지17길","oneway":false},"geometry":{"type":"LineString","coordinates":[[126.93969,37.48998],[126.94017,37.48989],[126.94022,37.48988],[126.94048,37.48986],[126.94113,37.4897],[126.94207,37.48951]]}},{"type":"Feature","properties":{"class":"alley","highway":"service","sidewalk":"unknown","lanes":0,"name":"국회단지9길","oneway":false},"geometry":{"type":"LineString","coordinates":[[126.93897,37.48888],[126.93977,37.48872],[126.94074,37.48851],[126.94114,37.48843]]}},{"type":"Feature","properties":{"class":"alley","highway":"service","sidewalk":"unknown","lanes":0,"name":"국회단지20길","oneway":false},"geometry":{"type":"LineString","coordinates":[[126.94327,37.49012],[126.94318,37.48986]]}},{"type":"Feature","properties":{"class":"alley","highway":"service","sidewalk":"unknown","lanes":0,"name":"국회단지11길","oneway":false},"geometry":{"type":"LineString","coordinates":[[126.93918,37.48917],[126.93956,37.48915],[126.93991,37.48908],[126.94086,37.48887],[126.94162,37.48871]]}},{"type":"Feature","properties":{"class":"alley","highway":"service","sidewalk":"unknown","lanes":0,"name":"","oneway":false},"geometry":{"type":"LineString","coordinates":[[126.94241,37.49121],[126.94246,37.49116],[126.94251,37.4909]]}},{"type":"Feature","properties":{"class":"alley","highway":"service","sidewalk":"unknown","lanes":0,"name":"국회단지19길","oneway":false},"geometry":{"type":"LineString","coordinates":[[126.94079,37.49007],[126.94122,37.48998],[126.94216,37.48978]]}},{"type":"Feature","properties":{"class":"alley","highway":"service","sidewalk":"unknown","lanes":0,"name":"국회단지25길","oneway":false},"geometry":{"type":"LineString","coordinates":[[126.94044,37.49103],[126.9415,37.4908],[126.94207,37.49069]]}},{"type":"Feature","properties":{"class":"alley","highway":"service","sidewalk":"unknown","lanes":0,"name":"국회단지13길","oneway":false},"geometry":{"type":"LineString","coordinates":[[126.93923,37.48936],[126.93957,37.48934],[126.93972,37.48943],[126.94,37.48937],[126.94095,37.48914],[126.94187,37.48895]]}},{"type":"Feature","properties":{"class":"alley","highway":"service","sidewalk":"unknown","lanes":0,"name":"국회단지22길","oneway":false},"geometry":{"type":"LineString","coordinates":[[126.94251,37.4909],[126.94255,37.49086],[126.94237,37.49033]]}},{"type":"Feature","properties":{"class":"alley","highway":"service","sidewalk":"unknown","lanes":0,"name":"국회단지27길","oneway":false},"geometry":{"type":"LineString","coordinates":[[126.94076,37.49125],[126.94179,37.49103]]}},{"type":"Feature","properties":{"class":"alley","highway":"service","sidewalk":"unknown","lanes":0,"name":"국회단지21길","oneway":false},"geometry":{"type":"LineString","coordinates":[[126.9406,37.49056],[126.94081,37.49039],[126.94091,37.49035],[126.94131,37.49025],[126.94225,37.49005]]}},{"type":"Feature","properties":{"class":"alley","highway":"service","sidewalk":"unknown","lanes":0,"name":"국회단지15길","oneway":false},"geometry":{"type":"LineString","coordinates":[[126.93951,37.48974],[126.94009,37.48962],[126.94104,37.48943],[126.94198,37.48922]]}},{"type":"Feature","properties":{"class":"alley","highway":"service","sidewalk":"unknown","lanes":0,"name":"국회단지23길","oneway":false},"geometry":{"type":"LineString","coordinates":[[126.94061,37.49069],[126.94141,37.49053],[126.94223,37.49036]]}},{"type":"Feature","properties":{"class":"alley","highway":"service","sidewalk":"unknown","lanes":0,"name":"국회단지21길","oneway":false},"geometry":{"type":"LineString","coordinates":[[126.94141,37.49053],[126.94131,37.49025]]}},{"type":"Feature","properties":{"class":"alley","highway":"service","sidewalk":"unknown","lanes":0,"name":"국회단지7길","oneway":false},"geometry":{"type":"LineString","coordinates":[[126.93876,37.48852],[126.93963,37.48834],[126.94062,37.48814]]}},{"type":"Feature","properties":{"class":"alley","highway":"service","sidewalk":"unknown","lanes":0,"name":"은천로11길","oneway":false},"geometry":{"type":"LineString","coordinates":[[126.94199,37.48707],[126.94193,37.48661],[126.94192,37.48624],[126.94193,37.48613]]}},{"type":"Feature","properties":{"class":"alley","highway":"service","sidewalk":"unknown","lanes":0,"name":"국회단지4길","oneway":false},"geometry":{"type":"LineString","coordinates":[[126.94018,37.48775],[126.94042,37.48772],[126.94076,37.48769],[126.94081,37.48767],[126.94095,37.48756],[126.94098,37.48754],[126.94115,37.48739],[126.9413,37.4873],[126.94139,37.48729]]}},{"type":"Feature","properties":{"class":"alley","highway":"service","sidewalk":"unknown","lanes":0,"name":"국회단지5길","oneway":false},"geometry":{"type":"LineString","coordinates":[[126.93882,37.4882],[126.939,37.48817],[126.93922,37.48815],[126.93932,37.48812],[126.93953,37.48806],[126.93996,37.48795],[126.94033,37.48789]]}},{"type":"Feature","properties":{"class":"alley","highway":"service","sidewalk":"unknown","lanes":0,"name":"국회단지6길","oneway":false},"geometry":{"type":"LineString","coordinates":[[126.94171,37.48831],[126.94159,37.48792]]}},{"type":"Feature","properties":{"class":"alley","highway":"service","sidewalk":"unknown","lanes":0,"name":"은천로9길","oneway":false},"geometry":{"type":"LineString","coordinates":[[126.94077,37.48726],[126.94074,37.48688],[126.94072,37.48669],[126.94068,37.48614]]}},{"type":"Feature","properties":{"class":"minor","highway":"residential","sidewalk":"unknown","lanes":0,"name":"은천로32길","oneway":false},"geometry":{"type":"LineString","coordinates":[[126.95204,37.48636],[126.95303,37.4847]]}},{"type":"Feature","properties":{"class":"minor","highway":"residential","sidewalk":"unknown","lanes":0,"name":"중앙길","oneway":false},"geometry":{"type":"LineString","coordinates":[[126.95144,37.48545],[126.95139,37.48541],[126.95111,37.48512]]}},{"type":"Feature","properties":{"class":"alley","highway":"service","sidewalk":"unknown","lanes":0,"name":"은천로","oneway":false},"geometry":{"type":"LineString","coordinates":[[126.94968,37.48661],[126.94967,37.48658],[126.94955,37.48613],[126.94954,37.48607]]}},{"type":"Feature","properties":{"class":"alley","highway":"service","sidewalk":"unknown","lanes":0,"name":"은천로26길","oneway":false},"geometry":{"type":"LineString","coordinates":[[126.95067,37.48651],[126.95066,37.48644],[126.9505,37.48596],[126.95044,37.48555]]}},{"type":"Feature","properties":{"class":"alley","highway":"service","sidewalk":"unknown","lanes":0,"name":"은천로23길","oneway":false},"geometry":{"type":"LineString","coordinates":[[126.94772,37.48686],[126.94775,37.48699],[126.94792,37.48721],[126.94797,37.48725],[126.94818,37.48744],[126.94819,37.48747],[126.94831,37.48773],[126.94856,37.48798],[126.94869,37.4882],[126.94879,37.48836],[126.94894,37.48848],[126.9491,37.48863],[126.94933,37.48879]]}},{"type":"Feature","properties":{"class":"alley","highway":"service","sidewalk":"unknown","lanes":0,"name":"은천로19길","oneway":false},"geometry":{"type":"LineString","coordinates":[[126.94734,37.48691],[126.94739,37.48709],[126.9474,37.48712],[126.94739,37.4872],[126.94738,37.48727],[126.94729,37.48745],[126.94723,37.4875],[126.94699,37.48774],[126.94693,37.48783],[126.9469,37.48788]]}},{"type":"Feature","properties":{"class":"alley","highway":"service","sidewalk":"unknown","lanes":0,"name":"은천로21길","oneway":false},"geometry":{"type":"LineString","coordinates":[[126.94865,37.48912],[126.94825,37.48858],[126.94807,37.48825],[126.94779,37.48769],[126.94763,37.48738],[126.94759,37.48726],[126.94753,37.48719],[126.94742,37.4871],[126.94739,37.48709]]}},{"type":"Feature","properties":{"class":"alley","highway":"service","sidewalk":"unknown","lanes":0,"name":"구암5길","oneway":false},"geometry":{"type":"LineString","coordinates":[[126.94611,37.49008],[126.94617,37.4901],[126.94626,37.49012],[126.94636,37.49011],[126.94647,37.4901],[126.94654,37.49009],[126.94796,37.4898]]}},{"type":"Feature","properties":{"class":"alley","highway":"service","sidewalk":"unknown","lanes":0,"name":"행운1라길","oneway":false},"geometry":{"type":"LineString","coordinates":[[126.95635,37.4833],[126.95676,37.48315],[126.95706,37.48316],[126.95712,37.48314],[126.95726,37.48295],[126.95714,37.48291],[126.95747,37.48232],[126.95757,37.48221],[126.95779,37.48186],[126.95792,37.48185],[126.95799,37.48184]]}},{"type":"Feature","properties":{"class":"alley","highway":"service","sidewalk":"unknown","lanes":0,"name":"청림1길","oneway":false},"geometry":{"type":"LineString","coordinates":[[126.95898,37.48945],[126.95876,37.48927],[126.95867,37.48904],[126.95854,37.48877],[126.95847,37.48866],[126.95844,37.48859],[126.95854,37.4885],[126.95872,37.48843],[126.95876,37.4883]]}},{"type":"Feature","properties":{"class":"alley","highway":"service","sidewalk":"unknown","lanes":0,"name":"양녕로2가길","oneway":false},"geometry":{"type":"LineString","coordinates":[[126.94728,37.48415],[126.94807,37.48408]]}},{"type":"Feature","properties":{"class":"alley","highway":"service","sidewalk":"unknown","lanes":0,"name":"남부순환로","oneway":false},"geometry":{"type":"LineString","coordinates":[[126.95754,37.48013],[126.95759,37.48001],[126.95761,37.4796],[126.95762,37.47943]]}},{"type":"Feature","properties":{"class":"alley","highway":"service","sidewalk":"unknown","lanes":0,"name":"남부순환로233길","oneway":false},"geometry":{"type":"LineString","coordinates":[[126.95906,37.4814],[126.95905,37.48133],[126.95908,37.48114],[126.9591,37.48091],[126.95911,37.48086],[126.95911,37.48072],[126.959,37.48055],[126.95899,37.48051],[126.959,37.48047]]}},{"type":"Feature","properties":{"class":"alley","highway":"service","sidewalk":"unknown","lanes":0,"name":"관악로24길","oneway":false},"geometry":{"type":"LineString","coordinates":[[126.95802,37.48642],[126.95802,37.48635],[126.95799,37.48629],[126.95782,37.48607],[126.95767,37.48589],[126.95745,37.48575],[126.9573,37.48563],[126.95723,37.48552],[126.95718,37.48526],[126.95692,37.48504],[126.95677,37.48494],[126.95664,37.4848],[126.95647,37.48461],[126.95642,37.48456],[126.95631,37.48454],[126.95626,37.48453]]}},{"type":"Feature","properties":{"class":"alley","highway":"service","sidewalk":"unknown","lanes":0,"name":"행운4길","oneway":false},"geometry":{"type":"LineString","coordinates":[[126.95876,37.48036],[126.95937,37.48012],[126.96043,37.47971],[126.96083,37.47952],[126.96096,37.47947],[126.96182,37.47913],[126.96222,37.47898],[126.96233,37.47894],[126.96252,37.47887],[126.96268,37.47881],[126.96272,37.4788],[126.96304,37.47869]]}},{"type":"Feature","properties":{"class":"alley","highway":"service","sidewalk":"unknown","lanes":0,"name":"은천로19길","oneway":false},"geometry":{"type":"LineString","coordinates":[[126.94733,37.48823],[126.94733,37.48815],[126.94734,37.48813],[126.94737,37.48811],[126.94745,37.48811],[126.94746,37.48813],[126.9476,37.48814]]}},{"type":"Feature","properties":{"class":"alley","highway":"service","sidewalk":"unknown","lanes":0,"name":"행운1다길","oneway":false},"geometry":{"type":"LineString","coordinates":[[126.95654,37.48156],[126.95664,37.48166],[126.95696,37.482]]}},{"type":"Feature","properties":{"class":"alley","highway":"service","sidewalk":"unknown","lanes":0,"name":"남부순환로233길","oneway":false},"geometry":{"type":"LineString","coordinates":[[126.95805,37.48],[126.95807,37.48002],[126.95815,37.48006],[126.95835,37.48017],[126.95876,37.48036],[126.95882,37.48039],[126.959,37.48047],[126.95928,37.48062],[126.95943,37.48069]]}},{"type":"Feature","properties":{"class":"alley","highway":"service","sidewalk":"unknown","lanes":0,"name":"행운1가길","oneway":false},"geometry":{"type":"LineString","coordinates":[[126.9583,37.48122],[126.95802,37.4813],[126.95765,37.4809],[126.95748,37.48099],[126.95732,37.48085],[126.95713,37.48073]]}},{"type":"Feature","properties":{"class":"alley","highway":"service","sidewalk":"unknown","lanes":0,"name":"행운5길","oneway":false},"geometry":{"type":"LineString","coordinates":[[126.9586,37.4815],[126.9586,37.48152],[126.95901,37.48193],[126.9596,37.48251]]}},{"type":"Feature","properties":{"class":"alley","highway":"service","sidewalk":"unknown","lanes":0,"name":"행운5길","oneway":false},"geometry":{"type":"LineString","coordinates":[[126.95838,37.48232],[126.95867,37.48215],[126.95901,37.48193],[126.95937,37.48171],[126.95972,37.48149],[126.96005,37.48128]]}},{"type":"Feature","properties":{"class":"alley","highway":"service","sidewalk":"unknown","lanes":0,"name":"관악로28길","oneway":false},"geometry":{"type":"LineString","coordinates":[[126.95598,37.48539],[126.9562,37.48531],[126.95718,37.48526],[126.95736,37.48518],[126.95761,37.48518],[126.95767,37.48519],[126.95782,37.48522],[126.95791,37.48522],[126.95803,37.48519],[126.95836,37.48507],[126.95877,37.48491],[126.95889,37.48484],[126.95909,37.48471],[126.9592,37.48461],[126.95928,37.48445],[126.95934,37.48428],[126.95933,37.48411],[126.95933,37.484],[126.95938,37.48394],[126.95941,37.48385],[126.9594,37.48378],[126.95942,37.4837],[126.9595,37.48359],[126.95953,37.48356],[126.95975,37.48343],[126.95978,37.48338],[126.95977,37.48333],[126.95973,37.48325]]}},{"type":"Feature","properties":{"class":"minor","highway":"residential","sidewalk":"unknown","lanes":0,"name":"행운길","oneway":false},"geometry":{"type":"LineString","coordinates":[[126.95869,37.47901],[126.95876,37.47913],[126.95907,37.47963],[126.95937,37.48012],[126.95947,37.48032],[126.9595,37.48039],[126.9595,37.48045],[126.95949,37.48056],[126.95943,37.48069]]}},{"type":"Feature","properties":{"class":"minor","highway":"residential","sidewalk":"unknown","lanes":0,"name":"관악로30길","oneway":false},"geometry":{"type":"LineString","coordinates":[[126.95689,37.48645],[126.95704,37.48641],[126.95718,37.4864],[126.95729,37.4864],[126.95802,37.48642],[126.95821,37.48642],[126.95871,37.48642],[126.95903,37.48636],[126.95917,37.48632],[126.96001,37.48588],[126.96055,37.48561],[126.96069,37.48551],[126.9608,37.48547],[126.96099,37.48541],[126.96122,37.48536],[126.96141,37.48534],[126.96162,37.48533],[126.96188,37.4854],[126.96207,37.4855]]}},{"type":"Feature","properties":{"class":"minor","highway":"residential","sidewalk":"unknown","lanes":0,"name":"은천로38길","oneway":false},"geometry":{"type":"LineString","coordinates":[[126.95499,37.48587],[126.9549,37.4855],[126.95483,37.48532],[126.95473,37.48511],[126.95471,37.48499],[126.95471,37.48487]]}},{"type":"Feature","properties":{"class":"minor","highway":"residential","sidewalk":"unknown","lanes":0,"name":"청림6길","oneway":false},"geometry":{"type":"LineString","coordinates":[[126.95903,37.48636],[126.95907,37.48644],[126.9593,37.48666],[126.95941,37.48686],[126.95946,37.48702],[126.95951,37.48717],[126.95952,37.48741],[126.95953,37.48751],[126.95956,37.48762],[126.95962,37.48771],[126.9597,37.48781],[126.95986,37.48792],[126.95996,37.48799],[126.96,37.48804],[126.96006,37.48812]]}},{"type":"Feature","properties":{"class":"alley","highway":"service","sidewalk":"unknown","lanes":0,"name":"남부순환로231길","oneway":false},"geometry":{"type":"LineString","coordinates":[[126.95641,37.47991],[126.95649,37.48004],[126.95668,37.4803],[126.95733,37.4803],[126.95767,37.4804],[126.95781,37.48048],[126.95795,37.48059],[126.95803,37.48072],[126.9581,37.48084],[126.95815,37.48091],[126.95819,37.48106],[126.95829,37.4812],[126.9583,37.48122],[126.95832,37.48126],[126.95848,37.48153]]}},{"type":"Feature","properties":{"class":"alley","highway":"service","sidewalk":"unknown","lanes":0,"name":"행운5길","oneway":false},"geometry":{"type":"LineString","coordinates":[[126.95823,37.48169],[126.95867,37.48215],[126.95925,37.48272]]}},{"type":"Feature","properties":{"class":"alley","highway":"service","sidewalk":"unknown","lanes":0,"name":"행운5길","oneway":false},"geometry":{"type":"LineString","coordinates":[[126.95911,37.48086],[126.95972,37.48149],[126.96031,37.48208]]}},{"type":"Feature","properties":{"class":"minor","highway":"residential","sidewalk":"unknown","lanes":0,"name":"은천로36길","oneway":false},"geometry":{"type":"LineString","coordinates":[[126.95385,37.48607],[126.95373,37.48568],[126.95363,37.48525],[126.95357,37.485],[126.95364,37.48484]]}},{"type":"Feature","properties":{"class":"alley","highway":"service","sidewalk":"unknown","lanes":0,"name":"은천로19길","oneway":false},"geometry":{"type":"LineString","coordinates":[[126.94736,37.48885],[126.94737,37.48883],[126.94737,37.48858],[126.94738,37.48837],[126.94733,37.48823]]}},{"type":"Feature","properties":{"class":"major","highway":"tertiary","sidewalk":"likely","lanes":0,"name":"관악로40길","oneway":false},"geometry":{"type":"LineString","coordinates":[[126.95654,37.4907],[126.9567,37.4908],[126.95686,37.49088],[126.95713,37.49098],[126.95747,37.49115],[126.95846,37.4916],[126.95917,37.49187],[126.95947,37.49203],[126.95953,37.49208],[126.95975,37.49233],[126.9598,37.4925],[126.95987,37.49269],[126.95992,37.49283],[126.96001,37.49309],[126.9601,37.49336],[126.96019,37.49387],[126.96019,37.49391],[126.9602,37.49398],[126.96073,37.49459],[126.96085,37.49477]]}},{"type":"Feature","properties":{"class":"minor","highway":"residential","sidewalk":"unknown","lanes":0,"name":"청림길","oneway":false},"geometry":{"type":"LineString","coordinates":[[126.95799,37.4881],[126.95821,37.48813],[126.95876,37.4883],[126.95916,37.48834],[126.9592,37.48832],[126.95957,37.48826],[126.96006,37.48812]]}},{"type":"Feature","properties":{"class":"alley","highway":"service","sidewalk":"unknown","lanes":0,"name":"국회단지4길","oneway":false},"geometry":{"type":"LineString","coordinates":[[126.9423,37.48777],[126.9421,37.4871]]}},{"type":"Feature","properties":{"class":"alley","highway":"service","sidewalk":"unknown","lanes":0,"name":"양녕로22길","oneway":false},"geometry":{"type":"LineString","coordinates":[[126.94409,37.49423],[126.94447,37.49422],[126.94524,37.49564]]}},{"type":"Feature","properties":{"class":"alley","highway":"service","sidewalk":"unknown","lanes":0,"name":"양녕로22길","oneway":false},"geometry":{"type":"LineString","coordinates":[[126.94451,37.4959],[126.9449,37.49576],[126.94524,37.49564],[126.94537,37.49544],[126.94551,37.49534],[126.94579,37.49514],[126.94606,37.49497],[126.94624,37.49484],[126.94647,37.49524]]}},{"type":"Feature","properties":{"class":"alley","highway":"service","sidewalk":"unknown","lanes":0,"name":"양녕로22길","oneway":false},"geometry":{"type":"LineString","coordinates":[[126.94409,37.49423],[126.94367,37.49426]]}},{"type":"Feature","properties":{"class":"alley","highway":"service","sidewalk":"unknown","lanes":0,"name":"상도로55길","oneway":false},"geometry":{"type":"LineString","coordinates":[[126.95365,37.49716],[126.95384,37.49683]]}},{"type":"Feature","properties":{"class":"minor","highway":"residential","sidewalk":"unknown","lanes":0,"name":"상도로55길","oneway":false},"geometry":{"type":"LineString","coordinates":[[126.95911,37.49741],[126.95914,37.49737],[126.95915,37.4973],[126.95911,37.49725],[126.95905,37.49719],[126.95899,37.49717],[126.95892,37.49713],[126.95888,37.49709],[126.95887,37.49704],[126.95886,37.497],[126.95887,37.49695],[126.95888,37.49691],[126.95891,37.49685],[126.95896,37.49678],[126.95903,37.49672],[126.9591,37.49669],[126.95918,37.49666],[126.95925,37.49664],[126.95932,37.49661],[126.95938,37.49655],[126.95944,37.49647],[126.95977,37.49615],[126.95983,37.4961],[126.9599,37.49607],[126.96035,37.49591],[126.96064,37.49584],[126.96069,37.49581],[126.96077,37.49576],[126.96092,37.49561],[126.96094,37.49556],[126.96093,37.4955],[126.96087,37.49543]]}},{"type":"Feature","properties":{"class":"alley","highway":"service","sidewalk":"unknown","lanes":0,"name":"상도로60가길","oneway":false},"geometry":{"type":"LineString","coordinates":[[126.95462,37.49316],[126.95461,37.49231]]}},{"type":"Feature","properties":{"class":"alley","highway":"service","sidewalk":"unknown","lanes":0,"name":"상도로58길","oneway":true},"geometry":{"type":"LineString","coordinates":[[126.9523,37.49516],[126.95222,37.49511],[126.95216,37.49506],[126.95212,37.49502],[126.95211,37.49498],[126.95212,37.49492],[126.95215,37.49487],[126.9526,37.4945],[126.95263,37.49445],[126.95263,37.49439],[126.9526,37.49434],[126.95248,37.49421],[126.95183,37.4938],[126.95132,37.4938],[126.95067,37.49404],[126.95054,37.49405],[126.94965,37.49391]]}},{"type":"Feature","properties":{"class":"minor","highway":"residential","sidewalk":"unknown","lanes":0,"name":"상도로60길","oneway":false},"geometry":{"type":"LineString","coordinates":[[126.95437,37.4953],[126.95435,37.49527],[126.95432,37.49521],[126.95431,37.49511],[126.95427,37.4949],[126.95427,37.49484],[126.95424,37.49444],[126.95422,37.49427],[126.95419,37.49407],[126.95418,37.4939],[126.95417,37.49381],[126.95417,37.4937],[126.95418,37.49357],[126.9542,37.49342]]}},{"type":"Feature","properties":{"class":"alley","highway":"service","sidewalk":"unknown","lanes":0,"name":"","oneway":false},"geometry":{"type":"LineString","coordinates":[[126.95192,37.49545],[126.9523,37.49516]]}},{"type":"Feature","properties":{"class":"alley","highway":"service","sidewalk":"unknown","lanes":0,"name":"상도로56길","oneway":false},"geometry":{"type":"LineString","coordinates":[[126.95182,37.49536],[126.95192,37.49545],[126.95246,37.49589],[126.95269,37.49609],[126.95303,37.49636],[126.95323,37.49647],[126.95333,37.49652]]}},{"type":"Feature","properties":{"class":"alley","highway":"service","sidewalk":"unknown","lanes":0,"name":"상도로54길","oneway":false},"geometry":{"type":"LineString","coordinates":[[126.95225,37.49728],[126.95211,37.49674],[126.95269,37.49609],[126.95302,37.49575],[126.95315,37.49564],[126.9532,37.4956],[126.95326,37.49556],[126.95333,37.4955],[126.95335,37.49546],[126.95335,37.4954],[126.95334,37.49535],[126.95327,37.49508],[126.95324,37.49505],[126.95315,37.49503]]}},{"type":"Feature","properties":{"class":"alley","highway":"service","sidewalk":"unknown","lanes":0,"name":"상도로60길","oneway":false},"geometry":{"type":"LineString","coordinates":[[126.95457,37.49231],[126.95454,37.49227],[126.95453,37.49225],[126.95449,37.49212],[126.95445,37.49202],[126.95441,37.49195],[126.95428,37.4918],[126.95417,37.49165],[126.95409,37.49155],[126.95405,37.49151],[126.95402,37.49148],[126.95397,37.49145],[126.95383,37.4914],[126.95373,37.49135],[126.9536,37.49125],[126.95346,37.49113],[126.9534,37.49109],[126.95326,37.49107],[126.95323,37.49107],[126.95318,37.49107],[126.95294,37.49113],[126.95285,37.4912],[126.95283,37.49127],[126.95286,37.49144],[126.95289,37.4915]]}},{"type":"Feature","properties":{"class":"minor","highway":"residential","sidewalk":"unknown","lanes":0,"name":"상도로61길","oneway":false},"geometry":{"type":"LineString","coordinates":[[126.95485,37.49498],[126.955,37.49505],[126.95527,37.49518],[126.95551,37.49517],[126.95562,37.49515],[126.95613,37.49498],[126.9565,37.49487],[126.95715,37.49477],[126.95766,37.4947],[126.9588,37.49452],[126.95916,37.49447],[126.95927,37.49446],[126.95935,37.49447],[126.95943,37.4945],[126.95946,37.49457],[126.95952,37.49481],[126.95953,37.49485],[126.95954,37.49492]]}},{"type":"Feature","properties":{"class":"alley","highway":"service","sidewalk":"unknown","lanes":0,"name":"상도로62가길","oneway":false},"geometry":{"type":"LineString","coordinates":[[126.95329,37.49417],[126.95289,37.49426]]}},{"type":"Feature","properties":{"class":"alley","highway":"service","sidewalk":"unknown","lanes":0,"name":"상도로62가길","oneway":false},"geometry":{"type":"LineString","coordinates":[[126.95372,37.49517],[126.95366,37.49515],[126.95362,37.49513],[126.95358,37.49509],[126.95353,37.49499],[126.95349,37.49486],[126.95347,37.49481],[126.95342,37.49456],[126.95336,37.49434],[126.95329,37.49417],[126.95327,37.49411],[126.95326,37.49403],[126.95326,37.49392],[126.95324,37.49379],[126.95325,37.49376]]}},{"type":"Feature","properties":{"class":"alley","highway":"service","sidewalk":"unknown","lanes":0,"name":"상도로","oneway":false},"geometry":{"type":"LineString","coordinates":[[126.95419,37.49407],[126.95439,37.49406],[126.95457,37.49407],[126.95491,37.49412],[126.95519,37.49422],[126.95527,37.49426]]}},{"type":"Feature","properties":{"class":"alley","highway":"service","sidewalk":"unknown","lanes":0,"name":"상도로66길","oneway":false},"geometry":{"type":"LineString","coordinates":[[126.95501,37.49378],[126.95491,37.49412]]}},{"type":"Feature","properties":{"class":"alley","highway":"service","sidewalk":"unknown","lanes":0,"name":"상도로68길","oneway":false},"geometry":{"type":"LineString","coordinates":[[126.95607,37.49333],[126.95596,37.49329],[126.95595,37.49328],[126.95593,37.49326],[126.95593,37.49323],[126.95594,37.49317],[126.95595,37.4931],[126.95601,37.49294],[126.95607,37.49277],[126.95613,37.49267],[126.95616,37.49263],[126.95619,37.49259],[126.95624,37.49257],[126.95627,37.49256],[126.95657,37.49255]]}},{"type":"Feature","properties":{"class":"alley","highway":"service","sidewalk":"unknown","lanes":0,"name":"상도로68가길","oneway":false},"geometry":{"type":"LineString","coordinates":[[126.955,37.49318],[126.95498,37.4923]]}},{"type":"Feature","properties":{"class":"minor","highway":"residential","sidewalk":"unknown","lanes":0,"name":"청림5길","oneway":false},"geometry":{"type":"LineString","coordinates":[[126.95947,37.49203],[126.95961,37.49187],[126.95961,37.4918],[126.95962,37.49166],[126.95984,37.49154],[126.95977,37.49135],[126.95994,37.49109],[126.95973,37.49082],[126.95973,37.49079],[126.95972,37.49076],[126.95982,37.49046],[126.95983,37.49032],[126.95984,37.49025],[126.9599,37.4902]]}},{"type":"Feature","properties":{"class":"minor","highway":"residential","sidewalk":"unknown","lanes":0,"name":"청림3나길","oneway":false},"geometry":{"type":"LineString","coordinates":[[126.95767,37.48899],[126.95786,37.48906],[126.95818,37.48919],[126.95825,37.48922],[126.95839,37.48926],[126.95847,37.48932],[126.95862,37.48947]]}},{"type":"Feature","properties":{"class":"alley","highway":"service","sidewalk":"unknown","lanes":0,"name":"청림3다길","oneway":false},"geometry":{"type":"LineString","coordinates":[[126.95724,37.49086],[126.9572,37.49071],[126.95723,37.49067],[126.95732,37.49058],[126.9574,37.49053],[126.95772,37.49038],[126.95775,37.49035],[126.95783,37.49021],[126.95794,37.49007],[126.95801,37.49001],[126.95809,37.48996],[126.95827,37.48988],[126.95846,37.48983],[126.95853,37.4898]]}},{"type":"Feature","properties":{"class":"minor","highway":"residential","sidewalk":"unknown","lanes":0,"name":"청림3마길","oneway":false},"geometry":{"type":"LineString","coordinates":[[126.95713,37.49098],[126.95717,37.49094],[126.95724,37.49086],[126.95741,37.49083],[126.95763,37.49075],[126.95767,37.49076],[126.9578,37.49081],[126.95802,37.49092],[126.95803,37.49093],[126.95813,37.49103],[126.95839,37.49136],[126.95847,37.49148],[126.95875,37.49144],[126.95902,37.49145],[126.95914,37.49146]]}},{"type":"Feature","properties":{"class":"alley","highway":"service","sidewalk":"unknown","lanes":0,"name":"청림3마길","oneway":false},"geometry":{"type":"LineString","coordinates":[[126.95724,37.49086],[126.95751,37.49102],[126.95789,37.49118],[126.958,37.49122]]}},{"type":"Feature","properties":{"class":"minor","highway":"residential","sidewalk":"unknown","lanes":0,"name":"양녕로23길","oneway":false},"geometry":{"type":"LineString","coordinates":[[126.94056,37.49735],[126.93982,37.49685],[126.9397,37.49676]]}},{"type":"Feature","properties":{"class":"alley","highway":"service","sidewalk":"unknown","lanes":0,"name":"","oneway":false},"geometry":{"type":"LineString","coordinates":[[126.94387,37.49199],[126.94313,37.49162],[126.94314,37.49144],[126.94316,37.49133],[126.94274,37.49116],[126.94267,37.49096],[126.94259,37.4909],[126.94255,37.49086]]}},{"type":"Feature","properties":{"class":"alley","highway":"service","sidewalk":"unknown","lanes":0,"name":"","oneway":false},"geometry":{"type":"LineString","coordinates":[[126.95148,37.49146],[126.95138,37.49136],[126.95091,37.4909],[126.95071,37.49066],[126.95051,37.49036],[126.95046,37.4903],[126.95015,37.48994]]}},{"type":"Feature","properties":{"class":"alley","highway":"service","sidewalk":"unknown","lanes":0,"name":"","oneway":false},"geometry":{"type":"LineString","coordinates":[[126.95091,37.4909],[126.95173,37.49041]]}},{"type":"Feature","properties":{"class":"alley","highway":"service","sidewalk":"unknown","lanes":0,"name":"","oneway":false},"geometry":{"type":"LineString","coordinates":[[126.95091,37.4909],[126.95028,37.49116],[126.94952,37.49137]]}},{"type":"Feature","properties":{"class":"alley","highway":"service","sidewalk":"unknown","lanes":0,"name":"","oneway":false},"geometry":{"type":"LineString","coordinates":[[126.95051,37.49036],[126.95066,37.49029]]}},{"type":"Feature","properties":{"class":"alley","highway":"service","sidewalk":"unknown","lanes":0,"name":"","oneway":false},"geometry":{"type":"LineString","coordinates":[[126.95015,37.48994],[126.9497,37.49018],[126.94897,37.49042],[126.94903,37.49079],[126.94758,37.49104]]}},{"type":"Feature","properties":{"class":"alley","highway":"service","sidewalk":"unknown","lanes":0,"name":"","oneway":false},"geometry":{"type":"LineString","coordinates":[[126.95015,37.48994],[126.9511,37.48929],[126.95116,37.48925],[126.95122,37.4892],[126.95124,37.48917],[126.95139,37.489],[126.95195,37.48842],[126.95209,37.48828],[126.95218,37.48816]]}},{"type":"Feature","properties":{"class":"alley","highway":"service","sidewalk":"unknown","lanes":0,"name":"","oneway":false},"geometry":{"type":"LineString","coordinates":[[126.95122,37.4892],[126.95133,37.48927],[126.95147,37.48936],[126.95212,37.48975],[126.95224,37.48983],[126.95257,37.49001],[126.95261,37.48996],[126.95293,37.48958]]}},{"type":"Feature","properties":{"class":"alley","highway":"service","sidewalk":"unknown","lanes":0,"name":"","oneway":false},"geometry":{"type":"LineString","coordinates":[[126.95055,37.48782],[126.95046,37.48801],[126.95018,37.48831],[126.95011,37.48856],[126.95027,37.48867],[126.95109,37.48913],[126.95122,37.4892]]}},{"type":"Feature","properties":{"class":"alley","highway":"service","sidewalk":"unknown","lanes":0,"name":"","oneway":false},"geometry":{"type":"LineString","coordinates":[[126.94689,37.49194],[126.94743,37.49187],[126.94747,37.49173],[126.94825,37.49159],[126.94911,37.49139],[126.94918,37.49138]]}},{"type":"Feature","properties":{"class":"alley","highway":"service","sidewalk":"unknown","lanes":0,"name":"행운1마길","oneway":false},"geometry":{"type":"LineString","coordinates":[[126.9561,37.48397],[126.95559,37.48341],[126.95539,37.48316],[126.95529,37.48304],[126.95516,37.48289],[126.95496,37.48264],[126.95489,37.48256],[126.95465,37.48228]]}},{"type":"Feature","properties":{"class":"alley","highway":"service","sidewalk":"unknown","lanes":0,"name":"행운1길","oneway":false},"geometry":{"type":"LineString","coordinates":[[126.95516,37.48289],[126.95551,37.48276],[126.95618,37.48257]]}},{"type":"Feature","properties":{"class":"alley","highway":"service","sidewalk":"unknown","lanes":0,"name":"","oneway":false},"geometry":{"type":"LineString","coordinates":[[126.94314,37.49144],[126.94346,37.49109],[126.9436,37.49091],[126.94371,37.49077],[126.94371,37.49053],[126.94402,37.49014],[126.94419,37.49007],[126.94478,37.4894],[126.94497,37.48932],[126.94537,37.48887],[126.9454,37.48836],[126.94545,37.48829],[126.94547,37.48826],[126.94548,37.48809]]}},{"type":"Feature","properties":{"class":"alley","highway":"service","sidewalk":"unknown","lanes":0,"name":"양녕로","oneway":false},"geometry":{"type":"LineString","coordinates":[[126.94274,37.49499],[126.9424,37.49496],[126.94218,37.495],[126.94193,37.49502]]}},{"type":"Feature","properties":{"class":"alley","highway":"service","sidewalk":"unknown","lanes":0,"name":"","oneway":false},"geometry":{"type":"LineString","coordinates":[[126.94406,37.4877],[126.94404,37.48788],[126.94402,37.48791],[126.94397,37.48795],[126.94392,37.48798],[126.94386,37.48799],[126.94327,37.4879],[126.94309,37.48792],[126.94297,37.48798],[126.94289,37.48806],[126.94288,37.48811],[126.94289,37.48815],[126.94293,37.48819],[126.94324,37.48837],[126.94334,37.48845]]}},{"type":"Feature","properties":{"class":"alley","highway":"service","sidewalk":"unknown","lanes":0,"name":"","oneway":false},"geometry":{"type":"LineString","coordinates":[[126.94413,37.49603],[126.94395,37.49607]]}},{"type":"Feature","properties":{"class":"minor","highway":"residential","sidewalk":"unknown","lanes":0,"name":"남부순환로206길","oneway":false},"geometry":{"type":"LineString","coordinates":[[126.94165,37.48178],[126.94173,37.4814],[126.94179,37.48118],[126.94182,37.48107],[126.94185,37.4809],[126.94187,37.48082],[126.94191,37.48063],[126.94193,37.48054],[126.94202,37.48028]]}},{"type":"Feature","properties":{"class":"alley","highway":"service","sidewalk":"unknown","lanes":0,"name":"","oneway":false},"geometry":{"type":"LineString","coordinates":[[126.94348,37.49642],[126.94339,37.49614],[126.94324,37.49604],[126.94322,37.49595]]}},{"type":"Feature","properties":{"class":"alley","highway":"service","sidewalk":"unknown","lanes":0,"name":"","oneway":false},"geometry":{"type":"LineString","coordinates":[[126.94363,37.49679],[126.94395,37.49676]]}},{"type":"Feature","properties":{"class":"alley","highway":"service","sidewalk":"unknown","lanes":0,"name":"","oneway":false},"geometry":{"type":"LineString","coordinates":[[126.94561,37.48701],[126.94558,37.4875],[126.94555,37.48774]]}},{"type":"Feature","properties":{"class":"alley","highway":"service","sidewalk":"unknown","lanes":0,"name":"","oneway":false},"geometry":{"type":"LineString","coordinates":[[126.94313,37.49162],[126.94273,37.4917]]}},{"type":"Feature","properties":{"class":"alley","highway":"service","sidewalk":"unknown","lanes":0,"name":"은천로","oneway":false},"geometry":{"type":"LineString","coordinates":[[126.94347,37.48592],[126.94334,37.48623],[126.94326,37.48642]]}},{"type":"Feature","properties":{"class":"alley","highway":"service","sidewalk":"unknown","lanes":0,"name":"봉천로29길","oneway":false},"geometry":{"type":"LineString","coordinates":[[126.94347,37.48592],[126.94355,37.48573]]}},{"type":"Feature","properties":{"class":"alley","highway":"service","sidewalk":"unknown","lanes":0,"name":"봉천로","oneway":false},"geometry":{"type":"LineString","coordinates":[[126.94006,37.48427],[126.94035,37.48469]]}},{"type":"Feature","properties":{"class":"alley","highway":"service","sidewalk":"unknown","lanes":0,"name":"봉천로","oneway":false},"geometry":{"type":"LineString","coordinates":[[126.94039,37.48412],[126.9407,37.48454]]}},{"type":"Feature","properties":{"class":"alley","highway":"service","sidewalk":"unknown","lanes":0,"name":"봉천로","oneway":false},"geometry":{"type":"LineString","coordinates":[[126.94074,37.48398],[126.94103,37.48439]]}},{"type":"Feature","properties":{"class":"alley","highway":"service","sidewalk":"unknown","lanes":0,"name":"봉천로31길","oneway":false},"geometry":{"type":"LineString","coordinates":[[126.94066,37.48456],[126.94086,37.48486]]}},{"type":"Feature","properties":{"class":"alley","highway":"service","sidewalk":"unknown","lanes":0,"name":"은천로","oneway":false},"geometry":{"type":"LineString","coordinates":[[126.94279,37.48572],[126.94274,37.48585],[126.94259,37.48622]]}},{"type":"Feature","properties":{"class":"alley","highway":"service","sidewalk":"unknown","lanes":0,"name":"봉천로29길","oneway":false},"geometry":{"type":"LineString","coordinates":[[126.94306,37.48542],[126.9429,37.48575]]}},{"type":"Feature","properties":{"class":"alley","highway":"service","sidewalk":"unknown","lanes":0,"name":"","oneway":false},"geometry":{"type":"LineString","coordinates":[[126.94938,37.49298],[126.94932,37.49329],[126.94904,37.49352],[126.94886,37.49367],[126.9487,37.49369],[126.94848,37.49366],[126.94787,37.49358]]}},{"type":"Feature","properties":{"class":"alley","highway":"service","sidewalk":"unknown","lanes":0,"name":"봉천로29길","oneway":false},"geometry":{"type":"LineString","coordinates":[[126.94024,37.48555],[126.94048,37.48497]]}},{"type":"Feature","properties":{"class":"minor","highway":"residential","sidewalk":"unknown","lanes":0,"name":"","oneway":true},"geometry":{"type":"LineString","coordinates":[[126.93457,37.48637],[126.93491,37.48619],[126.93527,37.48603],[126.93561,37.48588],[126.93603,37.48569],[126.93652,37.48548],[126.93682,37.48534],[126.93742,37.48507],[126.93747,37.48505],[126.93826,37.48469],[126.93883,37.48444],[126.93894,37.48439],[126.93942,37.48419],[126.93964,37.48409],[126.93971,37.48405],[126.94079,37.4836],[126.941,37.4835],[126.94105,37.48348],[126.94147,37.4833],[126.94184,37.48317],[126.94213,37.4831],[126.94225,37.48308],[126.94262,37.48301],[126.94361,37.48291],[126.94369,37.4829],[126.94501,37.4828],[126.94511,37.48279]]}},{"type":"Feature","properties":{"class":"minor","highway":"residential","sidewalk":"unknown","lanes":0,"name":"양녕로20길","oneway":false},"geometry":{"type":"LineString","coordinates":[[126.94364,37.49305],[126.94365,37.49346],[126.94367,37.49426]]}},{"type":"Feature","properties":{"class":"major","highway":"secondary_link","sidewalk":"likely","lanes":0,"name":"","oneway":true},"geometry":{"type":"LineString","coordinates":[[126.94437,37.49146],[126.94425,37.49147],[126.94416,37.49144],[126.9441,37.49135],[126.94411,37.49129]]}},{"type":"Feature","properties":{"class":"minor","highway":"residential","sidewalk":"unknown","lanes":0,"name":"봉천로","oneway":false},"geometry":{"type":"LineString","coordinates":[[126.93591,37.48611],[126.93683,37.4857],[126.93735,37.48546],[126.93761,37.48535],[126.93768,37.48532],[126.93882,37.4848],[126.93936,37.48458],[126.93985,37.48437],[126.93993,37.48433],[126.94006,37.48427],[126.94039,37.48412],[126.94074,37.48398],[126.94119,37.48376],[126.94124,37.48373],[126.94152,37.48364],[126.94165,37.48359],[126.94199,37.48348],[126.94227,37.48341],[126.94235,37.48339],[126.94287,37.48333],[126.9431,37.48331],[126.94366,37.48325],[126.94406,37.48321],[126.94506,37.4831],[126.94515,37.48309],[126.94626,37.483],[126.94636,37.483],[126.94643,37.48302],[126.94648,37.48304]]}},{"type":"Feature","properties":{"class":"alley","highway":"service","sidewalk":"unknown","lanes":0,"name":"은천로","oneway":false},"geometry":{"type":"LineString","coordinates":[[126.94274,37.48585],[126.94305,37.48604],[126.94334,37.48623]]}},{"type":"Feature","properties":{"class":"minor","highway":"residential","sidewalk":"unknown","lanes":0,"name":"은천로28길","oneway":false},"geometry":{"type":"LineString","coordinates":[[126.95058,37.48539],[126.95072,37.48549],[126.95097,37.48575],[126.95099,37.48581],[126.95124,37.4861],[126.95152,37.48642]]}},{"type":"Feature","properties":{"class":"alley","highway":"service","sidewalk":"unknown","lanes":0,"name":"","oneway":false},"geometry":{"type":"LineString","coordinates":[[126.94697,37.49233],[126.94845,37.49209],[126.94928,37.4919],[126.95014,37.49168],[126.95069,37.49143]]}},{"type":"Feature","properties":{"class":"alley","highway":"service","sidewalk":"unknown","lanes":0,"name":"","oneway":false},"geometry":{"type":"LineString","coordinates":[[126.94928,37.4919],[126.94911,37.49139]]}},{"type":"Feature","properties":{"class":"alley","highway":"service","sidewalk":"unknown","lanes":0,"name":"","oneway":false},"geometry":{"type":"LineString","coordinates":[[126.94897,37.49042],[126.94877,37.48981],[126.94864,37.48936],[126.94855,37.48918]]}},{"type":"Feature","properties":{"class":"alley","highway":"service","sidewalk":"unknown","lanes":0,"name":"","oneway":false},"geometry":{"type":"LineString","coordinates":[[126.94903,37.49079],[126.95046,37.4903],[126.9514,37.48942],[126.95147,37.48936]]}},{"type":"Feature","properties":{"class":"alley","highway":"service","sidewalk":"unknown","lanes":0,"name":"","oneway":false},"geometry":{"type":"LineString","coordinates":[[126.94406,37.4877],[126.94413,37.48774],[126.94416,37.48777],[126.94418,37.4878],[126.94419,37.48802],[126.9442,37.48808],[126.94423,37.48814],[126.94477,37.48857],[126.94478,37.48858],[126.94479,37.48876],[126.94454,37.48899],[126.94426,37.48899]]}},{"type":"Feature","properties":{"class":"minor","highway":"residential","sidewalk":"unknown","lanes":0,"name":"행운길","oneway":false},"geometry":{"type":"LineString","coordinates":[[126.95943,37.48069],[126.95948,37.48071],[126.95952,37.48074],[126.95962,37.48083],[126.96005,37.48128],[126.96065,37.48187]]}},{"type":"Feature","properties":{"class":"alley","highway":"service","sidewalk":"unknown","lanes":0,"name":"행운1길","oneway":false},"geometry":{"type":"LineString","coordinates":[[126.95733,37.48042],[126.95733,37.4803],[126.95734,37.48026],[126.95754,37.48013],[126.9576,37.48009],[126.95776,37.48007],[126.95805,37.48]]}},{"type":"Feature","properties":{"class":"alley","highway":"service","sidewalk":"unknown","lanes":0,"name":"행운1다길","oneway":false},"geometry":{"type":"LineString","coordinates":[[126.95747,37.48232],[126.9572,37.48223],[126.95696,37.482]]}},{"type":"Feature","properties":{"class":"alley","highway":"service","sidewalk":"unknown","lanes":0,"name":"행운1다길","oneway":false},"geometry":{"type":"LineString","coordinates":[[126.95615,37.48251],[126.95653,37.48228],[126.95696,37.482],[126.95735,37.48174],[126.95757,37.48161],[126.95781,37.4815]]}},{"type":"Feature","properties":{"class":"minor","highway":"residential","sidewalk":"unknown","lanes":0,"name":"행운5길","oneway":false},"geometry":{"type":"LineString","coordinates":[[126.95799,37.48184],[126.95809,37.48193],[126.95838,37.48232],[126.95865,37.48272],[126.95875,37.48279],[126.95879,37.48285],[126.95883,37.48295],[126.95885,37.48297],[126.95895,37.48301],[126.95903,37.48308],[126.95914,37.48312],[126.95922,37.48326],[126.95934,37.48334],[126.95947,37.48342],[126.95949,37.48349],[126.9595,37.48359]]}},{"type":"Feature","properties":{"class":"alley","highway":"service","sidewalk":"unknown","lanes":0,"name":"행운5길","oneway":false},"geometry":{"type":"LineString","coordinates":[[126.95906,37.4814],[126.95907,37.48141],[126.95916,37.48149],[126.95937,37.48171],[126.95996,37.48229]]}},{"type":"Feature","properties":{"class":"alley","highway":"service","sidewalk":"unknown","lanes":0,"name":"행운9길","oneway":false},"geometry":{"type":"LineString","coordinates":[[126.95925,37.48272],[126.95968,37.48318],[126.95973,37.48325]]}},{"type":"Feature","properties":{"class":"alley","highway":"service","sidewalk":"unknown","lanes":0,"name":"행운7길","oneway":false},"geometry":{"type":"LineString","coordinates":[[126.9596,37.48251],[126.96009,37.483]]}},{"type":"Feature","properties":{"class":"alley","highway":"service","sidewalk":"unknown","lanes":0,"name":"행운7길","oneway":false},"geometry":{"type":"LineString","coordinates":[[126.95996,37.48229],[126.96046,37.48278]]}},{"type":"Feature","properties":{"class":"alley","highway":"service","sidewalk":"unknown","lanes":0,"name":"행운7길","oneway":false},"geometry":{"type":"LineString","coordinates":[[126.95885,37.48297],[126.95925,37.48272],[126.9596,37.48251],[126.95996,37.48229],[126.96031,37.48208],[126.96065,37.48187]]}},{"type":"Feature","properties":{"class":"alley","highway":"service","sidewalk":"unknown","lanes":0,"name":"행운9길","oneway":false},"geometry":{"type":"LineString","coordinates":[[126.95973,37.48325],[126.96007,37.48301],[126.96009,37.483],[126.96046,37.48278],[126.9608,37.48257],[126.96114,37.48236]]}},{"type":"Feature","properties":{"class":"alley","highway":"service","sidewalk":"unknown","lanes":0,"name":"행운길","oneway":false},"geometry":{"type":"LineString","coordinates":[[126.9595,37.48039],[126.95977,37.48032],[126.96009,37.48027]]}},{"type":"Feature","properties":{"class":"alley","highway":"service","sidewalk":"unknown","lanes":0,"name":"행운길","oneway":false},"geometry":{"type":"LineString","coordinates":[[126.95952,37.48074],[126.95971,37.48077],[126.96001,37.48082],[126.96014,37.48085],[126.96021,37.48074]]}},{"type":"Feature","properties":{"class":"alley","highway":"service","sidewalk":"unknown","lanes":0,"name":"행운1길","oneway":false},"geometry":{"type":"LineString","coordinates":[[126.95618,37.48257],[126.95615,37.48251],[126.95614,37.48235],[126.95623,37.48209],[126.95642,37.48179],[126.95654,37.48156],[126.95663,37.48143],[126.95682,37.48116],[126.95697,37.48096],[126.95706,37.48082],[126.95709,37.48079],[126.95713,37.48073],[126.95724,37.48057],[126.95733,37.48042]]}},{"type":"Feature","properties":{"class":"alley","highway":"service","sidewalk":"unknown","lanes":0,"name":"행운1가길","oneway":false},"geometry":{"type":"LineString","coordinates":[[126.95748,37.48099],[126.95739,37.48105],[126.95742,37.48109],[126.95781,37.4815],[126.95809,37.48179]]}},{"type":"Feature","properties":{"class":"alley","highway":"service","sidewalk":"unknown","lanes":0,"name":"행운1길","oneway":false},"geometry":{"type":"LineString","coordinates":[[126.95735,37.48174],[126.95682,37.48116]]}},{"type":"Feature","properties":{"class":"alley","highway":"service","sidewalk":"unknown","lanes":0,"name":"행운1길","oneway":false},"geometry":{"type":"LineString","coordinates":[[126.95757,37.48161],[126.95697,37.48096]]}},{"type":"Feature","properties":{"class":"alley","highway":"service","sidewalk":"unknown","lanes":0,"name":"남부순환로231길","oneway":false},"geometry":{"type":"LineString","coordinates":[[126.95882,37.48039],[126.95855,37.48049],[126.95862,37.48062],[126.9581,37.48084]]}},{"type":"Feature","properties":{"class":"alley","highway":"service","sidewalk":"unknown","lanes":0,"name":"봉천로","oneway":false},"geometry":{"type":"LineString","coordinates":[[126.95706,37.48082],[126.95611,37.48043],[126.95573,37.48051]]}},{"type":"Feature","properties":{"class":"alley","highway":"service","sidewalk":"unknown","lanes":0,"name":"봉천로55길","oneway":false},"geometry":{"type":"LineString","coordinates":[[126.95508,37.48115],[126.95545,37.48134],[126.95584,37.48152],[126.95642,37.48179]]}},{"type":"Feature","properties":{"class":"alley","highway":"service","sidewalk":"unknown","lanes":0,"name":"행운1나길","oneway":false},"geometry":{"type":"LineString","coordinates":[[126.95465,37.48228],[126.95506,37.48203],[126.95548,37.48207],[126.95597,37.48232],[126.95614,37.48235]]}},{"type":"Feature","properties":{"class":"alley","highway":"service","sidewalk":"unknown","lanes":0,"name":"봉천로55길","oneway":false},"geometry":{"type":"LineString","coordinates":[[126.95506,37.48203],[126.95522,37.48178],[126.95545,37.48134]]}},{"type":"Feature","properties":{"class":"alley","highway":"service","sidewalk":"unknown","lanes":0,"name":"봉천로55길","oneway":false},"geometry":{"type":"LineString","coordinates":[[126.95548,37.48207],[126.95584,37.48152]]}},{"type":"Feature","properties":{"class":"alley","highway":"service","sidewalk":"unknown","lanes":0,"name":"봉천로53길","oneway":false},"geometry":{"type":"LineString","coordinates":[[126.95465,37.48228],[126.95452,37.48228],[126.9544,37.48239],[126.95432,37.48251],[126.95425,37.48249]]}},{"type":"Feature","properties":{"class":"alley","highway":"service","sidewalk":"unknown","lanes":0,"name":"봉천로53길","oneway":false},"geometry":{"type":"LineString","coordinates":[[126.95425,37.48249],[126.95416,37.48188],[126.95406,37.48169]]}},{"type":"Feature","properties":{"class":"alley","highway":"service","sidewalk":"unknown","lanes":0,"name":"행운1다길","oneway":false},"geometry":{"type":"LineString","coordinates":[[126.95681,37.48269],[126.95674,37.48257],[126.95676,37.48252],[126.95653,37.48228]]}},{"type":"Feature","properties":{"class":"alley","highway":"service","sidewalk":"unknown","lanes":0,"name":"관악로","oneway":false},"geometry":{"type":"LineString","coordinates":[[126.95439,37.48349],[126.95539,37.48316]]}},{"type":"Feature","properties":{"class":"alley","highway":"service","sidewalk":"unknown","lanes":0,"name":"행운1길","oneway":false},"geometry":{"type":"LineString","coordinates":[[126.95539,37.48316],[126.95542,37.48311],[126.95562,37.48304],[126.95574,37.48309],[126.95634,37.4832]]}},{"type":"Feature","properties":{"class":"alley","highway":"service","sidewalk":"unknown","lanes":0,"name":"행운1길","oneway":false},"geometry":{"type":"LineString","coordinates":[[126.95626,37.48453],[126.95615,37.48434],[126.95614,37.48422],[126.9561,37.48397],[126.95613,37.48386],[126.95635,37.4833],[126.95634,37.4832],[126.95618,37.48257]]}},{"type":"Feature","properties":{"class":"alley","highway":"service","sidewalk":"unknown","lanes":0,"name":"관악로24길","oneway":false},"geometry":{"type":"LineString","coordinates":[[126.95626,37.48453],[126.95604,37.48453],[126.95469,37.48344],[126.95444,37.48356]]}},{"type":"Feature","properties":{"class":"alley","highway":"service","sidewalk":"unknown","lanes":0,"name":"관악로24가길","oneway":false},"geometry":{"type":"LineString","coordinates":[[126.95631,37.48454],[126.95655,37.48445],[126.95663,37.48442],[126.9569,37.48432],[126.957,37.48428],[126.9573,37.48417]]}},{"type":"Feature","properties":{"class":"alley","highway":"service","sidewalk":"unknown","lanes":0,"name":"관악로24가길","oneway":false},"geometry":{"type":"LineString","coordinates":[[126.95669,37.48399],[126.9569,37.48432]]}},{"type":"Feature","properties":{"class":"alley","highway":"service","sidewalk":"unknown","lanes":0,"name":"관악로24가길","oneway":false},"geometry":{"type":"LineString","coordinates":[[126.95648,37.48414],[126.95663,37.48442]]}},{"type":"Feature","properties":{"class":"alley","highway":"service","sidewalk":"unknown","lanes":0,"name":"관악로24가길","oneway":false},"geometry":{"type":"LineString","coordinates":[[126.95717,37.48396],[126.9573,37.48417]]}},{"type":"Feature","properties":{"class":"alley","highway":"service","sidewalk":"unknown","lanes":0,"name":"관악로","oneway":false},"geometry":{"type":"LineString","coordinates":[[126.95604,37.48453],[126.95609,37.48469],[126.95616,37.4848],[126.95609,37.48513],[126.95585,37.48524]]}},{"type":"Feature","properties":{"class":"alley","highway":"service","sidewalk":"unknown","lanes":0,"name":"관악로24나길","oneway":false},"geometry":{"type":"LineString","coordinates":[[126.95664,37.4848],[126.95719,37.4848],[126.95724,37.48484],[126.95763,37.48483],[126.95786,37.48496],[126.95826,37.48488],[126.95855,37.48476],[126.95879,37.4846],[126.95897,37.48448],[126.95919,37.4843]]}},{"type":"Feature","properties":{"class":"minor","highway":"residential","sidewalk":"unknown","lanes":0,"name":"관악로30길","oneway":false},"geometry":{"type":"LineString","coordinates":[[126.96207,37.4855],[126.96207,37.48563],[126.96198,37.48634],[126.96188,37.487],[126.96179,37.48798],[126.96173,37.48849],[126.9617,37.48868],[126.96169,37.48874],[126.96163,37.48887],[126.96154,37.48899],[126.96138,37.48915],[126.96067,37.48977],[126.96046,37.48997],[126.96038,37.4901],[126.96033,37.49017],[126.96023,37.49021],[126.9601,37.49022],[126.9599,37.4902]]}},{"type":"Feature","properties":{"class":"minor","highway":"residential","sidewalk":"unknown","lanes":0,"name":"청림2길","oneway":false},"geometry":{"type":"LineString","coordinates":[[126.95876,37.4883],[126.95875,37.48802],[126.95872,37.48785],[126.95868,37.4877],[126.95865,37.48757],[126.95858,37.48739],[126.95854,37.48728],[126.95847,37.48704],[126.95845,37.48693],[126.95826,37.48684],[126.9582,37.48678],[126.95819,37.48649],[126.95821,37.48642]]}},{"type":"Feature","properties":{"class":"alley","highway":"service","sidewalk":"unknown","lanes":0,"name":"청림3가길","oneway":false},"geometry":{"type":"LineString","coordinates":[[126.95898,37.48945],[126.95909,37.48951],[126.9592,37.48966],[126.95924,37.48975]]}},{"type":"Feature","properties":{"class":"alley","highway":"service","sidewalk":"unknown","lanes":0,"name":"청림5가길","oneway":false},"geometry":{"type":"LineString","coordinates":[[126.95858,37.49011],[126.95873,37.49006],[126.95895,37.48995],[126.95913,37.48986],[126.95924,37.48975],[126.95939,37.4896],[126.95948,37.48943],[126.95957,37.48938],[126.9597,37.48933],[126.95981,37.48933]]}},{"type":"Feature","properties":{"class":"minor","highway":"residential","sidewalk":"unknown","lanes":0,"name":"청림3길","oneway":false},"geometry":{"type":"LineString","coordinates":[[126.95862,37.48947],[126.95898,37.48945],[126.95899,37.48912],[126.95906,37.4888],[126.95916,37.48834]]}},{"type":"Feature","properties":{"class":"minor","highway":"residential","sidewalk":"unknown","lanes":0,"name":"청림5길","oneway":false},"geometry":{"type":"LineString","coordinates":[[126.9599,37.4902],[126.9599,37.48973],[126.95986,37.48951],[126.95981,37.48933],[126.95982,37.48923],[126.95985,37.48912],[126.95992,37.48903],[126.95999,37.48892],[126.96,37.4887],[126.95998,37.48859],[126.95997,37.48846],[126.96005,37.48828],[126.96008,37.48819],[126.96006,37.48812]]}},{"type":"Feature","properties":{"class":"minor","highway":"residential","sidewalk":"unknown","lanes":0,"name":"청림3길","oneway":false},"geometry":{"type":"LineString","coordinates":[[126.95961,37.4918],[126.95923,37.49177],[126.95914,37.49146],[126.95907,37.49134],[126.95892,37.49119],[126.95883,37.49114],[126.95874,37.49103],[126.95868,37.49098],[126.95867,37.49096],[126.95865,37.49091],[126.95867,37.49082],[126.95869,37.49063],[126.95869,37.49061],[126.95867,37.49056],[126.95861,37.49049],[126.95855,37.49042],[126.95854,37.49041],[126.95852,37.49035],[126.9585,37.49017],[126.95858,37.49011],[126.95858,37.48998],[126.95853,37.4898],[126.95857,37.48963],[126.95862,37.48947]]}},{"type":"Feature","properties":{"class":"alley","highway":"service","sidewalk":"unknown","lanes":0,"name":"청림3라길","oneway":false},"geometry":{"type":"LineString","coordinates":[[126.95855,37.49042],[126.95882,37.49044],[126.95903,37.49047],[126.95913,37.49048]]}},{"type":"Feature","properties":{"class":"alley","highway":"service","sidewalk":"unknown","lanes":0,"name":"청림3라길","oneway":false},"geometry":{"type":"LineString","coordinates":[[126.95913,37.49048],[126.95902,37.49073],[126.95906,37.49092]]}},{"type":"Feature","properties":{"class":"alley","highway":"service","sidewalk":"unknown","lanes":0,"name":"청림3바길","oneway":false},"geometry":{"type":"LineString","coordinates":[[126.95867,37.49096],[126.95906,37.49092]]}},{"type":"Feature","properties":{"class":"alley","highway":"service","sidewalk":"unknown","lanes":0,"name":"청림3바길","oneway":false},"geometry":{"type":"LineString","coordinates":[[126.95906,37.49092],[126.95914,37.49122],[126.95917,37.4914],[126.95914,37.49146]]}},{"type":"Feature","properties":{"class":"alley","highway":"service","sidewalk":"unknown","lanes":0,"name":"청림3바길","oneway":false},"geometry":{"type":"LineString","coordinates":[[126.95906,37.49092],[126.95973,37.49079]]}},{"type":"Feature","properties":{"class":"alley","highway":"service","sidewalk":"unknown","lanes":0,"name":"청림5가길","oneway":false},"geometry":{"type":"LineString","coordinates":[[126.95873,37.49006],[126.95907,37.49039],[126.95913,37.49048]]}},{"type":"Feature","properties":{"class":"alley","highway":"service","sidewalk":"unknown","lanes":0,"name":"청림5가길","oneway":false},"geometry":{"type":"LineString","coordinates":[[126.95913,37.49048],[126.95982,37.49046]]}},{"type":"Feature","properties":{"class":"alley","highway":"service","sidewalk":"unknown","lanes":0,"name":"청림5나길","oneway":false},"geometry":{"type":"LineString","coordinates":[[126.95895,37.48995],[126.95921,37.49016],[126.95948,37.49022],[126.95984,37.49025]]}},{"type":"Feature","properties":{"class":"alley","highway":"service","sidewalk":"unknown","lanes":0,"name":"관악로38길","oneway":false},"geometry":{"type":"LineString","coordinates":[[126.95708,37.48988],[126.95746,37.49],[126.95802,37.48955],[126.95813,37.4895],[126.95811,37.4893],[126.95818,37.48919]]}},{"type":"Feature","properties":{"class":"alley","highway":"service","sidewalk":"unknown","lanes":0,"name":"청림3마길","oneway":false},"geometry":{"type":"LineString","coordinates":[[126.95803,37.49093],[126.95822,37.49085],[126.95832,37.49083],[126.95869,37.49061]]}},{"type":"Feature","properties":{"class":"minor","highway":"residential","sidewalk":"unknown","lanes":0,"name":"중앙길","oneway":false},"geometry":{"type":"LineString","coordinates":[[126.95401,37.48351],[126.95402,37.48355],[126.95403,37.48361],[126.954,37.48373],[126.95394,37.48386],[126.95383,37.48394],[126.95375,37.48398],[126.95365,37.48401],[126.95357,37.48401],[126.95331,37.48396],[126.9532,37.48397],[126.95269,37.48433],[126.95236,37.48455],[126.95227,37.48462],[126.95215,37.48468],[126.95203,37.48473],[126.95111,37.48512],[126.95061,37.48536],[126.95058,37.48539],[126.95044,37.48555],[126.95009,37.48584],[126.95004,37.48588],[126.94999,37.48592],[126.94954,37.48607],[126.94913,37.48613],[126.94896,37.48617],[126.94853,37.48633],[126.94769,37.48656],[126.94702,37.4866]]}},{"type":"Feature","properties":{"class":"minor","highway":"residential","sidewalk":"unknown","lanes":0,"name":"은천로28가길","oneway":false},"geometry":{"type":"LineString","coordinates":[[126.95097,37.48575],[126.95129,37.48554],[126.95144,37.48545],[126.95223,37.48509],[126.95238,37.48504],[126.95303,37.4847],[126.9531,37.4847],[126.95329,37.48465],[126.95345,37.48463],[126.95371,37.48465],[126.95389,37.48466],[126.95396,37.48468]]}},{"type":"Feature","properties":{"class":"minor","highway":"residential","sidewalk":"unknown","lanes":0,"name":"관악로25길","oneway":false},"geometry":{"type":"LineString","coordinates":[[126.95363,37.48525],[126.95401,37.48515],[126.95441,37.48502],[126.9546,37.48494],[126.95471,37.48487],[126.95477,37.48482],[126.9553,37.48459]]}},{"type":"Feature","properties":{"class":"minor","highway":"residential","sidewalk":"unknown","lanes":0,"name":"중앙2길","oneway":false},"geometry":{"type":"LineString","coordinates":[[126.95401,37.48515],[126.95396,37.48468],[126.95378,37.48418],[126.95383,37.48394]]}},{"type":"Feature","properties":{"class":"minor","highway":"residential","sidewalk":"unknown","lanes":0,"name":"은천로28가길","oneway":false},"geometry":{"type":"LineString","coordinates":[[126.95303,37.4847],[126.95269,37.48433]]}},{"type":"Feature","properties":{"class":"alley","highway":"service","sidewalk":"unknown","lanes":0,"name":"은천로30길","oneway":false},"geometry":{"type":"LineString","coordinates":[[126.95173,37.4864],[126.95172,37.4863],[126.95186,37.48609],[126.95129,37.48554]]}},{"type":"Feature","properties":{"class":"alley","highway":"service","sidewalk":"unknown","lanes":0,"name":"양녕로","oneway":false},"geometry":{"type":"LineString","coordinates":[[126.94652,37.48787],[126.9469,37.48788]]}},{"type":"Feature","properties":{"class":"alley","highway":"service","sidewalk":"unknown","lanes":0,"name":"국회단지2길","oneway":true},"geometry":{"type":"LineString","coordinates":[[126.93941,37.48677],[126.93945,37.48677],[126.94003,37.48674],[126.94037,37.48672],[126.94072,37.48669],[126.94119,37.48666],[126.94193,37.48661]]}},{"type":"Feature","properties":{"class":"major","highway":"tertiary","sidewalk":"likely","lanes":0,"name":"국회단지길","oneway":false},"geometry":{"type":"LineString","coordinates":[[126.93931,37.48621],[126.93936,37.48652],[126.93939,37.48671],[126.93941,37.48677],[126.93954,37.48696],[126.94009,37.48767],[126.94018,37.48775],[126.94033,37.48789],[126.94062,37.48814],[126.94114,37.48843],[126.94162,37.48871],[126.94171,37.48877],[126.94179,37.48885],[126.94187,37.48895]]}},{"type":"Feature","properties":{"class":"alley","highway":"service","sidewalk":"unknown","lanes":0,"name":"","oneway":false},"geometry":{"type":"LineString","coordinates":[[126.94255,37.49086],[126.94282,37.49067],[126.94296,37.49057],[126.9434,37.49031],[126.94358,37.49004],[126.94365,37.48985],[126.94379,37.48971],[126.94387,37.48968],[126.94398,37.48955],[126.94398,37.4894],[126.94395,37.4892],[126.94392,37.48914],[126.94378,37.48914]]}},{"type":"Feature","properties":{"class":"alley","highway":"service","sidewalk":"unknown","lanes":0,"name":"국회단지22길","oneway":false},"geometry":{"type":"LineString","coordinates":[[126.94223,37.49036],[126.94237,37.49033],[126.94268,37.49026],[126.94327,37.49012],[126.94358,37.49004]]}},{"type":"Feature","properties":{"class":"alley","highway":"service","sidewalk":"unknown","lanes":0,"name":"국회단지20길","oneway":false},"geometry":{"type":"LineString","coordinates":[[126.94225,37.49005],[126.94318,37.48986],[126.94379,37.48971]]}},{"type":"Feature","properties":{"class":"alley","highway":"service","sidewalk":"unknown","lanes":0,"name":"국회단지18길","oneway":false},"geometry":{"type":"LineString","coordinates":[[126.94216,37.48978],[126.9431,37.48958],[126.94398,37.4894]]}},{"type":"Feature","properties":{"class":"alley","highway":"service","sidewalk":"unknown","lanes":0,"name":"국회단지16길","oneway":false},"geometry":{"type":"LineString","coordinates":[[126.94207,37.48951],[126.94301,37.4893],[126.94378,37.48914]]}},{"type":"Feature","properties":{"class":"alley","highway":"service","sidewalk":"unknown","lanes":0,"name":"국회단지14길","oneway":false},"geometry":{"type":"LineString","coordinates":[[126.94198,37.48922],[126.94292,37.48902],[126.94341,37.48892]]}},{"type":"Feature","properties":{"class":"alley","highway":"service","sidewalk":"unknown","lanes":0,"name":"국회단지12길","oneway":false},"geometry":{"type":"LineString","coordinates":[[126.94187,37.48895],[126.94284,37.48876],[126.94327,37.48867]]}},{"type":"Feature","properties":{"class":"alley","highway":"service","sidewalk":"unknown","lanes":0,"name":"국회단지10길","oneway":false},"geometry":{"type":"LineString","coordinates":[[126.94162,37.48871],[126.94274,37.48847],[126.94313,37.48839]]}},{"type":"Feature","properties":{"class":"alley","highway":"service","sidewalk":"unknown","lanes":0,"name":"국회단지8길","oneway":false},"geometry":{"type":"LineString","coordinates":[[126.94114,37.48843],[126.94171,37.48831],[126.94263,37.48811]]}},{"type":"Feature","properties":{"class":"alley","highway":"service","sidewalk":"unknown","lanes":0,"name":"국회단지6길","oneway":false},"geometry":{"type":"LineString","coordinates":[[126.94062,37.48814],[126.94114,37.48802],[126.94159,37.48792],[126.94197,37.48784],[126.9423,37.48777],[126.94254,37.48772]]}},{"type":"Feature","properties":{"class":"major","highway":"tertiary","sidewalk":"likely","lanes":0,"name":"국회단지길","oneway":false},"geometry":{"type":"LineString","coordinates":[[126.94187,37.48895],[126.94198,37.48922],[126.94207,37.48951],[126.94216,37.48978],[126.94223,37.48998],[126.94225,37.49005],[126.94226,37.49015],[126.94225,37.49025],[126.94223,37.49036],[126.9422,37.49046],[126.94212,37.4906],[126.94207,37.49069],[126.94203,37.49078],[126.94179,37.49103],[126.94155,37.49135],[126.94133,37.49164]]}},{"type":"Feature","properties":{"class":"alley","highway":"service","sidewalk":"unknown","lanes":0,"name":"국회단지4길","oneway":false},"geometry":{"type":"LineString","coordinates":[[126.94159,37.48792],[126.94139,37.48729],[126.94136,37.48719]]}},{"type":"Feature","properties":{"class":"alley","highway":"service","sidewalk":"unknown","lanes":0,"name":"국회단지2길","oneway":false},"geometry":{"type":"LineString","coordinates":[[126.94136,37.48719],[126.94126,37.48689],[126.94122,37.48686],[126.94119,37.48666]]}},{"type":"Feature","properties":{"class":"minor","highway":"residential","sidewalk":"unknown","lanes":0,"name":"양녕로20길","oneway":false},"geometry":{"type":"LineString","coordinates":[[126.94418,37.49526],[126.94368,37.49436],[126.94367,37.49426]]}},{"type":"Feature","properties":{"class":"alley","highway":"service","sidewalk":"unknown","lanes":0,"name":"상도로63길","oneway":false},"geometry":{"type":"LineString","coordinates":[[126.95693,37.49456],[126.95645,37.4946],[126.95608,37.49461],[126.95588,37.49461],[126.95577,37.49459],[126.95558,37.49446],[126.95552,37.49443],[126.95541,37.49435]]}},{"type":"Feature","properties":{"class":"alley","highway":"service","sidewalk":"unknown","lanes":0,"name":"상도로61가길","oneway":false},"geometry":{"type":"LineString","coordinates":[[126.95821,37.49445],[126.95762,37.49456],[126.95766,37.4947],[126.95777,37.49508],[126.95779,37.49515]]}},{"type":"Feature","properties":{"class":"alley","highway":"service","sidewalk":"unknown","lanes":0,"name":"상도로60길","oneway":false},"geometry":{"type":"LineString","coordinates":[[126.9542,37.49342],[126.95421,37.49339],[126.95424,37.49321],[126.95425,37.49313],[126.95426,37.49286],[126.95426,37.49266],[126.95426,37.49234],[126.95426,37.49233],[126.95427,37.49232],[126.95429,37.49232],[126.95457,37.49231],[126.95461,37.49231],[126.95498,37.4923]]}},{"type":"Feature","properties":{"class":"alley","highway":"service","sidewalk":"unknown","lanes":0,"name":"상도로60길","oneway":false},"geometry":{"type":"LineString","coordinates":[[126.95489,37.49318],[126.95468,37.49318],[126.95465,37.49317],[126.95462,37.49316]]}},{"type":"Feature","properties":{"class":"alley","highway":"service","sidewalk":"unknown","lanes":0,"name":"상도로68길","oneway":false},"geometry":{"type":"LineString","coordinates":[[126.95498,37.4923],[126.95512,37.4923],[126.95533,37.49229],[126.95538,37.4923],[126.95541,37.49231],[126.95542,37.49233],[126.95543,37.49235],[126.95542,37.49263],[126.9554,37.49315],[126.95539,37.49317],[126.95537,37.49319],[126.95534,37.49319],[126.955,37.49318],[126.95489,37.49318],[126.95488,37.49327],[126.95489,37.49335],[126.95493,37.49349],[126.95498,37.49353],[126.95506,37.49357],[126.95534,37.49362],[126.95538,37.49363],[126.95542,37.49362],[126.95545,37.4936],[126.9557,37.49334],[126.95572,37.49332],[126.95575,37.4933],[126.95582,37.49329],[126.95595,37.49328]]}},{"type":"Feature","properties":{"class":"alley","highway":"service","sidewalk":"unknown","lanes":0,"name":"상도로66길","oneway":false},"geometry":{"type":"LineString","coordinates":[[126.95362,37.49373],[126.95376,37.49372],[126.95417,37.4937],[126.95448,37.4937],[126.95475,37.49372],[126.95489,37.49375],[126.95501,37.49378],[126.95528,37.49386],[126.95543,37.49391],[126.95553,37.49396]]}},{"type":"Feature","properties":{"class":"alley","highway":"service","sidewalk":"unknown","lanes":0,"name":"","oneway":false},"geometry":{"type":"LineString","coordinates":[[126.94365,37.49346],[126.94401,37.49346]]}},{"type":"Feature","properties":{"class":"alley","highway":"service","sidewalk":"unknown","lanes":0,"name":"","oneway":false},"geometry":{"type":"LineString","coordinates":[[126.94401,37.49346],[126.94415,37.49342],[126.94438,37.49355]]}},{"type":"Feature","properties":{"class":"major","highway":"secondary","sidewalk":"likely","lanes":0,"name":"양녕로","oneway":true},"geometry":{"type":"LineString","coordinates":[[126.94435,37.49138],[126.94356,37.4926],[126.94355,37.49262],[126.94343,37.49298],[126.94317,37.49402]]}},{"type":"Feature","properties":{"class":"major","highway":"secondary","sidewalk":"likely","lanes":0,"name":"양녕로","oneway":true},"geometry":{"type":"LineString","coordinates":[[126.94303,37.49398],[126.94325,37.49296],[126.94337,37.49258],[126.94356,37.49229],[126.9442,37.49131]]}},{"type":"Feature","properties":{"class":"major","highway":"secondary","sidewalk":"likely","lanes":0,"name":"양녕로","oneway":true},"geometry":{"type":"LineString","coordinates":[[126.94286,37.49457],[126.94303,37.49398]]}},{"type":"Feature","properties":{"class":"major","highway":"secondary","sidewalk":"likely","lanes":0,"name":"양녕로","oneway":true},"geometry":{"type":"LineString","coordinates":[[126.9442,37.49131],[126.94488,37.4907]]}},{"type":"Feature","properties":{"class":"major","highway":"secondary","sidewalk":"likely","lanes":0,"name":"양녕로","oneway":true},"geometry":{"type":"LineString","coordinates":[[126.94488,37.4907],[126.94435,37.49138]]}},{"type":"Feature","properties":{"class":"major","highway":"secondary","sidewalk":"likely","lanes":0,"name":"양녕로","oneway":true},"geometry":{"type":"LineString","coordinates":[[126.94317,37.49402],[126.94286,37.49457]]}},{"type":"Feature","properties":{"class":"alley","highway":"service","sidewalk":"unknown","lanes":0,"name":"양녕로25길","oneway":false},"geometry":{"type":"LineString","coordinates":[[126.94113,37.49659],[126.941,37.49665],[126.94093,37.49665],[126.94073,37.49659]]}},{"type":"Feature","properties":{"class":"alley","highway":"service","sidewalk":"unknown","lanes":0,"name":"양녕로2길","oneway":false},"geometry":{"type":"LineString","coordinates":[[126.94804,37.48389],[126.94791,37.48391],[126.94782,37.48392],[126.94775,37.4838],[126.94773,37.48376],[126.94766,37.48364],[126.94757,37.48358],[126.94747,37.48349],[126.94742,37.48338]]}},{"type":"Feature","properties":{"class":"alley","highway":"service","sidewalk":"unknown","lanes":0,"name":"양녕로2가길","oneway":false},"geometry":{"type":"LineString","coordinates":[[126.94722,37.48382],[126.94773,37.48376]]}},{"type":"Feature","properties":{"class":"alley","highway":"service","sidewalk":"unknown","lanes":0,"name":"봉천로43길","oneway":false},"geometry":{"type":"LineString","coordinates":[[126.94849,37.48325],[126.94857,37.48377],[126.94858,37.48393],[126.94861,37.4841],[126.94868,37.48418],[126.94896,37.48445]]}},{"type":"Feature","properties":{"class":"alley","highway":"service","sidewalk":"unknown","lanes":0,"name":"봉천로43길","oneway":false},"geometry":{"type":"LineString","coordinates":[[126.94918,37.48428],[126.94899,37.48407],[126.94891,37.4839],[126.94858,37.48393]]}},{"type":"Feature","properties":{"class":"alley","highway":"service","sidewalk":"unknown","lanes":0,"name":"","oneway":false},"geometry":{"type":"LineString","coordinates":[[126.94857,37.48377],[126.94886,37.48375]]}},{"type":"Feature","properties":{"class":"alley","highway":"service","sidewalk":"unknown","lanes":0,"name":"봉천로45길","oneway":false},"geometry":{"type":"LineString","coordinates":[[126.94886,37.48375],[126.94883,37.48352]]}},{"type":"Feature","properties":{"class":"alley","highway":"service","sidewalk":"unknown","lanes":0,"name":"봉천로49다길","oneway":false},"geometry":{"type":"LineString","coordinates":[[126.95196,37.4829],[126.95134,37.48308],[126.95085,37.4833],[126.95084,37.48332],[126.95045,37.48347],[126.95022,37.48351],[126.95004,37.48351],[126.94986,37.48349],[126.94957,37.48344],[126.94944,37.48343]]}},{"type":"Feature","properties":{"class":"alley","highway":"service","sidewalk":"unknown","lanes":0,"name":"봉천로49가길","oneway":false},"geometry":{"type":"LineString","coordinates":[[126.95186,37.4825],[126.95137,37.48269],[126.95111,37.48275],[126.95077,37.48278],[126.95069,37.48279],[126.95045,37.48283],[126.94993,37.48284],[126.94934,37.48289]]}},{"type":"Feature","properties":{"class":"alley","highway":"service","sidewalk":"unknown","lanes":0,"name":"봉천로41길","oneway":false},"geometry":{"type":"LineString","coordinates":[[126.948,37.4836],[126.94818,37.48358]]}},{"type":"Feature","properties":{"class":"alley","highway":"service","sidewalk":"unknown","lanes":0,"name":"양녕로2길","oneway":false},"geometry":{"type":"LineString","coordinates":[[126.94862,37.48323],[126.94868,37.48304],[126.94873,37.48294]]}},{"type":"Feature","properties":{"class":"alley","highway":"service","sidewalk":"unknown","lanes":0,"name":"양녕로2길","oneway":false},"geometry":{"type":"LineString","coordinates":[[126.94873,37.48323],[126.94875,37.48332],[126.94908,37.4834],[126.94926,37.48347],[126.94946,37.48357]]}},{"type":"Feature","properties":{"class":"alley","highway":"service","sidewalk":"unknown","lanes":0,"name":"양녕로2길","oneway":false},"geometry":{"type":"LineString","coordinates":[[126.94879,37.48322],[126.94944,37.48343]]}},{"type":"Feature","properties":{"class":"alley","highway":"service","sidewalk":"unknown","lanes":0,"name":"봉천로47길","oneway":false},"geometry":{"type":"LineString","coordinates":[[126.95082,37.48319],[126.95071,37.48324],[126.95024,37.48329],[126.94959,37.48328]]}},{"type":"Feature","properties":{"class":"alley","highway":"service","sidewalk":"unknown","lanes":0,"name":"봉천로49나길","oneway":false},"geometry":{"type":"LineString","coordinates":[[126.94961,37.48314],[126.94959,37.48328],[126.94957,37.48344]]}},{"type":"Feature","properties":{"class":"alley","highway":"service","sidewalk":"unknown","lanes":0,"name":"양녕로6길","oneway":false},"geometry":{"type":"LineString","coordinates":[[126.94996,37.48372],[126.94987,37.48363],[126.94986,37.48349]]}},{"type":"Feature","properties":{"class":"alley","highway":"service","sidewalk":"unknown","lanes":0,"name":"양녕로6길","oneway":false},"geometry":{"type":"LineString","coordinates":[[126.95005,37.48368],[126.95004,37.48351]]}},{"type":"Feature","properties":{"class":"alley","highway":"service","sidewalk":"unknown","lanes":0,"name":"봉천로41길","oneway":false},"geometry":{"type":"LineString","coordinates":[[126.94805,37.48391],[126.94828,37.48389]]}},{"type":"Feature","properties":{"class":"alley","highway":"service","sidewalk":"unknown","lanes":0,"name":"봉천로41길","oneway":false},"geometry":{"type":"LineString","coordinates":[[126.94802,37.48375],[126.94817,37.48374]]}},{"type":"Feature","properties":{"class":"minor","highway":"residential","sidewalk":"unknown","lanes":0,"name":"봉천로","oneway":true},"geometry":{"type":"LineString","coordinates":[[126.94511,37.48279],[126.94623,37.48269],[126.94643,37.48248]]}},{"type":"Feature","properties":{"class":"major","highway":"primary_link","sidewalk":"likely","lanes":0,"name":"","oneway":true},"geometry":{"type":"LineString","coordinates":[[126.94643,37.48248],[126.94661,37.48262]]}},{"type":"Feature","properties":{"class":"alley","highway":"service","sidewalk":"unknown","lanes":0,"name":"관악로","oneway":false},"geometry":{"type":"LineString","coordinates":[[126.95422,37.4833],[126.95472,37.48318],[126.95529,37.48304]]}},{"type":"Feature","properties":{"class":"alley","highway":"service","sidewalk":"unknown","lanes":0,"name":"관악로","oneway":false},"geometry":{"type":"LineString","coordinates":[[126.95472,37.48318],[126.9546,37.4827],[126.95489,37.48256]]}},{"type":"Feature","properties":{"class":"alley","highway":"service","sidewalk":"unknown","lanes":0,"name":"봉천로53길","oneway":false},"geometry":{"type":"LineString","coordinates":[[126.95413,37.48318],[126.95441,37.48309],[126.95425,37.48249]]}},{"type":"Feature","properties":{"class":"alley","highway":"service","sidewalk":"unknown","lanes":0,"name":"","oneway":false},"geometry":{"type":"LineString","coordinates":[[126.95559,37.49547],[126.95557,37.49539],[126.95551,37.49517]]}},{"type":"Feature","properties":{"class":"major","highway":"primary","sidewalk":"likely","lanes":8,"name":"봉천로","oneway":false},"geometry":{"type":"LineString","coordinates":[[126.93491,37.48637],[126.93533,37.48618],[126.93581,37.48597],[126.93612,37.48584],[126.93661,37.48562],[126.93752,37.48521],[126.93757,37.48519],[126.93837,37.48484],[126.93872,37.48468],[126.93975,37.48424],[126.94116,37.48363],[126.94157,37.48346],[126.94231,37.48326],[126.9425,37.48322],[126.9429,37.48317],[126.94307,37.48315],[126.94365,37.48309],[126.94503,37.48294],[126.94513,37.48293],[126.94616,37.48282],[126.94648,37.48279]]}},{"type":"Feature","properties":{"class":"major","highway":"secondary","sidewalk":"likely","lanes":0,"name":"양녕로","oneway":false},"geometry":{"type":"LineString","coordinates":[[126.94634,37.48184],[126.94635,37.48191],[126.94636,37.48199],[126.94637,37.4821],[126.94643,37.48248],[126.94647,37.4827],[126.94648,37.48279]]}},{"type":"Feature","properties":{"class":"major","highway":"secondary","sidewalk":"likely","lanes":0,"name":"양녕로","oneway":false},"geometry":{"type":"LineString","coordinates":[[126.9441,37.4991],[126.94389,37.49878],[126.94379,37.49862],[126.94371,37.49843],[126.94331,37.49761],[126.94326,37.49751],[126.94313,37.49722],[126.94303,37.49686],[126.94295,37.49651],[126.94275,37.4955]]}},{"type":"Feature","properties":{"class":"alley","highway":"service","sidewalk":"unknown","lanes":0,"name":"상도로55길","oneway":false},"geometry":{"type":"LineString","coordinates":[[126.95388,37.49716],[126.95387,37.49692],[126.95387,37.49688]]}},{"type":"Feature","properties":{"class":"major","highway":"primary","sidewalk":"yes","lanes":6,"name":"관악로","oneway":false},"geometry":{"type":"LineString","coordinates":[[126.95007,37.46776],[126.95041,37.46793],[126.95077,37.46811],[126.95096,37.46822],[126.95123,37.46844],[126.95149,37.4687],[126.95178,37.46906],[126.95192,37.46936],[126.95205,37.46978],[126.95207,37.46985],[126.95211,37.46994],[126.95242,37.47093],[126.95265,37.47155],[126.95284,37.4721],[126.95297,37.47255],[126.95303,37.47279],[126.95305,37.47296],[126.95306,37.47315],[126.95306,37.47331],[126.95305,37.47348],[126.95292,37.47423],[126.95287,37.47449],[126.95263,37.47568],[126.95242,37.47673],[126.95228,37.47745],[126.95223,37.47777],[126.95222,37.47797],[126.95221,37.47819],[126.95226,37.47868],[126.95229,37.47886],[126.95235,37.47922],[126.95249,37.48002],[126.95252,37.4802]]}},{"type":"Feature","properties":{"class":"major","highway":"secondary","sidewalk":"likely","lanes":0,"name":"양녕로","oneway":false},"geometry":{"type":"LineString","coordinates":[[126.94575,37.48968],[126.94535,37.49016],[126.94488,37.4907]]}},{"type":"Feature","properties":{"class":"minor","highway":"residential","sidewalk":"unknown","lanes":0,"name":"구암길","oneway":false},"geometry":{"type":"LineString","coordinates":[[126.94796,37.4898],[126.94805,37.49004],[126.94805,37.49013],[126.94805,37.49021],[126.94804,37.49028],[126.94805,37.49052],[126.94804,37.49058],[126.94799,37.49061],[126.94792,37.49063],[126.94762,37.49067],[126.94756,37.49069],[126.94754,37.49073],[126.94758,37.49104],[126.94759,37.49117],[126.94757,37.49123],[126.94751,37.49127],[126.94727,37.4913],[126.94721,37.49132],[126.94713,37.49134],[126.94711,37.49137],[126.94704,37.4915],[126.94689,37.49194],[126.94682,37.49203],[126.94671,37.49215],[126.94667,37.49221],[126.94665,37.49229],[126.94662,37.49252],[126.94664,37.49259],[126.94667,37.49265],[126.94677,37.49272]]}},{"type":"Feature","properties":{"class":"major","highway":"tertiary","sidewalk":"likely","lanes":0,"name":"성현로","oneway":false},"geometry":{"type":"LineString","coordinates":[[126.94677,37.49272],[126.94654,37.49296],[126.94653,37.49297],[126.94635,37.49315],[126.94621,37.49323],[126.94602,37.49326],[126.94586,37.49326],[126.94571,37.49321],[126.94561,37.49313],[126.94555,37.49305],[126.94553,37.493],[126.94518,37.49221],[126.94516,37.49217],[126.94513,37.49213],[126.94508,37.49209],[126.94502,37.49206],[126.94494,37.49203],[126.94482,37.49201],[126.94473,37.49199],[126.9444,37.49199],[126.94387,37.49199]]}},{"type":"Feature","properties":{"class":"major","highway":"primary","sidewalk":"likely","lanes":0,"name":"관악로","oneway":false},"geometry":{"type":"LineString","coordinates":[[126.95641,37.49093],[126.95634,37.49108],[126.95632,37.49118],[126.95634,37.49158]]}},{"type":"Feature","properties":{"class":"major","highway":"primary","sidewalk":"likely","lanes":5,"name":"상도로","oneway":true},"geometry":{"type":"LineString","coordinates":[[126.95318,37.4967],[126.95333,37.49652],[126.95367,37.49614],[126.95369,37.49612]]}},{"type":"Feature","properties":{"class":"major","highway":"secondary","sidewalk":"likely","lanes":0,"name":"양녕로","oneway":false},"geometry":{"type":"LineString","coordinates":[[126.94635,37.4886],[126.94622,37.48893],[126.94616,37.48911],[126.94612,37.4892],[126.94604,37.48933],[126.94597,37.48943],[126.94575,37.48968]]}},{"type":"Feature","properties":{"class":"major","highway":"secondary","sidewalk":"likely","lanes":4,"name":"은천로","oneway":false},"geometry":{"type":"LineString","coordinates":[[126.93931,37.48621],[126.93935,37.48621],[126.93996,37.48617],[126.94065,37.48614],[126.94068,37.48614],[126.94134,37.48612],[126.94167,37.48611],[126.94182,37.48612],[126.94193,37.48613],[126.94211,37.48615],[126.94259,37.48622],[126.94326,37.48642],[126.94434,37.48675],[126.94453,37.4868],[126.94482,37.48688],[126.94488,37.48689],[126.94518,37.48696],[126.94543,37.487],[126.94561,37.48701],[126.9459,37.48702],[126.94626,37.48699],[126.94701,37.48695],[126.94734,37.48691],[126.94772,37.48686],[126.94829,37.48679],[126.9486,37.48675],[126.94885,37.48672],[126.94968,37.48661],[126.95067,37.48651],[126.95101,37.48647],[126.95103,37.48647],[126.95152,37.48642],[126.95162,37.48641],[126.95173,37.4864],[126.95204,37.48636],[126.95226,37.48634],[126.95243,37.48631],[126.95266,37.48627],[126.95385,37.48607],[126.95439,37.48598],[126.95499,37.48587],[126.95553,37.48579],[126.95579,37.48575],[126.95591,37.48572],[126.9562,37.48563]]}},{"type":"Feature","properties":{"class":"minor","highway":"residential","sidewalk":"unknown","lanes":0,"name":"서달로","oneway":false},"geometry":{"type":"LineString","coordinates":[[126.95936,37.49838],[126.95933,37.49818],[126.9593,37.49801],[126.95929,37.49797],[126.95931,37.49789],[126.95949,37.49725],[126.95954,37.49711],[126.95962,37.49697],[126.95977,37.49687],[126.96039,37.49638],[126.96112,37.49585],[126.96131,37.4957],[126.96138,37.49556],[126.96137,37.49547],[126.96127,37.49534],[126.96119,37.49525],[126.96085,37.49477]]}},{"type":"Feature","properties":{"class":"minor","highway":"residential","sidewalk":"unknown","lanes":0,"name":"양녕로23길","oneway":false},"geometry":{"type":"LineString","coordinates":[[126.94076,37.49616],[126.94066,37.49623],[126.94039,37.4964],[126.94034,37.49644],[126.9397,37.49676],[126.93953,37.49653],[126.93933,37.49631],[126.93922,37.49626],[126.93912,37.49626],[126.93894,37.4963],[126.93884,37.49631],[126.93873,37.49629]]}},{"type":"Feature","properties":{"class":"major","highway":"secondary","sidewalk":"likely","lanes":0,"name":"양녕로","oneway":false},"geometry":{"type":"LineString","coordinates":[[126.94275,37.4955],[126.94272,37.49523],[126.94273,37.49503],[126.94274,37.49499]]}},{"type":"Feature","properties":{"class":"minor","highway":"residential","sidewalk":"unknown","lanes":0,"name":"양녕로22길","oneway":true},"geometry":{"type":"LineString","coordinates":[[126.94367,37.49426],[126.94352,37.4943],[126.94328,37.4944],[126.94311,37.49445],[126.94303,37.49449],[126.94298,37.49454],[126.94291,37.49461]]}},{"type":"Feature","properties":{"class":"major","highway":"secondary","sidewalk":"likely","lanes":0,"name":"양녕로","oneway":false},"geometry":{"type":"LineString","coordinates":[[126.94274,37.49499],[126.94282,37.49469],[126.94285,37.4946],[126.94286,37.49457]]}},{"type":"Feature","properties":{"class":"major","highway":"primary","sidewalk":"likely","lanes":0,"name":"사당로","oneway":false},"geometry":{"type":"LineString","coordinates":[[126.96085,37.49477],[126.96045,37.49482],[126.95954,37.49492],[126.95928,37.49495],[126.95893,37.49499]]}},{"type":"Feature","properties":{"class":"alley","highway":"service","sidewalk":"unknown","lanes":0,"name":"청룡8길","oneway":false},"geometry":{"type":"LineString","coordinates":[[126.94438,37.48001],[126.94441,37.48025]]}},{"type":"Feature","properties":{"class":"alley","highway":"service","sidewalk":"unknown","lanes":0,"name":"쑥고개로13길","oneway":false},"geometry":{"type":"LineString","coordinates":[[126.94392,37.4803],[126.94411,37.48028]]}},{"type":"Feature","properties":{"class":"alley","highway":"service","sidewalk":"unknown","lanes":0,"name":"청룡8길","oneway":false},"geometry":{"type":"LineString","coordinates":[[126.94508,37.47994],[126.94511,37.48011],[126.94458,37.48017]]}},{"type":"Feature","properties":{"class":"alley","highway":"service","sidewalk":"unknown","lanes":0,"name":"청룡4길","oneway":false},"geometry":{"type":"LineString","coordinates":[[126.94505,37.48091],[126.94501,37.48066]]}},{"type":"Feature","properties":{"class":"alley","highway":"service","sidewalk":"unknown","lanes":0,"name":"청룡8길","oneway":false},"geometry":{"type":"LineString","coordinates":[[126.94567,37.47988],[126.94572,37.48011]]}},{"type":"Feature","properties":{"class":"alley","highway":"service","sidewalk":"unknown","lanes":0,"name":"","oneway":false},"geometry":{"type":"LineString","coordinates":[[126.94586,37.48085],[126.94582,37.48067]]}},{"type":"Feature","properties":{"class":"major","highway":"primary_link","sidewalk":"likely","lanes":0,"name":"","oneway":true},"geometry":{"type":"LineString","coordinates":[[126.94652,37.48309],[126.94648,37.48304],[126.94641,37.48297],[126.94634,37.48293],[126.94616,37.48282]]}},{"type":"Feature","properties":{"class":"alley","highway":"service","sidewalk":"unknown","lanes":0,"name":"봉천로45길","oneway":false},"geometry":{"type":"LineString","coordinates":[[126.94873,37.48294],[126.94889,37.48297],[126.94934,37.48292]]}},{"type":"Feature","properties":{"class":"alley","highway":"service","sidewalk":"unknown","lanes":0,"name":"봉천로","oneway":false},"geometry":{"type":"LineString","coordinates":[[126.94868,37.48304],[126.94855,37.48297],[126.94821,37.48301]]}},{"type":"Feature","properties":{"class":"minor","highway":"residential","sidewalk":"unknown","lanes":0,"name":"봉천로","oneway":true},"geometry":{"type":"LineString","coordinates":[[126.94661,37.48262],[126.94749,37.48253],[126.94782,37.48249],[126.94802,37.48248],[126.94921,37.48236],[126.95064,37.48221],[126.95099,37.48218],[126.95191,37.48209],[126.95253,37.48203]]}},{"type":"Feature","properties":{"class":"alley","highway":"service","sidewalk":"unknown","lanes":0,"name":"봉천로","oneway":false},"geometry":{"type":"LineString","coordinates":[[126.94199,37.48348],[126.94202,37.48355]]}},{"type":"Feature","properties":{"class":"alley","highway":"service","sidewalk":"unknown","lanes":0,"name":"봉천로","oneway":false},"geometry":{"type":"LineString","coordinates":[[126.94165,37.48359],[126.94186,37.48404]]}},{"type":"Feature","properties":{"class":"alley","highway":"service","sidewalk":"unknown","lanes":0,"name":"봉천로30길","oneway":false},"geometry":{"type":"LineString","coordinates":[[126.9394,37.48374],[126.93974,37.48364],[126.94,37.48357],[126.94017,37.48354],[126.94027,37.48354],[126.9404,37.48354],[126.94053,37.48355],[126.94072,37.48357],[126.94078,37.48358],[126.94079,37.4836]]}},{"type":"Feature","properties":{"class":"major","highway":"primary","sidewalk":"yes","lanes":4,"name":"남부순환로","oneway":true},"geometry":{"type":"LineString","coordinates":[[126.95309,37.48105],[126.95332,37.48096],[126.95387,37.48075],[126.95421,37.48063],[126.95541,37.48017],[126.9558,37.48002]]}},{"type":"Feature","properties":{"class":"major","highway":"primary","sidewalk":"likely","lanes":8,"name":"관악로","oneway":false},"geometry":{"type":"LineString","coordinates":[[126.9543,37.48339],[126.95439,37.48349],[126.95444,37.48356],[126.9553,37.48459],[126.95585,37.48524],[126.95587,37.48526],[126.95598,37.48539],[126.9562,37.48563],[126.95689,37.48645]]}},{"type":"Feature","properties":{"class":"major","highway":"primary","sidewalk":"yes","lanes":4,"name":"남부순환로","oneway":true},"geometry":{"type":"LineString","coordinates":[[126.95578,37.48016],[126.95504,37.48045],[126.95391,37.4809],[126.95343,37.48109],[126.95323,37.48116],[126.95292,37.48126],[126.95276,37.4813],[126.95254,37.48134],[126.95228,37.48138],[126.95179,37.48142],[126.95054,37.48155],[126.94911,37.4817],[126.94829,37.48178],[126.94784,37.48183],[126.94772,37.48184],[126.94734,37.48188],[126.94636,37.48199]]}},{"type":"Feature","properties":{"class":"major","highway":"primary","sidewalk":"likely","lanes":6,"name":"봉천로","oneway":false},"geometry":{"type":"LineString","coordinates":[[126.94648,37.48279],[126.94683,37.48275]]}},{"type":"Feature","properties":{"class":"major","highway":"primary","sidewalk":"likely","lanes":6,"name":"관악로","oneway":false},"geometry":{"type":"LineString","coordinates":[[126.9526,37.48082],[126.95268,37.48107],[126.95271,37.48115],[126.95273,37.48121],[126.95276,37.4813],[126.95279,37.48139],[126.95291,37.48169]]}},{"type":"Feature","properties":{"class":"alley","highway":"service","sidewalk":"unknown","lanes":0,"name":"","oneway":false},"geometry":{"type":"LineString","coordinates":[[126.9429,37.48016],[126.94289,37.48014],[126.94287,37.48003],[126.94286,37.47995]]}},{"type":"Feature","properties":{"class":"alley","highway":"service","sidewalk":"unknown","lanes":0,"name":"봉천로","oneway":false},"geometry":{"type":"LineString","coordinates":[[126.94818,37.48281],[126.94821,37.48301]]}},{"type":"Feature","properties":{"class":"alley","highway":"service","sidewalk":"unknown","lanes":0,"name":"봉천로","oneway":false},"geometry":{"type":"LineString","coordinates":[[126.94847,37.48278],[126.94873,37.48294]]}},{"type":"Feature","properties":{"class":"alley","highway":"service","sidewalk":"unknown","lanes":0,"name":"","oneway":false},"geometry":{"type":"LineString","coordinates":[[126.94564,37.48805],[126.94559,37.48804],[126.94555,37.48802],[126.94552,37.48799],[126.9455,37.48796],[126.9455,37.48792],[126.94555,37.48774]]}},{"type":"Feature","properties":{"class":"alley","highway":"service","sidewalk":"unknown","lanes":0,"name":"남부순환로","oneway":false},"geometry":{"type":"LineString","coordinates":[[126.94676,37.4818],[126.94676,37.48174],[126.94675,37.48168],[126.94667,37.48124],[126.94667,37.4812]]}},{"type":"Feature","properties":{"class":"minor","highway":"residential","sidewalk":"unknown","lanes":0,"name":"","oneway":true},"geometry":{"type":"LineString","coordinates":[[126.95253,37.48203],[126.95253,37.48205],[126.95256,37.48217]]}},{"type":"Feature","properties":{"class":"alley","highway":"service","sidewalk":"unknown","lanes":0,"name":"중앙1가길","oneway":false},"geometry":{"type":"LineString","coordinates":[[126.95295,37.48313],[126.95299,37.4831],[126.9532,37.48319],[126.95353,37.48342],[126.95377,37.48353]]}},{"type":"Feature","properties":{"class":"minor","highway":"residential","sidewalk":"unknown","lanes":0,"name":"중앙1길","oneway":false},"geometry":{"type":"LineString","coordinates":[[126.95401,37.48351],[126.9539,37.48355],[126.95377,37.48353],[126.95341,37.48367],[126.95304,37.48385],[126.95243,37.48411],[126.95204,37.48425],[126.95192,37.48431],[126.95152,37.48449],[126.95108,37.48479],[126.95102,37.48483],[126.951,37.48485],[126.95099,37.48487],[126.95098,37.48489],[126.95098,37.48491],[126.95098,37.48494],[126.95099,37.48496],[126.951,37.48498],[126.95101,37.485],[126.95111,37.48512]]}},{"type":"Feature","properties":{"class":"alley","highway":"service","sidewalk":"unknown","lanes":0,"name":"중앙1가길","oneway":false},"geometry":{"type":"LineString","coordinates":[[126.95299,37.4831],[126.95272,37.48292],[126.95199,37.48305]]}},{"type":"Feature","properties":{"class":"alley","highway":"service","sidewalk":"unknown","lanes":0,"name":"봉천로49길","oneway":false},"geometry":{"type":"LineString","coordinates":[[126.95197,37.48294],[126.95243,37.48283],[126.95271,37.48271],[126.95287,37.48263]]}},{"type":"Feature","properties":{"class":"alley","highway":"service","sidewalk":"unknown","lanes":0,"name":"봉천로","oneway":false},"geometry":{"type":"LineString","coordinates":[[126.95271,37.48271],[126.95233,37.48247],[126.9523,37.48235]]}},{"type":"Feature","properties":{"class":"alley","highway":"service","sidewalk":"unknown","lanes":0,"name":"봉천로","oneway":false},"geometry":{"type":"LineString","coordinates":[[126.95233,37.48247],[126.9522,37.4826]]}},{"type":"Feature","properties":{"class":"alley","highway":"service","sidewalk":"unknown","lanes":0,"name":"중앙1나길","oneway":false},"geometry":{"type":"LineString","coordinates":[[126.95377,37.48353],[126.95365,37.48356],[126.95204,37.48339]]}},{"type":"Feature","properties":{"class":"minor","highway":"residential","sidewalk":"unknown","lanes":0,"name":"은천로33길","oneway":false},"geometry":{"type":"LineString","coordinates":[[126.95218,37.48816],[126.9521,37.488],[126.95197,37.48776],[126.95196,37.48775],[126.95195,37.48773],[126.95195,37.48771],[126.95195,37.48769],[126.95195,37.48767],[126.95195,37.48765],[126.95195,37.48761],[126.95197,37.48749],[126.95208,37.48713],[126.95218,37.48679],[126.95219,37.48677],[126.95225,37.48659],[126.95226,37.48639],[126.95226,37.48634]]}},{"type":"Feature","properties":{"class":"major","highway":"secondary","sidewalk":"likely","lanes":6,"name":"봉천로","oneway":false},"geometry":{"type":"LineString","coordinates":[[126.95578,37.48016],[126.95579,37.48009],[126.9558,37.48002]]}},{"type":"Feature","properties":{"class":"major","highway":"primary","sidewalk":"likely","lanes":0,"name":"남부순환로","oneway":true},"geometry":{"type":"LineString","coordinates":[[126.92969,37.48416],[126.92987,37.48419],[126.93008,37.48421],[126.93015,37.48422],[126.9316,37.48441],[126.93201,37.48446],[126.93315,37.4846],[126.93348,37.48465],[126.934,37.48471],[126.9342,37.48474],[126.93434,37.48475],[126.93455,37.48477],[126.93478,37.48477],[126.93505,37.48478],[126.93523,37.48477],[126.93546,37.48476],[126.93565,37.48473],[126.93585,37.4847],[126.93614,37.48463],[126.93624,37.4846],[126.93648,37.48452],[126.93668,37.48445],[126.93703,37.4843],[126.9371,37.48427],[126.93776,37.48398],[126.93898,37.48344],[126.93913,37.48336],[126.93917,37.48335],[126.94051,37.48274],[126.94075,37.48264],[126.941,37.48254],[126.94121,37.48247],[126.94133,37.48244],[126.94164,37.48236],[126.94197,37.48229],[126.94251,37.48222],[126.94278,37.48219],[126.94302,37.48216],[126.94335,37.48213],[126.94346,37.48212],[126.94363,37.4821],[126.94379,37.48209],[126.94487,37.48198],[126.94517,37.48195],[126.94531,37.48194],[126.94542,37.48193],[126.94552,37.48192],[126.94581,37.48189],[126.94593,37.48188],[126.94634,37.48184],[126.94676,37.4818],[126.94731,37.48174],[126.9477,37.4817],[126.94782,37.48169],[126.94909,37.48157],[126.95052,37.48143],[126.95184,37.4813],[126.95225,37.48126],[126.9525,37.4812],[126.95271,37.48115],[126.95286,37.48111],[126.95309,37.48105]]}},{"type":"Feature","properties":{"class":"major","highway":"primary","sidewalk":"likely","lanes":0,"name":"남부순환로","oneway":true},"geometry":{"type":"LineString","coordinates":[[126.94636,37.48199],[126.94595,37.48202],[126.9458,37.48204],[126.94489,37.48212],[126.94381,37.48222],[126.94365,37.48224],[126.9435,37.48225],[126.94337,37.48227],[126.94304,37.4823],[126.94253,37.48236],[126.94204,37.48244],[126.9417,37.48251],[126.94139,37.4826],[126.94118,37.48265],[126.94088,37.48276],[126.94061,37.48289],[126.93927,37.48348],[126.93923,37.4835],[126.93909,37.48357],[126.93786,37.48412],[126.93719,37.48441],[126.93705,37.48447],[126.93662,37.48465],[126.93651,37.48468],[126.9364,37.48472],[126.93624,37.48477],[126.93603,37.48482],[126.93582,37.48486],[126.93567,37.48488],[126.93539,37.4849],[126.93503,37.48492],[126.93471,37.48491],[126.93431,37.48489],[126.9342,37.48488]]}},{"type":"Feature","properties":{"class":"major","highway":"primary_link","sidewalk":"likely","lanes":0,"name":"","oneway":true},"geometry":{"type":"LineString","coordinates":[[126.94784,37.48183],[126.94782,37.48183],[126.94779,37.48182],[126.94777,37.48181],[126.94776,37.48179],[126.94775,37.48177],[126.94775,37.48175],[126.94776,37.48173],[126.94777,37.48171],[126.9478,37.4817],[126.94782,37.48169]]}},{"type":"Feature","properties":{"class":"major","highway":"primary","sidewalk":"yes","lanes":4,"name":"남부순환로","oneway":true},"geometry":{"type":"LineString","coordinates":[[126.9558,37.48002],[126.95628,37.47982]]}},{"type":"Feature","properties":{"class":"major","highway":"secondary","sidewalk":"likely","lanes":6,"name":"봉천로","oneway":false},"geometry":{"type":"LineString","coordinates":[[126.9558,37.48002],[126.95581,37.47993],[126.95584,37.47969],[126.95587,37.4795],[126.95589,37.47942],[126.9559,37.47938],[126.95592,37.47935],[126.95594,37.47932],[126.95596,37.47929],[126.95599,37.47927],[126.95602,37.47925],[126.95605,37.47923],[126.95609,37.47921],[126.95616,37.47917],[126.957,37.47885],[126.95718,37.47878],[126.95818,37.47839],[126.95821,37.47838],[126.95827,37.47835],[126.95849,37.4783],[126.95865,37.47826],[126.95869,37.47825],[126.95871,37.47824],[126.95956,37.47792]]}},{"type":"Feature","properties":{"class":"major","highway":"primary","sidewalk":"yes","lanes":4,"name":"남부순환로","oneway":true},"geometry":{"type":"LineString","coordinates":[[126.95635,37.47994],[126.95578,37.48016]]}},{"type":"Feature","properties":{"class":"major","highway":"primary_link","sidewalk":"likely","lanes":0,"name":"","oneway":true},"geometry":{"type":"LineString","coordinates":[[126.94731,37.48174],[126.94734,37.48174],[126.94736,37.48175],[126.94739,37.48176],[126.9474,37.48178],[126.94741,37.4818],[126.94741,37.48182],[126.9474,37.48184],[126.94739,37.48186],[126.94737,37.48187],[126.94734,37.48188]]}},{"type":"Feature","properties":{"class":"major","highway":"primary_link","sidewalk":"likely","lanes":1,"name":"","oneway":true},"geometry":{"type":"LineString","coordinates":[[126.94381,37.48222],[126.94379,37.48209]]}},{"type":"Feature","properties":{"class":"alley","highway":"service","sidewalk":"unknown","lanes":0,"name":"남부순환로","oneway":false},"geometry":{"type":"LineString","coordinates":[[126.94734,37.48188],[126.94736,37.482],[126.94738,37.48215],[126.9474,37.4822],[126.94746,37.48232],[126.94747,37.48237],[126.94749,37.48253]]}},{"type":"Feature","properties":{"class":"alley","highway":"service","sidewalk":"unknown","lanes":0,"name":"남부순환로","oneway":false},"geometry":{"type":"LineString","coordinates":[[126.94802,37.48248],[126.94801,37.48241],[126.94842,37.48224],[126.94833,37.48213],[126.94826,37.48204],[126.94827,37.48193],[126.94829,37.48178]]}},{"type":"Feature","properties":{"class":"alley","highway":"service","sidewalk":"unknown","lanes":0,"name":"남부순환로","oneway":false},"geometry":{"type":"LineString","coordinates":[[126.94833,37.48213],[126.9478,37.48235]]}},{"type":"Feature","properties":{"class":"alley","highway":"service","sidewalk":"unknown","lanes":0,"name":"남부순환로","oneway":false},"geometry":{"type":"LineString","coordinates":[[126.94826,37.48204],[126.94778,37.48223]]}},{"type":"Feature","properties":{"class":"alley","highway":"service","sidewalk":"unknown","lanes":0,"name":"청룡3길","oneway":false},"geometry":{"type":"LineString","coordinates":[[126.94667,37.48094],[126.94664,37.48074]]}},{"type":"Feature","properties":{"class":"alley","highway":"service","sidewalk":"unknown","lanes":0,"name":"청룡3길","oneway":false},"geometry":{"type":"LineString","coordinates":[[126.947,37.48091],[126.94696,37.48071]]}},{"type":"Feature","properties":{"class":"alley","highway":"service","sidewalk":"unknown","lanes":0,"name":"청룡1길","oneway":false},"geometry":{"type":"LineString","coordinates":[[126.94679,37.48119],[126.94677,37.48104]]}},{"type":"Feature","properties":{"class":"alley","highway":"service","sidewalk":"unknown","lanes":0,"name":"","oneway":false},"geometry":{"type":"LineString","coordinates":[[126.94542,37.48088],[126.94538,37.48062],[126.94534,37.48039]]}},{"type":"Feature","properties":{"class":"alley","highway":"service","sidewalk":"unknown","lanes":0,"name":"","oneway":false},"geometry":{"type":"LineString","coordinates":[[126.9492,37.48007],[126.94881,37.47991]]}},{"type":"Feature","properties":{"class":"alley","highway":"service","sidewalk":"unknown","lanes":0,"name":"봉천로","oneway":false},"geometry":{"type":"LineString","coordinates":[[126.95099,37.48218],[126.95094,37.48187]]}},{"type":"Feature","properties":{"class":"alley","highway":"service","sidewalk":"unknown","lanes":0,"name":"청룡길","oneway":false},"geometry":{"type":"LineString","coordinates":[[126.94626,37.48149],[126.94565,37.48141],[126.94564,37.48135]]}},{"type":"Feature","properties":{"class":"alley","highway":"service","sidewalk":"unknown","lanes":0,"name":"남부순환로210길","oneway":false},"geometry":{"type":"LineString","coordinates":[[126.94611,37.48164],[126.94569,37.4816],[126.94558,37.48158],[126.94547,37.48157],[126.94535,37.48161],[126.94524,37.48164],[126.94512,37.48168],[126.94501,37.48171],[126.94483,37.48176]]}},{"type":"Feature","properties":{"class":"alley","highway":"service","sidewalk":"unknown","lanes":0,"name":"청룡2길","oneway":false},"geometry":{"type":"LineString","coordinates":[[126.94547,37.48157],[126.94549,37.48137]]}},{"type":"Feature","properties":{"class":"alley","highway":"service","sidewalk":"unknown","lanes":0,"name":"남부순환로210길","oneway":false},"geometry":{"type":"LineString","coordinates":[[126.94535,37.48161],[126.94549,37.48187],[126.94552,37.48192]]}},{"type":"Feature","properties":{"class":"alley","highway":"service","sidewalk":"unknown","lanes":0,"name":"남부순환로","oneway":false},"geometry":{"type":"LineString","coordinates":[[126.94552,37.48192],[126.94553,37.48186],[126.94558,37.48158]]}},{"type":"Feature","properties":{"class":"alley","highway":"service","sidewalk":"unknown","lanes":0,"name":"남부순환로","oneway":false},"geometry":{"type":"LineString","coordinates":[[126.94524,37.48164],[126.94539,37.48188],[126.94542,37.48193]]}},{"type":"Feature","properties":{"class":"alley","highway":"service","sidewalk":"unknown","lanes":0,"name":"남부순환로","oneway":false},"geometry":{"type":"LineString","coordinates":[[126.94512,37.48168],[126.94527,37.48189],[126.94531,37.48194]]}},{"type":"Feature","properties":{"class":"alley","highway":"service","sidewalk":"unknown","lanes":0,"name":"남부순환로","oneway":false},"geometry":{"type":"LineString","coordinates":[[126.94501,37.48171],[126.94514,37.48191],[126.94517,37.48195]]}},{"type":"Feature","properties":{"class":"alley","highway":"service","sidewalk":"unknown","lanes":0,"name":"남부순환로","oneway":false},"geometry":{"type":"LineString","coordinates":[[126.94581,37.48189],[126.94579,37.48183],[126.94569,37.4816]]}},{"type":"Feature","properties":{"class":"alley","highway":"service","sidewalk":"unknown","lanes":0,"name":"청룡2길","oneway":false},"geometry":{"type":"LineString","coordinates":[[126.94529,37.48139],[126.9453,37.48147],[126.94503,37.48152]]}},{"type":"Feature","properties":{"class":"alley","highway":"service","sidewalk":"unknown","lanes":0,"name":"양녕로6길","oneway":false},"geometry":{"type":"LineString","coordinates":[[126.94896,37.48445],[126.94904,37.48449],[126.95031,37.48482],[126.9504,37.48489],[126.95097,37.48473],[126.95108,37.48479]]}},{"type":"Feature","properties":{"class":"alley","highway":"service","sidewalk":"unknown","lanes":0,"name":"중앙길","oneway":false},"geometry":{"type":"LineString","coordinates":[[126.95044,37.48555],[126.95013,37.48518]]}},{"type":"Feature","properties":{"class":"alley","highway":"service","sidewalk":"unknown","lanes":0,"name":"","oneway":false},"geometry":{"type":"LineString","coordinates":[[126.94397,37.48091],[126.94403,37.4809]]}},{"type":"Feature","properties":{"class":"minor","highway":"residential","sidewalk":"unknown","lanes":0,"name":"남부순환로206길","oneway":false},"geometry":{"type":"LineString","coordinates":[[126.94197,37.48229],[126.94196,37.48226],[126.94181,37.48175]]}},{"type":"Feature","properties":{"class":"major","highway":"secondary","sidewalk":"likely","lanes":6,"name":"봉천로","oneway":false},"geometry":{"type":"LineString","coordinates":[[126.95314,37.48204],[126.95393,37.48175],[126.95398,37.48173],[126.95406,37.48169],[126.95448,37.4815],[126.95508,37.48115],[126.95538,37.48097],[126.95547,37.48092],[126.95553,37.48088],[126.95559,37.48082],[126.95564,37.48076],[126.95568,37.4807],[126.95571,37.48062],[126.95573,37.48055],[126.95573,37.48051],[126.95576,37.4803],[126.95578,37.48016]]}},{"type":"Feature","properties":{"class":"alley","highway":"service","sidewalk":"unknown","lanes":0,"name":"봉천로","oneway":false},"geometry":{"type":"LineString","coordinates":[[126.95256,37.48217],[126.9526,37.48229],[126.9526,37.48231],[126.95287,37.48263],[126.95329,37.48315],[126.95365,37.48336],[126.95401,37.48351]]}},{"type":"Feature","properties":{"class":"minor","highway":"residential","sidewalk":"unknown","lanes":0,"name":"봉천로","oneway":true},"geometry":{"type":"LineString","coordinates":[[126.9526,37.48231],[126.9523,37.48235],[126.95185,37.48241],[126.95073,37.48255],[126.94931,37.4827],[126.94847,37.48278],[126.94818,37.48281],[126.94792,37.48282],[126.94667,37.48296],[126.94652,37.48309]]}},{"type":"Feature","properties":{"class":"major","highway":"primary","sidewalk":"likely","lanes":0,"name":"봉천로","oneway":false},"geometry":{"type":"LineString","coordinates":[[126.95256,37.48217],[126.95295,37.48208],[126.95314,37.48204]]}},{"type":"Feature","properties":{"class":"alley","highway":"pedestrian","sidewalk":"unknown","lanes":0,"name":"","oneway":false},"geometry":{"type":"LineString","coordinates":[[126.94383,37.481],[126.94382,37.48096],[126.94397,37.48094],[126.94398,37.48098],[126.94383,37.481]]}},{"type":"Feature","properties":{"class":"alley","highway":"pedestrian","sidewalk":"unknown","lanes":0,"name":"","oneway":false},"geometry":{"type":"LineString","coordinates":[[126.94352,37.48014],[126.94351,37.4801],[126.94358,37.4801],[126.94358,37.48014],[126.94352,37.48014]]}},{"type":"Feature","properties":{"class":"alley","highway":"service","sidewalk":"unknown","lanes":0,"name":"","oneway":false},"geometry":{"type":"LineString","coordinates":[[126.9439,37.48043],[126.94394,37.48042]]}},{"type":"Feature","properties":{"class":"alley","highway":"service","sidewalk":"unknown","lanes":0,"name":"국회단지길","oneway":false},"geometry":{"type":"LineString","coordinates":[[126.94179,37.49103],[126.94251,37.4909]]}},{"type":"Feature","properties":{"class":"alley","highway":"service","sidewalk":"unknown","lanes":0,"name":"국회단지11길","oneway":false},"geometry":{"type":"LineString","coordinates":[[126.94095,37.48914],[126.94086,37.48887]]}},{"type":"Feature","properties":{"class":"alley","highway":"service","sidewalk":"unknown","lanes":0,"name":"국회단지13길","oneway":false},"geometry":{"type":"LineString","coordinates":[[126.94104,37.48943],[126.94095,37.48914]]}},{"type":"Feature","properties":{"class":"alley","highway":"service","sidewalk":"unknown","lanes":0,"name":"국회단지15길","oneway":false},"geometry":{"type":"LineString","coordinates":[[126.94113,37.4897],[126.94104,37.48943]]}},{"type":"Feature","properties":{"class":"alley","highway":"service","sidewalk":"unknown","lanes":0,"name":"국회단지17길","oneway":false},"geometry":{"type":"LineString","coordinates":[[126.94122,37.48998],[126.94113,37.4897]]}},{"type":"Feature","properties":{"class":"alley","highway":"service","sidewalk":"unknown","lanes":0,"name":"국회단지19길","oneway":false},"geometry":{"type":"LineString","coordinates":[[126.94131,37.49025],[126.94122,37.48998]]}},{"type":"Feature","properties":{"class":"alley","highway":"service","sidewalk":"unknown","lanes":0,"name":"국회단지23길","oneway":false},"geometry":{"type":"LineString","coordinates":[[126.9415,37.4908],[126.94141,37.49053]]}},{"type":"Feature","properties":{"class":"alley","highway":"service","sidewalk":"unknown","lanes":0,"name":"국회단지25길","oneway":false},"geometry":{"type":"LineString","coordinates":[[126.94044,37.49103],[126.94055,37.49082],[126.94057,37.49074],[126.94061,37.49069],[126.9406,37.49056],[126.94053,37.4904]]}},{"type":"Feature","properties":{"class":"alley","highway":"service","sidewalk":"unknown","lanes":0,"name":"국회단지7길","oneway":false},"geometry":{"type":"LineString","coordinates":[[126.94074,37.48851],[126.94064,37.48824],[126.94062,37.48814]]}},{"type":"Feature","properties":{"class":"alley","highway":"service","sidewalk":"unknown","lanes":0,"name":"국회단지9길","oneway":false},"geometry":{"type":"LineString","coordinates":[[126.94086,37.48887],[126.94074,37.48851]]}},{"type":"Feature","properties":{"class":"alley","highway":"service","sidewalk":"unknown","lanes":0,"name":"국회단지10길","oneway":false},"geometry":{"type":"LineString","coordinates":[[126.94274,37.48847],[126.94263,37.48811]]}},{"type":"Feature","properties":{"class":"alley","highway":"service","sidewalk":"unknown","lanes":0,"name":"국회단지10길","oneway":false},"geometry":{"type":"LineString","coordinates":[[126.94284,37.48876],[126.94274,37.48847]]}},{"type":"Feature","properties":{"class":"alley","highway":"service","sidewalk":"unknown","lanes":0,"name":"국회단지12길","oneway":false},"geometry":{"type":"LineString","coordinates":[[126.94292,37.48902],[126.94284,37.48876]]}},{"type":"Feature","properties":{"class":"alley","highway":"service","sidewalk":"unknown","lanes":0,"name":"국회단지14길","oneway":false},"geometry":{"type":"LineString","coordinates":[[126.94301,37.4893],[126.94292,37.48902]]}},{"type":"Feature","properties":{"class":"alley","highway":"service","sidewalk":"unknown","lanes":0,"name":"","oneway":false},"geometry":{"type":"LineString","coordinates":[[126.95335,37.48938],[126.95364,37.48973],[126.95365,37.48983],[126.95367,37.48999]]}},{"type":"Feature","properties":{"class":"alley","highway":"service","sidewalk":"unknown","lanes":0,"name":"은천로21길","oneway":false},"geometry":{"type":"LineString","coordinates":[[126.9476,37.48814],[126.94763,37.4882],[126.94769,37.48821],[126.94807,37.48825]]}},{"type":"Feature","properties":{"class":"alley","highway":"service","sidewalk":"unknown","lanes":0,"name":"양녕로2가길","oneway":false},"geometry":{"type":"LineString","coordinates":[[126.94719,37.4836],[126.94757,37.48358]]}},{"type":"Feature","properties":{"class":"alley","highway":"service","sidewalk":"unknown","lanes":0,"name":"봉천로45길","oneway":false},"geometry":{"type":"LineString","coordinates":[[126.94886,37.48375],[126.94948,37.48371]]}},{"type":"Feature","properties":{"class":"alley","highway":"service","sidewalk":"unknown","lanes":0,"name":"","oneway":false},"geometry":{"type":"LineString","coordinates":[[126.94821,37.48301],[126.94823,37.48327]]}},{"type":"Feature","properties":{"class":"alley","highway":"service","sidewalk":"unknown","lanes":0,"name":"봉천로49길","oneway":false},"geometry":{"type":"LineString","coordinates":[[126.95203,37.48324],[126.95295,37.48313]]}},{"type":"Feature","properties":{"class":"alley","highway":"service","sidewalk":"unknown","lanes":0,"name":"은천로15길","oneway":false},"geometry":{"type":"LineString","coordinates":[[126.94434,37.48675],[126.94417,37.48713],[126.94413,37.48717],[126.94409,37.48726],[126.94408,37.4874],[126.94407,37.48763],[126.94406,37.4877]]}},{"type":"Feature","properties":{"class":"alley","highway":"service","sidewalk":"unknown","lanes":0,"name":"양녕로6나길","oneway":false},"geometry":{"type":"LineString","coordinates":[[126.95013,37.48518],[126.94968,37.48549]]}},{"type":"Feature","properties":{"class":"alley","highway":"service","sidewalk":"unknown","lanes":0,"name":"양녕로16길","oneway":false},"geometry":{"type":"LineString","coordinates":[[126.94575,37.48968],[126.9459,37.48975],[126.94596,37.4898],[126.94599,37.4899],[126.94604,37.49],[126.94611,37.49008]]}},{"type":"Feature","properties":{"class":"alley","highway":"service","sidewalk":"unknown","lanes":0,"name":"국회단지18길","oneway":false},"geometry":{"type":"LineString","coordinates":[[126.94318,37.48986],[126.9431,37.48958]]}},{"type":"Feature","properties":{"class":"alley","highway":"service","sidewalk":"unknown","lanes":0,"name":"국회단지16길","oneway":false},"geometry":{"type":"LineString","coordinates":[[126.9431,37.48958],[126.94301,37.4893]]}},{"type":"Feature","properties":{"class":"alley","highway":"service","sidewalk":"unknown","lanes":0,"name":"","oneway":false},"geometry":{"type":"LineString","coordinates":[[126.94454,37.4968],[126.94494,37.49668]]}},{"type":"Feature","properties":{"class":"alley","highway":"service","sidewalk":"unknown","lanes":0,"name":"","oneway":false},"geometry":{"type":"LineString","coordinates":[[126.95218,37.48679],[126.952,37.48681],[126.95162,37.48685],[126.95164,37.48699],[126.95168,37.48737],[126.95131,37.48741],[126.95122,37.48742],[126.95118,37.48743],[126.95084,37.48748]]}},{"type":"Feature","properties":{"class":"alley","highway":"service","sidewalk":"unknown","lanes":0,"name":"","oneway":false},"geometry":{"type":"LineString","coordinates":[[126.952,37.48681],[126.95197,37.48699]]}},{"type":"Feature","properties":{"class":"alley","highway":"service","sidewalk":"unknown","lanes":0,"name":"","oneway":false},"geometry":{"type":"LineString","coordinates":[[126.95027,37.48867],[126.94985,37.48901]]}},{"type":"Feature","properties":{"class":"alley","highway":"service","sidewalk":"unknown","lanes":0,"name":"","oneway":false},"geometry":{"type":"LineString","coordinates":[[126.9497,37.49018],[126.94957,37.48994],[126.94955,37.48995],[126.94898,37.49014]]}},{"type":"Feature","properties":{"class":"alley","highway":"service","sidewalk":"unknown","lanes":0,"name":"은천로","oneway":false},"geometry":{"type":"LineString","coordinates":[[126.95103,37.48647],[126.95104,37.48679],[126.95101,37.48688]]}},{"type":"Feature","properties":{"class":"alley","highway":"service","sidewalk":"unknown","lanes":0,"name":"","oneway":false},"geometry":{"type":"LineString","coordinates":[[126.94984,37.48739],[126.94986,37.48723],[126.94987,37.48716],[126.94988,37.48705]]}},{"type":"Feature","properties":{"class":"alley","highway":"service","sidewalk":"unknown","lanes":0,"name":"","oneway":false},"geometry":{"type":"LineString","coordinates":[[126.94986,37.48723],[126.94973,37.48709],[126.9497,37.48701]]}},{"type":"Feature","properties":{"class":"alley","highway":"service","sidewalk":"unknown","lanes":0,"name":"","oneway":false},"geometry":{"type":"LineString","coordinates":[[126.9501,37.48712],[126.95015,37.48712],[126.95058,37.48741]]}},{"type":"Feature","properties":{"class":"alley","highway":"service","sidewalk":"unknown","lanes":0,"name":"","oneway":false},"geometry":{"type":"LineString","coordinates":[[126.95164,37.48699],[126.95137,37.48701]]}},{"type":"Feature","properties":{"class":"alley","highway":"service","sidewalk":"unknown","lanes":0,"name":"","oneway":false},"geometry":{"type":"LineString","coordinates":[[126.95008,37.48843],[126.95007,37.48846],[126.95004,37.48849],[126.95001,37.48851],[126.94998,37.48852],[126.94994,37.48851],[126.9499,37.4885],[126.94987,37.48849],[126.94985,37.48846],[126.94984,37.48843],[126.94985,37.4884],[126.94986,37.48837],[126.94989,37.48835],[126.94992,37.48834],[126.94996,37.48833],[126.95,37.48834],[126.95003,37.48835],[126.95006,37.48837],[126.95007,37.4884],[126.95008,37.48843]]}},{"type":"Feature","properties":{"class":"alley","highway":"service","sidewalk":"unknown","lanes":0,"name":"","oneway":false},"geometry":{"type":"LineString","coordinates":[[126.95011,37.48856],[126.94994,37.48851]]}},{"type":"Feature","properties":{"class":"alley","highway":"service","sidewalk":"unknown","lanes":0,"name":"","oneway":false},"geometry":{"type":"LineString","coordinates":[[126.94987,37.48849],[126.94982,37.48845]]}},{"type":"Feature","properties":{"class":"alley","highway":"service","sidewalk":"unknown","lanes":0,"name":"","oneway":false},"geometry":{"type":"LineString","coordinates":[[126.95139,37.489],[126.95129,37.48894],[126.95102,37.48879],[126.95167,37.48806]]}},{"type":"Feature","properties":{"class":"alley","highway":"service","sidewalk":"unknown","lanes":0,"name":"","oneway":false},"geometry":{"type":"LineString","coordinates":[[126.94911,37.48723],[126.94941,37.48715],[126.94942,37.48716],[126.94953,37.48714]]}},{"type":"Feature","properties":{"class":"alley","highway":"service","sidewalk":"unknown","lanes":0,"name":"","oneway":false},"geometry":{"type":"LineString","coordinates":[[126.95101,37.48688],[126.95086,37.4869],[126.95086,37.48697]]}},{"type":"Feature","properties":{"class":"alley","highway":"service","sidewalk":"unknown","lanes":0,"name":"","oneway":false},"geometry":{"type":"LineString","coordinates":[[126.95059,37.48766],[126.95121,37.48758],[126.95174,37.48752]]}},{"type":"Feature","properties":{"class":"alley","highway":"service","sidewalk":"unknown","lanes":0,"name":"","oneway":false},"geometry":{"type":"LineString","coordinates":[[126.95121,37.48758],[126.95118,37.48743]]}},{"type":"Feature","properties":{"class":"alley","highway":"service","sidewalk":"unknown","lanes":0,"name":"","oneway":false},"geometry":{"type":"LineString","coordinates":[[126.94451,37.4959],[126.94413,37.49603]]}},{"type":"Feature","properties":{"class":"alley","highway":"service","sidewalk":"unknown","lanes":0,"name":"","oneway":false},"geometry":{"type":"LineString","coordinates":[[126.95173,37.49041],[126.95163,37.49031],[126.95217,37.48989],[126.95224,37.48983]]}},{"type":"Feature","properties":{"class":"alley","highway":"service","sidewalk":"unknown","lanes":0,"name":"","oneway":false},"geometry":{"type":"LineString","coordinates":[[126.95071,37.49066],[126.95203,37.48981],[126.95212,37.48975]]}},{"type":"Feature","properties":{"class":"alley","highway":"service","sidewalk":"unknown","lanes":0,"name":"","oneway":false},"geometry":{"type":"LineString","coordinates":[[126.95071,37.49066],[126.94939,37.49121]]}},{"type":"Feature","properties":{"class":"minor","highway":"residential","sidewalk":"unknown","lanes":0,"name":"은천로33길","oneway":false},"geometry":{"type":"LineString","coordinates":[[126.95228,37.48827],[126.95262,37.48852],[126.95281,37.48875],[126.95287,37.48893],[126.95293,37.48913],[126.95337,37.48964],[126.95346,37.48983],[126.9535,37.4899]]}},{"type":"Feature","properties":{"class":"minor","highway":"residential","sidewalk":"unknown","lanes":0,"name":"","oneway":false},"geometry":{"type":"LineString","coordinates":[[126.95952,37.48741],[126.95945,37.48739],[126.95941,37.48738],[126.9594,37.48733],[126.95939,37.48728],[126.95938,37.48725],[126.95936,37.48723],[126.95934,37.48721],[126.95932,37.48721],[126.95928,37.4872],[126.95922,37.48719],[126.95916,37.48717],[126.95903,37.48713],[126.95883,37.48705],[126.95859,37.48698],[126.95845,37.48693]]}},{"type":"Feature","properties":{"class":"alley","highway":"service","sidewalk":"unknown","lanes":0,"name":"","oneway":false},"geometry":{"type":"LineString","coordinates":[[126.95935,37.49291],[126.95937,37.49289],[126.95947,37.49285],[126.95953,37.49281],[126.95958,37.49276],[126.9596,37.49271],[126.95958,37.49267],[126.95953,37.49263],[126.95944,37.4926],[126.95932,37.49261],[126.9592,37.49265],[126.95912,37.49271],[126.95908,37.49277],[126.95905,37.49283],[126.95904,37.49287],[126.95906,37.49291],[126.95909,37.49295],[126.95912,37.49297],[126.95918,37.49298],[126.95921,37.49297],[126.95927,37.49294],[126.95932,37.49292],[126.95935,37.49291],[126.95937,37.49295],[126.95939,37.49296],[126.95941,37.49296],[126.95944,37.49295],[126.95948,37.49294],[126.95987,37.49269]]}},{"type":"Feature","properties":{"class":"alley","highway":"service","sidewalk":"unknown","lanes":0,"name":"","oneway":false},"geometry":{"type":"LineString","coordinates":[[126.95992,37.49283],[126.96072,37.49265],[126.96073,37.49263],[126.96073,37.49261],[126.96073,37.49259],[126.96067,37.49243],[126.96063,37.49241],[126.9606,37.49242],[126.95987,37.49269]]}},{"type":"Feature","properties":{"class":"alley","highway":"service","sidewalk":"unknown","lanes":0,"name":"","oneway":false},"geometry":{"type":"LineString","coordinates":[[126.9601,37.49336],[126.95987,37.49337],[126.95968,37.49338],[126.95964,37.49337],[126.95961,37.49335],[126.95958,37.49332],[126.95956,37.49328],[126.95957,37.49325],[126.95959,37.49324],[126.95978,37.49315],[126.95979,37.49315],[126.9598,37.49314],[126.95981,37.49314],[126.95982,37.49315],[126.95987,37.49337]]}},{"type":"Feature","properties":{"class":"alley","highway":"service","sidewalk":"unknown","lanes":0,"name":"","oneway":false},"geometry":{"type":"LineString","coordinates":[[126.95999,37.48892],[126.96004,37.48892],[126.96006,37.48892],[126.96007,37.48891],[126.96008,37.48888],[126.96018,37.4881],[126.96018,37.48802],[126.96018,37.48796],[126.96019,37.48788],[126.96019,37.4878],[126.96021,37.48764],[126.96022,37.48759],[126.96022,37.48752],[126.96023,37.48743],[126.96024,37.48734],[126.96026,37.48725],[126.9603,37.48717],[126.9604,37.48715],[126.96047,37.4871],[126.96085,37.48686],[126.96094,37.48678],[126.961,37.48671],[126.96104,37.48663],[126.96104,37.4865],[126.96109,37.48609],[126.96113,37.48602],[126.96119,37.48597],[126.96122,37.48536]]}},{"type":"Feature","properties":{"class":"alley","highway":"service","sidewalk":"unknown","lanes":0,"name":"","oneway":false},"geometry":{"type":"LineString","coordinates":[[126.95761,37.48518],[126.95761,37.48527],[126.9576,37.48541],[126.9576,37.48548],[126.95759,37.48557],[126.95761,37.4856],[126.95763,37.48562],[126.95765,37.48564],[126.9577,37.48566],[126.95797,37.48569],[126.95801,37.4857],[126.95803,37.48573],[126.958,37.48585],[126.958,37.48588],[126.95802,37.48592],[126.95806,37.48595],[126.95819,37.48603],[126.95821,37.48606],[126.95821,37.48612],[126.95821,37.48642]]}},{"type":"Feature","properties":{"class":"alley","highway":"service","sidewalk":"unknown","lanes":0,"name":"","oneway":false},"geometry":{"type":"LineString","coordinates":[[126.95829,37.4812],[126.95848,37.48112],[126.95891,37.48092]]}},{"type":"Feature","properties":{"class":"alley","highway":"service","sidewalk":"unknown","lanes":0,"name":"","oneway":false},"geometry":{"type":"LineString","coordinates":[[126.95971,37.48077],[126.95977,37.48056],[126.95978,37.48048],[126.95977,37.48032]]}},{"type":"Feature","properties":{"class":"major","highway":"primary","sidewalk":"likely","lanes":7,"name":"관악로","oneway":false},"geometry":{"type":"LineString","coordinates":[[126.95689,37.48645],[126.95707,37.48666],[126.95709,37.48669],[126.95762,37.48733],[126.95783,37.48761],[126.95787,37.48766],[126.95794,37.4878],[126.95798,37.48794],[126.95799,37.4881],[126.95799,37.48822],[126.95795,37.48847],[126.95791,37.4886],[126.95777,37.48884],[126.95767,37.48899],[126.95761,37.48909],[126.95751,37.48923],[126.95744,37.48933],[126.95725,37.48961],[126.95708,37.48988],[126.95681,37.49031],[126.95659,37.49063],[126.95654,37.4907]]}},{"type":"Feature","properties":{"class":"major","highway":"primary","sidewalk":"likely","lanes":0,"name":"관악로","oneway":false},"geometry":{"type":"LineString","coordinates":[[126.95654,37.4907],[126.95643,37.49088],[126.95641,37.49093]]}},{"type":"Feature","properties":{"class":"minor","highway":"residential","sidewalk":"no","lanes":2,"name":"중앙길","oneway":false},"geometry":{"type":"LineString","coordinates":[[126.9543,37.48339],[126.95401,37.48351]]}},{"type":"Feature","properties":{"class":"major","highway":"primary","sidewalk":"likely","lanes":8,"name":"관악로","oneway":false},"geometry":{"type":"LineString","coordinates":[[126.95291,37.48169],[126.95301,37.48185],[126.95314,37.48203],[126.95314,37.48204],[126.95413,37.48318],[126.95422,37.4833],[126.9543,37.48339]]}},{"type":"Feature","properties":{"class":"alley","highway":"service","sidewalk":"unknown","lanes":0,"name":"","oneway":false},"geometry":{"type":"LineString","coordinates":[[126.94747,37.48542],[126.9477,37.48539],[126.94811,37.48536],[126.94814,37.48534]]}},{"type":"Feature","properties":{"class":"alley","highway":"service","sidewalk":"unknown","lanes":0,"name":"","oneway":false},"geometry":{"type":"LineString","coordinates":[[126.94896,37.48617],[126.94854,37.48568],[126.94814,37.48534],[126.94812,37.48532],[126.94796,37.48512],[126.94795,37.48509]]}},{"type":"Feature","properties":{"class":"alley","highway":"service","sidewalk":"unknown","lanes":0,"name":"양녕로26길","oneway":false},"geometry":{"type":"LineString","coordinates":[[126.94291,37.49461],[126.94343,37.4955],[126.94348,37.49551]]}},{"type":"Feature","properties":{"class":"minor","highway":"residential","sidewalk":"unknown","lanes":0,"name":"","oneway":false},"geometry":{"type":"LineString","coordinates":[[126.94285,37.4946],[126.94291,37.49461]]}},{"type":"Feature","properties":{"class":"alley","highway":"service","sidewalk":"unknown","lanes":0,"name":"","oneway":false},"geometry":{"type":"LineString","coordinates":[[126.94268,37.49026],[126.94282,37.49067]]}},{"type":"Feature","properties":{"class":"minor","highway":"residential","sidewalk":"unknown","lanes":0,"name":"","oneway":false},"geometry":{"type":"LineString","coordinates":[[126.95218,37.48816],[126.95228,37.48827]]}},{"type":"Feature","properties":{"class":"minor","highway":"residential","sidewalk":"unknown","lanes":0,"name":"","oneway":false},"geometry":{"type":"LineString","coordinates":[[126.9535,37.4899],[126.95352,37.48999]]}},{"type":"Feature","properties":{"class":"alley","highway":"service","sidewalk":"unknown","lanes":0,"name":"","oneway":false},"geometry":{"type":"LineString","coordinates":[[126.94548,37.48809],[126.94549,37.48792],[126.9455,37.48788],[126.94552,37.48785],[126.94555,37.48782],[126.94559,37.48781],[126.94563,37.4878],[126.94567,37.4878],[126.94572,37.48781],[126.94575,37.48783],[126.94578,37.48786],[126.9458,37.48789],[126.9458,37.48793],[126.94579,37.48797],[126.94577,37.488],[126.94573,37.48803],[126.94569,37.48804],[126.94564,37.48805]]}},{"type":"Feature","properties":{"class":"alley","highway":"service","sidewalk":"unknown","lanes":0,"name":"","oneway":false},"geometry":{"type":"LineString","coordinates":[[126.93999,37.49633],[126.94,37.49636],[126.94001,37.49637],[126.94004,37.49639],[126.94008,37.49639],[126.94032,37.49634],[126.94039,37.4964]]}},{"type":"Feature","properties":{"class":"alley","highway":"service","sidewalk":"unknown","lanes":0,"name":"","oneway":false},"geometry":{"type":"LineString","coordinates":[[126.93991,37.48908],[126.94,37.48937],[126.94009,37.48962],[126.94017,37.48989]]}},{"type":"Feature","properties":{"class":"alley","highway":"service","sidewalk":"unknown","lanes":0,"name":"","oneway":false},"geometry":{"type":"LineString","coordinates":[[126.94197,37.48784],[126.94172,37.48712]]}},{"type":"Feature","properties":{"class":"alley","highway":"service","sidewalk":"unknown","lanes":0,"name":"","oneway":false},"geometry":{"type":"LineString","coordinates":[[126.94114,37.48802],[126.941,37.4876],[126.94095,37.48756]]}},{"type":"Feature","properties":{"class":"alley","highway":"service","sidewalk":"unknown","lanes":0,"name":"","oneway":false},"geometry":{"type":"LineString","coordinates":[[126.94407,37.48763],[126.94331,37.48757]]}},{"type":"Feature","properties":{"class":"alley","highway":"service","sidewalk":"unknown","lanes":0,"name":"","oneway":false},"geometry":{"type":"LineString","coordinates":[[126.94408,37.4874],[126.94326,37.48735]]}},{"type":"Feature","properties":{"class":"alley","highway":"service","sidewalk":"unknown","lanes":0,"name":"","oneway":false},"geometry":{"type":"LineString","coordinates":[[126.94126,37.48689],[126.94143,37.48687]]}},{"type":"Feature","properties":{"class":"alley","highway":"service","sidewalk":"unknown","lanes":0,"name":"국회단지4길","oneway":false},"geometry":{"type":"LineString","coordinates":[[126.94136,37.48719],[126.94172,37.48712],[126.94199,37.48707],[126.9421,37.4871],[126.94244,37.48716]]}},{"type":"Feature","properties":{"class":"minor","highway":"residential","sidewalk":"unknown","lanes":0,"name":"상도로50길","oneway":false},"geometry":{"type":"LineString","coordinates":[[126.949,37.49225],[126.94905,37.49233],[126.94925,37.49269],[126.94938,37.49298],[126.94951,37.49331]]}},{"type":"Feature","properties":{"class":"minor","highway":"residential","sidewalk":"unknown","lanes":0,"name":"상도로50길","oneway":false},"geometry":{"type":"LineString","coordinates":[[126.94951,37.49331],[126.94954,37.49338],[126.94957,37.49343]]}},{"type":"Feature","properties":{"class":"alley","highway":"service","sidewalk":"unknown","lanes":0,"name":"","oneway":false},"geometry":{"type":"LineString","coordinates":[[126.95132,37.49711],[126.95135,37.49703],[126.95149,37.49663],[126.95149,37.4966],[126.95112,37.49562],[126.95113,37.49557],[126.95118,37.49553],[126.95161,37.49542],[126.95165,37.49538],[126.9517,37.49517],[126.95171,37.49513],[126.95169,37.49509],[126.95157,37.49499],[126.95154,37.49497],[126.95149,37.49497],[126.95088,37.49512],[126.95049,37.49522],[126.95018,37.49526],[126.94991,37.49532],[126.94976,37.49539],[126.94935,37.49548],[126.94926,37.49549]]}},{"type":"Feature","properties":{"class":"alley","highway":"service","sidewalk":"unknown","lanes":0,"name":"","oneway":false},"geometry":{"type":"LineString","coordinates":[[126.95151,37.49483],[126.95154,37.49491],[126.95154,37.49497]]}},{"type":"Feature","properties":{"class":"alley","highway":"service","sidewalk":"unknown","lanes":0,"name":"","oneway":false},"geometry":{"type":"LineString","coordinates":[[126.94488,37.48689],[126.94493,37.48678],[126.94495,37.48652]]}},{"type":"Feature","properties":{"class":"alley","highway":"service","sidewalk":"unknown","lanes":0,"name":"봉천로27길","oneway":false},"geometry":{"type":"LineString","coordinates":[[126.94184,37.48604],[126.94191,37.48602],[126.94195,37.48599],[126.94214,37.48553]]}},{"type":"Feature","properties":{"class":"minor","highway":"residential","sidewalk":"unknown","lanes":0,"name":"","oneway":false},"geometry":{"type":"LineString","coordinates":[[126.94184,37.48604],[126.94182,37.48612]]}},{"type":"Feature","properties":{"class":"alley","highway":"service","sidewalk":"unknown","lanes":0,"name":"","oneway":false},"geometry":{"type":"LineString","coordinates":[[126.94691,37.4856],[126.94672,37.48561],[126.94666,37.48568]]}},{"type":"Feature","properties":{"class":"alley","highway":"service","sidewalk":"unknown","lanes":0,"name":"","oneway":false},"geometry":{"type":"LineString","coordinates":[[126.94688,37.48544],[126.94669,37.48546],[126.94644,37.48534]]}},{"type":"Feature","properties":{"class":"alley","highway":"service","sidewalk":"unknown","lanes":0,"name":"","oneway":false},"geometry":{"type":"LineString","coordinates":[[126.94309,37.48334],[126.9431,37.48331],[126.94309,37.48327],[126.94307,37.48315]]}},{"type":"Feature","properties":{"class":"minor","highway":"residential","sidewalk":"unknown","lanes":0,"name":"","oneway":false},"geometry":{"type":"LineString","coordinates":[[126.94262,37.48389],[126.94231,37.48392],[126.94219,37.48393]]}},{"type":"Feature","properties":{"class":"alley","highway":"service","sidewalk":"unknown","lanes":0,"name":"","oneway":false},"geometry":{"type":"LineString","coordinates":[[126.94074,37.48688],[126.94097,37.48688]]}},{"type":"Feature","properties":{"class":"alley","highway":"service","sidewalk":"unknown","lanes":0,"name":"","oneway":false},"geometry":{"type":"LineString","coordinates":[[126.94083,37.48571],[126.94099,37.48537]]}},{"type":"Feature","properties":{"class":"alley","highway":"service","sidewalk":"unknown","lanes":0,"name":"은천로8길","oneway":false},"geometry":{"type":"LineString","coordinates":[[126.9399,37.48545],[126.94015,37.48487],[126.94014,37.48479]]}},{"type":"Feature","properties":{"class":"alley","highway":"service","sidewalk":"unknown","lanes":0,"name":"","oneway":false},"geometry":{"type":"LineString","coordinates":[[126.94003,37.48674],[126.94008,37.48703]]}},{"type":"Feature","properties":{"class":"alley","highway":"service","sidewalk":"unknown","lanes":0,"name":"","oneway":false},"geometry":{"type":"LineString","coordinates":[[126.94037,37.48672],[126.94045,37.48732]]}},{"type":"Feature","properties":{"class":"alley","highway":"service","sidewalk":"unknown","lanes":0,"name":"상도로60가길","oneway":false},"geometry":{"type":"LineString","coordinates":[[126.9542,37.49342],[126.95424,37.49343],[126.95428,37.49344],[126.95431,37.49343],[126.95434,37.49342],[126.95436,37.49341],[126.95462,37.49316]]}},{"type":"Feature","properties":{"class":"alley","highway":"service","sidewalk":"unknown","lanes":0,"name":"","oneway":false},"geometry":{"type":"LineString","coordinates":[[126.95373,37.49356],[126.95375,37.49369],[126.95376,37.49372],[126.95379,37.49403]]}},{"type":"Feature","properties":{"class":"alley","highway":"service","sidewalk":"unknown","lanes":0,"name":"","oneway":false},"geometry":{"type":"LineString","coordinates":[[126.95421,37.49339],[126.95415,37.49338],[126.95383,37.49333],[126.95389,37.49309],[126.9534,37.49302],[126.95334,37.49294],[126.95332,37.49282],[126.95338,37.49248]]}},{"type":"Feature","properties":{"class":"alley","highway":"service","sidewalk":"unknown","lanes":0,"name":"","oneway":false},"geometry":{"type":"LineString","coordinates":[[126.95422,37.49427],[126.95436,37.49426],[126.95452,37.49426],[126.9548,37.49431],[126.95501,37.49436],[126.95508,37.49439],[126.95515,37.49442]]}},{"type":"Feature","properties":{"class":"alley","highway":"service","sidewalk":"unknown","lanes":0,"name":"","oneway":false},"geometry":{"type":"LineString","coordinates":[[126.95424,37.49444],[126.95429,37.49443],[126.95446,37.49443],[126.95472,37.49447],[126.95496,37.49454],[126.95502,37.49458]]}},{"type":"Feature","properties":{"class":"alley","highway":"service","sidewalk":"unknown","lanes":0,"name":"봉천로33길","oneway":false},"geometry":{"type":"LineString","coordinates":[[126.94291,37.48381],[126.9429,37.4837],[126.94291,37.48363],[126.94294,37.48353],[126.94309,37.48334]]}},{"type":"Feature","properties":{"class":"alley","highway":"service","sidewalk":"unknown","lanes":0,"name":"","oneway":false},"geometry":{"type":"LineString","coordinates":[[126.94575,37.48441],[126.94576,37.48437],[126.94571,37.48404]]}},{"type":"Feature","properties":{"class":"alley","highway":"service","sidewalk":"unknown","lanes":0,"name":"","oneway":false},"geometry":{"type":"LineString","coordinates":[[126.94603,37.48383],[126.94663,37.48378]]}},{"type":"Feature","properties":{"class":"alley","highway":"service","sidewalk":"unknown","lanes":0,"name":"","oneway":false},"geometry":{"type":"LineString","coordinates":[[126.9452,37.48394],[126.94603,37.48385]]}},{"type":"Feature","properties":{"class":"alley","highway":"service","sidewalk":"unknown","lanes":0,"name":"","oneway":false},"geometry":{"type":"LineString","coordinates":[[126.9452,37.48394],[126.94484,37.48398]]}},{"type":"Feature","properties":{"class":"alley","highway":"service","sidewalk":"unknown","lanes":0,"name":"","oneway":false},"geometry":{"type":"LineString","coordinates":[[126.94482,37.48362],[126.94486,37.48385]]}},{"type":"Feature","properties":{"class":"alley","highway":"service","sidewalk":"unknown","lanes":0,"name":"","oneway":false},"geometry":{"type":"LineString","coordinates":[[126.94451,37.48364],[126.94455,37.48391]]}},{"type":"Feature","properties":{"class":"alley","highway":"service","sidewalk":"unknown","lanes":0,"name":"","oneway":false},"geometry":{"type":"LineString","coordinates":[[126.94375,37.48393],[126.94422,37.48388]]}},{"type":"Feature","properties":{"class":"alley","highway":"service","sidewalk":"unknown","lanes":0,"name":"","oneway":false},"geometry":{"type":"LineString","coordinates":[[126.94378,37.48409],[126.94404,37.48406]]}},{"type":"Feature","properties":{"class":"alley","highway":"service","sidewalk":"unknown","lanes":0,"name":"","oneway":false},"geometry":{"type":"LineString","coordinates":[[126.9444,37.48427],[126.9444,37.4842],[126.94438,37.48411]]}},{"type":"Feature","properties":{"class":"alley","highway":"service","sidewalk":"unknown","lanes":0,"name":"","oneway":false},"geometry":{"type":"LineString","coordinates":[[126.94406,37.48321],[126.9441,37.4834]]}},{"type":"Feature","properties":{"class":"alley","highway":"service","sidewalk":"unknown","lanes":0,"name":"","oneway":false},"geometry":{"type":"LineString","coordinates":[[126.95329,37.48315],[126.9532,37.48319]]}},{"type":"Feature","properties":{"class":"alley","highway":"service","sidewalk":"unknown","lanes":0,"name":"","oneway":false},"geometry":{"type":"LineString","coordinates":[[126.94896,37.48693],[126.94924,37.48685]]}},{"type":"Feature","properties":{"class":"alley","highway":"service","sidewalk":"unknown","lanes":0,"name":"","oneway":false},"geometry":{"type":"LineString","coordinates":[[126.94869,37.4882],[126.94885,37.48813],[126.94892,37.48815],[126.94949,37.48869]]}},{"type":"Feature","properties":{"class":"alley","highway":"service","sidewalk":"unknown","lanes":0,"name":"","oneway":false},"geometry":{"type":"LineString","coordinates":[[126.94909,37.48718],[126.94877,37.48728],[126.94845,37.48738],[126.94824,37.48745],[126.94819,37.48747]]}},{"type":"Feature","properties":{"class":"alley","highway":"service","sidewalk":"unknown","lanes":0,"name":"","oneway":false},"geometry":{"type":"LineString","coordinates":[[126.94829,37.48679],[126.94834,37.48705],[126.94841,37.4873],[126.94845,37.48738]]}},{"type":"Feature","properties":{"class":"alley","highway":"service","sidewalk":"unknown","lanes":0,"name":"","oneway":false},"geometry":{"type":"LineString","coordinates":[[126.94931,37.4876],[126.94912,37.48763]]}},{"type":"Feature","properties":{"class":"alley","highway":"service","sidewalk":"unknown","lanes":0,"name":"","oneway":false},"geometry":{"type":"LineString","coordinates":[[126.94877,37.48728],[126.9489,37.48755]]}},{"type":"Feature","properties":{"class":"alley","highway":"service","sidewalk":"unknown","lanes":0,"name":"","oneway":false},"geometry":{"type":"LineString","coordinates":[[126.94877,37.48728],[126.94869,37.48711]]}},{"type":"Feature","properties":{"class":"alley","highway":"service","sidewalk":"unknown","lanes":0,"name":"","oneway":false},"geometry":{"type":"LineString","coordinates":[[126.94763,37.48738],[126.94782,37.48731],[126.94797,37.48725]]}},{"type":"Feature","properties":{"class":"alley","highway":"service","sidewalk":"unknown","lanes":0,"name":"","oneway":false},"geometry":{"type":"LineString","coordinates":[[126.94782,37.48731],[126.94798,37.48756]]}},{"type":"Feature","properties":{"class":"alley","highway":"service","sidewalk":"unknown","lanes":0,"name":"","oneway":false},"geometry":{"type":"LineString","coordinates":[[126.9468,37.48732],[126.94721,37.48749],[126.94723,37.4875]]}},{"type":"Feature","properties":{"class":"alley","highway":"service","sidewalk":"unknown","lanes":0,"name":"","oneway":false},"geometry":{"type":"LineString","coordinates":[[126.94955,37.48796],[126.95001,37.48769],[126.95036,37.48791],[126.94989,37.4883],[126.94979,37.48835]]}},{"type":"Feature","properties":{"class":"alley","highway":"service","sidewalk":"unknown","lanes":0,"name":"은천로19길","oneway":false},"geometry":{"type":"LineString","coordinates":[[126.94733,37.48823],[126.94709,37.48821],[126.94705,37.4882],[126.94703,37.48817],[126.94703,37.48793],[126.9469,37.48788]]}},{"type":"Feature","properties":{"class":"alley","highway":"service","sidewalk":"unknown","lanes":0,"name":"","oneway":false},"geometry":{"type":"LineString","coordinates":[[126.95373,37.48568],[126.95269,37.48585],[126.95266,37.48588],[126.95265,37.48592],[126.95264,37.48622],[126.95266,37.48627]]}},{"type":"Feature","properties":{"class":"alley","highway":"service","sidewalk":"unknown","lanes":0,"name":"","oneway":false},"geometry":{"type":"LineString","coordinates":[[126.95593,37.48733],[126.95665,37.48766],[126.95684,37.48784],[126.95686,37.4879],[126.95688,37.48802],[126.95688,37.48809],[126.95688,37.48813],[126.95682,37.48822],[126.95656,37.48858]]}},{"type":"Feature","properties":{"class":"alley","highway":"service","sidewalk":"unknown","lanes":0,"name":"","oneway":false},"geometry":{"type":"LineString","coordinates":[[126.95623,37.48844],[126.95656,37.48858],[126.95667,37.48863],[126.95679,37.48865]]}},{"type":"Feature","properties":{"class":"alley","highway":"service","sidewalk":"unknown","lanes":0,"name":"","oneway":false},"geometry":{"type":"LineString","coordinates":[[126.95641,37.48904],[126.95658,37.48878]]}},{"type":"Feature","properties":{"class":"alley","highway":"service","sidewalk":"unknown","lanes":0,"name":"","oneway":false},"geometry":{"type":"LineString","coordinates":[[126.9569,37.48912],[126.9569,37.48921],[126.95665,37.48956]]}},{"type":"Feature","properties":{"class":"alley","highway":"service","sidewalk":"unknown","lanes":0,"name":"","oneway":false},"geometry":{"type":"LineString","coordinates":[[126.95681,37.48734],[126.95677,37.48733],[126.95657,37.48734]]}},{"type":"Feature","properties":{"class":"alley","highway":"service","sidewalk":"unknown","lanes":0,"name":"","oneway":false},"geometry":{"type":"LineString","coordinates":[[126.95579,37.48575],[126.95584,37.48584],[126.95624,37.48629]]}},{"type":"Feature","properties":{"class":"alley","highway":"service","sidewalk":"unknown","lanes":0,"name":"","oneway":false},"geometry":{"type":"LineString","coordinates":[[126.95553,37.48579],[126.95558,37.48598]]}},{"type":"Feature","properties":{"class":"alley","highway":"service","sidewalk":"unknown","lanes":0,"name":"","oneway":true},"geometry":{"type":"LineString","coordinates":[[126.95783,37.48761],[126.95767,37.48768],[126.95763,37.48768],[126.9571,37.487],[126.95692,37.48678],[126.95709,37.48669]]}},{"type":"Feature","properties":{"class":"alley","highway":"service","sidewalk":"unknown","lanes":0,"name":"","oneway":false},"geometry":{"type":"LineString","coordinates":[[126.9558,37.48664],[126.95585,37.48677],[126.95607,37.48697],[126.95608,37.48699]]}},{"type":"Feature","properties":{"class":"alley","highway":"service","sidewalk":"unknown","lanes":0,"name":"행운1라길","oneway":false},"geometry":{"type":"LineString","coordinates":[[126.95799,37.48184],[126.95809,37.48179],[126.95811,37.48177],[126.95823,37.48169],[126.95848,37.48153],[126.9586,37.4815],[126.95874,37.48147],[126.95899,37.48143],[126.95906,37.4814]]}},{"type":"Feature","properties":{"class":"alley","highway":"service","sidewalk":"unknown","lanes":0,"name":"","oneway":false},"geometry":{"type":"LineString","coordinates":[[126.94995,37.48715],[126.9501,37.48712]]}},{"type":"Feature","properties":{"class":"alley","highway":"service","sidewalk":"unknown","lanes":0,"name":"","oneway":false},"geometry":{"type":"LineString","coordinates":[[126.94987,37.48716],[126.94995,37.48715]]}},{"type":"Feature","properties":{"class":"alley","highway":"service","sidewalk":"unknown","lanes":0,"name":"","oneway":false},"geometry":{"type":"LineString","coordinates":[[126.95488,37.49003],[126.9549,37.49012],[126.95525,37.4903],[126.95528,37.49031]]}},{"type":"Feature","properties":{"class":"alley","highway":"service","sidewalk":"unknown","lanes":0,"name":"","oneway":false},"geometry":{"type":"LineString","coordinates":[[126.95108,37.49169],[126.95112,37.49177],[126.95116,37.49186],[126.9511,37.49194],[126.95072,37.49203],[126.95037,37.49211],[126.95014,37.49217],[126.95009,37.49221],[126.95011,37.49226]]}},{"type":"Feature","properties":{"class":"major","highway":"primary_link","sidewalk":"likely","lanes":0,"name":"","oneway":true},"geometry":{"type":"LineString","coordinates":[[126.95729,37.4864],[126.95725,37.48643],[126.95721,37.48646],[126.95714,37.48653],[126.95709,37.4866],[126.95707,37.48666]]}},{"type":"Feature","properties":{"class":"alley","highway":"service","sidewalk":"unknown","lanes":0,"name":"","oneway":false},"geometry":{"type":"LineString","coordinates":[[126.94581,37.49208],[126.94602,37.49216],[126.94611,37.49218],[126.94621,37.4922],[126.94642,37.49222],[126.94657,37.49221],[126.94667,37.49221]]}},{"type":"Feature","properties":{"class":"major","highway":"primary","sidewalk":"likely","lanes":8,"name":"관악로","oneway":false},"geometry":{"type":"LineString","coordinates":[[126.95255,37.48044],[126.9526,37.48082]]}},{"type":"Feature","properties":{"class":"major","highway":"primary","sidewalk":"likely","lanes":8,"name":"관악로","oneway":false},"geometry":{"type":"LineString","coordinates":[[126.95252,37.4802],[126.95255,37.48044]]}},{"type":"Feature","properties":{"class":"alley","highway":"service","sidewalk":"unknown","lanes":0,"name":"","oneway":false},"geometry":{"type":"LineString","coordinates":[[126.95899,37.49577],[126.95899,37.49574],[126.95891,37.49543],[126.95893,37.49536],[126.95894,37.49528],[126.95893,37.49518],[126.95893,37.49507],[126.95893,37.49499]]}},{"type":"Feature","properties":{"class":"minor","highway":"residential","sidewalk":"unknown","lanes":0,"name":"","oneway":false},"geometry":{"type":"LineString","coordinates":[[126.9588,37.49452],[126.95886,37.49476],[126.95893,37.49499]]}},{"type":"Feature","properties":{"class":"alley","highway":"pedestrian","sidewalk":"unknown","lanes":0,"name":"","oneway":false},"geometry":{"type":"LineString","coordinates":[[126.95457,37.49628],[126.95458,37.4965],[126.9546,37.49656],[126.95465,37.49663],[126.9547,37.49668],[126.95472,37.49669],[126.95476,37.49672],[126.95482,37.49674],[126.95488,37.49674],[126.95526,37.49674]]}},{"type":"Feature","properties":{"class":"alley","highway":"service","sidewalk":"unknown","lanes":0,"name":"","oneway":false},"geometry":{"type":"LineString","coordinates":[[126.95535,37.49672],[126.95532,37.49676],[126.95531,37.49679],[126.95532,37.49694],[126.95539,37.4977],[126.9554,37.49772],[126.95542,37.49774],[126.95552,37.49778],[126.95561,37.49777],[126.95568,37.49776],[126.95699,37.49772],[126.95701,37.49771]]}},{"type":"Feature","properties":{"class":"alley","highway":"service","sidewalk":"unknown","lanes":0,"name":"","oneway":false},"geometry":{"type":"LineString","coordinates":[[126.95721,37.4968],[126.95719,37.49675],[126.95719,37.49673],[126.95715,37.49669],[126.95711,37.49666],[126.95707,37.49664],[126.95697,37.49661],[126.95683,37.49662],[126.95568,37.4967],[126.95551,37.49671],[126.95542,37.49672],[126.95535,37.49672],[126.95528,37.49671],[126.9552,37.49669],[126.95506,37.49663],[126.95495,37.49657],[126.95492,37.49655],[126.95484,37.49649],[126.95476,37.49641],[126.9547,37.4963]]}},{"type":"Feature","properties":{"class":"alley","highway":"service","sidewalk":"unknown","lanes":0,"name":"","oneway":false},"geometry":{"type":"LineString","coordinates":[[126.95586,37.49384],[126.95598,37.49389],[126.95609,37.49393],[126.95631,37.49393],[126.95636,37.49402],[126.95637,37.49412],[126.95642,37.4944],[126.95645,37.49458],[126.95645,37.4946],[126.9565,37.49487],[126.9566,37.49524],[126.95663,37.49532]]}},{"type":"Feature","properties":{"class":"alley","highway":"service","sidewalk":"unknown","lanes":0,"name":"","oneway":false},"geometry":{"type":"LineString","coordinates":[[126.95721,37.4968],[126.9573,37.49743],[126.95701,37.49771]]}},{"type":"Feature","properties":{"class":"alley","highway":"pedestrian","sidewalk":"unknown","lanes":0,"name":"","oneway":false},"geometry":{"type":"LineString","coordinates":[[126.95446,37.49618],[126.95446,37.49621],[126.95446,37.49624],[126.95453,37.49624],[126.95454,37.49628],[126.95457,37.49628],[126.9546,37.49628],[126.95461,37.4963],[126.95466,37.4963],[126.9547,37.4963],[126.95473,37.4963],[126.95476,37.49635],[126.9548,37.49633],[126.95482,37.49629],[126.95484,37.49624],[126.95483,37.49621],[126.95465,37.49621],[126.95446,37.49618]]}},{"type":"Feature","properties":{"class":"alley","highway":"pedestrian","sidewalk":"unknown","lanes":0,"name":"","oneway":false},"geometry":{"type":"LineString","coordinates":[[126.95597,37.49593],[126.95598,37.49598],[126.95599,37.49599],[126.95602,37.49601],[126.95604,37.49601],[126.95606,37.49601],[126.95609,37.49602],[126.9561,37.49605],[126.95609,37.49608],[126.95626,37.49613],[126.95627,37.49611],[126.95628,37.4961],[126.95632,37.49608],[126.95636,37.49608],[126.95641,37.49608],[126.95652,37.49607],[126.95651,37.49603],[126.95649,37.49598],[126.95662,37.49596],[126.95658,37.4959],[126.95668,37.4958],[126.95666,37.49573],[126.95663,37.49574],[126.95656,37.49577],[126.95646,37.49578],[126.95647,37.49581],[126.95648,37.49584],[126.95597,37.49593]]}},{"type":"Feature","properties":{"class":"alley","highway":"service","sidewalk":"unknown","lanes":0,"name":"","oneway":false},"geometry":{"type":"LineString","coordinates":[[126.95719,37.49675],[126.95802,37.49667],[126.95789,37.49609],[126.95814,37.49539],[126.95825,37.4953],[126.95873,37.49523],[126.95894,37.49528]]}},{"type":"Feature","properties":{"class":"alley","highway":"service","sidewalk":"unknown","lanes":0,"name":"","oneway":false},"geometry":{"type":"LineString","coordinates":[[126.95688,37.49618],[126.95789,37.49609],[126.95804,37.49599],[126.95816,37.49591],[126.95826,37.49587],[126.95835,37.49585],[126.95876,37.4958],[126.95899,37.49577],[126.95943,37.49572],[126.9596,37.4957],[126.96024,37.49563],[126.96033,37.4956],[126.9608,37.49545],[126.96084,37.49544],[126.96087,37.49543],[126.96119,37.49525]]}},{"type":"Feature","properties":{"class":"alley","highway":"pedestrian","sidewalk":"unknown","lanes":0,"name":"","oneway":false},"geometry":{"type":"LineString","coordinates":[[126.95787,37.4959],[126.95744,37.49584],[126.95734,37.49586],[126.95733,37.49583],[126.95727,37.49582],[126.95728,37.49576],[126.95725,37.49562],[126.95709,37.49564],[126.9571,37.49571],[126.95712,37.49572],[126.95711,37.49576],[126.95713,37.49581],[126.95696,37.49584],[126.95697,37.49587],[126.95698,37.49592],[126.95707,37.49593],[126.95703,37.49613],[126.95722,37.49611],[126.95725,37.49595],[126.95784,37.49603],[126.95787,37.4959]]}},{"type":"Feature","properties":{"class":"alley","highway":"pedestrian","sidewalk":"unknown","lanes":0,"name":"","oneway":false},"geometry":{"type":"LineString","coordinates":[[126.95751,37.49721],[126.95757,37.49721],[126.95758,37.49718],[126.95762,37.49713],[126.95766,37.49709],[126.95774,37.49706],[126.95779,37.49705],[126.95785,37.49706],[126.95783,37.49696],[126.95747,37.49699],[126.95751,37.49721]]}},{"type":"Feature","properties":{"class":"alley","highway":"pedestrian","sidewalk":"unknown","lanes":0,"name":"","oneway":false},"geometry":{"type":"LineString","coordinates":[[126.95787,37.4972],[126.95789,37.49734],[126.95751,37.49738],[126.95748,37.49736],[126.95742,37.49698],[126.95778,37.49695],[126.95778,37.49691],[126.95783,37.49691],[126.95783,37.49696],[126.95747,37.49699],[126.95751,37.49721],[126.95757,37.49721],[126.95757,37.49721],[126.95758,37.49725],[126.95759,37.49728],[126.95762,37.4973],[126.95764,37.4973],[126.95766,37.49731],[126.95771,37.4973],[126.95782,37.49725],[126.95787,37.4972]]}},{"type":"Feature","properties":{"class":"alley","highway":"pedestrian","sidewalk":"unknown","lanes":0,"name":"","oneway":false},"geometry":{"type":"LineString","coordinates":[[126.95836,37.49713],[126.95871,37.49709],[126.95868,37.49708],[126.95861,37.49707],[126.95854,37.49706],[126.95852,37.49704],[126.95851,37.49702],[126.95851,37.49699],[126.95855,37.49695],[126.95862,37.49693],[126.95868,37.4969],[126.95871,37.49688],[126.95833,37.49693],[126.95836,37.49713]]}},{"type":"Feature","properties":{"class":"alley","highway":"service","sidewalk":"unknown","lanes":0,"name":"","oneway":false},"geometry":{"type":"LineString","coordinates":[[126.95991,37.49582],[126.96022,37.49571],[126.96033,37.4956]]}},{"type":"Feature","properties":{"class":"alley","highway":"service","sidewalk":"unknown","lanes":0,"name":"","oneway":false},"geometry":{"type":"LineString","coordinates":[[126.9596,37.4957],[126.95959,37.49567],[126.95957,37.49554]]}},{"type":"Feature","properties":{"class":"alley","highway":"service","sidewalk":"unknown","lanes":0,"name":"","oneway":false},"geometry":{"type":"LineString","coordinates":[[126.95893,37.49536],[126.95944,37.49528],[126.95976,37.49514],[126.96004,37.4951]]}},{"type":"Feature","properties":{"class":"alley","highway":"service","sidewalk":"unknown","lanes":0,"name":"","oneway":false},"geometry":{"type":"LineString","coordinates":[[126.95876,37.4958],[126.95877,37.49586],[126.95882,37.49611],[126.95883,37.49616]]}},{"type":"Feature","properties":{"class":"alley","highway":"service","sidewalk":"unknown","lanes":0,"name":"","oneway":false},"geometry":{"type":"LineString","coordinates":[[126.95681,37.4959],[126.95697,37.49587]]}},{"type":"Feature","properties":{"class":"alley","highway":"service","sidewalk":"unknown","lanes":0,"name":"","oneway":false},"geometry":{"type":"LineString","coordinates":[[126.95697,37.49661],[126.9569,37.49626],[126.95688,37.49618],[126.95685,37.49606],[126.95681,37.4959],[126.95672,37.49549],[126.9567,37.49544],[126.95668,37.49541],[126.95663,37.49532]]}},{"type":"Feature","properties":{"class":"alley","highway":"service","sidewalk":"unknown","lanes":0,"name":"","oneway":false},"geometry":{"type":"LineString","coordinates":[[126.95532,37.49694],[126.95561,37.49693]]}},{"type":"Feature","properties":{"class":"alley","highway":"service","sidewalk":"unknown","lanes":0,"name":"","oneway":false},"geometry":{"type":"LineString","coordinates":[[126.95943,37.49572],[126.95939,37.49603],[126.95917,37.49601]]}},{"type":"Feature","properties":{"class":"alley","highway":"service","sidewalk":"unknown","lanes":0,"name":"","oneway":false},"geometry":{"type":"LineString","coordinates":[[126.95539,37.4955],[126.95541,37.4956],[126.95547,37.49587],[126.95541,37.49584],[126.95532,37.49583]]}},{"type":"Feature","properties":{"class":"alley","highway":"pedestrian","sidewalk":"unknown","lanes":0,"name":"","oneway":false},"geometry":{"type":"LineString","coordinates":[[126.95418,37.49614],[126.95404,37.49612],[126.95435,37.49577],[126.95435,37.49576],[126.95467,37.49571],[126.95468,37.49577],[126.95454,37.49584],[126.95456,37.49588],[126.95451,37.4959],[126.9545,37.49591],[126.95437,37.49597],[126.9543,37.49601],[126.95424,37.49607],[126.95418,37.49614]]}},{"type":"Feature","properties":{"class":"alley","highway":"pedestrian","sidewalk":"unknown","lanes":0,"name":"","oneway":false},"geometry":{"type":"LineString","coordinates":[[126.95423,37.49615],[126.95428,37.49609],[126.95434,37.49604],[126.9544,37.496],[126.95452,37.49594],[126.95454,37.49594],[126.95458,37.49599],[126.95463,37.49597],[126.95465,37.49598],[126.95477,37.49602],[126.95478,37.49602],[126.95492,37.49606],[126.95508,37.49608],[126.95523,37.49609],[126.95553,37.4961],[126.9557,37.49609],[126.95599,37.49607],[126.956,37.49606],[126.95606,37.49607],[126.95609,37.49608],[126.95626,37.49613],[126.95637,37.49615],[126.95652,37.49615],[126.95663,37.49613],[126.95662,37.49612],[126.95662,37.49611],[126.95659,37.49602],[126.95676,37.49599],[126.95682,37.49622],[126.95675,37.49622],[126.95657,37.49623],[126.95639,37.49625],[126.95623,37.49622],[126.95603,37.49617],[126.956,37.49616],[126.95538,37.49623],[126.95538,37.49622],[126.95536,37.49622],[126.9551,37.49622],[126.95508,37.49622],[126.95497,37.49622],[126.95483,37.49621],[126.95465,37.49621],[126.95446,37.49618],[126.95432,37.49617],[126.95423,37.49615]]}},{"type":"Feature","properties":{"class":"alley","highway":"service","sidewalk":"unknown","lanes":0,"name":"","oneway":false},"geometry":{"type":"LineString","coordinates":[[126.95614,37.48422],[126.95628,37.48416],[126.95631,37.48414],[126.95638,37.4841],[126.95644,37.48407],[126.95655,37.48402],[126.95663,37.48399]]}},{"type":"Feature","properties":{"class":"alley","highway":"service","sidewalk":"unknown","lanes":0,"name":"","oneway":false},"geometry":{"type":"LineString","coordinates":[[126.95631,37.48414],[126.95637,37.48402],[126.95644,37.48394],[126.95646,37.48388]]}},{"type":"Feature","properties":{"class":"alley","highway":"service","sidewalk":"unknown","lanes":0,"name":"","oneway":false},"geometry":{"type":"LineString","coordinates":[[126.95556,37.49418],[126.95572,37.49428],[126.9558,37.49435],[126.9559,37.49441],[126.95596,37.49442],[126.95642,37.4944]]}},{"type":"Feature","properties":{"class":"alley","highway":"service","sidewalk":"unknown","lanes":0,"name":"","oneway":false},"geometry":{"type":"LineString","coordinates":[[126.95246,37.49589],[126.95222,37.49612]]}},{"type":"Feature","properties":{"class":"alley","highway":"service","sidewalk":"unknown","lanes":0,"name":"","oneway":false},"geometry":{"type":"LineString","coordinates":[[126.95325,37.49376],[126.9533,37.49374],[126.95346,37.49373]]}},{"type":"Feature","properties":{"class":"minor","highway":"residential","sidewalk":"unknown","lanes":0,"name":"상도로58길","oneway":false},"geometry":{"type":"LineString","coordinates":[[126.95367,37.49614],[126.95357,37.49608],[126.95343,37.496],[126.9534,37.49599],[126.95336,37.49599],[126.95333,37.49599],[126.95329,37.49597],[126.95302,37.49575],[126.9523,37.49516]]}},{"type":"Feature","properties":{"class":"alley","highway":"service","sidewalk":"unknown","lanes":0,"name":"","oneway":false},"geometry":{"type":"LineString","coordinates":[[126.95334,37.49535],[126.95314,37.49536]]}},{"type":"Feature","properties":{"class":"alley","highway":"service","sidewalk":"unknown","lanes":0,"name":"","oneway":false},"geometry":{"type":"LineString","coordinates":[[126.95331,37.49485],[126.95324,37.49486]]}},{"type":"Feature","properties":{"class":"alley","highway":"service","sidewalk":"unknown","lanes":0,"name":"","oneway":false},"geometry":{"type":"LineString","coordinates":[[126.9534,37.49302],[126.95337,37.49308],[126.95334,37.4932],[126.95335,37.49324],[126.95354,37.49335]]}},{"type":"Feature","properties":{"class":"alley","highway":"service","sidewalk":"unknown","lanes":0,"name":"","oneway":false},"geometry":{"type":"LineString","coordinates":[[126.94447,37.49422],[126.94502,37.49418]]}},{"type":"Feature","properties":{"class":"minor","highway":"residential","sidewalk":"unknown","lanes":0,"name":"양녕로20길","oneway":false},"geometry":{"type":"LineString","coordinates":[[126.94368,37.4924],[126.94365,37.4926],[126.94364,37.49296]]}},{"type":"Feature","properties":{"class":"minor","highway":"residential","sidewalk":"unknown","lanes":0,"name":"양녕로20길","oneway":false},"geometry":{"type":"LineString","coordinates":[[126.94364,37.49296],[126.94364,37.49305]]}},{"type":"Feature","properties":{"class":"alley","highway":"service","sidewalk":"unknown","lanes":0,"name":"","oneway":false},"geometry":{"type":"LineString","coordinates":[[126.95927,37.49446],[126.95927,37.49442],[126.95924,37.4944],[126.9592,37.49439],[126.95916,37.49439],[126.95912,37.49437],[126.9591,37.49434],[126.95909,37.4943]]}},{"type":"Feature","properties":{"class":"alley","highway":"service","sidewalk":"unknown","lanes":0,"name":"","oneway":false},"geometry":{"type":"LineString","coordinates":[[126.95929,37.49413],[126.95931,37.49413],[126.95978,37.49414]]}},{"type":"Feature","properties":{"class":"alley","highway":"service","sidewalk":"unknown","lanes":0,"name":"","oneway":false},"geometry":{"type":"LineString","coordinates":[[126.95931,37.49413],[126.95931,37.49393],[126.95932,37.49392],[126.95934,37.49391],[126.95935,37.49391],[126.96012,37.49392],[126.96019,37.49391]]}},{"type":"Feature","properties":{"class":"alley","highway":"service","sidewalk":"unknown","lanes":0,"name":"","oneway":false},"geometry":{"type":"LineString","coordinates":[[126.95884,37.49412],[126.95915,37.49413]]}},{"type":"Feature","properties":{"class":"alley","highway":"service","sidewalk":"unknown","lanes":0,"name":"","oneway":false},"geometry":{"type":"LineString","coordinates":[[126.95915,37.49413],[126.95929,37.49413]]}},{"type":"Feature","properties":{"class":"alley","highway":"service","sidewalk":"unknown","lanes":0,"name":"","oneway":false},"geometry":{"type":"LineString","coordinates":[[126.95417,37.49165],[126.95382,37.49176],[126.95381,37.49177],[126.9538,37.49179],[126.9538,37.49181],[126.95381,37.49183],[126.95388,37.49199],[126.95392,37.4922]]}},{"type":"Feature","properties":{"class":"alley","highway":"service","sidewalk":"unknown","lanes":0,"name":"","oneway":false},"geometry":{"type":"LineString","coordinates":[[126.95442,37.49036],[126.95436,37.49041],[126.95434,37.49044],[126.95433,37.49045],[126.95432,37.49047],[126.95434,37.49048],[126.95437,37.4905],[126.95447,37.49053],[126.95483,37.4906],[126.95486,37.49063],[126.95489,37.49066],[126.9549,37.4907]]}},{"type":"Feature","properties":{"class":"alley","highway":"service","sidewalk":"unknown","lanes":0,"name":"","oneway":false},"geometry":{"type":"LineString","coordinates":[[126.95512,37.4923],[126.95511,37.49215],[126.95511,37.49212],[126.95509,37.4921],[126.95508,37.49209],[126.95506,37.49209],[126.95503,37.49208],[126.95492,37.49209]]}},{"type":"Feature","properties":{"class":"alley","highway":"service","sidewalk":"unknown","lanes":0,"name":"","oneway":false},"geometry":{"type":"LineString","coordinates":[[126.93993,37.48576],[126.94038,37.48574]]}},{"type":"Feature","properties":{"class":"major","highway":"primary","sidewalk":"likely","lanes":4,"name":"상도로","oneway":true},"geometry":{"type":"LineString","coordinates":[[126.95274,37.49722],[126.95282,37.4971],[126.95318,37.4967]]}},{"type":"Feature","properties":{"class":"major","highway":"primary","sidewalk":"likely","lanes":4,"name":"상도로","oneway":true},"geometry":{"type":"LineString","coordinates":[[126.95324,37.49684],[126.95298,37.49714],[126.95285,37.49728]]}},{"type":"Feature","properties":{"class":"major","highway":"primary","sidewalk":"likely","lanes":4,"name":"상도로","oneway":true},"geometry":{"type":"LineString","coordinates":[[126.95369,37.49612],[126.9541,37.49563],[126.95422,37.49549]]}},{"type":"Feature","properties":{"class":"major","highway":"primary","sidewalk":"likely","lanes":4,"name":"상도로","oneway":true},"geometry":{"type":"LineString","coordinates":[[126.95432,37.49556],[126.95421,37.49569],[126.95408,37.49585],[126.95324,37.49684]]}},{"type":"Feature","properties":{"class":"alley","highway":"service","sidewalk":"unknown","lanes":0,"name":"","oneway":false},"geometry":{"type":"LineString","coordinates":[[126.94689,37.49194],[126.94661,37.49197],[126.94642,37.49197],[126.94622,37.49196],[126.94604,37.49193],[126.94583,37.49187],[126.94562,37.4918]]}},{"type":"Feature","properties":{"class":"alley","highway":"service","sidewalk":"unknown","lanes":0,"name":"","oneway":false},"geometry":{"type":"LineString","coordinates":[[126.94654,37.49009],[126.94661,37.49037]]}},{"type":"Feature","properties":{"class":"alley","highway":"service","sidewalk":"unknown","lanes":0,"name":"","oneway":false},"geometry":{"type":"LineString","coordinates":[[126.94611,37.49218],[126.9461,37.49221],[126.94607,37.49224],[126.94603,37.49225],[126.946,37.49227],[126.94597,37.49229],[126.94597,37.49232]]}},{"type":"Feature","properties":{"class":"alley","highway":"service","sidewalk":"unknown","lanes":0,"name":"","oneway":false},"geometry":{"type":"LineString","coordinates":[[126.946,37.49227],[126.94595,37.49226],[126.94587,37.49224],[126.94576,37.49223],[126.94571,37.49224],[126.94567,37.49226],[126.94566,37.4923],[126.94563,37.49244],[126.94564,37.49246],[126.94566,37.49248],[126.94568,37.49249],[126.94599,37.49254]]}},{"type":"Feature","properties":{"class":"major","highway":"primary","sidewalk":"likely","lanes":6,"name":"봉천로","oneway":false},"geometry":{"type":"LineString","coordinates":[[126.94683,37.48275],[126.94785,37.48265],[126.94924,37.48251],[126.9507,37.48237],[126.95182,37.48225],[126.95194,37.48224],[126.95256,37.48217]]}},{"type":"Feature","properties":{"class":"major","highway":"primary_link","sidewalk":"likely","lanes":0,"name":"","oneway":true},"geometry":{"type":"LineString","coordinates":[[126.94661,37.48262],[126.9467,37.48268],[126.94683,37.48275]]}},{"type":"Feature","properties":{"class":"major","highway":"primary","sidewalk":"likely","lanes":0,"name":"상도로","oneway":true},"geometry":{"type":"LineString","coordinates":[[126.95656,37.4928],[126.95654,37.49299],[126.95646,37.49312],[126.95625,37.4934],[126.95586,37.49384],[126.95568,37.49403],[126.95556,37.49418],[126.95541,37.49435],[126.95514,37.49465],[126.95485,37.49498],[126.95446,37.4954],[126.95432,37.49556]]}},{"type":"Feature","properties":{"class":"major","highway":"primary","sidewalk":"likely","lanes":0,"name":"상도로","oneway":false},"geometry":{"type":"LineString","coordinates":[[126.95656,37.4928],[126.95658,37.49264],[126.95657,37.49255],[126.95654,37.4924],[126.9564,37.49197],[126.95634,37.49158]]}},{"type":"Feature","properties":{"class":"major","highway":"primary_link","sidewalk":"likely","lanes":1,"name":"","oneway":true},"geometry":{"type":"LineString","coordinates":[[126.94335,37.48213],[126.94337,37.48227]]}},{"type":"Feature","properties":{"class":"major","highway":"secondary","sidewalk":"likely","lanes":0,"name":"장승배기로","oneway":false},"geometry":{"type":"LineString","coordinates":[[126.9441,37.4991],[126.94376,37.49931],[126.94305,37.4998],[126.94275,37.50001],[126.94205,37.50048],[126.94174,37.5007]]}},{"type":"Feature","properties":{"class":"major","highway":"tertiary","sidewalk":"likely","lanes":0,"name":"성대로","oneway":false},"geometry":{"type":"LineString","coordinates":[[126.94174,37.5007],[126.94153,37.50054],[126.94124,37.50026],[126.94119,37.50022],[126.94112,37.50015],[126.94089,37.49992],[126.94067,37.49975],[126.94044,37.49952],[126.94032,37.49941],[126.94008,37.49918],[126.93997,37.49906],[126.93952,37.49874],[126.93938,37.49866],[126.93915,37.49856],[126.93855,37.49839],[126.93833,37.49833],[126.93804,37.49828],[126.93765,37.4982],[126.93759,37.49819],[126.93742,37.49816]]}},{"type":"Feature","properties":{"class":"minor","highway":"residential","sidewalk":"unknown","lanes":0,"name":"상도로55길","oneway":false},"geometry":{"type":"LineString","coordinates":[[126.95298,37.49714],[126.95316,37.49719],[126.95365,37.49716],[126.95388,37.49716],[126.95451,37.49714],[126.9547,37.49713],[126.95474,37.49714],[126.95478,37.49718],[126.9548,37.49726],[126.95485,37.49732],[126.95513,37.49752],[126.95518,37.49757],[126.9552,37.49762],[126.95524,37.49776],[126.95526,37.49782],[126.9553,37.49788],[126.95534,37.49792],[126.95538,37.49794],[126.95551,37.49798],[126.95552,37.49798],[126.95556,37.49796],[126.95563,37.49795],[126.95579,37.49792],[126.95647,37.49791],[126.95661,37.49791],[126.95696,37.4979],[126.95706,37.49787],[126.95718,37.49782],[126.95746,37.49771],[126.95786,37.4976],[126.95798,37.49756],[126.95805,37.49753],[126.9582,37.49746],[126.95833,37.49743],[126.9585,37.4974],[126.95869,37.49739],[126.959,37.49739],[126.95906,37.49739],[126.95911,37.49741],[126.95915,37.49743],[126.95918,37.49747],[126.95919,37.49754],[126.95913,37.49784],[126.95916,37.49788],[126.95923,37.49794],[126.95929,37.49797]]}},{"type":"Feature","properties":{"class":"alley","highway":"service","sidewalk":"unknown","lanes":0,"name":"양녕로30길","oneway":false},"geometry":{"type":"LineString","coordinates":[[126.94449,37.49948],[126.94488,37.49933],[126.94505,37.49926],[126.94541,37.49912]]}},{"type":"Feature","properties":{"class":"alley","highway":"service","sidewalk":"unknown","lanes":0,"name":"양녕로30길","oneway":false},"geometry":{"type":"LineString","coordinates":[[126.94631,37.49927],[126.9457,37.49953],[126.94565,37.49952],[126.94541,37.49912],[126.94521,37.49876],[126.94504,37.49849]]}},{"type":"Feature","properties":{"class":"minor","highway":"residential","sidewalk":"unknown","lanes":0,"name":"양녕로28길","oneway":false},"geometry":{"type":"LineString","coordinates":[[126.94475,37.49875],[126.94488,37.49856],[126.94504,37.49849],[126.94507,37.49843],[126.94521,37.49834],[126.94544,37.49828],[126.94567,37.49823],[126.94575,37.49813],[126.94601,37.49813],[126.94638,37.49812],[126.94677,37.49813],[126.94715,37.49815],[126.94732,37.49816],[126.94752,37.49816]]}},{"type":"Feature","properties":{"class":"alley","highway":"service","sidewalk":"unknown","lanes":0,"name":"","oneway":false},"geometry":{"type":"LineString","coordinates":[[126.94732,37.49816],[126.94733,37.49796]]}},{"type":"Feature","properties":{"class":"minor","highway":"residential","sidewalk":"unknown","lanes":0,"name":"양녕로27길","oneway":false},"geometry":{"type":"LineString","coordinates":[[126.94008,37.49918],[126.94019,37.49913],[126.94032,37.49915],[126.94081,37.49922],[126.94128,37.49927],[126.94189,37.4992],[126.94234,37.49916],[126.94242,37.49917],[126.9427,37.49906],[126.94275,37.49905],[126.94311,37.49895],[126.94352,37.49873],[126.94371,37.49867],[126.94379,37.49862]]}},{"type":"Feature","properties":{"class":"alley","highway":"service","sidewalk":"unknown","lanes":0,"name":"양녕로25사길","oneway":false},"geometry":{"type":"LineString","coordinates":[[126.94146,37.49704],[126.94094,37.49756],[126.93973,37.49857],[126.93963,37.49857]]}},{"type":"Feature","properties":{"class":"alley","highway":"service","sidewalk":"unknown","lanes":0,"name":"상도로52길","oneway":false},"geometry":{"type":"LineString","coordinates":[[126.95183,37.49826],[126.95175,37.49822],[126.95152,37.49809],[126.95126,37.49786],[126.95096,37.49756],[126.9507,37.49714],[126.95067,37.4971]]}},{"type":"Feature","properties":{"class":"alley","highway":"service","sidewalk":"unknown","lanes":0,"name":"상도로50길","oneway":false},"geometry":{"type":"LineString","coordinates":[[126.95126,37.49786],[126.95092,37.49826]]}},{"type":"Feature","properties":{"class":"major","highway":"tertiary","sidewalk":"likely","lanes":2,"name":"상도로53길","oneway":false},"geometry":{"type":"LineString","coordinates":[[126.95361,37.505],[126.95361,37.50481],[126.95361,37.50451],[126.95364,37.50435],[126.95369,37.50423],[126.95375,37.50413],[126.95379,37.50409],[126.95384,37.50405],[126.95438,37.50375],[126.95442,37.50372],[126.95448,37.50367],[126.95451,37.50363],[126.95454,37.50358],[126.95457,37.50352],[126.95459,37.50341],[126.95459,37.50332],[126.95455,37.50322],[126.95448,37.50313],[126.95438,37.50303],[126.95428,37.50295],[126.95369,37.50262],[126.95357,37.50252],[126.95351,37.50237],[126.95353,37.50214],[126.95359,37.5017],[126.95362,37.50119],[126.95363,37.50116],[126.95372,37.50083],[126.95376,37.50042],[126.95378,37.50017],[126.95367,37.49971],[126.95362,37.49958],[126.95352,37.49945],[126.95313,37.49905],[126.95303,37.4989],[126.95301,37.49875],[126.95305,37.49861],[126.95308,37.49857],[126.95314,37.49848],[126.95332,37.49828],[126.95334,37.49823],[126.95336,37.49816],[126.95335,37.49811],[126.95335,37.49807],[126.95333,37.49805],[126.95329,37.49798],[126.95319,37.49789],[126.95308,37.49782],[126.95278,37.49766],[126.95261,37.49758]]}},{"type":"Feature","properties":{"class":"alley","highway":"service","sidewalk":"unknown","lanes":0,"name":"양녕로30길","oneway":false},"geometry":{"type":"LineString","coordinates":[[126.94521,37.49876],[126.946,37.49848],[126.94601,37.49813]]}},{"type":"Feature","properties":{"class":"minor","highway":"residential","sidewalk":"unknown","lanes":0,"name":"양녕로24길","oneway":false},"geometry":{"type":"LineString","coordinates":[[126.94403,37.49726],[126.94387,37.49728],[126.94355,37.4974],[126.94326,37.49751]]}},{"type":"Feature","properties":{"class":"alley","highway":"service","sidewalk":"unknown","lanes":0,"name":"양녕로24길","oneway":false},"geometry":{"type":"LineString","coordinates":[[126.94395,37.49817],[126.94355,37.4974]]}},{"type":"Feature","properties":{"class":"alley","highway":"service","sidewalk":"unknown","lanes":0,"name":"양녕로26가길","oneway":false},"geometry":{"type":"LineString","coordinates":[[126.94459,37.49821],[126.94491,37.49814],[126.94505,37.49811],[126.94498,37.49785],[126.94448,37.49796],[126.94437,37.49796],[126.9443,37.49796]]}},{"type":"Feature","properties":{"class":"alley","highway":"service","sidewalk":"unknown","lanes":0,"name":"양녕로26가길","oneway":false},"geometry":{"type":"LineString","coordinates":[[126.94491,37.49814],[126.94504,37.49849]]}},{"type":"Feature","properties":{"class":"alley","highway":"service","sidewalk":"unknown","lanes":0,"name":"성대로31길","oneway":false},"geometry":{"type":"LineString","coordinates":[[126.94067,37.49975],[126.94038,37.49983],[126.94031,37.49985],[126.94012,37.49991],[126.94007,37.49992],[126.94002,37.49994],[126.93987,37.49998],[126.93983,37.49999],[126.93963,37.50006],[126.93959,37.50007],[126.93938,37.50014],[126.93911,37.50022],[126.93907,37.50023],[126.93883,37.5003],[126.93843,37.50061],[126.9381,37.50092],[126.93775,37.50125],[126.93736,37.5015],[126.93725,37.50152]]}},{"type":"Feature","properties":{"class":"alley","highway":"service","sidewalk":"unknown","lanes":0,"name":"양녕로20길","oneway":false},"geometry":{"type":"LineString","coordinates":[[126.94512,37.49729],[126.94516,37.49734],[126.94544,37.49828]]}},{"type":"Feature","properties":{"class":"alley","highway":"service","sidewalk":"unknown","lanes":0,"name":"","oneway":false},"geometry":{"type":"LineString","coordinates":[[126.94716,37.49776],[126.94732,37.49776],[126.94737,37.49776],[126.94737,37.49753],[126.94715,37.49753]]}},{"type":"Feature","properties":{"class":"alley","highway":"service","sidewalk":"unknown","lanes":0,"name":"상도로37길","oneway":false},"geometry":{"type":"LineString","coordinates":[[126.94824,37.50335],[126.9483,37.50328],[126.94878,37.50274],[126.94928,37.50216],[126.94968,37.5017],[126.95025,37.50105],[126.95084,37.50038],[126.95143,37.4997],[126.95202,37.49903],[126.95237,37.49863],[126.95241,37.49858],[126.95298,37.49793],[126.95308,37.49782],[126.95334,37.49751],[126.95365,37.49716]]}},{"type":"Feature","properties":{"class":"minor","highway":"residential","sidewalk":"unknown","lanes":0,"name":"상도로53가길","oneway":false},"geometry":{"type":"LineString","coordinates":[[126.95333,37.49805],[126.95339,37.49788],[126.95343,37.49774],[126.95348,37.49765],[126.95352,37.49761],[126.95358,37.49757],[126.95366,37.49753],[126.95373,37.49751],[126.95415,37.49745],[126.95433,37.49741],[126.95447,37.49736],[126.9545,37.49732],[126.95451,37.49714]]}},{"type":"Feature","properties":{"class":"alley","highway":"service","sidewalk":"unknown","lanes":0,"name":"","oneway":false},"geometry":{"type":"LineString","coordinates":[[126.95352,37.49761],[126.95334,37.49751]]}},{"type":"Feature","properties":{"class":"alley","highway":"service","sidewalk":"unknown","lanes":0,"name":"상도로38다길","oneway":false},"geometry":{"type":"LineString","coordinates":[[126.94832,37.50077],[126.9483,37.50072],[126.94827,37.50068],[126.94825,37.50065],[126.94825,37.50062],[126.94829,37.5005],[126.94833,37.50037],[126.94839,37.50028],[126.94853,37.50014],[126.94857,37.50008],[126.94862,37.50001],[126.94866,37.49997],[126.9487,37.4999],[126.94867,37.49988],[126.94843,37.49978],[126.94828,37.49978],[126.94822,37.49978],[126.9481,37.49977],[126.94803,37.49976],[126.94797,37.49978],[126.94789,37.4998],[126.94784,37.49983]]}},{"type":"Feature","properties":{"class":"major","highway":"tertiary","sidewalk":"likely","lanes":0,"name":"상도로54길","oneway":false},"geometry":{"type":"LineString","coordinates":[[126.95026,37.49725],[126.95035,37.49722],[126.95067,37.4971],[126.95089,37.49702],[126.95101,37.49702],[126.95123,37.49708],[126.95132,37.49711],[126.95145,37.49715],[126.95217,37.49736],[126.95237,37.49746],[126.95249,37.49752],[126.95261,37.49758]]}},{"type":"Feature","properties":{"class":"alley","highway":"service","sidewalk":"unknown","lanes":0,"name":"상도로49길","oneway":false},"geometry":{"type":"LineString","coordinates":[[126.95153,37.49881],[126.95168,37.49887],[126.95202,37.49903],[126.95304,37.49952],[126.95305,37.49954],[126.95301,37.49958],[126.95278,37.49963],[126.95269,37.49966],[126.95262,37.49969]]}},{"type":"Feature","properties":{"class":"minor","highway":"residential","sidewalk":"unknown","lanes":0,"name":"","oneway":false},"geometry":{"type":"LineString","coordinates":[[126.9487,37.4999],[126.94871,37.49985],[126.94872,37.49968],[126.94873,37.49965],[126.94876,37.49962],[126.94883,37.4996],[126.94899,37.49951],[126.94912,37.49942],[126.94916,37.49934],[126.94917,37.49929],[126.94917,37.49923],[126.94914,37.49909],[126.94909,37.49896],[126.94909,37.49888],[126.94914,37.49857],[126.94923,37.49841],[126.94925,37.49819],[126.94927,37.49809],[126.94938,37.49802],[126.94956,37.498],[126.94969,37.49804],[126.94987,37.49807],[126.94995,37.49805],[126.95005,37.49801],[126.95019,37.49791],[126.95023,37.49788],[126.95024,37.49784],[126.95024,37.49781],[126.9502,37.49775],[126.95007,37.49752],[126.95,37.4974],[126.95001,37.49734],[126.95017,37.49728],[126.95026,37.49725]]}},{"type":"Feature","properties":{"class":"alley","highway":"service","sidewalk":"unknown","lanes":0,"name":"","oneway":false},"geometry":{"type":"LineString","coordinates":[[126.941,37.4979],[126.94128,37.4981],[126.94156,37.49831],[126.94183,37.49851],[126.9421,37.49873],[126.94234,37.4989]]}},{"type":"Feature","properties":{"class":"alley","highway":"service","sidewalk":"unknown","lanes":0,"name":"양녕로25나길","oneway":false},"geometry":{"type":"LineString","coordinates":[[126.94177,37.49901],[126.9421,37.49873],[126.94285,37.49807]]}},{"type":"Feature","properties":{"class":"alley","highway":"service","sidewalk":"unknown","lanes":0,"name":"양녕로25가길","oneway":false},"geometry":{"type":"LineString","coordinates":[[126.93997,37.49906],[126.94005,37.49877],[126.94015,37.49866],[126.94042,37.49885],[126.94057,37.49896],[126.94072,37.49899],[126.94081,37.49902],[126.94103,37.49905],[126.94117,37.49906],[126.9413,37.49905],[126.94177,37.49901],[126.94187,37.49901],[126.94215,37.499],[126.94223,37.49898],[126.94234,37.4989],[126.94248,37.49884],[126.94315,37.49828]]}},{"type":"Feature","properties":{"class":"alley","highway":"service","sidewalk":"unknown","lanes":0,"name":"양녕로25라길","oneway":false},"geometry":{"type":"LineString","coordinates":[[126.94072,37.49899],[126.94096,37.49881],[126.941,37.49879],[126.94156,37.49831],[126.94229,37.49768]]}},{"type":"Feature","properties":{"class":"alley","highway":"service","sidewalk":"unknown","lanes":0,"name":"양녕로25바길","oneway":false},"geometry":{"type":"LineString","coordinates":[[126.94015,37.49866],[126.941,37.4979],[126.9417,37.49729]]}},{"type":"Feature","properties":{"class":"alley","highway":"service","sidewalk":"unknown","lanes":0,"name":"양녕로25다길","oneway":false},"geometry":{"type":"LineString","coordinates":[[126.94117,37.49906],[126.94125,37.49899],[126.94183,37.49851],[126.94255,37.49787]]}},{"type":"Feature","properties":{"class":"alley","highway":"service","sidewalk":"unknown","lanes":0,"name":"양녕로25마길","oneway":false},"geometry":{"type":"LineString","coordinates":[[126.94032,37.49915],[126.94038,37.4989],[126.94042,37.49885],[126.94128,37.4981],[126.942,37.49748]]}},{"type":"Feature","properties":{"class":"minor","highway":"residential","sidewalk":"unknown","lanes":0,"name":"양녕로27가길","oneway":false},"geometry":{"type":"LineString","coordinates":[[126.94242,37.49917],[126.94258,37.49934],[126.94278,37.49954],[126.94305,37.4998]]}},{"type":"Feature","properties":{"class":"alley","highway":"service","sidewalk":"unknown","lanes":0,"name":"양녕로29길","oneway":false},"geometry":{"type":"LineString","coordinates":[[126.94389,37.49878],[126.94378,37.49884],[126.94308,37.49933],[126.94278,37.49954],[126.94246,37.49979],[126.94202,37.49991],[126.94153,37.50006],[126.94112,37.50015]]}},{"type":"Feature","properties":{"class":"alley","highway":"service","sidewalk":"unknown","lanes":0,"name":"양녕로27가길","oneway":false},"geometry":{"type":"LineString","coordinates":[[126.94258,37.49934],[126.94227,37.49954],[126.9414,37.49978],[126.94089,37.49992]]}},{"type":"Feature","properties":{"class":"alley","highway":"service","sidewalk":"unknown","lanes":0,"name":"양녕로27나길","oneway":false},"geometry":{"type":"LineString","coordinates":[[126.94242,37.49917],[126.9421,37.49932],[126.9413,37.49956],[126.94067,37.49975]]}},{"type":"Feature","properties":{"class":"alley","highway":"service","sidewalk":"unknown","lanes":0,"name":"장승배기로1길","oneway":false},"geometry":{"type":"LineString","coordinates":[[126.94275,37.50001],[126.94268,37.49994],[126.94251,37.49995],[126.94208,37.50008],[126.94153,37.50026],[126.94124,37.50026]]}},{"type":"Feature","properties":{"class":"alley","highway":"service","sidewalk":"unknown","lanes":0,"name":"성대로","oneway":false},"geometry":{"type":"LineString","coordinates":[[126.94128,37.49927],[126.94122,37.49931],[126.94044,37.49952]]}},{"type":"Feature","properties":{"class":"minor","highway":"residential","sidewalk":"unknown","lanes":0,"name":"서달로1길","oneway":true},"geometry":{"type":"LineString","coordinates":[[126.96029,37.50097],[126.96025,37.50094],[126.96017,37.5009],[126.95992,37.50015],[126.95991,37.49965],[126.95991,37.49932],[126.96001,37.49917]]}},{"type":"Feature","properties":{"class":"minor","highway":"residential","sidewalk":"unknown","lanes":0,"name":"","oneway":false},"geometry":{"type":"LineString","coordinates":[[126.93952,37.49874],[126.93963,37.49857],[126.93961,37.49847],[126.93976,37.49819],[126.93979,37.49812],[126.93993,37.49782],[126.94012,37.49766],[126.94048,37.49742],[126.94056,37.49735]]}},{"type":"Feature","properties":{"class":"alley","highway":"service","sidewalk":"unknown","lanes":0,"name":"양녕로25길","oneway":false},"geometry":{"type":"LineString","coordinates":[[126.94071,37.49738],[126.94078,37.49733],[126.94082,37.49725],[126.94084,37.49719],[126.94085,37.49711]]}},{"type":"Feature","properties":{"class":"alley","highway":"service","sidewalk":"unknown","lanes":0,"name":"양녕로","oneway":false},"geometry":{"type":"LineString","coordinates":[[126.94331,37.49761],[126.94305,37.49772],[126.94285,37.49765]]}},{"type":"Feature","properties":{"class":"alley","highway":"service","sidewalk":"unknown","lanes":0,"name":"","oneway":false},"geometry":{"type":"LineString","coordinates":[[126.94238,37.49736],[126.94215,37.49758]]}},{"type":"Feature","properties":{"class":"alley","highway":"service","sidewalk":"unknown","lanes":0,"name":"","oneway":false},"geometry":{"type":"LineString","coordinates":[[126.94238,37.49736],[126.94212,37.49718],[126.94187,37.4974]]}},{"type":"Feature","properties":{"class":"major","highway":"secondary","sidewalk":"likely","lanes":0,"name":"양녕로","oneway":false},"geometry":{"type":"LineString","coordinates":[[126.94488,37.50033],[126.94431,37.49942],[126.94423,37.49927],[126.9441,37.4991]]}},{"type":"Feature","properties":{"class":"alley","highway":"service","sidewalk":"unknown","lanes":0,"name":"","oneway":false},"geometry":{"type":"LineString","coordinates":[[126.95063,37.49937],[126.95015,37.49911],[126.95053,37.49865],[126.95055,37.4986],[126.95053,37.49854],[126.95005,37.49829],[126.94992,37.4983],[126.94961,37.49814],[126.94953,37.49814],[126.94939,37.49831],[126.94941,37.49837],[126.94955,37.49846]]}},{"type":"Feature","properties":{"class":"alley","highway":"service","sidewalk":"unknown","lanes":0,"name":"상도로50길","oneway":false},"geometry":{"type":"LineString","coordinates":[[126.95126,37.49864],[126.9507,37.49929],[126.95063,37.49937]]}},{"type":"Feature","properties":{"class":"alley","highway":"service","sidewalk":"unknown","lanes":0,"name":"","oneway":false},"geometry":{"type":"LineString","coordinates":[[126.95063,37.49937],[126.94989,37.50023]]}},{"type":"Feature","properties":{"class":"alley","highway":"service","sidewalk":"unknown","lanes":0,"name":"","oneway":false},"geometry":{"type":"LineString","coordinates":[[126.94992,37.4983],[126.94984,37.49842],[126.94999,37.49852],[126.9502,37.49865],[126.95002,37.49885]]}},{"type":"Feature","properties":{"class":"alley","highway":"service","sidewalk":"unknown","lanes":0,"name":"","oneway":false},"geometry":{"type":"LineString","coordinates":[[126.94468,37.499],[126.94474,37.49912]]}},{"type":"Feature","properties":{"class":"alley","highway":"service","sidewalk":"unknown","lanes":0,"name":"양녕로30길","oneway":false},"geometry":{"type":"LineString","coordinates":[[126.94474,37.49912],[126.94498,37.49902]]}},{"type":"Feature","properties":{"class":"major","highway":"secondary_link","sidewalk":"likely","lanes":0,"name":"","oneway":true},"geometry":{"type":"LineString","coordinates":[[126.94376,37.49931],[126.94389,37.49878]]}},{"type":"Feature","properties":{"class":"alley","highway":"service","sidewalk":"unknown","lanes":0,"name":"","oneway":true},"geometry":{"type":"LineString","coordinates":[[126.94475,37.49875],[126.9441,37.4991]]}},{"type":"Feature","properties":{"class":"alley","highway":"service","sidewalk":"unknown","lanes":0,"name":"양녕로28길","oneway":true},"geometry":{"type":"LineString","coordinates":[[126.94423,37.49927],[126.94448,37.49912],[126.94468,37.499],[126.94475,37.49875]]}},{"type":"Feature","properties":{"class":"alley","highway":"service","sidewalk":"unknown","lanes":0,"name":"","oneway":false},"geometry":{"type":"LineString","coordinates":[[126.95561,37.49777],[126.95554,37.49793],[126.95551,37.49798]]}},{"type":"Feature","properties":{"class":"alley","highway":"service","sidewalk":"unknown","lanes":0,"name":"","oneway":false},"geometry":{"type":"LineString","coordinates":[[126.95335,37.49811],[126.95351,37.49809],[126.95356,37.49808],[126.95374,37.49807],[126.95387,37.49814],[126.95414,37.49842],[126.95436,37.49872],[126.95461,37.49908],[126.95474,37.49947],[126.95482,37.49982],[126.95488,37.50018],[126.9547,37.50117]]}},{"type":"Feature","properties":{"class":"alley","highway":"service","sidewalk":"unknown","lanes":0,"name":"양녕로28길","oneway":false},"geometry":{"type":"LineString","coordinates":[[126.94575,37.49813],[126.94559,37.4976],[126.94548,37.49726]]}},{"type":"Feature","properties":{"class":"alley","highway":"service","sidewalk":"unknown","lanes":0,"name":"","oneway":false},"geometry":{"type":"LineString","coordinates":[[126.94559,37.4976],[126.94591,37.49753],[126.94604,37.49751]]}},{"type":"Feature","properties":{"class":"alley","highway":"service","sidewalk":"unknown","lanes":0,"name":"양녕로26가길","oneway":false},"geometry":{"type":"LineString","coordinates":[[126.94448,37.49796],[126.94459,37.49821]]}},{"type":"Feature","properties":{"class":"alley","highway":"service","sidewalk":"unknown","lanes":0,"name":"상도로","oneway":false},"geometry":{"type":"LineString","coordinates":[[126.95196,37.49833],[126.95208,37.4984],[126.95241,37.49858]]}},{"type":"Feature","properties":{"class":"alley","highway":"service","sidewalk":"unknown","lanes":0,"name":"상도로37길","oneway":false},"geometry":{"type":"LineString","coordinates":[[126.95237,37.49863],[126.95298,37.49858],[126.95308,37.49857]]}},{"type":"Feature","properties":{"class":"alley","highway":"service","sidewalk":"unknown","lanes":0,"name":"상도로47나길","oneway":false},"geometry":{"type":"LineString","coordinates":[[126.953,37.5003],[126.95269,37.50016],[126.95251,37.50003],[126.95236,37.49994],[126.95229,37.49985],[126.95229,37.49979],[126.9523,37.49975],[126.95242,37.4997],[126.95252,37.49969],[126.95262,37.49969]]}},{"type":"Feature","properties":{"class":"alley","highway":"service","sidewalk":"unknown","lanes":0,"name":"상도로47나길","oneway":false},"geometry":{"type":"LineString","coordinates":[[126.95262,37.49969],[126.9527,37.49971],[126.95281,37.49971],[126.9531,37.49968],[126.95316,37.49968],[126.9534,37.49964],[126.95362,37.49958]]}},{"type":"Feature","properties":{"class":"minor","highway":"residential","sidewalk":"unknown","lanes":0,"name":"상도로47길","oneway":false},"geometry":{"type":"LineString","coordinates":[[126.95199,37.50489],[126.95185,37.50465],[126.95172,37.50432],[126.95172,37.50414],[126.95172,37.50409],[126.95175,37.50382],[126.95179,37.50365],[126.95185,37.50328],[126.95189,37.50294],[126.9519,37.50282],[126.95193,37.50269],[126.95194,37.50258],[126.95198,37.50235],[126.95202,37.50206],[126.95205,37.50188],[126.95209,37.5018],[126.95212,37.50172],[126.95217,37.50154],[126.95226,37.50118],[126.95231,37.50097],[126.95229,37.50072],[126.95216,37.50048],[126.95208,37.50039],[126.9518,37.50009],[126.95175,37.50002],[126.95148,37.49973],[126.95143,37.4997],[126.95134,37.49963],[126.95098,37.49945]]}},{"type":"Feature","properties":{"class":"alley","highway":"service","sidewalk":"unknown","lanes":0,"name":"양녕로32길","oneway":false},"geometry":{"type":"LineString","coordinates":[[126.94784,37.49983],[126.94777,37.49983],[126.94771,37.49981],[126.94768,37.49979],[126.94767,37.49977],[126.94766,37.49974],[126.94767,37.4997],[126.94769,37.49966],[126.94774,37.49962],[126.94777,37.49958],[126.94779,37.49948],[126.94779,37.49928],[126.94782,37.49917],[126.94784,37.49913],[126.9479,37.49905],[126.94802,37.49874],[126.94808,37.4986],[126.94817,37.49855]]}},{"type":"Feature","properties":{"class":"alley","highway":"service","sidewalk":"unknown","lanes":0,"name":"","oneway":false},"geometry":{"type":"LineString","coordinates":[[126.95552,37.49798],[126.9557,37.49804],[126.95586,37.49807],[126.95646,37.49819],[126.95687,37.49827]]}},{"type":"Feature","properties":{"class":"major","highway":"primary","sidewalk":"likely","lanes":4,"name":"상도로","oneway":true},"geometry":{"type":"LineString","coordinates":[[126.95153,37.49881],[126.95148,37.49887],[126.95135,37.49902],[126.95098,37.49945],[126.9504,37.50013]]}},{"type":"Feature","properties":{"class":"major","highway":"secondary_link","sidewalk":"likely","lanes":0,"name":"","oneway":true},"geometry":{"type":"LineString","coordinates":[[126.94568,37.50162],[126.94552,37.50157],[126.9454,37.5014],[126.94529,37.50123],[126.94514,37.50099],[126.94497,37.50073],[126.9448,37.50045],[126.94426,37.49958],[126.94431,37.49942]]}},{"type":"Feature","properties":{"class":"major","highway":"secondary_link","sidewalk":"likely","lanes":0,"name":"","oneway":true},"geometry":{"type":"LineString","coordinates":[[126.94431,37.49942],[126.94449,37.49948],[126.94459,37.49959],[126.94469,37.49976],[126.94478,37.49992],[126.94503,37.50034],[126.94504,37.50035],[126.94516,37.50053],[126.94523,37.50064],[126.94539,37.50091],[126.9454,37.50093],[126.94577,37.50148],[126.94568,37.50162]]}},{"type":"Feature","properties":{"class":"alley","highway":"service","sidewalk":"unknown","lanes":0,"name":"상도로47나길","oneway":false},"geometry":{"type":"LineString","coordinates":[[126.9531,37.49968],[126.95317,37.50003],[126.95324,37.50019],[126.95367,37.50031]]}},{"type":"Feature","properties":{"class":"alley","highway":"service","sidewalk":"unknown","lanes":0,"name":"양녕로30길","oneway":false},"geometry":{"type":"LineString","coordinates":[[126.94474,37.49912],[126.94488,37.49933]]}},{"type":"Feature","properties":{"class":"alley","highway":"service","sidewalk":"unknown","lanes":0,"name":"","oneway":false},"geometry":{"type":"LineString","coordinates":[[126.94459,37.49821],[126.94467,37.49837]]}},{"type":"Feature","properties":{"class":"alley","highway":"service","sidewalk":"unknown","lanes":0,"name":"","oneway":false},"geometry":{"type":"LineString","coordinates":[[126.95933,37.49818],[126.9585,37.49821],[126.95787,37.49833],[126.95775,37.49804],[126.95815,37.49791],[126.95798,37.49756]]}},{"type":"Feature","properties":{"class":"alley","highway":"service","sidewalk":"unknown","lanes":0,"name":"","oneway":false},"geometry":{"type":"LineString","coordinates":[[126.94469,37.49976],[126.94522,37.49956]]}},{"type":"Feature","properties":{"class":"alley","highway":"service","sidewalk":"unknown","lanes":0,"name":"","oneway":false},"geometry":{"type":"LineString","coordinates":[[126.94478,37.49992],[126.94532,37.49972],[126.94522,37.49956],[126.94513,37.4994],[126.94505,37.49926]]}},{"type":"Feature","properties":{"class":"alley","highway":"service","sidewalk":"unknown","lanes":0,"name":"","oneway":false},"geometry":{"type":"LineString","coordinates":[[126.94459,37.49959],[126.94513,37.4994]]}},{"type":"Feature","properties":{"class":"alley","highway":"service","sidewalk":"unknown","lanes":0,"name":"","oneway":false},"geometry":{"type":"LineString","coordinates":[[126.94635,37.49877],[126.94673,37.49879],[126.94711,37.49881]]}},{"type":"Feature","properties":{"class":"alley","highway":"service","sidewalk":"unknown","lanes":0,"name":"","oneway":false},"geometry":{"type":"LineString","coordinates":[[126.94598,37.49776],[126.94591,37.49753],[126.94582,37.49727],[126.9459,37.49725]]}},{"type":"Feature","properties":{"class":"alley","highway":"service","sidewalk":"unknown","lanes":0,"name":"","oneway":false},"geometry":{"type":"LineString","coordinates":[[126.94605,37.49708],[126.9461,37.49717]]}},{"type":"Feature","properties":{"class":"alley","highway":"service","sidewalk":"unknown","lanes":0,"name":"","oneway":false},"geometry":{"type":"LineString","coordinates":[[126.94601,37.49813],[126.94602,37.49791]]}},{"type":"Feature","properties":{"class":"alley","highway":"service","sidewalk":"unknown","lanes":0,"name":"","oneway":false},"geometry":{"type":"LineString","coordinates":[[126.94294,37.49886],[126.94304,37.4988],[126.94339,37.49863],[126.94352,37.49854],[126.94352,37.49851]]}},{"type":"Feature","properties":{"class":"alley","highway":"service","sidewalk":"unknown","lanes":0,"name":"","oneway":false},"geometry":{"type":"LineString","coordinates":[[126.94275,37.49905],[126.94277,37.49908],[126.94308,37.49933]]}},{"type":"Feature","properties":{"class":"alley","highway":"service","sidewalk":"unknown","lanes":0,"name":"","oneway":false},"geometry":{"type":"LineString","coordinates":[[126.9413,37.49956],[126.9414,37.49978],[126.94153,37.50006]]}},{"type":"Feature","properties":{"class":"alley","highway":"service","sidewalk":"unknown","lanes":0,"name":"","oneway":false},"geometry":{"type":"LineString","coordinates":[[126.94208,37.50008],[126.94202,37.49991]]}},{"type":"Feature","properties":{"class":"alley","highway":"service","sidewalk":"unknown","lanes":0,"name":"","oneway":false},"geometry":{"type":"LineString","coordinates":[[126.94031,37.49985],[126.94026,37.49973]]}},{"type":"Feature","properties":{"class":"alley","highway":"service","sidewalk":"unknown","lanes":0,"name":"","oneway":false},"geometry":{"type":"LineString","coordinates":[[126.93999,37.49973],[126.94007,37.49992]]}},{"type":"Feature","properties":{"class":"alley","highway":"service","sidewalk":"unknown","lanes":0,"name":"","oneway":false},"geometry":{"type":"LineString","coordinates":[[126.94012,37.49991],[126.94032,37.5003]]}},{"type":"Feature","properties":{"class":"alley","highway":"service","sidewalk":"unknown","lanes":0,"name":"","oneway":false},"geometry":{"type":"LineString","coordinates":[[126.94038,37.49983],[126.94057,37.50027]]}},{"type":"Feature","properties":{"class":"minor","highway":"residential","sidewalk":"unknown","lanes":0,"name":"서달로","oneway":false},"geometry":{"type":"LineString","coordinates":[[126.96001,37.49917],[126.95984,37.49903],[126.95979,37.49896],[126.95955,37.49865],[126.95951,37.4986]]}},{"type":"Feature","properties":{"class":"minor","highway":"residential","sidewalk":"unknown","lanes":0,"name":"서달로","oneway":false},"geometry":{"type":"LineString","coordinates":[[126.95951,37.4986],[126.95936,37.49838]]}},{"type":"Feature","properties":{"class":"alley","highway":"service","sidewalk":"unknown","lanes":0,"name":"","oneway":false},"geometry":{"type":"LineString","coordinates":[[126.95,37.4974],[126.94994,37.4974],[126.94948,37.49741]]}},{"type":"Feature","properties":{"class":"alley","highway":"service","sidewalk":"unknown","lanes":0,"name":"양녕로23길","oneway":false},"geometry":{"type":"LineString","coordinates":[[126.94094,37.49756],[126.94079,37.49741],[126.94071,37.49738],[126.94056,37.49735]]}},{"type":"Feature","properties":{"class":"alley","highway":"service","sidewalk":"unknown","lanes":0,"name":"","oneway":false},"geometry":{"type":"LineString","coordinates":[[126.9573,37.49743],[126.95734,37.49742],[126.9579,37.49737]]}},{"type":"Feature","properties":{"class":"alley","highway":"service","sidewalk":"unknown","lanes":0,"name":"","oneway":false},"geometry":{"type":"LineString","coordinates":[[126.95805,37.49753],[126.95792,37.49734]]}},{"type":"Feature","properties":{"class":"alley","highway":"service","sidewalk":"unknown","lanes":0,"name":"","oneway":false},"geometry":{"type":"LineString","coordinates":[[126.96249,37.49895],[126.96237,37.49894],[126.96231,37.49887],[126.9622,37.49884],[126.96211,37.49878],[126.96199,37.49876],[126.96189,37.49871],[126.96179,37.49867],[126.96168,37.49862],[126.96157,37.49859],[126.96146,37.49857],[126.96134,37.49854],[126.96122,37.49854],[126.96111,37.49855],[126.96099,37.49855],[126.96087,37.49855],[126.96076,37.49855],[126.96064,37.49856],[126.96053,37.49856],[126.96041,37.49857],[126.9603,37.49857],[126.96018,37.49857],[126.96006,37.49859],[126.95995,37.49859],[126.95983,37.4986],[126.95972,37.4986],[126.9596,37.49864],[126.95955,37.49865]]}},{"type":"Feature","properties":{"class":"alley","highway":"service","sidewalk":"unknown","lanes":0,"name":"","oneway":false},"geometry":{"type":"LineString","coordinates":[[126.9487,37.4999],[126.94886,37.49996]]}},{"type":"Feature","properties":{"class":"alley","highway":"service","sidewalk":"unknown","lanes":0,"name":"","oneway":false},"geometry":{"type":"LineString","coordinates":[[126.9507,37.49929],[126.95036,37.49912],[126.95035,37.49911],[126.95034,37.49908],[126.95035,37.49905],[126.95036,37.49902],[126.95046,37.49889]]}},{"type":"Feature","properties":{"class":"major","highway":"primary","sidewalk":"likely","lanes":4,"name":"상도로","oneway":true},"geometry":{"type":"LineString","coordinates":[[126.95249,37.49752],[126.95261,37.49737],[126.95274,37.49722]]}},{"type":"Feature","properties":{"class":"major","highway":"primary","sidewalk":"likely","lanes":4,"name":"상도로","oneway":true},"geometry":{"type":"LineString","coordinates":[[126.95285,37.49728],[126.95273,37.49743],[126.95264,37.49754]]}},{"type":"Feature","properties":{"class":"major","highway":"primary","sidewalk":"likely","lanes":4,"name":"상도로","oneway":false},"geometry":{"type":"LineString","coordinates":[[126.95261,37.49758],[126.95264,37.49754]]}},{"type":"Feature","properties":{"class":"major","highway":"primary","sidewalk":"likely","lanes":4,"name":"상도로","oneway":true},"geometry":{"type":"LineString","coordinates":[[126.95111,37.4991],[126.95127,37.49892]]}},{"type":"Feature","properties":{"class":"major","highway":"primary","sidewalk":"likely","lanes":4,"name":"상도로","oneway":true},"geometry":{"type":"LineString","coordinates":[[126.95137,37.4988],[126.95141,37.49875],[126.95144,37.49872],[126.95183,37.49826]]}},{"type":"Feature","properties":{"class":"major","highway":"primary","sidewalk":"likely","lanes":4,"name":"상도로","oneway":true},"geometry":{"type":"LineString","coordinates":[[126.95127,37.49892],[126.95137,37.4988]]}},{"type":"Feature","properties":{"class":"major","highway":"primary","sidewalk":"likely","lanes":5,"name":"상도로","oneway":true},"geometry":{"type":"LineString","coordinates":[[126.95056,37.49974],[126.95111,37.4991]]}},{"type":"Feature","properties":{"class":"major","highway":"primary","sidewalk":"likely","lanes":4,"name":"상도로","oneway":true},"geometry":{"type":"LineString","coordinates":[[126.94912,37.50138],[126.94932,37.50116],[126.95006,37.50032],[126.95056,37.49974]]}},{"type":"Feature","properties":{"class":"major","highway":"primary","sidewalk":"likely","lanes":5,"name":"상도로","oneway":true},"geometry":{"type":"LineString","coordinates":[[126.95196,37.49833],[126.95165,37.49866],[126.95153,37.49881]]}},{"type":"Feature","properties":{"class":"major","highway":"primary","sidewalk":"likely","lanes":4,"name":"상도로","oneway":true},"geometry":{"type":"LineString","coordinates":[[126.95261,37.49758],[126.95247,37.49774],[126.95231,37.49793],[126.95196,37.49833]]}},{"type":"Feature","properties":{"class":"major","highway":"primary","sidewalk":"likely","lanes":5,"name":"상도로","oneway":true},"geometry":{"type":"LineString","coordinates":[[126.95183,37.49826],[126.95219,37.49786],[126.95235,37.49768],[126.95239,37.49763],[126.95249,37.49752]]}}]}