{"type":"FeatureCollection","features":[{"type":"Feature","properties":{"class":"major","highway":"trunk","sidewalk":"likely","lanes":2,"name":"서부간선지하도로","oneway":true},"geometry":{"type":"LineString","coordinates":[[126.8904,37.53798],[126.89066,37.53741],[126.89113,37.53634],[126.89136,37.53584],[126.89146,37.53553],[126.89157,37.53509],[126.89162,37.53471],[126.89161,37.53438],[126.89158,37.5339],[126.89151,37.53357],[126.89144,37.53326],[126.89127,37.53281],[126.89112,37.53249],[126.89094,37.53218],[126.89038,37.53135],[126.88981,37.53068],[126.88916,37.53014],[126.88846,37.52964],[126.88777,37.52927],[126.88705,37.52897],[126.88634,37.52872],[126.88554,37.52843],[126.88507,37.52823],[126.88464,37.52801],[126.88408,37.52771],[126.88358,37.52739],[126.88309,37.52707],[126.88266,37.52675],[126.88188,37.52602],[126.88122,37.52516],[126.88071,37.52432],[126.88026,37.52342],[126.88006,37.52294],[126.87988,37.52236],[126.87937,37.52028],[126.87886,37.51755],[126.8787,37.51682],[126.87842,37.51595],[126.8781,37.51508],[126.87775,37.51423],[126.87734,37.5134],[126.87601,37.51103],[126.87467,37.50893],[126.87399,37.50768],[126.87359,37.50668],[126.87141,37.50024],[126.87082,37.49828],[126.87062,37.49747],[126.87052,37.49681],[126.87047,37.49615],[126.87066,37.49469],[126.87093,37.49323],[126.87123,37.4915],[126.87149,37.4903],[126.87179,37.48855],[126.8721,37.48716],[126.8727,37.48536],[126.87305,37.4843],[126.87308,37.4842],[126.87334,37.48342],[126.87366,37.48257],[126.87407,37.48156],[126.87472,37.48014],[126.87542,37.4787],[126.87564,37.47825],[126.87586,37.4778],[126.87639,37.47691],[126.8769,37.47623],[126.8774,37.4756],[126.87803,37.47481],[126.87879,37.47395],[126.87945,37.47319],[126.88162,37.47087],[126.88233,37.47007],[126.88341,37.46886],[126.88452,37.46758]]}},{"type":"Feature","properties":{"class":"major","highway":"trunk","sidewalk":"likely","lanes":2,"name":"서부간선지하도로","oneway":true},"geometry":{"type":"LineString","coordinates":[[126.88461,37.46763],[126.88352,37.46891],[126.88225,37.47036],[126.8806,37.47215],[126.8795,37.47337],[126.87877,37.47423],[126.87806,37.47508],[126.87725,37.47607],[126.87645,37.4772],[126.8761,37.47777],[126.87584,37.47829],[126.87581,37.47834],[126.87508,37.4798],[126.87459,37.48086],[126.87413,37.48192],[126.87354,37.4834],[126.87303,37.48489],[126.8726,37.48622],[126.87232,37.48714],[126.87209,37.48807],[126.87173,37.49003],[126.8714,37.49166],[126.87101,37.49374],[126.87087,37.49467],[126.87079,37.49565],[126.8707,37.49618],[126.87073,37.49663],[126.87078,37.49705],[126.87099,37.49801],[126.87147,37.49967],[126.87211,37.50163],[126.87278,37.50362],[126.87346,37.50587],[126.87374,37.50663],[126.87411,37.50756],[126.87469,37.50862],[126.87541,37.50975],[126.87715,37.51271],[126.87758,37.51352],[126.87802,37.51444],[126.87842,37.51549],[126.87874,37.51634],[126.87889,37.5168],[126.87904,37.51743],[126.87915,37.51808],[126.8796,37.52055],[126.87996,37.52201],[126.88012,37.52258],[126.88048,37.52347],[126.88117,37.52478],[126.88188,37.52577],[126.88247,37.52633],[126.88296,37.52679],[126.88357,37.52718],[126.88423,37.52758],[126.88477,37.52789],[126.88536,37.52817],[126.88601,37.52842],[126.88666,37.52865],[126.88765,37.52905],[126.8882,37.5293],[126.88886,37.52969],[126.88924,37.52996],[126.88958,37.53025],[126.88999,37.53063],[126.89038,37.53112],[126.89109,37.53215],[126.89128,37.53245],[126.89144,37.5328],[126.89158,37.53322],[126.89171,37.53371],[126.89175,37.53413],[126.89177,37.53456],[126.89173,37.53489],[126.89169,37.53528],[126.89154,37.53572],[126.89139,37.53611],[126.89099,37.53692],[126.89051,37.53797],[126.89022,37.53858],[126.88898,37.54118]]}},{"type":"Feature","properties":{"class":"major","highway":"secondary","sidewalk":"yes","lanes":0,"name":"가마산로","oneway":false},"geometry":{"type":"LineString","coordinates":[[126.86765,37.48435],[126.86954,37.4847],[126.8706,37.4849]]}},{"type":"Feature","properties":{"class":"major","highway":"tertiary","sidewalk":"likely","lanes":0,"name":"가산디지털2로","oneway":false},"geometry":{"type":"LineString","coordinates":[[126.8793,37.47939],[126.87924,37.47955],[126.87893,37.48026],[126.87887,37.48038],[126.87881,37.48052],[126.87853,37.48121]]}},{"type":"Feature","properties":{"class":"major","highway":"tertiary","sidewalk":"likely","lanes":0,"name":"가산디지털1로","oneway":false},"geometry":{"type":"LineString","coordinates":[[126.87774,37.48295],[126.87787,37.48299],[126.87884,37.48326],[126.87891,37.48328],[126.87984,37.48353],[126.87989,37.48355],[126.88014,37.48362]]}},{"type":"Feature","properties":{"class":"minor","highway":"residential","sidewalk":"unknown","lanes":0,"name":"광복로","oneway":false},"geometry":{"type":"LineString","coordinates":[[126.86379,37.48885],[126.86406,37.48904],[126.86428,37.4892],[126.86502,37.48962],[126.8655,37.48988],[126.86586,37.49008],[126.8661,37.49021],[126.86623,37.49027]]}},{"type":"Feature","properties":{"class":"minor","highway":"residential","sidewalk":"unknown","lanes":0,"name":"","oneway":false},"geometry":{"type":"LineString","coordinates":[[126.86623,37.49027],[126.86696,37.48954],[126.86719,37.4893]]}},{"type":"Feature","properties":{"class":"major","highway":"secondary_link","sidewalk":"likely","lanes":0,"name":"","oneway":true},"geometry":{"type":"LineString","coordinates":[[126.87909,37.48711],[126.87901,37.48711],[126.87891,37.48711],[126.87884,37.48711],[126.87877,37.48711],[126.87863,37.48714],[126.8783,37.48726]]}},{"type":"Feature","properties":{"class":"major","highway":"secondary_link","sidewalk":"likely","lanes":0,"name":"","oneway":true},"geometry":{"type":"LineString","coordinates":[[126.87972,37.48732],[126.87952,37.48725],[126.8794,37.4872],[126.87934,37.48717],[126.87927,37.48714],[126.87918,37.48712]]}},{"type":"Feature","properties":{"class":"major","highway":"secondary","sidewalk":"likely","lanes":0,"name":"가마산로","oneway":false},"geometry":{"type":"LineString","coordinates":[[126.87972,37.48732],[126.8798,37.48744],[126.88007,37.48778],[126.88041,37.48829],[126.88068,37.48867]]}},{"type":"Feature","properties":{"class":"major","highway":"primary","sidewalk":"likely","lanes":0,"name":"남부순환로","oneway":true},"geometry":{"type":"LineString","coordinates":[[126.87846,37.48681],[126.87832,37.48689]]}},{"type":"Feature","properties":{"class":"major","highway":"primary","sidewalk":"likely","lanes":3,"name":"남부순환로","oneway":true},"geometry":{"type":"LineString","coordinates":[[126.86684,37.49263],[126.86756,37.49253],[126.86801,37.49247],[126.86938,37.49231]]}},{"type":"Feature","properties":{"class":"major","highway":"primary","sidewalk":"likely","lanes":2,"name":"남부순환로","oneway":true},"geometry":{"type":"LineString","coordinates":[[126.86938,37.49231],[126.87196,37.492],[126.87242,37.49192]]}},{"type":"Feature","properties":{"class":"major","highway":"primary","sidewalk":"likely","lanes":0,"name":"남부순환로","oneway":true},"geometry":{"type":"LineString","coordinates":[[126.88143,37.48556],[126.88109,37.48571],[126.88056,37.4859],[126.87944,37.48631]]}},{"type":"Feature","properties":{"class":"major","highway":"primary_link","sidewalk":"likely","lanes":0,"name":"","oneway":true},"geometry":{"type":"LineString","coordinates":[[126.87629,37.48818],[126.87622,37.48827],[126.87616,37.48835],[126.87614,37.4884],[126.87614,37.48845],[126.87614,37.48849],[126.87616,37.48852],[126.8762,37.48855],[126.87624,37.48856],[126.87629,37.48856],[126.87635,37.48856],[126.87642,37.48853],[126.87649,37.48848],[126.87657,37.48843],[126.87666,37.48834],[126.87687,37.48822]]}},{"type":"Feature","properties":{"class":"major","highway":"primary","sidewalk":"likely","lanes":4,"name":"남부순환로","oneway":true},"geometry":{"type":"LineString","coordinates":[[126.86617,37.49281],[126.86247,37.49326]]}},{"type":"Feature","properties":{"class":"major","highway":"primary","sidewalk":"likely","lanes":0,"name":"남부순환로","oneway":true},"geometry":{"type":"LineString","coordinates":[[126.87242,37.49192],[126.87273,37.49184],[126.87296,37.49178],[126.87328,37.49167],[126.87365,37.49151],[126.87401,37.49131],[126.87438,37.49103],[126.87473,37.49071],[126.87524,37.49012],[126.87577,37.4895]]}},{"type":"Feature","properties":{"class":"major","highway":"primary_link","sidewalk":"likely","lanes":0,"name":"","oneway":true},"geometry":{"type":"LineString","coordinates":[[126.87714,37.48579],[126.87801,37.48612],[126.87822,37.4862],[126.87843,37.48626],[126.87863,37.48627],[126.87881,37.48627],[126.87912,37.48621],[126.87948,37.48612],[126.87982,37.48605]]}},{"type":"Feature","properties":{"class":"major","highway":"primary_link","sidewalk":"likely","lanes":0,"name":"","oneway":true},"geometry":{"type":"LineString","coordinates":[[126.87834,37.48634],[126.87869,37.48646],[126.87905,37.48665],[126.87922,37.48674],[126.87952,37.48688]]}},{"type":"Feature","properties":{"class":"major","highway":"primary_link","sidewalk":"likely","lanes":0,"name":"","oneway":true},"geometry":{"type":"LineString","coordinates":[[126.87577,37.4895],[126.87583,37.48933],[126.8759,37.4892],[126.87594,37.48912],[126.87596,37.48906],[126.87597,37.48901],[126.87599,37.48894],[126.87599,37.48889],[126.87599,37.48874],[126.87598,37.48857],[126.87598,37.48853],[126.87599,37.48847],[126.87602,37.48841],[126.87605,37.48836],[126.87613,37.48829],[126.87623,37.48821],[126.87629,37.48818]]}},{"type":"Feature","properties":{"class":"major","highway":"secondary_link","sidewalk":"likely","lanes":0,"name":"","oneway":true},"geometry":{"type":"LineString","coordinates":[[126.87918,37.48712],[126.87909,37.48711]]}},{"type":"Feature","properties":{"class":"major","highway":"primary","sidewalk":"likely","lanes":3,"name":"남부순환로","oneway":true},"geometry":{"type":"LineString","coordinates":[[126.86692,37.49271],[126.86617,37.49281]]}},{"type":"Feature","properties":{"class":"major","highway":"primary","sidewalk":"likely","lanes":2,"name":"남부순환로","oneway":true},"geometry":{"type":"LineString","coordinates":[[126.86935,37.49241],[126.86802,37.49257]]}},{"type":"Feature","properties":{"class":"major","highway":"primary","sidewalk":"likely","lanes":3,"name":"남부순환로","oneway":true},"geometry":{"type":"LineString","coordinates":[[126.86608,37.49272],[126.86684,37.49263]]}},{"type":"Feature","properties":{"class":"major","highway":"secondary_link","sidewalk":"likely","lanes":0,"name":"","oneway":false},"geometry":{"type":"LineString","coordinates":[[126.87852,37.487],[126.87853,37.48695],[126.87853,37.48692],[126.87853,37.48688],[126.87852,37.48683],[126.87849,37.48678],[126.87845,37.48673],[126.87839,37.48668],[126.87832,37.48664],[126.87826,37.48663],[126.87819,37.48662],[126.87814,37.48662],[126.87807,37.48663],[126.87801,37.48665],[126.87796,37.48668],[126.8778,37.48679]]}},{"type":"Feature","properties":{"class":"major","highway":"primary","sidewalk":"likely","lanes":0,"name":"남부순환로","oneway":true},"geometry":{"type":"LineString","coordinates":[[126.87824,37.48684],[126.87846,37.48669],[126.87883,37.48648],[126.87917,37.48632],[126.87958,37.48615],[126.87982,37.48605],[126.88069,37.48576],[126.88119,37.48556],[126.88148,37.48544]]}},{"type":"Feature","properties":{"class":"major","highway":"secondary","sidewalk":"likely","lanes":0,"name":"","oneway":false},"geometry":{"type":"LineString","coordinates":[[126.87648,37.48565],[126.87648,37.48573]]}},{"type":"Feature","properties":{"class":"major","highway":"primary_link","sidewalk":"likely","lanes":0,"name":"","oneway":true},"geometry":{"type":"LineString","coordinates":[[126.87823,37.48711],[126.87823,37.48716],[126.87823,37.48719],[126.87823,37.48723],[126.87824,37.48726],[126.87826,37.48729],[126.87827,37.48731],[126.87829,37.48732],[126.87831,37.48734],[126.87836,37.48738],[126.87842,37.48741],[126.87848,37.48742]]}},{"type":"Feature","properties":{"class":"major","highway":"primary","sidewalk":"likely","lanes":2,"name":"남부순환로","oneway":true},"geometry":{"type":"LineString","coordinates":[[126.87241,37.49203],[126.87195,37.4921],[126.86935,37.49241]]}},{"type":"Feature","properties":{"class":"major","highway":"primary_link","sidewalk":"likely","lanes":0,"name":"","oneway":true},"geometry":{"type":"LineString","coordinates":[[126.87848,37.48742],[126.87855,37.48743],[126.87862,37.48744],[126.87871,37.48743],[126.8788,37.48742],[126.87886,37.48741],[126.87892,37.48739],[126.87899,37.48736],[126.87903,37.48733],[126.87906,37.48731],[126.8791,37.48726],[126.87913,37.4872],[126.87914,37.48716],[126.87914,37.48712],[126.87914,37.48707],[126.87913,37.48705],[126.87913,37.48704],[126.87911,37.48701],[126.87909,37.48697],[126.87905,37.48694],[126.87884,37.48679],[126.87834,37.48649],[126.87825,37.4864]]}},{"type":"Feature","properties":{"class":"major","highway":"primary","sidewalk":"likely","lanes":0,"name":"광명지하도로","oneway":false},"geometry":{"type":"LineString","coordinates":[[126.87093,37.48545],[126.87068,37.48617],[126.87029,37.4871]]}},{"type":"Feature","properties":{"class":"major","highway":"primary","sidewalk":"likely","lanes":0,"name":"안양천로","oneway":true},"geometry":{"type":"LineString","coordinates":[[126.86952,37.49134],[126.86937,37.49207],[126.86927,37.49246],[126.86911,37.49301],[126.86862,37.49454],[126.86819,37.49583],[126.86807,37.49621],[126.868,37.49658],[126.868,37.49695]]}},{"type":"Feature","properties":{"class":"major","highway":"primary","sidewalk":"likely","lanes":0,"name":"광명지하도로","oneway":false},"geometry":{"type":"LineString","coordinates":[[126.87124,37.48451],[126.87093,37.48545]]}},{"type":"Feature","properties":{"class":"major","highway":"secondary","sidewalk":"likely","lanes":0,"name":"고척2지하도로","oneway":true},"geometry":{"type":"LineString","coordinates":[[126.86876,37.49925],[126.86897,37.4998]]}},{"type":"Feature","properties":{"class":"major","highway":"secondary","sidewalk":"likely","lanes":0,"name":"안양천로","oneway":true},"geometry":{"type":"LineString","coordinates":[[126.868,37.49695],[126.86801,37.49712],[126.86803,37.49729]]}},{"type":"Feature","properties":{"class":"minor","highway":"residential","sidewalk":"unknown","lanes":0,"name":"서부샛길","oneway":false},"geometry":{"type":"LineString","coordinates":[[126.87627,37.47931],[126.87557,37.48079],[126.87491,37.48217],[126.8746,37.4829],[126.87451,37.48319],[126.87442,37.48347],[126.87437,37.48368],[126.87434,37.48385],[126.87428,37.4842],[126.87415,37.4849],[126.87413,37.48505]]}},{"type":"Feature","properties":{"class":"minor","highway":"residential","sidewalk":"unknown","lanes":0,"name":"","oneway":true},"geometry":{"type":"LineString","coordinates":[[126.87515,37.48524],[126.87519,37.48525],[126.87578,37.4854],[126.876,37.48547],[126.87621,37.48557]]}},{"type":"Feature","properties":{"class":"major","highway":"secondary","sidewalk":"likely","lanes":7,"name":"중앙로","oneway":false},"geometry":{"type":"LineString","coordinates":[[126.86458,37.49892],[126.86382,37.50031],[126.86364,37.50063]]}},{"type":"Feature","properties":{"class":"major","highway":"primary_link","sidewalk":"likely","lanes":0,"name":"","oneway":false},"geometry":{"type":"LineString","coordinates":[[126.87629,37.48818],[126.87649,37.48801],[126.87681,37.48778],[126.87693,37.48769],[126.87697,37.48764],[126.8771,37.48751],[126.87726,37.48733],[126.87737,37.4872]]}},{"type":"Feature","properties":{"class":"major","highway":"tertiary","sidewalk":"likely","lanes":0,"name":"가산디지털1로","oneway":false},"geometry":{"type":"LineString","coordinates":[[126.88014,37.48362],[126.88013,37.48364],[126.88007,37.48378],[126.87998,37.48399],[126.87973,37.48456],[126.87967,37.48469],[126.87961,37.48485],[126.87957,37.48494],[126.87938,37.48537],[126.87908,37.48601]]}},{"type":"Feature","properties":{"class":"major","highway":"primary_link","sidewalk":"likely","lanes":0,"name":"","oneway":true},"geometry":{"type":"LineString","coordinates":[[126.87952,37.48688],[126.87959,37.4869],[126.87966,37.48691],[126.87973,37.48692],[126.87979,37.48691],[126.87987,37.4869],[126.87994,37.48688],[126.88001,37.48685],[126.88006,37.48682],[126.88009,37.48679]]}},{"type":"Feature","properties":{"class":"major","highway":"primary","sidewalk":"likely","lanes":0,"name":"남부순환로","oneway":true},"geometry":{"type":"LineString","coordinates":[[126.87577,37.4895],[126.87611,37.48911],[126.87687,37.48822],[126.87736,37.48762],[126.87788,37.48712],[126.87824,37.48684]]}},{"type":"Feature","properties":{"class":"major","highway":"primary","sidewalk":"likely","lanes":0,"name":"남부순환로","oneway":true},"geometry":{"type":"LineString","coordinates":[[126.87944,37.48631],[126.87933,37.48635],[126.87921,37.4864],[126.879,37.4865],[126.87877,37.48662],[126.87846,37.48681]]}},{"type":"Feature","properties":{"class":"major","highway":"primary_link","sidewalk":"likely","lanes":0,"name":"","oneway":true},"geometry":{"type":"LineString","coordinates":[[126.88009,37.48679],[126.88013,37.48675],[126.88015,37.4867],[126.88016,37.48664],[126.88016,37.48659],[126.88016,37.48654],[126.88015,37.48649],[126.88012,37.48645],[126.88009,37.4864],[126.88002,37.48634],[126.87994,37.4863],[126.87987,37.48628],[126.87978,37.48628],[126.87966,37.48628],[126.87944,37.48631]]}},{"type":"Feature","properties":{"class":"major","highway":"tertiary","sidewalk":"likely","lanes":0,"name":"가산디지털2로","oneway":false},"geometry":{"type":"LineString","coordinates":[[126.87774,37.48295],[126.87768,37.4831],[126.87748,37.48353],[126.87726,37.48399],[126.87721,37.48409],[126.87701,37.48452],[126.87674,37.48511],[126.87655,37.48551],[126.87648,37.48565]]}},{"type":"Feature","properties":{"class":"major","highway":"secondary","sidewalk":"yes","lanes":0,"name":"시청로","oneway":false},"geometry":{"type":"LineString","coordinates":[[126.86499,37.48134],[126.86577,37.48255],[126.8658,37.48259],[126.86646,37.48358],[126.86651,37.4837],[126.86652,37.48384],[126.86645,37.48413]]}},{"type":"Feature","properties":{"class":"major","highway":"tertiary","sidewalk":"yes","lanes":0,"name":"모세로","oneway":false},"geometry":{"type":"LineString","coordinates":[[126.86787,37.48057],[126.86938,37.48092],[126.8706,37.48121],[126.87226,37.48156]]}},{"type":"Feature","properties":{"class":"major","highway":"secondary","sidewalk":"yes","lanes":0,"name":"","oneway":false},"geometry":{"type":"LineString","coordinates":[[126.86322,37.47724],[126.8633,37.47737],[126.8638,37.47819],[126.86386,37.47829],[126.86391,37.47843],[126.86386,37.47894],[126.86384,37.4793],[126.86384,37.47934],[126.86384,37.47939],[126.86385,37.47958],[126.8639,37.47973],[126.8641,37.48003],[126.86441,37.48048],[126.86499,37.48134]]}},{"type":"Feature","properties":{"class":"minor","highway":"residential","sidewalk":"unknown","lanes":0,"name":"경인로43길","oneway":false},"geometry":{"type":"LineString","coordinates":[[126.85737,37.49986],[126.85949,37.4992],[126.85967,37.49911],[126.86072,37.49828],[126.86138,37.4978],[126.86211,37.49723]]}},{"type":"Feature","properties":{"class":"minor","highway":"residential","sidewalk":"unknown","lanes":0,"name":"중앙로3길","oneway":false},"geometry":{"type":"LineString","coordinates":[[126.86382,37.50031],[126.8628,37.5],[126.8617,37.49909],[126.8614,37.49884],[126.86072,37.49828]]}},{"type":"Feature","properties":{"class":"minor","highway":"residential","sidewalk":"unknown","lanes":0,"name":"중앙로1길","oneway":false},"geometry":{"type":"LineString","coordinates":[[126.8628,37.5],[126.86331,37.49915],[126.86381,37.49829]]}},{"type":"Feature","properties":{"class":"minor","highway":"residential","sidewalk":"unknown","lanes":0,"name":"중앙로1길","oneway":false},"geometry":{"type":"LineString","coordinates":[[126.86458,37.49892],[126.86381,37.49829],[126.86336,37.49787],[126.86309,37.49771],[126.86289,37.49761],[126.86211,37.49723]]}},{"type":"Feature","properties":{"class":"minor","highway":"residential","sidewalk":"unknown","lanes":0,"name":"경인로42길","oneway":false},"geometry":{"type":"LineString","coordinates":[[126.86059,37.49479],[126.86096,37.49572],[126.86118,37.49631]]}},{"type":"Feature","properties":{"class":"minor","highway":"residential","sidewalk":"unknown","lanes":0,"name":"경인로46길","oneway":false},"geometry":{"type":"LineString","coordinates":[[126.86495,37.49694],[126.86509,37.49623],[126.86522,37.49561]]}},{"type":"Feature","properties":{"class":"minor","highway":"residential","sidewalk":"yes","lanes":3,"name":"개봉로2길","oneway":false},"geometry":{"type":"LineString","coordinates":[[126.86045,37.49245],[126.86043,37.4924],[126.86042,37.49235],[126.86041,37.49206],[126.86041,37.49205],[126.86041,37.49199],[126.8604,37.49194]]}},{"type":"Feature","properties":{"class":"minor","highway":"residential","sidewalk":"unknown","lanes":0,"name":"경인로","oneway":false},"geometry":{"type":"LineString","coordinates":[[126.86336,37.49787],[126.86403,37.49733]]}},{"type":"Feature","properties":{"class":"alley","highway":"service","sidewalk":"unknown","lanes":0,"name":"","oneway":false},"geometry":{"type":"LineString","coordinates":[[126.86849,37.49976],[126.8685,37.49979],[126.86854,37.49995],[126.86854,37.50001],[126.86849,37.50005],[126.86814,37.50022]]}},{"type":"Feature","properties":{"class":"alley","highway":"service","sidewalk":"unknown","lanes":0,"name":"","oneway":false},"geometry":{"type":"LineString","coordinates":[[126.86752,37.50135],[126.86718,37.50116],[126.8668,37.5007],[126.86729,37.50044],[126.86736,37.50053],[126.86751,37.50071],[126.86823,37.50036],[126.86825,37.50028],[126.8686,37.50012],[126.86863,37.49999],[126.86856,37.49985],[126.8685,37.49979]]}},{"type":"Feature","properties":{"class":"alley","highway":"service","sidewalk":"unknown","lanes":0,"name":"","oneway":false},"geometry":{"type":"LineString","coordinates":[[126.85913,37.49574],[126.8599,37.49547],[126.85996,37.49559],[126.8602,37.49551],[126.86007,37.4952],[126.86001,37.49522],[126.85992,37.49507]]}},{"type":"Feature","properties":{"class":"alley","highway":"service","sidewalk":"unknown","lanes":0,"name":"","oneway":false},"geometry":{"type":"LineString","coordinates":[[126.85934,37.49629],[126.85996,37.4961],[126.86002,37.49623],[126.86032,37.49614],[126.8604,37.49628]]}},{"type":"Feature","properties":{"class":"minor","highway":"residential","sidewalk":"unknown","lanes":0,"name":"","oneway":false},"geometry":{"type":"LineString","coordinates":[[126.8614,37.49884],[126.86212,37.49825],[126.86289,37.49761]]}},{"type":"Feature","properties":{"class":"alley","highway":"service","sidewalk":"unknown","lanes":0,"name":"","oneway":false},"geometry":{"type":"LineString","coordinates":[[126.86212,37.49825],[126.8632,37.49907],[126.86331,37.49915]]}},{"type":"Feature","properties":{"class":"alley","highway":"service","sidewalk":"unknown","lanes":0,"name":"","oneway":false},"geometry":{"type":"LineString","coordinates":[[126.8632,37.49907],[126.86311,37.49921],[126.86289,37.49937],[126.86233,37.49896]]}},{"type":"Feature","properties":{"class":"alley","highway":"service","sidewalk":"unknown","lanes":0,"name":"","oneway":false},"geometry":{"type":"LineString","coordinates":[[126.8632,37.49907],[126.86343,37.4987],[126.86328,37.4986],[126.86312,37.49847],[126.86327,37.49834]]}},{"type":"Feature","properties":{"class":"alley","highway":"service","sidewalk":"unknown","lanes":0,"name":"","oneway":false},"geometry":{"type":"LineString","coordinates":[[126.86328,37.4986],[126.86343,37.49847]]}},{"type":"Feature","properties":{"class":"alley","highway":"service","sidewalk":"unknown","lanes":0,"name":"경인로","oneway":false},"geometry":{"type":"LineString","coordinates":[[126.8665,37.49933],[126.86643,37.49946],[126.86643,37.49949],[126.8665,37.49953],[126.86671,37.4997],[126.86674,37.49973],[126.86675,37.49976],[126.86674,37.49979],[126.86671,37.49981],[126.86666,37.49985]]}},{"type":"Feature","properties":{"class":"minor","highway":"unclassified","sidewalk":"unknown","lanes":2,"name":"","oneway":false},"geometry":{"type":"LineString","coordinates":[[126.86728,37.49275],[126.86737,37.49285],[126.86752,37.493],[126.86762,37.49318],[126.8681,37.49305],[126.86802,37.49257]]}},{"type":"Feature","properties":{"class":"major","highway":"primary_link","sidewalk":"likely","lanes":0,"name":"","oneway":true},"geometry":{"type":"LineString","coordinates":[[126.86978,37.48986],[126.86984,37.49008],[126.86969,37.49109],[126.8695,37.49182],[126.86941,37.49205]]}},{"type":"Feature","properties":{"class":"minor","highway":"unclassified","sidewalk":"unknown","lanes":2,"name":"","oneway":false},"geometry":{"type":"LineString","coordinates":[[126.86916,37.49311],[126.86913,37.4931],[126.86879,37.49305],[126.86866,37.49303],[126.86853,37.49301],[126.86845,37.49301],[126.8681,37.49305]]}},{"type":"Feature","properties":{"class":"minor","highway":"residential","sidewalk":"yes","lanes":2,"name":"","oneway":false},"geometry":{"type":"LineString","coordinates":[[126.86673,37.48881],[126.86695,37.48871],[126.86787,37.48827],[126.86795,37.48819],[126.868,37.48812],[126.86804,37.48805],[126.8683,37.48753]]}},{"type":"Feature","properties":{"class":"minor","highway":"residential","sidewalk":"unknown","lanes":0,"name":"사성로","oneway":false},"geometry":{"type":"LineString","coordinates":[[126.86719,37.4893],[126.86747,37.48961],[126.86792,37.49053],[126.86798,37.49059],[126.86803,37.49061],[126.86867,37.49065],[126.86939,37.49069]]}},{"type":"Feature","properties":{"class":"minor","highway":"residential","sidewalk":"yes","lanes":0,"name":"사성로","oneway":false},"geometry":{"type":"LineString","coordinates":[[126.86673,37.48881],[126.86632,37.48838],[126.86541,37.48737],[126.86532,37.48715],[126.86527,37.48673]]}},{"type":"Feature","properties":{"class":"alley","highway":"service","sidewalk":"unknown","lanes":0,"name":"","oneway":false},"geometry":{"type":"LineString","coordinates":[[126.86714,37.48835],[126.86655,37.48773],[126.86654,37.4877],[126.86716,37.48718],[126.86724,37.48704]]}},{"type":"Feature","properties":{"class":"minor","highway":"residential","sidewalk":"unknown","lanes":0,"name":"목감로","oneway":false},"geometry":{"type":"LineString","coordinates":[[126.86801,37.49232],[126.86716,37.49242],[126.8668,37.49247],[126.86672,37.49247],[126.86665,37.49244],[126.86647,37.49223],[126.86643,37.49218],[126.86577,37.4916],[126.86529,37.49128],[126.86527,37.49127],[126.86525,37.49125],[126.86484,37.49098],[126.86442,37.49081],[126.86424,37.49072],[126.86418,37.49072],[126.86332,37.49061],[126.86312,37.49057]]}},{"type":"Feature","properties":{"class":"alley","highway":"service","sidewalk":"unknown","lanes":0,"name":"","oneway":false},"geometry":{"type":"LineString","coordinates":[[126.86632,37.48838],[126.86615,37.48859],[126.86587,37.48891],[126.86585,37.48894],[126.86568,37.48914],[126.86552,37.48933]]}},{"type":"Feature","properties":{"class":"minor","highway":"residential","sidewalk":"unknown","lanes":0,"name":"사성로75번길","oneway":false},"geometry":{"type":"LineString","coordinates":[[126.86302,37.49127],[126.86303,37.49118]]}},{"type":"Feature","properties":{"class":"alley","highway":"service","sidewalk":"unknown","lanes":0,"name":"","oneway":false},"geometry":{"type":"LineString","coordinates":[[126.86792,37.49053],[126.86761,37.49088],[126.86702,37.49155],[126.8659,37.4909],[126.86607,37.49069]]}},{"type":"Feature","properties":{"class":"alley","highway":"service","sidewalk":"unknown","lanes":0,"name":"","oneway":false},"geometry":{"type":"LineString","coordinates":[[126.86251,37.49604],[126.86284,37.49595],[126.86308,37.49589],[126.86317,37.49565],[126.8637,37.49576]]}},{"type":"Feature","properties":{"class":"alley","highway":"service","sidewalk":"unknown","lanes":0,"name":"","oneway":false},"geometry":{"type":"LineString","coordinates":[[126.86251,37.49604],[126.8621,37.49612],[126.86164,37.49621],[126.86148,37.4956],[126.86144,37.49549],[126.86163,37.49509],[126.8617,37.49493],[126.8618,37.49471],[126.86215,37.49464]]}},{"type":"Feature","properties":{"class":"alley","highway":"service","sidewalk":"unknown","lanes":0,"name":"","oneway":false},"geometry":{"type":"LineString","coordinates":[[126.86495,37.49694],[126.86411,37.49679]]}},{"type":"Feature","properties":{"class":"alley","highway":"service","sidewalk":"unknown","lanes":0,"name":"","oneway":false},"geometry":{"type":"LineString","coordinates":[[126.86411,37.49679],[126.86425,37.49636],[126.86443,37.49641],[126.86481,37.49649],[126.86499,37.49587],[126.86512,37.49537],[126.86523,37.49484],[126.86484,37.49476]]}},{"type":"Feature","properties":{"class":"alley","highway":"service","sidewalk":"unknown","lanes":0,"name":"","oneway":false},"geometry":{"type":"LineString","coordinates":[[126.86411,37.49679],[126.86383,37.49642],[126.86368,37.4962],[126.86374,37.496],[126.86385,37.49562],[126.86394,37.49529],[126.86405,37.49492],[126.86412,37.49466],[126.86415,37.49456]]}},{"type":"Feature","properties":{"class":"alley","highway":"service","sidewalk":"unknown","lanes":0,"name":"","oneway":false},"geometry":{"type":"LineString","coordinates":[[126.86096,37.49572],[126.86148,37.4956]]}},{"type":"Feature","properties":{"class":"alley","highway":"service","sidewalk":"unknown","lanes":0,"name":"","oneway":false},"geometry":{"type":"LineString","coordinates":[[126.86007,37.49049],[126.86,37.49054],[126.8599,37.49056],[126.85965,37.49047],[126.8594,37.49047],[126.85919,37.49043],[126.85915,37.49044],[126.85894,37.49049],[126.85866,37.49055]]}},{"type":"Feature","properties":{"class":"alley","highway":"service","sidewalk":"unknown","lanes":0,"name":"","oneway":false},"geometry":{"type":"LineString","coordinates":[[126.86039,37.49057],[126.86024,37.49039],[126.86045,37.49027],[126.86062,37.49044],[126.86039,37.49057],[126.86024,37.49066]]}},{"type":"Feature","properties":{"class":"alley","highway":"service","sidewalk":"unknown","lanes":0,"name":"","oneway":false},"geometry":{"type":"LineString","coordinates":[[126.85972,37.49014],[126.86001,37.48999],[126.86006,37.48989],[126.86006,37.4898],[126.86005,37.48971],[126.86,37.48963],[126.85989,37.48958],[126.8598,37.48956],[126.85962,37.4896],[126.85945,37.48986]]}},{"type":"Feature","properties":{"class":"alley","highway":"service","sidewalk":"unknown","lanes":0,"name":"","oneway":false},"geometry":{"type":"LineString","coordinates":[[126.86234,37.49217],[126.86233,37.49214],[126.86226,37.49193],[126.86225,37.49181],[126.86215,37.49155],[126.86199,37.49147],[126.86175,37.49146],[126.86139,37.49147],[126.8613,37.49147],[126.861,37.49148],[126.86075,37.49149],[126.86069,37.4915],[126.86061,37.49149]]}},{"type":"Feature","properties":{"class":"alley","highway":"living_street","sidewalk":"yes","lanes":2,"name":"","oneway":false},"geometry":{"type":"LineString","coordinates":[[126.85823,37.49309],[126.85831,37.49308],[126.85846,37.49307],[126.8587,37.49296],[126.85884,37.4929],[126.85923,37.49267],[126.85937,37.49257],[126.85979,37.49226],[126.85982,37.49223],[126.85986,37.49221],[126.86,37.49212],[126.86034,37.49207],[126.86041,37.49206]]}},{"type":"Feature","properties":{"class":"alley","highway":"living_street","sidewalk":"unknown","lanes":0,"name":"","oneway":false},"geometry":{"type":"LineString","coordinates":[[126.85882,37.49134],[126.85932,37.49098],[126.85948,37.49099],[126.8596,37.49109],[126.85972,37.49133],[126.8599,37.49137],[126.86006,37.49152],[126.8596,37.49182],[126.85946,37.49192]]}},{"type":"Feature","properties":{"class":"alley","highway":"service","sidewalk":"unknown","lanes":0,"name":"","oneway":false},"geometry":{"type":"LineString","coordinates":[[126.85948,37.49099],[126.85971,37.49082],[126.85994,37.49082],[126.86,37.49088]]}},{"type":"Feature","properties":{"class":"alley","highway":"service","sidewalk":"unknown","lanes":0,"name":"","oneway":false},"geometry":{"type":"LineString","coordinates":[[126.86006,37.49152],[126.86028,37.49133],[126.86025,37.49124],[126.8602,37.49118],[126.86038,37.49106]]}},{"type":"Feature","properties":{"class":"alley","highway":"service","sidewalk":"unknown","lanes":0,"name":"","oneway":false},"geometry":{"type":"LineString","coordinates":[[126.86139,37.49147],[126.86136,37.49112],[126.86196,37.49108]]}},{"type":"Feature","properties":{"class":"alley","highway":"service","sidewalk":"unknown","lanes":0,"name":"","oneway":false},"geometry":{"type":"LineString","coordinates":[[126.86136,37.49112],[126.86096,37.49115]]}},{"type":"Feature","properties":{"class":"alley","highway":"service","sidewalk":"unknown","lanes":0,"name":"","oneway":false},"geometry":{"type":"LineString","coordinates":[[126.86226,37.49193],[126.86258,37.4919],[126.86254,37.49151],[126.86215,37.49155]]}},{"type":"Feature","properties":{"class":"alley","highway":"service","sidewalk":"unknown","lanes":0,"name":"","oneway":false},"geometry":{"type":"LineString","coordinates":[[126.86225,37.49181],[126.86183,37.49184],[126.86181,37.49155]]}},{"type":"Feature","properties":{"class":"alley","highway":"service","sidewalk":"unknown","lanes":0,"name":"","oneway":false},"geometry":{"type":"LineString","coordinates":[[126.8613,37.49147],[126.86133,37.49166],[126.86135,37.49186]]}},{"type":"Feature","properties":{"class":"alley","highway":"service","sidewalk":"unknown","lanes":0,"name":"","oneway":false},"geometry":{"type":"LineString","coordinates":[[126.86155,37.49186],[126.86135,37.49186],[126.86115,37.49188],[126.86114,37.49168],[126.86133,37.49166]]}},{"type":"Feature","properties":{"class":"alley","highway":"service","sidewalk":"unknown","lanes":0,"name":"","oneway":false},"geometry":{"type":"LineString","coordinates":[[126.861,37.49148],[126.86105,37.49184]]}},{"type":"Feature","properties":{"class":"alley","highway":"service","sidewalk":"unknown","lanes":0,"name":"","oneway":false},"geometry":{"type":"LineString","coordinates":[[126.86069,37.4915],[126.86072,37.49187]]}},{"type":"Feature","properties":{"class":"alley","highway":"service","sidewalk":"unknown","lanes":0,"name":"","oneway":false},"geometry":{"type":"LineString","coordinates":[[126.86006,37.49152],[126.86013,37.49163],[126.85995,37.49177]]}},{"type":"Feature","properties":{"class":"alley","highway":"service","sidewalk":"unknown","lanes":0,"name":"남부순환로97길","oneway":false},"geometry":{"type":"LineString","coordinates":[[126.8618,37.49376],[126.85946,37.4942],[126.85933,37.49416],[126.85862,37.4943],[126.85857,37.49431]]}},{"type":"Feature","properties":{"class":"alley","highway":"service","sidewalk":"unknown","lanes":0,"name":"","oneway":false},"geometry":{"type":"LineString","coordinates":[[126.86317,37.49565],[126.86337,37.49526],[126.86325,37.49497],[126.86311,37.49463]]}},{"type":"Feature","properties":{"class":"alley","highway":"service","sidewalk":"unknown","lanes":0,"name":"","oneway":false},"geometry":{"type":"LineString","coordinates":[[126.8617,37.49493],[126.86229,37.49481],[126.86248,37.49476],[126.86267,37.49472],[126.86311,37.49463]]}},{"type":"Feature","properties":{"class":"alley","highway":"service","sidewalk":"unknown","lanes":0,"name":"","oneway":false},"geometry":{"type":"LineString","coordinates":[[126.86229,37.49481],[126.86243,37.49524],[126.86216,37.4953]]}},{"type":"Feature","properties":{"class":"alley","highway":"service","sidewalk":"unknown","lanes":0,"name":"","oneway":false},"geometry":{"type":"LineString","coordinates":[[126.86499,37.49587],[126.86433,37.49574]]}},{"type":"Feature","properties":{"class":"alley","highway":"service","sidewalk":"unknown","lanes":0,"name":"","oneway":false},"geometry":{"type":"LineString","coordinates":[[126.86509,37.49623],[126.86559,37.49629],[126.86552,37.49659],[126.86636,37.49669]]}},{"type":"Feature","properties":{"class":"alley","highway":"service","sidewalk":"unknown","lanes":0,"name":"","oneway":false},"geometry":{"type":"LineString","coordinates":[[126.86559,37.49629],[126.8657,37.49582]]}},{"type":"Feature","properties":{"class":"alley","highway":"service","sidewalk":"unknown","lanes":0,"name":"","oneway":false},"geometry":{"type":"LineString","coordinates":[[126.86164,37.49621],[126.86132,37.49628],[126.86118,37.49631]]}},{"type":"Feature","properties":{"class":"alley","highway":"service","sidewalk":"unknown","lanes":0,"name":"","oneway":false},"geometry":{"type":"LineString","coordinates":[[126.86132,37.49628],[126.86117,37.49577]]}},{"type":"Feature","properties":{"class":"alley","highway":"service","sidewalk":"unknown","lanes":0,"name":"","oneway":false},"geometry":{"type":"LineString","coordinates":[[126.8621,37.49612],[126.86198,37.49566],[126.86166,37.49571]]}},{"type":"Feature","properties":{"class":"alley","highway":"service","sidewalk":"unknown","lanes":0,"name":"","oneway":false},"geometry":{"type":"LineString","coordinates":[[126.86284,37.49595],[126.86277,37.49573],[126.86271,37.4955],[126.86264,37.49548],[126.86243,37.49551]]}},{"type":"Feature","properties":{"class":"alley","highway":"service","sidewalk":"unknown","lanes":0,"name":"","oneway":false},"geometry":{"type":"LineString","coordinates":[[126.86277,37.49573],[126.86252,37.49578]]}},{"type":"Feature","properties":{"class":"alley","highway":"service","sidewalk":"unknown","lanes":0,"name":"","oneway":false},"geometry":{"type":"LineString","coordinates":[[126.86163,37.49509],[126.86129,37.49516],[126.861,37.49521]]}},{"type":"Feature","properties":{"class":"alley","highway":"service","sidewalk":"unknown","lanes":0,"name":"","oneway":false},"geometry":{"type":"LineString","coordinates":[[126.86106,37.49548],[126.861,37.49521],[126.86095,37.49507]]}},{"type":"Feature","properties":{"class":"alley","highway":"service","sidewalk":"unknown","lanes":0,"name":"","oneway":false},"geometry":{"type":"LineString","coordinates":[[126.86163,37.49509],[126.86177,37.49537],[126.86164,37.4954]]}},{"type":"Feature","properties":{"class":"alley","highway":"service","sidewalk":"unknown","lanes":0,"name":"","oneway":false},"geometry":{"type":"LineString","coordinates":[[126.86248,37.49476],[126.86242,37.49456],[126.86219,37.49448],[126.86181,37.4945],[126.86169,37.49434]]}},{"type":"Feature","properties":{"class":"alley","highway":"service","sidewalk":"unknown","lanes":0,"name":"","oneway":false},"geometry":{"type":"LineString","coordinates":[[126.86267,37.49472],[126.86278,37.49506],[126.86325,37.49497]]}},{"type":"Feature","properties":{"class":"alley","highway":"service","sidewalk":"unknown","lanes":0,"name":"","oneway":false},"geometry":{"type":"LineString","coordinates":[[126.86311,37.49463],[126.86313,37.49454],[126.86335,37.49449],[126.86382,37.49437],[126.864,37.4944],[126.86394,37.49463]]}},{"type":"Feature","properties":{"class":"alley","highway":"service","sidewalk":"unknown","lanes":0,"name":"","oneway":false},"geometry":{"type":"LineString","coordinates":[[126.86335,37.49449],[126.86328,37.4943],[126.86356,37.49424],[126.8638,37.49431],[126.86382,37.49437]]}},{"type":"Feature","properties":{"class":"alley","highway":"service","sidewalk":"unknown","lanes":0,"name":"","oneway":false},"geometry":{"type":"LineString","coordinates":[[126.86366,37.49588],[126.8637,37.49576],[126.86375,37.49562],[126.86385,37.49533],[126.86376,37.49501],[126.86358,37.49503],[126.86375,37.49562]]}},{"type":"Feature","properties":{"class":"alley","highway":"service","sidewalk":"unknown","lanes":0,"name":"","oneway":false},"geometry":{"type":"LineString","coordinates":[[126.86317,37.49565],[126.86295,37.49547]]}},{"type":"Feature","properties":{"class":"alley","highway":"service","sidewalk":"unknown","lanes":0,"name":"","oneway":false},"geometry":{"type":"LineString","coordinates":[[126.86385,37.49562],[126.86411,37.49567],[126.8642,37.49535],[126.86394,37.49529]]}},{"type":"Feature","properties":{"class":"alley","highway":"service","sidewalk":"unknown","lanes":0,"name":"","oneway":false},"geometry":{"type":"LineString","coordinates":[[126.86405,37.49492],[126.86426,37.49495],[126.86433,37.4947],[126.86412,37.49466]]}},{"type":"Feature","properties":{"class":"alley","highway":"service","sidewalk":"unknown","lanes":0,"name":"","oneway":false},"geometry":{"type":"LineString","coordinates":[[126.86129,37.49516],[126.86137,37.49537]]}},{"type":"Feature","properties":{"class":"alley","highway":"service","sidewalk":"unknown","lanes":0,"name":"","oneway":false},"geometry":{"type":"LineString","coordinates":[[126.86383,37.49642],[126.86337,37.49631]]}},{"type":"Feature","properties":{"class":"alley","highway":"service","sidewalk":"unknown","lanes":0,"name":"","oneway":false},"geometry":{"type":"LineString","coordinates":[[126.86374,37.496],[126.86393,37.49604],[126.86389,37.49616]]}},{"type":"Feature","properties":{"class":"alley","highway":"service","sidewalk":"unknown","lanes":0,"name":"","oneway":false},"geometry":{"type":"LineString","coordinates":[[126.86879,37.49305],[126.86862,37.49343],[126.8685,37.49371]]}},{"type":"Feature","properties":{"class":"alley","highway":"service","sidewalk":"unknown","lanes":0,"name":"","oneway":false},"geometry":{"type":"LineString","coordinates":[[126.8685,37.49371],[126.86844,37.49399],[126.86832,37.49429],[126.86812,37.49425],[126.86789,37.4942]]}},{"type":"Feature","properties":{"class":"alley","highway":"service","sidewalk":"unknown","lanes":0,"name":"","oneway":false},"geometry":{"type":"LineString","coordinates":[[126.86844,37.49399],[126.86823,37.49395],[126.86806,37.49392]]}},{"type":"Feature","properties":{"class":"alley","highway":"service","sidewalk":"unknown","lanes":0,"name":"","oneway":false},"geometry":{"type":"LineString","coordinates":[[126.86812,37.49425],[126.86823,37.49395]]}},{"type":"Feature","properties":{"class":"alley","highway":"service","sidewalk":"unknown","lanes":0,"name":"","oneway":false},"geometry":{"type":"LineString","coordinates":[[126.8685,37.49371],[126.86833,37.49368],[126.8681,37.49364],[126.86818,37.49334],[126.8684,37.49339],[126.86862,37.49343]]}},{"type":"Feature","properties":{"class":"alley","highway":"service","sidewalk":"unknown","lanes":0,"name":"","oneway":false},"geometry":{"type":"LineString","coordinates":[[126.86833,37.49368],[126.8684,37.49339]]}},{"type":"Feature","properties":{"class":"alley","highway":"service","sidewalk":"unknown","lanes":0,"name":"","oneway":false},"geometry":{"type":"LineString","coordinates":[[126.87259,37.4775],[126.87128,37.48017],[126.87109,37.4806],[126.87096,37.48083],[126.87063,37.48113],[126.8706,37.48121]]}},{"type":"Feature","properties":{"class":"alley","highway":"service","sidewalk":"unknown","lanes":0,"name":"","oneway":false},"geometry":{"type":"LineString","coordinates":[[126.87333,37.50302],[126.87248,37.50012],[126.8723,37.49955],[126.87224,37.4994],[126.87213,37.49929]]}},{"type":"Feature","properties":{"class":"major","highway":"tertiary","sidewalk":"likely","lanes":0,"name":"구일로10길","oneway":false},"geometry":{"type":"LineString","coordinates":[[126.87161,37.49533],[126.87181,37.49534],[126.872,37.49535],[126.87359,37.49542]]}},{"type":"Feature","properties":{"class":"major","highway":"tertiary","sidewalk":"likely","lanes":0,"name":"구일로8길","oneway":false},"geometry":{"type":"LineString","coordinates":[[126.87192,37.49371],[126.87211,37.49391],[126.87243,37.49423],[126.87302,37.49484],[126.87311,37.49493],[126.87353,37.49534],[126.87359,37.49542]]}},{"type":"Feature","properties":{"class":"major","highway":"tertiary","sidewalk":"likely","lanes":0,"name":"구일로4길","oneway":false},"geometry":{"type":"LineString","coordinates":[[126.8747,37.49121],[126.87606,37.49155],[126.87606,37.49188],[126.87604,37.49255],[126.87603,37.49303],[126.87603,37.4932]]}},{"type":"Feature","properties":{"class":"major","highway":"tertiary","sidewalk":"likely","lanes":0,"name":"구일로8길","oneway":false},"geometry":{"type":"LineString","coordinates":[[126.87359,37.49542],[126.87387,37.49568],[126.87393,37.49575],[126.87421,37.49603],[126.87448,37.4963],[126.8747,37.49653],[126.87483,37.49665],[126.87524,37.49707]]}},{"type":"Feature","properties":{"class":"minor","highway":"residential","sidewalk":"unknown","lanes":0,"name":"구일로","oneway":false},"geometry":{"type":"LineString","coordinates":[[126.87174,37.49683],[126.87382,37.49775],[126.87497,37.49827],[126.87568,37.49859],[126.87721,37.49933],[126.87729,37.49931],[126.87763,37.49895]]}},{"type":"Feature","properties":{"class":"alley","highway":"service","sidewalk":"unknown","lanes":0,"name":"구일로","oneway":false},"geometry":{"type":"LineString","coordinates":[[126.87382,37.49775],[126.87404,37.49748],[126.87409,37.49741],[126.87434,37.49733],[126.87524,37.49707]]}},{"type":"Feature","properties":{"class":"alley","highway":"service","sidewalk":"unknown","lanes":0,"name":"","oneway":false},"geometry":{"type":"LineString","coordinates":[[126.87524,37.49707],[126.8754,37.49695],[126.8766,37.49699]]}},{"type":"Feature","properties":{"class":"alley","highway":"service","sidewalk":"unknown","lanes":0,"name":"","oneway":false},"geometry":{"type":"LineString","coordinates":[[126.8766,37.49699],[126.87663,37.49659],[126.87667,37.49609],[126.87669,37.49555]]}},{"type":"Feature","properties":{"class":"minor","highway":"residential","sidewalk":"unknown","lanes":0,"name":"구일로","oneway":false},"geometry":{"type":"LineString","coordinates":[[126.87152,37.49598],[126.87197,37.49622],[126.87219,37.49634],[126.87318,37.49686],[126.87336,37.49699],[126.87404,37.49748]]}},{"type":"Feature","properties":{"class":"major","highway":"tertiary","sidewalk":"likely","lanes":0,"name":"구일로","oneway":false},"geometry":{"type":"LineString","coordinates":[[126.87204,37.49321],[126.87363,37.49328],[126.87451,37.49331],[126.87467,37.49324]]}},{"type":"Feature","properties":{"class":"alley","highway":"service","sidewalk":"unknown","lanes":0,"name":"","oneway":false},"geometry":{"type":"LineString","coordinates":[[126.87606,37.49155],[126.87613,37.49134],[126.87614,37.49102],[126.87572,37.491],[126.87571,37.4904],[126.87595,37.49023],[126.87596,37.49007]]}},{"type":"Feature","properties":{"class":"minor","highway":"residential","sidewalk":"unknown","lanes":0,"name":"구일로2길","oneway":false},"geometry":{"type":"LineString","coordinates":[[126.87788,37.48755],[126.87791,37.48759],[126.8779,37.48766],[126.87784,37.48792],[126.8778,37.4883],[126.87776,37.48868],[126.87775,37.489],[126.87773,37.48947],[126.87671,37.4895],[126.8763,37.4895],[126.87619,37.4895]]}},{"type":"Feature","properties":{"class":"alley","highway":"service","sidewalk":"unknown","lanes":0,"name":"","oneway":false},"geometry":{"type":"LineString","coordinates":[[126.87671,37.4895],[126.87669,37.48986],[126.87665,37.49048],[126.87715,37.4905],[126.87769,37.49052]]}},{"type":"Feature","properties":{"class":"alley","highway":"service","sidewalk":"unknown","lanes":0,"name":"","oneway":false},"geometry":{"type":"LineString","coordinates":[[126.87669,37.48986],[126.87705,37.48986],[126.8774,37.48987]]}},{"type":"Feature","properties":{"class":"alley","highway":"service","sidewalk":"unknown","lanes":0,"name":"","oneway":false},"geometry":{"type":"LineString","coordinates":[[126.87705,37.48986],[126.87704,37.49026],[126.8774,37.49027],[126.8774,37.48987],[126.8774,37.48962],[126.87689,37.48961]]}},{"type":"Feature","properties":{"class":"alley","highway":"service","sidewalk":"unknown","lanes":0,"name":"","oneway":false},"geometry":{"type":"LineString","coordinates":[[126.87665,37.49048],[126.87643,37.49048],[126.87585,37.49045],[126.87585,37.49078],[126.87607,37.49078],[126.87607,37.49088],[126.87642,37.49089],[126.87643,37.49048]]}},{"type":"Feature","properties":{"class":"alley","highway":"service","sidewalk":"unknown","lanes":0,"name":"","oneway":false},"geometry":{"type":"LineString","coordinates":[[126.87715,37.4905],[126.87714,37.49074],[126.87742,37.49074],[126.87741,37.49092],[126.87767,37.49093],[126.87769,37.49052]]}},{"type":"Feature","properties":{"class":"alley","highway":"service","sidewalk":"unknown","lanes":0,"name":"","oneway":false},"geometry":{"type":"LineString","coordinates":[[126.87613,37.49134],[126.87645,37.49135],[126.87763,37.49138]]}},{"type":"Feature","properties":{"class":"alley","highway":"service","sidewalk":"unknown","lanes":0,"name":"","oneway":false},"geometry":{"type":"LineString","coordinates":[[126.8766,37.49699],[126.87655,37.49801]]}},{"type":"Feature","properties":{"class":"alley","highway":"service","sidewalk":"unknown","lanes":0,"name":"","oneway":false},"geometry":{"type":"LineString","coordinates":[[126.87617,37.49553],[126.87614,37.49606]]}},{"type":"Feature","properties":{"class":"alley","highway":"service","sidewalk":"unknown","lanes":0,"name":"","oneway":false},"geometry":{"type":"LineString","coordinates":[[126.87663,37.49659],[126.87591,37.49658],[126.8758,37.49658],[126.87515,37.49656]]}},{"type":"Feature","properties":{"class":"alley","highway":"service","sidewalk":"unknown","lanes":0,"name":"","oneway":false},"geometry":{"type":"LineString","coordinates":[[126.87591,37.49658],[126.87594,37.49606],[126.87614,37.49606],[126.87667,37.49609]]}},{"type":"Feature","properties":{"class":"alley","highway":"service","sidewalk":"unknown","lanes":0,"name":"","oneway":false},"geometry":{"type":"LineString","coordinates":[[126.87197,37.49622],[126.87208,37.49612],[126.87228,37.49624],[126.87284,37.49624],[126.87315,37.496],[126.87353,37.49601],[126.87393,37.49575]]}},{"type":"Feature","properties":{"class":"alley","highway":"service","sidewalk":"unknown","lanes":0,"name":"","oneway":false},"geometry":{"type":"LineString","coordinates":[[126.87208,37.49612],[126.87185,37.49588],[126.87186,37.49556]]}},{"type":"Feature","properties":{"class":"alley","highway":"service","sidewalk":"unknown","lanes":0,"name":"","oneway":false},"geometry":{"type":"LineString","coordinates":[[126.87421,37.49603],[126.87393,37.49619],[126.87327,37.49612],[126.87282,37.49643],[126.87301,37.49666]]}},{"type":"Feature","properties":{"class":"alley","highway":"service","sidewalk":"unknown","lanes":0,"name":"","oneway":false},"geometry":{"type":"LineString","coordinates":[[126.87484,37.49317],[126.87471,37.49298],[126.8746,37.49284],[126.87467,37.49265],[126.87486,37.49227],[126.87489,37.49221],[126.87588,37.49223]]}},{"type":"Feature","properties":{"class":"alley","highway":"service","sidewalk":"unknown","lanes":0,"name":"","oneway":false},"geometry":{"type":"LineString","coordinates":[[126.8746,37.49284],[126.87377,37.49279]]}},{"type":"Feature","properties":{"class":"alley","highway":"service","sidewalk":"unknown","lanes":0,"name":"","oneway":false},"geometry":{"type":"LineString","coordinates":[[126.87486,37.49227],[126.87415,37.49225]]}},{"type":"Feature","properties":{"class":"major","highway":"tertiary","sidewalk":"likely","lanes":2,"name":"벚꽃로","oneway":true},"geometry":{"type":"LineString","coordinates":[[126.8813,37.50142],[126.88105,37.50126],[126.88083,37.50107],[126.88076,37.501],[126.88069,37.5009],[126.8806,37.50076],[126.88053,37.50063],[126.88035,37.50031],[126.88028,37.50018],[126.88021,37.50003],[126.88015,37.49991],[126.88009,37.49977],[126.88004,37.49965],[126.87998,37.49949],[126.8799,37.49923],[126.87982,37.49894],[126.87977,37.49868],[126.8798,37.4986]]}},{"type":"Feature","properties":{"class":"major","highway":"tertiary","sidewalk":"likely","lanes":0,"name":"구로동로47길","oneway":false},"geometry":{"type":"LineString","coordinates":[[126.88257,37.49804],[126.88246,37.49804],[126.88178,37.49804],[126.88146,37.49804],[126.8814,37.49804],[126.88114,37.49804],[126.88095,37.49804],[126.88083,37.49804],[126.87973,37.49807]]}},{"type":"Feature","properties":{"class":"minor","highway":"residential","sidewalk":"unknown","lanes":0,"name":"구일로","oneway":true},"geometry":{"type":"LineString","coordinates":[[126.87471,37.49547],[126.87472,37.49542],[126.87477,37.49446],[126.87482,37.49351],[126.87482,37.4935],[126.87478,37.49343],[126.87473,37.49337],[126.87467,37.49324]]}},{"type":"Feature","properties":{"class":"minor","highway":"residential","sidewalk":"unknown","lanes":0,"name":"","oneway":false},"geometry":{"type":"LineString","coordinates":[[126.87448,37.4963],[126.87455,37.49618],[126.87456,37.49609],[126.87463,37.49605],[126.87472,37.49603],[126.87473,37.49588],[126.87475,37.49547]]}},{"type":"Feature","properties":{"class":"alley","highway":"service","sidewalk":"unknown","lanes":0,"name":"","oneway":false},"geometry":{"type":"LineString","coordinates":[[126.87311,37.49493],[126.87297,37.49502],[126.87258,37.49501],[126.87225,37.495],[126.87227,37.4948],[126.87259,37.49479],[126.87266,37.49479],[126.87266,37.49461],[126.87228,37.4945],[126.87231,37.49431],[126.87243,37.49423]]}},{"type":"Feature","properties":{"class":"alley","highway":"service","sidewalk":"unknown","lanes":0,"name":"","oneway":false},"geometry":{"type":"LineString","coordinates":[[126.87258,37.49501],[126.87259,37.49479]]}},{"type":"Feature","properties":{"class":"alley","highway":"service","sidewalk":"unknown","lanes":0,"name":"","oneway":false},"geometry":{"type":"LineString","coordinates":[[126.87604,37.49255],[126.87643,37.49256],[126.87775,37.4926],[126.87776,37.49241],[126.87644,37.49237]]}},{"type":"Feature","properties":{"class":"alley","highway":"service","sidewalk":"unknown","lanes":0,"name":"","oneway":false},"geometry":{"type":"LineString","coordinates":[[126.87643,37.49256],[126.87644,37.49237],[126.87646,37.49204],[126.87767,37.49207]]}},{"type":"Feature","properties":{"class":"alley","highway":"service","sidewalk":"unknown","lanes":0,"name":"","oneway":false},"geometry":{"type":"LineString","coordinates":[[126.87603,37.49303],[126.87615,37.49303],[126.87615,37.49306],[126.87776,37.49314],[126.87774,37.49341],[126.87615,37.49336]]}},{"type":"Feature","properties":{"class":"alley","highway":"service","sidewalk":"unknown","lanes":0,"name":"","oneway":false},"geometry":{"type":"LineString","coordinates":[[126.87776,37.49314],[126.87801,37.49313],[126.87805,37.4927],[126.87784,37.49267],[126.87775,37.4926]]}},{"type":"Feature","properties":{"class":"alley","highway":"service","sidewalk":"unknown","lanes":0,"name":"","oneway":false},"geometry":{"type":"LineString","coordinates":[[126.88067,37.49836],[126.88002,37.49837],[126.87999,37.49839],[126.87997,37.49842],[126.87997,37.49862]]}},{"type":"Feature","properties":{"class":"alley","highway":"service","sidewalk":"unknown","lanes":0,"name":"","oneway":false},"geometry":{"type":"LineString","coordinates":[[126.87471,37.49298],[126.8755,37.49299]]}},{"type":"Feature","properties":{"class":"alley","highway":"service","sidewalk":"unknown","lanes":0,"name":"","oneway":false},"geometry":{"type":"LineString","coordinates":[[126.87603,37.4935],[126.87727,37.49352],[126.87725,37.49378]]}},{"type":"Feature","properties":{"class":"alley","highway":"service","sidewalk":"unknown","lanes":0,"name":"","oneway":false},"geometry":{"type":"LineString","coordinates":[[126.87602,37.49366],[126.87497,37.49363]]}},{"type":"Feature","properties":{"class":"alley","highway":"service","sidewalk":"unknown","lanes":0,"name":"","oneway":false},"geometry":{"type":"LineString","coordinates":[[126.87493,37.49421],[126.87601,37.49423],[126.8771,37.49427]]}},{"type":"Feature","properties":{"class":"alley","highway":"service","sidewalk":"unknown","lanes":0,"name":"","oneway":false},"geometry":{"type":"LineString","coordinates":[[126.87495,37.49475],[126.876,37.49477],[126.87712,37.49481]]}},{"type":"Feature","properties":{"class":"alley","highway":"service","sidewalk":"unknown","lanes":0,"name":"","oneway":false},"geometry":{"type":"LineString","coordinates":[[126.87602,37.49785],[126.87585,37.49792],[126.87587,37.49839],[126.87631,37.49856],[126.87658,37.49856],[126.87659,37.49842],[126.87666,37.49835]]}},{"type":"Feature","properties":{"class":"minor","highway":"residential","sidewalk":"unknown","lanes":0,"name":"","oneway":false},"geometry":{"type":"LineString","coordinates":[[126.87579,37.49762],[126.87578,37.49767],[126.87577,37.49815]]}},{"type":"Feature","properties":{"class":"alley","highway":"service","sidewalk":"unknown","lanes":0,"name":"","oneway":false},"geometry":{"type":"LineString","coordinates":[[126.87578,37.49767],[126.8757,37.49767],[126.87553,37.49765],[126.87548,37.49762],[126.87519,37.49761],[126.87519,37.49802],[126.87548,37.49802],[126.87548,37.49797],[126.87569,37.49797],[126.8757,37.49767]]}},{"type":"Feature","properties":{"class":"alley","highway":"service","sidewalk":"unknown","lanes":0,"name":"","oneway":false},"geometry":{"type":"LineString","coordinates":[[126.87434,37.49733],[126.87435,37.49737],[126.87444,37.49751],[126.87433,37.49765],[126.87486,37.4979]]}},{"type":"Feature","properties":{"class":"alley","highway":"service","sidewalk":"unknown","lanes":0,"name":"","oneway":false},"geometry":{"type":"LineString","coordinates":[[126.87444,37.49751],[126.87486,37.49772]]}},{"type":"Feature","properties":{"class":"alley","highway":"service","sidewalk":"unknown","lanes":0,"name":"","oneway":false},"geometry":{"type":"LineString","coordinates":[[126.87396,37.49773],[126.87419,37.49742],[126.87435,37.49737],[126.87492,37.49726]]}},{"type":"Feature","properties":{"class":"alley","highway":"service","sidewalk":"unknown","lanes":0,"name":"","oneway":false},"geometry":{"type":"LineString","coordinates":[[126.87483,37.49665],[126.87462,37.49676],[126.87404,37.49694],[126.87401,37.49689]]}},{"type":"Feature","properties":{"class":"alley","highway":"service","sidewalk":"unknown","lanes":0,"name":"","oneway":false},"geometry":{"type":"LineString","coordinates":[[126.8747,37.49653],[126.87462,37.49658],[126.87453,37.49663],[126.87348,37.49696],[126.87341,37.49696]]}},{"type":"Feature","properties":{"class":"alley","highway":"service","sidewalk":"unknown","lanes":0,"name":"","oneway":false},"geometry":{"type":"LineString","coordinates":[[126.87455,37.49618],[126.8746,37.4963],[126.87475,37.4964],[126.87555,37.49643],[126.87557,37.49627]]}},{"type":"Feature","properties":{"class":"alley","highway":"service","sidewalk":"unknown","lanes":0,"name":"","oneway":false},"geometry":{"type":"LineString","coordinates":[[126.87473,37.49588],[126.87493,37.49588],[126.87526,37.49589],[126.87527,37.49605],[126.87493,37.49604],[126.87493,37.49588]]}},{"type":"Feature","properties":{"class":"alley","highway":"service","sidewalk":"unknown","lanes":0,"name":"","oneway":false},"geometry":{"type":"LineString","coordinates":[[126.87645,37.49135],[126.87643,37.49169],[126.87709,37.49171]]}},{"type":"Feature","properties":{"class":"alley","highway":"service","sidewalk":"unknown","lanes":0,"name":"","oneway":false},"geometry":{"type":"LineString","coordinates":[[126.87653,37.48624],[126.87645,37.48625],[126.8762,37.48629],[126.87581,37.48618],[126.87551,37.4861]]}},{"type":"Feature","properties":{"class":"alley","highway":"service","sidewalk":"unknown","lanes":0,"name":"","oneway":false},"geometry":{"type":"LineString","coordinates":[[126.87581,37.48618],[126.87568,37.48651],[126.87563,37.48663]]}},{"type":"Feature","properties":{"class":"alley","highway":"service","sidewalk":"unknown","lanes":0,"name":"","oneway":false},"geometry":{"type":"LineString","coordinates":[[126.87568,37.48651],[126.8761,37.48661],[126.87606,37.48672],[126.87637,37.487],[126.87687,37.48712]]}},{"type":"Feature","properties":{"class":"alley","highway":"service","sidewalk":"unknown","lanes":0,"name":"","oneway":false},"geometry":{"type":"LineString","coordinates":[[126.87551,37.4861],[126.87558,37.48589],[126.87528,37.48581]]}},{"type":"Feature","properties":{"class":"alley","highway":"service","sidewalk":"unknown","lanes":0,"name":"","oneway":false},"geometry":{"type":"LineString","coordinates":[[126.87712,37.48584],[126.87708,37.48591],[126.87705,37.48596],[126.87684,37.48634],[126.87688,37.48643],[126.87701,37.48649],[126.87713,37.48632],[126.87762,37.48652]]}},{"type":"Feature","properties":{"class":"minor","highway":"unclassified","sidewalk":"unknown","lanes":0,"name":"","oneway":false},"geometry":{"type":"LineString","coordinates":[[126.86907,37.49422],[126.86914,37.49347],[126.86911,37.49345],[126.86906,37.49343]]}},{"type":"Feature","properties":{"class":"major","highway":"primary","sidewalk":"likely","lanes":0,"name":"서부간선로","oneway":true},"geometry":{"type":"LineString","coordinates":[[126.87172,37.49853],[126.87185,37.49889],[126.87198,37.49929]]}},{"type":"Feature","properties":{"class":"major","highway":"primary","sidewalk":"likely","lanes":0,"name":"서부간선로","oneway":true},"geometry":{"type":"LineString","coordinates":[[126.87189,37.49931],[126.87175,37.49891],[126.87163,37.49854]]}},{"type":"Feature","properties":{"class":"major","highway":"primary","sidewalk":"likely","lanes":0,"name":"서부간선로","oneway":true},"geometry":{"type":"LineString","coordinates":[[126.87466,37.50707],[126.87426,37.50624],[126.87388,37.50513],[126.8738,37.5049],[126.87315,37.50307],[126.87305,37.5028],[126.87268,37.50172],[126.8724,37.50083],[126.87189,37.49931]]}},{"type":"Feature","properties":{"class":"major","highway":"primary","sidewalk":"likely","lanes":0,"name":"서부간선로","oneway":true},"geometry":{"type":"LineString","coordinates":[[126.87198,37.49929],[126.87248,37.50072],[126.87267,37.50123],[126.87315,37.50278],[126.87324,37.50305],[126.8739,37.50488],[126.87398,37.5051],[126.87436,37.50622],[126.87473,37.50697]]}},{"type":"Feature","properties":{"class":"alley","highway":"service","sidewalk":"unknown","lanes":0,"name":"","oneway":false},"geometry":{"type":"LineString","coordinates":[[126.87938,37.48537],[126.87952,37.48541],[126.87957,37.48542],[126.87974,37.48547]]}},{"type":"Feature","properties":{"class":"alley","highway":"service","sidewalk":"unknown","lanes":0,"name":"","oneway":false},"geometry":{"type":"LineString","coordinates":[[126.87998,37.48399],[126.88014,37.48403],[126.88107,37.48427]]}},{"type":"Feature","properties":{"class":"alley","highway":"living_street","sidewalk":"unknown","lanes":0,"name":"가산디지털2로","oneway":false},"geometry":{"type":"LineString","coordinates":[[126.87881,37.48052],[126.87888,37.48051],[126.87955,37.48042],[126.88002,37.48036]]}},{"type":"Feature","properties":{"class":"major","highway":"secondary_link","sidewalk":"likely","lanes":0,"name":"","oneway":true},"geometry":{"type":"LineString","coordinates":[[126.87827,37.48631],[126.8784,37.48634],[126.87856,37.48633],[126.87865,37.48631],[126.87889,37.48618],[126.87902,37.4861],[126.87904,37.48607],[126.87908,37.48601]]}},{"type":"Feature","properties":{"class":"major","highway":"primary_link","sidewalk":"likely","lanes":0,"name":"","oneway":true},"geometry":{"type":"LineString","coordinates":[[126.87462,37.48251],[126.87452,37.48289],[126.87441,37.48324],[126.87429,37.48367],[126.8742,37.48411],[126.87412,37.48446],[126.87401,37.48486]]}},{"type":"Feature","properties":{"class":"major","highway":"primary_link","sidewalk":"likely","lanes":0,"name":"","oneway":true},"geometry":{"type":"LineString","coordinates":[[126.87401,37.48486],[126.87396,37.48494],[126.87395,37.48496],[126.8739,37.485],[126.87383,37.48505],[126.8738,37.48507],[126.87369,37.48512]]}},{"type":"Feature","properties":{"class":"major","highway":"primary","sidewalk":"likely","lanes":2,"name":"서부간선로","oneway":true},"geometry":{"type":"LineString","coordinates":[[126.87354,37.48543],[126.8734,37.48591],[126.87327,37.48631],[126.87301,37.48726],[126.87291,37.48765],[126.87284,37.488],[126.87276,37.48841],[126.87216,37.49201],[126.87215,37.49207],[126.872,37.49281],[126.87175,37.49374],[126.87166,37.49407]]}},{"type":"Feature","properties":{"class":"major","highway":"primary","sidewalk":"likely","lanes":0,"name":"서부간선로","oneway":true},"geometry":{"type":"LineString","coordinates":[[126.87372,37.48489],[126.87354,37.48543]]}},{"type":"Feature","properties":{"class":"major","highway":"primary","sidewalk":"likely","lanes":0,"name":"서부간선로","oneway":true},"geometry":{"type":"LineString","coordinates":[[126.87343,37.4854],[126.87361,37.48487]]}},{"type":"Feature","properties":{"class":"major","highway":"primary","sidewalk":"likely","lanes":2,"name":"서부간선로","oneway":true},"geometry":{"type":"LineString","coordinates":[[126.87143,37.49456],[126.87149,37.49433],[126.87165,37.49372],[126.8719,37.49279],[126.87205,37.49206],[126.87232,37.49021],[126.87265,37.48838],[126.87272,37.488],[126.87277,37.48775],[126.87292,37.48713],[126.87343,37.4854]]}},{"type":"Feature","properties":{"class":"major","highway":"primary_link","sidewalk":"likely","lanes":0,"name":"","oneway":true},"geometry":{"type":"LineString","coordinates":[[126.87272,37.488],[126.87271,37.48773],[126.8728,37.48724],[126.87298,37.4864],[126.87318,37.4856]]}},{"type":"Feature","properties":{"class":"major","highway":"primary_link","sidewalk":"likely","lanes":0,"name":"","oneway":true},"geometry":{"type":"LineString","coordinates":[[126.87318,37.4856],[126.87324,37.48528],[126.87324,37.48526]]}},{"type":"Feature","properties":{"class":"major","highway":"secondary","sidewalk":"likely","lanes":0,"name":"","oneway":true},"geometry":{"type":"LineString","coordinates":[[126.87301,37.48507],[126.87315,37.48508],[126.87325,37.48509]]}},{"type":"Feature","properties":{"class":"major","highway":"secondary","sidewalk":"likely","lanes":3,"name":"가마산로","oneway":true},"geometry":{"type":"LineString","coordinates":[[126.87559,37.48541],[126.87598,37.48551],[126.87621,37.48557]]}},{"type":"Feature","properties":{"class":"major","highway":"secondary","sidewalk":"likely","lanes":3,"name":"가마산로","oneway":true},"geometry":{"type":"LineString","coordinates":[[126.87972,37.48732],[126.87956,37.48722],[126.87936,37.48706],[126.87892,37.48677],[126.87852,37.48653],[126.87837,37.48646],[126.87825,37.4864],[126.87814,37.48635],[126.87776,37.48619],[126.87708,37.48591],[126.8767,37.4858],[126.87648,37.48573]]}},{"type":"Feature","properties":{"class":"major","highway":"secondary","sidewalk":"likely","lanes":3,"name":"가마산로","oneway":true},"geometry":{"type":"LineString","coordinates":[[126.87556,37.48549],[126.87523,37.48541],[126.87487,37.48533],[126.87446,37.48527],[126.87404,37.48525]]}},{"type":"Feature","properties":{"class":"major","highway":"primary_link","sidewalk":"likely","lanes":0,"name":"","oneway":true},"geometry":{"type":"LineString","coordinates":[[126.87404,37.48525],[126.87399,37.48526],[126.8739,37.48529],[126.87386,37.48533],[126.87382,37.48537],[126.87376,37.48549]]}},{"type":"Feature","properties":{"class":"major","highway":"primary_link","sidewalk":"likely","lanes":0,"name":"","oneway":true},"geometry":{"type":"LineString","coordinates":[[126.87315,37.48508],[126.87325,37.48506]]}},{"type":"Feature","properties":{"class":"major","highway":"secondary","sidewalk":"likely","lanes":0,"name":"","oneway":true},"geometry":{"type":"LineString","coordinates":[[126.87323,37.48518],[126.87308,37.48517],[126.87145,37.48506]]}},{"type":"Feature","properties":{"class":"major","highway":"primary_link","sidewalk":"likely","lanes":0,"name":"","oneway":true},"geometry":{"type":"LineString","coordinates":[[126.87395,37.48496],[126.8739,37.48498],[126.87385,37.48498],[126.87372,37.48496],[126.87352,37.48491],[126.87349,37.48489],[126.87345,37.48484]]}},{"type":"Feature","properties":{"class":"major","highway":"primary_link","sidewalk":"likely","lanes":0,"name":"","oneway":true},"geometry":{"type":"LineString","coordinates":[[126.87329,37.48538],[126.87335,37.48535],[126.87342,37.48535],[126.87364,37.48538],[126.87372,37.48542],[126.87376,37.48549]]}},{"type":"Feature","properties":{"class":"minor","highway":"residential","sidewalk":"unknown","lanes":0,"name":"","oneway":false},"geometry":{"type":"LineString","coordinates":[[126.87413,37.48506],[126.87406,37.48531]]}},{"type":"Feature","properties":{"class":"major","highway":"primary_link","sidewalk":"likely","lanes":0,"name":"","oneway":true},"geometry":{"type":"LineString","coordinates":[[126.87401,37.48486],[126.87397,37.48499],[126.87398,37.48503],[126.87399,37.48507],[126.87405,37.48515]]}},{"type":"Feature","properties":{"class":"major","highway":"primary_link","sidewalk":"likely","lanes":0,"name":"","oneway":true},"geometry":{"type":"LineString","coordinates":[[126.87345,37.48484],[126.87346,37.4848],[126.87359,37.48449],[126.87374,37.48414],[126.87395,37.48362],[126.87413,37.48318],[126.87426,37.4829],[126.87447,37.48248]]}},{"type":"Feature","properties":{"class":"major","highway":"primary_link","sidewalk":"likely","lanes":0,"name":"","oneway":true},"geometry":{"type":"LineString","coordinates":[[126.87376,37.48549],[126.87367,37.48574],[126.87315,37.48708],[126.87309,37.48726],[126.87284,37.488]]}},{"type":"Feature","properties":{"class":"major","highway":"primary_link","sidewalk":"likely","lanes":0,"name":"","oneway":true},"geometry":{"type":"LineString","coordinates":[[126.87318,37.4856],[126.87325,37.48546],[126.87329,37.48538],[126.87332,37.48533],[126.87336,37.48529],[126.87344,37.48523],[126.87352,37.4852]]}},{"type":"Feature","properties":{"class":"minor","highway":"residential","sidewalk":"unknown","lanes":0,"name":"","oneway":true},"geometry":{"type":"LineString","coordinates":[[126.876,37.48561],[126.87588,37.48563],[126.87527,37.48548],[126.8748,37.48539],[126.87444,37.48534],[126.87415,37.48532],[126.87406,37.48532]]}},{"type":"Feature","properties":{"class":"minor","highway":"residential","sidewalk":"unknown","lanes":0,"name":"서부샛길","oneway":false},"geometry":{"type":"LineString","coordinates":[[126.87406,37.48532],[126.87405,37.48535],[126.874,37.48548],[126.87397,37.48552],[126.87395,37.48555],[126.87384,37.48573],[126.87371,37.48598],[126.87335,37.4868],[126.87323,37.48718],[126.87309,37.48765],[126.87299,37.4881],[126.87298,37.48814],[126.87297,37.4882],[126.87295,37.48826],[126.87287,37.48867],[126.87284,37.48885],[126.87265,37.48978],[126.87232,37.49172],[126.87228,37.4919],[126.87228,37.49217],[126.87231,37.49226],[126.87233,37.49229],[126.87239,37.49233],[126.87245,37.49235]]}},{"type":"Feature","properties":{"class":"major","highway":"tertiary","sidewalk":"likely","lanes":0,"name":"가산디지털2로","oneway":false},"geometry":{"type":"LineString","coordinates":[[126.87491,37.48217],[126.87573,37.48239],[126.87755,37.4829],[126.87774,37.48295]]}},{"type":"Feature","properties":{"class":"alley","highway":"service","sidewalk":"unknown","lanes":0,"name":"","oneway":false},"geometry":{"type":"LineString","coordinates":[[126.87973,37.48456],[126.87985,37.48459],[126.87987,37.48459],[126.87995,37.48462]]}},{"type":"Feature","properties":{"class":"alley","highway":"service","sidewalk":"unknown","lanes":0,"name":"","oneway":false},"geometry":{"type":"LineString","coordinates":[[126.87936,37.48478],[126.87942,37.48479]]}},{"type":"Feature","properties":{"class":"alley","highway":"service","sidewalk":"unknown","lanes":0,"name":"","oneway":false},"geometry":{"type":"LineString","coordinates":[[126.87942,37.48479],[126.8795,37.48482],[126.87961,37.48485]]}},{"type":"Feature","properties":{"class":"alley","highway":"service","sidewalk":"unknown","lanes":0,"name":"","oneway":false},"geometry":{"type":"LineString","coordinates":[[126.87701,37.48452],[126.87713,37.48455],[126.87735,37.48461],[126.8774,37.48463],[126.87743,37.48463],[126.87745,37.48463],[126.87746,37.48462],[126.87747,37.48461],[126.87747,37.4846],[126.87748,37.48458]]}},{"type":"Feature","properties":{"class":"major","highway":"secondary","sidewalk":"likely","lanes":0,"name":"가마산로","oneway":true},"geometry":{"type":"LineString","coordinates":[[126.87405,37.48515],[126.8742,37.48517],[126.87433,37.48518],[126.87467,37.48523],[126.87501,37.48528],[126.87559,37.48541]]}},{"type":"Feature","properties":{"class":"major","highway":"primary_link","sidewalk":"likely","lanes":0,"name":"","oneway":true},"geometry":{"type":"LineString","coordinates":[[126.87324,37.48526],[126.87322,37.48522],[126.87317,37.4852],[126.87308,37.48517]]}},{"type":"Feature","properties":{"class":"major","highway":"primary_link","sidewalk":"likely","lanes":0,"name":"","oneway":true},"geometry":{"type":"LineString","coordinates":[[126.87325,37.48506],[126.87331,37.48504],[126.87334,37.48503],[126.87336,37.48501],[126.87338,37.48499],[126.87339,37.48498],[126.87344,37.48488]]}},{"type":"Feature","properties":{"class":"alley","highway":"service","sidewalk":"unknown","lanes":0,"name":"","oneway":false},"geometry":{"type":"LineString","coordinates":[[126.87763,37.49895],[126.87776,37.49889],[126.87781,37.49888],[126.87802,37.49883],[126.87808,37.4988],[126.87812,37.49876],[126.87813,37.49819],[126.87818,37.49749],[126.87817,37.49739],[126.87815,37.49733],[126.87793,37.49685],[126.87744,37.49598]]}},{"type":"Feature","properties":{"class":"major","highway":"primary_link","sidewalk":"likely","lanes":0,"name":"","oneway":true},"geometry":{"type":"LineString","coordinates":[[126.8695,37.49182],[126.86941,37.4919],[126.86933,37.49192],[126.86923,37.4919],[126.86915,37.49184],[126.86914,37.49178],[126.86939,37.49069],[126.86951,37.49009],[126.86953,37.49001],[126.86962,37.48987]]}},{"type":"Feature","properties":{"class":"minor","highway":"unclassified","sidewalk":"unknown","lanes":0,"name":"","oneway":true},"geometry":{"type":"LineString","coordinates":[[126.86934,37.49196],[126.86923,37.4919]]}},{"type":"Feature","properties":{"class":"minor","highway":"unclassified","sidewalk":"unknown","lanes":0,"name":"목감로","oneway":false},"geometry":{"type":"LineString","coordinates":[[126.86801,37.49232],[126.86875,37.49224],[126.86899,37.49223],[126.86906,37.49219]]}},{"type":"Feature","properties":{"class":"major","highway":"primary_link","sidewalk":"likely","lanes":0,"name":"","oneway":true},"geometry":{"type":"LineString","coordinates":[[126.86913,37.49211],[126.86918,37.49195],[126.86915,37.49184]]}},{"type":"Feature","properties":{"class":"major","highway":"secondary_link","sidewalk":"likely","lanes":0,"name":"","oneway":true},"geometry":{"type":"LineString","coordinates":[[126.86803,37.49729],[126.86815,37.4976],[126.86823,37.4978],[126.86885,37.49925],[126.86887,37.4993],[126.86889,37.49934],[126.86891,37.4994]]}},{"type":"Feature","properties":{"class":"major","highway":"secondary_link","sidewalk":"likely","lanes":0,"name":"","oneway":true},"geometry":{"type":"LineString","coordinates":[[126.86907,37.49957],[126.86902,37.49967],[126.86907,37.49977],[126.86908,37.4998],[126.86938,37.5005],[126.86985,37.50158],[126.86994,37.50203]]}},{"type":"Feature","properties":{"class":"major","highway":"secondary_link","sidewalk":"likely","lanes":0,"name":"","oneway":true},"geometry":{"type":"LineString","coordinates":[[126.86859,37.49928],[126.86798,37.49786],[126.8679,37.49763],[126.86792,37.49738]]}},{"type":"Feature","properties":{"class":"major","highway":"primary","sidewalk":"likely","lanes":0,"name":"경인로","oneway":true},"geometry":{"type":"LineString","coordinates":[[126.87351,37.49919],[126.87382,37.49932],[126.87464,37.49968],[126.87517,37.49997]]}},{"type":"Feature","properties":{"class":"major","highway":"primary","sidewalk":"likely","lanes":0,"name":"남부순환로","oneway":true},"geometry":{"type":"LineString","coordinates":[[126.87581,37.48965],[126.87511,37.49045],[126.87485,37.49076],[126.87447,37.49111],[126.87409,37.49138],[126.87376,37.49158],[126.87341,37.49172],[126.87313,37.49184],[126.87283,37.49193],[126.87241,37.49203]]}},{"type":"Feature","properties":{"class":"major","highway":"primary_link","sidewalk":"likely","lanes":2,"name":"","oneway":true},"geometry":{"type":"LineString","coordinates":[[126.86247,37.49326],[126.86193,37.49336],[126.85913,37.49366]]}},{"type":"Feature","properties":{"class":"major","highway":"primary","sidewalk":"likely","lanes":2,"name":"남부순환로","oneway":true},"geometry":{"type":"LineString","coordinates":[[126.86138,37.49327],[126.8619,37.49321],[126.86248,37.49315]]}},{"type":"Feature","properties":{"class":"major","highway":"primary","sidewalk":"likely","lanes":2,"name":"남부순환로","oneway":true},"geometry":{"type":"LineString","coordinates":[[126.86247,37.49326],[126.86194,37.4933],[126.86139,37.49336]]}},{"type":"Feature","properties":{"class":"major","highway":"secondary","sidewalk":"likely","lanes":0,"name":"","oneway":false},"geometry":{"type":"LineString","coordinates":[[126.86527,37.48673],[126.86554,37.48641],[126.86576,37.48619],[126.8659,37.48607]]}},{"type":"Feature","properties":{"class":"alley","highway":"living_street","sidewalk":"unknown","lanes":0,"name":"가산디지털2로","oneway":false},"geometry":{"type":"LineString","coordinates":[[126.87893,37.48026],[126.87902,37.48024],[126.87972,37.48013],[126.88003,37.48034],[126.88002,37.48036]]}},{"type":"Feature","properties":{"class":"alley","highway":"pedestrian","sidewalk":"unknown","lanes":0,"name":"","oneway":false},"geometry":{"type":"LineString","coordinates":[[126.87858,37.48121],[126.88085,37.48187],[126.88092,37.48189]]}},{"type":"Feature","properties":{"class":"major","highway":"secondary_link","sidewalk":"likely","lanes":0,"name":"남부순환로","oneway":true},"geometry":{"type":"LineString","coordinates":[[126.8778,37.48679],[126.87789,37.48665],[126.87802,37.48653],[126.8781,37.48646],[126.87813,37.48642],[126.87814,37.48635]]}},{"type":"Feature","properties":{"class":"alley","highway":"service","sidewalk":"unknown","lanes":0,"name":"중앙로","oneway":false},"geometry":{"type":"LineString","coordinates":[[126.86501,37.49924],[126.86622,37.50014],[126.86633,37.50022]]}},{"type":"Feature","properties":{"class":"major","highway":"primary_link","sidewalk":"likely","lanes":1,"name":"","oneway":true},"geometry":{"type":"LineString","coordinates":[[126.87143,37.49456],[126.87143,37.49428],[126.87154,37.49371],[126.87157,37.49339],[126.87161,37.49315],[126.87162,37.49309],[126.87165,37.49295]]}},{"type":"Feature","properties":{"class":"major","highway":"primary_link","sidewalk":"likely","lanes":0,"name":"","oneway":true},"geometry":{"type":"LineString","coordinates":[[126.87165,37.49295],[126.87169,37.49283],[126.87173,37.49275],[126.87176,37.49269],[126.87181,37.49263],[126.87186,37.49257],[126.87192,37.49252],[126.87204,37.49242],[126.8722,37.49233],[126.87313,37.49206]]}},{"type":"Feature","properties":{"class":"major","highway":"primary_link","sidewalk":"likely","lanes":0,"name":"","oneway":true},"geometry":{"type":"LineString","coordinates":[[126.87313,37.49206],[126.87348,37.49194],[126.87368,37.49185],[126.87388,37.49175],[126.87416,37.49156]]}},{"type":"Feature","properties":{"class":"major","highway":"primary_link","sidewalk":"likely","lanes":0,"name":"","oneway":true},"geometry":{"type":"LineString","coordinates":[[126.87232,37.49172],[126.87245,37.49173],[126.87288,37.49166],[126.87323,37.49155],[126.87351,37.49146],[126.87375,37.49139],[126.87401,37.49131]]}},{"type":"Feature","properties":{"class":"major","highway":"primary_link","sidewalk":"likely","lanes":0,"name":"","oneway":true},"geometry":{"type":"LineString","coordinates":[[126.87152,37.49598],[126.87149,37.4961],[126.87148,37.49637],[126.87149,37.49658],[126.8715,37.49668],[126.87151,37.49687],[126.87158,37.49733],[126.87165,37.49774],[126.87165,37.49793]]}},{"type":"Feature","properties":{"class":"minor","highway":"residential","sidewalk":"unknown","lanes":0,"name":"구로동로43길","oneway":false},"geometry":{"type":"LineString","coordinates":[[126.88115,37.49577],[126.88096,37.496],[126.88084,37.49601],[126.8806,37.49602],[126.88038,37.49601],[126.8801,37.49598],[126.87989,37.49596]]}},{"type":"Feature","properties":{"class":"minor","highway":"residential","sidewalk":"unknown","lanes":0,"name":"벚꽃로76길","oneway":false},"geometry":{"type":"LineString","coordinates":[[126.87972,37.49685],[126.87989,37.49681],[126.88012,37.49674],[126.88032,37.49664],[126.8804,37.49657],[126.88043,37.49648],[126.88043,37.49646],[126.88052,37.49637],[126.88063,37.4963],[126.88066,37.49627],[126.88076,37.49621],[126.88086,37.49613],[126.88095,37.49607],[126.88097,37.49603],[126.88096,37.496]]}},{"type":"Feature","properties":{"class":"minor","highway":"residential","sidewalk":"unknown","lanes":0,"name":"벚꽃로76길","oneway":false},"geometry":{"type":"LineString","coordinates":[[126.88063,37.4963],[126.88052,37.49628],[126.87983,37.49627]]}},{"type":"Feature","properties":{"class":"minor","highway":"residential","sidewalk":"unknown","lanes":0,"name":"벚꽃로78길","oneway":false},"geometry":{"type":"LineString","coordinates":[[126.87971,37.49697],[126.87986,37.49702],[126.88065,37.49744],[126.88072,37.49745],[126.88085,37.49745],[126.88116,37.49746],[126.8815,37.49747],[126.8818,37.49748]]}},{"type":"Feature","properties":{"class":"major","highway":"tertiary","sidewalk":"likely","lanes":2,"name":"새말로","oneway":true},"geometry":{"type":"LineString","coordinates":[[126.8798,37.4986],[126.87987,37.49867],[126.87993,37.49898],[126.88001,37.49927],[126.88018,37.49976],[126.88025,37.49993],[126.88043,37.50028],[126.88064,37.50065],[126.88073,37.50079],[126.8808,37.50091],[126.88092,37.50105],[126.88104,37.50117],[126.88135,37.50138]]}},{"type":"Feature","properties":{"class":"minor","highway":"residential","sidewalk":"unknown","lanes":0,"name":"광삼로33번길","oneway":false},"geometry":{"type":"LineString","coordinates":[[126.86138,37.47742],[126.86147,37.4776],[126.86148,37.47763],[126.86155,37.47792],[126.86155,37.47793],[126.86156,37.47794],[126.86161,37.47821],[126.86165,37.47865],[126.86156,37.47899],[126.86144,37.47958],[126.86138,37.47977],[126.86123,37.48019]]}},{"type":"Feature","properties":{"class":"minor","highway":"residential","sidewalk":"unknown","lanes":0,"name":"시청로28번길","oneway":false},"geometry":{"type":"LineString","coordinates":[[126.8641,37.48003],[126.86489,37.47978],[126.86521,37.47968],[126.86509,37.4794],[126.86384,37.4793]]}},{"type":"Feature","properties":{"class":"minor","highway":"residential","sidewalk":"yes","lanes":1,"name":"개봉로2길","oneway":true},"geometry":{"type":"LineString","coordinates":[[126.86519,37.49275],[126.86522,37.49271],[126.86521,37.49265],[126.86517,37.49259]]}},{"type":"Feature","properties":{"class":"minor","highway":"residential","sidewalk":"yes","lanes":2,"name":"개봉로2길","oneway":true},"geometry":{"type":"LineString","coordinates":[[126.86517,37.49259],[126.8643,37.49174]]}},{"type":"Feature","properties":{"class":"major","highway":"primary_link","sidewalk":"likely","lanes":2,"name":"","oneway":true},"geometry":{"type":"LineString","coordinates":[[126.86072,37.49325],[126.86164,37.49316],[126.86248,37.49315]]}},{"type":"Feature","properties":{"class":"minor","highway":"residential","sidewalk":"yes","lanes":4,"name":"개봉로20길","oneway":false},"geometry":{"type":"LineString","coordinates":[[126.8636,37.49139],[126.86344,37.49151],[126.86327,37.49163],[126.86254,37.49211],[126.86234,37.49217],[126.86224,37.4922],[126.86132,37.49245],[126.86054,37.49245],[126.86045,37.49245]]}},{"type":"Feature","properties":{"class":"major","highway":"primary","sidewalk":"likely","lanes":2,"name":"개봉지하차도","oneway":true},"geometry":{"type":"LineString","coordinates":[[126.86139,37.49336],[126.8585,37.49367],[126.85576,37.49394],[126.85404,37.49412]]}},{"type":"Feature","properties":{"class":"major","highway":"primary","sidewalk":"likely","lanes":2,"name":"개봉지하차도","oneway":true},"geometry":{"type":"LineString","coordinates":[[126.85402,37.49405],[126.85575,37.49386],[126.85847,37.49361],[126.86138,37.49327]]}},{"type":"Feature","properties":{"class":"minor","highway":"residential","sidewalk":"unknown","lanes":0,"name":"경인로47길","oneway":false},"geometry":{"type":"LineString","coordinates":[[126.86701,37.5001],[126.86744,37.4998]]}},{"type":"Feature","properties":{"class":"alley","highway":"service","sidewalk":"unknown","lanes":1,"name":"시청로29번길","oneway":false},"geometry":{"type":"LineString","coordinates":[[126.86296,37.47928],[126.86293,37.47964],[126.86322,37.48006],[126.86361,37.4799],[126.86346,37.47964],[126.86342,37.47949],[126.86346,37.47932]]}},{"type":"Feature","properties":{"class":"minor","highway":"residential","sidewalk":"unknown","lanes":0,"name":"시청로29번길","oneway":false},"geometry":{"type":"LineString","coordinates":[[126.86361,37.4799],[126.8641,37.48062]]}},{"type":"Feature","properties":{"class":"minor","highway":"residential","sidewalk":"unknown","lanes":2,"name":"연서로","oneway":false},"geometry":{"type":"LineString","coordinates":[[126.8619,37.48157],[126.86258,37.48128],[126.86317,37.48102],[126.8641,37.48062],[126.86441,37.48048]]}},{"type":"Feature","properties":{"class":"alley","highway":"service","sidewalk":"unknown","lanes":0,"name":"","oneway":false},"geometry":{"type":"LineString","coordinates":[[126.86647,37.49223],[126.86668,37.49196],[126.86678,37.49185],[126.86671,37.49181]]}},{"type":"Feature","properties":{"class":"alley","highway":"service","sidewalk":"unknown","lanes":0,"name":"","oneway":false},"geometry":{"type":"LineString","coordinates":[[126.86607,37.49069],[126.86626,37.49069],[126.86663,37.49089],[126.8668,37.4907],[126.86642,37.49051],[126.86626,37.49069]]}},{"type":"Feature","properties":{"class":"alley","highway":"service","sidewalk":"unknown","lanes":0,"name":"","oneway":false},"geometry":{"type":"LineString","coordinates":[[126.86642,37.49051],[126.86651,37.49039],[126.86644,37.49035],[126.86623,37.49027]]}},{"type":"Feature","properties":{"class":"alley","highway":"service","sidewalk":"unknown","lanes":0,"name":"","oneway":false},"geometry":{"type":"LineString","coordinates":[[126.86644,37.49035],[126.86653,37.49026],[126.86703,37.49055],[126.86729,37.49069],[126.86761,37.49088]]}},{"type":"Feature","properties":{"class":"alley","highway":"service","sidewalk":"unknown","lanes":0,"name":"","oneway":false},"geometry":{"type":"LineString","coordinates":[[126.86703,37.49055],[126.86728,37.49026],[126.86725,37.49018],[126.86703,37.49005]]}},{"type":"Feature","properties":{"class":"alley","highway":"service","sidewalk":"unknown","lanes":0,"name":"","oneway":false},"geometry":{"type":"LineString","coordinates":[[126.86729,37.49069],[126.86747,37.49048],[126.86762,37.49056],[126.86747,37.49071]]}},{"type":"Feature","properties":{"class":"alley","highway":"service","sidewalk":"unknown","lanes":0,"name":"","oneway":false},"geometry":{"type":"LineString","coordinates":[[126.86762,37.49056],[126.86768,37.49065]]}},{"type":"Feature","properties":{"class":"alley","highway":"service","sidewalk":"unknown","lanes":0,"name":"","oneway":false},"geometry":{"type":"LineString","coordinates":[[126.86653,37.49026],[126.86651,37.49019],[126.86717,37.48947]]}},{"type":"Feature","properties":{"class":"alley","highway":"service","sidewalk":"unknown","lanes":0,"name":"","oneway":false},"geometry":{"type":"LineString","coordinates":[[126.86717,37.48947],[126.86724,37.48952]]}},{"type":"Feature","properties":{"class":"alley","highway":"service","sidewalk":"unknown","lanes":0,"name":"","oneway":false},"geometry":{"type":"LineString","coordinates":[[126.86615,37.48859],[126.86566,37.48833],[126.86551,37.48814],[126.86483,37.48809],[126.86473,37.48821],[126.86469,37.48829],[126.86501,37.48848]]}},{"type":"Feature","properties":{"class":"alley","highway":"service","sidewalk":"unknown","lanes":0,"name":"","oneway":false},"geometry":{"type":"LineString","coordinates":[[126.86494,37.48904],[126.86552,37.48933],[126.8661,37.48965]]}},{"type":"Feature","properties":{"class":"alley","highway":"service","sidewalk":"unknown","lanes":0,"name":"","oneway":false},"geometry":{"type":"LineString","coordinates":[[126.86587,37.48891],[126.86653,37.48929]]}},{"type":"Feature","properties":{"class":"alley","highway":"service","sidewalk":"unknown","lanes":0,"name":"","oneway":false},"geometry":{"type":"LineString","coordinates":[[126.868,37.48812],[126.86817,37.4882],[126.868,37.48836],[126.86779,37.48845],[126.86728,37.48868],[126.86724,37.4887],[126.86694,37.48886],[126.86734,37.48921],[126.86792,37.48949],[126.86784,37.48963],[126.86782,37.48965],[126.8677,37.48985],[126.86802,37.49034]]}},{"type":"Feature","properties":{"class":"alley","highway":"service","sidewalk":"unknown","lanes":0,"name":"","oneway":false},"geometry":{"type":"LineString","coordinates":[[126.86779,37.48845],[126.86787,37.48851],[126.868,37.48858],[126.86822,37.48867]]}},{"type":"Feature","properties":{"class":"alley","highway":"service","sidewalk":"unknown","lanes":0,"name":"","oneway":false},"geometry":{"type":"LineString","coordinates":[[126.86846,37.48727],[126.86868,37.48736],[126.86903,37.48752],[126.86937,37.48766],[126.86972,37.48782],[126.87003,37.48792]]}},{"type":"Feature","properties":{"class":"alley","highway":"service","sidewalk":"unknown","lanes":0,"name":"","oneway":false},"geometry":{"type":"LineString","coordinates":[[126.86972,37.48782],[126.86991,37.48709],[126.86955,37.48703],[126.86937,37.48766]]}},{"type":"Feature","properties":{"class":"alley","highway":"service","sidewalk":"unknown","lanes":0,"name":"","oneway":false},"geometry":{"type":"LineString","coordinates":[[126.86955,37.48703],[126.86933,37.487],[126.86921,37.48695],[126.86912,37.4873],[126.86903,37.48752]]}},{"type":"Feature","properties":{"class":"alley","highway":"service","sidewalk":"unknown","lanes":0,"name":"","oneway":false},"geometry":{"type":"LineString","coordinates":[[126.86921,37.48695],[126.86888,37.48681],[126.86877,37.48722],[126.86868,37.48736]]}},{"type":"Feature","properties":{"class":"alley","highway":"service","sidewalk":"unknown","lanes":0,"name":"","oneway":false},"geometry":{"type":"LineString","coordinates":[[126.86888,37.48681],[126.86881,37.48678],[126.86867,37.48675]]}},{"type":"Feature","properties":{"class":"minor","highway":"residential","sidewalk":"unknown","lanes":0,"name":"","oneway":false},"geometry":{"type":"LineString","coordinates":[[126.86735,37.48709],[126.86749,37.48662],[126.86758,37.48629],[126.86765,37.48607]]}},{"type":"Feature","properties":{"class":"minor","highway":"residential","sidewalk":"unknown","lanes":0,"name":"","oneway":false},"geometry":{"type":"LineString","coordinates":[[126.86606,37.48551],[126.86621,37.48554],[126.86642,37.48559],[126.86658,37.48561],[126.86699,37.48569],[126.86724,37.48573]]}},{"type":"Feature","properties":{"class":"minor","highway":"residential","sidewalk":"unknown","lanes":0,"name":"시청로138번길","oneway":false},"geometry":{"type":"LineString","coordinates":[[126.86642,37.48559],[126.86635,37.48588],[126.86624,37.48624],[126.8663,37.48628],[126.8666,37.48642],[126.86672,37.48648],[126.86699,37.48652],[126.86749,37.48662]]}},{"type":"Feature","properties":{"class":"minor","highway":"residential","sidewalk":"unknown","lanes":0,"name":"시청로138번길","oneway":false},"geometry":{"type":"LineString","coordinates":[[126.86699,37.48652],[126.86708,37.4862],[126.86711,37.48608],[126.86706,37.48601],[126.86691,37.48598],[126.86673,37.48595],[126.8666,37.48642]]}},{"type":"Feature","properties":{"class":"minor","highway":"residential","sidewalk":"unknown","lanes":0,"name":"","oneway":false},"geometry":{"type":"LineString","coordinates":[[126.86635,37.48588],[126.86673,37.48595]]}},{"type":"Feature","properties":{"class":"minor","highway":"residential","sidewalk":"unknown","lanes":0,"name":"","oneway":false},"geometry":{"type":"LineString","coordinates":[[126.86691,37.48598],[126.86699,37.48569]]}},{"type":"Feature","properties":{"class":"alley","highway":"service","sidewalk":"unknown","lanes":0,"name":"","oneway":false},"geometry":{"type":"LineString","coordinates":[[126.86872,37.4889],[126.86894,37.48899],[126.86912,37.48907],[126.86923,37.48877],[126.86927,37.48866],[126.86915,37.48861],[126.86898,37.48852],[126.86872,37.4884],[126.86853,37.48831],[126.86825,37.48818]]}},{"type":"Feature","properties":{"class":"alley","highway":"service","sidewalk":"unknown","lanes":0,"name":"","oneway":false},"geometry":{"type":"LineString","coordinates":[[126.86825,37.48818],[126.8683,37.48815],[126.86804,37.48805]]}},{"type":"Feature","properties":{"class":"minor","highway":"residential","sidewalk":"unknown","lanes":0,"name":"","oneway":false},"geometry":{"type":"LineString","coordinates":[[126.86817,37.4882],[126.86825,37.48818]]}},{"type":"Feature","properties":{"class":"alley","highway":"service","sidewalk":"unknown","lanes":0,"name":"","oneway":false},"geometry":{"type":"LineString","coordinates":[[126.86923,37.48877],[126.86936,37.48878],[126.86985,37.48883]]}},{"type":"Feature","properties":{"class":"alley","highway":"service","sidewalk":"unknown","lanes":0,"name":"","oneway":false},"geometry":{"type":"LineString","coordinates":[[126.86975,37.48956],[126.86903,37.48949],[126.86936,37.48878]]}},{"type":"Feature","properties":{"class":"alley","highway":"service","sidewalk":"unknown","lanes":0,"name":"","oneway":false},"geometry":{"type":"LineString","coordinates":[[126.86782,37.48965],[126.86795,37.48971],[126.86829,37.48985],[126.86843,37.48991],[126.86827,37.49016]]}},{"type":"Feature","properties":{"class":"alley","highway":"service","sidewalk":"unknown","lanes":0,"name":"","oneway":false},"geometry":{"type":"LineString","coordinates":[[126.86829,37.48985],[126.86843,37.48963],[126.86853,37.48968],[126.86883,37.48982]]}},{"type":"Feature","properties":{"class":"alley","highway":"service","sidewalk":"unknown","lanes":0,"name":"","oneway":false},"geometry":{"type":"LineString","coordinates":[[126.86853,37.48968],[126.8687,37.48943],[126.86887,37.48939],[126.869,37.48935],[126.86912,37.48907]]}},{"type":"Feature","properties":{"class":"alley","highway":"service","sidewalk":"unknown","lanes":0,"name":"","oneway":false},"geometry":{"type":"LineString","coordinates":[[126.8687,37.48943],[126.86853,37.48936],[126.86833,37.48927],[126.86826,37.48929],[126.86807,37.48921],[126.86804,37.48916],[126.86783,37.48907],[126.86773,37.48903],[126.86765,37.48899],[126.86745,37.48889],[126.86724,37.4887]]}},{"type":"Feature","properties":{"class":"alley","highway":"service","sidewalk":"unknown","lanes":0,"name":"","oneway":false},"geometry":{"type":"LineString","coordinates":[[126.86795,37.48971],[126.86812,37.48945]]}},{"type":"Feature","properties":{"class":"alley","highway":"service","sidewalk":"unknown","lanes":0,"name":"","oneway":false},"geometry":{"type":"LineString","coordinates":[[126.86784,37.48963],[126.86756,37.48951],[126.86748,37.48939]]}},{"type":"Feature","properties":{"class":"alley","highway":"service","sidewalk":"unknown","lanes":0,"name":"","oneway":false},"geometry":{"type":"LineString","coordinates":[[126.86822,37.48867],[126.86834,37.48848]]}},{"type":"Feature","properties":{"class":"alley","highway":"service","sidewalk":"unknown","lanes":0,"name":"","oneway":false},"geometry":{"type":"LineString","coordinates":[[126.868,37.48858],[126.86812,37.48839]]}},{"type":"Feature","properties":{"class":"alley","highway":"service","sidewalk":"unknown","lanes":0,"name":"","oneway":false},"geometry":{"type":"LineString","coordinates":[[126.86872,37.4889],[126.86884,37.48872]]}},{"type":"Feature","properties":{"class":"alley","highway":"service","sidewalk":"unknown","lanes":0,"name":"","oneway":false},"geometry":{"type":"LineString","coordinates":[[126.86894,37.48899],[126.86906,37.48881]]}},{"type":"Feature","properties":{"class":"alley","highway":"service","sidewalk":"unknown","lanes":0,"name":"","oneway":false},"geometry":{"type":"LineString","coordinates":[[126.86853,37.48936],[126.86866,37.48916]]}},{"type":"Feature","properties":{"class":"alley","highway":"service","sidewalk":"unknown","lanes":0,"name":"","oneway":false},"geometry":{"type":"LineString","coordinates":[[126.86833,37.48927],[126.86845,37.48908]]}},{"type":"Feature","properties":{"class":"alley","highway":"service","sidewalk":"unknown","lanes":0,"name":"","oneway":false},"geometry":{"type":"LineString","coordinates":[[126.86804,37.48916],[126.86815,37.48897]]}},{"type":"Feature","properties":{"class":"alley","highway":"service","sidewalk":"unknown","lanes":0,"name":"","oneway":false},"geometry":{"type":"LineString","coordinates":[[126.86783,37.48907],[126.86796,37.48887]]}},{"type":"Feature","properties":{"class":"alley","highway":"service","sidewalk":"unknown","lanes":0,"name":"","oneway":false},"geometry":{"type":"LineString","coordinates":[[126.86765,37.48899],[126.86777,37.48879]]}},{"type":"Feature","properties":{"class":"alley","highway":"service","sidewalk":"unknown","lanes":0,"name":"","oneway":false},"geometry":{"type":"LineString","coordinates":[[126.8683,37.48815],[126.86858,37.4878]]}},{"type":"Feature","properties":{"class":"alley","highway":"service","sidewalk":"unknown","lanes":0,"name":"","oneway":false},"geometry":{"type":"LineString","coordinates":[[126.86915,37.48861],[126.86929,37.48839]]}},{"type":"Feature","properties":{"class":"alley","highway":"service","sidewalk":"unknown","lanes":0,"name":"","oneway":false},"geometry":{"type":"LineString","coordinates":[[126.86898,37.48852],[126.86911,37.48832]]}},{"type":"Feature","properties":{"class":"alley","highway":"service","sidewalk":"unknown","lanes":0,"name":"","oneway":false},"geometry":{"type":"LineString","coordinates":[[126.86872,37.4884],[126.86886,37.4882]]}},{"type":"Feature","properties":{"class":"alley","highway":"service","sidewalk":"unknown","lanes":0,"name":"","oneway":false},"geometry":{"type":"LineString","coordinates":[[126.86853,37.48831],[126.86867,37.4881]]}},{"type":"Feature","properties":{"class":"alley","highway":"service","sidewalk":"unknown","lanes":0,"name":"","oneway":false},"geometry":{"type":"LineString","coordinates":[[126.868,37.49194],[126.8677,37.49195],[126.86757,37.49194],[126.86732,37.49194],[126.86713,37.49218],[126.86691,37.49207],[126.86682,37.49203],[126.86668,37.49196]]}},{"type":"Feature","properties":{"class":"alley","highway":"service","sidewalk":"unknown","lanes":0,"name":"","oneway":false},"geometry":{"type":"LineString","coordinates":[[126.86729,37.49154],[126.86749,37.49164],[126.86757,37.49168]]}},{"type":"Feature","properties":{"class":"alley","highway":"service","sidewalk":"unknown","lanes":0,"name":"","oneway":false},"geometry":{"type":"LineString","coordinates":[[126.86757,37.49194],[126.86757,37.49168]]}},{"type":"Feature","properties":{"class":"alley","highway":"service","sidewalk":"unknown","lanes":0,"name":"","oneway":false},"geometry":{"type":"LineString","coordinates":[[126.86749,37.49164],[126.86757,37.49155],[126.86765,37.49146],[126.86745,37.49136]]}},{"type":"Feature","properties":{"class":"alley","highway":"service","sidewalk":"unknown","lanes":0,"name":"","oneway":false},"geometry":{"type":"LineString","coordinates":[[126.86732,37.49194],[126.86719,37.49187],[126.86702,37.49205]]}},{"type":"Feature","properties":{"class":"alley","highway":"service","sidewalk":"unknown","lanes":0,"name":"","oneway":false},"geometry":{"type":"LineString","coordinates":[[126.86757,37.49155],[126.86736,37.49144]]}},{"type":"Feature","properties":{"class":"minor","highway":"residential","sidewalk":"unknown","lanes":0,"name":"","oneway":false},"geometry":{"type":"LineString","coordinates":[[126.85991,37.48042],[126.86004,37.48023],[126.86021,37.47999]]}},{"type":"Feature","properties":{"class":"alley","highway":"service","sidewalk":"unknown","lanes":0,"name":"광명로928번길","oneway":false},"geometry":{"type":"LineString","coordinates":[[126.86004,37.48023],[126.85983,37.47976]]}},{"type":"Feature","properties":{"class":"minor","highway":"residential","sidewalk":"unknown","lanes":0,"name":"광삼로13번길","oneway":false},"geometry":{"type":"LineString","coordinates":[[126.85983,37.47976],[126.86021,37.47999],[126.86029,37.48005],[126.86031,37.48007],[126.86052,37.48022],[126.86101,37.48046],[126.86128,37.48081],[126.86187,37.48121]]}},{"type":"Feature","properties":{"class":"minor","highway":"residential","sidewalk":"unknown","lanes":0,"name":"","oneway":false},"geometry":{"type":"LineString","coordinates":[[126.86052,37.48022],[126.86072,37.47992],[126.86078,37.47966],[126.86138,37.47977],[126.86174,37.47983],[126.86171,37.47996]]}},{"type":"Feature","properties":{"class":"minor","highway":"residential","sidewalk":"unknown","lanes":0,"name":"연서일로17번길","oneway":false},"geometry":{"type":"LineString","coordinates":[[126.86187,37.48121],[126.86209,37.48088],[126.86192,37.48079],[126.86188,37.48017]]}},{"type":"Feature","properties":{"class":"minor","highway":"residential","sidewalk":"unknown","lanes":0,"name":"","oneway":false},"geometry":{"type":"LineString","coordinates":[[126.86155,37.48121],[126.86167,37.48134],[126.8619,37.48157]]}},{"type":"Feature","properties":{"class":"minor","highway":"residential","sidewalk":"unknown","lanes":0,"name":"연서일로17번길","oneway":false},"geometry":{"type":"LineString","coordinates":[[126.8619,37.48157],[126.86206,37.48187],[126.86221,37.48216],[126.86236,37.48244],[126.8627,37.48263],[126.86301,37.48274],[126.86322,37.48281],[126.8636,37.48294],[126.86396,37.48306]]}},{"type":"Feature","properties":{"class":"minor","highway":"residential","sidewalk":"unknown","lanes":0,"name":"연서로2번길","oneway":false},"geometry":{"type":"LineString","coordinates":[[126.8641,37.48062],[126.8643,37.48094],[126.86447,37.4812],[126.86468,37.48147],[126.86485,37.48173],[126.86504,37.48202],[126.86521,37.48227],[126.86548,37.48268]]}},{"type":"Feature","properties":{"class":"minor","highway":"residential","sidewalk":"unknown","lanes":0,"name":"연서일로","oneway":false},"geometry":{"type":"LineString","coordinates":[[126.86577,37.48255],[126.86548,37.48268],[126.86519,37.4828],[126.86511,37.4828],[126.86477,37.48269],[126.86471,37.48268],[126.86437,37.48281],[126.86402,37.48296],[126.86396,37.48306]]}},{"type":"Feature","properties":{"class":"minor","highway":"residential","sidewalk":"unknown","lanes":0,"name":"연서로12번길","oneway":false},"geometry":{"type":"LineString","coordinates":[[126.86317,37.48102],[126.86337,37.48131],[126.86362,37.4817],[126.86381,37.48197],[126.86399,37.48224],[126.86437,37.48281]]}},{"type":"Feature","properties":{"class":"alley","highway":"service","sidewalk":"unknown","lanes":0,"name":"연서로16번길","oneway":false},"geometry":{"type":"LineString","coordinates":[[126.86338,37.48248],[126.8632,37.48221],[126.86313,37.4821],[126.86303,37.48196],[126.86294,37.48183],[126.86277,37.48157],[126.86258,37.48128]]}},{"type":"Feature","properties":{"class":"alley","highway":"service","sidewalk":"unknown","lanes":0,"name":"연서로16번길","oneway":false},"geometry":{"type":"LineString","coordinates":[[126.86277,37.48157],[126.86206,37.48187]]}},{"type":"Feature","properties":{"class":"alley","highway":"service","sidewalk":"unknown","lanes":0,"name":"연서로12번길","oneway":false},"geometry":{"type":"LineString","coordinates":[[126.86277,37.48157],[126.86337,37.48131],[126.8637,37.48118],[126.8643,37.48094]]}},{"type":"Feature","properties":{"class":"alley","highway":"service","sidewalk":"unknown","lanes":0,"name":"연서일로9번길","oneway":false},"geometry":{"type":"LineString","coordinates":[[126.8637,37.48118],[126.86388,37.48144],[126.86408,37.48174],[126.86414,37.48182],[126.86425,37.48198],[126.86444,37.48228],[126.86461,37.48252],[126.86471,37.48268]]}},{"type":"Feature","properties":{"class":"alley","highway":"service","sidewalk":"unknown","lanes":0,"name":"연서일로9번길","oneway":false},"geometry":{"type":"LineString","coordinates":[[126.86388,37.48144],[126.86447,37.4812]]}},{"type":"Feature","properties":{"class":"alley","highway":"service","sidewalk":"unknown","lanes":0,"name":"연서일로9번길","oneway":false},"geometry":{"type":"LineString","coordinates":[[126.86408,37.48174],[126.86468,37.48147],[126.86499,37.48134]]}},{"type":"Feature","properties":{"class":"alley","highway":"service","sidewalk":"unknown","lanes":0,"name":"연서일로9번길","oneway":false},"geometry":{"type":"LineString","coordinates":[[126.86425,37.48198],[126.86485,37.48173]]}},{"type":"Feature","properties":{"class":"alley","highway":"service","sidewalk":"unknown","lanes":0,"name":"연서일로9번길","oneway":false},"geometry":{"type":"LineString","coordinates":[[126.86444,37.48228],[126.86504,37.48202]]}},{"type":"Feature","properties":{"class":"alley","highway":"service","sidewalk":"unknown","lanes":0,"name":"연서일로9번길","oneway":false},"geometry":{"type":"LineString","coordinates":[[126.86461,37.48252],[126.86521,37.48227]]}},{"type":"Feature","properties":{"class":"alley","highway":"service","sidewalk":"unknown","lanes":0,"name":"연서로12번길","oneway":false},"geometry":{"type":"LineString","coordinates":[[126.86362,37.4817],[126.86303,37.48196]]}},{"type":"Feature","properties":{"class":"alley","highway":"service","sidewalk":"unknown","lanes":0,"name":"연서로12번길","oneway":false},"geometry":{"type":"LineString","coordinates":[[126.86381,37.48197],[126.8632,37.48221]]}},{"type":"Feature","properties":{"class":"alley","highway":"service","sidewalk":"unknown","lanes":0,"name":"","oneway":false},"geometry":{"type":"LineString","coordinates":[[126.86381,37.48197],[126.86414,37.48182]]}},{"type":"Feature","properties":{"class":"alley","highway":"service","sidewalk":"unknown","lanes":0,"name":"연서로16번길","oneway":false},"geometry":{"type":"LineString","coordinates":[[126.86399,37.48224],[126.86364,37.48238],[126.86338,37.48248],[126.86331,37.48262],[126.86322,37.48281]]}},{"type":"Feature","properties":{"class":"alley","highway":"service","sidewalk":"unknown","lanes":0,"name":"연서일로","oneway":false},"geometry":{"type":"LineString","coordinates":[[126.86402,37.48296],[126.86384,37.48268],[126.86364,37.48238]]}},{"type":"Feature","properties":{"class":"alley","highway":"service","sidewalk":"unknown","lanes":0,"name":"","oneway":false},"geometry":{"type":"LineString","coordinates":[[126.8636,37.48294],[126.86368,37.48276],[126.86384,37.48268]]}},{"type":"Feature","properties":{"class":"alley","highway":"service","sidewalk":"unknown","lanes":0,"name":"연서로16번길","oneway":false},"geometry":{"type":"LineString","coordinates":[[126.86331,37.48262],[126.86281,37.48243],[126.8627,37.48228],[126.86252,37.48203]]}},{"type":"Feature","properties":{"class":"alley","highway":"service","sidewalk":"unknown","lanes":0,"name":"","oneway":false},"geometry":{"type":"LineString","coordinates":[[126.8627,37.48228],[126.86313,37.4821]]}},{"type":"Feature","properties":{"class":"alley","highway":"service","sidewalk":"unknown","lanes":0,"name":"연서로16번길","oneway":false},"geometry":{"type":"LineString","coordinates":[[126.86221,37.48216],[126.86252,37.48203],[126.86294,37.48183]]}},{"type":"Feature","properties":{"class":"minor","highway":"residential","sidewalk":"unknown","lanes":0,"name":"연서일로","oneway":false},"geometry":{"type":"LineString","coordinates":[[126.86396,37.48306],[126.86406,37.48382],[126.86422,37.48414],[126.86433,37.48419],[126.86432,37.48493],[126.86432,37.48506],[126.86431,37.48537],[126.86415,37.48576],[126.8641,37.48589]]}},{"type":"Feature","properties":{"class":"minor","highway":"residential","sidewalk":"unknown","lanes":0,"name":"시청로101번길","oneway":false},"geometry":{"type":"LineString","coordinates":[[126.86432,37.48506],[126.86459,37.4851],[126.86472,37.48512],[126.86508,37.48518],[126.86541,37.48523],[126.86575,37.48529],[126.86611,37.48534]]}},{"type":"Feature","properties":{"class":"minor","highway":"residential","sidewalk":"unknown","lanes":0,"name":"시청로101번길","oneway":false},"geometry":{"type":"LineString","coordinates":[[126.86459,37.4851],[126.86469,37.48482],[126.86515,37.48489],[126.86508,37.48518]]}},{"type":"Feature","properties":{"class":"minor","highway":"residential","sidewalk":"unknown","lanes":0,"name":"시청로101번길","oneway":false},"geometry":{"type":"LineString","coordinates":[[126.86541,37.48523],[126.86551,37.48486],[126.86577,37.48473],[126.8659,37.48472],[126.86626,37.48478]]}},{"type":"Feature","properties":{"class":"minor","highway":"residential","sidewalk":"unknown","lanes":0,"name":"시청로101번길","oneway":false},"geometry":{"type":"LineString","coordinates":[[126.86558,37.48593],[126.86575,37.48529],[126.8659,37.48472]]}},{"type":"Feature","properties":{"class":"minor","highway":"residential","sidewalk":"unknown","lanes":0,"name":"시청로","oneway":false},"geometry":{"type":"LineString","coordinates":[[126.86558,37.48593],[126.86523,37.48589],[126.86489,37.48583],[126.86454,37.48577],[126.86445,37.48578],[126.86415,37.48576]]}},{"type":"Feature","properties":{"class":"minor","highway":"residential","sidewalk":"unknown","lanes":0,"name":"시청로101번길","oneway":false},"geometry":{"type":"LineString","coordinates":[[126.86523,37.48589],[126.86541,37.48523]]}},{"type":"Feature","properties":{"class":"minor","highway":"residential","sidewalk":"unknown","lanes":0,"name":"시청로101번길","oneway":false},"geometry":{"type":"LineString","coordinates":[[126.86489,37.48583],[126.86508,37.48518]]}},{"type":"Feature","properties":{"class":"minor","highway":"residential","sidewalk":"unknown","lanes":0,"name":"시청로101번길","oneway":false},"geometry":{"type":"LineString","coordinates":[[126.86454,37.48577],[126.86472,37.48512]]}},{"type":"Feature","properties":{"class":"minor","highway":"residential","sidewalk":"unknown","lanes":0,"name":"시청로138번길","oneway":false},"geometry":{"type":"LineString","coordinates":[[126.86708,37.4862],[126.86758,37.48629]]}},{"type":"Feature","properties":{"class":"minor","highway":"unclassified","sidewalk":"unknown","lanes":0,"name":"광삼로13번길","oneway":false},"geometry":{"type":"LineString","coordinates":[[126.86029,37.48005],[126.86042,37.47988],[126.86047,37.47959]]}},{"type":"Feature","properties":{"class":"major","highway":"primary","sidewalk":"likely","lanes":2,"name":"서부간선로","oneway":true},"geometry":{"type":"LineString","coordinates":[[126.87361,37.48487],[126.87365,37.48476],[126.87381,37.48428],[126.87416,37.48329],[126.87435,37.48283],[126.87447,37.48248],[126.87462,37.48216],[126.87516,37.48098],[126.87557,37.48007],[126.87594,37.47938],[126.87632,37.47857]]}},{"type":"Feature","properties":{"class":"alley","highway":"service","sidewalk":"unknown","lanes":0,"name":"","oneway":false},"geometry":{"type":"LineString","coordinates":[[126.86783,37.49582],[126.86773,37.49638],[126.86767,37.49649]]}},{"type":"Feature","properties":{"class":"major","highway":"secondary","sidewalk":"likely","lanes":0,"name":"고척2지하도로","oneway":true},"geometry":{"type":"LineString","coordinates":[[126.86803,37.49729],[126.86807,37.49758],[126.8682,37.49794],[126.86876,37.49925]]}},{"type":"Feature","properties":{"class":"major","highway":"primary","sidewalk":"likely","lanes":0,"name":"안양천로","oneway":true},"geometry":{"type":"LineString","coordinates":[[126.86786,37.49696],[126.86787,37.49655],[126.86794,37.49615],[126.86805,37.49579],[126.86849,37.49452],[126.86898,37.49298],[126.86923,37.49204],[126.86938,37.49133]]}},{"type":"Feature","properties":{"class":"major","highway":"primary","sidewalk":"likely","lanes":6,"name":"광명지하도로","oneway":false},"geometry":{"type":"LineString","coordinates":[[126.87188,37.48249],[126.87124,37.48451]]}},{"type":"Feature","properties":{"class":"major","highway":"primary_link","sidewalk":"likely","lanes":0,"name":"안양천로","oneway":true},"geometry":{"type":"LineString","coordinates":[[126.87188,37.48249],[126.87192,37.48266],[126.87169,37.48356],[126.87136,37.48461]]}},{"type":"Feature","properties":{"class":"major","highway":"primary","sidewalk":"likely","lanes":4,"name":"남부순환로","oneway":true},"geometry":{"type":"LineString","coordinates":[[126.86248,37.49315],[126.86512,37.49283],[126.86608,37.49272]]}},{"type":"Feature","properties":{"class":"major","highway":"secondary","sidewalk":"likely","lanes":3,"name":"가마산로","oneway":true},"geometry":{"type":"LineString","coordinates":[[126.87648,37.48565],[126.87674,37.48572],[126.87689,37.48576],[126.87712,37.48584],[126.87745,37.48594],[126.87827,37.48631]]}},{"type":"Feature","properties":{"class":"major","highway":"secondary","sidewalk":"likely","lanes":3,"name":"가마산로","oneway":true},"geometry":{"type":"LineString","coordinates":[[126.87827,37.48631],[126.87834,37.48634],[126.87864,37.4865],[126.87893,37.48668],[126.87942,37.48701],[126.87963,37.48719],[126.87972,37.48732]]}},{"type":"Feature","properties":{"class":"major","highway":"primary_link","sidewalk":"likely","lanes":0,"name":"가산디지털1로","oneway":true},"geometry":{"type":"LineString","coordinates":[[126.87908,37.48601],[126.87908,37.48608],[126.87908,37.48612],[126.8791,37.48629],[126.87916,37.48655],[126.87918,37.48659],[126.87926,37.48666],[126.87932,37.48672],[126.8794,37.48678],[126.87946,37.48683],[126.87952,37.48688]]}},{"type":"Feature","properties":{"class":"minor","highway":"residential","sidewalk":"unknown","lanes":0,"name":"개봉로2길","oneway":false},"geometry":{"type":"LineString","coordinates":[[126.8592,37.48801],[126.85931,37.48813],[126.85952,37.48839],[126.8599,37.48886],[126.8599,37.48887],[126.86054,37.48962],[126.86119,37.49042],[126.86127,37.49049]]}},{"type":"Feature","properties":{"class":"minor","highway":"residential","sidewalk":"yes","lanes":4,"name":"개봉로2길","oneway":false},"geometry":{"type":"LineString","coordinates":[[126.86127,37.49049],[126.8617,37.49078],[126.8623,37.49108],[126.86289,37.49125],[126.86302,37.49127],[126.86315,37.4913]]}},{"type":"Feature","properties":{"class":"minor","highway":"residential","sidewalk":"unknown","lanes":0,"name":"개봉로23가길","oneway":false},"geometry":{"type":"LineString","coordinates":[[126.85898,37.49534],[126.85987,37.49509],[126.85992,37.49507],[126.86013,37.49498],[126.86059,37.49479],[126.86169,37.49434],[126.862,37.49421]]}},{"type":"Feature","properties":{"class":"major","highway":"primary","sidewalk":"likely","lanes":0,"name":"경인로","oneway":true},"geometry":{"type":"LineString","coordinates":[[126.85621,37.49728],[126.85652,37.49729],[126.85693,37.4973],[126.8572,37.49729],[126.85735,37.49728],[126.85841,37.49709],[126.85953,37.49688],[126.86122,37.49659]]}},{"type":"Feature","properties":{"class":"major","highway":"secondary","sidewalk":"likely","lanes":3,"name":"가마산로","oneway":true},"geometry":{"type":"LineString","coordinates":[[126.87648,37.48573],[126.87632,37.48569],[126.876,37.48561]]}},{"type":"Feature","properties":{"class":"major","highway":"secondary","sidewalk":"likely","lanes":0,"name":"가마산로","oneway":false},"geometry":{"type":"LineString","coordinates":[[126.87648,37.48573],[126.87647,37.4858],[126.87647,37.48583],[126.87645,37.48606],[126.87653,37.48624],[126.87659,37.48637],[126.87669,37.48648],[126.87678,37.48659],[126.87721,37.48704],[126.87727,37.4871],[126.87737,37.4872]]}},{"type":"Feature","properties":{"class":"major","highway":"secondary","sidewalk":"likely","lanes":0,"name":"구일로","oneway":true},"geometry":{"type":"LineString","coordinates":[[126.87416,37.49156],[126.8746,37.49123],[126.8747,37.49121]]}},{"type":"Feature","properties":{"class":"minor","highway":"residential","sidewalk":"unknown","lanes":0,"name":"","oneway":false},"geometry":{"type":"LineString","coordinates":[[126.87603,37.4932],[126.87603,37.4935],[126.87602,37.49366],[126.87601,37.49423],[126.876,37.49477],[126.87599,37.49549],[126.87598,37.49552]]}},{"type":"Feature","properties":{"class":"major","highway":"secondary","sidewalk":"likely","lanes":0,"name":"구일로","oneway":false},"geometry":{"type":"LineString","coordinates":[[126.87204,37.49321],[126.87194,37.4936],[126.87192,37.49371]]}},{"type":"Feature","properties":{"class":"major","highway":"secondary","sidewalk":"likely","lanes":0,"name":"구일로","oneway":false},"geometry":{"type":"LineString","coordinates":[[126.87161,37.49533],[126.87152,37.49598]]}},{"type":"Feature","properties":{"class":"major","highway":"tertiary","sidewalk":"likely","lanes":0,"name":"구일로10길","oneway":false},"geometry":{"type":"LineString","coordinates":[[126.87359,37.49542],[126.87404,37.49544],[126.87471,37.49547]]}},{"type":"Feature","properties":{"class":"major","highway":"tertiary","sidewalk":"likely","lanes":0,"name":"구일로8길","oneway":false},"geometry":{"type":"LineString","coordinates":[[126.87524,37.49707],[126.87579,37.49762],[126.87602,37.49785],[126.8765,37.49822],[126.87663,37.49833],[126.87666,37.49835],[126.87744,37.49885],[126.87763,37.49895]]}},{"type":"Feature","properties":{"class":"major","highway":"tertiary","sidewalk":"likely","lanes":0,"name":"구일로10길","oneway":false},"geometry":{"type":"LineString","coordinates":[[126.87471,37.49547],[126.87475,37.49547],[126.87598,37.49552],[126.87617,37.49553],[126.87669,37.49555],[126.87706,37.49557]]}},{"type":"Feature","properties":{"class":"major","highway":"tertiary","sidewalk":"likely","lanes":0,"name":"","oneway":false},"geometry":{"type":"LineString","coordinates":[[126.87467,37.49324],[126.87484,37.49317],[126.87603,37.4932]]}},{"type":"Feature","properties":{"class":"major","highway":"secondary","sidewalk":"yes","lanes":4,"name":"시청로","oneway":false},"geometry":{"type":"LineString","coordinates":[[126.86645,37.48413],[126.86626,37.48478],[126.86611,37.48534],[126.86606,37.48551],[126.86593,37.48599],[126.8659,37.48607]]}},{"type":"Feature","properties":{"class":"major","highway":"secondary","sidewalk":"likely","lanes":4,"name":"시청로","oneway":false},"geometry":{"type":"LineString","coordinates":[[126.8659,37.48607],[126.86588,37.48619],[126.86589,37.48629],[126.86594,37.4864],[126.86603,37.48648],[126.86613,37.48653],[126.86724,37.48704],[126.86735,37.48709],[126.8683,37.48753]]}},{"type":"Feature","properties":{"class":"major","highway":"secondary","sidewalk":"likely","lanes":0,"name":"구일로","oneway":false},"geometry":{"type":"LineString","coordinates":[[126.87192,37.49371],[126.87189,37.49381],[126.87161,37.49533]]}},{"type":"Feature","properties":{"class":"major","highway":"primary_link","sidewalk":"likely","lanes":0,"name":"","oneway":true},"geometry":{"type":"LineString","coordinates":[[126.8713,37.4964],[126.87138,37.49662],[126.87143,37.49706],[126.87157,37.4977],[126.87165,37.49793]]}},{"type":"Feature","properties":{"class":"major","highway":"primary_link","sidewalk":"likely","lanes":0,"name":"","oneway":true},"geometry":{"type":"LineString","coordinates":[[126.87165,37.49793],[126.87186,37.49847],[126.8719,37.49862]]}},{"type":"Feature","properties":{"class":"major","highway":"primary_link","sidewalk":"likely","lanes":0,"name":"","oneway":true},"geometry":{"type":"LineString","coordinates":[[126.87213,37.49929],[126.87258,37.5007],[126.87267,37.50123]]}},{"type":"Feature","properties":{"class":"major","highway":"primary_link","sidewalk":"likely","lanes":0,"name":"","oneway":true},"geometry":{"type":"LineString","coordinates":[[126.87268,37.50172],[126.87251,37.50147],[126.87178,37.49932],[126.87175,37.49923],[126.8717,37.49917],[126.87165,37.49913],[126.87154,37.49909],[126.87136,37.49906]]}},{"type":"Feature","properties":{"class":"major","highway":"primary_link","sidewalk":"likely","lanes":0,"name":"","oneway":true},"geometry":{"type":"LineString","coordinates":[[126.87178,37.49932],[126.87181,37.49929],[126.87186,37.49925],[126.87191,37.49923],[126.872,37.49923],[126.87206,37.49925],[126.87213,37.49929]]}},{"type":"Feature","properties":{"class":"major","highway":"primary_link","sidewalk":"likely","lanes":1,"name":"","oneway":true},"geometry":{"type":"LineString","coordinates":[[126.87152,37.49854],[126.87124,37.49764],[126.87117,37.49728],[126.87111,37.49661],[126.87117,37.49617]]}},{"type":"Feature","properties":{"class":"major","highway":"primary_link","sidewalk":"likely","lanes":0,"name":"","oneway":true},"geometry":{"type":"LineString","coordinates":[[126.87186,37.49847],[126.87184,37.49854],[126.87179,37.49858],[126.87172,37.49861],[126.87165,37.49862],[126.87158,37.49859],[126.87152,37.49854]]}},{"type":"Feature","properties":{"class":"major","highway":"primary","sidewalk":"likely","lanes":2,"name":"서부간선로","oneway":true},"geometry":{"type":"LineString","coordinates":[[126.87163,37.49854],[126.87138,37.49782],[126.87127,37.49736],[126.87122,37.49694],[126.87119,37.49667],[126.87117,37.49617]]}},{"type":"Feature","properties":{"class":"major","highway":"primary","sidewalk":"likely","lanes":2,"name":"서부간선로","oneway":true},"geometry":{"type":"LineString","coordinates":[[126.87117,37.49617],[126.87119,37.49598],[126.87126,37.49549],[126.87133,37.49511],[126.87137,37.49487],[126.87143,37.49456]]}},{"type":"Feature","properties":{"class":"major","highway":"secondary","sidewalk":"likely","lanes":0,"name":"구일로","oneway":false},"geometry":{"type":"LineString","coordinates":[[126.87408,37.49169],[126.87393,37.49178],[126.87373,37.49188],[126.87354,37.49197],[126.87332,37.49206],[126.87254,37.49232],[126.87245,37.49235],[126.87227,37.49247],[126.87223,37.49257],[126.8722,37.49264],[126.87204,37.49321]]}},{"type":"Feature","properties":{"class":"major","highway":"primary_link","sidewalk":"likely","lanes":0,"name":"","oneway":true},"geometry":{"type":"LineString","coordinates":[[126.87131,37.49889],[126.87151,37.49869],[126.87155,37.49862]]}},{"type":"Feature","properties":{"class":"major","highway":"primary_link","sidewalk":"likely","lanes":0,"name":"","oneway":true},"geometry":{"type":"LineString","coordinates":[[126.8719,37.49862],[126.87197,37.49868],[126.87239,37.49884]]}},{"type":"Feature","properties":{"class":"major","highway":"secondary_link","sidewalk":"likely","lanes":0,"name":"","oneway":true},"geometry":{"type":"LineString","coordinates":[[126.87788,37.48755],[126.87793,37.48747],[126.87804,37.48737],[126.87833,37.48714],[126.87841,37.48709],[126.87846,37.48705],[126.87852,37.487]]}},{"type":"Feature","properties":{"class":"major","highway":"secondary_link","sidewalk":"likely","lanes":0,"name":"","oneway":true},"geometry":{"type":"LineString","coordinates":[[126.87852,37.487],[126.87852,37.48704],[126.87847,37.48711],[126.8783,37.48726],[126.878,37.48747],[126.87796,37.48749],[126.87788,37.48755]]}},{"type":"Feature","properties":{"class":"major","highway":"secondary","sidewalk":"likely","lanes":0,"name":"구일로","oneway":false},"geometry":{"type":"LineString","coordinates":[[126.87788,37.48755],[126.87773,37.48772],[126.87762,37.48789],[126.87754,37.48812],[126.87751,37.48828],[126.87748,37.48843],[126.87745,37.48849],[126.87741,37.4886],[126.87735,37.48868],[126.87725,37.48877],[126.87716,37.48884],[126.87699,37.48892],[126.87698,37.48892],[126.87673,37.48902],[126.87651,37.48916],[126.87632,37.48933],[126.87619,37.4895],[126.87554,37.49032],[126.87524,37.49069],[126.87514,37.49079],[126.87505,37.49088],[126.87494,37.49099],[126.8747,37.49121]]}},{"type":"Feature","properties":{"class":"major","highway":"tertiary","sidewalk":"likely","lanes":0,"name":"가산디지털2로","oneway":false},"geometry":{"type":"LineString","coordinates":[[126.87853,37.48121],[126.87851,37.48125],[126.87781,37.48281],[126.87774,37.48295]]}},{"type":"Feature","properties":{"class":"minor","highway":"residential","sidewalk":"yes","lanes":2,"name":"개봉로2길","oneway":false},"geometry":{"type":"LineString","coordinates":[[126.8604,37.49194],[126.86041,37.49182],[126.86055,37.49159],[126.86061,37.49149]]}},{"type":"Feature","properties":{"class":"minor","highway":"residential","sidewalk":"yes","lanes":0,"name":"개봉로2길","oneway":false},"geometry":{"type":"LineString","coordinates":[[126.86079,37.49116],[126.86117,37.49056],[126.86127,37.49049]]}},{"type":"Feature","properties":{"class":"alley","highway":"service","sidewalk":"unknown","lanes":0,"name":"","oneway":false},"geometry":{"type":"LineString","coordinates":[[126.86079,37.49116],[126.86073,37.49111],[126.86024,37.49066],[126.86007,37.49049],[126.85972,37.49014],[126.85945,37.48986],[126.85936,37.48977],[126.85922,37.48963],[126.85924,37.48941],[126.85929,37.48914]]}},{"type":"Feature","properties":{"class":"minor","highway":"unclassified","sidewalk":"unknown","lanes":1,"name":"","oneway":false},"geometry":{"type":"LineString","coordinates":[[126.86728,37.49275],[126.86718,37.49248]]}},{"type":"Feature","properties":{"class":"alley","highway":"service","sidewalk":"unknown","lanes":0,"name":"","oneway":true},"geometry":{"type":"LineString","coordinates":[[126.86762,37.49699],[126.8677,37.49689],[126.86777,37.49685],[126.86809,37.49687],[126.86811,37.49696],[126.86811,37.49699],[126.86815,37.49733],[126.86823,37.4978]]}},{"type":"Feature","properties":{"class":"alley","highway":"service","sidewalk":"unknown","lanes":0,"name":"","oneway":true},"geometry":{"type":"LineString","coordinates":[[126.8679,37.49763],[126.86779,37.49742],[126.86762,37.49699]]}},{"type":"Feature","properties":{"class":"alley","highway":"service","sidewalk":"unknown","lanes":0,"name":"","oneway":true},"geometry":{"type":"LineString","coordinates":[[126.86811,37.49699],[126.8683,37.49723],[126.86865,37.49803],[126.86893,37.4987]]}},{"type":"Feature","properties":{"class":"alley","highway":"service","sidewalk":"unknown","lanes":0,"name":"","oneway":false},"geometry":{"type":"LineString","coordinates":[[126.86893,37.4987],[126.86906,37.499],[126.86912,37.49918],[126.86932,37.49972],[126.86933,37.49974]]}},{"type":"Feature","properties":{"class":"alley","highway":"service","sidewalk":"unknown","lanes":0,"name":"","oneway":true},"geometry":{"type":"LineString","coordinates":[[126.86933,37.49974],[126.86938,37.5005]]}},{"type":"Feature","properties":{"class":"minor","highway":"residential","sidewalk":"yes","lanes":2,"name":"개봉로2길","oneway":true},"geometry":{"type":"LineString","coordinates":[[126.8643,37.49174],[126.86425,37.4917],[126.86415,37.49161],[126.86392,37.49149],[126.86377,37.49144],[126.8636,37.49139]]}},{"type":"Feature","properties":{"class":"major","highway":"primary","sidewalk":"yes","lanes":6,"name":"안양천로","oneway":false},"geometry":{"type":"LineString","coordinates":[[126.87226,37.48156],[126.87188,37.48249]]}},{"type":"Feature","properties":{"class":"major","highway":"primary_link","sidewalk":"likely","lanes":0,"name":"","oneway":true},"geometry":{"type":"LineString","coordinates":[[126.87136,37.48461],[126.87128,37.48466],[126.87123,37.48467],[126.87116,37.48466],[126.87112,37.48464],[126.8711,37.48462],[126.87109,37.48454]]}},{"type":"Feature","properties":{"class":"major","highway":"primary_link","sidewalk":"yes","lanes":0,"name":"안양천로","oneway":true},"geometry":{"type":"LineString","coordinates":[[126.87109,37.48454],[126.87138,37.4836],[126.87171,37.48263],[126.87188,37.48249]]}},{"type":"Feature","properties":{"class":"alley","highway":"service","sidewalk":"unknown","lanes":0,"name":"","oneway":false},"geometry":{"type":"LineString","coordinates":[[126.87791,37.48759],[126.87797,37.48759],[126.87802,37.48759],[126.8794,37.48762]]}},{"type":"Feature","properties":{"class":"minor","highway":"unclassified","sidewalk":"unknown","lanes":0,"name":"","oneway":false},"geometry":{"type":"LineString","coordinates":[[126.86913,37.49211],[126.86921,37.49199],[126.86927,37.49195],[126.86934,37.49196],[126.86939,37.49199],[126.86941,37.49205],[126.86943,37.49218],[126.86945,37.49233],[126.8694,37.49251],[126.86929,37.4928],[126.86916,37.49311],[126.86906,37.49343],[126.86893,37.49385],[126.86891,37.49388],[126.86886,37.49391],[126.86856,37.49386]]}},{"type":"Feature","properties":{"class":"minor","highway":"unclassified","sidewalk":"unknown","lanes":0,"name":"","oneway":false},"geometry":{"type":"LineString","coordinates":[[126.86716,37.49242],[126.86718,37.49248]]}},{"type":"Feature","properties":{"class":"major","highway":"primary_link","sidewalk":"likely","lanes":1,"name":"","oneway":true},"geometry":{"type":"LineString","coordinates":[[126.87194,37.4936],[126.87184,37.49373],[126.87182,37.49378],[126.87177,37.49386],[126.87166,37.49407]]}},{"type":"Feature","properties":{"class":"major","highway":"primary","sidewalk":"likely","lanes":3,"name":"서부간선로","oneway":true},"geometry":{"type":"LineString","coordinates":[[126.87166,37.49407],[126.87145,37.49507],[126.87136,37.4955],[126.87132,37.49597],[126.8713,37.4964]]}},{"type":"Feature","properties":{"class":"major","highway":"primary","sidewalk":"likely","lanes":2,"name":"서부간선로","oneway":true},"geometry":{"type":"LineString","coordinates":[[126.8713,37.4964],[126.87129,37.49667],[126.87132,37.49694],[126.87137,37.49735],[126.87148,37.49781],[126.87172,37.49853]]}},{"type":"Feature","properties":{"class":"major","highway":"secondary_link","sidewalk":"likely","lanes":0,"name":"남부순환로","oneway":false},"geometry":{"type":"LineString","coordinates":[[126.8778,37.48679],[126.87755,37.48703],[126.87737,37.4872]]}},{"type":"Feature","properties":{"class":"minor","highway":"unclassified","sidewalk":"unknown","lanes":0,"name":"목감로","oneway":false},"geometry":{"type":"LineString","coordinates":[[126.86906,37.49219],[126.86913,37.49211]]}},{"type":"Feature","properties":{"class":"major","highway":"primary_link","sidewalk":"likely","lanes":0,"name":"","oneway":true},"geometry":{"type":"LineString","coordinates":[[126.87309,37.48726],[126.87294,37.48802],[126.87299,37.4881]]}},{"type":"Feature","properties":{"class":"major","highway":"primary_link","sidewalk":"likely","lanes":0,"name":"안양천로","oneway":true},"geometry":{"type":"LineString","coordinates":[[126.87125,37.48512],[126.8712,37.48515],[126.87114,37.48523],[126.87109,37.4854],[126.87077,37.48629],[126.87054,37.48684],[126.87029,37.4871]]}},{"type":"Feature","properties":{"class":"major","highway":"primary_link","sidewalk":"yes","lanes":0,"name":"안양천로","oneway":true},"geometry":{"type":"LineString","coordinates":[[126.87029,37.4871],[126.87029,37.48677],[126.87076,37.48542],[126.8708,37.48532],[126.87088,37.48518]]}},{"type":"Feature","properties":{"class":"minor","highway":"residential","sidewalk":"unknown","lanes":0,"name":"","oneway":false},"geometry":{"type":"LineString","coordinates":[[126.86803,37.49061],[126.8681,37.49088],[126.86808,37.49111],[126.868,37.49188],[126.868,37.49194],[126.86801,37.49232]]}},{"type":"Feature","properties":{"class":"alley","highway":"service","sidewalk":"unknown","lanes":0,"name":"","oneway":false},"geometry":{"type":"LineString","coordinates":[[126.86611,37.49883],[126.86613,37.49867],[126.86611,37.49855],[126.86653,37.49652]]}},{"type":"Feature","properties":{"class":"alley","highway":"service","sidewalk":"unknown","lanes":0,"name":"","oneway":false},"geometry":{"type":"LineString","coordinates":[[126.86653,37.49652],[126.86728,37.49662],[126.86738,37.49663]]}},{"type":"Feature","properties":{"class":"alley","highway":"service","sidewalk":"unknown","lanes":0,"name":"","oneway":false},"geometry":{"type":"LineString","coordinates":[[126.86769,37.49664],[126.86766,37.49667],[126.86761,37.4967],[126.86756,37.49671],[126.86751,37.49671],[126.86745,37.49669],[126.86741,37.49667],[126.86738,37.49663],[126.86737,37.49659],[126.86737,37.49656],[126.86738,37.49652],[126.86741,37.49649],[126.86745,37.49646],[126.86749,37.49645],[126.86754,37.49644],[126.86759,37.49645],[126.86763,37.49646],[126.86767,37.49649],[126.86769,37.49652],[126.8677,37.49656],[126.8677,37.4966],[126.86769,37.49664]]}},{"type":"Feature","properties":{"class":"alley","highway":"pedestrian","sidewalk":"unknown","lanes":0,"name":"","oneway":false},"geometry":{"type":"LineString","coordinates":[[126.86854,37.4993],[126.86852,37.49926],[126.86827,37.49866],[126.86806,37.49816],[126.86805,37.49812],[126.868,37.49802],[126.86802,37.49801],[126.8683,37.49793],[126.86833,37.49799],[126.86883,37.49915],[126.86887,37.49918],[126.86884,37.49922],[126.86854,37.4993]]}},{"type":"Feature","properties":{"class":"alley","highway":"service","sidewalk":"unknown","lanes":0,"name":"","oneway":false},"geometry":{"type":"LineString","coordinates":[[126.878,37.48747],[126.87826,37.48748],[126.87909,37.48748],[126.87918,37.48746],[126.87926,37.48745],[126.87945,37.48744]]}},{"type":"Feature","properties":{"class":"alley","highway":"service","sidewalk":"unknown","lanes":0,"name":"","oneway":false},"geometry":{"type":"LineString","coordinates":[[126.86222,37.48068],[126.86266,37.48069],[126.86299,37.4807]]}},{"type":"Feature","properties":{"class":"alley","highway":"service","sidewalk":"unknown","lanes":0,"name":"","oneway":false},"geometry":{"type":"LineString","coordinates":[[126.86219,37.48049],[126.86266,37.4805],[126.86301,37.4805]]}},{"type":"Feature","properties":{"class":"alley","highway":"service","sidewalk":"unknown","lanes":0,"name":"","oneway":false},"geometry":{"type":"LineString","coordinates":[[126.86219,37.48029],[126.86267,37.4803],[126.86292,37.4803]]}},{"type":"Feature","properties":{"class":"alley","highway":"service","sidewalk":"unknown","lanes":0,"name":"","oneway":false},"geometry":{"type":"LineString","coordinates":[[126.86267,37.48009],[126.86267,37.4803],[126.86266,37.4805],[126.86266,37.48069]]}},{"type":"Feature","properties":{"class":"alley","highway":"service","sidewalk":"unknown","lanes":0,"name":"","oneway":false},"geometry":{"type":"LineString","coordinates":[[126.86227,37.48008],[126.8625,37.48009],[126.86267,37.48009],[126.8628,37.4801]]}},{"type":"Feature","properties":{"class":"alley","highway":"service","sidewalk":"unknown","lanes":0,"name":"","oneway":false},"geometry":{"type":"LineString","coordinates":[[126.86283,37.47885],[126.86273,37.47886],[126.86266,37.47887],[126.86261,37.47888],[126.86257,37.47891],[126.86254,37.47893],[126.86251,37.47899],[126.86247,37.47906],[126.86245,37.47911],[126.86243,37.47915],[126.86242,37.47919],[126.8624,37.47924],[126.86239,37.47928],[126.86239,37.4793],[126.86239,37.47946],[126.86238,37.47964],[126.86238,37.47968],[126.86239,37.47971],[126.86239,37.47974],[126.8624,37.47977],[126.86241,37.4798],[126.86242,37.47982],[126.86244,37.47985],[126.86246,37.47987],[126.86248,37.4799],[126.8625,37.47993],[126.8625,37.47995],[126.8625,37.48009]]}},{"type":"Feature","properties":{"class":"minor","highway":"residential","sidewalk":"unknown","lanes":0,"name":"","oneway":false},"geometry":{"type":"LineString","coordinates":[[126.86167,37.48134],[126.86178,37.48128],[126.86187,37.48121]]}},{"type":"Feature","properties":{"class":"major","highway":"primary_link","sidewalk":"likely","lanes":0,"name":"","oneway":true},"geometry":{"type":"LineString","coordinates":[[126.8708,37.48532],[126.87085,37.48529],[126.8709,37.48528],[126.87093,37.48528],[126.87097,37.48528],[126.871,37.48529],[126.87104,37.48532],[126.87106,37.48535],[126.87109,37.4854]]}},{"type":"Feature","properties":{"class":"major","highway":"secondary_link","sidewalk":"yes","lanes":1,"name":"","oneway":true},"geometry":{"type":"LineString","coordinates":[[126.86989,37.48858],[126.86988,37.48846],[126.86983,37.48836],[126.86976,37.48828],[126.86956,37.48807]]}},{"type":"Feature","properties":{"class":"major","highway":"tertiary_link","sidewalk":"likely","lanes":0,"name":"","oneway":true},"geometry":{"type":"LineString","coordinates":[[126.87404,37.49544],[126.87398,37.49547],[126.87394,37.49552],[126.87392,37.49555],[126.8739,37.49557],[126.87388,37.49562],[126.87387,37.49568]]}},{"type":"Feature","properties":{"class":"alley","highway":"service","sidewalk":"unknown","lanes":0,"name":"","oneway":false},"geometry":{"type":"LineString","coordinates":[[126.87669,37.48751],[126.87649,37.48744],[126.87552,37.48709]]}},{"type":"Feature","properties":{"class":"major","highway":"secondary","sidewalk":"yes","lanes":0,"name":"시청로","oneway":false},"geometry":{"type":"LineString","coordinates":[[126.86956,37.48807],[126.86996,37.48823]]}},{"type":"Feature","properties":{"class":"major","highway":"primary","sidewalk":"yes","lanes":0,"name":"안양천로","oneway":false},"geometry":{"type":"LineString","coordinates":[[126.87029,37.4871],[126.87021,37.48736],[126.87003,37.48792],[126.86997,37.48815],[126.86996,37.48823]]}},{"type":"Feature","properties":{"class":"major","highway":"primary","sidewalk":"likely","lanes":0,"name":"안양천로","oneway":false},"geometry":{"type":"LineString","coordinates":[[126.86996,37.48823],[126.86989,37.48858]]}},{"type":"Feature","properties":{"class":"minor","highway":"residential","sidewalk":"yes","lanes":0,"name":"사성로","oneway":false},"geometry":{"type":"LineString","coordinates":[[126.86719,37.4893],[126.86673,37.48881]]}},{"type":"Feature","properties":{"class":"major","highway":"secondary","sidewalk":"yes","lanes":4,"name":"시청로","oneway":false},"geometry":{"type":"LineString","coordinates":[[126.8683,37.48753],[126.86956,37.48807]]}},{"type":"Feature","properties":{"class":"minor","highway":"residential","sidewalk":"yes","lanes":1,"name":"개봉로2길","oneway":false},"geometry":{"type":"LineString","coordinates":[[126.86061,37.49149],[126.86064,37.49143],[126.86075,37.49121]]}},{"type":"Feature","properties":{"class":"minor","highway":"residential","sidewalk":"yes","lanes":0,"name":"개봉로2길","oneway":false},"geometry":{"type":"LineString","coordinates":[[126.86075,37.49121],[126.86079,37.49116]]}},{"type":"Feature","properties":{"class":"minor","highway":"residential","sidewalk":"unknown","lanes":0,"name":"","oneway":true},"geometry":{"type":"LineString","coordinates":[[126.87413,37.48505],[126.87417,37.48508],[126.87423,37.4851],[126.87442,37.48512],[126.87515,37.48524]]}},{"type":"Feature","properties":{"class":"major","highway":"secondary","sidewalk":"likely","lanes":3,"name":"가마산로","oneway":true},"geometry":{"type":"LineString","coordinates":[[126.87621,37.48557],[126.87636,37.48561],[126.87648,37.48565]]}},{"type":"Feature","properties":{"class":"major","highway":"secondary","sidewalk":"likely","lanes":3,"name":"가마산로","oneway":true},"geometry":{"type":"LineString","coordinates":[[126.876,37.48561],[126.87556,37.48549]]}},{"type":"Feature","properties":{"class":"minor","highway":"residential","sidewalk":"unknown","lanes":0,"name":"서부샛길","oneway":false},"geometry":{"type":"LineString","coordinates":[[126.87406,37.48531],[126.87406,37.48532]]}},{"type":"Feature","properties":{"class":"minor","highway":"residential","sidewalk":"unknown","lanes":0,"name":"서부샛길","oneway":false},"geometry":{"type":"LineString","coordinates":[[126.87413,37.48505],[126.87413,37.48506]]}},{"type":"Feature","properties":{"class":"major","highway":"primary","sidewalk":"likely","lanes":0,"name":"남부순환로","oneway":true},"geometry":{"type":"LineString","coordinates":[[126.87832,37.48689],[126.87795,37.48718],[126.87747,37.48767]]}},{"type":"Feature","properties":{"class":"major","highway":"primary","sidewalk":"likely","lanes":0,"name":"남부순환로","oneway":true},"geometry":{"type":"LineString","coordinates":[[126.87747,37.48767],[126.8769,37.48831],[126.87674,37.48849],[126.87631,37.48904],[126.87595,37.48948],[126.87581,37.48965]]}},{"type":"Feature","properties":{"class":"minor","highway":"residential","sidewalk":"unknown","lanes":0,"name":"광일로","oneway":false},"geometry":{"type":"LineString","coordinates":[[126.86576,37.48619],[126.86523,37.4861],[126.86495,37.48605],[126.86449,37.48596],[126.8641,37.48589]]}},{"type":"Feature","properties":{"class":"major","highway":"tertiary","sidewalk":"likely","lanes":0,"name":"현충로","oneway":false},"geometry":{"type":"LineString","coordinates":[[126.85663,37.48442],[126.85723,37.48447],[126.85763,37.48449],[126.86035,37.48465]]}},{"type":"Feature","properties":{"class":"minor","highway":"residential","sidewalk":"unknown","lanes":0,"name":"목감로","oneway":false},"geometry":{"type":"LineString","coordinates":[[126.8606,37.48853],[126.86023,37.4881],[126.85986,37.48764]]}},{"type":"Feature","properties":{"class":"minor","highway":"residential","sidewalk":"yes","lanes":3,"name":"개봉로20길","oneway":false},"geometry":{"type":"LineString","coordinates":[[126.86045,37.49245],[126.86035,37.49252],[126.85961,37.49305],[126.8595,37.49313]]}},{"type":"Feature","properties":{"class":"major","highway":"primary_link","sidewalk":"likely","lanes":3,"name":"","oneway":true},"geometry":{"type":"LineString","coordinates":[[126.85935,37.49339],[126.86072,37.49325]]}},{"type":"Feature","properties":{"class":"major","highway":"primary","sidewalk":"likely","lanes":3,"name":"남부순환로","oneway":true},"geometry":{"type":"LineString","coordinates":[[126.86802,37.49257],[126.86715,37.49268],[126.86692,37.49271]]}},{"type":"Feature","properties":{"class":"minor","highway":"residential","sidewalk":"unknown","lanes":0,"name":"","oneway":false},"geometry":{"type":"LineString","coordinates":[[126.86052,37.48022],[126.86033,37.48052]]}},{"type":"Feature","properties":{"class":"alley","highway":"service","sidewalk":"unknown","lanes":0,"name":"","oneway":false},"geometry":{"type":"LineString","coordinates":[[126.86623,37.49027],[126.86571,37.49083],[126.86527,37.49127]]}},{"type":"Feature","properties":{"class":"minor","highway":"residential","sidewalk":"unknown","lanes":0,"name":"사성로75번길","oneway":false},"geometry":{"type":"LineString","coordinates":[[126.86379,37.48885],[126.86412,37.48867],[126.86427,37.48859],[126.8644,37.48849],[126.86532,37.48715]]}},{"type":"Feature","properties":{"class":"minor","highway":"residential","sidewalk":"unknown","lanes":0,"name":"사성로75번길","oneway":false},"geometry":{"type":"LineString","coordinates":[[126.86312,37.49057],[126.86316,37.49023],[126.86325,37.48984],[126.86335,37.48955],[126.86349,37.48919],[126.86368,37.48893],[126.86379,37.48885]]}},{"type":"Feature","properties":{"class":"minor","highway":"residential","sidewalk":"unknown","lanes":0,"name":"목감로","oneway":false},"geometry":{"type":"LineString","coordinates":[[126.86312,37.49057],[126.86287,37.49052],[126.86243,37.49034],[126.86193,37.49001],[126.8608,37.48875],[126.86073,37.48867],[126.86069,37.48862],[126.8606,37.48853]]}},{"type":"Feature","properties":{"class":"minor","highway":"residential","sidewalk":"unknown","lanes":0,"name":"","oneway":true},"geometry":{"type":"LineString","coordinates":[[126.86138,37.4978],[126.8615,37.49764],[126.86152,37.49758],[126.86153,37.49751],[126.86152,37.49747],[126.86102,37.49706],[126.86084,37.49692],[126.86077,37.49689],[126.86069,37.49688],[126.86051,37.49688]]}},{"type":"Feature","properties":{"class":"major","highway":"tertiary","sidewalk":"yes","lanes":0,"name":"모세로","oneway":false},"geometry":{"type":"LineString","coordinates":[[126.86499,37.48134],[126.86575,37.48101],[126.86699,37.48046],[126.8671,37.48044],[126.86722,37.48044],[126.86734,37.48045],[126.86787,37.48057]]}},{"type":"Feature","properties":{"class":"minor","highway":"residential","sidewalk":"yes","lanes":0,"name":"철산로29번길","oneway":false},"geometry":{"type":"LineString","coordinates":[[126.8694,37.47654],[126.86933,37.47678],[126.86908,37.47727],[126.86886,37.47776],[126.86879,37.47791],[126.86875,37.47813],[126.86867,37.47854],[126.86865,37.47865],[126.86861,37.47896],[126.86845,37.47913],[126.86843,37.47916],[126.86831,37.4793],[126.86828,37.47933],[126.86815,37.47974],[126.86787,37.48057]]}},{"type":"Feature","properties":{"class":"major","highway":"secondary","sidewalk":"yes","lanes":0,"name":"가마산로","oneway":false},"geometry":{"type":"LineString","coordinates":[[126.86645,37.48413],[126.86765,37.48435]]}},{"type":"Feature","properties":{"class":"alley","highway":"service","sidewalk":"unknown","lanes":0,"name":"","oneway":false},"geometry":{"type":"LineString","coordinates":[[126.86724,37.48573],[126.86722,37.48584],[126.86735,37.48601],[126.86765,37.48607],[126.86879,37.48628]]}},{"type":"Feature","properties":{"class":"major","highway":"tertiary","sidewalk":"likely","lanes":0,"name":"광이로","oneway":true},"geometry":{"type":"LineString","coordinates":[[126.85862,37.48078],[126.85955,37.48295],[126.86035,37.48465]]}},{"type":"Feature","properties":{"class":"major","highway":"tertiary","sidewalk":"likely","lanes":0,"name":"광이로","oneway":false},"geometry":{"type":"LineString","coordinates":[[126.86035,37.48465],[126.86067,37.48524],[126.86079,37.48557],[126.86084,37.48592],[126.86085,37.48629],[126.86073,37.48665],[126.86052,37.48699],[126.86046,37.48709],[126.86035,37.48728],[126.86014,37.48747],[126.85986,37.48764]]}},{"type":"Feature","properties":{"class":"major","highway":"primary_link","sidewalk":"likely","lanes":0,"name":"안양천로","oneway":true},"geometry":{"type":"LineString","coordinates":[[126.87136,37.48461],[126.87129,37.48477],[126.87131,37.48488],[126.87132,37.4849],[126.87137,37.48497]]}},{"type":"Feature","properties":{"class":"major","highway":"secondary","sidewalk":"likely","lanes":0,"name":"","oneway":true},"geometry":{"type":"LineString","coordinates":[[126.87145,37.48497],[126.87301,37.48507]]}},{"type":"Feature","properties":{"class":"major","highway":"secondary","sidewalk":"likely","lanes":0,"name":"","oneway":true},"geometry":{"type":"LineString","coordinates":[[126.8706,37.4849],[126.87068,37.48489],[126.87082,37.48491],[126.87092,37.48493],[126.87104,37.48494],[126.87117,37.48496],[126.87137,37.48497],[126.87145,37.48497]]}},{"type":"Feature","properties":{"class":"major","highway":"secondary","sidewalk":"likely","lanes":0,"name":"","oneway":true},"geometry":{"type":"LineString","coordinates":[[126.87145,37.48506],[126.87136,37.48505],[126.87125,37.48504],[126.87114,37.48502],[126.87101,37.485],[126.8709,37.48498],[126.87082,37.48496],[126.87066,37.48494],[126.8706,37.4849]]}},{"type":"Feature","properties":{"class":"major","highway":"primary_link","sidewalk":"likely","lanes":0,"name":"","oneway":true},"geometry":{"type":"LineString","coordinates":[[126.87136,37.48505],[126.87125,37.48512]]}},{"type":"Feature","properties":{"class":"major","highway":"primary_link","sidewalk":"yes","lanes":0,"name":"","oneway":true},"geometry":{"type":"LineString","coordinates":[[126.87088,37.48518],[126.87087,37.48506],[126.87085,37.48501],[126.87082,37.48496]]}},{"type":"Feature","properties":{"class":"major","highway":"primary_link","sidewalk":"likely","lanes":0,"name":"안양천로","oneway":true},"geometry":{"type":"LineString","coordinates":[[126.87082,37.48491],[126.87089,37.48487],[126.87096,37.48482],[126.87104,37.48473],[126.87109,37.48454]]}},{"type":"Feature","properties":{"class":"major","highway":"primary_link","sidewalk":"likely","lanes":0,"name":"안양천로","oneway":true},"geometry":{"type":"LineString","coordinates":[[126.87129,37.48477],[126.87121,37.48489],[126.87117,37.48496],[126.87116,37.48497],[126.87115,37.48499],[126.87114,37.48502]]}},{"type":"Feature","properties":{"class":"minor","highway":"residential","sidewalk":"yes","lanes":2,"name":"시청로138번길","oneway":false},"geometry":{"type":"LineString","coordinates":[[126.8683,37.48753],[126.86846,37.48727],[126.86855,37.48713],[126.86861,37.48698],[126.86867,37.48675]]}},{"type":"Feature","properties":{"class":"minor","highway":"residential","sidewalk":"unknown","lanes":2,"name":"시청로138번길","oneway":false},"geometry":{"type":"LineString","coordinates":[[126.86867,37.48675],[126.86879,37.48628]]}},{"type":"Feature","properties":{"class":"major","highway":"secondary","sidewalk":"likely","lanes":3,"name":"가마산로","oneway":true},"geometry":{"type":"LineString","coordinates":[[126.87404,37.48525],[126.87373,37.48522],[126.87364,37.48521],[126.87352,37.4852],[126.87346,37.4852],[126.87333,37.48519],[126.87323,37.48518]]}},{"type":"Feature","properties":{"class":"major","highway":"primary_link","sidewalk":"likely","lanes":0,"name":"","oneway":true},"geometry":{"type":"LineString","coordinates":[[126.87364,37.48521],[126.87369,37.48532],[126.87373,37.48537],[126.87376,37.48544],[126.87376,37.48549]]}},{"type":"Feature","properties":{"class":"major","highway":"secondary","sidewalk":"likely","lanes":0,"name":"가마산로","oneway":true},"geometry":{"type":"LineString","coordinates":[[126.87369,37.48512],[126.87387,37.48513],[126.87405,37.48515]]}},{"type":"Feature","properties":{"class":"major","highway":"primary_link","sidewalk":"likely","lanes":0,"name":"","oneway":false},"geometry":{"type":"LineString","coordinates":[[126.87364,37.48521],[126.87361,37.48516]]}},{"type":"Feature","properties":{"class":"major","highway":"secondary","sidewalk":"likely","lanes":0,"name":"가마산로","oneway":true},"geometry":{"type":"LineString","coordinates":[[126.87325,37.48509],[126.87334,37.48509],[126.87359,37.48511],[126.87369,37.48512]]}},{"type":"Feature","properties":{"class":"major","highway":"primary_link","sidewalk":"likely","lanes":0,"name":"","oneway":true},"geometry":{"type":"LineString","coordinates":[[126.87344,37.48488],[126.87345,37.48484]]}},{"type":"Feature","properties":{"class":"alley","highway":"service","sidewalk":"unknown","lanes":0,"name":"","oneway":false},"geometry":{"type":"LineString","coordinates":[[126.86867,37.49065],[126.86871,37.49039],[126.86903,37.49023],[126.86909,37.49007],[126.86912,37.48997],[126.86929,37.48999],[126.86953,37.49001]]}},{"type":"Feature","properties":{"class":"major","highway":"primary","sidewalk":"likely","lanes":0,"name":"경인로","oneway":true},"geometry":{"type":"LineString","coordinates":[[126.87402,37.49958],[126.87351,37.49933],[126.87317,37.49917],[126.87291,37.49909],[126.87267,37.49903],[126.87243,37.499],[126.87218,37.49898],[126.87215,37.49899],[126.87193,37.499],[126.8717,37.49902]]}},{"type":"Feature","properties":{"class":"major","highway":"primary","sidewalk":"likely","lanes":0,"name":"경인로","oneway":true},"geometry":{"type":"LineString","coordinates":[[126.87136,37.49906],[126.86914,37.49954]]}},{"type":"Feature","properties":{"class":"major","highway":"primary","sidewalk":"likely","lanes":0,"name":"경인로","oneway":true},"geometry":{"type":"LineString","coordinates":[[126.86908,37.49937],[126.87082,37.49899],[126.87131,37.49889]]}},{"type":"Feature","properties":{"class":"major","highway":"primary_link","sidewalk":"likely","lanes":0,"name":"","oneway":true},"geometry":{"type":"LineString","coordinates":[[126.8719,37.49862],[126.87188,37.49882],[126.87193,37.499],[126.87213,37.49929]]}},{"type":"Feature","properties":{"class":"major","highway":"primary","sidewalk":"likely","lanes":0,"name":"경인로","oneway":true},"geometry":{"type":"LineString","coordinates":[[126.86271,37.49657],[126.86312,37.49668],[126.86332,37.49676],[126.86362,37.49688],[126.86397,37.49711],[126.86471,37.4977],[126.86508,37.49801],[126.86556,37.49839],[126.86611,37.49883],[126.86617,37.49888]]}},{"type":"Feature","properties":{"class":"major","highway":"primary","sidewalk":"likely","lanes":0,"name":"경인로","oneway":true},"geometry":{"type":"LineString","coordinates":[[126.86748,37.49965],[126.86722,37.49962],[126.86685,37.49951],[126.8665,37.49933],[126.86612,37.49903],[126.8652,37.49828],[126.86502,37.49813],[126.86459,37.49778],[126.86403,37.49733],[126.86385,37.49719],[126.86356,37.49701],[126.86325,37.49687],[126.86299,37.49678],[126.86268,37.49672],[126.86242,37.49668],[126.86223,37.49666],[126.86192,37.49666],[126.86175,37.49667],[126.86128,37.49673]]}},{"type":"Feature","properties":{"class":"minor","highway":"residential","sidewalk":"unknown","lanes":0,"name":"","oneway":false},"geometry":{"type":"LineString","coordinates":[[126.86128,37.49658],[126.86118,37.49631]]}},{"type":"Feature","properties":{"class":"minor","highway":"residential","sidewalk":"unknown","lanes":0,"name":"","oneway":false},"geometry":{"type":"LineString","coordinates":[[126.86495,37.49694],[126.86486,37.49757],[126.86484,37.49761],[126.8648,37.49764],[126.86471,37.4977],[126.86459,37.49778]]}},{"type":"Feature","properties":{"class":"major","highway":"secondary","sidewalk":"likely","lanes":0,"name":"중앙로","oneway":false},"geometry":{"type":"LineString","coordinates":[[126.86458,37.49892],[126.86502,37.49813],[126.86508,37.49801]]}},{"type":"Feature","properties":{"class":"major","highway":"primary_link","sidewalk":"likely","lanes":0,"name":"","oneway":true},"geometry":{"type":"LineString","coordinates":[[126.87243,37.499],[126.87227,37.49908],[126.87224,37.49912],[126.87213,37.49929]]}},{"type":"Feature","properties":{"class":"minor","highway":"residential","sidewalk":"unknown","lanes":0,"name":"","oneway":false},"geometry":{"type":"LineString","coordinates":[[126.86211,37.49723],[126.86262,37.49683],[126.86268,37.49672],[126.86271,37.49657]]}},{"type":"Feature","properties":{"class":"minor","highway":"residential","sidewalk":"unknown","lanes":1,"name":"개봉로2길","oneway":true},"geometry":{"type":"LineString","coordinates":[[126.86512,37.49283],[126.86519,37.49275]]}},{"type":"Feature","properties":{"class":"minor","highway":"residential","sidewalk":"yes","lanes":4,"name":"개봉로2길","oneway":false},"geometry":{"type":"LineString","coordinates":[[126.86315,37.4913],[126.8636,37.49139]]}},{"type":"Feature","properties":{"class":"major","highway":"primary","sidewalk":"likely","lanes":2,"name":"서부간선로","oneway":true},"geometry":{"type":"LineString","coordinates":[[126.87572,37.4801],[126.87475,37.4822],[126.87462,37.48251],[126.87412,37.4838],[126.87372,37.48489]]}},{"type":"Feature","properties":{"class":"major","highway":"primary_link","sidewalk":"likely","lanes":0,"name":"","oneway":true},"geometry":{"type":"LineString","coordinates":[[126.87659,37.47865],[126.87642,37.47887],[126.87616,37.47934],[126.87572,37.4801]]}},{"type":"Feature","properties":{"class":"major","highway":"primary","sidewalk":"likely","lanes":2,"name":"서부간선로","oneway":true},"geometry":{"type":"LineString","coordinates":[[126.87646,37.47861],[126.876,37.47948],[126.87572,37.4801]]}},{"type":"Feature","properties":{"class":"major","highway":"primary_link","sidewalk":"likely","lanes":0,"name":"","oneway":true},"geometry":{"type":"LineString","coordinates":[[126.87698,37.48892],[126.87708,37.48879],[126.8771,37.48874],[126.8771,37.48869],[126.87709,37.48866],[126.87703,37.48857]]}},{"type":"Feature","properties":{"class":"major","highway":"primary_link","sidewalk":"likely","lanes":0,"name":"","oneway":true},"geometry":{"type":"LineString","coordinates":[[126.87735,37.48868],[126.87725,37.48866],[126.87703,37.48857],[126.87691,37.48851],[126.87688,37.48851],[126.87685,37.48851],[126.87683,37.48852],[126.87649,37.48891],[126.87631,37.48904]]}},{"type":"Feature","properties":{"class":"major","highway":"primary_link","sidewalk":"likely","lanes":0,"name":"","oneway":true},"geometry":{"type":"LineString","coordinates":[[126.87747,37.48767],[126.87737,37.48788],[126.877,37.48832],[126.87698,37.48836],[126.87698,37.48839],[126.87699,37.48842],[126.87702,37.48846],[126.87705,37.48848],[126.87717,37.48856],[126.87728,37.48862],[126.87735,37.48868]]}},{"type":"Feature","properties":{"class":"major","highway":"primary_link","sidewalk":"likely","lanes":0,"name":"","oneway":true},"geometry":{"type":"LineString","coordinates":[[126.87717,37.48856],[126.87727,37.48857],[126.87731,37.48856],[126.87733,37.48855],[126.87745,37.48849]]}},{"type":"Feature","properties":{"class":"major","highway":"primary_link","sidewalk":"likely","lanes":0,"name":"","oneway":true},"geometry":{"type":"LineString","coordinates":[[126.87689,37.48576],[126.87714,37.48579]]}},{"type":"Feature","properties":{"class":"major","highway":"tertiary","sidewalk":"likely","lanes":0,"name":"벚꽃로","oneway":true},"geometry":{"type":"LineString","coordinates":[[126.88014,37.49532],[126.88011,37.49534],[126.88008,37.49535],[126.88005,37.49535],[126.88002,37.49535],[126.87998,37.49534],[126.87996,37.49532],[126.87994,37.4953],[126.87994,37.49527],[126.87994,37.49524],[126.87996,37.49521],[126.87999,37.49519],[126.88003,37.49518],[126.88006,37.49518],[126.8801,37.49519],[126.88013,37.49521],[126.88015,37.49524],[126.88016,37.49526],[126.88015,37.49529],[126.88014,37.49532]]}},{"type":"Feature","properties":{"class":"major","highway":"secondary","sidewalk":"likely","lanes":0,"name":"구일로","oneway":true},"geometry":{"type":"LineString","coordinates":[[126.8747,37.49121],[126.87464,37.49134],[126.87422,37.49164],[126.87408,37.49169]]}},{"type":"Feature","properties":{"class":"major","highway":"secondary","sidewalk":"likely","lanes":0,"name":"구일로","oneway":true},"geometry":{"type":"LineString","coordinates":[[126.87408,37.49169],[126.87416,37.49156]]}},{"type":"Feature","properties":{"class":"major","highway":"secondary_link","sidewalk":"likely","lanes":0,"name":"","oneway":true},"geometry":{"type":"LineString","coordinates":[[126.87228,37.49217],[126.87231,37.4922],[126.87235,37.49222],[126.87241,37.49223],[126.87249,37.49221],[126.8731,37.49203],[126.87342,37.49191],[126.87361,37.49183],[126.87383,37.49172],[126.87416,37.49156]]}},{"type":"Feature","properties":{"class":"minor","highway":"residential","sidewalk":"unknown","lanes":0,"name":"구일로","oneway":true},"geometry":{"type":"LineString","coordinates":[[126.87152,37.49598],[126.87154,37.49613],[126.87157,37.49673],[126.8716,37.49676],[126.87174,37.49683]]}},{"type":"Feature","properties":{"class":"major","highway":"primary","sidewalk":"likely","lanes":0,"name":"경인로","oneway":true},"geometry":{"type":"LineString","coordinates":[[126.86891,37.4994],[126.86908,37.49937]]}},{"type":"Feature","properties":{"class":"major","highway":"primary","sidewalk":"likely","lanes":0,"name":"경인로","oneway":true},"geometry":{"type":"LineString","coordinates":[[126.86914,37.49954],[126.86907,37.49957]]}},{"type":"Feature","properties":{"class":"major","highway":"secondary_link","sidewalk":"likely","lanes":0,"name":"","oneway":true},"geometry":{"type":"LineString","coordinates":[[126.86878,37.49974],[126.86874,37.49971],[126.86869,37.49969],[126.86852,37.49969]]}},{"type":"Feature","properties":{"class":"major","highway":"primary","sidewalk":"likely","lanes":0,"name":"경인로","oneway":true},"geometry":{"type":"LineString","coordinates":[[126.86907,37.49957],[126.86852,37.49969]]}},{"type":"Feature","properties":{"class":"major","highway":"secondary_link","sidewalk":"likely","lanes":0,"name":"안양천로537길","oneway":true},"geometry":{"type":"LineString","coordinates":[[126.86917,37.50067],[126.86883,37.49985],[126.86878,37.49974]]}},{"type":"Feature","properties":{"class":"major","highway":"primary","sidewalk":"likely","lanes":0,"name":"경인로","oneway":true},"geometry":{"type":"LineString","coordinates":[[126.87131,37.49889],[126.87155,37.49885],[126.87163,37.49884],[126.87188,37.49882],[126.87239,37.49884]]}},{"type":"Feature","properties":{"class":"major","highway":"primary_link","sidewalk":"likely","lanes":1,"name":"","oneway":true},"geometry":{"type":"LineString","coordinates":[[126.8717,37.49902],[126.87163,37.49884],[126.87155,37.49862],[126.87152,37.49854]]}},{"type":"Feature","properties":{"class":"major","highway":"primary","sidewalk":"likely","lanes":0,"name":"경인로","oneway":true},"geometry":{"type":"LineString","coordinates":[[126.8717,37.49902],[126.87163,37.49902],[126.87136,37.49906]]}},{"type":"Feature","properties":{"class":"major","highway":"primary","sidewalk":"likely","lanes":0,"name":"경인로","oneway":true},"geometry":{"type":"LineString","coordinates":[[126.86753,37.49952],[126.86774,37.49953],[126.86802,37.49954],[126.86833,37.49952],[126.86859,37.49948],[126.86873,37.49945],[126.86891,37.4994]]}},{"type":"Feature","properties":{"class":"minor","highway":"residential","sidewalk":"unknown","lanes":0,"name":"경인로47길","oneway":false},"geometry":{"type":"LineString","coordinates":[[126.86744,37.4998],[126.86748,37.49965],[126.86753,37.49952]]}},{"type":"Feature","properties":{"class":"major","highway":"secondary_link","sidewalk":"likely","lanes":0,"name":"","oneway":true},"geometry":{"type":"LineString","coordinates":[[126.86914,37.49954],[126.86907,37.49953],[126.86889,37.49951],[126.8688,37.49948],[126.86873,37.49945],[126.86867,37.49941],[126.86862,37.49936],[126.86859,37.49928]]}},{"type":"Feature","properties":{"class":"major","highway":"primary","sidewalk":"likely","lanes":0,"name":"경인로","oneway":true},"geometry":{"type":"LineString","coordinates":[[126.87517,37.49997],[126.8764,37.50054],[126.8767,37.5007],[126.87702,37.50091],[126.87734,37.50111],[126.87737,37.50113],[126.87783,37.50149],[126.87805,37.50169],[126.87931,37.50262]]}},{"type":"Feature","properties":{"class":"alley","highway":"service","sidewalk":"unknown","lanes":0,"name":"","oneway":true},"geometry":{"type":"LineString","coordinates":[[126.86769,37.49664],[126.86769,37.49683],[126.86762,37.49699]]}},{"type":"Feature","properties":{"class":"alley","highway":"service","sidewalk":"unknown","lanes":0,"name":"","oneway":true},"geometry":{"type":"LineString","coordinates":[[126.86762,37.49699],[126.86751,37.49671]]}},{"type":"Feature","properties":{"class":"minor","highway":"residential","sidewalk":"unknown","lanes":0,"name":"","oneway":false},"geometry":{"type":"LineString","coordinates":[[126.88143,37.4837],[126.88117,37.4843],[126.88066,37.48546],[126.88063,37.48551],[126.88058,37.48556],[126.87992,37.48577],[126.87918,37.48601],[126.87908,37.48601]]}},{"type":"Feature","properties":{"class":"major","highway":"primary_link","sidewalk":"likely","lanes":0,"name":"안양천로","oneway":true},"geometry":{"type":"LineString","coordinates":[[126.87101,37.485],[126.87104,37.48494],[126.87105,37.48488],[126.87104,37.48473]]}},{"type":"Feature","properties":{"class":"major","highway":"primary_link","sidewalk":"likely","lanes":0,"name":"안양천로","oneway":true},"geometry":{"type":"LineString","coordinates":[[126.87114,37.48502],[126.87114,37.48511],[126.87114,37.48514],[126.87114,37.48523]]}},{"type":"Feature","properties":{"class":"major","highway":"primary_link","sidewalk":"likely","lanes":0,"name":"안양천로","oneway":true},"geometry":{"type":"LineString","coordinates":[[126.87088,37.48518],[126.87095,37.48507],[126.87101,37.485]]}},{"type":"Feature","properties":{"class":"major","highway":"primary_link","sidewalk":"likely","lanes":0,"name":"","oneway":false},"geometry":{"type":"LineString","coordinates":[[126.87361,37.48516],[126.87359,37.48511]]}},{"type":"Feature","properties":{"class":"major","highway":"primary_link","sidewalk":"likely","lanes":0,"name":"","oneway":false},"geometry":{"type":"LineString","coordinates":[[126.87361,37.48516],[126.87352,37.4852]]}},{"type":"Feature","properties":{"class":"major","highway":"primary_link","sidewalk":"likely","lanes":0,"name":"","oneway":true},"geometry":{"type":"LineString","coordinates":[[126.87359,37.48511],[126.87353,37.48501],[126.87344,37.48488]]}},{"type":"Feature","properties":{"class":"major","highway":"primary_link","sidewalk":"likely","lanes":0,"name":"","oneway":false},"geometry":{"type":"LineString","coordinates":[[126.87369,37.48512],[126.87361,37.48516]]}},{"type":"Feature","properties":{"class":"alley","highway":"service","sidewalk":"unknown","lanes":0,"name":"","oneway":false},"geometry":{"type":"LineString","coordinates":[[126.86585,37.48894],[126.8653,37.48863],[126.86512,37.48883],[126.86568,37.48914]]}},{"type":"Feature","properties":{"class":"alley","highway":"service","sidewalk":"unknown","lanes":0,"name":"","oneway":true},"geometry":{"type":"LineString","coordinates":[[126.86102,37.49706],[126.86066,37.49716]]}},{"type":"Feature","properties":{"class":"alley","highway":"service","sidewalk":"unknown","lanes":0,"name":"","oneway":false},"geometry":{"type":"LineString","coordinates":[[126.86072,37.49828],[126.86059,37.49816],[126.86057,37.49811],[126.86057,37.49808],[126.86059,37.49806],[126.86085,37.49789],[126.86094,37.49783],[126.86095,37.4978],[126.86094,37.49778],[126.8609,37.49774]]}},{"type":"Feature","properties":{"class":"major","highway":"secondary_link","sidewalk":"likely","lanes":0,"name":"","oneway":true},"geometry":{"type":"LineString","coordinates":[[126.86883,37.49985],[126.86883,37.4998],[126.86886,37.49978],[126.86891,37.49976],[126.86896,37.49975],[126.86902,37.49976],[126.86908,37.4998]]}},{"type":"Feature","properties":{"class":"major","highway":"tertiary","sidewalk":"likely","lanes":0,"name":"벚꽃로","oneway":true},"geometry":{"type":"LineString","coordinates":[[126.87994,37.49527],[126.87991,37.495],[126.87991,37.49485],[126.87993,37.49453],[126.88,37.49344],[126.88007,37.49326]]}},{"type":"Feature","properties":{"class":"alley","highway":"service","sidewalk":"unknown","lanes":0,"name":"","oneway":false},"geometry":{"type":"LineString","coordinates":[[126.86664,37.48935],[126.86696,37.48954]]}},{"type":"Feature","properties":{"class":"major","highway":"secondary","sidewalk":"likely","lanes":0,"name":"고척2지하도로","oneway":true},"geometry":{"type":"LineString","coordinates":[[126.86897,37.4998],[126.86934,37.50063],[126.86976,37.5016]]}},{"type":"Feature","properties":{"class":"major","highway":"primary","sidewalk":"likely","lanes":0,"name":"안양천로","oneway":false},"geometry":{"type":"LineString","coordinates":[[126.86989,37.48858],[126.86985,37.48883],[126.86975,37.48956],[126.86973,37.4897]]}},{"type":"Feature","properties":{"class":"major","highway":"secondary","sidewalk":"likely","lanes":0,"name":"안양천로","oneway":true},"geometry":{"type":"LineString","coordinates":[[126.86792,37.49738],[126.86786,37.49696]]}},{"type":"Feature","properties":{"class":"major","highway":"primary","sidewalk":"likely","lanes":0,"name":"안양천로","oneway":true},"geometry":{"type":"LineString","coordinates":[[126.86938,37.49133],[126.86951,37.4907],[126.86962,37.48987],[126.86973,37.4897]]}},{"type":"Feature","properties":{"class":"major","highway":"secondary","sidewalk":"likely","lanes":0,"name":"고척2지하도로","oneway":true},"geometry":{"type":"LineString","coordinates":[[126.86867,37.49925],[126.86811,37.49796],[126.868,37.49769],[126.86792,37.49738]]}},{"type":"Feature","properties":{"class":"major","highway":"secondary","sidewalk":"likely","lanes":0,"name":"고척2지하도로","oneway":true},"geometry":{"type":"LineString","coordinates":[[126.86967,37.50163],[126.86891,37.49982]]}},{"type":"Feature","properties":{"class":"major","highway":"secondary","sidewalk":"likely","lanes":0,"name":"고척2지하도로","oneway":true},"geometry":{"type":"LineString","coordinates":[[126.86891,37.49982],[126.86867,37.49925]]}},{"type":"Feature","properties":{"class":"major","highway":"primary","sidewalk":"likely","lanes":0,"name":"안양천로","oneway":true},"geometry":{"type":"LineString","coordinates":[[126.86973,37.4897],[126.86978,37.48986],[126.86964,37.49072],[126.86952,37.49134]]}},{"type":"Feature","properties":{"class":"major","highway":"primary","sidewalk":"likely","lanes":0,"name":"경인로","oneway":true},"geometry":{"type":"LineString","coordinates":[[126.87239,37.49884],[126.87255,37.49886],[126.87272,37.49889],[126.87296,37.49894],[126.87322,37.49904],[126.87351,37.49919]]}},{"type":"Feature","properties":{"class":"major","highway":"primary","sidewalk":"likely","lanes":0,"name":"경인로","oneway":true},"geometry":{"type":"LineString","coordinates":[[126.87558,37.50031],[126.87464,37.49989],[126.87402,37.49958]]}},{"type":"Feature","properties":{"class":"major","highway":"primary","sidewalk":"likely","lanes":0,"name":"경인로","oneway":true},"geometry":{"type":"LineString","coordinates":[[126.86617,37.49888],[126.86656,37.49914],[126.8669,37.49931],[126.8673,37.49944],[126.86753,37.49952]]}},{"type":"Feature","properties":{"class":"major","highway":"primary","sidewalk":"likely","lanes":0,"name":"경인로","oneway":true},"geometry":{"type":"LineString","coordinates":[[126.86122,37.49659],[126.86128,37.49658],[126.86176,37.49652],[126.86204,37.49651],[126.86224,37.49652],[126.86251,37.49654],[126.86271,37.49657]]}},{"type":"Feature","properties":{"class":"major","highway":"primary","sidewalk":"likely","lanes":0,"name":"경인로","oneway":true},"geometry":{"type":"LineString","coordinates":[[126.86852,37.49969],[126.86835,37.49971],[126.86805,37.49972],[126.8677,37.49972],[126.86748,37.49965]]}},{"type":"Feature","properties":{"class":"major","highway":"primary","sidewalk":"likely","lanes":0,"name":"경인로","oneway":true},"geometry":{"type":"LineString","coordinates":[[126.86128,37.49673],[126.86051,37.49688],[126.85957,37.49704]]}},{"type":"Feature","properties":{"class":"alley","highway":"service","sidewalk":"unknown","lanes":0,"name":"","oneway":false},"geometry":{"type":"LineString","coordinates":[[126.8658,37.48259],[126.86657,37.48225]]}},{"type":"Feature","properties":{"class":"alley","highway":"service","sidewalk":"unknown","lanes":0,"name":"","oneway":false},"geometry":{"type":"LineString","coordinates":[[126.86787,37.48057],[126.86773,37.48096]]}},{"type":"Feature","properties":{"class":"alley","highway":"service","sidewalk":"unknown","lanes":0,"name":"","oneway":false},"geometry":{"type":"LineString","coordinates":[[126.87519,37.48525],[126.8752,37.48523],[126.87549,37.48451],[126.87461,37.48418]]}},{"type":"Feature","properties":{"class":"minor","highway":"unclassified","sidewalk":"unknown","lanes":0,"name":"","oneway":false},"geometry":{"type":"LineString","coordinates":[[126.87573,37.48239],[126.8757,37.48246],[126.8755,37.48291],[126.87553,37.48297]]}},{"type":"Feature","properties":{"class":"alley","highway":"service","sidewalk":"unknown","lanes":0,"name":"","oneway":false},"geometry":{"type":"LineString","coordinates":[[126.87593,37.48339],[126.87549,37.48326],[126.87552,37.48317],[126.87558,37.48303],[126.876,37.48315]]}},{"type":"Feature","properties":{"class":"alley","highway":"service","sidewalk":"unknown","lanes":0,"name":"","oneway":false},"geometry":{"type":"LineString","coordinates":[[126.87552,37.48317],[126.87589,37.48327]]}},{"type":"Feature","properties":{"class":"alley","highway":"service","sidewalk":"unknown","lanes":0,"name":"","oneway":false},"geometry":{"type":"LineString","coordinates":[[126.87553,37.48297],[126.87558,37.48303]]}},{"type":"Feature","properties":{"class":"alley","highway":"service","sidewalk":"unknown","lanes":0,"name":"","oneway":true},"geometry":{"type":"LineString","coordinates":[[126.87297,37.4882],[126.87314,37.48823],[126.87325,37.48825],[126.87332,37.48828],[126.87333,37.48833],[126.87335,37.48838],[126.8734,37.48845],[126.87352,37.48854],[126.87386,37.48874],[126.87417,37.48884],[126.87435,37.48889]]}},{"type":"Feature","properties":{"class":"alley","highway":"service","sidewalk":"unknown","lanes":0,"name":"","oneway":true},"geometry":{"type":"LineString","coordinates":[[126.87469,37.48656],[126.8748,37.48658],[126.87495,37.48668],[126.87532,37.48683],[126.87535,37.48686],[126.87536,37.48689],[126.87538,37.48693],[126.87537,37.48695],[126.87536,37.48699],[126.87534,37.48707],[126.87435,37.48889]]}},{"type":"Feature","properties":{"class":"alley","highway":"service","sidewalk":"unknown","lanes":0,"name":"","oneway":true},"geometry":{"type":"LineString","coordinates":[[126.87298,37.48814],[126.87325,37.48819],[126.87336,37.4882],[126.87343,37.48819]]}},{"type":"Feature","properties":{"class":"alley","highway":"service","sidewalk":"unknown","lanes":0,"name":"","oneway":true},"geometry":{"type":"LineString","coordinates":[[126.87435,37.48889],[126.87458,37.48897],[126.87478,37.48905],[126.87512,37.48919],[126.87521,37.48919],[126.87528,37.48919],[126.87535,37.48916],[126.8754,37.48909],[126.87571,37.48866],[126.87578,37.48856],[126.87586,37.48849],[126.87605,37.4883],[126.87614,37.48823],[126.87623,37.48821]]}},{"type":"Feature","properties":{"class":"alley","highway":"service","sidewalk":"unknown","lanes":0,"name":"","oneway":false},"geometry":{"type":"LineString","coordinates":[[126.87488,37.48889],[126.87526,37.48903]]}},{"type":"Feature","properties":{"class":"alley","highway":"service","sidewalk":"unknown","lanes":0,"name":"","oneway":false},"geometry":{"type":"LineString","coordinates":[[126.87484,37.48874],[126.87531,37.48892]]}},{"type":"Feature","properties":{"class":"alley","highway":"service","sidewalk":"unknown","lanes":0,"name":"","oneway":false},"geometry":{"type":"LineString","coordinates":[[126.87478,37.48905],[126.87488,37.48889],[126.87483,37.48886],[126.87482,37.48883],[126.87481,37.4888],[126.87484,37.48874],[126.87488,37.48869],[126.87492,37.48866],[126.87496,37.48866],[126.87503,37.48868],[126.87541,37.48881]]}},{"type":"Feature","properties":{"class":"major","highway":"primary_link","sidewalk":"likely","lanes":0,"name":"","oneway":true},"geometry":{"type":"LineString","coordinates":[[126.87846,37.48681],[126.87836,37.48692]]}},{"type":"Feature","properties":{"class":"major","highway":"primary_link","sidewalk":"likely","lanes":0,"name":"","oneway":true},"geometry":{"type":"LineString","coordinates":[[126.87836,37.48692],[126.87829,37.48699],[126.87827,37.48703],[126.87825,37.48707],[126.87823,37.48711]]}},{"type":"Feature","properties":{"class":"minor","highway":"residential","sidewalk":"unknown","lanes":0,"name":"","oneway":false},"geometry":{"type":"LineString","coordinates":[[126.8778,37.4883],[126.87751,37.48828]]}},{"type":"Feature","properties":{"class":"alley","highway":"service","sidewalk":"unknown","lanes":0,"name":"","oneway":true},"geometry":{"type":"LineString","coordinates":[[126.87669,37.48751],[126.87677,37.48756],[126.8768,37.4876],[126.87681,37.48763],[126.87681,37.48778]]}},{"type":"Feature","properties":{"class":"major","highway":"secondary_link","sidewalk":"likely","lanes":0,"name":"","oneway":true},"geometry":{"type":"LineString","coordinates":[[126.87227,37.49247],[126.87231,37.49235],[126.87233,37.49229]]}},{"type":"Feature","properties":{"class":"major","highway":"primary","sidewalk":"yes","lanes":6,"name":"안양천로","oneway":false},"geometry":{"type":"LineString","coordinates":[[126.87407,37.47779],[126.874,37.47793],[126.87374,37.47842],[126.87226,37.48156]]}},{"type":"Feature","properties":{"class":"minor","highway":"residential","sidewalk":"unknown","lanes":0,"name":"사성로75번길","oneway":false},"geometry":{"type":"LineString","coordinates":[[126.86311,37.49063],[126.86312,37.49057]]}},{"type":"Feature","properties":{"class":"minor","highway":"residential","sidewalk":"unknown","lanes":0,"name":"사성로75번길","oneway":false},"geometry":{"type":"LineString","coordinates":[[126.86303,37.49118],[126.86311,37.49063]]}},{"type":"Feature","properties":{"class":"major","highway":"tertiary","sidewalk":"likely","lanes":0,"name":"벚꽃로","oneway":false},"geometry":{"type":"LineString","coordinates":[[126.87996,37.49532],[126.87994,37.49551],[126.87989,37.49596],[126.87983,37.49627],[126.87973,37.49679],[126.87972,37.49685],[126.87971,37.49693],[126.87971,37.49697],[126.8797,37.49701],[126.87968,37.49746],[126.87973,37.49807],[126.8798,37.4986]]}},{"type":"Feature","properties":{"class":"major","highway":"tertiary","sidewalk":"likely","lanes":0,"name":"현충로","oneway":false},"geometry":{"type":"LineString","coordinates":[[126.86035,37.48465],[126.862,37.48472],[126.86314,37.48472]]}},{"type":"Feature","properties":{"class":"minor","highway":"residential","sidewalk":"unknown","lanes":0,"name":"","oneway":false},"geometry":{"type":"LineString","coordinates":[[126.86046,37.48709],[126.86117,37.48762],[126.86165,37.48816]]}},{"type":"Feature","properties":{"class":"minor","highway":"residential","sidewalk":"unknown","lanes":0,"name":"","oneway":false},"geometry":{"type":"LineString","coordinates":[[126.86165,37.48816],[126.86073,37.48867]]}}]}