{"type":"FeatureCollection","features":[{"type":"Feature","properties":{"class":"major","highway":"tertiary","sidewalk":"likely","lanes":4,"name":"성내천로","oneway":true},"geometry":{"type":"LineString","coordinates":[[127.15313,37.49932],[127.15296,37.49944],[127.1526,37.49957],[127.1523,37.4997],[127.15214,37.49977],[127.15166,37.50003],[127.15138,37.50025],[127.1513,37.50033],[127.15124,37.50041],[127.15104,37.50055],[127.15088,37.50066],[127.15068,37.50076],[127.15027,37.50095],[127.14947,37.50128],[127.14935,37.50133],[127.14921,37.50141],[127.14899,37.50147],[127.1486,37.50149],[127.14845,37.50148],[127.14818,37.50141]]}},{"type":"Feature","properties":{"class":"major","highway":"primary","sidewalk":"yes","lanes":6,"name":"양산로","oneway":true},"geometry":{"type":"LineString","coordinates":[[127.14352,37.491],[127.14328,37.49041],[127.14321,37.49023]]}},{"type":"Feature","properties":{"class":"major","highway":"secondary","sidewalk":"likely","lanes":0,"name":"오금로","oneway":false},"geometry":{"type":"LineString","coordinates":[[127.15243,37.49304],[127.15232,37.49301],[127.15229,37.49301],[127.15225,37.493],[127.15221,37.49299],[127.15211,37.49296],[127.15164,37.49285],[127.15154,37.49283],[127.15145,37.49281],[127.15135,37.4928],[127.15123,37.4928],[127.15069,37.49282],[127.15,37.49285],[127.14947,37.49287],[127.14932,37.49284],[127.14829,37.49288],[127.14804,37.49289],[127.14789,37.4929],[127.1478,37.4929],[127.14759,37.49291],[127.14749,37.49291],[127.14611,37.49295],[127.146,37.49295],[127.14524,37.49298],[127.14463,37.49303],[127.14448,37.49304]]}},{"type":"Feature","properties":{"class":"minor","highway":"residential","sidewalk":"unknown","lanes":0,"name":"","oneway":false},"geometry":{"type":"LineString","coordinates":[[127.16345,37.48726],[127.16337,37.48727],[127.16315,37.4873],[127.16297,37.48732],[127.16282,37.48741],[127.16258,37.48757],[127.16244,37.48765],[127.16226,37.48773],[127.16224,37.48775],[127.16161,37.4879],[127.1614,37.48799],[127.16117,37.4881],[127.16101,37.48832],[127.16081,37.48844],[127.16059,37.48853],[127.16021,37.48864],[127.15989,37.48875],[127.1596,37.48899],[127.15943,37.48908],[127.15912,37.48934],[127.15885,37.48954],[127.15863,37.48971],[127.15848,37.48989]]}},{"type":"Feature","properties":{"class":"major","highway":"motorway","sidewalk":"likely","lanes":4,"name":"수도권제1순환고속도로","oneway":true},"geometry":{"type":"LineString","coordinates":[[127.1434,37.50297],[127.14159,37.49936],[127.13941,37.49489]]}},{"type":"Feature","properties":{"class":"major","highway":"motorway","sidewalk":"likely","lanes":2,"name":"수도권제1순환고속도로","oneway":true},"geometry":{"type":"LineString","coordinates":[[127.13956,37.49484],[127.13972,37.49517],[127.14188,37.4996],[127.14355,37.50293]]}},{"type":"Feature","properties":{"class":"minor","highway":"residential","sidewalk":"unknown","lanes":0,"name":"성내천로","oneway":true},"geometry":{"type":"LineString","coordinates":[[127.14168,37.49986],[127.14025,37.50054],[127.13989,37.50072],[127.13953,37.50089],[127.13881,37.50124],[127.13808,37.50159],[127.13803,37.50161],[127.13763,37.5018],[127.13749,37.50186],[127.13737,37.502],[127.13729,37.50219],[127.13727,37.50247],[127.13726,37.50269],[127.13722,37.5032],[127.1372,37.50343],[127.13717,37.50389],[127.13713,37.50433],[127.1371,37.50466],[127.13709,37.50478],[127.13706,37.50508],[127.13707,37.50541],[127.13713,37.50549]]}},{"type":"Feature","properties":{"class":"major","highway":"tertiary","sidewalk":"likely","lanes":4,"name":"성내천로","oneway":false},"geometry":{"type":"LineString","coordinates":[[127.15689,37.49067],[127.15694,37.49069],[127.15698,37.49071],[127.15703,37.49076],[127.15728,37.49097],[127.15732,37.49105],[127.1571,37.49127],[127.1568,37.49167],[127.15674,37.49174],[127.15667,37.49187],[127.15658,37.49202],[127.15652,37.49214],[127.15629,37.49254],[127.15618,37.49279],[127.1559,37.49344],[127.15546,37.49444],[127.1554,37.4945],[127.15516,37.49475],[127.15487,37.49505],[127.15477,37.49515],[127.15449,37.49569],[127.15437,37.49601],[127.15424,37.49635],[127.15415,37.49657],[127.15411,37.49674],[127.15409,37.49687],[127.15412,37.49725],[127.15413,37.4973],[127.15417,37.49754]]}},{"type":"Feature","properties":{"class":"major","highway":"secondary","sidewalk":"likely","lanes":0,"name":"성내천로37길","oneway":true},"geometry":{"type":"LineString","coordinates":[[127.16035,37.49772],[127.16024,37.49771],[127.16017,37.49771],[127.16015,37.49771],[127.15989,37.49775],[127.15973,37.49777],[127.15883,37.49794],[127.15876,37.49795],[127.1586,37.49799],[127.15821,37.49807],[127.15808,37.49809],[127.15794,37.49811],[127.1577,37.49812],[127.15737,37.49812],[127.15708,37.49811],[127.15682,37.49808],[127.15624,37.49798],[127.15578,37.49789]]}},{"type":"Feature","properties":{"class":"minor","highway":"residential","sidewalk":"unknown","lanes":0,"name":"성내천로35길","oneway":false},"geometry":{"type":"LineString","coordinates":[[127.15954,37.49998],[127.15951,37.49999],[127.15891,37.50022],[127.15883,37.50025],[127.15871,37.50027],[127.15859,37.50027],[127.15848,37.50025],[127.15825,37.50006],[127.15823,37.50004],[127.15785,37.49963],[127.15754,37.4993],[127.15667,37.4985],[127.15655,37.49842],[127.15645,37.49839],[127.15633,37.49836]]}},{"type":"Feature","properties":{"class":"minor","highway":"residential","sidewalk":"unknown","lanes":0,"name":"마천로61길","oneway":false},"geometry":{"type":"LineString","coordinates":[[127.15243,37.49304],[127.15263,37.49311],[127.15283,37.49318],[127.15291,37.49321],[127.15333,37.49341],[127.15394,37.49367],[127.15422,37.49381],[127.15468,37.49405],[127.15497,37.4942],[127.15502,37.49423],[127.1553,37.49441],[127.15546,37.49444]]}},{"type":"Feature","properties":{"class":"minor","highway":"residential","sidewalk":"unknown","lanes":0,"name":"성내천로43나길","oneway":false},"geometry":{"type":"LineString","coordinates":[[127.15543,37.4964],[127.15507,37.49698]]}},{"type":"Feature","properties":{"class":"minor","highway":"residential","sidewalk":"unknown","lanes":0,"name":"성내천로43다길","oneway":false},"geometry":{"type":"LineString","coordinates":[[127.15636,37.49464],[127.1563,37.4948],[127.15604,37.49551],[127.15603,37.49553]]}},{"type":"Feature","properties":{"class":"minor","highway":"residential","sidewalk":"unknown","lanes":0,"name":"성내천로47길","oneway":false},"geometry":{"type":"LineString","coordinates":[[127.15565,37.49498],[127.15585,37.49452]]}},{"type":"Feature","properties":{"class":"minor","highway":"residential","sidewalk":"unknown","lanes":0,"name":"성내천로43라길","oneway":false},"geometry":{"type":"LineString","coordinates":[[127.15709,37.49214],[127.1571,37.49218],[127.15709,37.49223],[127.15708,37.49236],[127.1571,37.49244],[127.1571,37.49287],[127.15712,37.49324],[127.15711,37.49336],[127.15713,37.49345],[127.15713,37.4935],[127.15711,37.49358],[127.15694,37.49408],[127.15691,37.49418],[127.15671,37.49475],[127.15655,37.4952],[127.1564,37.49567]]}},{"type":"Feature","properties":{"class":"minor","highway":"residential","sidewalk":"unknown","lanes":0,"name":"성내천로43가길","oneway":false},"geometry":{"type":"LineString","coordinates":[[127.15535,37.49542],[127.15525,37.49569],[127.15496,37.49632],[127.15486,37.49662],[127.15475,37.49692]]}},{"type":"Feature","properties":{"class":"minor","highway":"residential","sidewalk":"unknown","lanes":0,"name":"성내천로41길","oneway":false},"geometry":{"type":"LineString","coordinates":[[127.15409,37.49687],[127.15437,37.49689],[127.15475,37.49692],[127.15507,37.49698],[127.15509,37.49699],[127.15541,37.49714],[127.15587,37.49738]]}},{"type":"Feature","properties":{"class":"minor","highway":"residential","sidewalk":"unknown","lanes":0,"name":"양산로2길","oneway":false},"geometry":{"type":"LineString","coordinates":[[127.14569,37.48812],[127.14597,37.48876],[127.14598,37.48879],[127.14623,37.48936]]}},{"type":"Feature","properties":{"class":"minor","highway":"residential","sidewalk":"unknown","lanes":0,"name":"양산로4길","oneway":false},"geometry":{"type":"LineString","coordinates":[[127.14439,37.48843],[127.14464,37.48899],[127.14497,37.48972],[127.14538,37.49067],[127.1456,37.49117],[127.14562,37.49126]]}},{"type":"Feature","properties":{"class":"minor","highway":"residential","sidewalk":"unknown","lanes":4,"name":"양산로4길","oneway":false},"geometry":{"type":"LineString","coordinates":[[127.14321,37.49023],[127.14332,37.4902],[127.14345,37.49017],[127.14398,37.49001],[127.14401,37.49],[127.14406,37.48999],[127.1441,37.48998],[127.14413,37.48997],[127.14497,37.48972],[127.14604,37.48942],[127.14623,37.48936]]}},{"type":"Feature","properties":{"class":"minor","highway":"residential","sidewalk":"unknown","lanes":0,"name":"양산로8길","oneway":false},"geometry":{"type":"LineString","coordinates":[[127.148,37.49063],[127.14791,37.4907],[127.1477,37.49082],[127.14753,37.4909],[127.14749,37.49092],[127.14736,37.49098],[127.14731,37.49101],[127.14721,37.49104],[127.1471,37.49106],[127.147,37.4911],[127.14693,37.49112],[127.14687,37.49116],[127.14677,37.49123],[127.14674,37.49126],[127.14663,37.49132],[127.14641,37.49132],[127.14639,37.49131],[127.14619,37.4913],[127.1457,37.49126],[127.14562,37.49126]]}},{"type":"Feature","properties":{"class":"minor","highway":"residential","sidewalk":"unknown","lanes":0,"name":"오금로61길","oneway":false},"geometry":{"type":"LineString","coordinates":[[127.14726,37.49447],[127.14668,37.49397],[127.14622,37.49357],[127.14605,37.49343],[127.146,37.49295]]}},{"type":"Feature","properties":{"class":"minor","highway":"residential","sidewalk":"unknown","lanes":0,"name":"거마로10길","oneway":false},"geometry":{"type":"LineString","coordinates":[[127.14563,37.49566],[127.14568,37.49562],[127.14615,37.49528],[127.14714,37.49457],[127.14726,37.49447],[127.14746,37.49433],[127.14817,37.49384]]}},{"type":"Feature","properties":{"class":"alley","highway":"service","sidewalk":"unknown","lanes":0,"name":"마천로43길","oneway":true},"geometry":{"type":"LineString","coordinates":[[127.1513,37.50033],[127.15119,37.50026],[127.15088,37.50003],[127.15069,37.49986],[127.15053,37.49972],[127.15029,37.4995],[127.15008,37.49932],[127.15007,37.4993],[127.14982,37.49908],[127.1497,37.49896],[127.14956,37.49883],[127.14951,37.49878],[127.14933,37.49862],[127.14922,37.49852],[127.14901,37.49832],[127.1488,37.49813],[127.14867,37.49801],[127.14831,37.49768],[127.14787,37.49728],[127.14775,37.49716]]}},{"type":"Feature","properties":{"class":"minor","highway":"residential","sidewalk":"unknown","lanes":0,"name":"마천로33길","oneway":false},"geometry":{"type":"LineString","coordinates":[[127.14396,37.49978],[127.14413,37.49992],[127.14414,37.50019],[127.14422,37.50037],[127.14432,37.50047],[127.14448,37.50059],[127.14459,37.50064],[127.14478,37.50062],[127.14485,37.50068],[127.14511,37.50089]]}},{"type":"Feature","properties":{"class":"minor","highway":"residential","sidewalk":"unknown","lanes":0,"name":"성내천로33나길","oneway":false},"geometry":{"type":"LineString","coordinates":[[127.1545,37.50085],[127.15409,37.50052],[127.1537,37.50017],[127.15338,37.49989]]}},{"type":"Feature","properties":{"class":"minor","highway":"residential","sidewalk":"unknown","lanes":0,"name":"성내천로","oneway":false},"geometry":{"type":"LineString","coordinates":[[127.15335,37.49957],[127.15361,37.4994],[127.15371,37.49925]]}},{"type":"Feature","properties":{"class":"minor","highway":"residential","sidewalk":"unknown","lanes":0,"name":"성내천로29가길","oneway":false},"geometry":{"type":"LineString","coordinates":[[127.15254,37.50128],[127.15286,37.50093],[127.15328,37.50054],[127.1537,37.50017],[127.154,37.4999]]}},{"type":"Feature","properties":{"class":"minor","highway":"residential","sidewalk":"unknown","lanes":0,"name":"성내천로","oneway":false},"geometry":{"type":"LineString","coordinates":[[127.15253,37.50037],[127.15239,37.50018],[127.15247,37.50006],[127.15249,37.50003],[127.1523,37.4997]]}},{"type":"Feature","properties":{"class":"minor","highway":"residential","sidewalk":"unknown","lanes":0,"name":"성내천로33가길","oneway":false},"geometry":{"type":"LineString","coordinates":[[127.15291,37.50001],[127.15338,37.49989],[127.15365,37.4997],[127.154,37.4999],[127.15442,37.50019],[127.15484,37.50049]]}},{"type":"Feature","properties":{"class":"minor","highway":"residential","sidewalk":"unknown","lanes":0,"name":"성내천로21길","oneway":false},"geometry":{"type":"LineString","coordinates":[[127.14299,37.50135],[127.14379,37.50084],[127.14394,37.50074],[127.14432,37.50047],[127.14475,37.50017],[127.14502,37.49998],[127.14557,37.49959]]}},{"type":"Feature","properties":{"class":"minor","highway":"residential","sidewalk":"unknown","lanes":0,"name":"마천로35길","oneway":false},"geometry":{"type":"LineString","coordinates":[[127.14445,37.49945],[127.14502,37.49998],[127.14539,37.50035],[127.14549,37.50045],[127.14561,37.50056],[127.1459,37.50085],[127.14585,37.50117]]}},{"type":"Feature","properties":{"class":"minor","highway":"residential","sidewalk":"unknown","lanes":0,"name":"성내천로33길","oneway":false},"geometry":{"type":"LineString","coordinates":[[127.15407,37.50124],[127.15366,37.50089],[127.15328,37.50054],[127.153,37.50019],[127.15291,37.50001],[127.15287,37.49994],[127.1528,37.49985],[127.1526,37.49957]]}},{"type":"Feature","properties":{"class":"major","highway":"primary","sidewalk":"likely","lanes":0,"name":"위례대로","oneway":true},"geometry":{"type":"LineString","coordinates":[[127.14791,37.48253],[127.14781,37.48229],[127.14769,37.48194],[127.14765,37.48169],[127.14761,37.48112],[127.1476,37.48096],[127.14759,37.48082],[127.14758,37.48069],[127.14749,37.47917],[127.14744,37.47823],[127.14743,37.47804]]}},{"type":"Feature","properties":{"class":"minor","highway":"residential","sidewalk":"unknown","lanes":0,"name":"문정로","oneway":false},"geometry":{"type":"LineString","coordinates":[[127.13934,37.4956],[127.1395,37.49582],[127.13971,37.49608],[127.13985,37.49627],[127.14001,37.49651],[127.14013,37.49672],[127.14019,37.49683],[127.14028,37.49699],[127.14047,37.49737],[127.14056,37.49758],[127.14067,37.49781],[127.14077,37.49802],[127.14085,37.4982],[127.14096,37.49842],[127.14114,37.49879],[127.14116,37.49883],[127.14125,37.49902],[127.14137,37.49925],[127.14141,37.49934],[127.14145,37.4994]]}},{"type":"Feature","properties":{"class":"major","highway":"tertiary","sidewalk":"likely","lanes":0,"name":"감이남로","oneway":false},"geometry":{"type":"LineString","coordinates":[[127.15995,37.49578],[127.16007,37.49489],[127.16008,37.49467],[127.16008,37.49449],[127.16006,37.49436],[127.16002,37.49423],[127.15995,37.49407],[127.15987,37.49392],[127.15971,37.49368],[127.15956,37.49351],[127.15934,37.49331],[127.15916,37.49311],[127.15895,37.49284],[127.15883,37.4927]]}},{"type":"Feature","properties":{"class":"major","highway":"tertiary","sidewalk":"likely","lanes":0,"name":"위례광장로","oneway":false},"geometry":{"type":"LineString","coordinates":[[127.14431,37.47818],[127.14431,37.47834],[127.14434,37.47875],[127.14435,37.47892],[127.14439,37.47958],[127.14441,37.47982],[127.14442,37.47999],[127.14443,37.48009],[127.14444,37.48035],[127.14449,37.48106],[127.1445,37.48126],[127.14451,37.48139],[127.14435,37.4814],[127.14333,37.48144],[127.14323,37.48144],[127.14319,37.48145],[127.14312,37.48145],[127.14285,37.48146],[127.14213,37.48149],[127.14194,37.4815],[127.14194,37.48137],[127.14191,37.48091],[127.1419,37.48082],[127.14189,37.48069],[127.14182,37.47965],[127.14179,37.47912],[127.14178,37.479],[127.14177,37.47882],[127.14174,37.47844],[127.14173,37.47828]]}},{"type":"Feature","properties":{"class":"alley","highway":"service","sidewalk":"unknown","lanes":0,"name":"","oneway":false},"geometry":{"type":"LineString","coordinates":[[127.14901,37.47782],[127.14902,37.47791],[127.14904,37.47801],[127.14906,37.47808],[127.14909,37.47811],[127.14912,37.47812],[127.14919,37.47813],[127.14927,37.47812],[127.14933,37.47812],[127.15168,37.47776],[127.15196,37.47774],[127.15211,37.47775],[127.15224,37.47776],[127.15445,37.47828],[127.15474,37.47835],[127.15584,37.47867],[127.15614,37.47877],[127.15628,37.47883],[127.15653,37.47893],[127.15755,37.47944],[127.15764,37.47945],[127.1577,37.47944],[127.15775,37.47942],[127.15801,37.47919],[127.15803,37.47918],[127.1581,37.47914],[127.15827,37.47909],[127.15857,37.47904],[127.15867,37.47904],[127.15881,37.47908],[127.15891,37.47915],[127.159,37.47927],[127.15974,37.48052],[127.15976,37.48058],[127.15976,37.48064],[127.15967,37.48096],[127.15962,37.48102],[127.15957,37.48104]]}},{"type":"Feature","properties":{"class":"minor","highway":"residential","sidewalk":"unknown","lanes":0,"name":"성내천로","oneway":true},"geometry":{"type":"LineString","coordinates":[[127.13732,37.50128],[127.13794,37.50097],[127.13799,37.50094],[127.13863,37.50063],[127.13908,37.5004],[127.13941,37.50025],[127.13966,37.50014],[127.13996,37.50001],[127.14049,37.49975],[127.14058,37.4997],[127.14107,37.49946],[127.14141,37.49934],[127.14144,37.49933],[127.14194,37.49923],[127.14202,37.49921],[127.14223,37.49915],[127.14252,37.4991],[127.14255,37.4991],[127.14304,37.49908],[127.14344,37.49908],[127.14434,37.49909],[127.14466,37.49911],[127.14481,37.49911],[127.14489,37.49912],[127.14534,37.49922],[127.14584,37.49944],[127.14596,37.49949],[127.14613,37.4997],[127.14663,37.50033],[127.14695,37.50072],[127.14725,37.50082],[127.14772,37.50099],[127.14773,37.501],[127.14795,37.50108]]}},{"type":"Feature","properties":{"class":"minor","highway":"residential","sidewalk":"unknown","lanes":0,"name":"동남로26길","oneway":false},"geometry":{"type":"LineString","coordinates":[[127.13704,37.50089],[127.13757,37.50053],[127.13814,37.50015],[127.13823,37.50009],[127.13902,37.4996],[127.13943,37.49934],[127.13993,37.49903],[127.1404,37.49874],[127.14092,37.49844],[127.14096,37.49842]]}},{"type":"Feature","properties":{"class":"minor","highway":"residential","sidewalk":"unknown","lanes":0,"name":"동남로24길","oneway":false},"geometry":{"type":"LineString","coordinates":[[127.13631,37.50023],[127.13649,37.50011],[127.13686,37.49985],[127.13718,37.49963],[127.13746,37.49946],[127.13828,37.49897],[127.13928,37.49836],[127.13982,37.49803],[127.14053,37.4976],[127.14056,37.49758]]}},{"type":"Feature","properties":{"class":"minor","highway":"residential","sidewalk":"unknown","lanes":0,"name":"문정로19길","oneway":false},"geometry":{"type":"LineString","coordinates":[[127.13937,37.4999],[127.14026,37.49937],[127.14112,37.49886],[127.14116,37.49883]]}},{"type":"Feature","properties":{"class":"minor","highway":"residential","sidewalk":"unknown","lanes":0,"name":"성내천로16길","oneway":false},"geometry":{"type":"LineString","coordinates":[[127.13928,37.49836],[127.13962,37.49871],[127.13993,37.49903],[127.14026,37.49937],[127.1404,37.49952],[127.14058,37.4997]]}},{"type":"Feature","properties":{"class":"minor","highway":"residential","sidewalk":"unknown","lanes":0,"name":"문정로17길","oneway":false},"geometry":{"type":"LineString","coordinates":[[127.13962,37.49871],[127.14073,37.49804],[127.14077,37.49802]]}},{"type":"Feature","properties":{"class":"minor","highway":"residential","sidewalk":"unknown","lanes":0,"name":"문정로","oneway":false},"geometry":{"type":"LineString","coordinates":[[127.1404,37.49952],[127.14121,37.49904],[127.14125,37.49902]]}},{"type":"Feature","properties":{"class":"major","highway":"secondary","sidewalk":"likely","lanes":4,"name":"마천로","oneway":false},"geometry":{"type":"LineString","coordinates":[[127.15593,37.49116],[127.15573,37.49128],[127.15565,37.49133],[127.1552,37.49155],[127.15482,37.49175],[127.1545,37.49191],[127.15442,37.49195],[127.15326,37.49252],[127.15308,37.49263],[127.15286,37.49276],[127.15261,37.49291],[127.15256,37.49295],[127.15243,37.49304]]}},{"type":"Feature","properties":{"class":"major","highway":"tertiary","sidewalk":"likely","lanes":4,"name":"마천로","oneway":false},"geometry":{"type":"LineString","coordinates":[[127.14463,37.49932],[127.14459,37.49935],[127.1445,37.49941],[127.14445,37.49945],[127.14396,37.49978],[127.14345,37.50014],[127.14319,37.50033],[127.14289,37.50055],[127.14266,37.50071],[127.14235,37.50092],[127.14225,37.50102],[127.14182,37.50129],[127.14144,37.50156],[127.14141,37.50158],[127.14132,37.50164],[127.14085,37.50198],[127.14067,37.50211],[127.14038,37.5023],[127.14017,37.50245],[127.13993,37.50263],[127.13967,37.50281],[127.13952,37.50293],[127.13946,37.50297],[127.13916,37.50317],[127.13913,37.50319],[127.13887,37.50329],[127.13877,37.50332],[127.13832,37.50348]]}},{"type":"Feature","properties":{"class":"minor","highway":"residential","sidewalk":"unknown","lanes":0,"name":"마천로57길","oneway":false},"geometry":{"type":"LineString","coordinates":[[127.15225,37.49458],[127.15294,37.49508],[127.15297,37.4951],[127.15333,37.49536],[127.15337,37.49539],[127.1534,37.49541],[127.15366,37.49557],[127.15406,37.49582],[127.15437,37.49601]]}},{"type":"Feature","properties":{"class":"alley","highway":"living_street","sidewalk":"unknown","lanes":0,"name":"마천로61바길","oneway":false},"geometry":{"type":"LineString","coordinates":[[127.15468,37.49405],[127.15465,37.49415],[127.15446,37.49433],[127.15419,37.49461],[127.15398,37.49483],[127.15374,37.49507],[127.1536,37.49521],[127.1534,37.49541],[127.15284,37.49598],[127.15265,37.49618],[127.1525,37.49633],[127.15234,37.4965],[127.15211,37.49674]]}},{"type":"Feature","properties":{"class":"alley","highway":"living_street","sidewalk":"unknown","lanes":0,"name":"마천로51길","oneway":false},"geometry":{"type":"LineString","coordinates":[[127.15016,37.49546],[127.15094,37.49586],[127.15099,37.49589],[127.15165,37.4964],[127.15179,37.4965],[127.15192,37.4966],[127.15211,37.49674],[127.15229,37.49684],[127.15248,37.49701],[127.15269,37.49695],[127.1529,37.49689],[127.15374,37.49717],[127.1539,37.49723],[127.15413,37.4973]]}},{"type":"Feature","properties":{"class":"alley","highway":"living_street","sidewalk":"unknown","lanes":0,"name":"거마로22길","oneway":false},"geometry":{"type":"LineString","coordinates":[[127.15211,37.49674],[127.15166,37.49695],[127.15132,37.49712],[127.15086,37.49734],[127.15037,37.49758]]}},{"type":"Feature","properties":{"class":"minor","highway":"residential","sidewalk":"unknown","lanes":0,"name":"마천로41길","oneway":false},"geometry":{"type":"LineString","coordinates":[[127.15166,37.49695],[127.15144,37.49694],[127.15127,37.49693],[127.151,37.49692],[127.15086,37.49691],[127.15071,37.4969],[127.15049,37.49692],[127.15036,37.49695],[127.1499,37.49706],[127.14985,37.49707],[127.1495,37.49715],[127.14939,37.49717],[127.1493,37.49718],[127.14913,37.49713]]}},{"type":"Feature","properties":{"class":"alley","highway":"living_street","sidewalk":"unknown","lanes":0,"name":"마천로39길","oneway":true},"geometry":{"type":"LineString","coordinates":[[127.14686,37.49777],[127.14697,37.49797],[127.14703,37.49807],[127.14736,37.49837],[127.14755,37.49856],[127.14777,37.49878],[127.14799,37.499],[127.14823,37.49922],[127.14854,37.49951],[127.14868,37.49964],[127.14903,37.49997],[127.1496,37.5005],[127.14968,37.50058],[127.14991,37.50079]]}},{"type":"Feature","properties":{"class":"minor","highway":"residential","sidewalk":"unknown","lanes":0,"name":"성내천로47길","oneway":false},"geometry":{"type":"LineString","coordinates":[[127.15704,37.49622],[127.15771,37.49635]]}},{"type":"Feature","properties":{"class":"minor","highway":"residential","sidewalk":"unknown","lanes":0,"name":"성내천로47길","oneway":false},"geometry":{"type":"LineString","coordinates":[[127.15771,37.49635],[127.15808,37.49504]]}},{"type":"Feature","properties":{"class":"minor","highway":"residential","sidewalk":"unknown","lanes":0,"name":"성내천로47길","oneway":false},"geometry":{"type":"LineString","coordinates":[[127.15758,37.49495],[127.15808,37.49504]]}},{"type":"Feature","properties":{"class":"alley","highway":"service","sidewalk":"unknown","lanes":0,"name":"","oneway":false},"geometry":{"type":"LineString","coordinates":[[127.15808,37.49504],[127.15816,37.49505],[127.15822,37.49507],[127.15849,37.49511],[127.15884,37.49517],[127.15903,37.49522],[127.15915,37.49528],[127.1592,37.49536],[127.15921,37.4954],[127.15922,37.49545],[127.15919,37.49562],[127.15917,37.49565],[127.15914,37.49568],[127.15912,37.4957],[127.15906,37.49576],[127.15902,37.49579],[127.15896,37.4959],[127.15886,37.49605],[127.1588,37.49616],[127.15872,37.49629],[127.1586,37.49647],[127.15848,37.4965],[127.15837,37.49648]]}},{"type":"Feature","properties":{"class":"minor","highway":"residential","sidewalk":"unknown","lanes":0,"name":"","oneway":false},"geometry":{"type":"LineString","coordinates":[[127.15506,37.49906],[127.15504,37.49913],[127.15478,37.49965],[127.15484,37.4999],[127.15508,37.50008],[127.15501,37.50013]]}},{"type":"Feature","properties":{"class":"alley","highway":"pedestrian","sidewalk":"unknown","lanes":0,"name":"마천로45길","oneway":false},"geometry":{"type":"LineString","coordinates":[[127.1499,37.49706],[127.15037,37.49758],[127.15078,37.49803],[127.15093,37.49821],[127.15099,37.49826],[127.15101,37.49829],[127.15126,37.49853],[127.15199,37.49926],[127.15203,37.4993],[127.15221,37.49948],[127.15233,37.49959]]}},{"type":"Feature","properties":{"class":"minor","highway":"residential","sidewalk":"unknown","lanes":0,"name":"마천로61다길","oneway":true},"geometry":{"type":"LineString","coordinates":[[127.15099,37.49589],[127.15128,37.49571],[127.15148,37.49543],[127.1519,37.49497],[127.15199,37.49487],[127.15225,37.49458]]}},{"type":"Feature","properties":{"class":"alley","highway":"living_street","sidewalk":"unknown","lanes":0,"name":"마천로51길","oneway":false},"geometry":{"type":"LineString","coordinates":[[127.15099,37.49589],[127.15114,37.4962],[127.15098,37.49655],[127.15071,37.4969]]}},{"type":"Feature","properties":{"class":"minor","highway":"residential","sidewalk":"unknown","lanes":0,"name":"거마로20길","oneway":true},"geometry":{"type":"LineString","coordinates":[[127.14913,37.49713],[127.14922,37.49705],[127.1496,37.4968],[127.15046,37.49622],[127.15047,37.49621],[127.15099,37.49589]]}},{"type":"Feature","properties":{"class":"minor","highway":"residential","sidewalk":"unknown","lanes":0,"name":"거마로20길","oneway":false},"geometry":{"type":"LineString","coordinates":[[127.15098,37.49655],[127.15047,37.49621]]}},{"type":"Feature","properties":{"class":"alley","highway":"living_street","sidewalk":"unknown","lanes":0,"name":"성내천로42길","oneway":true},"geometry":{"type":"LineString","coordinates":[[127.15411,37.49674],[127.15386,37.49663],[127.15363,37.49649],[127.15343,37.49637],[127.15306,37.49614],[127.15284,37.49598],[127.1526,37.49583]]}},{"type":"Feature","properties":{"class":"minor","highway":"residential","sidewalk":"unknown","lanes":0,"name":"성내천로34길","oneway":false},"geometry":{"type":"LineString","coordinates":[[127.1539,37.49723],[127.15391,37.49771],[127.15391,37.49775],[127.15389,37.49792],[127.15361,37.49836],[127.15349,37.49855],[127.15319,37.49903],[127.15313,37.49932]]}},{"type":"Feature","properties":{"class":"alley","highway":"living_street","sidewalk":"unknown","lanes":0,"name":"성내천로30길","oneway":false},"geometry":{"type":"LineString","coordinates":[[127.1517,37.49988],[127.15151,37.49969],[127.15132,37.49951],[127.15122,37.49941],[127.151,37.49921],[127.15067,37.49891],[127.15052,37.49877],[127.15033,37.4986],[127.15019,37.49848],[127.15017,37.49845],[127.14998,37.49828],[127.14987,37.49819],[127.14963,37.49797]]}},{"type":"Feature","properties":{"class":"minor","highway":"residential","sidewalk":"unknown","lanes":0,"name":"거마로22길","oneway":false},"geometry":{"type":"LineString","coordinates":[[127.14977,37.49789],[127.14937,37.49753],[127.14929,37.49745],[127.14924,37.49741],[127.14913,37.49713]]}},{"type":"Feature","properties":{"class":"minor","highway":"residential","sidewalk":"unknown","lanes":0,"name":"거마로22길","oneway":false},"geometry":{"type":"LineString","coordinates":[[127.14999,37.49778],[127.14961,37.49741],[127.1495,37.49715]]}},{"type":"Feature","properties":{"class":"minor","highway":"residential","sidewalk":"unknown","lanes":0,"name":"거마로24길","oneway":false},"geometry":{"type":"LineString","coordinates":[[127.14757,37.49996],[127.14799,37.49985],[127.14803,37.49984],[127.14812,37.4998],[127.1482,37.49975],[127.14838,37.49962],[127.14854,37.49951],[127.14915,37.4991],[127.14929,37.499],[127.14949,37.49886],[127.14956,37.49883]]}},{"type":"Feature","properties":{"class":"major","highway":"tertiary","sidewalk":"likely","lanes":0,"name":"성내천로","oneway":true},"geometry":{"type":"LineString","coordinates":[[127.14818,37.50141],[127.14839,37.50136],[127.14843,37.50137],[127.14862,37.50139],[127.14883,37.50139],[127.14913,37.50134],[127.14928,37.50128],[127.14943,37.50121],[127.15019,37.50088],[127.15068,37.50066],[127.15079,37.5006],[127.1509,37.50052],[127.15112,37.50034],[127.15119,37.50026],[127.15128,37.50018],[127.1517,37.49988],[127.15191,37.49977],[127.15208,37.49968],[127.15233,37.49959],[127.15313,37.49932]]}},{"type":"Feature","properties":{"class":"alley","highway":"living_street","sidewalk":"unknown","lanes":0,"name":"마천로51가길","oneway":false},"geometry":{"type":"LineString","coordinates":[[127.15374,37.49717],[127.153,37.49754],[127.15269,37.49771],[127.15212,37.49805],[127.15166,37.49829],[127.15126,37.49853],[127.15094,37.49873],[127.15067,37.49891],[127.15008,37.49932],[127.14995,37.4994],[127.14949,37.49971],[127.14934,37.49979],[127.14903,37.49997]]}},{"type":"Feature","properties":{"class":"minor","highway":"residential","sidewalk":"unknown","lanes":0,"name":"성내천로24길","oneway":false},"geometry":{"type":"LineString","coordinates":[[127.14876,37.50131],[127.14861,37.50093],[127.14848,37.50071],[127.14826,37.50028],[127.14803,37.49984]]}},{"type":"Feature","properties":{"class":"minor","highway":"residential","sidewalk":"unknown","lanes":0,"name":"성내천로35길","oneway":true},"geometry":{"type":"LineString","coordinates":[[127.15506,37.49906],[127.15492,37.49903],[127.15477,37.49908],[127.15466,37.49916],[127.15441,37.49923],[127.1541,37.49928],[127.15377,37.49924]]}},{"type":"Feature","properties":{"class":"minor","highway":"residential","sidewalk":"unknown","lanes":1,"name":"오금로57길","oneway":true},"geometry":{"type":"LineString","coordinates":[[127.14209,37.49422],[127.14219,37.49432],[127.14225,37.49438],[127.14244,37.49458],[127.14272,37.49485],[127.14299,37.4951],[127.14319,37.49528],[127.14329,37.49537],[127.14331,37.49539],[127.1439,37.49593]]}},{"type":"Feature","properties":{"class":"minor","highway":"residential","sidewalk":"unknown","lanes":0,"name":"오금로53길","oneway":false},"geometry":{"type":"LineString","coordinates":[[127.14276,37.49672],[127.1434,37.49724],[127.14397,37.49778],[127.14445,37.49822],[127.14457,37.49834],[127.14494,37.49867],[127.1452,37.49891]]}},{"type":"Feature","properties":{"class":"minor","highway":"residential","sidewalk":"unknown","lanes":0,"name":"거마로3길","oneway":true},"geometry":{"type":"LineString","coordinates":[[127.14465,37.49379],[127.1446,37.49385],[127.14411,37.49411],[127.14326,37.49456],[127.14272,37.49485],[127.1424,37.49501],[127.14146,37.4955]]}},{"type":"Feature","properties":{"class":"minor","highway":"residential","sidewalk":"unknown","lanes":0,"name":"오금로57길","oneway":true},"geometry":{"type":"LineString","coordinates":[[127.14119,37.49525],[127.14244,37.49458]]}},{"type":"Feature","properties":{"class":"minor","highway":"residential","sidewalk":"unknown","lanes":0,"name":"오금로51길","oneway":false},"geometry":{"type":"LineString","coordinates":[[127.14002,37.49528],[127.14008,37.49542],[127.14026,37.49577],[127.14041,37.49608],[127.14061,37.49644],[127.14077,37.49676],[127.14107,37.49742],[127.14122,37.49773],[127.14125,37.4978],[127.14194,37.49923]]}},{"type":"Feature","properties":{"class":"alley","highway":"service","sidewalk":"unknown","lanes":0,"name":"오금로53길","oneway":false},"geometry":{"type":"LineString","coordinates":[[127.14195,37.49597],[127.14138,37.49636],[127.14078,37.49676],[127.14077,37.49676]]}},{"type":"Feature","properties":{"class":"alley","highway":"service","sidewalk":"unknown","lanes":0,"name":"오금로53길","oneway":false},"geometry":{"type":"LineString","coordinates":[[127.1417,37.49572],[127.1413,37.49598],[127.14086,37.49627],[127.14061,37.49643],[127.14061,37.49644]]}},{"type":"Feature","properties":{"class":"minor","highway":"residential","sidewalk":"unknown","lanes":0,"name":"오금로53길","oneway":false},"geometry":{"type":"LineString","coordinates":[[127.14119,37.49525],[127.14027,37.49576],[127.14026,37.49577]]}},{"type":"Feature","properties":{"class":"minor","highway":"residential","sidewalk":"unknown","lanes":0,"name":"거마로7길","oneway":false},"geometry":{"type":"LineString","coordinates":[[127.1452,37.49504],[127.14515,37.49508],[127.14481,37.49527],[127.14459,37.49543],[127.14437,37.4956],[127.1441,37.49579],[127.1439,37.49593],[127.14385,37.49597],[127.14363,37.49612],[127.14308,37.4965],[127.14276,37.49672]]}},{"type":"Feature","properties":{"class":"minor","highway":"residential","sidewalk":"unknown","lanes":0,"name":"거마로7길","oneway":false},"geometry":{"type":"LineString","coordinates":[[127.14437,37.4956],[127.14384,37.49513],[127.14368,37.49499]]}},{"type":"Feature","properties":{"class":"minor","highway":"residential","sidewalk":"unknown","lanes":0,"name":"오금로59길","oneway":false},"geometry":{"type":"LineString","coordinates":[[127.14244,37.49458],[127.14279,37.49438],[127.14345,37.49404],[127.14396,37.49378]]}},{"type":"Feature","properties":{"class":"minor","highway":"residential","sidewalk":"unknown","lanes":0,"name":"오금로59길","oneway":false},"geometry":{"type":"LineString","coordinates":[[127.14499,37.49471],[127.14479,37.49474],[127.14474,37.49472],[127.14467,37.49462],[127.14463,37.49459],[127.14457,37.49457],[127.14451,37.49456],[127.14448,37.49455],[127.14431,37.49442],[127.14427,37.49439],[127.14418,37.49424],[127.14411,37.49411],[127.14396,37.49378],[127.14383,37.49347],[127.14377,37.49334]]}},{"type":"Feature","properties":{"class":"minor","highway":"residential","sidewalk":"unknown","lanes":0,"name":"거마로5길","oneway":false},"geometry":{"type":"LineString","coordinates":[[127.14331,37.49539],[127.14347,37.49521],[127.14368,37.49499],[127.14393,37.4947],[127.14409,37.4945],[127.14423,37.49442],[127.14427,37.49439],[127.14474,37.4942],[127.14481,37.49415]]}},{"type":"Feature","properties":{"class":"minor","highway":"unclassified","sidewalk":"unknown","lanes":0,"name":"","oneway":false},"geometry":{"type":"LineString","coordinates":[[127.14138,37.49399],[127.14134,37.49379],[127.14122,37.49332],[127.1412,37.49281],[127.14112,37.49279],[127.14107,37.49273],[127.14107,37.49268],[127.14075,37.49267],[127.14058,37.49284]]}},{"type":"Feature","properties":{"class":"minor","highway":"unclassified","sidewalk":"unknown","lanes":0,"name":"","oneway":false},"geometry":{"type":"LineString","coordinates":[[127.14107,37.49268],[127.14108,37.49222]]}},{"type":"Feature","properties":{"class":"minor","highway":"unclassified","sidewalk":"unknown","lanes":0,"name":"","oneway":false},"geometry":{"type":"LineString","coordinates":[[127.1412,37.49281],[127.14134,37.49276],[127.14138,37.49269],[127.14139,37.49255],[127.14155,37.49255]]}},{"type":"Feature","properties":{"class":"minor","highway":"unclassified","sidewalk":"unknown","lanes":0,"name":"","oneway":false},"geometry":{"type":"LineString","coordinates":[[127.14138,37.49269],[127.14149,37.4927]]}},{"type":"Feature","properties":{"class":"minor","highway":"unclassified","sidewalk":"unknown","lanes":0,"name":"","oneway":false},"geometry":{"type":"LineString","coordinates":[[127.14153,37.49413],[127.14138,37.49399],[127.141,37.49398],[127.14097,37.49396],[127.14093,37.49392],[127.14091,37.49343],[127.14087,37.49338],[127.14082,37.49329],[127.14079,37.49319],[127.14077,37.49307],[127.14071,37.49295],[127.14058,37.49284],[127.14049,37.49275],[127.14044,37.49268],[127.1404,37.49252],[127.1404,37.49217],[127.141,37.49219],[127.14108,37.49222],[127.14158,37.49225]]}},{"type":"Feature","properties":{"class":"minor","highway":"residential","sidewalk":"unknown","lanes":0,"name":"오금로56길","oneway":false},"geometry":{"type":"LineString","coordinates":[[127.14153,37.49413],[127.14166,37.4943],[127.14174,37.4944]]}},{"type":"Feature","properties":{"class":"minor","highway":"residential","sidewalk":"unknown","lanes":0,"name":"오금로54길","oneway":false},"geometry":{"type":"LineString","coordinates":[[127.14153,37.49413],[127.14081,37.49449],[127.14074,37.49438],[127.14067,37.49431]]}},{"type":"Feature","properties":{"class":"minor","highway":"residential","sidewalk":"unknown","lanes":0,"name":"오금로54길","oneway":false},"geometry":{"type":"LineString","coordinates":[[127.14081,37.49449],[127.14078,37.49471],[127.14079,37.49472],[127.14091,37.49484]]}},{"type":"Feature","properties":{"class":"minor","highway":"residential","sidewalk":"unknown","lanes":0,"name":"오금로56길","oneway":false},"geometry":{"type":"LineString","coordinates":[[127.14211,37.49319],[127.1426,37.49294],[127.14277,37.49285],[127.14314,37.49266],[127.14394,37.49224],[127.14398,37.49216]]}},{"type":"Feature","properties":{"class":"minor","highway":"residential","sidewalk":"unknown","lanes":0,"name":"오금로54길","oneway":false},"geometry":{"type":"LineString","coordinates":[[127.14153,37.49413],[127.14163,37.49406],[127.14181,37.49392],[127.14243,37.49358],[127.14308,37.49324],[127.1441,37.4927]]}},{"type":"Feature","properties":{"class":"minor","highway":"residential","sidewalk":"unknown","lanes":0,"name":"오금로","oneway":false},"geometry":{"type":"LineString","coordinates":[[127.14181,37.49392],[127.14191,37.49403],[127.14194,37.49407]]}},{"type":"Feature","properties":{"class":"minor","highway":"residential","sidewalk":"unknown","lanes":0,"name":"오금로","oneway":false},"geometry":{"type":"LineString","coordinates":[[127.14181,37.49392],[127.14179,37.49386],[127.14179,37.49383],[127.14179,37.49381],[127.14189,37.49362],[127.14199,37.49354],[127.14193,37.49345],[127.14185,37.4934],[127.14182,37.49338]]}},{"type":"Feature","properties":{"class":"alley","highway":"living_street","sidewalk":"unknown","lanes":0,"name":"양산로7길","oneway":false},"geometry":{"type":"LineString","coordinates":[[127.14199,37.49354],[127.14228,37.49338],[127.14293,37.49303],[127.14388,37.49254],[127.14401,37.49248],[127.14409,37.49243]]}},{"type":"Feature","properties":{"class":"alley","highway":"living_street","sidewalk":"unknown","lanes":0,"name":"오금로","oneway":true},"geometry":{"type":"LineString","coordinates":[[127.14334,37.49356],[127.14327,37.49347],[127.14308,37.49324],[127.14293,37.49303],[127.14277,37.49285]]}},{"type":"Feature","properties":{"class":"minor","highway":"residential","sidewalk":"unknown","lanes":0,"name":"오금로","oneway":false},"geometry":{"type":"LineString","coordinates":[[127.14211,37.49319],[127.14228,37.49338],[127.14243,37.49358],[127.14262,37.49381],[127.1427,37.4939]]}},{"type":"Feature","properties":{"class":"alley","highway":"pedestrian","sidewalk":"unknown","lanes":0,"name":"","oneway":false},"geometry":{"type":"LineString","coordinates":[[127.14324,37.4807],[127.14324,37.48067],[127.14323,37.48045],[127.14321,37.48019],[127.14319,37.47981],[127.14319,37.4798],[127.14317,37.47947],[127.14315,37.47913],[127.14314,37.47893],[127.14313,37.47869],[127.14312,37.47834]]}},{"type":"Feature","properties":{"class":"alley","highway":"living_street","sidewalk":"unknown","lanes":0,"name":"거마로22길","oneway":false},"geometry":{"type":"LineString","coordinates":[[127.15037,37.49758],[127.14999,37.49778],[127.1498,37.49788],[127.14977,37.49789],[127.14963,37.49797],[127.14946,37.49807],[127.14917,37.49823],[127.14901,37.49832],[127.14881,37.49846],[127.14867,37.49855],[127.14841,37.49872],[127.14823,37.49884],[127.14799,37.499],[127.1477,37.49922]]}},{"type":"Feature","properties":{"class":"major","highway":"tertiary","sidewalk":"likely","lanes":2,"name":"마천로","oneway":false},"geometry":{"type":"LineString","coordinates":[[127.14995,37.49563],[127.14901,37.49628],[127.14896,37.49632],[127.14789,37.49706],[127.14775,37.49716],[127.1477,37.49719],[127.14753,37.4973],[127.14743,37.49737],[127.14736,37.49742],[127.14716,37.49757],[127.14686,37.49777],[127.14683,37.49779],[127.14674,37.49785],[127.14665,37.49792],[127.14654,37.49799],[127.14652,37.49801]]}},{"type":"Feature","properties":{"class":"minor","highway":"residential","sidewalk":"unknown","lanes":0,"name":"마천로45길","oneway":false},"geometry":{"type":"LineString","coordinates":[[127.1499,37.49706],[127.1496,37.4968],[127.14901,37.49628]]}},{"type":"Feature","properties":{"class":"minor","highway":"residential","sidewalk":"unknown","lanes":0,"name":"오금로62길","oneway":true},"geometry":{"type":"LineString","coordinates":[[127.14747,37.49247],[127.14716,37.49249],[127.14685,37.4925],[127.14599,37.49253]]}},{"type":"Feature","properties":{"class":"minor","highway":"residential","sidewalk":"unknown","lanes":0,"name":"오금로62길","oneway":true},"geometry":{"type":"LineString","coordinates":[[127.14599,37.49253],[127.14684,37.49202],[127.14712,37.49186],[127.14731,37.49175]]}},{"type":"Feature","properties":{"class":"minor","highway":"residential","sidewalk":"unknown","lanes":0,"name":"성내천로38길","oneway":false},"geometry":{"type":"LineString","coordinates":[[127.15269,37.49695],[127.153,37.49754],[127.15296,37.49773],[127.15318,37.49775],[127.15391,37.49775]]}},{"type":"Feature","properties":{"class":"minor","highway":"residential","sidewalk":"unknown","lanes":0,"name":"성내천로47길","oneway":false},"geometry":{"type":"LineString","coordinates":[[127.15546,37.49444],[127.15585,37.49452],[127.15613,37.49458],[127.15636,37.49464],[127.15671,37.49475],[127.15712,37.49488],[127.15758,37.49495]]}},{"type":"Feature","properties":{"class":"minor","highway":"residential","sidewalk":"unknown","lanes":0,"name":"성내천로","oneway":true},"geometry":{"type":"LineString","coordinates":[[127.14714,37.50115],[127.147,37.50109],[127.14672,37.50093],[127.14657,37.50078],[127.14645,37.50064],[127.14629,37.50041],[127.14608,37.50009],[127.14601,37.5],[127.14589,37.49985],[127.14557,37.49959],[127.14529,37.49945],[127.14486,37.49935],[127.14459,37.49935],[127.14332,37.49937],[127.14327,37.49937],[127.14256,37.49938],[127.1423,37.49943],[127.14209,37.49955]]}},{"type":"Feature","properties":{"class":"minor","highway":"residential","sidewalk":"unknown","lanes":0,"name":"거마로20길","oneway":false},"geometry":{"type":"LineString","coordinates":[[127.14736,37.49742],[127.14755,37.49752],[127.14766,37.49767],[127.14776,37.49773],[127.14783,37.49781],[127.14789,37.49789],[127.14796,37.49796]]}},{"type":"Feature","properties":{"class":"alley","highway":"living_street","sidewalk":"unknown","lanes":0,"name":"거마로20길","oneway":false},"geometry":{"type":"LineString","coordinates":[[127.14753,37.49825],[127.14731,37.49802]]}},{"type":"Feature","properties":{"class":"alley","highway":"living_street","sidewalk":"unknown","lanes":0,"name":"마천로39길","oneway":false},"geometry":{"type":"LineString","coordinates":[[127.14789,37.49789],[127.14731,37.49802],[127.14703,37.49807]]}},{"type":"Feature","properties":{"class":"minor","highway":"residential","sidewalk":"unknown","lanes":0,"name":"거마로24길","oneway":false},"geometry":{"type":"LineString","coordinates":[[127.14915,37.50058],[127.14828,37.49982],[127.1482,37.49975]]}},{"type":"Feature","properties":{"class":"minor","highway":"residential","sidewalk":"unknown","lanes":0,"name":"","oneway":false},"geometry":{"type":"LineString","coordinates":[[127.1482,37.49944],[127.14838,37.49962]]}},{"type":"Feature","properties":{"class":"minor","highway":"residential","sidewalk":"unknown","lanes":0,"name":"마천로51가길","oneway":false},"geometry":{"type":"LineString","coordinates":[[127.14987,37.50031],[127.14951,37.49995],[127.14934,37.49979]]}},{"type":"Feature","properties":{"class":"minor","highway":"residential","sidewalk":"unknown","lanes":0,"name":"마천로43길","oneway":false},"geometry":{"type":"LineString","coordinates":[[127.15053,37.49972],[127.15122,37.49941]]}},{"type":"Feature","properties":{"class":"minor","highway":"residential","sidewalk":"unknown","lanes":0,"name":"마천로43길","oneway":false},"geometry":{"type":"LineString","coordinates":[[127.15029,37.4995],[127.151,37.49921]]}},{"type":"Feature","properties":{"class":"minor","highway":"residential","sidewalk":"unknown","lanes":1,"name":"양산로2길","oneway":true},"geometry":{"type":"LineString","coordinates":[[127.14278,37.48885],[127.14284,37.4889],[127.14286,37.48896],[127.14289,37.48899],[127.14291,37.48902],[127.14292,37.48902],[127.14299,37.48904],[127.14304,37.48903],[127.14318,37.48889],[127.14327,37.48882],[127.14331,37.4888],[127.14334,37.48879],[127.14345,37.48875],[127.14361,37.48869],[127.1437,37.48866],[127.14439,37.48843],[127.14556,37.48808],[127.14569,37.48812]]}},{"type":"Feature","properties":{"class":"major","highway":"primary","sidewalk":"yes","lanes":7,"name":"양산로","oneway":true},"geometry":{"type":"LineString","coordinates":[[127.14321,37.49023],[127.14317,37.49013],[127.14281,37.48922]]}},{"type":"Feature","properties":{"class":"minor","highway":"residential","sidewalk":"unknown","lanes":0,"name":"거마로9길","oneway":false},"geometry":{"type":"LineString","coordinates":[[127.14444,37.49651],[127.14385,37.49597]]}},{"type":"Feature","properties":{"class":"minor","highway":"residential","sidewalk":"unknown","lanes":0,"name":"거마로9길","oneway":false},"geometry":{"type":"LineString","coordinates":[[127.1441,37.49579],[127.1447,37.49633]]}},{"type":"Feature","properties":{"class":"minor","highway":"residential","sidewalk":"unknown","lanes":0,"name":"거마로9길","oneway":false},"geometry":{"type":"LineString","coordinates":[[127.14437,37.4956],[127.14494,37.49616],[127.14519,37.49637]]}},{"type":"Feature","properties":{"class":"minor","highway":"residential","sidewalk":"unknown","lanes":0,"name":"거마로9길","oneway":false},"geometry":{"type":"LineString","coordinates":[[127.14363,37.49612],[127.14423,37.49666]]}},{"type":"Feature","properties":{"class":"minor","highway":"residential","sidewalk":"unknown","lanes":0,"name":"거마로9길","oneway":false},"geometry":{"type":"LineString","coordinates":[[127.14308,37.4965],[127.14367,37.49704]]}},{"type":"Feature","properties":{"class":"minor","highway":"residential","sidewalk":"unknown","lanes":0,"name":"거마로9길","oneway":false},"geometry":{"type":"LineString","coordinates":[[127.14563,37.49566],[127.14551,37.49575],[127.14544,37.4958],[127.14506,37.49607],[127.14494,37.49616],[127.1447,37.49633],[127.14444,37.49651],[127.14423,37.49666],[127.14397,37.49683],[127.14379,37.49696],[127.14367,37.49704],[127.1434,37.49724],[127.1431,37.49745],[127.14307,37.49747],[127.14286,37.49761],[127.14208,37.49816]]}},{"type":"Feature","properties":{"class":"minor","highway":"residential","sidewalk":"unknown","lanes":0,"name":"거마로7길","oneway":false},"geometry":{"type":"LineString","coordinates":[[127.1441,37.49579],[127.14347,37.49521]]}},{"type":"Feature","properties":{"class":"minor","highway":"residential","sidewalk":"unknown","lanes":0,"name":"거마로2길","oneway":false},"geometry":{"type":"LineString","coordinates":[[127.14519,37.49343],[127.14605,37.49343],[127.14756,37.4934]]}},{"type":"Feature","properties":{"class":"minor","highway":"residential","sidewalk":"unknown","lanes":0,"name":"거마로8길","oneway":false},"geometry":{"type":"LineString","coordinates":[[127.14756,37.49343],[127.14748,37.49347],[127.14734,37.49356],[127.14699,37.49377],[127.14668,37.49397],[127.14574,37.49465],[127.14567,37.49471],[127.14561,37.49475],[127.14538,37.49492],[127.14532,37.49496],[127.1452,37.49504]]}},{"type":"Feature","properties":{"class":"minor","highway":"residential","sidewalk":"unknown","lanes":0,"name":"거마로2길","oneway":false},"geometry":{"type":"LineString","coordinates":[[127.14574,37.49465],[127.14538,37.49385],[127.14519,37.49343]]}},{"type":"Feature","properties":{"class":"minor","highway":"residential","sidewalk":"unknown","lanes":0,"name":"오금로64나길","oneway":false},"geometry":{"type":"LineString","coordinates":[[127.14744,37.49221],[127.14818,37.49184],[127.14951,37.49119],[127.15024,37.49087]]}},{"type":"Feature","properties":{"class":"minor","highway":"residential","sidewalk":"unknown","lanes":0,"name":"오금로64마길","oneway":false},"geometry":{"type":"LineString","coordinates":[[127.14754,37.49128],[127.14748,37.49124],[127.14721,37.49104]]}},{"type":"Feature","properties":{"class":"minor","highway":"residential","sidewalk":"unknown","lanes":0,"name":"오금로64마길","oneway":false},"geometry":{"type":"LineString","coordinates":[[127.14791,37.4907],[127.14811,37.49084]]}},{"type":"Feature","properties":{"class":"minor","highway":"residential","sidewalk":"unknown","lanes":0,"name":"오금로64다길","oneway":false},"geometry":{"type":"LineString","coordinates":[[127.14916,37.49077],[127.14856,37.4912],[127.14801,37.49164]]}},{"type":"Feature","properties":{"class":"minor","highway":"residential","sidewalk":"unknown","lanes":0,"name":"오금로64라길","oneway":false},"geometry":{"type":"LineString","coordinates":[[127.14778,37.49144],[127.14833,37.49101],[127.14892,37.49055]]}},{"type":"Feature","properties":{"class":"minor","highway":"residential","sidewalk":"unknown","lanes":2,"name":"양산로8길","oneway":false},"geometry":{"type":"LineString","coordinates":[[127.14562,37.49126],[127.14557,37.49128],[127.14524,37.49146],[127.14462,37.4918]]}},{"type":"Feature","properties":{"class":"minor","highway":"residential","sidewalk":"unknown","lanes":0,"name":"오금로64가길","oneway":false},"geometry":{"type":"LineString","coordinates":[[127.14748,37.49264],[127.14845,37.49216],[127.14976,37.49152],[127.15052,37.49116]]}},{"type":"Feature","properties":{"class":"minor","highway":"residential","sidewalk":"unknown","lanes":0,"name":"오금로64가길","oneway":false},"geometry":{"type":"LineString","coordinates":[[127.14818,37.49184],[127.14845,37.49216]]}},{"type":"Feature","properties":{"class":"minor","highway":"residential","sidewalk":"unknown","lanes":0,"name":"오금로68길","oneway":false},"geometry":{"type":"LineString","coordinates":[[127.14951,37.49119],[127.14976,37.49152],[127.15001,37.49184]]}},{"type":"Feature","properties":{"class":"minor","highway":"residential","sidewalk":"unknown","lanes":0,"name":"오금로66길","oneway":false},"geometry":{"type":"LineString","coordinates":[[127.14829,37.49288],[127.14829,37.49269]]}},{"type":"Feature","properties":{"class":"minor","highway":"residential","sidewalk":"unknown","lanes":0,"name":"오금로53길","oneway":false},"geometry":{"type":"LineString","coordinates":[[127.14268,37.4987],[127.14305,37.49843],[127.14353,37.49809],[127.14366,37.49799],[127.14397,37.49778],[127.14424,37.49758],[127.14441,37.49745],[127.14454,37.49736]]}},{"type":"Feature","properties":{"class":"minor","highway":"residential","sidewalk":"unknown","lanes":0,"name":"거마로9길","oneway":false},"geometry":{"type":"LineString","coordinates":[[127.14397,37.49683],[127.14454,37.49736]]}},{"type":"Feature","properties":{"class":"minor","highway":"residential","sidewalk":"unknown","lanes":0,"name":"거마로9길","oneway":false},"geometry":{"type":"LineString","coordinates":[[127.14367,37.49704],[127.14424,37.49758]]}},{"type":"Feature","properties":{"class":"alley","highway":"service","sidewalk":"unknown","lanes":0,"name":"","oneway":false},"geometry":{"type":"LineString","coordinates":[[127.14481,37.49719],[127.14431,37.49674],[127.14423,37.49666]]}},{"type":"Feature","properties":{"class":"alley","highway":"service","sidewalk":"unknown","lanes":0,"name":"","oneway":false},"geometry":{"type":"LineString","coordinates":[[127.14431,37.49674],[127.14496,37.49628],[127.14551,37.49677],[127.14541,37.49682],[127.14515,37.49698],[127.14502,37.49706],[127.14492,37.49712],[127.14481,37.49719]]}},{"type":"Feature","properties":{"class":"alley","highway":"service","sidewalk":"unknown","lanes":0,"name":"","oneway":false},"geometry":{"type":"LineString","coordinates":[[127.14551,37.49677],[127.14579,37.49661],[127.14587,37.49656]]}},{"type":"Feature","properties":{"class":"minor","highway":"residential","sidewalk":"unknown","lanes":0,"name":"거마로15길","oneway":false},"geometry":{"type":"LineString","coordinates":[[127.14344,37.49908],[127.14457,37.49834],[127.14608,37.49732],[127.14617,37.49727]]}},{"type":"Feature","properties":{"class":"minor","highway":"residential","sidewalk":"unknown","lanes":0,"name":"성내천로18길","oneway":false},"geometry":{"type":"LineString","coordinates":[[127.14304,37.49908],[127.143,37.49901],[127.14298,37.49897],[127.14268,37.4987],[127.14233,37.49838],[127.14208,37.49816],[127.14191,37.498],[127.14149,37.49762]]}},{"type":"Feature","properties":{"class":"minor","highway":"residential","sidewalk":"unknown","lanes":0,"name":"거마로8길","oneway":false},"geometry":{"type":"LineString","coordinates":[[127.14615,37.49528],[127.14561,37.49475]]}},{"type":"Feature","properties":{"class":"major","highway":"tertiary","sidewalk":"likely","lanes":4,"name":"마천로","oneway":false},"geometry":{"type":"LineString","coordinates":[[127.14494,37.4991],[127.14463,37.49932]]}},{"type":"Feature","properties":{"class":"major","highway":"tertiary","sidewalk":"likely","lanes":4,"name":"마천로","oneway":false},"geometry":{"type":"LineString","coordinates":[[127.14652,37.49801],[127.14642,37.49807],[127.1463,37.49815],[127.1461,37.49829],[127.14606,37.49832],[127.14564,37.49861],[127.14548,37.49872],[127.1452,37.49891],[127.14494,37.4991]]}},{"type":"Feature","properties":{"class":"major","highway":"secondary","sidewalk":"likely","lanes":0,"name":"오금로","oneway":false},"geometry":{"type":"LineString","coordinates":[[127.14433,37.49305],[127.14427,37.49307],[127.14418,37.49312],[127.14393,37.49325],[127.14377,37.49334]]}},{"type":"Feature","properties":{"class":"major","highway":"primary","sidewalk":"likely","lanes":0,"name":"위례대로","oneway":true},"geometry":{"type":"LineString","coordinates":[[127.14761,37.47803],[127.14762,37.47821],[127.14767,37.47916],[127.14774,37.48044],[127.14777,37.48081],[127.14777,37.48095],[127.14778,37.48111],[127.14782,37.48169],[127.14785,37.48189],[127.14786,37.48193],[127.14787,37.48198],[127.1479,37.4821],[127.14795,37.48226],[127.14807,37.48252]]}},{"type":"Feature","properties":{"class":"major","highway":"primary","sidewalk":"yes","lanes":5,"name":"위례서로","oneway":true},"geometry":{"type":"LineString","coordinates":[[127.14281,37.48922],[127.14255,37.48864],[127.14248,37.48847]]}},{"type":"Feature","properties":{"class":"minor","highway":"residential","sidewalk":"unknown","lanes":0,"name":"","oneway":false},"geometry":{"type":"LineString","coordinates":[[127.15912,37.48934],[127.15935,37.48945],[127.15944,37.48949],[127.15962,37.48957],[127.15991,37.4896],[127.16037,37.48962],[127.161,37.48969],[127.16108,37.48971],[127.16118,37.48975],[127.16134,37.48986],[127.16151,37.48996],[127.16169,37.48995],[127.16188,37.49003]]}},{"type":"Feature","properties":{"class":"minor","highway":"residential","sidewalk":"unknown","lanes":0,"name":"오금로68길","oneway":false},"geometry":{"type":"LineString","coordinates":[[127.15001,37.49184],[127.15007,37.4919],[127.15032,37.49208],[127.15042,37.49215],[127.15088,37.49245],[127.151,37.49253],[127.15112,37.49257],[127.1512,37.49265],[127.15123,37.4928]]}},{"type":"Feature","properties":{"class":"minor","highway":"residential","sidewalk":"unknown","lanes":0,"name":"양산로8길","oneway":true},"geometry":{"type":"LineString","coordinates":[[127.14516,37.49243],[127.14498,37.4922],[127.14484,37.49203],[127.14462,37.4918]]}},{"type":"Feature","properties":{"class":"alley","highway":"service","sidewalk":"unknown","lanes":0,"name":"","oneway":true},"geometry":{"type":"LineString","coordinates":[[127.1464,37.48865],[127.14634,37.48851],[127.14635,37.48849],[127.14653,37.48843],[127.14672,37.48838],[127.14675,37.4884],[127.14689,37.48874],[127.14688,37.48876],[127.14672,37.48882],[127.14654,37.48886],[127.14651,37.48885],[127.1464,37.48865]]}},{"type":"Feature","properties":{"class":"alley","highway":"service","sidewalk":"unknown","lanes":0,"name":"","oneway":false},"geometry":{"type":"LineString","coordinates":[[127.14653,37.48843],[127.14642,37.48818],[127.14625,37.48823]]}},{"type":"Feature","properties":{"class":"alley","highway":"service","sidewalk":"unknown","lanes":0,"name":"","oneway":false},"geometry":{"type":"LineString","coordinates":[[127.14508,37.48886],[127.14526,37.48925],[127.14578,37.4891],[127.14565,37.48884],[127.14548,37.48848],[127.14496,37.48862],[127.14508,37.48886]]}},{"type":"Feature","properties":{"class":"alley","highway":"service","sidewalk":"unknown","lanes":0,"name":"","oneway":false},"geometry":{"type":"LineString","coordinates":[[127.14565,37.48884],[127.14597,37.48876]]}},{"type":"Feature","properties":{"class":"alley","highway":"service","sidewalk":"unknown","lanes":0,"name":"","oneway":false},"geometry":{"type":"LineString","coordinates":[[127.14406,37.48999],[127.14381,37.48945],[127.14352,37.48883],[127.14421,37.48864]]}},{"type":"Feature","properties":{"class":"alley","highway":"service","sidewalk":"unknown","lanes":0,"name":"","oneway":false},"geometry":{"type":"LineString","coordinates":[[127.14381,37.48945],[127.14342,37.48956]]}},{"type":"Feature","properties":{"class":"alley","highway":"service","sidewalk":"unknown","lanes":0,"name":"","oneway":false},"geometry":{"type":"LineString","coordinates":[[127.1439,37.48941],[127.14413,37.48936],[127.14405,37.48917],[127.14397,37.489],[127.14372,37.48907]]}},{"type":"Feature","properties":{"class":"alley","highway":"service","sidewalk":"unknown","lanes":0,"name":"","oneway":false},"geometry":{"type":"LineString","coordinates":[[127.14405,37.48917],[127.14464,37.48899]]}},{"type":"Feature","properties":{"class":"alley","highway":"service","sidewalk":"unknown","lanes":0,"name":"","oneway":false},"geometry":{"type":"LineString","coordinates":[[127.14623,37.48936],[127.14681,37.48921],[127.14742,37.49064],[127.14753,37.4909]]}},{"type":"Feature","properties":{"class":"alley","highway":"service","sidewalk":"unknown","lanes":0,"name":"","oneway":false},"geometry":{"type":"LineString","coordinates":[[127.14365,37.49046],[127.14421,37.4903],[127.14453,37.49021],[127.14495,37.49009]]}},{"type":"Feature","properties":{"class":"alley","highway":"service","sidewalk":"unknown","lanes":0,"name":"","oneway":false},"geometry":{"type":"LineString","coordinates":[[127.14406,37.48999],[127.14421,37.4903]]}},{"type":"Feature","properties":{"class":"alley","highway":"service","sidewalk":"unknown","lanes":0,"name":"","oneway":false},"geometry":{"type":"LineString","coordinates":[[127.14462,37.4918],[127.14453,37.49161],[127.14508,37.49143],[127.14498,37.49121],[127.14481,37.49084],[127.14466,37.49049],[127.14453,37.49021]]}},{"type":"Feature","properties":{"class":"alley","highway":"service","sidewalk":"unknown","lanes":0,"name":"","oneway":false},"geometry":{"type":"LineString","coordinates":[[127.14481,37.49084],[127.14538,37.49067]]}},{"type":"Feature","properties":{"class":"alley","highway":"service","sidewalk":"unknown","lanes":0,"name":"","oneway":false},"geometry":{"type":"LineString","coordinates":[[127.14456,37.49132],[127.14498,37.49121]]}},{"type":"Feature","properties":{"class":"alley","highway":"service","sidewalk":"unknown","lanes":0,"name":"","oneway":false},"geometry":{"type":"LineString","coordinates":[[127.14429,37.4906],[127.14466,37.49049]]}},{"type":"Feature","properties":{"class":"minor","highway":"residential","sidewalk":"unknown","lanes":1,"name":"양산로10길","oneway":true},"geometry":{"type":"LineString","coordinates":[[127.14438,37.49282],[127.14444,37.49279],[127.14516,37.49243],[127.14551,37.49224],[127.1458,37.49209],[127.14699,37.49147]]}},{"type":"Feature","properties":{"class":"minor","highway":"residential","sidewalk":"unknown","lanes":0,"name":"오금로64길","oneway":false},"geometry":{"type":"LineString","coordinates":[[127.14749,37.49291],[127.14748,37.49264],[127.14747,37.49247],[127.14744,37.49221],[127.14742,37.49201],[127.1474,37.49182],[127.14735,37.49178],[127.14731,37.49175],[127.14715,37.49161],[127.14713,37.49159],[127.14699,37.49147],[127.14677,37.49123]]}},{"type":"Feature","properties":{"class":"minor","highway":"residential","sidewalk":"unknown","lanes":0,"name":"양산로8길","oneway":true},"geometry":{"type":"LineString","coordinates":[[127.14524,37.49146],[127.1458,37.49209]]}},{"type":"Feature","properties":{"class":"alley","highway":"service","sidewalk":"unknown","lanes":0,"name":"","oneway":false},"geometry":{"type":"LineString","coordinates":[[127.14604,37.48942],[127.14619,37.4898],[127.14562,37.48995],[127.1456,37.48998],[127.14574,37.49024],[127.14567,37.49035],[127.14568,37.49045],[127.14576,37.49055],[127.14589,37.49053],[127.14601,37.4908],[127.14627,37.49074],[127.14639,37.49104],[127.14639,37.49117],[127.14639,37.49131]]}},{"type":"Feature","properties":{"class":"alley","highway":"service","sidewalk":"unknown","lanes":0,"name":"","oneway":false},"geometry":{"type":"LineString","coordinates":[[127.14619,37.4898],[127.14632,37.48976],[127.14639,37.48975],[127.14642,37.48976],[127.14646,37.48985]]}},{"type":"Feature","properties":{"class":"alley","highway":"service","sidewalk":"unknown","lanes":0,"name":"","oneway":false},"geometry":{"type":"LineString","coordinates":[[127.14678,37.4909],[127.14683,37.49106],[127.14659,37.49118],[127.14639,37.49117],[127.14611,37.49114]]}},{"type":"Feature","properties":{"class":"alley","highway":"service","sidewalk":"unknown","lanes":0,"name":"","oneway":false},"geometry":{"type":"LineString","coordinates":[[127.14682,37.48995],[127.14693,37.48992],[127.14697,37.48993],[127.14712,37.49023],[127.14669,37.49035],[127.14665,37.49035],[127.1467,37.49051],[127.14719,37.49038],[127.14712,37.49023]]}},{"type":"Feature","properties":{"class":"alley","highway":"service","sidewalk":"unknown","lanes":0,"name":"","oneway":false},"geometry":{"type":"LineString","coordinates":[[127.14627,37.49074],[127.14643,37.49065],[127.14664,37.49055],[127.1467,37.49051]]}},{"type":"Feature","properties":{"class":"minor","highway":"residential","sidewalk":"unknown","lanes":0,"name":"양산로","oneway":false},"geometry":{"type":"LineString","coordinates":[[127.14321,37.49023],[127.1431,37.49028],[127.1425,37.49042]]}},{"type":"Feature","properties":{"class":"minor","highway":"residential","sidewalk":"unknown","lanes":0,"name":"","oneway":false},"geometry":{"type":"LineString","coordinates":[[127.15052,37.49116],[127.15051,37.49115],[127.1504,37.49103],[127.15024,37.49087]]}},{"type":"Feature","properties":{"class":"minor","highway":"residential","sidewalk":"unknown","lanes":0,"name":"오금로64다길","oneway":false},"geometry":{"type":"LineString","coordinates":[[127.14801,37.49164],[127.14742,37.49201]]}},{"type":"Feature","properties":{"class":"minor","highway":"residential","sidewalk":"unknown","lanes":0,"name":"오금로64라길","oneway":false},"geometry":{"type":"LineString","coordinates":[[127.14778,37.49144],[127.14735,37.49178]]}},{"type":"Feature","properties":{"class":"minor","highway":"residential","sidewalk":"unknown","lanes":0,"name":"오금로64마길","oneway":false},"geometry":{"type":"LineString","coordinates":[[127.14713,37.49159],[127.14754,37.49128],[127.14811,37.49084],[127.14871,37.49038]]}},{"type":"Feature","properties":{"class":"minor","highway":"residential","sidewalk":"unknown","lanes":0,"name":"오금로68길","oneway":false},"geometry":{"type":"LineString","coordinates":[[127.14951,37.49119],[127.14916,37.49077],[127.14892,37.49055],[127.14871,37.49038],[127.14846,37.49018]]}},{"type":"Feature","properties":{"class":"minor","highway":"residential","sidewalk":"unknown","lanes":0,"name":"양산로8길","oneway":false},"geometry":{"type":"LineString","coordinates":[[127.148,37.49063],[127.14804,37.49059],[127.14846,37.49018]]}},{"type":"Feature","properties":{"class":"minor","highway":"residential","sidewalk":"unknown","lanes":0,"name":"오금로66길","oneway":false},"geometry":{"type":"LineString","coordinates":[[127.14829,37.49269],[127.14872,37.49248],[127.15001,37.49184]]}},{"type":"Feature","properties":{"class":"alley","highway":"pedestrian","sidewalk":"unknown","lanes":0,"name":"위례휴먼링 보행자전용도로","oneway":false},"geometry":{"type":"LineString","coordinates":[[127.13816,37.47858],[127.13822,37.47869],[127.13828,37.47882],[127.13836,37.47896],[127.13852,37.47919],[127.13864,37.47936],[127.13866,37.47938],[127.13867,37.4794],[127.13867,37.47941],[127.13877,37.47958],[127.13887,37.47976],[127.13893,37.47988],[127.13907,37.48007],[127.13909,37.4801],[127.13911,37.48012],[127.13918,37.48024],[127.13938,37.48053],[127.13964,37.48094],[127.13973,37.4811],[127.13987,37.48139],[127.14009,37.48188]]}},{"type":"Feature","properties":{"class":"alley","highway":"pedestrian","sidewalk":"unknown","lanes":0,"name":"","oneway":false},"geometry":{"type":"LineString","coordinates":[[127.14294,37.47834],[127.14296,37.47859],[127.14298,37.47894],[127.143,37.47926],[127.14302,37.47954],[127.14304,37.47982],[127.14304,37.47993],[127.14306,37.4802],[127.14307,37.48036],[127.14309,37.48067],[127.14309,37.48071]]}},{"type":"Feature","properties":{"class":"alley","highway":"service","sidewalk":"unknown","lanes":0,"name":"","oneway":false},"geometry":{"type":"LineString","coordinates":[[127.14285,37.48146],[127.14284,37.48136],[127.14283,37.48121]]}},{"type":"Feature","properties":{"class":"alley","highway":"service","sidewalk":"unknown","lanes":0,"name":"","oneway":false},"geometry":{"type":"LineString","coordinates":[[127.14283,37.48121],[127.14283,37.48114]]}},{"type":"Feature","properties":{"class":"alley","highway":"service","sidewalk":"unknown","lanes":0,"name":"","oneway":false},"geometry":{"type":"LineString","coordinates":[[127.14191,37.48091],[127.14202,37.48091],[127.14234,37.4809]]}},{"type":"Feature","properties":{"class":"alley","highway":"service","sidewalk":"unknown","lanes":0,"name":"","oneway":false},"geometry":{"type":"LineString","coordinates":[[127.14449,37.48106],[127.14437,37.48106],[127.14428,37.48107]]}},{"type":"Feature","properties":{"class":"alley","highway":"pedestrian","sidewalk":"unknown","lanes":0,"name":"위례휴먼링 보행자전용도로","oneway":false},"geometry":{"type":"LineString","coordinates":[[127.14712,37.47831],[127.14715,37.47843],[127.1472,37.47899],[127.14725,37.4793],[127.14727,37.47994],[127.14731,37.48038],[127.14735,37.48067],[127.14737,37.48098],[127.14737,37.48098],[127.14743,37.48179]]}},{"type":"Feature","properties":{"class":"minor","highway":"residential","sidewalk":"unknown","lanes":0,"name":"위례대로4길","oneway":false},"geometry":{"type":"LineString","coordinates":[[127.1476,37.48096],[127.14777,37.48095],[127.14797,37.48095],[127.14903,37.4809],[127.14916,37.4809],[127.14928,37.48089],[127.14984,37.48087],[127.15071,37.48084],[127.15084,37.48083],[127.15132,37.48081],[127.15144,37.48081],[127.15162,37.48081],[127.15171,37.48078],[127.15171,37.48076],[127.15194,37.47982]]}},{"type":"Feature","properties":{"class":"minor","highway":"residential","sidewalk":"unknown","lanes":0,"name":"위례대로2길","oneway":false},"geometry":{"type":"LineString","coordinates":[[127.14767,37.47916],[127.14785,37.47916],[127.14817,37.47914],[127.14886,37.47912],[127.14904,37.47911],[127.14905,37.47925],[127.14906,37.47943],[127.14907,37.47958],[127.14912,37.48038],[127.14913,37.48053],[127.14915,37.48082],[127.14916,37.4809]]}},{"type":"Feature","properties":{"class":"alley","highway":"service","sidewalk":"unknown","lanes":0,"name":"","oneway":false},"geometry":{"type":"LineString","coordinates":[[127.14194,37.4815],[127.14188,37.4815],[127.14184,37.4815],[127.14154,37.48152]]}},{"type":"Feature","properties":{"class":"alley","highway":"service","sidewalk":"unknown","lanes":0,"name":"","oneway":false},"geometry":{"type":"LineString","coordinates":[[127.14154,37.48152],[127.14122,37.48153]]}},{"type":"Feature","properties":{"class":"alley","highway":"service","sidewalk":"unknown","lanes":0,"name":"","oneway":false},"geometry":{"type":"LineString","coordinates":[[127.15132,37.48081],[127.15133,37.48075],[127.15138,37.48034]]}},{"type":"Feature","properties":{"class":"alley","highway":"service","sidewalk":"unknown","lanes":0,"name":"","oneway":false},"geometry":{"type":"LineString","coordinates":[[127.14984,37.48087],[127.14985,37.48079],[127.14986,37.48069],[127.14987,37.4806]]}},{"type":"Feature","properties":{"class":"alley","highway":"service","sidewalk":"unknown","lanes":0,"name":"","oneway":false},"geometry":{"type":"LineString","coordinates":[[127.15138,37.48034],[127.1515,37.48034],[127.15152,37.47999],[127.15129,37.47999],[127.15127,37.48034],[127.15138,37.48034]]}},{"type":"Feature","properties":{"class":"alley","highway":"service","sidewalk":"unknown","lanes":0,"name":"","oneway":false},"geometry":{"type":"LineString","coordinates":[[127.15171,37.48076],[127.15176,37.48076],[127.15183,37.48076],[127.15201,37.48075],[127.15239,37.48073],[127.15254,37.48073],[127.15261,37.48072],[127.15302,37.4807],[127.15306,37.48071],[127.15309,37.48073],[127.15309,37.48075],[127.15314,37.48137],[127.1532,37.48229],[127.15317,37.48232],[127.15312,37.48235],[127.15306,37.48237],[127.15294,37.48237],[127.15288,37.48235],[127.15284,37.48232],[127.15283,37.48228],[127.15282,37.48215],[127.15281,37.48213],[127.15271,37.48206],[127.1527,37.48182],[127.15268,37.48161],[127.15261,37.48072]]}},{"type":"Feature","properties":{"class":"alley","highway":"service","sidewalk":"unknown","lanes":0,"name":"","oneway":false},"geometry":{"type":"LineString","coordinates":[[127.15239,37.48073],[127.1524,37.48094]]}},{"type":"Feature","properties":{"class":"alley","highway":"service","sidewalk":"unknown","lanes":0,"name":"","oneway":false},"geometry":{"type":"LineString","coordinates":[[127.15183,37.48076],[127.15184,37.48112]]}},{"type":"Feature","properties":{"class":"alley","highway":"service","sidewalk":"unknown","lanes":0,"name":"","oneway":false},"geometry":{"type":"LineString","coordinates":[[127.15271,37.48206],[127.15268,37.48209],[127.15263,37.48211],[127.15198,37.48213],[127.15193,37.48213],[127.1519,37.48212],[127.15188,37.4821],[127.15187,37.48208],[127.15182,37.48149],[127.15181,37.48146],[127.15178,37.48145],[127.15176,37.48144],[127.15148,37.48144],[127.15145,37.48092],[127.15144,37.48088],[127.15144,37.48086],[127.15144,37.48081]]}},{"type":"Feature","properties":{"class":"alley","highway":"service","sidewalk":"unknown","lanes":0,"name":"","oneway":false},"geometry":{"type":"LineString","coordinates":[[127.15071,37.48084],[127.15071,37.48092],[127.15074,37.48134],[127.15093,37.48133],[127.1513,37.48133],[127.15132,37.4818],[127.15128,37.48181]]}},{"type":"Feature","properties":{"class":"alley","highway":"service","sidewalk":"unknown","lanes":0,"name":"","oneway":false},"geometry":{"type":"LineString","coordinates":[[127.15268,37.48161],[127.15234,37.48163]]}},{"type":"Feature","properties":{"class":"alley","highway":"service","sidewalk":"unknown","lanes":0,"name":"","oneway":false},"geometry":{"type":"LineString","coordinates":[[127.1527,37.48182],[127.15243,37.48183]]}},{"type":"Feature","properties":{"class":"alley","highway":"service","sidewalk":"unknown","lanes":0,"name":"","oneway":false},"geometry":{"type":"LineString","coordinates":[[127.15314,37.48137],[127.15364,37.48135],[127.15367,37.48136],[127.1537,37.48137],[127.15375,37.48142]]}},{"type":"Feature","properties":{"class":"alley","highway":"service","sidewalk":"unknown","lanes":0,"name":"","oneway":false},"geometry":{"type":"LineString","coordinates":[[127.15254,37.48073],[127.15252,37.48053]]}},{"type":"Feature","properties":{"class":"alley","highway":"service","sidewalk":"unknown","lanes":0,"name":"","oneway":false},"geometry":{"type":"LineString","coordinates":[[127.15201,37.48075],[127.152,37.4806]]}},{"type":"Feature","properties":{"class":"alley","highway":"service","sidewalk":"unknown","lanes":0,"name":"","oneway":false},"geometry":{"type":"LineString","coordinates":[[127.15074,37.48134],[127.15069,37.48134],[127.15067,37.48134],[127.15065,37.48134]]}},{"type":"Feature","properties":{"class":"alley","highway":"service","sidewalk":"unknown","lanes":0,"name":"","oneway":false},"geometry":{"type":"LineString","coordinates":[[127.14912,37.48038],[127.14921,37.48037],[127.1493,37.48037],[127.14938,37.48037]]}},{"type":"Feature","properties":{"class":"alley","highway":"service","sidewalk":"unknown","lanes":0,"name":"","oneway":false},"geometry":{"type":"LineString","coordinates":[[127.14938,37.48029],[127.14938,37.48037],[127.14938,37.48072]]}},{"type":"Feature","properties":{"class":"alley","highway":"service","sidewalk":"unknown","lanes":0,"name":"","oneway":false},"geometry":{"type":"LineString","coordinates":[[127.14916,37.4809],[127.14916,37.48097],[127.14917,37.48107],[127.14917,37.4811],[127.14918,37.4812]]}},{"type":"Feature","properties":{"class":"alley","highway":"service","sidewalk":"unknown","lanes":0,"name":"","oneway":false},"geometry":{"type":"LineString","coordinates":[[127.14918,37.4812],[127.14919,37.48136]]}},{"type":"Feature","properties":{"class":"alley","highway":"service","sidewalk":"unknown","lanes":0,"name":"","oneway":true},"geometry":{"type":"LineString","coordinates":[[127.14913,37.48053],[127.14903,37.48048],[127.14894,37.48044],[127.14889,37.48038],[127.14887,37.48027]]}},{"type":"Feature","properties":{"class":"alley","highway":"service","sidewalk":"unknown","lanes":0,"name":"","oneway":true},"geometry":{"type":"LineString","coordinates":[[127.14887,37.48027],[127.14887,37.48015]]}},{"type":"Feature","properties":{"class":"alley","highway":"service","sidewalk":"unknown","lanes":0,"name":"","oneway":true},"geometry":{"type":"LineString","coordinates":[[127.14894,37.48044],[127.14891,37.48012],[127.14886,37.48006],[127.14885,37.47992]]}},{"type":"Feature","properties":{"class":"minor","highway":"residential","sidewalk":"unknown","lanes":0,"name":"성내천로35길","oneway":false},"geometry":{"type":"LineString","coordinates":[[127.15633,37.49836],[127.15625,37.4984],[127.15572,37.4987],[127.15506,37.49906]]}},{"type":"Feature","properties":{"class":"minor","highway":"residential","sidewalk":"unknown","lanes":0,"name":"성내천로43마길","oneway":false},"geometry":{"type":"LineString","coordinates":[[127.15579,37.49783],[127.15587,37.49738],[127.15595,37.49723],[127.1567,37.49646],[127.15704,37.49622]]}},{"type":"Feature","properties":{"class":"minor","highway":"residential","sidewalk":"unknown","lanes":0,"name":"","oneway":false},"geometry":{"type":"LineString","coordinates":[[127.15633,37.49836],[127.15604,37.49828],[127.15578,37.49825],[127.15578,37.49797],[127.15578,37.49789]]}},{"type":"Feature","properties":{"class":"minor","highway":"residential","sidewalk":"unknown","lanes":0,"name":"성내천로43바길","oneway":false},"geometry":{"type":"LineString","coordinates":[[127.15771,37.49452],[127.15789,37.49395],[127.15795,37.49378],[127.15801,37.49365],[127.15805,37.49355],[127.15826,37.4933],[127.15882,37.49275],[127.15883,37.4927]]}},{"type":"Feature","properties":{"class":"minor","highway":"residential","sidewalk":"unknown","lanes":0,"name":"","oneway":false},"geometry":{"type":"LineString","coordinates":[[127.14454,37.49736],[127.14481,37.49719]]}},{"type":"Feature","properties":{"class":"minor","highway":"residential","sidewalk":"unknown","lanes":0,"name":"거마로9길","oneway":false},"geometry":{"type":"LineString","coordinates":[[127.14307,37.49747],[127.14366,37.49799]]}},{"type":"Feature","properties":{"class":"minor","highway":"residential","sidewalk":"unknown","lanes":0,"name":"거마로9길","oneway":false},"geometry":{"type":"LineString","coordinates":[[127.14246,37.49693],[127.14246,37.49725],[127.14286,37.49761],[127.14323,37.49794],[127.14342,37.49798],[127.14348,37.49803],[127.14353,37.49809]]}},{"type":"Feature","properties":{"class":"minor","highway":"residential","sidewalk":"unknown","lanes":0,"name":"거마로9길","oneway":false},"geometry":{"type":"LineString","coordinates":[[127.1431,37.49745],[127.14249,37.49691]]}},{"type":"Feature","properties":{"class":"minor","highway":"residential","sidewalk":"unknown","lanes":0,"name":"거마로7길","oneway":false},"geometry":{"type":"LineString","coordinates":[[127.14407,37.49495],[127.14459,37.49543]]}},{"type":"Feature","properties":{"class":"minor","highway":"residential","sidewalk":"unknown","lanes":0,"name":"거마로7길","oneway":false},"geometry":{"type":"LineString","coordinates":[[127.14384,37.49513],[127.14407,37.49495],[127.14428,37.4948],[127.14481,37.49527]]}},{"type":"Feature","properties":{"class":"minor","highway":"residential","sidewalk":"unknown","lanes":0,"name":"거마로3길","oneway":false},"geometry":{"type":"LineString","coordinates":[[127.14368,37.49499],[127.14326,37.49456]]}},{"type":"Feature","properties":{"class":"alley","highway":"service","sidewalk":"unknown","lanes":0,"name":"오금로57길","oneway":false},"geometry":{"type":"LineString","coordinates":[[127.14299,37.4951],[127.14264,37.49528],[127.14255,37.49532],[127.14237,37.49541],[127.14194,37.4956],[127.1417,37.49572]]}},{"type":"Feature","properties":{"class":"minor","highway":"residential","sidewalk":"unknown","lanes":0,"name":"거마로2길","oneway":false},"geometry":{"type":"LineString","coordinates":[[127.14898,37.49329],[127.14918,37.49315],[127.14928,37.49309],[127.14931,37.49303],[127.14931,37.49302],[127.14932,37.49284]]}},{"type":"Feature","properties":{"class":"minor","highway":"residential","sidewalk":"unknown","lanes":0,"name":"오금로62길","oneway":false},"geometry":{"type":"LineString","coordinates":[[127.146,37.49295],[127.14599,37.49253]]}},{"type":"Feature","properties":{"class":"minor","highway":"residential","sidewalk":"unknown","lanes":0,"name":"오금로66길","oneway":false},"geometry":{"type":"LineString","coordinates":[[127.14845,37.49216],[127.14872,37.49248]]}},{"type":"Feature","properties":{"class":"minor","highway":"residential","sidewalk":"unknown","lanes":0,"name":"오금로64다길","oneway":false},"geometry":{"type":"LineString","coordinates":[[127.14801,37.49164],[127.14778,37.49144]]}},{"type":"Feature","properties":{"class":"minor","highway":"residential","sidewalk":"unknown","lanes":0,"name":"오금로64라길","oneway":false},"geometry":{"type":"LineString","coordinates":[[127.14778,37.49144],[127.14754,37.49128]]}},{"type":"Feature","properties":{"class":"minor","highway":"residential","sidewalk":"unknown","lanes":0,"name":"오금로64나길","oneway":false},"geometry":{"type":"LineString","coordinates":[[127.14818,37.49184],[127.14801,37.49164]]}},{"type":"Feature","properties":{"class":"minor","highway":"residential","sidewalk":"unknown","lanes":0,"name":"오금로64라길","oneway":false},"geometry":{"type":"LineString","coordinates":[[127.14811,37.49084],[127.14833,37.49101]]}},{"type":"Feature","properties":{"class":"minor","highway":"residential","sidewalk":"unknown","lanes":0,"name":"오금로64다길","oneway":false},"geometry":{"type":"LineString","coordinates":[[127.14833,37.49101],[127.14856,37.4912]]}},{"type":"Feature","properties":{"class":"minor","highway":"residential","sidewalk":"unknown","lanes":0,"name":"문정로","oneway":false},"geometry":{"type":"LineString","coordinates":[[127.14166,37.49981],[127.14168,37.49986],[127.14189,37.50028],[127.14193,37.50036],[127.14209,37.50071],[127.14214,37.50082],[127.14225,37.50102],[127.14246,37.50148],[127.14252,37.5016],[127.14265,37.50188],[127.14271,37.50197]]}},{"type":"Feature","properties":{"class":"minor","highway":"residential","sidewalk":"unknown","lanes":0,"name":"","oneway":false},"geometry":{"type":"LineString","coordinates":[[127.14145,37.4994],[127.14161,37.49971],[127.14166,37.49981]]}},{"type":"Feature","properties":{"class":"minor","highway":"residential","sidewalk":"unknown","lanes":0,"name":"오금로51길","oneway":false},"geometry":{"type":"LineString","coordinates":[[127.14207,37.49948],[127.14209,37.49955],[127.14248,37.50035],[127.14266,37.50071]]}},{"type":"Feature","properties":{"class":"minor","highway":"residential","sidewalk":"unknown","lanes":0,"name":"","oneway":false},"geometry":{"type":"LineString","coordinates":[[127.14194,37.49923],[127.14207,37.49948]]}},{"type":"Feature","properties":{"class":"minor","highway":"residential","sidewalk":"unknown","lanes":0,"name":"성내천로","oneway":false},"geometry":{"type":"LineString","coordinates":[[127.15335,37.49957],[127.15318,37.49931]]}},{"type":"Feature","properties":{"class":"minor","highway":"residential","sidewalk":"unknown","lanes":0,"name":"성내천로33길","oneway":false},"geometry":{"type":"LineString","coordinates":[[127.1528,37.49985],[127.15335,37.49957]]}},{"type":"Feature","properties":{"class":"minor","highway":"residential","sidewalk":"unknown","lanes":0,"name":"성내천로43마길","oneway":false},"geometry":{"type":"LineString","coordinates":[[127.15704,37.49622],[127.1571,37.49619],[127.15724,37.49602],[127.15729,37.49586]]}},{"type":"Feature","properties":{"class":"minor","highway":"residential","sidewalk":"unknown","lanes":0,"name":"성내천로43바길","oneway":false},"geometry":{"type":"LineString","coordinates":[[127.15771,37.49452],[127.15712,37.49488],[127.15692,37.49501],[127.15687,37.49511],[127.15704,37.49562],[127.15716,37.49579],[127.15729,37.49586]]}},{"type":"Feature","properties":{"class":"minor","highway":"residential","sidewalk":"unknown","lanes":0,"name":"","oneway":false},"geometry":{"type":"LineString","coordinates":[[127.15729,37.49586],[127.15758,37.49495],[127.15771,37.49452]]}},{"type":"Feature","properties":{"class":"minor","highway":"residential","sidewalk":"unknown","lanes":0,"name":"성내천로43나길","oneway":false},"geometry":{"type":"LineString","coordinates":[[127.15603,37.49553],[127.15596,37.4957],[127.15569,37.49614]]}},{"type":"Feature","properties":{"class":"minor","highway":"residential","sidewalk":"unknown","lanes":0,"name":"","oneway":false},"geometry":{"type":"LineString","coordinates":[[127.15771,37.49635],[127.15809,37.49642],[127.15837,37.49648]]}},{"type":"Feature","properties":{"class":"minor","highway":"residential","sidewalk":"unknown","lanes":0,"name":"성내천로43라길","oneway":false},"geometry":{"type":"LineString","coordinates":[[127.1564,37.49567],[127.15634,37.49587],[127.15541,37.49714]]}},{"type":"Feature","properties":{"class":"minor","highway":"residential","sidewalk":"unknown","lanes":0,"name":"성내천로43길","oneway":false},"geometry":{"type":"LineString","coordinates":[[127.15487,37.49505],[127.15538,37.49525],[127.15551,37.49532],[127.15603,37.49553],[127.1564,37.49567],[127.15729,37.49586]]}},{"type":"Feature","properties":{"class":"minor","highway":"residential","sidewalk":"unknown","lanes":0,"name":"성내천로55길","oneway":false},"geometry":{"type":"LineString","coordinates":[[127.15713,37.49193],[127.15708,37.49211],[127.15709,37.49214]]}},{"type":"Feature","properties":{"class":"minor","highway":"residential","sidewalk":"unknown","lanes":0,"name":"성내천로55길","oneway":false},"geometry":{"type":"LineString","coordinates":[[127.15658,37.49202],[127.15709,37.49214],[127.15821,37.49242],[127.15862,37.4923]]}},{"type":"Feature","properties":{"class":"minor","highway":"residential","sidewalk":"unknown","lanes":0,"name":"성내천로57길","oneway":false},"geometry":{"type":"LineString","coordinates":[[127.15717,37.49171],[127.15713,37.49193]]}},{"type":"Feature","properties":{"class":"minor","highway":"residential","sidewalk":"unknown","lanes":0,"name":"성내천로","oneway":false},"geometry":{"type":"LineString","coordinates":[[127.1571,37.49127],[127.1572,37.4914],[127.15717,37.49171]]}},{"type":"Feature","properties":{"class":"minor","highway":"residential","sidewalk":"unknown","lanes":0,"name":"성내천로57길","oneway":false},"geometry":{"type":"LineString","coordinates":[[127.15667,37.49187],[127.1571,37.4919],[127.15713,37.49193],[127.1572,37.49195],[127.15727,37.49195],[127.15739,37.492],[127.15752,37.49204],[127.15764,37.49207],[127.15778,37.49207],[127.158,37.49205],[127.15823,37.49206],[127.15839,37.49207],[127.1585,37.49206]]}},{"type":"Feature","properties":{"class":"minor","highway":"residential","sidewalk":"unknown","lanes":0,"name":"성내천로59길","oneway":false},"geometry":{"type":"LineString","coordinates":[[127.15717,37.49171],[127.1568,37.49167]]}},{"type":"Feature","properties":{"class":"minor","highway":"residential","sidewalk":"unknown","lanes":0,"name":"거마로","oneway":false},"geometry":{"type":"LineString","coordinates":[[127.14703,37.49807],[127.14685,37.49813],[127.14675,37.49815]]}},{"type":"Feature","properties":{"class":"minor","highway":"residential","sidewalk":"unknown","lanes":0,"name":"마천로51길","oneway":false},"geometry":{"type":"LineString","coordinates":[[127.15179,37.4965],[127.15188,37.49643],[127.15188,37.49626],[127.15143,37.49595]]}},{"type":"Feature","properties":{"class":"alley","highway":"service","sidewalk":"unknown","lanes":0,"name":"","oneway":false},"geometry":{"type":"LineString","coordinates":[[127.14598,37.48879],[127.1464,37.48865]]}},{"type":"Feature","properties":{"class":"alley","highway":"service","sidewalk":"unknown","lanes":0,"name":"","oneway":false},"geometry":{"type":"LineString","coordinates":[[127.14646,37.48985],[127.14653,37.48999],[127.14658,37.49],[127.14682,37.48995],[127.14676,37.48982],[127.14671,37.4898]]}},{"type":"Feature","properties":{"class":"alley","highway":"service","sidewalk":"unknown","lanes":0,"name":"","oneway":false},"geometry":{"type":"LineString","coordinates":[[127.14671,37.4898],[127.14646,37.48985]]}},{"type":"Feature","properties":{"class":"alley","highway":"service","sidewalk":"unknown","lanes":0,"name":"","oneway":false},"geometry":{"type":"LineString","coordinates":[[127.14464,37.48899],[127.14508,37.48886]]}},{"type":"Feature","properties":{"class":"minor","highway":"residential","sidewalk":"unknown","lanes":2,"name":"위례대로6길","oneway":false},"geometry":{"type":"LineString","coordinates":[[127.15334,37.48504],[127.15346,37.48496],[127.15359,37.48491],[127.1538,37.48485],[127.15397,37.48481],[127.15399,37.48481],[127.15416,37.48479],[127.15438,37.48479],[127.15475,37.4848],[127.15508,37.4848],[127.15523,37.48478],[127.15543,37.48476],[127.15632,37.48459],[127.1564,37.48457],[127.1566,37.48454],[127.15692,37.48448],[127.1574,37.48439],[127.15771,37.48438],[127.15795,37.4844],[127.1583,37.48446],[127.15862,37.48458],[127.15894,37.48476],[127.15983,37.48527],[127.15989,37.4853],[127.16063,37.48573],[127.16064,37.48574]]}},{"type":"Feature","properties":{"class":"minor","highway":"residential","sidewalk":"unknown","lanes":0,"name":"위례학암로","oneway":false},"geometry":{"type":"LineString","coordinates":[[127.15841,37.48831],[127.1585,37.48821],[127.15882,37.48785],[127.15949,37.48715],[127.15968,37.48693],[127.15983,37.48676],[127.16064,37.48574]]}},{"type":"Feature","properties":{"class":"minor","highway":"residential","sidewalk":"unknown","lanes":0,"name":"","oneway":false},"geometry":{"type":"LineString","coordinates":[[127.15206,37.48638],[127.15198,37.48647],[127.15194,37.48651],[127.15185,37.48663],[127.15163,37.48689]]}},{"type":"Feature","properties":{"class":"minor","highway":"residential","sidewalk":"unknown","lanes":0,"name":"위례북로","oneway":false},"geometry":{"type":"LineString","coordinates":[[127.15219,37.48909],[127.15234,37.48917],[127.15422,37.49019],[127.15435,37.49026],[127.15447,37.49033],[127.15576,37.49107],[127.15593,37.49116]]}},{"type":"Feature","properties":{"class":"major","highway":"secondary","sidewalk":"likely","lanes":0,"name":"위례송파로","oneway":false},"geometry":{"type":"LineString","coordinates":[[127.14127,37.4852],[127.14141,37.4852],[127.14161,37.48518]]}},{"type":"Feature","properties":{"class":"minor","highway":"residential","sidewalk":"unknown","lanes":0,"name":"위례학암로14번길","oneway":false},"geometry":{"type":"LineString","coordinates":[[127.15583,37.48851],[127.15595,37.48838],[127.15602,37.4883],[127.1568,37.48743],[127.15719,37.487],[127.15746,37.48714],[127.15802,37.48743],[127.15873,37.4878],[127.15874,37.48781],[127.15882,37.48785]]}},{"type":"Feature","properties":{"class":"minor","highway":"residential","sidewalk":"unknown","lanes":4,"name":"성내천로","oneway":false},"geometry":{"type":"LineString","coordinates":[[127.15732,37.49105],[127.15745,37.49104],[127.15787,37.49074],[127.1581,37.4905],[127.15838,37.49003],[127.15848,37.48989]]}},{"type":"Feature","properties":{"class":"major","highway":"primary","sidewalk":"likely","lanes":0,"name":"위례대로","oneway":true},"geometry":{"type":"LineString","coordinates":[[127.1587,37.48992],[127.15926,37.49019],[127.15965,37.49053],[127.15999,37.49088],[127.16024,37.49127],[127.16042,37.49159],[127.16055,37.49192],[127.16063,37.49239],[127.16065,37.49289],[127.16057,37.49391],[127.16048,37.4951]]}},{"type":"Feature","properties":{"class":"major","highway":"primary","sidewalk":"likely","lanes":0,"name":"위례대로","oneway":true},"geometry":{"type":"LineString","coordinates":[[127.16033,37.49511],[127.16044,37.49391],[127.16051,37.49289],[127.16049,37.49241],[127.16036,37.49191],[127.16021,37.49156],[127.16004,37.49122],[127.15964,37.4907],[127.15939,37.49044],[127.15902,37.4902],[127.15859,37.49001]]}},{"type":"Feature","properties":{"class":"major","highway":"primary","sidewalk":"likely","lanes":0,"name":"위례대로","oneway":true},"geometry":{"type":"LineString","coordinates":[[127.15859,37.49001],[127.15814,37.48977]]}},{"type":"Feature","properties":{"class":"major","highway":"primary","sidewalk":"likely","lanes":0,"name":"위례대로","oneway":true},"geometry":{"type":"LineString","coordinates":[[127.15829,37.48966],[127.1587,37.48992]]}},{"type":"Feature","properties":{"class":"alley","highway":"service","sidewalk":"unknown","lanes":0,"name":"","oneway":false},"geometry":{"type":"LineString","coordinates":[[127.15841,37.48831],[127.15855,37.48838],[127.15871,37.48846],[127.15908,37.48866],[127.15917,37.48866],[127.15989,37.48781],[127.15945,37.48757],[127.15871,37.48846]]}},{"type":"Feature","properties":{"class":"alley","highway":"service","sidewalk":"unknown","lanes":0,"name":"위례북로4길","oneway":false},"geometry":{"type":"LineString","coordinates":[[127.15386,37.48722],[127.15375,37.48735],[127.15369,37.48742],[127.15365,37.48747],[127.15307,37.48815],[127.15298,37.48825],[127.15226,37.48901],[127.15223,37.48904],[127.15219,37.48909]]}},{"type":"Feature","properties":{"class":"minor","highway":"residential","sidewalk":"unknown","lanes":0,"name":"","oneway":false},"geometry":{"type":"LineString","coordinates":[[127.14897,37.4884],[127.14942,37.48863],[127.14961,37.48873],[127.14993,37.4889],[127.15018,37.48902],[127.15127,37.48965],[127.15156,37.48981]]}},{"type":"Feature","properties":{"class":"minor","highway":"residential","sidewalk":"unknown","lanes":0,"name":"위례북로3길","oneway":false},"geometry":{"type":"LineString","coordinates":[[127.15184,37.48995],[127.15215,37.48959],[127.15332,37.49021],[127.15443,37.49081],[127.15443,37.49092],[127.15425,37.49114],[127.15413,37.49123],[127.15368,37.49147],[127.15322,37.49171],[127.15279,37.49193],[127.15237,37.49216],[127.15215,37.49229],[127.15203,37.49233],[127.1519,37.49233]]}},{"type":"Feature","properties":{"class":"minor","highway":"residential","sidewalk":"unknown","lanes":0,"name":"","oneway":false},"geometry":{"type":"LineString","coordinates":[[127.15332,37.49021],[127.15299,37.49059],[127.15271,37.49093],[127.15244,37.49125]]}},{"type":"Feature","properties":{"class":"minor","highway":"residential","sidewalk":"unknown","lanes":0,"name":"위례북로1길","oneway":false},"geometry":{"type":"LineString","coordinates":[[127.14869,37.48873],[127.14964,37.48925],[127.15098,37.48998]]}},{"type":"Feature","properties":{"class":"minor","highway":"residential","sidewalk":"unknown","lanes":0,"name":"위례북로1길","oneway":false},"geometry":{"type":"LineString","coordinates":[[127.15102,37.49047],[127.15071,37.4903],[127.14934,37.48956],[127.14909,37.48942],[127.14842,37.48905],[127.14869,37.48873],[127.14897,37.4884],[127.14929,37.48802],[127.14976,37.48826],[127.14993,37.48836],[127.14961,37.48873]]}},{"type":"Feature","properties":{"class":"minor","highway":"residential","sidewalk":"unknown","lanes":0,"name":"위례북로3길","oneway":false},"geometry":{"type":"LineString","coordinates":[[127.15158,37.49079],[127.15141,37.49119],[127.15124,37.49153],[127.15109,37.49184],[127.15109,37.4919],[127.15112,37.49194],[127.15177,37.49229],[127.1519,37.49233]]}},{"type":"Feature","properties":{"class":"minor","highway":"residential","sidewalk":"unknown","lanes":0,"name":"","oneway":false},"geometry":{"type":"LineString","coordinates":[[127.15141,37.49119],[127.15279,37.49193]]}},{"type":"Feature","properties":{"class":"minor","highway":"residential","sidewalk":"unknown","lanes":0,"name":"","oneway":false},"geometry":{"type":"LineString","coordinates":[[127.15237,37.49216],[127.15124,37.49153]]}},{"type":"Feature","properties":{"class":"minor","highway":"residential","sidewalk":"unknown","lanes":0,"name":"","oneway":false},"geometry":{"type":"LineString","coordinates":[[127.15071,37.4903],[127.15098,37.48998],[127.15127,37.48965],[127.15143,37.48947],[127.15159,37.48929],[127.15049,37.48867],[127.15033,37.48885],[127.15018,37.48902]]}},{"type":"Feature","properties":{"class":"minor","highway":"residential","sidewalk":"unknown","lanes":0,"name":"","oneway":false},"geometry":{"type":"LineString","coordinates":[[127.15156,37.49029],[127.15271,37.49093],[127.15368,37.49147]]}},{"type":"Feature","properties":{"class":"minor","highway":"residential","sidewalk":"unknown","lanes":0,"name":"","oneway":false},"geometry":{"type":"LineString","coordinates":[[127.15435,37.49026],[127.15439,37.49021],[127.15443,37.49016],[127.15517,37.48929],[127.15577,37.48857],[127.15583,37.48851]]}},{"type":"Feature","properties":{"class":"major","highway":"tertiary","sidewalk":"likely","lanes":0,"name":"위례송파로1길","oneway":false},"geometry":{"type":"LineString","coordinates":[[127.14261,37.48844],[127.14248,37.48847],[127.1423,37.4885],[127.14224,37.48852],[127.13969,37.48856],[127.13856,37.48862],[127.13804,37.48857],[127.1377,37.48843],[127.13732,37.4881],[127.1371,37.48745],[127.13675,37.48559]]}},{"type":"Feature","properties":{"class":"major","highway":"tertiary","sidewalk":"likely","lanes":0,"name":"위례서이로","oneway":false},"geometry":{"type":"LineString","coordinates":[[127.14009,37.48274],[127.13986,37.48279],[127.1394,37.48288],[127.13868,37.48302],[127.13861,37.48304],[127.13804,37.48317],[127.13749,37.48333],[127.13738,37.48335],[127.13726,37.48337],[127.13699,37.48341],[127.13659,37.48345],[127.1365,37.48346],[127.13644,37.48347]]}},{"type":"Feature","properties":{"class":"minor","highway":"residential","sidewalk":"unknown","lanes":0,"name":"위례송파로3길","oneway":false},"geometry":{"type":"LineString","coordinates":[[127.14296,37.48649],[127.14272,37.48655],[127.14264,37.48653],[127.14258,37.4865],[127.14239,37.486],[127.14225,37.48565],[127.14222,37.48555],[127.14212,37.4853],[127.1421,37.48526],[127.14207,37.48516]]}},{"type":"Feature","properties":{"class":"major","highway":"primary","sidewalk":"yes","lanes":3,"name":"위례서로","oneway":true},"geometry":{"type":"LineString","coordinates":[[127.14127,37.4852],[127.14133,37.48535],[127.1414,37.4855],[127.14169,37.48617],[127.14189,37.4867],[127.14229,37.48768]]}},{"type":"Feature","properties":{"class":"major","highway":"primary","sidewalk":"yes","lanes":4,"name":"위례서로","oneway":true},"geometry":{"type":"LineString","coordinates":[[127.14006,37.48266],[127.13973,37.48189]]}},{"type":"Feature","properties":{"class":"major","highway":"primary","sidewalk":"yes","lanes":4,"name":"위례서로","oneway":true},"geometry":{"type":"LineString","coordinates":[[127.13988,37.48192],[127.1402,37.48267]]}},{"type":"Feature","properties":{"class":"alley","highway":"service","sidewalk":"unknown","lanes":0,"name":"","oneway":false},"geometry":{"type":"LineString","coordinates":[[127.14758,37.48433],[127.14761,37.48439],[127.14763,37.48444],[127.14766,37.4845],[127.14767,37.48451]]}},{"type":"Feature","properties":{"class":"alley","highway":"service","sidewalk":"unknown","lanes":0,"name":"","oneway":false},"geometry":{"type":"LineString","coordinates":[[127.14801,37.48679],[127.14804,37.48675],[127.14806,37.48674],[127.14808,37.48671],[127.1482,37.48657]]}},{"type":"Feature","properties":{"class":"alley","highway":"service","sidewalk":"unknown","lanes":0,"name":"","oneway":true},"geometry":{"type":"LineString","coordinates":[[127.1482,37.48657],[127.14821,37.4865],[127.14821,37.48645],[127.14822,37.4864],[127.1484,37.48621],[127.14843,37.4862],[127.14846,37.4862],[127.14852,37.48623],[127.14853,37.48625],[127.14853,37.48628],[127.14835,37.48649],[127.1482,37.48657]]}},{"type":"Feature","properties":{"class":"alley","highway":"service","sidewalk":"unknown","lanes":0,"name":"","oneway":false},"geometry":{"type":"LineString","coordinates":[[127.14831,37.48642],[127.14845,37.48626]]}},{"type":"Feature","properties":{"class":"alley","highway":"service","sidewalk":"unknown","lanes":0,"name":"","oneway":false},"geometry":{"type":"LineString","coordinates":[[127.1482,37.48657],[127.14825,37.48651],[127.14829,37.48645],[127.14831,37.48642]]}},{"type":"Feature","properties":{"class":"alley","highway":"service","sidewalk":"unknown","lanes":0,"name":"","oneway":false},"geometry":{"type":"LineString","coordinates":[[127.1482,37.48657],[127.14827,37.48659],[127.14832,37.48661],[127.14834,37.48662]]}},{"type":"Feature","properties":{"class":"major","highway":"tertiary","sidewalk":"likely","lanes":2,"name":"마천로","oneway":false},"geometry":{"type":"LineString","coordinates":[[127.15243,37.49304],[127.15231,37.49319],[127.15215,37.49338],[127.15199,37.49358],[127.15196,37.49361]]}},{"type":"Feature","properties":{"class":"major","highway":"primary","sidewalk":"likely","lanes":3,"name":"위례서로","oneway":true},"geometry":{"type":"LineString","coordinates":[[127.14112,37.48522],[127.14107,37.4851],[127.14031,37.48328]]}},{"type":"Feature","properties":{"class":"major","highway":"secondary","sidewalk":"likely","lanes":0,"name":"위례송파로","oneway":false},"geometry":{"type":"LineString","coordinates":[[127.13913,37.48532],[127.13982,37.48528],[127.14097,37.48522],[127.14112,37.48522]]}},{"type":"Feature","properties":{"class":"alley","highway":"service","sidewalk":"unknown","lanes":0,"name":"","oneway":false},"geometry":{"type":"LineString","coordinates":[[127.14321,37.48642],[127.14332,37.4864],[127.14382,37.48629],[127.1439,37.48627]]}},{"type":"Feature","properties":{"class":"alley","highway":"service","sidewalk":"unknown","lanes":0,"name":"","oneway":false},"geometry":{"type":"LineString","coordinates":[[127.1439,37.48627],[127.1441,37.48626]]}},{"type":"Feature","properties":{"class":"minor","highway":"residential","sidewalk":"unknown","lanes":0,"name":"위례북로1길","oneway":false},"geometry":{"type":"LineString","coordinates":[[127.15054,37.48818],[127.15048,37.48824],[127.15047,37.48826],[127.15045,37.48828],[127.15042,37.48831],[127.15039,37.48835],[127.14993,37.4889],[127.14964,37.48925],[127.14934,37.48956]]}},{"type":"Feature","properties":{"class":"minor","highway":"residential","sidewalk":"unknown","lanes":0,"name":"위례북로","oneway":false},"geometry":{"type":"LineString","coordinates":[[127.14592,37.48482],[127.14599,37.48493],[127.14602,37.48498],[127.14628,37.48546],[127.14637,37.48559],[127.14647,37.48571],[127.14658,37.48582],[127.14669,37.48592],[127.14686,37.48606],[127.14697,37.48614],[127.14791,37.48673],[127.14791,37.48673],[127.14792,37.48674],[127.14801,37.48679],[127.14824,37.48691],[127.14923,37.48746],[127.1493,37.4875],[127.14934,37.48752],[127.14938,37.48755],[127.14944,37.48758],[127.15037,37.48809],[127.15054,37.48818]]}},{"type":"Feature","properties":{"class":"alley","highway":"service","sidewalk":"unknown","lanes":0,"name":"","oneway":false},"geometry":{"type":"LineString","coordinates":[[127.15298,37.48825],[127.15292,37.48821],[127.15269,37.48806],[127.15267,37.48805],[127.15257,37.48799]]}},{"type":"Feature","properties":{"class":"alley","highway":"service","sidewalk":"unknown","lanes":0,"name":"","oneway":false},"geometry":{"type":"LineString","coordinates":[[127.15257,37.48799],[127.15237,37.48788]]}},{"type":"Feature","properties":{"class":"alley","highway":"service","sidewalk":"unknown","lanes":0,"name":"","oneway":false},"geometry":{"type":"LineString","coordinates":[[127.15267,37.48805],[127.15247,37.48801],[127.1523,37.48791],[127.15239,37.48781],[127.15259,37.48792],[127.15267,37.48805]]}},{"type":"Feature","properties":{"class":"alley","highway":"service","sidewalk":"unknown","lanes":0,"name":"","oneway":false},"geometry":{"type":"LineString","coordinates":[[127.15239,37.48781],[127.15227,37.48775],[127.15237,37.48763]]}},{"type":"Feature","properties":{"class":"alley","highway":"service","sidewalk":"unknown","lanes":0,"name":"","oneway":false},"geometry":{"type":"LineString","coordinates":[[127.15269,37.48806],[127.15261,37.48814],[127.15257,37.48819],[127.15246,37.48812]]}},{"type":"Feature","properties":{"class":"alley","highway":"service","sidewalk":"unknown","lanes":0,"name":"","oneway":false},"geometry":{"type":"LineString","coordinates":[[127.15359,37.48491],[127.1535,37.48485],[127.15344,37.48482],[127.15335,37.48475],[127.15333,37.48475],[127.15329,37.48473],[127.1532,37.4847],[127.15313,37.4847],[127.1531,37.4847],[127.15302,37.4847],[127.15277,37.48473],[127.1526,37.48475],[127.15253,37.48476],[127.15248,37.48476],[127.15242,37.4848],[127.15239,37.48484],[127.15238,37.48488],[127.1524,37.48496]]}},{"type":"Feature","properties":{"class":"alley","highway":"service","sidewalk":"unknown","lanes":0,"name":"","oneway":false},"geometry":{"type":"LineString","coordinates":[[127.15277,37.48473],[127.15277,37.4847],[127.15275,37.48461]]}},{"type":"Feature","properties":{"class":"alley","highway":"service","sidewalk":"unknown","lanes":0,"name":"","oneway":false},"geometry":{"type":"LineString","coordinates":[[127.15275,37.48461],[127.15274,37.48454],[127.15277,37.4845],[127.15282,37.48447],[127.1529,37.48446],[127.15296,37.48448],[127.15299,37.48452]]}},{"type":"Feature","properties":{"class":"alley","highway":"service","sidewalk":"unknown","lanes":0,"name":"","oneway":false},"geometry":{"type":"LineString","coordinates":[[127.1524,37.48496],[127.15244,37.48518]]}},{"type":"Feature","properties":{"class":"alley","highway":"service","sidewalk":"unknown","lanes":0,"name":"","oneway":true},"geometry":{"type":"LineString","coordinates":[[127.15386,37.4853],[127.15383,37.48532],[127.1538,37.48533],[127.15377,37.48534],[127.15374,37.48533],[127.15373,37.48533],[127.15369,37.48532],[127.15367,37.48529],[127.15366,37.48526],[127.15366,37.48523],[127.15367,37.4852],[127.15369,37.48518],[127.15371,37.48517],[127.15373,37.48516],[127.15377,37.48516],[127.1538,37.48516],[127.15384,37.48518],[127.15386,37.4852],[127.15388,37.48522],[127.15388,37.48525],[127.15388,37.48528],[127.15386,37.4853]]}},{"type":"Feature","properties":{"class":"alley","highway":"service","sidewalk":"unknown","lanes":0,"name":"","oneway":false},"geometry":{"type":"LineString","coordinates":[[127.15374,37.48533],[127.15371,37.48549]]}},{"type":"Feature","properties":{"class":"alley","highway":"service","sidewalk":"unknown","lanes":0,"name":"","oneway":false},"geometry":{"type":"LineString","coordinates":[[127.15359,37.48491],[127.15371,37.48517]]}},{"type":"Feature","properties":{"class":"alley","highway":"service","sidewalk":"unknown","lanes":0,"name":"","oneway":false},"geometry":{"type":"LineString","coordinates":[[127.1564,37.48457],[127.15644,37.48472],[127.15646,37.48477],[127.15645,37.48483]]}},{"type":"Feature","properties":{"class":"alley","highway":"service","sidewalk":"unknown","lanes":0,"name":"","oneway":false},"geometry":{"type":"LineString","coordinates":[[127.14451,37.48139],[127.14462,37.48139],[127.14463,37.48139],[127.14498,37.48141],[127.14513,37.4814],[127.1455,37.48139],[127.14555,37.48139],[127.14565,37.48137],[127.14572,37.48132]]}},{"type":"Feature","properties":{"class":"alley","highway":"service","sidewalk":"unknown","lanes":0,"name":"","oneway":false},"geometry":{"type":"LineString","coordinates":[[127.14513,37.4814],[127.14513,37.48144],[127.14514,37.48153],[127.14551,37.48152],[127.14559,37.48152]]}},{"type":"Feature","properties":{"class":"alley","highway":"service","sidewalk":"unknown","lanes":0,"name":"","oneway":false},"geometry":{"type":"LineString","coordinates":[[127.14551,37.48152],[127.1455,37.48142],[127.1455,37.48139]]}},{"type":"Feature","properties":{"class":"alley","highway":"service","sidewalk":"unknown","lanes":0,"name":"","oneway":false},"geometry":{"type":"LineString","coordinates":[[127.14572,37.48132],[127.14583,37.48124]]}},{"type":"Feature","properties":{"class":"alley","highway":"service","sidewalk":"unknown","lanes":0,"name":"","oneway":true},"geometry":{"type":"LineString","coordinates":[[127.15344,37.48482],[127.1533,37.48488],[127.1532,37.48492]]}},{"type":"Feature","properties":{"class":"alley","highway":"service","sidewalk":"unknown","lanes":0,"name":"","oneway":true},"geometry":{"type":"LineString","coordinates":[[127.1532,37.48492],[127.15314,37.48487],[127.15315,37.48479],[127.1532,37.4847]]}},{"type":"Feature","properties":{"class":"alley","highway":"service","sidewalk":"unknown","lanes":0,"name":"","oneway":false},"geometry":{"type":"LineString","coordinates":[[127.1532,37.48492],[127.15298,37.48506]]}},{"type":"Feature","properties":{"class":"minor","highway":"residential","sidewalk":"unknown","lanes":0,"name":"","oneway":false},"geometry":{"type":"LineString","coordinates":[[127.15026,37.49538],[127.15013,37.49528],[127.1501,37.49526],[127.14917,37.4946]]}},{"type":"Feature","properties":{"class":"minor","highway":"residential","sidewalk":"unknown","lanes":0,"name":"","oneway":false},"geometry":{"type":"LineString","coordinates":[[127.14772,37.49347],[127.14781,37.49357],[127.14817,37.49384],[127.14917,37.4946]]}},{"type":"Feature","properties":{"class":"alley","highway":"service","sidewalk":"unknown","lanes":0,"name":"","oneway":true},"geometry":{"type":"LineString","coordinates":[[127.14229,37.48768],[127.14238,37.48769],[127.1424,37.48769],[127.14243,37.48769],[127.14249,37.48767],[127.14257,37.48765],[127.14264,37.48763],[127.1427,37.48762],[127.14278,37.48759],[127.1428,37.48762]]}},{"type":"Feature","properties":{"class":"alley","highway":"service","sidewalk":"unknown","lanes":0,"name":"","oneway":true},"geometry":{"type":"LineString","coordinates":[[127.14249,37.48767],[127.1426,37.48792]]}},{"type":"Feature","properties":{"class":"alley","highway":"service","sidewalk":"unknown","lanes":0,"name":"","oneway":true},"geometry":{"type":"LineString","coordinates":[[127.14286,37.48778],[127.14288,37.48784],[127.1428,37.48787],[127.14275,37.48788],[127.14267,37.4879],[127.1426,37.48792],[127.14255,37.48793],[127.14251,37.48797],[127.14249,37.48798],[127.14244,37.48803]]}},{"type":"Feature","properties":{"class":"alley","highway":"service","sidewalk":"unknown","lanes":0,"name":"","oneway":true},"geometry":{"type":"LineString","coordinates":[[127.14257,37.48765],[127.14267,37.4879]]}},{"type":"Feature","properties":{"class":"alley","highway":"service","sidewalk":"unknown","lanes":0,"name":"","oneway":true},"geometry":{"type":"LineString","coordinates":[[127.14264,37.48763],[127.14275,37.48788]]}},{"type":"Feature","properties":{"class":"alley","highway":"service","sidewalk":"unknown","lanes":0,"name":"","oneway":true},"geometry":{"type":"LineString","coordinates":[[127.1427,37.48762],[127.1428,37.48787]]}},{"type":"Feature","properties":{"class":"alley","highway":"service","sidewalk":"unknown","lanes":0,"name":"","oneway":true},"geometry":{"type":"LineString","coordinates":[[127.1428,37.48762],[127.14286,37.48778]]}},{"type":"Feature","properties":{"class":"alley","highway":"service","sidewalk":"unknown","lanes":0,"name":"","oneway":false},"geometry":{"type":"LineString","coordinates":[[127.14801,37.48679],[127.14796,37.48684],[127.14795,37.48685],[127.14792,37.48688],[127.1479,37.48691],[127.14753,37.48731]]}},{"type":"Feature","properties":{"class":"minor","highway":"residential","sidewalk":"unknown","lanes":0,"name":"위례북로","oneway":false},"geometry":{"type":"LineString","coordinates":[[127.15054,37.48818],[127.15069,37.48826],[127.15134,37.48862],[127.15206,37.48902],[127.15219,37.48909]]}},{"type":"Feature","properties":{"class":"minor","highway":"residential","sidewalk":"unknown","lanes":0,"name":"위례북로3길","oneway":false},"geometry":{"type":"LineString","coordinates":[[127.15219,37.48909],[127.15215,37.48914],[127.15213,37.48915],[127.1521,37.48918],[127.15208,37.48921],[127.15203,37.48927],[127.15156,37.48981]]}},{"type":"Feature","properties":{"class":"minor","highway":"residential","sidewalk":"unknown","lanes":0,"name":"위례송파로5길","oneway":false},"geometry":{"type":"LineString","coordinates":[[127.1427,37.48513],[127.14274,37.48522],[127.14278,37.48531],[127.143,37.48589],[127.14319,37.48635],[127.14321,37.48642],[127.14312,37.48645],[127.14296,37.48649]]}},{"type":"Feature","properties":{"class":"alley","highway":"service","sidewalk":"unknown","lanes":0,"name":"","oneway":false},"geometry":{"type":"LineString","coordinates":[[127.15635,37.48718],[127.15626,37.48712],[127.15623,37.48708]]}},{"type":"Feature","properties":{"class":"alley","highway":"service","sidewalk":"unknown","lanes":0,"name":"","oneway":false},"geometry":{"type":"LineString","coordinates":[[127.15624,37.48704],[127.15624,37.48705],[127.15624,37.48705],[127.15624,37.48706],[127.15624,37.48707],[127.15623,37.48708],[127.15622,37.48708],[127.15621,37.48708],[127.1562,37.48708],[127.15619,37.48708],[127.15618,37.48707],[127.15618,37.48706],[127.15618,37.48705],[127.15618,37.48704],[127.15619,37.48704],[127.1562,37.48703],[127.15621,37.48703],[127.15622,37.48703],[127.15623,37.48703],[127.15624,37.48704]]}},{"type":"Feature","properties":{"class":"alley","highway":"service","sidewalk":"unknown","lanes":0,"name":"","oneway":false},"geometry":{"type":"LineString","coordinates":[[127.15619,37.48704],[127.15614,37.48698],[127.15609,37.48695]]}},{"type":"Feature","properties":{"class":"alley","highway":"service","sidewalk":"unknown","lanes":0,"name":"","oneway":false},"geometry":{"type":"LineString","coordinates":[[127.15609,37.48695],[127.15605,37.48693]]}},{"type":"Feature","properties":{"class":"major","highway":"primary","sidewalk":"likely","lanes":0,"name":"위례대로","oneway":true},"geometry":{"type":"LineString","coordinates":[[127.15814,37.48977],[127.15759,37.48946],[127.15748,37.4894]]}},{"type":"Feature","properties":{"class":"major","highway":"secondary","sidewalk":"likely","lanes":0,"name":"","oneway":false},"geometry":{"type":"LineString","coordinates":[[127.15645,37.49088],[127.15661,37.49076],[127.15666,37.49072],[127.15667,37.49069],[127.15678,37.49047],[127.15685,37.49028],[127.15688,37.49008],[127.15698,37.48989],[127.15715,37.48966],[127.15741,37.48945],[127.15748,37.4894]]}},{"type":"Feature","properties":{"class":"alley","highway":"service","sidewalk":"unknown","lanes":0,"name":"","oneway":true},"geometry":{"type":"LineString","coordinates":[[127.14423,37.49234],[127.14484,37.49203]]}},{"type":"Feature","properties":{"class":"major","highway":"primary","sidewalk":"yes","lanes":0,"name":"양산로","oneway":true},"geometry":{"type":"LineString","coordinates":[[127.14409,37.49243],[127.14398,37.49216]]}},{"type":"Feature","properties":{"class":"major","highway":"primary","sidewalk":"yes","lanes":6,"name":"양산로","oneway":true},"geometry":{"type":"LineString","coordinates":[[127.14433,37.49305],[127.14426,37.49287],[127.14418,37.49266]]}},{"type":"Feature","properties":{"class":"major","highway":"primary","sidewalk":"yes","lanes":0,"name":"양산로","oneway":true},"geometry":{"type":"LineString","coordinates":[[127.14418,37.49266],[127.14409,37.49243]]}},{"type":"Feature","properties":{"class":"alley","highway":"service","sidewalk":"unknown","lanes":1,"name":"양산로","oneway":true},"geometry":{"type":"LineString","coordinates":[[127.14498,37.4922],[127.14434,37.49257],[127.14429,37.4926],[127.14418,37.49266]]}},{"type":"Feature","properties":{"class":"alley","highway":"service","sidewalk":"unknown","lanes":0,"name":"마천로61나길","oneway":true},"geometry":{"type":"LineString","coordinates":[[127.15194,37.49438],[127.15233,37.49393],[127.1524,37.49386]]}},{"type":"Feature","properties":{"class":"minor","highway":"residential","sidewalk":"unknown","lanes":0,"name":"마천로61라길","oneway":false},"geometry":{"type":"LineString","coordinates":[[127.15394,37.49367],[127.15379,37.49381],[127.1536,37.49399],[127.15342,37.49416],[127.1533,37.49427]]}},{"type":"Feature","properties":{"class":"alley","highway":"living_street","sidewalk":"unknown","lanes":0,"name":"","oneway":false},"geometry":{"type":"LineString","coordinates":[[127.15379,37.49381],[127.15343,37.4936]]}},{"type":"Feature","properties":{"class":"alley","highway":"living_street","sidewalk":"unknown","lanes":0,"name":"","oneway":false},"geometry":{"type":"LineString","coordinates":[[127.15473,37.49384],[127.15481,37.49387],[127.15497,37.49395],[127.15503,37.49402],[127.15502,37.49409],[127.15497,37.4942]]}},{"type":"Feature","properties":{"class":"alley","highway":"service","sidewalk":"unknown","lanes":0,"name":"","oneway":false},"geometry":{"type":"LineString","coordinates":[[127.15481,37.49387],[127.15484,37.4937],[127.1549,37.49358],[127.15498,37.49348],[127.1551,37.49339],[127.15522,37.49328],[127.1555,37.49314],[127.1556,37.49307],[127.15567,37.49293]]}},{"type":"Feature","properties":{"class":"alley","highway":"service","sidewalk":"unknown","lanes":0,"name":"","oneway":false},"geometry":{"type":"LineString","coordinates":[[127.14767,37.48451],[127.14773,37.48466]]}},{"type":"Feature","properties":{"class":"alley","highway":"pedestrian","sidewalk":"unknown","lanes":0,"name":"","oneway":false},"geometry":{"type":"LineString","coordinates":[[127.14966,37.48571],[127.14963,37.48568],[127.14965,37.48566],[127.14967,37.48565],[127.14971,37.48564],[127.14974,37.48564],[127.14977,37.48566],[127.14979,37.48566],[127.14982,37.48566],[127.14984,37.48567],[127.14984,37.48568],[127.14984,37.48568],[127.14983,37.48569],[127.14979,37.48568],[127.14973,37.48568],[127.14969,37.48569],[127.14966,37.48571]]}},{"type":"Feature","properties":{"class":"alley","highway":"pedestrian","sidewalk":"unknown","lanes":0,"name":"","oneway":false},"geometry":{"type":"LineString","coordinates":[[127.14961,37.48591],[127.1496,37.48593],[127.1496,37.48595],[127.14962,37.48597],[127.14966,37.48597],[127.14969,37.48595],[127.14972,37.48593],[127.14974,37.4859],[127.14977,37.48589],[127.1498,37.48589],[127.14983,37.48589],[127.14986,37.48588],[127.14989,37.48586],[127.14989,37.48584],[127.1499,37.48583],[127.14987,37.48582],[127.14985,37.48584],[127.1498,37.48584],[127.14976,37.48585],[127.14974,37.48588],[127.14973,37.48589],[127.14971,37.48591],[127.14969,37.48592],[127.14966,37.48593],[127.14963,37.48592],[127.14961,37.48591]]}},{"type":"Feature","properties":{"class":"alley","highway":"pedestrian","sidewalk":"unknown","lanes":0,"name":"","oneway":false},"geometry":{"type":"LineString","coordinates":[[127.14894,37.48559],[127.14896,37.48558],[127.14903,37.48553],[127.14894,37.48545],[127.14891,37.48544],[127.14883,37.4855],[127.14894,37.48559]]}},{"type":"Feature","properties":{"class":"alley","highway":"pedestrian","sidewalk":"unknown","lanes":0,"name":"","oneway":false},"geometry":{"type":"LineString","coordinates":[[127.14752,37.48504],[127.14748,37.48493],[127.14763,37.48489],[127.14764,37.48491],[127.14767,37.485],[127.14763,37.48501],[127.14752,37.48504]]}},{"type":"Feature","properties":{"class":"alley","highway":"service","sidewalk":"unknown","lanes":0,"name":"","oneway":false},"geometry":{"type":"LineString","coordinates":[[127.14758,37.48433],[127.14755,37.48427],[127.14755,37.48426],[127.14747,37.4841],[127.14746,37.48407]]}},{"type":"Feature","properties":{"class":"major","highway":"primary","sidewalk":"likely","lanes":3,"name":"위례서로","oneway":true},"geometry":{"type":"LineString","coordinates":[[127.14022,37.48271],[127.14026,37.48281],[127.14034,37.48299],[127.14077,37.48404]]}},{"type":"Feature","properties":{"class":"major","highway":"secondary","sidewalk":"likely","lanes":0,"name":"위례송파로","oneway":false},"geometry":{"type":"LineString","coordinates":[[127.14112,37.48522],[127.14127,37.4852]]}},{"type":"Feature","properties":{"class":"major","highway":"primary","sidewalk":"likely","lanes":0,"name":"위례대로","oneway":true},"geometry":{"type":"LineString","coordinates":[[127.15748,37.4894],[127.15727,37.48928],[127.15583,37.48851],[127.15375,37.48735],[127.15362,37.48728],[127.15224,37.48649],[127.15206,37.48638]]}},{"type":"Feature","properties":{"class":"major","highway":"primary","sidewalk":"likely","lanes":0,"name":"위례대로","oneway":true},"geometry":{"type":"LineString","coordinates":[[127.15215,37.48628],[127.15232,37.48638],[127.15373,37.48716],[127.15386,37.48722],[127.15595,37.48838],[127.15738,37.48915],[127.15759,37.48927]]}},{"type":"Feature","properties":{"class":"minor","highway":"residential","sidewalk":"unknown","lanes":2,"name":"","oneway":false},"geometry":{"type":"LineString","coordinates":[[127.15206,37.48638],[127.15215,37.48628]]}},{"type":"Feature","properties":{"class":"minor","highway":"residential","sidewalk":"unknown","lanes":0,"name":"","oneway":false},"geometry":{"type":"LineString","coordinates":[[127.15748,37.4894],[127.15759,37.48927]]}},{"type":"Feature","properties":{"class":"major","highway":"primary","sidewalk":"likely","lanes":0,"name":"위례대로","oneway":true},"geometry":{"type":"LineString","coordinates":[[127.15759,37.48927],[127.15771,37.48934],[127.15829,37.48966]]}},{"type":"Feature","properties":{"class":"minor","highway":"residential","sidewalk":"unknown","lanes":2,"name":"위례대로6길","oneway":false},"geometry":{"type":"LineString","coordinates":[[127.15215,37.48628],[127.15219,37.48623],[127.15226,37.48616],[127.15237,37.48603],[127.15272,37.48563],[127.15289,37.48544],[127.15301,37.48531],[127.15312,37.4852],[127.15322,37.48511],[127.15334,37.48504]]}},{"type":"Feature","properties":{"class":"major","highway":"primary","sidewalk":"likely","lanes":0,"name":"위례대로","oneway":true},"geometry":{"type":"LineString","coordinates":[[127.149,37.48393],[127.14912,37.48413],[127.14934,37.48446],[127.14955,37.48473],[127.14974,37.48494],[127.14991,37.48509],[127.15015,37.48524],[127.15199,37.4862],[127.15215,37.48628]]}},{"type":"Feature","properties":{"class":"major","highway":"secondary","sidewalk":"likely","lanes":0,"name":"위례송파로","oneway":false},"geometry":{"type":"LineString","coordinates":[[127.14882,37.48399],[127.149,37.48393]]}},{"type":"Feature","properties":{"class":"major","highway":"primary","sidewalk":"likely","lanes":0,"name":"위례대로","oneway":true},"geometry":{"type":"LineString","coordinates":[[127.15206,37.48638],[127.15191,37.4863],[127.15001,37.4853],[127.1497,37.48508],[127.14951,37.48492],[127.14935,37.48476],[127.14917,37.48451],[127.14896,37.4842],[127.14882,37.48399]]}},{"type":"Feature","properties":{"class":"alley","highway":"service","sidewalk":"unknown","lanes":0,"name":"","oneway":false},"geometry":{"type":"LineString","coordinates":[[127.15968,37.48693],[127.1594,37.48677],[127.15937,37.48674],[127.15935,37.4867],[127.15932,37.48666],[127.1593,37.48664],[127.15929,37.48663]]}},{"type":"Feature","properties":{"class":"alley","highway":"service","sidewalk":"unknown","lanes":0,"name":"","oneway":false},"geometry":{"type":"LineString","coordinates":[[127.15929,37.48663],[127.15911,37.48654]]}},{"type":"Feature","properties":{"class":"alley","highway":"pedestrian","sidewalk":"unknown","lanes":0,"name":"","oneway":false},"geometry":{"type":"LineString","coordinates":[[127.14139,37.48536],[127.14138,37.48534],[127.14137,37.48531],[127.14142,37.4853],[127.14146,37.4853],[127.14143,37.48533],[127.14142,37.48533],[127.14141,37.48536],[127.14139,37.48538],[127.14139,37.48536]]}},{"type":"Feature","properties":{"class":"major","highway":"primary_link","sidewalk":"likely","lanes":0,"name":"","oneway":true},"geometry":{"type":"LineString","coordinates":[[127.14161,37.48518],[127.1415,37.48527],[127.14144,37.48534],[127.14141,37.48541],[127.1414,37.4855]]}},{"type":"Feature","properties":{"class":"major","highway":"primary","sidewalk":"likely","lanes":0,"name":"위례대로","oneway":true},"geometry":{"type":"LineString","coordinates":[[127.14882,37.48399],[127.1487,37.4838],[127.14838,37.48331]]}},{"type":"Feature","properties":{"class":"major","highway":"primary","sidewalk":"likely","lanes":0,"name":"위례대로","oneway":true},"geometry":{"type":"LineString","coordinates":[[127.14838,37.48331],[127.14826,37.48311],[127.14805,37.48278],[127.14791,37.48253]]}},{"type":"Feature","properties":{"class":"major","highway":"primary","sidewalk":"likely","lanes":0,"name":"위례대로","oneway":true},"geometry":{"type":"LineString","coordinates":[[127.14807,37.48252],[127.14825,37.4828],[127.14858,37.4833]]}},{"type":"Feature","properties":{"class":"major","highway":"primary","sidewalk":"likely","lanes":0,"name":"위례대로","oneway":true},"geometry":{"type":"LineString","coordinates":[[127.14858,37.4833],[127.14887,37.48374],[127.149,37.48393]]}},{"type":"Feature","properties":{"class":"alley","highway":"pedestrian","sidewalk":"unknown","lanes":0,"name":"","oneway":false},"geometry":{"type":"LineString","coordinates":[[127.15194,37.49327],[127.15199,37.49329],[127.15202,37.4933],[127.15214,37.49314],[127.15213,37.49311],[127.15211,37.49309],[127.15175,37.49302],[127.15174,37.49307],[127.15177,37.49315],[127.15184,37.49321],[127.15185,37.49322],[127.15194,37.49327]]}},{"type":"Feature","properties":{"class":"alley","highway":"service","sidewalk":"unknown","lanes":0,"name":"","oneway":false},"geometry":{"type":"LineString","coordinates":[[127.14917,37.4946],[127.14952,37.4943]]}},{"type":"Feature","properties":{"class":"alley","highway":"service","sidewalk":"unknown","lanes":0,"name":"","oneway":false},"geometry":{"type":"LineString","coordinates":[[127.14952,37.4943],[127.14957,37.49426],[127.14962,37.49425],[127.14969,37.49426],[127.14975,37.49429]]}},{"type":"Feature","properties":{"class":"alley","highway":"service","sidewalk":"unknown","lanes":0,"name":"","oneway":false},"geometry":{"type":"LineString","coordinates":[[127.15,37.49285],[127.15,37.49313]]}},{"type":"Feature","properties":{"class":"alley","highway":"service","sidewalk":"unknown","lanes":0,"name":"","oneway":false},"geometry":{"type":"LineString","coordinates":[[127.15,37.49313],[127.15003,37.49318],[127.15009,37.4932],[127.15019,37.4932]]}},{"type":"Feature","properties":{"class":"alley","highway":"pedestrian","sidewalk":"unknown","lanes":0,"name":"위례휴먼링 보행자전용도로","oneway":false},"geometry":{"type":"LineString","coordinates":[[127.14021,37.48189],[127.14042,37.48192],[127.14075,37.48195],[127.14102,37.48198],[127.14109,37.48199],[127.14133,37.48201],[127.14159,37.48201],[127.14175,37.48201],[127.14193,37.48201],[127.14202,37.482],[127.14207,37.482],[127.14238,37.48196],[127.14255,37.48192],[127.14306,37.4819],[127.14312,37.4819],[127.14318,37.48189],[127.14319,37.48189],[127.14321,37.48188],[127.14325,37.48187],[127.14328,37.48186],[127.14336,37.48183],[127.14366,37.48172],[127.14385,37.48171],[127.14395,37.48169],[127.14401,37.48169],[127.1441,37.4817],[127.14432,37.48179],[127.14435,37.48181],[127.14465,37.48196],[127.14473,37.48199],[127.1448,37.482],[127.14497,37.482],[127.14502,37.482],[127.14592,37.48197],[127.14638,37.48195],[127.14677,37.48193],[127.14706,37.48192],[127.14722,37.48189],[127.14739,37.48186],[127.14743,37.48185]]}},{"type":"Feature","properties":{"class":"alley","highway":"service","sidewalk":"unknown","lanes":0,"name":"","oneway":false},"geometry":{"type":"LineString","coordinates":[[127.14357,37.49111],[127.14353,37.49123],[127.14345,37.49137],[127.14336,37.49161],[127.14335,37.49171],[127.14349,37.49196],[127.14377,37.49182],[127.14384,37.49178]]}},{"type":"Feature","properties":{"class":"major","highway":"primary","sidewalk":"yes","lanes":6,"name":"양산로","oneway":true},"geometry":{"type":"LineString","coordinates":[[127.14357,37.49111],[127.14352,37.491]]}},{"type":"Feature","properties":{"class":"major","highway":"primary","sidewalk":"yes","lanes":0,"name":"양산로","oneway":true},"geometry":{"type":"LineString","coordinates":[[127.14398,37.49216],[127.14393,37.49202],[127.14384,37.49178]]}},{"type":"Feature","properties":{"class":"alley","highway":"service","sidewalk":"unknown","lanes":0,"name":"","oneway":false},"geometry":{"type":"LineString","coordinates":[[127.14314,37.49266],[127.1431,37.4926],[127.14312,37.49256],[127.14315,37.49254],[127.14362,37.49231]]}},{"type":"Feature","properties":{"class":"alley","highway":"service","sidewalk":"unknown","lanes":0,"name":"","oneway":false},"geometry":{"type":"LineString","coordinates":[[127.14362,37.49231],[127.14374,37.49225],[127.14377,37.49222],[127.14378,37.49219]]}},{"type":"Feature","properties":{"class":"alley","highway":"service","sidewalk":"unknown","lanes":0,"name":"","oneway":false},"geometry":{"type":"LineString","coordinates":[[127.1426,37.49294],[127.14257,37.49288],[127.14258,37.49285],[127.14261,37.49268],[127.14259,37.49266],[127.14239,37.49264],[127.14237,37.49261],[127.14241,37.49232],[127.14243,37.4923],[127.14246,37.49229],[127.14268,37.49231],[127.14272,37.49233],[127.14272,37.49235],[127.14272,37.49241]]}},{"type":"Feature","properties":{"class":"alley","highway":"service","sidewalk":"unknown","lanes":0,"name":"","oneway":false},"geometry":{"type":"LineString","coordinates":[[127.14258,37.49285],[127.14232,37.49284],[127.14221,37.4929],[127.14216,37.49312],[127.14208,37.49316],[127.14202,37.49319],[127.14194,37.49323],[127.14186,37.49324],[127.14179,37.49323],[127.14178,37.4932],[127.14184,37.49281]]}},{"type":"Feature","properties":{"class":"alley","highway":"service","sidewalk":"unknown","lanes":0,"name":"","oneway":false},"geometry":{"type":"LineString","coordinates":[[127.14211,37.49319],[127.14208,37.49316]]}},{"type":"Feature","properties":{"class":"alley","highway":"service","sidewalk":"unknown","lanes":0,"name":"오금로56길","oneway":true},"geometry":{"type":"LineString","coordinates":[[127.14153,37.49413],[127.14158,37.49406],[127.14162,37.49382],[127.14163,37.49368],[127.14165,37.49355],[127.14166,37.4935],[127.14167,37.49349],[127.14169,37.49346],[127.14175,37.49342],[127.14179,37.4934],[127.14182,37.49338],[127.14185,37.49335],[127.14211,37.49319]]}},{"type":"Feature","properties":{"class":"alley","highway":"service","sidewalk":"unknown","lanes":0,"name":"","oneway":false},"geometry":{"type":"LineString","coordinates":[[127.14747,37.4841],[127.14735,37.48413],[127.14729,37.48415]]}},{"type":"Feature","properties":{"class":"alley","highway":"service","sidewalk":"unknown","lanes":0,"name":"","oneway":false},"geometry":{"type":"LineString","coordinates":[[127.14746,37.48407],[127.14744,37.48404],[127.14739,37.48397]]}},{"type":"Feature","properties":{"class":"alley","highway":"service","sidewalk":"unknown","lanes":0,"name":"","oneway":false},"geometry":{"type":"LineString","coordinates":[[127.14739,37.48397],[127.1473,37.48377]]}},{"type":"Feature","properties":{"class":"alley","highway":"service","sidewalk":"unknown","lanes":0,"name":"","oneway":false},"geometry":{"type":"LineString","coordinates":[[127.14744,37.48404],[127.14728,37.48397],[127.1472,37.48378],[127.14722,37.48374],[127.14724,37.48372],[127.14731,37.4837],[127.14736,37.48371],[127.1474,37.48374],[127.14748,37.48394],[127.14749,37.48396],[127.14744,37.48404]]}},{"type":"Feature","properties":{"class":"major","highway":"secondary","sidewalk":"likely","lanes":0,"name":"오금로","oneway":false},"geometry":{"type":"LineString","coordinates":[[127.14334,37.49356],[127.1427,37.4939],[127.14266,37.49392],[127.14223,37.49415],[127.14215,37.49419],[127.14209,37.49422],[127.14174,37.4944],[127.1416,37.49447],[127.14091,37.49484],[127.1408,37.49489],[127.1406,37.495],[127.14053,37.49503],[127.14002,37.49528],[127.13958,37.49548],[127.13947,37.49554],[127.13934,37.4956],[127.13915,37.49571],[127.13877,37.49591],[127.13837,37.49611],[127.13797,37.49637],[127.13776,37.4965],[127.13728,37.49676],[127.13685,37.49699],[127.13632,37.49728],[127.13559,37.49767],[127.13535,37.4978],[127.13511,37.49792],[127.13456,37.49822],[127.13439,37.49831],[127.13416,37.49843]]}},{"type":"Feature","properties":{"class":"major","highway":"secondary","sidewalk":"likely","lanes":0,"name":"오금로","oneway":false},"geometry":{"type":"LineString","coordinates":[[127.14377,37.49334],[127.14358,37.49344],[127.14334,37.49356]]}},{"type":"Feature","properties":{"class":"alley","highway":"service","sidewalk":"unknown","lanes":0,"name":"","oneway":false},"geometry":{"type":"LineString","coordinates":[[127.15635,37.48718],[127.1568,37.48743]]}},{"type":"Feature","properties":{"class":"alley","highway":"service","sidewalk":"unknown","lanes":0,"name":"위례학암로14번길","oneway":false},"geometry":{"type":"LineString","coordinates":[[127.1568,37.48743],[127.15685,37.48745],[127.15826,37.48823],[127.15831,37.48825],[127.15841,37.48831]]}},{"type":"Feature","properties":{"class":"alley","highway":"service","sidewalk":"unknown","lanes":0,"name":"","oneway":false},"geometry":{"type":"LineString","coordinates":[[127.15894,37.48476],[127.15906,37.48462],[127.15909,37.48459],[127.15918,37.48449]]}},{"type":"Feature","properties":{"class":"alley","highway":"service","sidewalk":"unknown","lanes":0,"name":"","oneway":false},"geometry":{"type":"LineString","coordinates":[[127.14165,37.49355],[127.14151,37.49355]]}},{"type":"Feature","properties":{"class":"alley","highway":"service","sidewalk":"unknown","lanes":0,"name":"","oneway":false},"geometry":{"type":"LineString","coordinates":[[127.14172,37.49383],[127.14179,37.49383]]}},{"type":"Feature","properties":{"class":"alley","highway":"pedestrian","sidewalk":"unknown","lanes":0,"name":"","oneway":false},"geometry":{"type":"LineString","coordinates":[[127.14932,37.48275],[127.14924,37.48274],[127.14919,37.48271],[127.14914,37.48267],[127.14912,37.48265],[127.14912,37.48263],[127.14917,37.48264],[127.14934,37.48269],[127.14937,37.48269],[127.14939,37.4827],[127.14937,37.48274],[127.14934,37.48276],[127.14932,37.48275]]}},{"type":"Feature","properties":{"class":"alley","highway":"service","sidewalk":"unknown","lanes":0,"name":"","oneway":false},"geometry":{"type":"LineString","coordinates":[[127.14787,37.48198],[127.148,37.48198],[127.14804,37.48198],[127.14812,37.48198],[127.14815,37.48198],[127.14817,37.48199],[127.14817,37.482],[127.14817,37.48203],[127.14818,37.48231]]}},{"type":"Feature","properties":{"class":"major","highway":"secondary","sidewalk":"likely","lanes":0,"name":"위례송파로","oneway":false},"geometry":{"type":"LineString","coordinates":[[127.14592,37.48482],[127.14612,37.48477],[127.14737,37.48439],[127.14745,37.48437],[127.14758,37.48433],[127.14765,37.48432],[127.14767,37.48431],[127.14834,37.48412],[127.14853,37.48407],[127.14871,37.48402],[127.14882,37.48399]]}},{"type":"Feature","properties":{"class":"major","highway":"tertiary","sidewalk":"likely","lanes":0,"name":"","oneway":false},"geometry":{"type":"LineString","coordinates":[[127.14009,37.48274],[127.14022,37.48271]]}},{"type":"Feature","properties":{"class":"major","highway":"primary","sidewalk":"likely","lanes":0,"name":"위례서로","oneway":true},"geometry":{"type":"LineString","coordinates":[[127.1402,37.48267],[127.14022,37.48271]]}},{"type":"Feature","properties":{"class":"major","highway":"secondary","sidewalk":"likely","lanes":4,"name":"마천로","oneway":false},"geometry":{"type":"LineString","coordinates":[[127.15689,37.49067],[127.15681,37.49068],[127.1568,37.49068],[127.15676,37.4907],[127.15662,37.49078],[127.15645,37.49088]]}},{"type":"Feature","properties":{"class":"alley","highway":"service","sidewalk":"unknown","lanes":0,"name":"","oneway":false},"geometry":{"type":"LineString","coordinates":[[127.15802,37.48743],[127.1581,37.48734],[127.15813,37.48731]]}},{"type":"Feature","properties":{"class":"alley","highway":"service","sidewalk":"unknown","lanes":0,"name":"","oneway":false},"geometry":{"type":"LineString","coordinates":[[127.15813,37.48731],[127.15822,37.4872]]}},{"type":"Feature","properties":{"class":"alley","highway":"service","sidewalk":"unknown","lanes":0,"name":"","oneway":false},"geometry":{"type":"LineString","coordinates":[[127.15719,37.487],[127.15729,37.48688],[127.15739,37.48674],[127.15741,37.48672],[127.15744,37.48672],[127.15747,37.48671],[127.1575,37.48669],[127.15767,37.48648],[127.15769,37.48648],[127.15774,37.48647],[127.15778,37.48646],[127.15799,37.48622],[127.15802,37.48618]]}},{"type":"Feature","properties":{"class":"alley","highway":"service","sidewalk":"unknown","lanes":0,"name":"","oneway":false},"geometry":{"type":"LineString","coordinates":[[127.15632,37.48484],[127.15635,37.48482],[127.15638,37.48481],[127.15642,37.48481],[127.15645,37.48483],[127.15648,37.48485],[127.15649,37.48487],[127.1565,37.4849],[127.15649,37.48492],[127.15648,37.48495],[127.15646,37.48496],[127.15643,37.48498],[127.15639,37.48498],[127.15636,37.48498],[127.15633,37.48497],[127.1563,37.48494],[127.15629,37.48492],[127.15629,37.48489],[127.1563,37.48486],[127.15632,37.48484]]}},{"type":"Feature","properties":{"class":"alley","highway":"service","sidewalk":"unknown","lanes":0,"name":"","oneway":false},"geometry":{"type":"LineString","coordinates":[[127.15914,37.49568],[127.15933,37.49574],[127.15937,37.49574],[127.15951,37.49576],[127.15973,37.49577],[127.15979,37.49577],[127.15995,37.49578]]}},{"type":"Feature","properties":{"class":"major","highway":"tertiary","sidewalk":"likely","lanes":0,"name":"감이남로","oneway":false},"geometry":{"type":"LineString","coordinates":[[127.16006,37.49724],[127.16002,37.49715],[127.1599,37.49686],[127.15987,37.49667],[127.15987,37.4965],[127.15995,37.49578]]}},{"type":"Feature","properties":{"class":"alley","highway":"service","sidewalk":"unknown","lanes":0,"name":"감이남로20번길","oneway":false},"geometry":{"type":"LineString","coordinates":[[127.15883,37.4927],[127.15886,37.49266],[127.15889,37.49264],[127.15891,37.49263],[127.15957,37.49249],[127.15964,37.49246],[127.15968,37.49243],[127.16003,37.49222],[127.16021,37.49211]]}},{"type":"Feature","properties":{"class":"alley","highway":"service","sidewalk":"unknown","lanes":0,"name":"","oneway":false},"geometry":{"type":"LineString","coordinates":[[127.15855,37.49215],[127.15862,37.49211],[127.15866,37.49205],[127.15874,37.49197],[127.15882,37.4919],[127.15889,37.49188],[127.15899,37.49189],[127.15905,37.49192],[127.15914,37.49202],[127.15925,37.49217],[127.15941,37.49229],[127.15954,37.49235],[127.15964,37.49246]]}},{"type":"Feature","properties":{"class":"alley","highway":"service","sidewalk":"unknown","lanes":0,"name":"","oneway":false},"geometry":{"type":"LineString","coordinates":[[127.15864,37.49234],[127.15874,37.49228]]}},{"type":"Feature","properties":{"class":"alley","highway":"service","sidewalk":"unknown","lanes":0,"name":"","oneway":false},"geometry":{"type":"LineString","coordinates":[[127.15889,37.49264],[127.15889,37.49257],[127.15893,37.49246],[127.15911,37.49242]]}},{"type":"Feature","properties":{"class":"alley","highway":"service","sidewalk":"unknown","lanes":0,"name":"","oneway":false},"geometry":{"type":"LineString","coordinates":[[127.1427,37.48513],[127.1427,37.48507],[127.1427,37.48505],[127.14269,37.48492],[127.14268,37.48475]]}},{"type":"Feature","properties":{"class":"alley","highway":"service","sidewalk":"unknown","lanes":0,"name":"","oneway":false},"geometry":{"type":"LineString","coordinates":[[127.14278,37.48465],[127.14277,37.48469],[127.14276,37.4847],[127.14275,37.48471],[127.14272,37.48474],[127.14268,37.48475],[127.14264,37.48475],[127.1426,37.48474],[127.14257,37.48472],[127.14255,37.4847],[127.14254,37.48467],[127.14253,37.48464],[127.14255,37.48461],[127.14257,37.48458],[127.1426,37.48456],[127.14264,37.48456],[127.14268,37.48456],[127.14272,37.48457],[127.14275,37.48459],[127.14277,37.48462],[127.14278,37.48465]]}},{"type":"Feature","properties":{"class":"alley","highway":"service","sidewalk":"unknown","lanes":0,"name":"","oneway":false},"geometry":{"type":"LineString","coordinates":[[127.1426,37.48474],[127.1425,37.48474],[127.14225,37.48474],[127.14222,37.48473],[127.14217,37.48471],[127.14197,37.48449],[127.14195,37.48448],[127.14194,37.48445],[127.14194,37.48443],[127.14195,37.4844],[127.14207,37.48417],[127.14208,37.48412],[127.14205,37.48408],[127.14187,37.48393],[127.14172,37.48383],[127.14168,37.48379],[127.14169,37.48375],[127.14178,37.48357],[127.14182,37.48355],[127.14184,37.48355],[127.14207,37.48354],[127.1421,37.48355],[127.14213,37.48357],[127.14215,37.48361],[127.14216,37.48366],[127.14216,37.48368],[127.14218,37.4839],[127.14219,37.48393],[127.14222,37.48395],[127.14248,37.48407],[127.14257,37.48412],[127.1426,37.48412],[127.14264,37.48413],[127.14286,37.48412],[127.14293,37.48413],[127.14296,37.48415],[127.14298,37.48419],[127.14298,37.48437],[127.14297,37.48439],[127.14295,37.48442],[127.14293,37.48444],[127.14286,37.48456],[127.14284,37.4846],[127.14284,37.48462],[127.14284,37.48468],[127.14283,37.4847],[127.14281,37.4847],[127.14276,37.4847]]}},{"type":"Feature","properties":{"class":"alley","highway":"service","sidewalk":"unknown","lanes":0,"name":"","oneway":false},"geometry":{"type":"LineString","coordinates":[[127.14275,37.48459],[127.14279,37.48453]]}},{"type":"Feature","properties":{"class":"alley","highway":"service","sidewalk":"unknown","lanes":0,"name":"","oneway":false},"geometry":{"type":"LineString","coordinates":[[127.14279,37.48453],[127.14281,37.48448],[127.14282,37.48444],[127.14282,37.48427]]}},{"type":"Feature","properties":{"class":"alley","highway":"service","sidewalk":"unknown","lanes":0,"name":"","oneway":false},"geometry":{"type":"LineString","coordinates":[[127.14386,37.48465],[127.1443,37.48464],[127.14436,37.48466],[127.14438,37.48468],[127.14441,37.48471],[127.14452,37.48497],[127.14453,37.48499],[127.14457,37.48507]]}},{"type":"Feature","properties":{"class":"alley","highway":"service","sidewalk":"unknown","lanes":0,"name":"","oneway":false},"geometry":{"type":"LineString","coordinates":[[127.14365,37.48465],[127.14386,37.48465]]}},{"type":"Feature","properties":{"class":"major","highway":"secondary","sidewalk":"likely","lanes":0,"name":"위례송파로","oneway":false},"geometry":{"type":"LineString","coordinates":[[127.14457,37.48507],[127.14478,37.48506],[127.14494,37.48504],[127.14518,37.485],[127.14555,37.48491],[127.14559,37.48491],[127.14573,37.48487],[127.14592,37.48482]]}},{"type":"Feature","properties":{"class":"major","highway":"secondary","sidewalk":"likely","lanes":0,"name":"위례송파로","oneway":false},"geometry":{"type":"LineString","coordinates":[[127.14207,37.48516],[127.14255,37.48514],[127.1427,37.48513],[127.14291,37.48513],[127.14457,37.48507]]}},{"type":"Feature","properties":{"class":"major","highway":"secondary","sidewalk":"likely","lanes":0,"name":"위례송파로","oneway":false},"geometry":{"type":"LineString","coordinates":[[127.14161,37.48518],[127.14207,37.48516]]}},{"type":"Feature","properties":{"class":"alley","highway":"service","sidewalk":"unknown","lanes":0,"name":"","oneway":false},"geometry":{"type":"LineString","coordinates":[[127.15876,37.49795],[127.15882,37.49817],[127.15897,37.49867],[127.15899,37.49871],[127.159,37.49874]]}},{"type":"Feature","properties":{"class":"alley","highway":"service","sidewalk":"unknown","lanes":0,"name":"","oneway":false},"geometry":{"type":"LineString","coordinates":[[127.15823,37.49932],[127.15821,37.49927],[127.15822,37.49923],[127.15822,37.49922],[127.15826,37.49917],[127.15833,37.49915],[127.15847,37.49911],[127.15855,37.49907],[127.1587,37.499],[127.15874,37.49897],[127.15877,37.49894],[127.15882,37.4989],[127.15891,37.49879],[127.159,37.49874],[127.15908,37.49872],[127.15917,37.49871],[127.1593,37.49871],[127.15942,37.49873],[127.15951,37.49879],[127.15956,37.49885],[127.15958,37.49891],[127.15959,37.49897]]}},{"type":"Feature","properties":{"class":"alley","highway":"service","sidewalk":"unknown","lanes":0,"name":"","oneway":false},"geometry":{"type":"LineString","coordinates":[[127.15823,37.49932],[127.15831,37.49938],[127.15844,37.49943],[127.15845,37.49944],[127.1585,37.49949],[127.15854,37.49958],[127.15858,37.49969],[127.15864,37.49974],[127.15876,37.4998],[127.15883,37.49988],[127.15885,37.49992],[127.15887,37.50002],[127.1588,37.50011],[127.15869,37.50015],[127.15862,37.50005]]}},{"type":"Feature","properties":{"class":"alley","highway":"service","sidewalk":"unknown","lanes":0,"name":"","oneway":false},"geometry":{"type":"LineString","coordinates":[[127.15885,37.49992],[127.15925,37.4997],[127.15925,37.49968],[127.15912,37.4995],[127.15908,37.4995],[127.15864,37.49974]]}},{"type":"Feature","properties":{"class":"alley","highway":"service","sidewalk":"unknown","lanes":0,"name":"","oneway":false},"geometry":{"type":"LineString","coordinates":[[127.15845,37.49944],[127.15888,37.49921]]}},{"type":"Feature","properties":{"class":"alley","highway":"service","sidewalk":"unknown","lanes":0,"name":"","oneway":false},"geometry":{"type":"LineString","coordinates":[[127.15822,37.49923],[127.15808,37.49918],[127.15807,37.49916],[127.15807,37.49914],[127.15811,37.49911],[127.15869,37.49881]]}},{"type":"Feature","properties":{"class":"alley","highway":"service","sidewalk":"unknown","lanes":0,"name":"","oneway":false},"geometry":{"type":"LineString","coordinates":[[127.15958,37.49891],[127.15966,37.49889],[127.15971,37.49887],[127.15974,37.49883],[127.15978,37.49876]]}},{"type":"Feature","properties":{"class":"alley","highway":"service","sidewalk":"unknown","lanes":0,"name":"","oneway":false},"geometry":{"type":"LineString","coordinates":[[127.16086,37.49884],[127.16066,37.49893],[127.16061,37.49895],[127.16049,37.499],[127.16036,37.49904],[127.16022,37.499],[127.16013,37.49896],[127.1601,37.49895],[127.16007,37.49893],[127.15985,37.4988],[127.15978,37.49876],[127.15964,37.49868],[127.15958,37.49867],[127.15955,37.49866],[127.15949,37.49866]]}},{"type":"Feature","properties":{"class":"alley","highway":"service","sidewalk":"unknown","lanes":0,"name":"","oneway":false},"geometry":{"type":"LineString","coordinates":[[127.15985,37.4988],[127.15986,37.49879],[127.15994,37.49867],[127.16004,37.4985],[127.16006,37.49849],[127.16036,37.49864],[127.16038,37.49867],[127.16018,37.4989],[127.16013,37.49896]]}},{"type":"Feature","properties":{"class":"alley","highway":"service","sidewalk":"unknown","lanes":0,"name":"","oneway":false},"geometry":{"type":"LineString","coordinates":[[127.159,37.49874],[127.15906,37.49893]]}},{"type":"Feature","properties":{"class":"alley","highway":"service","sidewalk":"unknown","lanes":0,"name":"","oneway":false},"geometry":{"type":"LineString","coordinates":[[127.15958,37.49867],[127.15969,37.49841],[127.15972,37.49832],[127.15972,37.49831]]}},{"type":"Feature","properties":{"class":"alley","highway":"service","sidewalk":"unknown","lanes":0,"name":"","oneway":false},"geometry":{"type":"LineString","coordinates":[[127.15969,37.49841],[127.1593,37.49834]]}},{"type":"Feature","properties":{"class":"alley","highway":"pedestrian","sidewalk":"unknown","lanes":0,"name":"","oneway":false},"geometry":{"type":"LineString","coordinates":[[127.15944,37.49954],[127.15938,37.49954],[127.15932,37.49951],[127.15927,37.49948],[127.15924,37.49944],[127.15929,37.49944],[127.15935,37.49941],[127.15939,37.49939],[127.1594,37.4994],[127.15939,37.49941],[127.15938,37.49943],[127.15937,37.49945],[127.15937,37.49947],[127.15938,37.49949],[127.1594,37.4995],[127.15942,37.49951],[127.15945,37.49952],[127.15948,37.49951],[127.1595,37.4995],[127.15952,37.49949],[127.15954,37.4995],[127.15954,37.49951],[127.15951,37.49953],[127.15944,37.49954]]}},{"type":"Feature","properties":{"class":"alley","highway":"pedestrian","sidewalk":"unknown","lanes":0,"name":"","oneway":false},"geometry":{"type":"LineString","coordinates":[[127.1594,37.4994],[127.15939,37.49939],[127.15948,37.49932],[127.1595,37.4993],[127.15953,37.49932],[127.15956,37.49935],[127.15958,37.49939],[127.15958,37.49942],[127.15958,37.49944],[127.15957,37.49947],[127.15954,37.4995],[127.15952,37.49949],[127.15953,37.49947],[127.15954,37.49945],[127.15953,37.49942],[127.15951,37.49941],[127.15949,37.49939],[127.15949,37.49939],[127.15946,37.49939],[127.15944,37.49939],[127.15941,37.49939],[127.1594,37.4994]]}},{"type":"Feature","properties":{"class":"alley","highway":"service","sidewalk":"unknown","lanes":0,"name":"","oneway":true},"geometry":{"type":"LineString","coordinates":[[127.15311,37.49442],[127.15382,37.49473],[127.15384,37.49475],[127.15384,37.49476],[127.15372,37.49491],[127.15371,37.49492],[127.15368,37.49492],[127.15349,37.49483],[127.15347,37.49483],[127.15344,37.49484],[127.15332,37.49501],[127.15328,37.495],[127.15326,37.495]]}},{"type":"Feature","properties":{"class":"alley","highway":"service","sidewalk":"unknown","lanes":0,"name":"","oneway":false},"geometry":{"type":"LineString","coordinates":[[127.15297,37.4951],[127.15312,37.49493]]}},{"type":"Feature","properties":{"class":"minor","highway":"residential","sidewalk":"unknown","lanes":0,"name":"","oneway":false},"geometry":{"type":"LineString","coordinates":[[127.14846,37.49018],[127.1487,37.49002],[127.1488,37.48999],[127.14885,37.48998],[127.14892,37.49],[127.14964,37.49038],[127.14974,37.4904],[127.14983,37.49045],[127.14992,37.49053],[127.14999,37.4906],[127.15012,37.49074],[127.15024,37.49087]]}},{"type":"Feature","properties":{"class":"alley","highway":"pedestrian","sidewalk":"unknown","lanes":0,"name":"위례휴먼링 보행자전용도로","oneway":false},"geometry":{"type":"LineString","coordinates":[[127.14648,37.48218],[127.14634,37.48214],[127.14618,37.48211],[127.14605,37.4821],[127.14595,37.48211],[127.1458,37.48213],[127.14577,37.48214],[127.14571,37.48215],[127.1456,37.48219],[127.14543,37.48226],[127.14534,37.48228],[127.14522,37.48229],[127.14512,37.48228],[127.1451,37.48228],[127.14497,37.48225],[127.14486,37.48221],[127.14477,37.48215],[127.14472,37.4821],[127.14469,37.48207],[127.14464,37.48203],[127.14459,37.48199],[127.14448,37.48192],[127.14447,37.48191],[127.1444,37.48188],[127.14437,37.48187],[127.14431,37.48185],[127.1442,37.48182],[127.14411,37.48181],[127.14401,37.48181],[127.144,37.48181],[127.14393,37.48181],[127.14382,37.48183],[127.1437,37.48187],[127.14362,37.48191],[127.14355,37.48197],[127.14342,37.48206],[127.14331,37.48209],[127.14315,37.48211],[127.143,37.48209],[127.14287,37.48206],[127.14279,37.48205],[127.14267,37.48206],[127.14262,37.48207],[127.14247,37.48211],[127.14238,37.48215],[127.14233,37.48218],[127.14229,37.4822],[127.14225,37.48222],[127.1422,37.48226],[127.14218,37.48228],[127.14214,37.48233],[127.14211,37.48236]]}},{"type":"Feature","properties":{"class":"alley","highway":"pedestrian","sidewalk":"unknown","lanes":0,"name":"","oneway":false},"geometry":{"type":"LineString","coordinates":[[127.14189,37.48196],[127.14187,37.48159],[127.14189,37.48159],[127.14206,37.48159],[127.14209,37.48159],[127.14211,37.48195],[127.14207,37.48195],[127.14192,37.48195],[127.14189,37.48196]]}},{"type":"Feature","properties":{"class":"alley","highway":"pedestrian","sidewalk":"unknown","lanes":0,"name":"위례휴먼링 보행자전용도로","oneway":false},"geometry":{"type":"LineString","coordinates":[[127.14238,37.48196],[127.14267,37.48206]]}},{"type":"Feature","properties":{"class":"alley","highway":"pedestrian","sidewalk":"unknown","lanes":0,"name":"","oneway":false},"geometry":{"type":"LineString","coordinates":[[127.14384,37.48228],[127.14365,37.48197],[127.14376,37.48194],[127.14383,37.48193],[127.14393,37.48192],[127.144,37.48192],[127.14405,37.48192],[127.14413,37.48192],[127.14425,37.48197],[127.14438,37.48202],[127.1444,37.48202],[127.1444,37.48203],[127.1444,37.48205],[127.14401,37.48206],[127.14402,37.48228],[127.14384,37.48228]]}},{"type":"Feature","properties":{"class":"alley","highway":"service","sidewalk":"unknown","lanes":0,"name":"","oneway":false},"geometry":{"type":"LineString","coordinates":[[127.14917,37.4946],[127.14863,37.49501],[127.14862,37.49502],[127.1486,37.49505],[127.1486,37.49507],[127.14861,37.4951],[127.14862,37.49511]]}},{"type":"Feature","properties":{"class":"alley","highway":"service","sidewalk":"unknown","lanes":0,"name":"","oneway":false},"geometry":{"type":"LineString","coordinates":[[127.14862,37.49511],[127.14884,37.49528]]}},{"type":"Feature","properties":{"class":"alley","highway":"service","sidewalk":"unknown","lanes":0,"name":"","oneway":false},"geometry":{"type":"LineString","coordinates":[[127.14615,37.49528],[127.14622,37.49533],[127.14638,37.49547],[127.1466,37.49562],[127.14665,37.49565],[127.14668,37.49566]]}},{"type":"Feature","properties":{"class":"alley","highway":"service","sidewalk":"unknown","lanes":0,"name":"","oneway":false},"geometry":{"type":"LineString","coordinates":[[127.14673,37.49581],[127.14671,37.4958],[127.1467,37.4958],[127.14667,37.49579],[127.14665,37.49576],[127.14664,37.49574],[127.14665,37.49571],[127.14666,37.49568],[127.14668,37.49566],[127.14671,37.49565],[127.14675,37.49564],[127.14679,37.49564],[127.14682,37.49566],[127.14685,37.49568],[127.14686,37.49571],[127.14686,37.49574],[127.14685,37.49577],[127.14683,37.49579],[127.1468,37.49581],[127.14677,37.49581],[127.14673,37.49581]]}},{"type":"Feature","properties":{"class":"alley","highway":"service","sidewalk":"unknown","lanes":0,"name":"","oneway":false},"geometry":{"type":"LineString","coordinates":[[127.14686,37.49571],[127.14694,37.4957],[127.14706,37.49562]]}},{"type":"Feature","properties":{"class":"alley","highway":"service","sidewalk":"unknown","lanes":0,"name":"","oneway":false},"geometry":{"type":"LineString","coordinates":[[127.14671,37.4958],[127.14664,37.49585]]}},{"type":"Feature","properties":{"class":"alley","highway":"service","sidewalk":"unknown","lanes":0,"name":"","oneway":false},"geometry":{"type":"LineString","coordinates":[[127.14664,37.49585],[127.14651,37.49594]]}},{"type":"Feature","properties":{"class":"alley","highway":"service","sidewalk":"unknown","lanes":0,"name":"","oneway":false},"geometry":{"type":"LineString","coordinates":[[127.14706,37.49562],[127.14715,37.49555]]}},{"type":"Feature","properties":{"class":"alley","highway":"service","sidewalk":"unknown","lanes":0,"name":"","oneway":false},"geometry":{"type":"LineString","coordinates":[[127.14352,37.491],[127.14346,37.49105],[127.14337,37.4911],[127.14335,37.49113],[127.14333,37.49137],[127.14323,37.49173],[127.14319,37.49186],[127.14318,37.49187],[127.14315,37.49188],[127.14298,37.49189],[127.14289,37.49191],[127.14223,37.49185]]}},{"type":"Feature","properties":{"class":"minor","highway":"residential","sidewalk":"unknown","lanes":0,"name":"오금로61길","oneway":true},"geometry":{"type":"LineString","coordinates":[[127.14538,37.49385],[127.14571,37.49382],[127.14576,37.49383],[127.14581,37.49385],[127.14584,37.49385],[127.14588,37.49384],[127.14622,37.49357]]}},{"type":"Feature","properties":{"class":"alley","highway":"service","sidewalk":"unknown","lanes":0,"name":"","oneway":false},"geometry":{"type":"LineString","coordinates":[[127.14498,37.4922],[127.14533,37.49203],[127.14551,37.49224]]}},{"type":"Feature","properties":{"class":"alley","highway":"service","sidewalk":"unknown","lanes":0,"name":"","oneway":false},"geometry":{"type":"LineString","coordinates":[[127.14524,37.49298],[127.14521,37.49252],[127.14516,37.49243]]}},{"type":"Feature","properties":{"class":"major","highway":"primary","sidewalk":"likely","lanes":3,"name":"위례서로","oneway":true},"geometry":{"type":"LineString","coordinates":[[127.14009,37.48274],[127.14006,37.48266]]}},{"type":"Feature","properties":{"class":"alley","highway":"service","sidewalk":"unknown","lanes":0,"name":"오금로62길","oneway":true},"geometry":{"type":"LineString","coordinates":[[127.14685,37.4925],[127.14684,37.49202]]}},{"type":"Feature","properties":{"class":"minor","highway":"residential","sidewalk":"unknown","lanes":0,"name":"오금로53길","oneway":true},"geometry":{"type":"LineString","coordinates":[[127.14276,37.49672],[127.14269,37.49665],[127.14226,37.49625],[127.14195,37.49597],[127.1417,37.49572],[127.14146,37.4955]]}},{"type":"Feature","properties":{"class":"minor","highway":"residential","sidewalk":"unknown","lanes":0,"name":"거마로7길","oneway":false},"geometry":{"type":"LineString","coordinates":[[127.14276,37.49672],[127.14249,37.49691],[127.14246,37.49693],[127.14186,37.49736],[127.14149,37.49762],[127.14126,37.49779],[127.14125,37.4978]]}},{"type":"Feature","properties":{"class":"minor","highway":"residential","sidewalk":"unknown","lanes":0,"name":"거마로3길","oneway":false},"geometry":{"type":"LineString","coordinates":[[127.14041,37.49608],[127.14043,37.49607],[127.14146,37.4955]]}},{"type":"Feature","properties":{"class":"minor","highway":"residential","sidewalk":"unknown","lanes":0,"name":"오금로53길","oneway":true},"geometry":{"type":"LineString","coordinates":[[127.14146,37.4955],[127.14119,37.49525],[127.14091,37.49499],[127.1408,37.49489]]}},{"type":"Feature","properties":{"class":"alley","highway":"service","sidewalk":"unknown","lanes":0,"name":"오금로","oneway":true},"geometry":{"type":"LineString","coordinates":[[127.15042,37.49215],[127.15014,37.49236],[127.15009,37.4924],[127.15,37.49242],[127.14975,37.49246],[127.14962,37.4925],[127.14937,37.49263],[127.14933,37.49269],[127.14932,37.49274],[127.14932,37.49284]]}},{"type":"Feature","properties":{"class":"alley","highway":"service","sidewalk":"unknown","lanes":0,"name":"","oneway":true},"geometry":{"type":"LineString","coordinates":[[127.14917,37.4811],[127.14928,37.48125],[127.1493,37.4814],[127.14929,37.48143],[127.14928,37.48145],[127.14926,37.48147],[127.14923,37.48148],[127.14915,37.48148],[127.14911,37.48147],[127.14909,37.48144],[127.14908,37.4814],[127.14908,37.48126],[127.14911,37.4812],[127.14917,37.4811]]}},{"type":"Feature","properties":{"class":"alley","highway":"service","sidewalk":"unknown","lanes":0,"name":"","oneway":false},"geometry":{"type":"LineString","coordinates":[[127.14911,37.4812],[127.14873,37.4812]]}},{"type":"Feature","properties":{"class":"alley","highway":"service","sidewalk":"unknown","lanes":0,"name":"","oneway":false},"geometry":{"type":"LineString","coordinates":[[127.1487,37.48122],[127.14866,37.48126]]}},{"type":"Feature","properties":{"class":"alley","highway":"service","sidewalk":"unknown","lanes":0,"name":"","oneway":true},"geometry":{"type":"LineString","coordinates":[[127.15065,37.48134],[127.1505,37.48134]]}},{"type":"Feature","properties":{"class":"alley","highway":"service","sidewalk":"unknown","lanes":0,"name":"","oneway":false},"geometry":{"type":"LineString","coordinates":[[127.14423,37.49442],[127.14431,37.49461],[127.14432,37.49464],[127.14427,37.49467],[127.14426,37.49476]]}},{"type":"Feature","properties":{"class":"alley","highway":"service","sidewalk":"unknown","lanes":0,"name":"","oneway":false},"geometry":{"type":"LineString","coordinates":[[127.14451,37.49456],[127.14443,37.49462]]}},{"type":"Feature","properties":{"class":"major","highway":"primary","sidewalk":"likely","lanes":0,"name":"거마로","oneway":true},"geometry":{"type":"LineString","coordinates":[[127.14818,37.50141],[127.14801,37.50123],[127.14795,37.50108],[127.14745,37.49999],[127.14722,37.49947],[127.14706,37.49912],[127.14668,37.49829],[127.14664,37.49819],[127.14661,37.49815],[127.14652,37.49801],[127.14646,37.49789],[127.14617,37.49727],[127.14598,37.49682],[127.14587,37.49656],[127.14557,37.49588],[127.14551,37.49575],[127.14543,37.49557],[127.1452,37.49504]]}},{"type":"Feature","properties":{"class":"major","highway":"primary","sidewalk":"likely","lanes":0,"name":"거마로","oneway":true},"geometry":{"type":"LineString","coordinates":[[127.14481,37.49415],[127.14465,37.49379]]}},{"type":"Feature","properties":{"class":"alley","highway":"service","sidewalk":"unknown","lanes":0,"name":"거마로7길","oneway":false},"geometry":{"type":"LineString","coordinates":[[127.14191,37.498],[127.14196,37.49796],[127.14196,37.49745],[127.14186,37.49736]]}},{"type":"Feature","properties":{"class":"alley","highway":"service","sidewalk":"unknown","lanes":0,"name":"성내천로","oneway":true},"geometry":{"type":"LineString","coordinates":[[127.14255,37.4991],[127.14253,37.49907],[127.14243,37.49892],[127.14209,37.49861],[127.14208,37.49859],[127.14209,37.49856],[127.14211,37.49854],[127.14233,37.49838]]}},{"type":"Feature","properties":{"class":"major","highway":"secondary","sidewalk":"likely","lanes":0,"name":"성내천로37길","oneway":true},"geometry":{"type":"LineString","coordinates":[[127.15579,37.49783],[127.15621,37.49791],[127.15678,37.498],[127.15706,37.49803],[127.15734,37.49805],[127.15766,37.49805],[127.15792,37.49803],[127.15805,37.49802],[127.15818,37.49799],[127.15874,37.49789],[127.1588,37.49788],[127.1597,37.49771],[127.15986,37.49768],[127.15991,37.49767],[127.16002,37.49765],[127.16014,37.49763],[127.16018,37.49761],[127.16022,37.49759],[127.16024,37.49757],[127.16026,37.49756]]}},{"type":"Feature","properties":{"class":"major","highway":"secondary","sidewalk":"likely","lanes":0,"name":"성내천로37길","oneway":true},"geometry":{"type":"LineString","coordinates":[[127.15578,37.49789],[127.15531,37.49777],[127.15511,37.49772],[127.15492,37.49767],[127.15473,37.49762],[127.15459,37.4976],[127.15434,37.4976],[127.15417,37.49761]]}},{"type":"Feature","properties":{"class":"major","highway":"secondary","sidewalk":"likely","lanes":0,"name":"성내천로37길","oneway":true},"geometry":{"type":"LineString","coordinates":[[127.15417,37.49754],[127.15435,37.49754],[127.15453,37.49753],[127.15462,37.49754],[127.15472,37.49755],[127.15491,37.49759],[127.15511,37.49765],[127.15532,37.49771],[127.15579,37.49783]]}},{"type":"Feature","properties":{"class":"major","highway":"secondary","sidewalk":"likely","lanes":0,"name":"성내천로43마길","oneway":false},"geometry":{"type":"LineString","coordinates":[[127.15578,37.49789],[127.15579,37.49783]]}},{"type":"Feature","properties":{"class":"major","highway":"secondary","sidewalk":"likely","lanes":0,"name":"","oneway":false},"geometry":{"type":"LineString","coordinates":[[127.15876,37.49795],[127.15874,37.49789]]}},{"type":"Feature","properties":{"class":"major","highway":"secondary_link","sidewalk":"likely","lanes":0,"name":"","oneway":true},"geometry":{"type":"LineString","coordinates":[[127.15986,37.49768],[127.15997,37.49763],[127.16002,37.49758],[127.16006,37.49752],[127.16008,37.49746],[127.16009,37.49741],[127.16009,37.4974],[127.16009,37.49736],[127.16009,37.49732]]}},{"type":"Feature","properties":{"class":"major","highway":"secondary_link","sidewalk":"likely","lanes":0,"name":"","oneway":true},"geometry":{"type":"LineString","coordinates":[[127.16038,37.49794],[127.16034,37.4979],[127.16026,37.49785],[127.16019,37.49781],[127.16013,37.49779],[127.16006,37.49778],[127.1599,37.49777],[127.15973,37.49777]]}},{"type":"Feature","properties":{"class":"major","highway":"tertiary","sidewalk":"likely","lanes":4,"name":"성내천로","oneway":false},"geometry":{"type":"LineString","coordinates":[[127.15417,37.49761],[127.15427,37.49853],[127.15426,37.49876],[127.15426,37.49882],[127.15406,37.49912],[127.15391,37.49922],[127.15377,37.49924],[127.15371,37.49925],[127.1534,37.49929],[127.15318,37.49931],[127.15313,37.49932]]}},{"type":"Feature","properties":{"class":"major","highway":"secondary","sidewalk":"likely","lanes":4,"name":"성내천로","oneway":false},"geometry":{"type":"LineString","coordinates":[[127.15417,37.49754],[127.15417,37.49761]]}},{"type":"Feature","properties":{"class":"minor","highway":"residential","sidewalk":"unknown","lanes":0,"name":"감이남로","oneway":false},"geometry":{"type":"LineString","coordinates":[[127.15883,37.4927],[127.15867,37.49241],[127.15864,37.49234],[127.15862,37.4923],[127.15855,37.49215],[127.1585,37.49206],[127.15835,37.49143],[127.15824,37.49099],[127.15784,37.49103],[127.15745,37.49104]]}},{"type":"Feature","properties":{"class":"minor","highway":"unclassified","sidewalk":"unknown","lanes":0,"name":"","oneway":false},"geometry":{"type":"LineString","coordinates":[[127.1603,37.49386],[127.16011,37.49381],[127.15997,37.4937],[127.15982,37.49365],[127.15971,37.49368]]}},{"type":"Feature","properties":{"class":"major","highway":"secondary_link","sidewalk":"likely","lanes":0,"name":"","oneway":true},"geometry":{"type":"LineString","coordinates":[[127.15413,37.4973],[127.15427,37.49743],[127.15439,37.49746],[127.15456,37.4975],[127.15462,37.49754]]}},{"type":"Feature","properties":{"class":"alley","highway":"service","sidewalk":"unknown","lanes":0,"name":"","oneway":false},"geometry":{"type":"LineString","coordinates":[[127.15918,37.48449],[127.1592,37.48446],[127.15942,37.4842]]}},{"type":"Feature","properties":{"class":"alley","highway":"service","sidewalk":"unknown","lanes":0,"name":"","oneway":false},"geometry":{"type":"LineString","coordinates":[[127.15918,37.48449],[127.15909,37.48444],[127.15899,37.4844]]}},{"type":"Feature","properties":{"class":"alley","highway":"service","sidewalk":"unknown","lanes":0,"name":"","oneway":false},"geometry":{"type":"LineString","coordinates":[[127.15983,37.48527],[127.15962,37.4855]]}},{"type":"Feature","properties":{"class":"alley","highway":"service","sidewalk":"unknown","lanes":0,"name":"","oneway":true},"geometry":{"type":"LineString","coordinates":[[127.15116,37.49454],[127.15157,37.49478]]}},{"type":"Feature","properties":{"class":"major","highway":"tertiary","sidewalk":"likely","lanes":2,"name":"마천로","oneway":false},"geometry":{"type":"LineString","coordinates":[[127.15116,37.49454],[127.15062,37.49503],[127.15033,37.49531],[127.15027,37.49537],[127.15026,37.49538],[127.15016,37.49546],[127.15013,37.49549],[127.14995,37.49563]]}},{"type":"Feature","properties":{"class":"alley","highway":"service","sidewalk":"unknown","lanes":0,"name":"","oneway":false},"geometry":{"type":"LineString","coordinates":[[127.15157,37.49478],[127.1519,37.49497]]}},{"type":"Feature","properties":{"class":"alley","highway":"service","sidewalk":"unknown","lanes":0,"name":"마천로59길","oneway":false},"geometry":{"type":"LineString","coordinates":[[127.15196,37.49361],[127.1524,37.49386]]}},{"type":"Feature","properties":{"class":"alley","highway":"service","sidewalk":"unknown","lanes":0,"name":"마천로59길","oneway":true},"geometry":{"type":"LineString","coordinates":[[127.15275,37.49404],[127.153,37.49414],[127.1533,37.49427],[127.1538,37.49446],[127.15419,37.49461]]}},{"type":"Feature","properties":{"class":"major","highway":"tertiary","sidewalk":"likely","lanes":2,"name":"마천로","oneway":false},"geometry":{"type":"LineString","coordinates":[[127.15196,37.49361],[127.15161,37.49403],[127.15154,37.49412],[127.15145,37.49422],[127.15138,37.49431],[127.15116,37.49454]]}},{"type":"Feature","properties":{"class":"alley","highway":"service","sidewalk":"unknown","lanes":0,"name":"마천로61다길","oneway":false},"geometry":{"type":"LineString","coordinates":[[127.15294,37.49508],[127.15309,37.49481],[127.15308,37.49478],[127.15306,37.49475],[127.15272,37.49467],[127.1526,37.4946]]}},{"type":"Feature","properties":{"class":"minor","highway":"residential","sidewalk":"unknown","lanes":0,"name":"거마로8길","oneway":false},"geometry":{"type":"LineString","coordinates":[[127.14759,37.49291],[127.1476,37.493],[127.14764,37.49331]]}},{"type":"Feature","properties":{"class":"minor","highway":"residential","sidewalk":"unknown","lanes":0,"name":"거마로2길","oneway":false},"geometry":{"type":"LineString","coordinates":[[127.14778,37.49338],[127.14898,37.49329]]}},{"type":"Feature","properties":{"class":"minor","highway":"residential","sidewalk":"unknown","lanes":0,"name":"","oneway":true},"geometry":{"type":"LineString","coordinates":[[127.14777,37.49335],[127.14778,37.49338],[127.14778,37.49341],[127.14777,37.49344],[127.14775,37.49346],[127.14772,37.49347],[127.14768,37.49348],[127.14764,37.49348],[127.14761,37.49347],[127.14758,37.49345],[127.14756,37.49343],[127.14756,37.4934],[127.14756,37.49337],[127.14758,37.49334],[127.14761,37.49332],[127.14764,37.49331],[127.14768,37.49331],[127.14771,37.49331],[127.14774,37.49333],[127.14777,37.49335]]}},{"type":"Feature","properties":{"class":"alley","highway":"service","sidewalk":"unknown","lanes":0,"name":"오금로62길","oneway":true},"geometry":{"type":"LineString","coordinates":[[127.14712,37.49186],[127.14716,37.49249]]}},{"type":"Feature","properties":{"class":"minor","highway":"residential","sidewalk":"yes","lanes":0,"name":"마천로57길","oneway":false},"geometry":{"type":"LineString","coordinates":[[127.15154,37.49412],[127.15194,37.49438]]}},{"type":"Feature","properties":{"class":"minor","highway":"residential","sidewalk":"unknown","lanes":0,"name":"마천로61다길","oneway":false},"geometry":{"type":"LineString","coordinates":[[127.15333,37.49341],[127.15307,37.4937],[127.15294,37.49385],[127.15275,37.49404],[127.15266,37.49413],[127.15237,37.49446],[127.15225,37.49458]]}},{"type":"Feature","properties":{"class":"minor","highway":"residential","sidewalk":"unknown","lanes":0,"name":"마천로41길","oneway":false},"geometry":{"type":"LineString","coordinates":[[127.14913,37.49713],[127.14903,37.4971],[127.14832,37.49721],[127.14787,37.49728],[127.14743,37.49737]]}},{"type":"Feature","properties":{"class":"alley","highway":"service","sidewalk":"unknown","lanes":0,"name":"거마로20길","oneway":false},"geometry":{"type":"LineString","coordinates":[[127.14913,37.49713],[127.14871,37.49741],[127.14831,37.49768],[127.14808,37.49787],[127.14796,37.49796],[127.14753,37.49825],[127.14736,37.49837]]}},{"type":"Feature","properties":{"class":"alley","highway":"service","sidewalk":"unknown","lanes":0,"name":"마천로61나길","oneway":false},"geometry":{"type":"LineString","coordinates":[[127.15291,37.49321],[127.15257,37.49366],[127.1525,37.49375],[127.1524,37.49386]]}},{"type":"Feature","properties":{"class":"alley","highway":"service","sidewalk":"unknown","lanes":0,"name":"마천로59길","oneway":false},"geometry":{"type":"LineString","coordinates":[[127.1524,37.49386],[127.15275,37.49404]]}},{"type":"Feature","properties":{"class":"alley","highway":"service","sidewalk":"unknown","lanes":0,"name":"마천로61나길","oneway":false},"geometry":{"type":"LineString","coordinates":[[127.15194,37.49438],[127.15157,37.49478]]}},{"type":"Feature","properties":{"class":"minor","highway":"residential","sidewalk":"unknown","lanes":0,"name":"마천로57길","oneway":false},"geometry":{"type":"LineString","coordinates":[[127.15194,37.49438],[127.15225,37.49458]]}},{"type":"Feature","properties":{"class":"alley","highway":"service","sidewalk":"unknown","lanes":0,"name":"","oneway":true},"geometry":{"type":"LineString","coordinates":[[127.15315,37.49495],[127.15312,37.49493],[127.15323,37.49477],[127.15324,37.49474],[127.15323,37.49473],[127.15297,37.4946],[127.15296,37.49458],[127.15297,37.49456],[127.15307,37.49442],[127.15308,37.49442],[127.15311,37.49442]]}},{"type":"Feature","properties":{"class":"alley","highway":"service","sidewalk":"unknown","lanes":0,"name":"","oneway":true},"geometry":{"type":"LineString","coordinates":[[127.15326,37.495],[127.15315,37.49495]]}},{"type":"Feature","properties":{"class":"minor","highway":"residential","sidewalk":"unknown","lanes":0,"name":"위례학암로","oneway":false},"geometry":{"type":"LineString","coordinates":[[127.15759,37.48927],[127.15766,37.48919],[127.15832,37.48841],[127.15841,37.48831]]}},{"type":"Feature","properties":{"class":"major","highway":"secondary","sidewalk":"likely","lanes":4,"name":"마천로","oneway":false},"geometry":{"type":"LineString","coordinates":[[127.15645,37.49088],[127.1563,37.49096],[127.15605,37.4911],[127.15593,37.49116]]}},{"type":"Feature","properties":{"class":"alley","highway":"service","sidewalk":"unknown","lanes":0,"name":"","oneway":false},"geometry":{"type":"LineString","coordinates":[[127.15962,37.4855],[127.15957,37.48557],[127.15957,37.48561],[127.15958,37.48567]]}},{"type":"Feature","properties":{"class":"minor","highway":"residential","sidewalk":"unknown","lanes":0,"name":"","oneway":false},"geometry":{"type":"LineString","coordinates":[[127.15184,37.48995],[127.15156,37.49029],[127.15128,37.49061]]}},{"type":"Feature","properties":{"class":"minor","highway":"residential","sidewalk":"unknown","lanes":0,"name":"위례북로3길","oneway":false},"geometry":{"type":"LineString","coordinates":[[127.15156,37.48981],[127.15184,37.48995],[127.15299,37.49059],[127.15413,37.49123]]}},{"type":"Feature","properties":{"class":"minor","highway":"residential","sidewalk":"unknown","lanes":0,"name":"위례북로3길","oneway":false},"geometry":{"type":"LineString","coordinates":[[127.15156,37.48981],[127.15125,37.49018],[127.15102,37.49047]]}},{"type":"Feature","properties":{"class":"alley","highway":"service","sidewalk":"unknown","lanes":0,"name":"","oneway":false},"geometry":{"type":"LineString","coordinates":[[127.15163,37.48689],[127.15157,37.48686],[127.15153,37.48684],[127.15133,37.48673]]}},{"type":"Feature","properties":{"class":"minor","highway":"residential","sidewalk":"unknown","lanes":0,"name":"","oneway":false},"geometry":{"type":"LineString","coordinates":[[127.15163,37.48689],[127.15121,37.48739],[127.15062,37.48809],[127.15058,37.48814],[127.15054,37.48818]]}},{"type":"Feature","properties":{"class":"major","highway":"primary","sidewalk":"yes","lanes":6,"name":"양산로","oneway":true},"geometry":{"type":"LineString","coordinates":[[127.14369,37.4914],[127.14357,37.49111]]}},{"type":"Feature","properties":{"class":"alley","highway":"pedestrian","sidewalk":"unknown","lanes":0,"name":"위례휴먼링 보행자전용도로","oneway":false},"geometry":{"type":"LineString","coordinates":[[127.14018,37.48189],[127.14021,37.48189]]}},{"type":"Feature","properties":{"class":"alley","highway":"pedestrian","sidewalk":"unknown","lanes":0,"name":"위례휴먼링 보행자전용도로","oneway":false},"geometry":{"type":"LineString","coordinates":[[127.14009,37.48188],[127.14018,37.48189]]}},{"type":"Feature","properties":{"class":"major","highway":"primary","sidewalk":"likely","lanes":4,"name":"위례서로","oneway":true},"geometry":{"type":"LineString","coordinates":[[127.14031,37.48328],[127.14014,37.48285],[127.14009,37.48274]]}},{"type":"Feature","properties":{"class":"major","highway":"primary","sidewalk":"likely","lanes":4,"name":"위례서로","oneway":true},"geometry":{"type":"LineString","coordinates":[[127.14077,37.48404],[127.14103,37.48466]]}},{"type":"Feature","properties":{"class":"major","highway":"primary","sidewalk":"likely","lanes":5,"name":"위례서로","oneway":true},"geometry":{"type":"LineString","coordinates":[[127.14103,37.48466],[127.14122,37.48509],[127.14127,37.4852]]}},{"type":"Feature","properties":{"class":"major","highway":"primary","sidewalk":"yes","lanes":4,"name":"위례서로","oneway":true},"geometry":{"type":"LineString","coordinates":[[127.14137,37.48583],[127.14118,37.48537],[127.14112,37.48522]]}},{"type":"Feature","properties":{"class":"major","highway":"primary","sidewalk":"yes","lanes":4,"name":"위례서로","oneway":true},"geometry":{"type":"LineString","coordinates":[[127.14229,37.48768],[127.14244,37.48803],[127.14253,37.48824],[127.14261,37.48844]]}},{"type":"Feature","properties":{"class":"major","highway":"primary","sidewalk":"yes","lanes":3,"name":"위례서로","oneway":true},"geometry":{"type":"LineString","coordinates":[[127.14261,37.48844],[127.14268,37.48861]]}},{"type":"Feature","properties":{"class":"major","highway":"primary","sidewalk":"yes","lanes":4,"name":"위례서로","oneway":true},"geometry":{"type":"LineString","coordinates":[[127.14248,37.48847],[127.1424,37.48828],[127.14192,37.48719]]}},{"type":"Feature","properties":{"class":"major","highway":"primary","sidewalk":"yes","lanes":4,"name":"위례서로","oneway":true},"geometry":{"type":"LineString","coordinates":[[127.14268,37.48861],[127.14278,37.48885]]}},{"type":"Feature","properties":{"class":"major","highway":"primary","sidewalk":"yes","lanes":3,"name":"위례서로","oneway":true},"geometry":{"type":"LineString","coordinates":[[127.14278,37.48885],[127.1429,37.4892]]}},{"type":"Feature","properties":{"class":"major","highway":"primary","sidewalk":"yes","lanes":3,"name":"위례서로","oneway":true},"geometry":{"type":"LineString","coordinates":[[127.14192,37.48719],[127.14175,37.48674],[127.14137,37.48583]]}},{"type":"Feature","properties":{"class":"major","highway":"primary","sidewalk":"yes","lanes":0,"name":"양산로","oneway":true},"geometry":{"type":"LineString","coordinates":[[127.14384,37.49178],[127.14369,37.4914]]}},{"type":"Feature","properties":{"class":"minor","highway":"residential","sidewalk":"unknown","lanes":0,"name":"","oneway":false},"geometry":{"type":"LineString","coordinates":[[127.15102,37.49047],[127.1508,37.49072],[127.15073,37.491],[127.15061,37.49112],[127.15052,37.49116]]}},{"type":"Feature","properties":{"class":"alley","highway":"service","sidewalk":"unknown","lanes":0,"name":"","oneway":false},"geometry":{"type":"LineString","coordinates":[[127.14053,37.49503],[127.14052,37.49485],[127.14048,37.4943],[127.14055,37.49375],[127.14048,37.49319],[127.14004,37.49276]]}},{"type":"Feature","properties":{"class":"minor","highway":"residential","sidewalk":"unknown","lanes":2,"name":"양산로8길","oneway":false},"geometry":{"type":"LineString","coordinates":[[127.14462,37.4918],[127.14416,37.49206],[127.14408,37.4921],[127.14398,37.49216]]}},{"type":"Feature","properties":{"class":"alley","highway":"service","sidewalk":"unknown","lanes":0,"name":"","oneway":false},"geometry":{"type":"LineString","coordinates":[[127.14349,37.49196],[127.14349,37.49205],[127.14348,37.49208]]}},{"type":"Feature","properties":{"class":"alley","highway":"living_street","sidewalk":"unknown","lanes":0,"name":"","oneway":false},"geometry":{"type":"LineString","coordinates":[[127.14445,37.49822],[127.14478,37.49772],[127.14482,37.49766]]}},{"type":"Feature","properties":{"class":"alley","highway":"living_street","sidewalk":"unknown","lanes":0,"name":"","oneway":false},"geometry":{"type":"LineString","coordinates":[[127.14584,37.49944],[127.1464,37.49907],[127.1461,37.49829]]}},{"type":"Feature","properties":{"class":"alley","highway":"living_street","sidewalk":"unknown","lanes":1,"name":"","oneway":true},"geometry":{"type":"LineString","coordinates":[[127.14706,37.49912],[127.14698,37.4992],[127.1466,37.49943],[127.14613,37.4997]]}},{"type":"Feature","properties":{"class":"alley","highway":"living_street","sidewalk":"unknown","lanes":0,"name":"","oneway":false},"geometry":{"type":"LineString","coordinates":[[127.14725,37.50082],[127.14702,37.50025],[127.14696,37.5002],[127.14691,37.50018],[127.1466,37.49943]]}},{"type":"Feature","properties":{"class":"alley","highway":"living_street","sidewalk":"unknown","lanes":0,"name":"","oneway":false},"geometry":{"type":"LineString","coordinates":[[127.1477,37.49922],[127.14799,37.49985]]}},{"type":"Feature","properties":{"class":"alley","highway":"living_street","sidewalk":"unknown","lanes":0,"name":"","oneway":false},"geometry":{"type":"LineString","coordinates":[[127.1477,37.49922],[127.1475,37.49936],[127.14733,37.49942]]}},{"type":"Feature","properties":{"class":"alley","highway":"living_street","sidewalk":"unknown","lanes":0,"name":"","oneway":false},"geometry":{"type":"LineString","coordinates":[[127.14697,37.49797],[127.14783,37.49781]]}},{"type":"Feature","properties":{"class":"alley","highway":"living_street","sidewalk":"unknown","lanes":0,"name":"","oneway":false},"geometry":{"type":"LineString","coordinates":[[127.14823,37.49884],[127.14818,37.49852],[127.14808,37.49787]]}},{"type":"Feature","properties":{"class":"alley","highway":"pedestrian","sidewalk":"unknown","lanes":0,"name":"","oneway":false},"geometry":{"type":"LineString","coordinates":[[127.15078,37.49803],[127.15091,37.49795],[127.1514,37.49765],[127.15149,37.4976]]}},{"type":"Feature","properties":{"class":"alley","highway":"living_street","sidewalk":"unknown","lanes":0,"name":"","oneway":false},"geometry":{"type":"LineString","coordinates":[[127.15127,37.49693],[127.15132,37.49712],[127.15135,37.49729],[127.15139,37.49746],[127.15149,37.4976],[127.15153,37.49765],[127.15169,37.49768],[127.15222,37.4974],[127.15248,37.49701]]}},{"type":"Feature","properties":{"class":"alley","highway":"living_street","sidewalk":"unknown","lanes":0,"name":"","oneway":false},"geometry":{"type":"LineString","coordinates":[[127.15086,37.49734],[127.15086,37.49691]]}},{"type":"Feature","properties":{"class":"alley","highway":"living_street","sidewalk":"unknown","lanes":0,"name":"","oneway":false},"geometry":{"type":"LineString","coordinates":[[127.15135,37.49729],[127.15229,37.49684]]}},{"type":"Feature","properties":{"class":"alley","highway":"living_street","sidewalk":"unknown","lanes":0,"name":"","oneway":false},"geometry":{"type":"LineString","coordinates":[[127.15091,37.49795],[127.15108,37.49795],[127.15131,37.49788],[127.15141,37.49784]]}},{"type":"Feature","properties":{"class":"alley","highway":"living_street","sidewalk":"unknown","lanes":0,"name":"","oneway":false},"geometry":{"type":"LineString","coordinates":[[127.15166,37.49829],[127.15151,37.49811],[127.15142,37.498],[127.15141,37.49784],[127.1514,37.49765]]}},{"type":"Feature","properties":{"class":"alley","highway":"living_street","sidewalk":"unknown","lanes":0,"name":"","oneway":false},"geometry":{"type":"LineString","coordinates":[[127.15151,37.49811],[127.15264,37.49745]]}},{"type":"Feature","properties":{"class":"alley","highway":"living_street","sidewalk":"unknown","lanes":0,"name":"","oneway":false},"geometry":{"type":"LineString","coordinates":[[127.15144,37.49694],[127.15192,37.4966]]}},{"type":"Feature","properties":{"class":"alley","highway":"living_street","sidewalk":"unknown","lanes":0,"name":"","oneway":false},"geometry":{"type":"LineString","coordinates":[[127.151,37.49692],[127.15165,37.4964]]}},{"type":"Feature","properties":{"class":"alley","highway":"living_street","sidewalk":"unknown","lanes":0,"name":"","oneway":false},"geometry":{"type":"LineString","coordinates":[[127.15086,37.49734],[127.15117,37.49762],[127.15096,37.49774]]}},{"type":"Feature","properties":{"class":"alley","highway":"living_street","sidewalk":"unknown","lanes":0,"name":"","oneway":false},"geometry":{"type":"LineString","coordinates":[[127.14982,37.49908],[127.15052,37.49877],[127.15103,37.49857]]}},{"type":"Feature","properties":{"class":"alley","highway":"living_street","sidewalk":"unknown","lanes":0,"name":"","oneway":false},"geometry":{"type":"LineString","coordinates":[[127.15094,37.49873],[127.15139,37.49923],[127.15165,37.49947],[127.15191,37.49977]]}},{"type":"Feature","properties":{"class":"alley","highway":"living_street","sidewalk":"unknown","lanes":0,"name":"","oneway":false},"geometry":{"type":"LineString","coordinates":[[127.15151,37.49969],[127.15165,37.49947],[127.15199,37.49926]]}},{"type":"Feature","properties":{"class":"alley","highway":"living_street","sidewalk":"unknown","lanes":0,"name":"","oneway":false},"geometry":{"type":"LineString","coordinates":[[127.15203,37.4993],[127.15223,37.49921]]}},{"type":"Feature","properties":{"class":"alley","highway":"living_street","sidewalk":"unknown","lanes":0,"name":"","oneway":false},"geometry":{"type":"LineString","coordinates":[[127.15221,37.49948],[127.15223,37.49921],[127.15215,37.49902],[127.15213,37.49897],[127.15201,37.49877],[127.15175,37.49851],[127.15172,37.49843],[127.15166,37.49829]]}},{"type":"Feature","properties":{"class":"alley","highway":"living_street","sidewalk":"unknown","lanes":0,"name":"","oneway":false},"geometry":{"type":"LineString","coordinates":[[127.15142,37.498],[127.15093,37.49821]]}},{"type":"Feature","properties":{"class":"alley","highway":"living_street","sidewalk":"unknown","lanes":0,"name":"","oneway":false},"geometry":{"type":"LineString","coordinates":[[127.15319,37.49903],[127.153,37.49887],[127.15299,37.49885],[127.15269,37.49858],[127.15237,37.49828],[127.15212,37.49805]]}},{"type":"Feature","properties":{"class":"alley","highway":"living_street","sidewalk":"unknown","lanes":0,"name":"","oneway":false},"geometry":{"type":"LineString","coordinates":[[127.153,37.49887],[127.15305,37.49881],[127.15307,37.49872],[127.15298,37.49841]]}},{"type":"Feature","properties":{"class":"alley","highway":"living_street","sidewalk":"unknown","lanes":0,"name":"","oneway":false},"geometry":{"type":"LineString","coordinates":[[127.15269,37.49858],[127.15298,37.49841],[127.15308,37.49838],[127.15318,37.49834],[127.15335,37.4983],[127.15351,37.49832],[127.15361,37.49836]]}},{"type":"Feature","properties":{"class":"alley","highway":"living_street","sidewalk":"unknown","lanes":0,"name":"","oneway":false},"geometry":{"type":"LineString","coordinates":[[127.15299,37.49885],[127.15251,37.49915]]}},{"type":"Feature","properties":{"class":"alley","highway":"living_street","sidewalk":"unknown","lanes":0,"name":"","oneway":false},"geometry":{"type":"LineString","coordinates":[[127.15269,37.49858],[127.15231,37.49885],[127.15213,37.49897]]}},{"type":"Feature","properties":{"class":"alley","highway":"living_street","sidewalk":"unknown","lanes":0,"name":"","oneway":false},"geometry":{"type":"LineString","coordinates":[[127.15172,37.49843],[127.15182,37.49836],[127.15231,37.49885]]}},{"type":"Feature","properties":{"class":"alley","highway":"living_street","sidewalk":"unknown","lanes":0,"name":"","oneway":false},"geometry":{"type":"LineString","coordinates":[[127.15308,37.49838],[127.15265,37.49796]]}},{"type":"Feature","properties":{"class":"alley","highway":"living_street","sidewalk":"unknown","lanes":0,"name":"","oneway":false},"geometry":{"type":"LineString","coordinates":[[127.15237,37.49828],[127.15223,37.49838],[127.15214,37.49831]]}},{"type":"Feature","properties":{"class":"alley","highway":"living_street","sidewalk":"unknown","lanes":0,"name":"","oneway":false},"geometry":{"type":"LineString","coordinates":[[127.15349,37.49855],[127.15388,37.49865],[127.15426,37.49876]]}},{"type":"Feature","properties":{"class":"alley","highway":"living_street","sidewalk":"unknown","lanes":0,"name":"","oneway":false},"geometry":{"type":"LineString","coordinates":[[127.15388,37.49865],[127.15395,37.49842]]}},{"type":"Feature","properties":{"class":"alley","highway":"living_street","sidewalk":"unknown","lanes":0,"name":"","oneway":false},"geometry":{"type":"LineString","coordinates":[[127.15088,37.50003],[127.15151,37.49969]]}},{"type":"Feature","properties":{"class":"alley","highway":"living_street","sidewalk":"unknown","lanes":0,"name":"","oneway":false},"geometry":{"type":"LineString","coordinates":[[127.14987,37.50031],[127.15016,37.50015],[127.15037,37.50003],[127.15069,37.49986]]}},{"type":"Feature","properties":{"class":"alley","highway":"living_street","sidewalk":"unknown","lanes":0,"name":"","oneway":false},"geometry":{"type":"LineString","coordinates":[[127.15037,37.50003],[127.15035,37.49995],[127.15033,37.49978],[127.14981,37.49985],[127.14983,37.49998],[127.1499,37.50002],[127.15035,37.49995]]}},{"type":"Feature","properties":{"class":"alley","highway":"living_street","sidewalk":"unknown","lanes":0,"name":"","oneway":false},"geometry":{"type":"LineString","coordinates":[[127.14922,37.49852],[127.14987,37.49819]]}},{"type":"Feature","properties":{"class":"alley","highway":"living_street","sidewalk":"unknown","lanes":0,"name":"","oneway":false},"geometry":{"type":"LineString","coordinates":[[127.14933,37.49862],[127.14998,37.49828]]}},{"type":"Feature","properties":{"class":"alley","highway":"living_street","sidewalk":"unknown","lanes":0,"name":"","oneway":false},"geometry":{"type":"LineString","coordinates":[[127.14951,37.49878],[127.14981,37.49864]]}},{"type":"Feature","properties":{"class":"alley","highway":"living_street","sidewalk":"unknown","lanes":0,"name":"","oneway":false},"geometry":{"type":"LineString","coordinates":[[127.15017,37.49845],[127.14991,37.49858]]}},{"type":"Feature","properties":{"class":"alley","highway":"living_street","sidewalk":"unknown","lanes":0,"name":"","oneway":false},"geometry":{"type":"LineString","coordinates":[[127.1497,37.49896],[127.14994,37.49885],[127.14991,37.4988],[127.15033,37.4986]]}},{"type":"Feature","properties":{"class":"alley","highway":"living_street","sidewalk":"unknown","lanes":0,"name":"","oneway":false},"geometry":{"type":"LineString","coordinates":[[127.15033,37.4986],[127.15099,37.49826]]}},{"type":"Feature","properties":{"class":"alley","highway":"living_street","sidewalk":"unknown","lanes":0,"name":"","oneway":false},"geometry":{"type":"LineString","coordinates":[[127.14995,37.4994],[127.14971,37.49916],[127.14953,37.49915],[127.14929,37.49918],[127.14915,37.4991]]}},{"type":"Feature","properties":{"class":"alley","highway":"living_street","sidewalk":"unknown","lanes":0,"name":"","oneway":false},"geometry":{"type":"LineString","coordinates":[[127.14915,37.4991],[127.14867,37.49855]]}},{"type":"Feature","properties":{"class":"alley","highway":"living_street","sidewalk":"unknown","lanes":0,"name":"","oneway":false},"geometry":{"type":"LineString","coordinates":[[127.14929,37.499],[127.14881,37.49846]]}},{"type":"Feature","properties":{"class":"alley","highway":"living_street","sidewalk":"unknown","lanes":0,"name":"","oneway":false},"geometry":{"type":"LineString","coordinates":[[127.14841,37.49872],[127.14863,37.49895]]}},{"type":"Feature","properties":{"class":"alley","highway":"living_street","sidewalk":"unknown","lanes":0,"name":"","oneway":false},"geometry":{"type":"LineString","coordinates":[[127.14823,37.49922],[127.14872,37.49906]]}},{"type":"Feature","properties":{"class":"alley","highway":"living_street","sidewalk":"unknown","lanes":0,"name":"","oneway":false},"geometry":{"type":"LineString","coordinates":[[127.14917,37.49823],[127.14883,37.49765],[127.14879,37.49758],[127.14871,37.49741]]}},{"type":"Feature","properties":{"class":"alley","highway":"living_street","sidewalk":"unknown","lanes":0,"name":"","oneway":false},"geometry":{"type":"LineString","coordinates":[[127.14946,37.49807],[127.14916,37.49768],[127.14937,37.49753]]}},{"type":"Feature","properties":{"class":"alley","highway":"living_street","sidewalk":"unknown","lanes":0,"name":"","oneway":false},"geometry":{"type":"LineString","coordinates":[[127.14879,37.49758],[127.14903,37.4975]]}},{"type":"Feature","properties":{"class":"alley","highway":"living_street","sidewalk":"unknown","lanes":0,"name":"","oneway":false},"geometry":{"type":"LineString","coordinates":[[127.14929,37.49745],[127.1491,37.49751]]}},{"type":"Feature","properties":{"class":"alley","highway":"living_street","sidewalk":"unknown","lanes":0,"name":"","oneway":false},"geometry":{"type":"LineString","coordinates":[[127.1488,37.49813],[127.14851,37.49833]]}},{"type":"Feature","properties":{"class":"alley","highway":"living_street","sidewalk":"unknown","lanes":0,"name":"","oneway":false},"geometry":{"type":"LineString","coordinates":[[127.14867,37.49801],[127.14846,37.49816]]}},{"type":"Feature","properties":{"class":"alley","highway":"living_street","sidewalk":"unknown","lanes":0,"name":"","oneway":false},"geometry":{"type":"LineString","coordinates":[[127.14755,37.49856],[127.14818,37.49852]]}},{"type":"Feature","properties":{"class":"alley","highway":"living_street","sidewalk":"unknown","lanes":0,"name":"","oneway":false},"geometry":{"type":"LineString","coordinates":[[127.14777,37.49878],[127.14807,37.49876]]}},{"type":"Feature","properties":{"class":"alley","highway":"service","sidewalk":"unknown","lanes":0,"name":"","oneway":false},"geometry":{"type":"LineString","coordinates":[[127.15036,37.49695],[127.15024,37.49681],[127.15023,37.49673],[127.15032,37.49667]]}},{"type":"Feature","properties":{"class":"alley","highway":"living_street","sidewalk":"unknown","lanes":0,"name":"","oneway":false},"geometry":{"type":"LineString","coordinates":[[127.15366,37.49557],[127.1535,37.49595],[127.15369,37.49615]]}},{"type":"Feature","properties":{"class":"alley","highway":"living_street","sidewalk":"unknown","lanes":0,"name":"","oneway":false},"geometry":{"type":"LineString","coordinates":[[127.15369,37.49615],[127.15343,37.49637]]}},{"type":"Feature","properties":{"class":"alley","highway":"living_street","sidewalk":"unknown","lanes":0,"name":"","oneway":false},"geometry":{"type":"LineString","coordinates":[[127.15369,37.49615],[127.15376,37.49614],[127.15406,37.49582]]}},{"type":"Feature","properties":{"class":"alley","highway":"living_street","sidewalk":"unknown","lanes":0,"name":"","oneway":false},"geometry":{"type":"LineString","coordinates":[[127.1536,37.49521],[127.15413,37.49552]]}},{"type":"Feature","properties":{"class":"alley","highway":"living_street","sidewalk":"unknown","lanes":0,"name":"","oneway":false},"geometry":{"type":"LineString","coordinates":[[127.15406,37.49582],[127.15417,37.49565],[127.15407,37.4956],[127.15413,37.49552]]}},{"type":"Feature","properties":{"class":"alley","highway":"living_street","sidewalk":"unknown","lanes":0,"name":"","oneway":false},"geometry":{"type":"LineString","coordinates":[[127.15413,37.49552],[127.15425,37.49542]]}},{"type":"Feature","properties":{"class":"alley","highway":"living_street","sidewalk":"unknown","lanes":0,"name":"","oneway":false},"geometry":{"type":"LineString","coordinates":[[127.15398,37.49483],[127.15423,37.49492],[127.15424,37.49504],[127.15413,37.49523],[127.15419,37.49527]]}},{"type":"Feature","properties":{"class":"alley","highway":"living_street","sidewalk":"unknown","lanes":0,"name":"","oneway":false},"geometry":{"type":"LineString","coordinates":[[127.15446,37.49433],[127.15473,37.49452],[127.15516,37.49475]]}},{"type":"Feature","properties":{"class":"alley","highway":"living_street","sidewalk":"unknown","lanes":0,"name":"","oneway":false},"geometry":{"type":"LineString","coordinates":[[127.1538,37.49446],[127.15394,37.49415],[127.15422,37.49381]]}},{"type":"Feature","properties":{"class":"alley","highway":"living_street","sidewalk":"unknown","lanes":0,"name":"","oneway":false},"geometry":{"type":"LineString","coordinates":[[127.15342,37.49416],[127.15315,37.494]]}},{"type":"Feature","properties":{"class":"alley","highway":"living_street","sidewalk":"unknown","lanes":0,"name":"","oneway":false},"geometry":{"type":"LineString","coordinates":[[127.1536,37.49399],[127.15337,37.49386],[127.1533,37.49384],[127.15307,37.4937]]}},{"type":"Feature","properties":{"class":"alley","highway":"living_street","sidewalk":"unknown","lanes":0,"name":"","oneway":false},"geometry":{"type":"LineString","coordinates":[[127.1525,37.49375],[127.15263,37.49382]]}},{"type":"Feature","properties":{"class":"alley","highway":"living_street","sidewalk":"unknown","lanes":0,"name":"","oneway":false},"geometry":{"type":"LineString","coordinates":[[127.1526,37.4946],[127.153,37.49414]]}},{"type":"Feature","properties":{"class":"alley","highway":"living_street","sidewalk":"unknown","lanes":0,"name":"","oneway":false},"geometry":{"type":"LineString","coordinates":[[127.15333,37.49536],[127.15351,37.49506],[127.15354,37.49503],[127.15359,37.49503],[127.15374,37.49507]]}},{"type":"Feature","properties":{"class":"alley","highway":"living_street","sidewalk":"unknown","lanes":0,"name":"","oneway":false},"geometry":{"type":"LineString","coordinates":[[127.15234,37.4965],[127.1526,37.49667]]}},{"type":"Feature","properties":{"class":"alley","highway":"living_street","sidewalk":"unknown","lanes":0,"name":"","oneway":false},"geometry":{"type":"LineString","coordinates":[[127.1525,37.49633],[127.15294,37.4966],[127.15308,37.4967],[127.15317,37.49681]]}},{"type":"Feature","properties":{"class":"alley","highway":"living_street","sidewalk":"unknown","lanes":0,"name":"","oneway":false},"geometry":{"type":"LineString","coordinates":[[127.15363,37.49649],[127.15335,37.49669],[127.15317,37.49681],[127.1529,37.49689]]}},{"type":"Feature","properties":{"class":"alley","highway":"living_street","sidewalk":"unknown","lanes":0,"name":"","oneway":false},"geometry":{"type":"LineString","coordinates":[[127.15265,37.49618],[127.15314,37.49648]]}},{"type":"Feature","properties":{"class":"alley","highway":"living_street","sidewalk":"unknown","lanes":0,"name":"성내천로42길","oneway":false},"geometry":{"type":"LineString","coordinates":[[127.1526,37.49583],[127.15189,37.49622],[127.15188,37.49626]]}},{"type":"Feature","properties":{"class":"alley","highway":"living_street","sidewalk":"unknown","lanes":0,"name":"","oneway":false},"geometry":{"type":"LineString","coordinates":[[127.15335,37.49669],[127.15351,37.49679]]}},{"type":"Feature","properties":{"class":"alley","highway":"service","sidewalk":"unknown","lanes":0,"name":"","oneway":false},"geometry":{"type":"LineString","coordinates":[[127.14331,37.49539],[127.14324,37.49545],[127.14376,37.4959],[127.14269,37.49665]]}},{"type":"Feature","properties":{"class":"major","highway":"primary","sidewalk":"yes","lanes":7,"name":"거마로","oneway":true},"geometry":{"type":"LineString","coordinates":[[127.14448,37.49304],[127.14454,37.49318],[127.14466,37.49344],[127.14499,37.49419],[127.14532,37.49496],[127.14557,37.49553],[127.14563,37.49566],[127.1457,37.49583],[127.1466,37.49782],[127.14665,37.49792],[127.14672,37.49807],[127.14675,37.49815],[127.14733,37.49942],[127.14757,37.49996],[127.14813,37.50119],[127.14818,37.50141]]}},{"type":"Feature","properties":{"class":"minor","highway":"residential","sidewalk":"unknown","lanes":0,"name":"","oneway":true},"geometry":{"type":"LineString","coordinates":[[127.14473,37.49344],[127.14519,37.49343]]}},{"type":"Feature","properties":{"class":"major","highway":"primary","sidewalk":"likely","lanes":0,"name":"거마로","oneway":true},"geometry":{"type":"LineString","coordinates":[[127.14465,37.49379],[127.14448,37.49338],[127.1444,37.49321],[127.14433,37.49305]]}},{"type":"Feature","properties":{"class":"major","highway":"primary","sidewalk":"likely","lanes":0,"name":"","oneway":true},"geometry":{"type":"LineString","coordinates":[[127.1452,37.49504],[127.14484,37.49423],[127.14481,37.49415]]}},{"type":"Feature","properties":{"class":"major","highway":"primary","sidewalk":"yes","lanes":7,"name":"양산로","oneway":true},"geometry":{"type":"LineString","coordinates":[[127.1429,37.4892],[127.14324,37.49001],[127.14328,37.4901],[127.14332,37.4902],[127.14339,37.49038],[127.14403,37.49199],[127.14408,37.4921],[127.14429,37.4926],[127.14438,37.49281],[127.14438,37.49282],[127.14448,37.49304]]}},{"type":"Feature","properties":{"class":"major","highway":"secondary","sidewalk":"likely","lanes":0,"name":"오금로","oneway":false},"geometry":{"type":"LineString","coordinates":[[127.14448,37.49304],[127.14433,37.49305]]}},{"type":"Feature","properties":{"class":"alley","highway":"service","sidewalk":"unknown","lanes":0,"name":"","oneway":false},"geometry":{"type":"LineString","coordinates":[[127.14567,37.49471],[127.14591,37.49491],[127.14669,37.49434],[127.1468,37.49443],[127.14601,37.495],[127.14591,37.49491]]}},{"type":"Feature","properties":{"class":"alley","highway":"service","sidewalk":"unknown","lanes":0,"name":"","oneway":false},"geometry":{"type":"LineString","coordinates":[[127.14699,37.49377],[127.14741,37.49415]]}},{"type":"Feature","properties":{"class":"minor","highway":"residential","sidewalk":"unknown","lanes":0,"name":"위례북로3길","oneway":false},"geometry":{"type":"LineString","coordinates":[[127.15322,37.49171],[127.15244,37.49125],[127.15158,37.49079],[127.15128,37.49061],[127.15102,37.49047]]}},{"type":"Feature","properties":{"class":"alley","highway":"service","sidewalk":"unknown","lanes":0,"name":"","oneway":false},"geometry":{"type":"LineString","coordinates":[[127.14222,37.48555],[127.14203,37.4856]]}},{"type":"Feature","properties":{"class":"alley","highway":"service","sidewalk":"unknown","lanes":0,"name":"","oneway":false},"geometry":{"type":"LineString","coordinates":[[127.14225,37.48565],[127.14222,37.48566],[127.14197,37.48573]]}},{"type":"Feature","properties":{"class":"alley","highway":"service","sidewalk":"unknown","lanes":0,"name":"","oneway":false},"geometry":{"type":"LineString","coordinates":[[127.14502,37.49706],[127.14479,37.49684],[127.14491,37.49676],[127.14496,37.49681]]}},{"type":"Feature","properties":{"class":"alley","highway":"service","sidewalk":"unknown","lanes":0,"name":"","oneway":false},"geometry":{"type":"LineString","coordinates":[[127.14515,37.49698],[127.14505,37.4969]]}},{"type":"Feature","properties":{"class":"alley","highway":"living_street","sidewalk":"unknown","lanes":0,"name":"","oneway":false},"geometry":{"type":"LineString","coordinates":[[127.14478,37.49772],[127.14489,37.49776],[127.14541,37.49726],[127.1459,37.49688],[127.14598,37.49682]]}},{"type":"Feature","properties":{"class":"alley","highway":"service","sidewalk":"unknown","lanes":0,"name":"","oneway":false},"geometry":{"type":"LineString","coordinates":[[127.14541,37.49682],[127.14555,37.497],[127.14515,37.49735],[127.14488,37.49759]]}},{"type":"Feature","properties":{"class":"alley","highway":"service","sidewalk":"unknown","lanes":0,"name":"","oneway":false},"geometry":{"type":"LineString","coordinates":[[127.14492,37.49712],[127.14497,37.49717],[127.14515,37.49735]]}},{"type":"Feature","properties":{"class":"alley","highway":"service","sidewalk":"unknown","lanes":0,"name":"","oneway":false},"geometry":{"type":"LineString","coordinates":[[127.14497,37.49717],[127.14465,37.49739]]}},{"type":"Feature","properties":{"class":"alley","highway":"service","sidewalk":"unknown","lanes":0,"name":"","oneway":false},"geometry":{"type":"LineString","coordinates":[[127.14379,37.49696],[127.14373,37.49689],[127.14356,37.49674],[127.1435,37.49678],[127.14325,37.49655],[127.14372,37.49624],[127.144,37.49651],[127.14383,37.49662],[127.14395,37.49674],[127.14373,37.49689]]}},{"type":"Feature","properties":{"class":"minor","highway":"residential","sidewalk":"unknown","lanes":0,"name":"","oneway":false},"geometry":{"type":"LineString","coordinates":[[127.14305,37.49843],[127.14301,37.4984],[127.14297,37.49838],[127.14292,37.49837],[127.1428,37.49836],[127.14278,37.49835],[127.14277,37.49833],[127.1428,37.49811],[127.14282,37.49796]]}},{"type":"Feature","properties":{"class":"minor","highway":"residential","sidewalk":"unknown","lanes":0,"name":"","oneway":false},"geometry":{"type":"LineString","coordinates":[[127.14292,37.49837],[127.14293,37.4983],[127.14297,37.4981],[127.14299,37.49797]]}},{"type":"Feature","properties":{"class":"minor","highway":"residential","sidewalk":"unknown","lanes":0,"name":"","oneway":false},"geometry":{"type":"LineString","coordinates":[[127.14494,37.49867],[127.14504,37.49859],[127.14511,37.49854],[127.14518,37.49849],[127.14528,37.49842],[127.14538,37.49834],[127.1455,37.49827],[127.14557,37.49822],[127.14559,37.4982],[127.14561,37.49818],[127.14563,37.49816],[127.14566,37.49812],[127.14569,37.4981],[127.14574,37.49806]]}},{"type":"Feature","properties":{"class":"minor","highway":"residential","sidewalk":"unknown","lanes":0,"name":"","oneway":false},"geometry":{"type":"LineString","coordinates":[[127.143,37.49901],[127.14318,37.49889],[127.1435,37.49869],[127.1438,37.49848]]}},{"type":"Feature","properties":{"class":"minor","highway":"residential","sidewalk":"unknown","lanes":0,"name":"","oneway":false},"geometry":{"type":"LineString","coordinates":[[127.15694,37.49408],[127.15687,37.49405],[127.15681,37.49402],[127.15672,37.49399],[127.15667,37.49398],[127.15662,37.49398],[127.15658,37.49398],[127.15656,37.49399],[127.15653,37.49401],[127.1565,37.49401],[127.15649,37.494],[127.15645,37.49399],[127.15642,37.49396],[127.15637,37.49394],[127.15633,37.49392],[127.15632,37.4939],[127.15633,37.49387],[127.15635,37.49385],[127.15638,37.49381],[127.15641,37.49378],[127.15644,37.49375]]}},{"type":"Feature","properties":{"class":"minor","highway":"residential","sidewalk":"unknown","lanes":0,"name":"","oneway":false},"geometry":{"type":"LineString","coordinates":[[127.15801,37.49365],[127.15792,37.49363],[127.15784,37.49361],[127.15766,37.49358],[127.15762,37.49357],[127.15752,37.49355],[127.15742,37.49352],[127.1574,37.49351],[127.1574,37.49349],[127.1574,37.49346],[127.1574,37.49331],[127.15739,37.49295],[127.15739,37.49274]]}},{"type":"Feature","properties":{"class":"minor","highway":"residential","sidewalk":"unknown","lanes":0,"name":"","oneway":false},"geometry":{"type":"LineString","coordinates":[[127.15708,37.49236],[127.15695,37.49234],[127.15693,37.49234],[127.15692,37.49236],[127.15691,37.49238],[127.15691,37.4924],[127.15691,37.49242],[127.1569,37.49244],[127.15689,37.49246],[127.15686,37.49252],[127.15679,37.49265]]}},{"type":"Feature","properties":{"class":"alley","highway":"service","sidewalk":"unknown","lanes":0,"name":"","oneway":false},"geometry":{"type":"LineString","coordinates":[[127.14189,37.48069],[127.14218,37.48071]]}},{"type":"Feature","properties":{"class":"alley","highway":"service","sidewalk":"unknown","lanes":0,"name":"","oneway":false},"geometry":{"type":"LineString","coordinates":[[127.14442,37.47999],[127.14387,37.48001]]}},{"type":"Feature","properties":{"class":"minor","highway":"residential","sidewalk":"unknown","lanes":0,"name":"","oneway":false},"geometry":{"type":"LineString","coordinates":[[127.15052,37.49116],[127.15067,37.4913],[127.15073,37.49138],[127.15075,37.49144],[127.15078,37.49149],[127.15078,37.49158],[127.15074,37.49167],[127.15065,37.49186],[127.15056,37.49201],[127.15042,37.49215]]}},{"type":"Feature","properties":{"class":"alley","highway":"service","sidewalk":"unknown","lanes":0,"name":"","oneway":false},"geometry":{"type":"LineString","coordinates":[[127.14873,37.4812],[127.1487,37.48122]]}},{"type":"Feature","properties":{"class":"alley","highway":"service","sidewalk":"unknown","lanes":0,"name":"","oneway":false},"geometry":{"type":"LineString","coordinates":[[127.14987,37.4806],[127.1499,37.48039]]}},{"type":"Feature","properties":{"class":"minor","highway":"residential","sidewalk":"unknown","lanes":4,"name":"성내천로","oneway":false},"geometry":{"type":"LineString","coordinates":[[127.15834,37.48992],[127.15769,37.49014],[127.15727,37.49046],[127.15702,37.49064],[127.15689,37.49067]]}},{"type":"Feature","properties":{"class":"minor","highway":"residential","sidewalk":"unknown","lanes":0,"name":"","oneway":false},"geometry":{"type":"LineString","coordinates":[[127.15944,37.48949],[127.15929,37.48961],[127.15918,37.48972],[127.15906,37.48977],[127.15884,37.4898]]}},{"type":"Feature","properties":{"class":"minor","highway":"residential","sidewalk":"unknown","lanes":4,"name":"성내천로","oneway":false},"geometry":{"type":"LineString","coordinates":[[127.15884,37.4898],[127.15834,37.48992]]}},{"type":"Feature","properties":{"class":"alley","highway":"service","sidewalk":"unknown","lanes":0,"name":"","oneway":false},"geometry":{"type":"LineString","coordinates":[[127.15573,37.49282],[127.1558,37.49265]]}},{"type":"Feature","properties":{"class":"alley","highway":"service","sidewalk":"unknown","lanes":0,"name":"","oneway":false},"geometry":{"type":"LineString","coordinates":[[127.15567,37.49293],[127.15573,37.49282]]}},{"type":"Feature","properties":{"class":"major","highway":"primary_link","sidewalk":"likely","lanes":0,"name":"","oneway":true},"geometry":{"type":"LineString","coordinates":[[127.14448,37.49338],[127.14441,37.49335],[127.1443,37.49332],[127.14418,37.49329],[127.14393,37.49325]]}},{"type":"Feature","properties":{"class":"major","highway":"motorway","sidewalk":"likely","lanes":2,"name":"수도권제1순환고속도로","oneway":true},"geometry":{"type":"LineString","coordinates":[[127.13967,37.49481],[127.14177,37.49915],[127.14366,37.50289]]}},{"type":"Feature","properties":{"class":"major","highway":"primary_link","sidewalk":"likely","lanes":1,"name":"","oneway":true},"geometry":{"type":"LineString","coordinates":[[127.14774,37.48044],[127.14768,37.4805],[127.14767,37.48052],[127.14767,37.48054],[127.14767,37.48066],[127.14766,37.48069],[127.14765,37.4807],[127.14762,37.4807],[127.1476,37.4807],[127.14758,37.48069]]}},{"type":"Feature","properties":{"class":"major","highway":"secondary_link","sidewalk":"likely","lanes":0,"name":"","oneway":true},"geometry":{"type":"LineString","coordinates":[[127.1563,37.49096],[127.1564,37.49083],[127.15654,37.49068],[127.15658,37.49062],[127.15672,37.49037],[127.15688,37.49008]]}},{"type":"Feature","properties":{"class":"minor","highway":"residential","sidewalk":"unknown","lanes":0,"name":"","oneway":true},"geometry":{"type":"LineString","coordinates":[[127.14466,37.49344],[127.14473,37.49344]]}},{"type":"Feature","properties":{"class":"minor","highway":"residential","sidewalk":"unknown","lanes":0,"name":"오금로54길","oneway":false},"geometry":{"type":"LineString","coordinates":[[127.1441,37.4927],[127.14418,37.49266]]}},{"type":"Feature","properties":{"class":"alley","highway":"living_street","sidewalk":"unknown","lanes":0,"name":"","oneway":false},"geometry":{"type":"LineString","coordinates":[[127.15473,37.49384],[127.15468,37.49405]]}},{"type":"Feature","properties":{"class":"minor","highway":"residential","sidewalk":"unknown","lanes":0,"name":"마천로65길","oneway":false},"geometry":{"type":"LineString","coordinates":[[127.1558,37.49265],[127.15618,37.49279]]}}]}