{"type":"FeatureCollection","features":[{"type":"Feature","properties":{"class":"major","highway":"tertiary","sidewalk":"likely","lanes":0,"name":"문정로","oneway":false},"geometry":{"type":"LineString","coordinates":[[127.12236,37.48601],[127.12259,37.48607],[127.12273,37.48611],[127.12285,37.48612],[127.12318,37.48614],[127.12363,37.48616],[127.12379,37.48616],[127.12422,37.48618],[127.1244,37.48619],[127.12491,37.48621],[127.12541,37.48623],[127.12564,37.48624],[127.12651,37.48628],[127.12665,37.48629]]}},{"type":"Feature","properties":{"class":"major","highway":"primary","sidewalk":"yes","lanes":4,"name":"송파대로","oneway":true},"geometry":{"type":"LineString","coordinates":[[127.12435,37.4826],[127.12421,37.48289],[127.124,37.48334],[127.12382,37.48368],[127.12342,37.48444]]}},{"type":"Feature","properties":{"class":"minor","highway":"residential","sidewalk":"unknown","lanes":2,"name":"양재대로62길","oneway":false},"geometry":{"type":"LineString","coordinates":[[127.12193,37.49435],[127.12135,37.49501],[127.1211,37.49533],[127.12081,37.49574],[127.12054,37.49606],[127.12046,37.49616],[127.11966,37.49706],[127.11942,37.49733],[127.11939,37.49736],[127.11878,37.49808],[127.11816,37.4988],[127.1179,37.4991],[127.11764,37.49943],[127.11763,37.49945],[127.11751,37.49961]]}},{"type":"Feature","properties":{"class":"minor","highway":"residential","sidewalk":"yes","lanes":0,"name":"중대로9길","oneway":false},"geometry":{"type":"LineString","coordinates":[[127.1205,37.4934],[127.12042,37.49349],[127.12039,37.49352],[127.1201,37.49385],[127.11981,37.49418],[127.11951,37.49451],[127.11946,37.49457],[127.11919,37.49489],[127.11913,37.49497],[127.1189,37.49533],[127.11873,37.49564],[127.11865,37.49584],[127.11855,37.49615],[127.11847,37.4964],[127.11846,37.49651],[127.11846,37.49653],[127.1185,37.49665],[127.11859,37.49682],[127.11867,37.49692],[127.11872,37.49698],[127.11893,37.49712],[127.11899,37.49715],[127.11939,37.49736],[127.11981,37.49759],[127.12021,37.4978],[127.12068,37.49805]]}},{"type":"Feature","properties":{"class":"minor","highway":"residential","sidewalk":"yes","lanes":2,"name":"송파대로28길","oneway":false},"geometry":{"type":"LineString","coordinates":[[127.11818,37.49331],[127.11833,37.4934],[127.11905,37.49377],[127.11981,37.49418],[127.1206,37.4946],[127.12135,37.49501],[127.12161,37.49513],[127.12267,37.49571]]}},{"type":"Feature","properties":{"class":"minor","highway":"residential","sidewalk":"yes","lanes":2,"name":"송파대로30길","oneway":false},"geometry":{"type":"LineString","coordinates":[[127.11755,37.49404],[127.11768,37.49411],[127.11807,37.49431],[127.11841,37.49449],[127.11919,37.49489],[127.11964,37.49513],[127.12081,37.49574],[127.12159,37.49614],[127.12209,37.4964]]}},{"type":"Feature","properties":{"class":"minor","highway":"residential","sidewalk":"unknown","lanes":0,"name":"송이로20길","oneway":false},"geometry":{"type":"LineString","coordinates":[[127.1201,37.49729],[127.12093,37.49626]]}},{"type":"Feature","properties":{"class":"minor","highway":"residential","sidewalk":"unknown","lanes":0,"name":"양재대로62길","oneway":false},"geometry":{"type":"LineString","coordinates":[[127.12047,37.49748],[127.1201,37.49729],[127.11966,37.49706],[127.1193,37.49686],[127.1189,37.49664]]}},{"type":"Feature","properties":{"class":"alley","highway":"service","sidewalk":"unknown","lanes":0,"name":"","oneway":false},"geometry":{"type":"LineString","coordinates":[[127.11892,37.49923],[127.11982,37.4981],[127.11987,37.4981],[127.12041,37.49837]]}},{"type":"Feature","properties":{"class":"minor","highway":"residential","sidewalk":"unknown","lanes":0,"name":"송이로20길","oneway":false},"geometry":{"type":"LineString","coordinates":[[127.1193,37.49686],[127.12013,37.49584]]}},{"type":"Feature","properties":{"class":"minor","highway":"residential","sidewalk":"unknown","lanes":0,"name":"송이로20길","oneway":false},"geometry":{"type":"LineString","coordinates":[[127.12131,37.49647],[127.12093,37.49626],[127.12054,37.49606],[127.12013,37.49584],[127.11975,37.49564],[127.11938,37.49544]]}},{"type":"Feature","properties":{"class":"minor","highway":"residential","sidewalk":"unknown","lanes":0,"name":"송파대로30길","oneway":false},"geometry":{"type":"LineString","coordinates":[[127.12021,37.4978],[127.12047,37.49748],[127.12096,37.4969],[127.12131,37.49647],[127.12159,37.49614]]}},{"type":"Feature","properties":{"class":"minor","highway":"residential","sidewalk":"unknown","lanes":0,"name":"송이로","oneway":false},"geometry":{"type":"LineString","coordinates":[[127.12096,37.4969],[127.12146,37.49715]]}},{"type":"Feature","properties":{"class":"minor","highway":"residential","sidewalk":"unknown","lanes":0,"name":"중대로9길","oneway":false},"geometry":{"type":"LineString","coordinates":[[127.1201,37.49385],[127.11934,37.49344]]}},{"type":"Feature","properties":{"class":"minor","highway":"residential","sidewalk":"unknown","lanes":0,"name":"중대로","oneway":false},"geometry":{"type":"LineString","coordinates":[[127.1206,37.4946],[127.12117,37.49394],[127.12119,37.49392],[127.12127,37.49383]]}},{"type":"Feature","properties":{"class":"minor","highway":"residential","sidewalk":"unknown","lanes":0,"name":"오금로36길","oneway":false},"geometry":{"type":"LineString","coordinates":[[127.12027,37.4993],[127.12057,37.49896],[127.12113,37.49833],[127.1214,37.49803],[127.12166,37.49772],[127.12194,37.49741]]}},{"type":"Feature","properties":{"class":"minor","highway":"residential","sidewalk":"unknown","lanes":0,"name":"송이로21길","oneway":false},"geometry":{"type":"LineString","coordinates":[[127.12213,37.49636],[127.12262,37.49661],[127.12296,37.4968],[127.12336,37.49702],[127.12365,37.49717],[127.12384,37.49728],[127.1239,37.49739],[127.12391,37.49753],[127.12385,37.49766],[127.12334,37.49822],[127.12311,37.49851],[127.12286,37.49881],[127.12253,37.49919],[127.12222,37.49954],[127.122,37.4998],[127.12171,37.50013]]}},{"type":"Feature","properties":{"class":"minor","highway":"residential","sidewalk":"unknown","lanes":0,"name":"송이로15길","oneway":false},"geometry":{"type":"LineString","coordinates":[[127.11983,37.49905],[127.12027,37.4993],[127.12069,37.49954],[127.12171,37.50013],[127.12254,37.50061],[127.12266,37.5008],[127.12276,37.50095],[127.12315,37.50158],[127.12318,37.50161],[127.1239,37.50234],[127.12418,37.50263]]}},{"type":"Feature","properties":{"class":"minor","highway":"residential","sidewalk":"unknown","lanes":0,"name":"양재대로64길","oneway":false},"geometry":{"type":"LineString","coordinates":[[127.12103,37.50187],[127.1211,37.50181],[127.12147,37.50151],[127.12254,37.50061],[127.12268,37.50048],[127.12283,37.50034],[127.1232,37.5],[127.12356,37.49976],[127.12394,37.49947],[127.12433,37.4992],[127.12521,37.49853],[127.12552,37.49829],[127.12554,37.49828],[127.12563,37.4982]]}},{"type":"Feature","properties":{"class":"minor","highway":"residential","sidewalk":"unknown","lanes":0,"name":"오금로34길","oneway":false},"geometry":{"type":"LineString","coordinates":[[127.12116,37.49896],[127.12222,37.49954],[127.12283,37.50034],[127.12302,37.5006],[127.12351,37.50131],[127.12453,37.5024],[127.12482,37.5027],[127.12509,37.50299],[127.12537,37.50324]]}},{"type":"Feature","properties":{"class":"minor","highway":"residential","sidewalk":"unknown","lanes":0,"name":"송이로17길","oneway":false},"geometry":{"type":"LineString","coordinates":[[127.1214,37.49803],[127.12286,37.49881],[127.12356,37.49976],[127.12379,37.50009],[127.124,37.50039],[127.12425,37.50075],[127.12463,37.50115],[127.1249,37.50144],[127.12518,37.50174],[127.12545,37.50203],[127.12577,37.50236]]}},{"type":"Feature","properties":{"class":"minor","highway":"residential","sidewalk":"unknown","lanes":0,"name":"송이로21길","oneway":false},"geometry":{"type":"LineString","coordinates":[[127.122,37.4998],[127.12093,37.49926]]}},{"type":"Feature","properties":{"class":"minor","highway":"residential","sidewalk":"unknown","lanes":0,"name":"오금로36길","oneway":false},"geometry":{"type":"LineString","coordinates":[[127.12099,37.49918],[127.12057,37.49896]]}},{"type":"Feature","properties":{"class":"minor","highway":"residential","sidewalk":"unknown","lanes":0,"name":"오금로36길","oneway":false},"geometry":{"type":"LineString","coordinates":[[127.12069,37.49954],[127.12093,37.49926],[127.12099,37.49918],[127.12116,37.49896],[127.12125,37.49859],[127.12137,37.49845]]}},{"type":"Feature","properties":{"class":"minor","highway":"residential","sidewalk":"unknown","lanes":0,"name":"중대로15길","oneway":false},"geometry":{"type":"LineString","coordinates":[[127.12298,37.49799],[127.12365,37.49717],[127.12383,37.49701],[127.12388,37.49697],[127.12428,37.49684],[127.12458,37.49677],[127.12478,37.49671],[127.1248,37.49671],[127.12491,37.49668]]}},{"type":"Feature","properties":{"class":"alley","highway":"service","sidewalk":"unknown","lanes":0,"name":"","oneway":false},"geometry":{"type":"LineString","coordinates":[[127.12262,37.49661],[127.12317,37.49606],[127.12319,37.496],[127.1232,37.49596],[127.12326,37.49586],[127.1234,37.49582],[127.12352,37.49581],[127.12358,37.4957],[127.12367,37.49568],[127.12383,37.49577],[127.12402,37.49592],[127.12414,37.49614],[127.12422,37.49627],[127.12433,37.49639],[127.12458,37.49677]]}},{"type":"Feature","properties":{"class":"minor","highway":"residential","sidewalk":"unknown","lanes":0,"name":"송이로21길","oneway":false},"geometry":{"type":"LineString","coordinates":[[127.12166,37.49772],[127.12311,37.49851],[127.12394,37.49947]]}},{"type":"Feature","properties":{"class":"minor","highway":"residential","sidewalk":"unknown","lanes":0,"name":"","oneway":false},"geometry":{"type":"LineString","coordinates":[[127.12352,37.49581],[127.12357,37.49588],[127.12356,37.49596],[127.12346,37.49602],[127.12326,37.49604],[127.12319,37.496],[127.12318,37.49587],[127.12308,37.49577],[127.12292,37.49568],[127.12286,37.49565],[127.12276,37.4956]]}},{"type":"Feature","properties":{"class":"minor","highway":"residential","sidewalk":"unknown","lanes":0,"name":"송이로19길","oneway":false},"geometry":{"type":"LineString","coordinates":[[127.12268,37.49782],[127.12336,37.49702]]}},{"type":"Feature","properties":{"class":"minor","highway":"residential","sidewalk":"unknown","lanes":0,"name":"송이로19길","oneway":false},"geometry":{"type":"LineString","coordinates":[[127.12447,37.49943],[127.12534,37.49878]]}},{"type":"Feature","properties":{"class":"minor","highway":"residential","sidewalk":"unknown","lanes":0,"name":"송이로19길","oneway":false},"geometry":{"type":"LineString","coordinates":[[127.124,37.50039],[127.12474,37.49983],[127.12555,37.49923]]}},{"type":"Feature","properties":{"class":"minor","highway":"residential","sidewalk":"unknown","lanes":0,"name":"송이로19길","oneway":false},"geometry":{"type":"LineString","coordinates":[[127.12379,37.50009],[127.12454,37.49954]]}},{"type":"Feature","properties":{"class":"minor","highway":"residential","sidewalk":"unknown","lanes":0,"name":"송이로19길","oneway":false},"geometry":{"type":"LineString","coordinates":[[127.12462,37.49966],[127.12544,37.499]]}},{"type":"Feature","properties":{"class":"alley","highway":"service","sidewalk":"unknown","lanes":0,"name":"","oneway":false},"geometry":{"type":"LineString","coordinates":[[127.12035,37.48871],[127.12029,37.48883],[127.12016,37.48911],[127.12001,37.48911],[127.11924,37.48888],[127.11912,37.48885],[127.11845,37.48845],[127.11825,37.48838],[127.11711,37.48808],[127.11704,37.48804],[127.11612,37.48778],[127.11513,37.4875],[127.11427,37.48726],[127.11376,37.4868],[127.11338,37.48668]]}},{"type":"Feature","properties":{"class":"minor","highway":"residential","sidewalk":"unknown","lanes":0,"name":"","oneway":false},"geometry":{"type":"LineString","coordinates":[[127.12228,37.48067],[127.12201,37.48056],[127.12082,37.48006],[127.11913,37.47935]]}},{"type":"Feature","properties":{"class":"minor","highway":"residential","sidewalk":"unknown","lanes":0,"name":"중대로10길","oneway":false},"geometry":{"type":"LineString","coordinates":[[127.12488,37.49173],[127.12464,37.4916],[127.12413,37.49132],[127.12369,37.49108]]}},{"type":"Feature","properties":{"class":"minor","highway":"residential","sidewalk":"unknown","lanes":0,"name":"중대로10길","oneway":false},"geometry":{"type":"LineString","coordinates":[[127.12127,37.49383],[127.12133,37.49376],[127.12136,37.49373],[127.12167,37.4934],[127.12204,37.49297],[127.12235,37.49261],[127.1228,37.4921],[127.12303,37.49183],[127.12335,37.49146],[127.12369,37.49108],[127.12392,37.49081],[127.12426,37.49041]]}},{"type":"Feature","properties":{"class":"minor","highway":"residential","sidewalk":"unknown","lanes":0,"name":"동남로3길","oneway":false},"geometry":{"type":"LineString","coordinates":[[127.12192,37.49066],[127.12104,37.49022]]}},{"type":"Feature","properties":{"class":"minor","highway":"residential","sidewalk":"unknown","lanes":0,"name":"동남로3길","oneway":true},"geometry":{"type":"LineString","coordinates":[[127.12165,37.49098],[127.12087,37.49057]]}},{"type":"Feature","properties":{"class":"minor","highway":"residential","sidewalk":"unknown","lanes":0,"name":"송이로26길","oneway":false},"geometry":{"type":"LineString","coordinates":[[127.12423,37.49251],[127.12461,37.49205],[127.12488,37.49173],[127.12511,37.49145]]}},{"type":"Feature","properties":{"class":"minor","highway":"residential","sidewalk":"unknown","lanes":0,"name":"송파대로24길","oneway":false},"geometry":{"type":"LineString","coordinates":[[127.12068,37.49096],[127.12087,37.49057],[127.12104,37.49022],[127.12123,37.48985]]}},{"type":"Feature","properties":{"class":"minor","highway":"residential","sidewalk":"unknown","lanes":0,"name":"중대로10길","oneway":false},"geometry":{"type":"LineString","coordinates":[[127.12246,37.49004],[127.12392,37.49081],[127.12511,37.49145],[127.12541,37.49161]]}},{"type":"Feature","properties":{"class":"minor","highway":"residential","sidewalk":"unknown","lanes":0,"name":"동남로3길","oneway":false},"geometry":{"type":"LineString","coordinates":[[127.12134,37.49131],[127.12165,37.49098],[127.12192,37.49066],[127.12218,37.49036],[127.12246,37.49004],[127.1226,37.48988],[127.12279,37.48965]]}},{"type":"Feature","properties":{"class":"minor","highway":"residential","sidewalk":"unknown","lanes":0,"name":"송파대로26길","oneway":false},"geometry":{"type":"LineString","coordinates":[[127.1228,37.4921],[127.12134,37.49131],[127.12068,37.49096],[127.1205,37.49087],[127.12029,37.49076]]}},{"type":"Feature","properties":{"class":"minor","highway":"residential","sidewalk":"unknown","lanes":0,"name":"중대로10길","oneway":false},"geometry":{"type":"LineString","coordinates":[[127.1232,37.49424],[127.12208,37.49363],[127.12167,37.4934]]}},{"type":"Feature","properties":{"class":"minor","highway":"residential","sidewalk":"unknown","lanes":0,"name":"중대로12길","oneway":false},"geometry":{"type":"LineString","coordinates":[[127.12284,37.49467],[127.12289,37.49461],[127.12292,37.49457],[127.1232,37.49424],[127.12343,37.49396],[127.12364,37.49371],[127.12388,37.49342],[127.12411,37.49316],[127.12432,37.49291],[127.12452,37.49267],[127.12541,37.49161],[127.12574,37.49123]]}},{"type":"Feature","properties":{"class":"minor","highway":"residential","sidewalk":"unknown","lanes":0,"name":"송파대로24길","oneway":false},"geometry":{"type":"LineString","coordinates":[[127.12218,37.49036],[127.12123,37.48985],[127.12095,37.48971],[127.12078,37.48964]]}},{"type":"Feature","properties":{"class":"minor","highway":"residential","sidewalk":"unknown","lanes":0,"name":"송이로24길","oneway":false},"geometry":{"type":"LineString","coordinates":[[127.12235,37.49261],[127.12275,37.49283],[127.12388,37.49342],[127.1244,37.49369]]}},{"type":"Feature","properties":{"class":"minor","highway":"residential","sidewalk":"unknown","lanes":0,"name":"중대로12길","oneway":false},"geometry":{"type":"LineString","coordinates":[[127.12364,37.49371],[127.12254,37.49308]]}},{"type":"Feature","properties":{"class":"minor","highway":"residential","sidewalk":"unknown","lanes":0,"name":"중대로12길","oneway":false},"geometry":{"type":"LineString","coordinates":[[127.12411,37.49316],[127.123,37.49253]]}},{"type":"Feature","properties":{"class":"minor","highway":"residential","sidewalk":"unknown","lanes":0,"name":"중대로12길","oneway":false},"geometry":{"type":"LineString","coordinates":[[127.12432,37.49291],[127.12381,37.49265],[127.12318,37.49231]]}},{"type":"Feature","properties":{"class":"minor","highway":"residential","sidewalk":"unknown","lanes":0,"name":"송이로26길","oneway":false},"geometry":{"type":"LineString","coordinates":[[127.12208,37.49363],[127.12232,37.49335],[127.12244,37.4932],[127.12254,37.49308],[127.12275,37.49283],[127.123,37.49253],[127.12318,37.49231],[127.12327,37.4922],[127.12341,37.49204]]}},{"type":"Feature","properties":{"class":"minor","highway":"residential","sidewalk":"unknown","lanes":0,"name":"중대로12길","oneway":false},"geometry":{"type":"LineString","coordinates":[[127.12343,37.49396],[127.12232,37.49335]]}},{"type":"Feature","properties":{"class":"minor","highway":"residential","sidewalk":"unknown","lanes":0,"name":"","oneway":false},"geometry":{"type":"LineString","coordinates":[[127.12244,37.4932],[127.12204,37.49297]]}},{"type":"Feature","properties":{"class":"minor","highway":"residential","sidewalk":"unknown","lanes":0,"name":"송이로26길","oneway":false},"geometry":{"type":"LineString","coordinates":[[127.12381,37.49265],[127.1239,37.49254],[127.12403,37.49239]]}},{"type":"Feature","properties":{"class":"minor","highway":"residential","sidewalk":"unknown","lanes":0,"name":"송이로26길","oneway":false},"geometry":{"type":"LineString","coordinates":[[127.1239,37.49254],[127.12327,37.4922]]}},{"type":"Feature","properties":{"class":"minor","highway":"residential","sidewalk":"unknown","lanes":0,"name":"송이로23길","oneway":false},"geometry":{"type":"LineString","coordinates":[[127.12357,37.49458],[127.12364,37.49464],[127.12412,37.49497],[127.1244,37.49522],[127.12472,37.49552],[127.12501,37.49583],[127.12523,37.49617],[127.12538,37.49651],[127.12556,37.49685],[127.12574,37.49716],[127.12591,37.49752],[127.12608,37.49787],[127.12624,37.49824],[127.1264,37.49858],[127.12653,37.49887],[127.12664,37.49894]]}},{"type":"Feature","properties":{"class":"alley","highway":"service","sidewalk":"unknown","lanes":0,"name":"동남로2길","oneway":true},"geometry":{"type":"LineString","coordinates":[[127.1231,37.48723],[127.12377,37.48726],[127.12433,37.48728]]}},{"type":"Feature","properties":{"class":"minor","highway":"residential","sidewalk":"unknown","lanes":0,"name":"동남로4길","oneway":false},"geometry":{"type":"LineString","coordinates":[[127.12345,37.48998],[127.12395,37.48938],[127.12432,37.48895],[127.12457,37.48865],[127.12463,37.48855],[127.12464,37.48854],[127.12471,37.48841],[127.12474,37.48828],[127.12485,37.48695],[127.1249,37.48636],[127.12491,37.48621]]}},{"type":"Feature","properties":{"class":"alley","highway":"service","sidewalk":"unknown","lanes":0,"name":"문정로1길","oneway":true},"geometry":{"type":"LineString","coordinates":[[127.1244,37.48619],[127.12439,37.48626],[127.12437,37.48657],[127.12435,37.48693],[127.12433,37.48728],[127.12431,37.48764],[127.12429,37.48785],[127.12427,37.48815],[127.12427,37.48818],[127.12422,37.48834]]}},{"type":"Feature","properties":{"class":"alley","highway":"service","sidewalk":"unknown","lanes":0,"name":"동남로2길","oneway":false},"geometry":{"type":"LineString","coordinates":[[127.12378,37.48891],[127.12257,37.48826]]}},{"type":"Feature","properties":{"class":"alley","highway":"service","sidewalk":"unknown","lanes":0,"name":"문정로1길","oneway":true},"geometry":{"type":"LineString","coordinates":[[127.12431,37.48764],[127.12413,37.48763],[127.12395,37.48763],[127.12364,37.48762],[127.12344,37.48761],[127.12337,37.48771],[127.12327,37.48783]]}},{"type":"Feature","properties":{"class":"alley","highway":"service","sidewalk":"unknown","lanes":0,"name":"동남로2길","oneway":true},"geometry":{"type":"LineString","coordinates":[[127.12435,37.48693],[127.12327,37.48689]]}},{"type":"Feature","properties":{"class":"alley","highway":"service","sidewalk":"unknown","lanes":0,"name":"송파대로22길","oneway":false},"geometry":{"type":"LineString","coordinates":[[127.12361,37.48802],[127.12364,37.48762]]}},{"type":"Feature","properties":{"class":"minor","highway":"residential","sidewalk":"unknown","lanes":0,"name":"동남로4길","oneway":false},"geometry":{"type":"LineString","coordinates":[[127.12395,37.48938],[127.12354,37.48918]]}},{"type":"Feature","properties":{"class":"alley","highway":"service","sidewalk":"unknown","lanes":0,"name":"송파대로22길","oneway":false},"geometry":{"type":"LineString","coordinates":[[127.12391,37.48817],[127.12391,37.4881],[127.12395,37.48763]]}},{"type":"Feature","properties":{"class":"minor","highway":"residential","sidewalk":"unknown","lanes":0,"name":"동남로2길","oneway":false},"geometry":{"type":"LineString","coordinates":[[127.12204,37.48922],[127.12224,37.48888],[127.12241,37.48857],[127.12257,37.48826],[127.12273,37.48793],[127.12289,37.48763],[127.1231,37.48723],[127.12327,37.48689],[127.12344,37.48654],[127.12361,37.48621],[127.12363,37.48616]]}},{"type":"Feature","properties":{"class":"minor","highway":"residential","sidewalk":"unknown","lanes":0,"name":"송파대로22길","oneway":false},"geometry":{"type":"LineString","coordinates":[[127.12463,37.48855],[127.12422,37.48834],[127.12391,37.48817],[127.12361,37.48802],[127.12327,37.48783],[127.12289,37.48763],[127.12247,37.48743],[127.12218,37.48731],[127.12211,37.48728],[127.122,37.48722]]}},{"type":"Feature","properties":{"class":"alley","highway":"service","sidewalk":"unknown","lanes":0,"name":"동남로2길","oneway":false},"geometry":{"type":"LineString","coordinates":[[127.124,37.48864],[127.12273,37.48793]]}},{"type":"Feature","properties":{"class":"minor","highway":"residential","sidewalk":"unknown","lanes":0,"name":"송이로28길","oneway":false},"geometry":{"type":"LineString","coordinates":[[127.12734,37.49074],[127.12695,37.49041],[127.12645,37.49014],[127.12589,37.48983],[127.12559,37.48966],[127.12471,37.48918],[127.12432,37.48895]]}},{"type":"Feature","properties":{"class":"minor","highway":"residential","sidewalk":"unknown","lanes":0,"name":"동남로6가길","oneway":false},"geometry":{"type":"LineString","coordinates":[[127.12613,37.48952],[127.12541,37.48912],[127.12497,37.48887]]}},{"type":"Feature","properties":{"class":"minor","highway":"residential","sidewalk":"unknown","lanes":0,"name":"동남로6길","oneway":false},"geometry":{"type":"LineString","coordinates":[[127.12445,37.48948],[127.12487,37.48973],[127.1251,37.4898],[127.12535,37.48985],[127.12547,37.48983],[127.12559,37.48966]]}},{"type":"Feature","properties":{"class":"minor","highway":"residential","sidewalk":"unknown","lanes":0,"name":"송파대로20길","oneway":false},"geometry":{"type":"LineString","coordinates":[[127.12274,37.48576],[127.12283,37.48575],[127.12287,37.48575],[127.123,37.48573],[127.12336,37.48575],[127.12354,37.48576],[127.12475,37.4858],[127.12496,37.48581],[127.12512,37.48582],[127.12646,37.48589]]}},{"type":"Feature","properties":{"class":"minor","highway":"residential","sidewalk":"unknown","lanes":0,"name":"문정로","oneway":false},"geometry":{"type":"LineString","coordinates":[[127.12491,37.48621],[127.12492,37.48617],[127.12494,37.48602],[127.12496,37.48581]]}},{"type":"Feature","properties":{"class":"minor","highway":"residential","sidewalk":"unknown","lanes":0,"name":"새말로5길","oneway":false},"geometry":{"type":"LineString","coordinates":[[127.12336,37.48575],[127.12357,37.48533],[127.12375,37.48498],[127.12395,37.48465],[127.1243,37.48389],[127.1245,37.48355],[127.12472,37.48313],[127.12496,37.4827]]}},{"type":"Feature","properties":{"class":"minor","highway":"residential","sidewalk":"unknown","lanes":0,"name":"송파대로14길","oneway":true},"geometry":{"type":"LineString","coordinates":[[127.12633,37.4837],[127.1249,37.4836]]}},{"type":"Feature","properties":{"class":"minor","highway":"residential","sidewalk":"unknown","lanes":0,"name":"송파대로18길","oneway":false},"geometry":{"type":"LineString","coordinates":[[127.12375,37.48498],[127.1248,37.48503],[127.12522,37.48505],[127.12568,37.48508],[127.1262,37.48511]]}},{"type":"Feature","properties":{"class":"minor","highway":"residential","sidewalk":"unknown","lanes":0,"name":"송파대로16길","oneway":false},"geometry":{"type":"LineString","coordinates":[[127.12483,37.48468],[127.12444,37.48467],[127.12395,37.48465],[127.12352,37.48448],[127.12348,37.48447],[127.12342,37.48444]]}},{"type":"Feature","properties":{"class":"alley","highway":"service","sidewalk":"unknown","lanes":0,"name":"송파대로16길","oneway":false},"geometry":{"type":"LineString","coordinates":[[127.12444,37.48467],[127.12449,37.4839],[127.1243,37.48389]]}},{"type":"Feature","properties":{"class":"minor","highway":"residential","sidewalk":"unknown","lanes":0,"name":"문정로4길","oneway":false},"geometry":{"type":"LineString","coordinates":[[127.12357,37.48533],[127.12477,37.48539],[127.12629,37.48548]]}},{"type":"Feature","properties":{"class":"alley","highway":"service","sidewalk":"unknown","lanes":0,"name":"문정로4길","oneway":true},"geometry":{"type":"LineString","coordinates":[[127.12488,37.48395],[127.12529,37.48398],[127.12574,37.48401],[127.12628,37.48404]]}},{"type":"Feature","properties":{"class":"minor","highway":"residential","sidewalk":"unknown","lanes":0,"name":"송파대로14길","oneway":false},"geometry":{"type":"LineString","coordinates":[[127.12475,37.4858],[127.12477,37.48539],[127.1248,37.48503],[127.12483,37.48468],[127.12488,37.48395],[127.1249,37.4836]]}},{"type":"Feature","properties":{"class":"major","highway":"tertiary","sidewalk":"likely","lanes":0,"name":"새말로","oneway":false},"geometry":{"type":"LineString","coordinates":[[127.12435,37.4826],[127.12459,37.48265],[127.12496,37.4827],[127.12595,37.48277],[127.12637,37.48282],[127.12646,37.48283],[127.12738,37.48291],[127.12744,37.48291],[127.12751,37.48292],[127.12815,37.48297],[127.12852,37.48305],[127.12887,37.48317],[127.12908,37.48326],[127.12946,37.48355],[127.12962,37.4837],[127.13001,37.48406],[127.13009,37.48413],[127.13067,37.4846],[127.13099,37.48488],[127.13133,37.48517]]}},{"type":"Feature","properties":{"class":"major","highway":"primary","sidewalk":"yes","lanes":5,"name":"송파대로","oneway":true},"geometry":{"type":"LineString","coordinates":[[127.12547,37.48039],[127.12447,37.48237],[127.12435,37.4826]]}},{"type":"Feature","properties":{"class":"major","highway":"primary","sidewalk":"yes","lanes":4,"name":"송파대로","oneway":true},"geometry":{"type":"LineString","coordinates":[[127.11878,37.4923],[127.11891,37.49214],[127.11918,37.4918],[127.11934,37.49159],[127.11975,37.49099],[127.11994,37.49069],[127.11998,37.49062],[127.12036,37.48993]]}},{"type":"Feature","properties":{"class":"major","highway":"secondary","sidewalk":"likely","lanes":0,"name":"중대로","oneway":false},"geometry":{"type":"LineString","coordinates":[[127.12327,37.49495],[127.12313,37.49486],[127.1231,37.49484],[127.12284,37.49467],[127.12203,37.49424],[127.12127,37.49383],[127.1205,37.4934],[127.11977,37.49297]]}},{"type":"Feature","properties":{"class":"major","highway":"tertiary","sidewalk":"likely","lanes":0,"name":"송이로","oneway":false},"geometry":{"type":"LineString","coordinates":[[127.12327,37.49495],[127.12334,37.49486],[127.12344,37.49475],[127.12348,37.4947],[127.12357,37.49458],[127.1244,37.49369],[127.12507,37.49295],[127.12576,37.49212],[127.12624,37.49152]]}},{"type":"Feature","properties":{"class":"minor","highway":"residential","sidewalk":"yes","lanes":2,"name":"오금로36길","oneway":false},"geometry":{"type":"LineString","coordinates":[[127.12068,37.49805],[127.12113,37.49833],[127.12137,37.49845],[127.12181,37.49863],[127.12213,37.49882],[127.12253,37.49919],[127.12294,37.49966],[127.1232,37.5],[127.12323,37.50003],[127.12392,37.50101],[127.12394,37.50104],[127.12418,37.50134],[127.1245,37.50168],[127.12458,37.50177],[127.12493,37.50215],[127.12504,37.50227],[127.12538,37.50261],[127.12575,37.50299],[127.12604,37.50326],[127.12612,37.50334]]}},{"type":"Feature","properties":{"class":"minor","highway":"residential","sidewalk":"unknown","lanes":0,"name":"송이로19길","oneway":false},"geometry":{"type":"LineString","coordinates":[[127.12146,37.49715],[127.12192,37.4974],[127.12194,37.49741],[127.12227,37.49759],[127.12268,37.49782],[127.12298,37.49799],[127.12334,37.49822],[127.12374,37.49862],[127.12433,37.4992],[127.12447,37.49943],[127.12454,37.49954],[127.12455,37.49956],[127.12462,37.49966],[127.12474,37.49983],[127.12502,37.50015]]}},{"type":"Feature","properties":{"class":"minor","highway":"residential","sidewalk":"unknown","lanes":0,"name":"송이로19길","oneway":false},"geometry":{"type":"LineString","coordinates":[[127.12194,37.49741],[127.12262,37.49661]]}},{"type":"Feature","properties":{"class":"minor","highway":"residential","sidewalk":"unknown","lanes":0,"name":"중대로16길","oneway":false},"geometry":{"type":"LineString","coordinates":[[127.12491,37.49668],[127.12498,37.49665],[127.12509,37.49673],[127.12538,37.49651],[127.12596,37.49606]]}},{"type":"Feature","properties":{"class":"major","highway":"tertiary","sidewalk":"likely","lanes":0,"name":"양재대로66길","oneway":false},"geometry":{"type":"LineString","coordinates":[[127.12617,37.49931],[127.12607,37.49938],[127.12575,37.49961],[127.12502,37.50015],[127.12425,37.50075],[127.12392,37.50101],[127.12351,37.50131],[127.12315,37.50158],[127.12234,37.5022],[127.12195,37.50249],[127.12187,37.50255]]}},{"type":"Feature","properties":{"class":"minor","highway":"residential","sidewalk":"unknown","lanes":0,"name":"동남로13길","oneway":false},"geometry":{"type":"LineString","coordinates":[[127.1244,37.49369],[127.12496,37.494],[127.12531,37.4942],[127.12567,37.49439]]}},{"type":"Feature","properties":{"class":"minor","highway":"residential","sidewalk":"unknown","lanes":0,"name":"중대로14길","oneway":false},"geometry":{"type":"LineString","coordinates":[[127.12567,37.49439],[127.12472,37.49552],[127.12447,37.49575],[127.12442,37.4958],[127.12436,37.49585]]}},{"type":"Feature","properties":{"class":"minor","highway":"residential","sidewalk":"unknown","lanes":0,"name":"동남로13길","oneway":false},"geometry":{"type":"LineString","coordinates":[[127.12496,37.494],[127.12412,37.49497]]}},{"type":"Feature","properties":{"class":"minor","highway":"residential","sidewalk":"unknown","lanes":0,"name":"송이로27길","oneway":false},"geometry":{"type":"LineString","coordinates":[[127.12564,37.49318],[127.12496,37.494]]}},{"type":"Feature","properties":{"class":"minor","highway":"residential","sidewalk":"unknown","lanes":0,"name":"동남로13길","oneway":false},"geometry":{"type":"LineString","coordinates":[[127.12531,37.4942],[127.1244,37.49522]]}},{"type":"Feature","properties":{"class":"minor","highway":"residential","sidewalk":"unknown","lanes":0,"name":"송이로26길","oneway":false},"geometry":{"type":"LineString","coordinates":[[127.12507,37.49295],[127.125,37.49294],[127.12452,37.49267],[127.12423,37.49251],[127.12407,37.49242],[127.12403,37.49239],[127.12341,37.49204],[127.12332,37.49199],[127.12303,37.49183]]}},{"type":"Feature","properties":{"class":"minor","highway":"residential","sidewalk":"unknown","lanes":0,"name":"동남로6길","oneway":false},"geometry":{"type":"LineString","coordinates":[[127.12385,37.49019],[127.12421,37.48977],[127.12445,37.48948],[127.12471,37.48918],[127.12497,37.48887],[127.12506,37.48876],[127.12511,37.48863],[127.12517,37.48845],[127.12518,37.4884],[127.12522,37.48829],[127.12524,37.48804],[127.12527,37.4877],[127.1253,37.48735],[127.12533,37.48697],[127.12537,37.48663],[127.1254,37.48631],[127.12541,37.48623]]}},{"type":"Feature","properties":{"class":"alley","highway":"service","sidewalk":"unknown","lanes":0,"name":"동남로4길","oneway":false},"geometry":{"type":"LineString","coordinates":[[127.12435,37.48693],[127.12485,37.48695],[127.12533,37.48697]]}},{"type":"Feature","properties":{"class":"alley","highway":"service","sidewalk":"unknown","lanes":0,"name":"송파대로22길","oneway":false},"geometry":{"type":"LineString","coordinates":[[127.12224,37.48888],[127.12187,37.48871],[127.12185,37.48864],[127.12247,37.48743],[127.12287,37.48661],[127.12295,37.48651],[127.12313,37.4865],[127.12344,37.48654]]}},{"type":"Feature","properties":{"class":"alley","highway":"service","sidewalk":"unknown","lanes":0,"name":"동남로2길","oneway":false},"geometry":{"type":"LineString","coordinates":[[127.12354,37.48918],[127.12331,37.48942],[127.12323,37.48943],[127.12224,37.48888]]}},{"type":"Feature","properties":{"class":"alley","highway":"service","sidewalk":"unknown","lanes":0,"name":"동남로2길","oneway":true},"geometry":{"type":"LineString","coordinates":[[127.12344,37.48654],[127.12437,37.48657]]}},{"type":"Feature","properties":{"class":"alley","highway":"service","sidewalk":"unknown","lanes":0,"name":"새말로5길","oneway":false},"geometry":{"type":"LineString","coordinates":[[127.12639,37.48327],[127.1263,37.48326],[127.12472,37.48313]]}},{"type":"Feature","properties":{"class":"major","highway":"tertiary","sidewalk":"likely","lanes":0,"name":"법원로","oneway":false},"geometry":{"type":"LineString","coordinates":[[127.1218,37.4816],[127.12172,37.48174],[127.12168,37.48184],[127.12143,37.48237],[127.12108,37.48299],[127.12066,37.48379],[127.1202,37.48466],[127.12008,37.48487],[127.11998,37.48504],[127.11944,37.48605],[127.11863,37.48763],[127.11855,37.48776]]}},{"type":"Feature","properties":{"class":"minor","highway":"residential","sidewalk":"unknown","lanes":0,"name":"법원로5길","oneway":false},"geometry":{"type":"LineString","coordinates":[[127.12108,37.48299],[127.12017,37.48264],[127.11993,37.48248],[127.11978,37.48234],[127.11965,37.48226],[127.11949,37.48208],[127.11936,37.48198],[127.11928,37.48193],[127.11787,37.48143]]}},{"type":"Feature","properties":{"class":"minor","highway":"residential","sidewalk":"unknown","lanes":0,"name":"법원로9길","oneway":false},"geometry":{"type":"LineString","coordinates":[[127.11667,37.48336],[127.11826,37.48394],[127.1202,37.48466]]}},{"type":"Feature","properties":{"class":"major","highway":"secondary","sidewalk":"yes","lanes":0,"name":"동남로","oneway":false},"geometry":{"type":"LineString","coordinates":[[127.12624,37.49152],[127.12574,37.49123],[127.12504,37.49084],[127.12426,37.49041],[127.12385,37.49019],[127.12345,37.48998],[127.12279,37.48965],[127.12204,37.48922]]}},{"type":"Feature","properties":{"class":"minor","highway":"residential","sidewalk":"unknown","lanes":0,"name":"법원로6길","oneway":false},"geometry":{"type":"LineString","coordinates":[[127.12108,37.48299],[127.12186,37.48324],[127.12264,37.48353]]}},{"type":"Feature","properties":{"class":"minor","highway":"residential","sidewalk":"unknown","lanes":0,"name":"법원로4길","oneway":false},"geometry":{"type":"LineString","coordinates":[[127.12143,37.48237],[127.12266,37.48282],[127.12296,37.48305],[127.12281,37.48339],[127.12264,37.48353]]}},{"type":"Feature","properties":{"class":"minor","highway":"residential","sidewalk":"yes","lanes":0,"name":"","oneway":false},"geometry":{"type":"LineString","coordinates":[[127.12264,37.48353],[127.12264,37.48357],[127.12257,37.48377],[127.1223,37.48426],[127.12212,37.48429]]}},{"type":"Feature","properties":{"class":"minor","highway":"residential","sidewalk":"unknown","lanes":0,"name":"법원로11길","oneway":false},"geometry":{"type":"LineString","coordinates":[[127.11563,37.48514],[127.1164,37.48543],[127.11673,37.48554],[127.11704,37.48556],[127.1175,37.48555],[127.11792,37.48556],[127.11824,37.48563],[127.11944,37.48605],[127.12175,37.48684],[127.12177,37.48685],[127.12192,37.4869]]}},{"type":"Feature","properties":{"class":"alley","highway":"service","sidewalk":"unknown","lanes":0,"name":"","oneway":false},"geometry":{"type":"LineString","coordinates":[[127.12308,37.48215],[127.12317,37.48198],[127.12343,37.48144],[127.12425,37.47976]]}},{"type":"Feature","properties":{"class":"alley","highway":"service","sidewalk":"unknown","lanes":0,"name":"","oneway":false},"geometry":{"type":"LineString","coordinates":[[127.12276,37.48121],[127.12343,37.48144]]}},{"type":"Feature","properties":{"class":"alley","highway":"service","sidewalk":"unknown","lanes":0,"name":"","oneway":false},"geometry":{"type":"LineString","coordinates":[[127.12233,37.48062],[127.12313,37.48092]]}},{"type":"Feature","properties":{"class":"alley","highway":"service","sidewalk":"unknown","lanes":0,"name":"","oneway":false},"geometry":{"type":"LineString","coordinates":[[127.12227,37.49759],[127.12296,37.4968]]}},{"type":"Feature","properties":{"class":"major","highway":"tertiary","sidewalk":"likely","lanes":0,"name":"법원로","oneway":false},"geometry":{"type":"LineString","coordinates":[[127.1218,37.4816],[127.12194,37.48133],[127.12218,37.48087],[127.12228,37.48067],[127.12233,37.48062],[127.12238,37.48051],[127.12327,37.47867],[127.12338,37.47845],[127.12345,37.47826],[127.12355,37.47798],[127.12363,37.47762],[127.1236,37.4773],[127.12351,37.47695]]}},{"type":"Feature","properties":{"class":"alley","highway":"service","sidewalk":"unknown","lanes":0,"name":"","oneway":false},"geometry":{"type":"LineString","coordinates":[[127.1205,37.49087],[127.12047,37.49091],[127.12046,37.49093],[127.12014,37.49145],[127.12064,37.49165],[127.12009,37.49258],[127.12005,37.49264],[127.11931,37.49231],[127.11927,37.49229],[127.11924,37.49229],[127.11917,37.49229]]}},{"type":"Feature","properties":{"class":"alley","highway":"service","sidewalk":"unknown","lanes":0,"name":"동남로2길","oneway":false},"geometry":{"type":"LineString","coordinates":[[127.12354,37.48918],[127.12241,37.48857]]}},{"type":"Feature","properties":{"class":"minor","highway":"residential","sidewalk":"yes","lanes":0,"name":"법원로8길","oneway":false},"geometry":{"type":"LineString","coordinates":[[127.12212,37.48429],[127.12066,37.48379]]}},{"type":"Feature","properties":{"class":"minor","highway":"residential","sidewalk":"unknown","lanes":0,"name":"동남로6길","oneway":false},"geometry":{"type":"LineString","coordinates":[[127.12539,37.49043],[127.12421,37.48977]]}},{"type":"Feature","properties":{"class":"major","highway":"secondary","sidewalk":"likely","lanes":0,"name":"중대로","oneway":false},"geometry":{"type":"LineString","coordinates":[[127.12817,37.50199],[127.12802,37.50184],[127.12746,37.50124],[127.12696,37.50071],[127.12652,37.50007],[127.12629,37.49956],[127.12617,37.49931],[127.12607,37.49913],[127.12569,37.49833],[127.12563,37.4982],[127.125,37.49686],[127.12493,37.49672],[127.12491,37.49668],[127.12472,37.49631],[127.12443,37.49592],[127.12436,37.49585],[127.12381,37.49533],[127.12358,37.49517],[127.12352,37.49512],[127.12327,37.49495]]}},{"type":"Feature","properties":{"class":"major","highway":"primary","sidewalk":"yes","lanes":4,"name":"송파대로","oneway":true},"geometry":{"type":"LineString","coordinates":[[127.12097,37.48863],[127.12107,37.48846],[127.12122,37.48822],[127.12129,37.48811],[127.12155,37.48764]]}},{"type":"Feature","properties":{"class":"major","highway":"primary","sidewalk":"yes","lanes":5,"name":"송파대로","oneway":true},"geometry":{"type":"LineString","coordinates":[[127.12036,37.48993],[127.12056,37.48952],[127.12085,37.48886],[127.12097,37.48863]]}},{"type":"Feature","properties":{"class":"major","highway":"primary","sidewalk":"yes","lanes":4,"name":"송파대로","oneway":true},"geometry":{"type":"LineString","coordinates":[[127.12259,37.48607],[127.12243,37.48628],[127.12227,37.48664],[127.12211,37.48695]]}},{"type":"Feature","properties":{"class":"alley","highway":"service","sidewalk":"unknown","lanes":0,"name":"","oneway":false},"geometry":{"type":"LineString","coordinates":[[127.12124,37.49195],[127.12152,37.49156],[127.12153,37.49151],[127.12046,37.49093]]}},{"type":"Feature","properties":{"class":"alley","highway":"service","sidewalk":"unknown","lanes":0,"name":"","oneway":false},"geometry":{"type":"LineString","coordinates":[[127.12596,37.48168],[127.12594,37.48185],[127.12597,37.48189],[127.12593,37.48215],[127.12587,37.48261],[127.12584,37.48262],[127.12566,37.48261],[127.12564,37.48259],[127.12565,37.48239],[127.12563,37.48236],[127.12488,37.48233]]}},{"type":"Feature","properties":{"class":"alley","highway":"service","sidewalk":"unknown","lanes":0,"name":"","oneway":false},"geometry":{"type":"LineString","coordinates":[[127.12593,37.48215],[127.12568,37.48214],[127.12523,37.48211],[127.12499,37.48209]]}},{"type":"Feature","properties":{"class":"minor","highway":"residential","sidewalk":"unknown","lanes":0,"name":"송파대로14길","oneway":false},"geometry":{"type":"LineString","coordinates":[[127.1249,37.4836],[127.1245,37.48355],[127.12409,37.48338],[127.124,37.48334]]}},{"type":"Feature","properties":{"class":"alley","highway":"service","sidewalk":"unknown","lanes":0,"name":"","oneway":true},"geometry":{"type":"LineString","coordinates":[[127.12408,37.48588],[127.12375,37.48587]]}},{"type":"Feature","properties":{"class":"alley","highway":"service","sidewalk":"unknown","lanes":0,"name":"","oneway":true},"geometry":{"type":"LineString","coordinates":[[127.12375,37.48587],[127.12366,37.48586],[127.12361,37.48583],[127.12354,37.48576]]}},{"type":"Feature","properties":{"class":"alley","highway":"service","sidewalk":"unknown","lanes":0,"name":"","oneway":false},"geometry":{"type":"LineString","coordinates":[[127.12436,37.48597],[127.12436,37.48591],[127.12434,37.48589],[127.1243,37.48588],[127.12408,37.48588]]}},{"type":"Feature","properties":{"class":"alley","highway":"service","sidewalk":"unknown","lanes":0,"name":"","oneway":true},"geometry":{"type":"LineString","coordinates":[[127.12363,37.48616],[127.12382,37.48611],[127.12392,37.48609],[127.12413,37.48609],[127.12414,37.48609]]}},{"type":"Feature","properties":{"class":"alley","highway":"service","sidewalk":"unknown","lanes":0,"name":"","oneway":true},"geometry":{"type":"LineString","coordinates":[[127.12414,37.48609],[127.12445,37.4861],[127.12448,37.48608]]}},{"type":"Feature","properties":{"class":"alley","highway":"service","sidewalk":"unknown","lanes":0,"name":"","oneway":false},"geometry":{"type":"LineString","coordinates":[[127.12448,37.48608],[127.12451,37.48604],[127.12452,37.48598],[127.12436,37.48597]]}},{"type":"Feature","properties":{"class":"major","highway":"tertiary","sidewalk":"likely","lanes":4,"name":"송이로","oneway":false},"geometry":{"type":"LineString","coordinates":[[127.1188,37.50029],[127.11891,37.50015],[127.11897,37.50008],[127.11943,37.49951],[127.1198,37.49908],[127.11983,37.49905],[127.12041,37.49837],[127.12068,37.49805],[127.12143,37.49719],[127.12146,37.49715],[127.12209,37.4964],[127.12213,37.49636],[127.12265,37.49573],[127.12267,37.49571],[127.12276,37.4956],[127.12309,37.49521],[127.12315,37.49513],[127.12322,37.49503],[127.12327,37.49495]]}},{"type":"Feature","properties":{"class":"major","highway":"secondary","sidewalk":"yes","lanes":6,"name":"동남로","oneway":false},"geometry":{"type":"LineString","coordinates":[[127.12097,37.48863],[127.12077,37.48857],[127.12056,37.48849]]}},{"type":"Feature","properties":{"class":"major","highway":"primary_link","sidewalk":"likely","lanes":1,"name":"","oneway":true},"geometry":{"type":"LineString","coordinates":[[127.12056,37.48849],[127.12085,37.48839],[127.12122,37.48822]]}},{"type":"Feature","properties":{"class":"major","highway":"secondary","sidewalk":"yes","lanes":6,"name":"동남로","oneway":false},"geometry":{"type":"LineString","coordinates":[[127.12056,37.48849],[127.11999,37.48829],[127.11963,37.48816]]}},{"type":"Feature","properties":{"class":"major","highway":"primary","sidewalk":"yes","lanes":4,"name":"송파대로","oneway":true},"geometry":{"type":"LineString","coordinates":[[127.12181,37.48763],[127.12167,37.48792],[127.12146,37.48835],[127.12135,37.48857],[127.12123,37.48875]]}},{"type":"Feature","properties":{"class":"major","highway":"primary","sidewalk":"yes","lanes":4,"name":"송파대로","oneway":true},"geometry":{"type":"LineString","coordinates":[[127.12211,37.48695],[127.122,37.48722],[127.12189,37.48746],[127.12181,37.48763]]}},{"type":"Feature","properties":{"class":"major","highway":"secondary","sidewalk":"yes","lanes":0,"name":"동남로","oneway":false},"geometry":{"type":"LineString","coordinates":[[127.12204,37.48922],[127.12163,37.489],[127.12133,37.48882],[127.12123,37.48875]]}},{"type":"Feature","properties":{"class":"major","highway":"secondary","sidewalk":"likely","lanes":8,"name":"동남로","oneway":false},"geometry":{"type":"LineString","coordinates":[[127.12123,37.48875],[127.1211,37.48869],[127.12097,37.48863]]}},{"type":"Feature","properties":{"class":"major","highway":"primary_link","sidewalk":"likely","lanes":1,"name":"","oneway":true},"geometry":{"type":"LineString","coordinates":[[127.12163,37.489],[127.12135,37.48902],[127.12125,37.48904],[127.12119,37.48906],[127.12103,37.48913]]}},{"type":"Feature","properties":{"class":"major","highway":"primary","sidewalk":"yes","lanes":4,"name":"송파대로","oneway":true},"geometry":{"type":"LineString","coordinates":[[127.12123,37.48875],[127.12111,37.48897],[127.12103,37.48913],[127.12088,37.48941],[127.12078,37.48964],[127.12056,37.49005]]}},{"type":"Feature","properties":{"class":"major","highway":"primary","sidewalk":"yes","lanes":5,"name":"송파대로","oneway":true},"geometry":{"type":"LineString","coordinates":[[127.12056,37.49005],[127.12016,37.4907],[127.11991,37.49109],[127.11952,37.49166]]}},{"type":"Feature","properties":{"class":"major","highway":"secondary","sidewalk":"likely","lanes":10,"name":"새말로","oneway":false},"geometry":{"type":"LineString","coordinates":[[127.12308,37.48215],[127.12383,37.48246],[127.12391,37.48248],[127.12409,37.48254]]}},{"type":"Feature","properties":{"class":"major","highway":"tertiary","sidewalk":"likely","lanes":0,"name":"새말로","oneway":false},"geometry":{"type":"LineString","coordinates":[[127.12409,37.48254],[127.12423,37.48257],[127.12435,37.4826]]}},{"type":"Feature","properties":{"class":"major","highway":"primary","sidewalk":"yes","lanes":4,"name":"송파대로","oneway":true},"geometry":{"type":"LineString","coordinates":[[127.12342,37.48444],[127.12274,37.48576],[127.12267,37.48589],[127.12259,37.48607]]}},{"type":"Feature","properties":{"class":"major","highway":"primary","sidewalk":"yes","lanes":3,"name":"송파대로","oneway":true},"geometry":{"type":"LineString","coordinates":[[127.12245,37.48582],[127.12305,37.48465],[127.12307,37.48461]]}},{"type":"Feature","properties":{"class":"major","highway":"primary","sidewalk":"yes","lanes":4,"name":"송파대로","oneway":true},"geometry":{"type":"LineString","coordinates":[[127.12236,37.48601],[127.12245,37.48582]]}},{"type":"Feature","properties":{"class":"major","highway":"primary","sidewalk":"yes","lanes":0,"name":"송파대로","oneway":true},"geometry":{"type":"LineString","coordinates":[[127.12155,37.48764],[127.12172,37.48731],[127.12184,37.48705]]}},{"type":"Feature","properties":{"class":"major","highway":"primary","sidewalk":"yes","lanes":4,"name":"송파대로","oneway":true},"geometry":{"type":"LineString","coordinates":[[127.12184,37.48705],[127.12192,37.4869],[127.12226,37.48622],[127.12236,37.48601]]}},{"type":"Feature","properties":{"class":"major","highway":"primary","sidewalk":"yes","lanes":6,"name":"송파대로","oneway":true},"geometry":{"type":"LineString","coordinates":[[127.12307,37.48461],[127.12348,37.48377],[127.12365,37.48342],[127.12396,37.48281],[127.12409,37.48254]]}},{"type":"Feature","properties":{"class":"major","highway":"primary","sidewalk":"yes","lanes":5,"name":"송파대로","oneway":true},"geometry":{"type":"LineString","coordinates":[[127.12409,37.48254],[127.12422,37.48228],[127.12452,37.48161]]}},{"type":"Feature","properties":{"class":"major","highway":"primary","sidewalk":"yes","lanes":5,"name":"송파대로","oneway":true},"geometry":{"type":"LineString","coordinates":[[127.12499,37.48077],[127.12542,37.47993],[127.12558,37.4796],[127.12571,37.47933]]}},{"type":"Feature","properties":{"class":"major","highway":"secondary","sidewalk":"likely","lanes":0,"name":"새말로","oneway":false},"geometry":{"type":"LineString","coordinates":[[127.11713,37.47956],[127.11727,37.47962],[127.11829,37.48007],[127.11859,37.48019],[127.11877,37.48027],[127.12028,37.48093],[127.1215,37.48147],[127.1218,37.4816],[127.12203,37.4817],[127.12263,37.48196],[127.12303,37.48212],[127.12308,37.48215]]}},{"type":"Feature","properties":{"class":"major","highway":"primary","sidewalk":"yes","lanes":4,"name":"송파대로","oneway":true},"geometry":{"type":"LineString","coordinates":[[127.12452,37.48161],[127.12499,37.48077]]}},{"type":"Feature","properties":{"class":"minor","highway":"residential","sidewalk":"unknown","lanes":0,"name":"문정로1길","oneway":false},"geometry":{"type":"LineString","coordinates":[[127.12422,37.48834],[127.12415,37.48846],[127.124,37.48864],[127.12378,37.48891],[127.12354,37.48918]]}},{"type":"Feature","properties":{"class":"alley","highway":"service","sidewalk":"unknown","lanes":0,"name":"","oneway":false},"geometry":{"type":"LineString","coordinates":[[127.12337,37.48771],[127.12345,37.48776]]}},{"type":"Feature","properties":{"class":"minor","highway":"residential","sidewalk":"unknown","lanes":2,"name":"양재대로62길","oneway":false},"geometry":{"type":"LineString","coordinates":[[127.12203,37.49424],[127.12195,37.49432],[127.12193,37.49435]]}},{"type":"Feature","properties":{"class":"minor","highway":"residential","sidewalk":"unknown","lanes":0,"name":"송파대로26길","oneway":false},"geometry":{"type":"LineString","coordinates":[[127.12029,37.49076],[127.12016,37.4907]]}},{"type":"Feature","properties":{"class":"alley","highway":"service","sidewalk":"unknown","lanes":0,"name":"","oneway":true},"geometry":{"type":"LineString","coordinates":[[127.12352,37.49552],[127.12339,37.49567],[127.12316,37.49555],[127.12329,37.4954],[127.12352,37.49552]]}},{"type":"Feature","properties":{"class":"alley","highway":"service","sidewalk":"unknown","lanes":0,"name":"","oneway":false},"geometry":{"type":"LineString","coordinates":[[127.12358,37.4957],[127.1236,37.49557],[127.12352,37.49552]]}},{"type":"Feature","properties":{"class":"major","highway":"tertiary","sidewalk":"likely","lanes":0,"name":"동남로18길","oneway":false},"geometry":{"type":"LineString","coordinates":[[127.13541,37.4921],[127.13527,37.49222],[127.13526,37.49222],[127.13508,37.49238],[127.13483,37.4926],[127.13454,37.49284],[127.13441,37.49294],[127.13406,37.49322],[127.134,37.49327],[127.13375,37.49348],[127.13314,37.49401],[127.13274,37.49434],[127.1319,37.49497],[127.13171,37.49512],[127.13096,37.49573]]}},{"type":"Feature","properties":{"class":"major","highway":"tertiary","sidewalk":"likely","lanes":0,"name":"중대로20길","oneway":false},"geometry":{"type":"LineString","coordinates":[[127.13096,37.49573],[127.1309,37.49579],[127.13065,37.49599],[127.13052,37.49609],[127.13035,37.49623],[127.12995,37.49651],[127.12916,37.49706],[127.12903,37.49715],[127.12816,37.49779],[127.12789,37.49801],[127.12776,37.49811],[127.12735,37.49842],[127.12677,37.49885],[127.12664,37.49894],[127.12622,37.49927],[127.12617,37.49931]]}},{"type":"Feature","properties":{"class":"major","highway":"motorway","sidewalk":"likely","lanes":4,"name":"수도권제1순환고속도로","oneway":true},"geometry":{"type":"LineString","coordinates":[[127.13941,37.49489],[127.13917,37.49439],[127.13746,37.49083],[127.13703,37.48992],[127.13669,37.48905],[127.13629,37.48743],[127.13584,37.48498],[127.13576,37.48452],[127.13534,37.48195],[127.13521,37.48134],[127.13505,37.48073],[127.13481,37.48016],[127.13452,37.47955],[127.13401,37.47879]]}},{"type":"Feature","properties":{"class":"major","highway":"motorway","sidewalk":"likely","lanes":4,"name":"수도권제1순환고속도로","oneway":true},"geometry":{"type":"LineString","coordinates":[[127.1434,37.50297],[127.14159,37.49936],[127.13941,37.49489]]}},{"type":"Feature","properties":{"class":"major","highway":"motorway","sidewalk":"likely","lanes":2,"name":"수도권제1순환고속도로","oneway":true},"geometry":{"type":"LineString","coordinates":[[127.13956,37.49484],[127.13972,37.49517],[127.14188,37.4996],[127.14355,37.50293]]}},{"type":"Feature","properties":{"class":"minor","highway":"residential","sidewalk":"unknown","lanes":0,"name":"양재대로66길","oneway":false},"geometry":{"type":"LineString","coordinates":[[127.12521,37.49853],[127.12534,37.49878],[127.12544,37.499],[127.12555,37.49923],[127.12575,37.49961]]}},{"type":"Feature","properties":{"class":"minor","highway":"residential","sidewalk":"unknown","lanes":0,"name":"동남로11길","oneway":false},"geometry":{"type":"LineString","coordinates":[[127.12668,37.4926],[127.12603,37.49336]]}},{"type":"Feature","properties":{"class":"minor","highway":"residential","sidewalk":"unknown","lanes":0,"name":"동남로13길","oneway":false},"geometry":{"type":"LineString","coordinates":[[127.12567,37.49439],[127.12602,37.49439],[127.12645,37.4944],[127.12684,37.49441],[127.12726,37.49442],[127.12766,37.49443],[127.12932,37.49447],[127.13028,37.49449]]}},{"type":"Feature","properties":{"class":"minor","highway":"residential","sidewalk":"unknown","lanes":0,"name":"중대로16길","oneway":false},"geometry":{"type":"LineString","coordinates":[[127.12678,37.4961],[127.12642,37.49608],[127.12596,37.49606],[127.12599,37.49532],[127.12601,37.49469],[127.12602,37.49439]]}},{"type":"Feature","properties":{"class":"minor","highway":"residential","sidewalk":"unknown","lanes":0,"name":"동남로9길","oneway":false},"geometry":{"type":"LineString","coordinates":[[127.12574,37.49716],[127.1262,37.49685],[127.12677,37.49647],[127.12678,37.4961],[127.12681,37.49532],[127.12684,37.49441],[127.12686,37.49405],[127.12687,37.4937],[127.12689,37.49336],[127.12691,37.49276],[127.12694,37.49273],[127.12718,37.49242],[127.12744,37.4921]]}},{"type":"Feature","properties":{"class":"minor","highway":"residential","sidewalk":"unknown","lanes":0,"name":"오금로40길","oneway":false},"geometry":{"type":"LineString","coordinates":[[127.12677,37.49647],[127.12714,37.49662],[127.12749,37.49675]]}},{"type":"Feature","properties":{"class":"minor","highway":"residential","sidewalk":"unknown","lanes":0,"name":"송이로23길","oneway":false},"geometry":{"type":"LineString","coordinates":[[127.12681,37.49532],[127.12641,37.49532],[127.12599,37.49532],[127.12523,37.49617]]}},{"type":"Feature","properties":{"class":"minor","highway":"residential","sidewalk":"unknown","lanes":0,"name":"중대로20길","oneway":false},"geometry":{"type":"LineString","coordinates":[[127.1262,37.49685],[127.1265,37.49709],[127.1268,37.49733],[127.12711,37.49758],[127.12742,37.49783],[127.12776,37.49811]]}},{"type":"Feature","properties":{"class":"minor","highway":"residential","sidewalk":"unknown","lanes":0,"name":"","oneway":false},"geometry":{"type":"LineString","coordinates":[[127.12838,37.49706],[127.12839,37.4968],[127.12835,37.49665],[127.12835,37.49657],[127.12836,37.49647],[127.1282,37.49629],[127.12821,37.4961],[127.12822,37.49605],[127.12822,37.49588],[127.12823,37.49581],[127.12824,37.49542],[127.12825,37.49513],[127.12825,37.49496],[127.12827,37.4949],[127.1283,37.49489],[127.12835,37.49486],[127.12875,37.49487],[127.12912,37.49487],[127.12953,37.49487],[127.12984,37.49487],[127.13026,37.49483],[127.13038,37.49474]]}},{"type":"Feature","properties":{"class":"minor","highway":"residential","sidewalk":"unknown","lanes":0,"name":"동남로9길","oneway":false},"geometry":{"type":"LineString","coordinates":[[127.12686,37.49405],[127.12547,37.49401]]}},{"type":"Feature","properties":{"class":"minor","highway":"residential","sidewalk":"unknown","lanes":0,"name":"동남로13길","oneway":false},"geometry":{"type":"LineString","coordinates":[[127.12726,37.49442],[127.12732,37.49293]]}},{"type":"Feature","properties":{"class":"minor","highway":"residential","sidewalk":"unknown","lanes":0,"name":"동남로13길","oneway":false},"geometry":{"type":"LineString","coordinates":[[127.12641,37.49532],[127.12645,37.4944]]}},{"type":"Feature","properties":{"class":"minor","highway":"residential","sidewalk":"unknown","lanes":0,"name":"동남로9길","oneway":false},"geometry":{"type":"LineString","coordinates":[[127.12687,37.4937],[127.12576,37.49368]]}},{"type":"Feature","properties":{"class":"alley","highway":"service","sidewalk":"unknown","lanes":0,"name":"","oneway":false},"geometry":{"type":"LineString","coordinates":[[127.12933,37.49402],[127.12932,37.49432],[127.12823,37.4943],[127.12824,37.49363],[127.12885,37.49363],[127.12886,37.49334]]}},{"type":"Feature","properties":{"class":"minor","highway":"residential","sidewalk":"unknown","lanes":0,"name":"","oneway":false},"geometry":{"type":"LineString","coordinates":[[127.12699,37.49586],[127.12732,37.49587],[127.12788,37.49588],[127.12822,37.49588]]}},{"type":"Feature","properties":{"class":"minor","highway":"residential","sidewalk":"unknown","lanes":0,"name":"송이로23길","oneway":false},"geometry":{"type":"LineString","coordinates":[[127.12591,37.49752],[127.1265,37.49709],[127.12714,37.49662]]}},{"type":"Feature","properties":{"class":"minor","highway":"residential","sidewalk":"unknown","lanes":0,"name":"송이로23길","oneway":false},"geometry":{"type":"LineString","coordinates":[[127.12501,37.49583],[127.12601,37.49469]]}},{"type":"Feature","properties":{"class":"minor","highway":"residential","sidewalk":"unknown","lanes":0,"name":"송이로23길","oneway":false},"geometry":{"type":"LineString","coordinates":[[127.1264,37.49858],[127.12742,37.49783],[127.12838,37.49706]]}},{"type":"Feature","properties":{"class":"minor","highway":"residential","sidewalk":"unknown","lanes":0,"name":"송이로23길","oneway":false},"geometry":{"type":"LineString","coordinates":[[127.12556,37.49685],[127.12641,37.49619],[127.12642,37.49608]]}},{"type":"Feature","properties":{"class":"minor","highway":"residential","sidewalk":"unknown","lanes":0,"name":"동남로13길","oneway":false},"geometry":{"type":"LineString","coordinates":[[127.12766,37.49443],[127.12774,37.49326],[127.1278,37.49318]]}},{"type":"Feature","properties":{"class":"minor","highway":"residential","sidewalk":"unknown","lanes":0,"name":"동남로11길","oneway":false},"geometry":{"type":"LineString","coordinates":[[127.1278,37.49318],[127.12732,37.49293],[127.12694,37.49273],[127.12668,37.4926],[127.1263,37.49239],[127.12576,37.49212]]}},{"type":"Feature","properties":{"class":"minor","highway":"residential","sidewalk":"unknown","lanes":0,"name":"송이로23길","oneway":false},"geometry":{"type":"LineString","coordinates":[[127.12624,37.49824],[127.12711,37.49758],[127.12797,37.49693]]}},{"type":"Feature","properties":{"class":"minor","highway":"residential","sidewalk":"unknown","lanes":0,"name":"송이로27길","oneway":false},"geometry":{"type":"LineString","coordinates":[[127.12689,37.49336],[127.12603,37.49336]]}},{"type":"Feature","properties":{"class":"minor","highway":"residential","sidewalk":"unknown","lanes":0,"name":"송이로27길","oneway":false},"geometry":{"type":"LineString","coordinates":[[127.12603,37.49336],[127.12576,37.49368],[127.12547,37.49401],[127.12531,37.4942]]}},{"type":"Feature","properties":{"class":"minor","highway":"residential","sidewalk":"unknown","lanes":0,"name":"","oneway":false},"geometry":{"type":"LineString","coordinates":[[127.12876,37.49606],[127.12822,37.49605]]}},{"type":"Feature","properties":{"class":"minor","highway":"residential","sidewalk":"unknown","lanes":0,"name":"","oneway":false},"geometry":{"type":"LineString","coordinates":[[127.12824,37.49542],[127.12877,37.49543],[127.12876,37.49582],[127.12823,37.49581]]}},{"type":"Feature","properties":{"class":"minor","highway":"residential","sidewalk":"unknown","lanes":0,"name":"","oneway":false},"geometry":{"type":"LineString","coordinates":[[127.12875,37.49487],[127.12874,37.49514],[127.12825,37.49513],[127.12788,37.49513],[127.12743,37.49512],[127.12705,37.49512]]}},{"type":"Feature","properties":{"class":"alley","highway":"service","sidewalk":"unknown","lanes":0,"name":"","oneway":false},"geometry":{"type":"LineString","coordinates":[[127.1303,37.49965],[127.1306,37.49997],[127.13078,37.49997],[127.13168,37.49944]]}},{"type":"Feature","properties":{"class":"alley","highway":"service","sidewalk":"unknown","lanes":0,"name":"","oneway":false},"geometry":{"type":"LineString","coordinates":[[127.13157,37.49787],[127.13208,37.49831],[127.13209,37.49839],[127.13209,37.49841],[127.13193,37.49854],[127.13166,37.49874],[127.1316,37.49882],[127.1316,37.49892],[127.1317,37.49899],[127.13186,37.49905],[127.13198,37.4991],[127.13207,37.4992]]}},{"type":"Feature","properties":{"class":"minor","highway":"residential","sidewalk":"unknown","lanes":0,"name":"오금로38가길","oneway":false},"geometry":{"type":"LineString","coordinates":[[127.127,37.49927],[127.12682,37.4994],[127.1268,37.49948],[127.12719,37.50009],[127.12745,37.50049],[127.1276,37.50065],[127.12778,37.50083],[127.12794,37.501],[127.12809,37.50117],[127.12827,37.50136],[127.12887,37.50097]]}},{"type":"Feature","properties":{"class":"minor","highway":"residential","sidewalk":"unknown","lanes":0,"name":"동남로17길","oneway":false},"geometry":{"type":"LineString","coordinates":[[127.13208,37.49673],[127.13181,37.49692],[127.13151,37.49714]]}},{"type":"Feature","properties":{"class":"minor","highway":"residential","sidewalk":"unknown","lanes":0,"name":"동남로17길","oneway":false},"geometry":{"type":"LineString","coordinates":[[127.13181,37.49692],[127.13065,37.49599]]}},{"type":"Feature","properties":{"class":"minor","highway":"residential","sidewalk":"unknown","lanes":0,"name":"오금로38길","oneway":false},"geometry":{"type":"LineString","coordinates":[[127.1286,37.50073],[127.12941,37.50022],[127.1303,37.49965],[127.13148,37.49893]]}},{"type":"Feature","properties":{"class":"minor","highway":"residential","sidewalk":"unknown","lanes":0,"name":"동남로20길","oneway":false},"geometry":{"type":"LineString","coordinates":[[127.13716,37.49364],[127.13712,37.49367],[127.13677,37.49393],[127.13527,37.49505],[127.13481,37.49539],[127.13434,37.49573],[127.13364,37.49626],[127.13338,37.49646],[127.13306,37.4967],[127.13254,37.49712]]}},{"type":"Feature","properties":{"class":"minor","highway":"residential","sidewalk":"unknown","lanes":0,"name":"동남로17길","oneway":false},"geometry":{"type":"LineString","coordinates":[[127.13151,37.49714],[127.13035,37.49623]]}},{"type":"Feature","properties":{"class":"minor","highway":"residential","sidewalk":"unknown","lanes":0,"name":"오금로38길","oneway":false},"geometry":{"type":"LineString","coordinates":[[127.12719,37.50009],[127.12761,37.49982]]}},{"type":"Feature","properties":{"class":"minor","highway":"residential","sidewalk":"unknown","lanes":0,"name":"동남로6길","oneway":false},"geometry":{"type":"LineString","coordinates":[[127.12537,37.48663],[127.12631,37.4867],[127.12678,37.4867],[127.12684,37.4867]]}},{"type":"Feature","properties":{"class":"alley","highway":"service","sidewalk":"unknown","lanes":0,"name":"","oneway":false},"geometry":{"type":"LineString","coordinates":[[127.12783,37.4904],[127.12846,37.49075],[127.12852,37.49084],[127.12852,37.49094],[127.12841,37.49106],[127.12829,37.49107],[127.12806,37.49094],[127.12793,37.49087],[127.12789,37.49089],[127.12777,37.49106],[127.12757,37.4914],[127.12771,37.49143],[127.12787,37.49146],[127.12817,37.49154],[127.12834,37.49166],[127.1284,37.49178],[127.12847,37.49191],[127.12842,37.49206],[127.12826,37.49224],[127.12821,37.49229],[127.12811,37.49244]]}},{"type":"Feature","properties":{"class":"alley","highway":"service","sidewalk":"unknown","lanes":0,"name":"","oneway":false},"geometry":{"type":"LineString","coordinates":[[127.13213,37.49745],[127.13225,37.49757],[127.13246,37.49773],[127.13268,37.4979],[127.13271,37.49807],[127.13289,37.49822],[127.13308,37.49826],[127.13318,37.49837],[127.13332,37.49846],[127.13348,37.49846]]}},{"type":"Feature","properties":{"class":"alley","highway":"service","sidewalk":"unknown","lanes":0,"name":"","oneway":false},"geometry":{"type":"LineString","coordinates":[[127.12661,37.49169],[127.12677,37.49156],[127.12685,37.49154],[127.12821,37.49229]]}},{"type":"Feature","properties":{"class":"alley","highway":"service","sidewalk":"unknown","lanes":0,"name":"","oneway":false},"geometry":{"type":"LineString","coordinates":[[127.13209,37.49841],[127.13218,37.49852],[127.13226,37.49859],[127.13232,37.49862],[127.13251,37.49867],[127.13265,37.49874],[127.13275,37.49878]]}},{"type":"Feature","properties":{"class":"alley","highway":"service","sidewalk":"unknown","lanes":0,"name":"","oneway":false},"geometry":{"type":"LineString","coordinates":[[127.12757,37.4914],[127.12724,37.49119],[127.12698,37.491]]}},{"type":"Feature","properties":{"class":"minor","highway":"residential","sidewalk":"unknown","lanes":0,"name":"","oneway":false},"geometry":{"type":"LineString","coordinates":[[127.12643,37.48705],[127.12631,37.4867]]}},{"type":"Feature","properties":{"class":"minor","highway":"residential","sidewalk":"unknown","lanes":0,"name":"동남로6길","oneway":false},"geometry":{"type":"LineString","coordinates":[[127.12524,37.48804],[127.12654,37.48811],[127.12699,37.48813]]}},{"type":"Feature","properties":{"class":"minor","highway":"residential","sidewalk":"unknown","lanes":0,"name":"동남로8길","oneway":false},"geometry":{"type":"LineString","coordinates":[[127.12645,37.49014],[127.12666,37.48988],[127.12667,37.48981],[127.1264,37.4892]]}},{"type":"Feature","properties":{"class":"minor","highway":"residential","sidewalk":"unknown","lanes":0,"name":"동남로6나길","oneway":false},"geometry":{"type":"LineString","coordinates":[[127.12669,37.48844],[127.12646,37.48844],[127.12597,37.48843],[127.12541,37.48841],[127.12518,37.4884]]}},{"type":"Feature","properties":{"class":"minor","highway":"residential","sidewalk":"unknown","lanes":0,"name":"동남로8길","oneway":false},"geometry":{"type":"LineString","coordinates":[[127.12741,37.49008],[127.1269,37.48892],[127.12669,37.48844],[127.12654,37.48811]]}},{"type":"Feature","properties":{"class":"minor","highway":"residential","sidewalk":"unknown","lanes":0,"name":"송이로32길","oneway":false},"geometry":{"type":"LineString","coordinates":[[127.12779,37.48981],[127.12821,37.48955]]}},{"type":"Feature","properties":{"class":"minor","highway":"residential","sidewalk":"unknown","lanes":0,"name":"동남로8길","oneway":false},"geometry":{"type":"LineString","coordinates":[[127.12504,37.49084],[127.12539,37.49043],[127.12565,37.49011],[127.12589,37.48983],[127.12613,37.48952],[127.1264,37.4892],[127.1265,37.48908],[127.12652,37.48905],[127.1269,37.48892],[127.12731,37.48878],[127.12776,37.48864]]}},{"type":"Feature","properties":{"class":"minor","highway":"residential","sidewalk":"unknown","lanes":0,"name":"동남로6가길","oneway":false},"geometry":{"type":"LineString","coordinates":[[127.12541,37.48912],[127.1256,37.48889],[127.12597,37.48843]]}},{"type":"Feature","properties":{"class":"minor","highway":"residential","sidewalk":"unknown","lanes":0,"name":"동남로8길","oneway":false},"geometry":{"type":"LineString","coordinates":[[127.1265,37.48908],[127.12629,37.48867]]}},{"type":"Feature","properties":{"class":"minor","highway":"residential","sidewalk":"unknown","lanes":0,"name":"동남로6길","oneway":false},"geometry":{"type":"LineString","coordinates":[[127.12527,37.4877],[127.12681,37.48777],[127.12729,37.48762]]}},{"type":"Feature","properties":{"class":"minor","highway":"residential","sidewalk":"unknown","lanes":0,"name":"동남로6나길","oneway":false},"geometry":{"type":"LineString","coordinates":[[127.12539,37.48861],[127.12541,37.48841]]}},{"type":"Feature","properties":{"class":"minor","highway":"residential","sidewalk":"unknown","lanes":0,"name":"동남로8길","oneway":false},"geometry":{"type":"LineString","coordinates":[[127.12663,37.49063],[127.12565,37.49011]]}},{"type":"Feature","properties":{"class":"minor","highway":"residential","sidewalk":"unknown","lanes":0,"name":"동남로6나길","oneway":false},"geometry":{"type":"LineString","coordinates":[[127.1256,37.48889],[127.1259,37.48906],[127.12599,37.48906],[127.12629,37.48867],[127.12646,37.48844]]}},{"type":"Feature","properties":{"class":"minor","highway":"residential","sidewalk":"unknown","lanes":0,"name":"동남로6길","oneway":false},"geometry":{"type":"LineString","coordinates":[[127.1253,37.48735],[127.12662,37.4874]]}},{"type":"Feature","properties":{"class":"alley","highway":"service","sidewalk":"unknown","lanes":0,"name":"송이로34길","oneway":false},"geometry":{"type":"LineString","coordinates":[[127.13068,37.48578],[127.13093,37.4856],[127.13103,37.48553]]}},{"type":"Feature","properties":{"class":"minor","highway":"residential","sidewalk":"unknown","lanes":0,"name":"새말로15길","oneway":false},"geometry":{"type":"LineString","coordinates":[[127.12901,37.48629],[127.12922,37.486],[127.12942,37.48574],[127.12967,37.48542],[127.12971,37.48536],[127.1299,37.48512],[127.13026,37.48485],[127.13057,37.48463],[127.13067,37.4846]]}},{"type":"Feature","properties":{"class":"minor","highway":"residential","sidewalk":"unknown","lanes":0,"name":"새말로","oneway":false},"geometry":{"type":"LineString","coordinates":[[127.12866,37.48349],[127.12882,37.48324]]}},{"type":"Feature","properties":{"class":"alley","highway":"service","sidewalk":"unknown","lanes":0,"name":"송파대로18길","oneway":false},"geometry":{"type":"LineString","coordinates":[[127.12522,37.48505],[127.12529,37.48398]]}},{"type":"Feature","properties":{"class":"alley","highway":"service","sidewalk":"unknown","lanes":0,"name":"송이로34길","oneway":false},"geometry":{"type":"LineString","coordinates":[[127.13009,37.48527],[127.13045,37.48502]]}},{"type":"Feature","properties":{"class":"minor","highway":"residential","sidewalk":"unknown","lanes":0,"name":"새말로13길","oneway":false},"geometry":{"type":"LineString","coordinates":[[127.12827,37.4842],[127.12964,37.48433]]}},{"type":"Feature","properties":{"class":"alley","highway":"service","sidewalk":"unknown","lanes":0,"name":"송이로36길","oneway":true},"geometry":{"type":"LineString","coordinates":[[127.12772,37.48453],[127.12788,37.48342]]}},{"type":"Feature","properties":{"class":"alley","highway":"service","sidewalk":"unknown","lanes":0,"name":"송이로34길","oneway":false},"geometry":{"type":"LineString","coordinates":[[127.13048,37.48561],[127.13083,37.48535]]}},{"type":"Feature","properties":{"class":"alley","highway":"service","sidewalk":"unknown","lanes":0,"name":"송파대로18길","oneway":false},"geometry":{"type":"LineString","coordinates":[[127.12568,37.48508],[127.12574,37.48401]]}},{"type":"Feature","properties":{"class":"minor","highway":"residential","sidewalk":"unknown","lanes":0,"name":"송이로36길","oneway":false},"geometry":{"type":"LineString","coordinates":[[127.12832,37.48383],[127.12912,37.48387]]}},{"type":"Feature","properties":{"class":"minor","highway":"residential","sidewalk":"unknown","lanes":0,"name":"송이로34길","oneway":false},"geometry":{"type":"LineString","coordinates":[[127.12624,37.48439],[127.12677,37.48443],[127.12725,37.48448],[127.12772,37.48453],[127.12804,37.48456],[127.12821,37.48457],[127.1294,37.4847],[127.1299,37.48512],[127.13009,37.48527],[127.13029,37.48544],[127.13048,37.48561],[127.13068,37.48578],[127.13098,37.48603],[127.131,37.48604],[127.13108,37.48611],[127.13201,37.48693],[127.13249,37.48735]]}},{"type":"Feature","properties":{"class":"minor","highway":"residential","sidewalk":"unknown","lanes":0,"name":"새말로17길","oneway":true},"geometry":{"type":"LineString","coordinates":[[127.1307,37.48635],[127.13162,37.48719]]}},{"type":"Feature","properties":{"class":"alley","highway":"service","sidewalk":"unknown","lanes":0,"name":"송이로34길","oneway":false},"geometry":{"type":"LineString","coordinates":[[127.13029,37.48544],[127.13064,37.48518]]}},{"type":"Feature","properties":{"class":"minor","highway":"residential","sidewalk":"unknown","lanes":0,"name":"송이로30길","oneway":false},"geometry":{"type":"LineString","coordinates":[[127.12798,37.48602],[127.12805,37.48561],[127.12815,37.48496],[127.12821,37.48457]]}},{"type":"Feature","properties":{"class":"alley","highway":"service","sidewalk":"unknown","lanes":0,"name":"송이로36길","oneway":false},"geometry":{"type":"LineString","coordinates":[[127.12804,37.48456],[127.12819,37.48345]]}},{"type":"Feature","properties":{"class":"alley","highway":"service","sidewalk":"unknown","lanes":0,"name":"송이로36길","oneway":false},"geometry":{"type":"LineString","coordinates":[[127.12677,37.48443],[127.12695,37.48333]]}},{"type":"Feature","properties":{"class":"minor","highway":"residential","sidewalk":"unknown","lanes":0,"name":"새말로17길","oneway":false},"geometry":{"type":"LineString","coordinates":[[127.13003,37.48684],[127.13037,37.48658],[127.1307,37.48635],[127.13108,37.48611],[127.13122,37.48601],[127.13143,37.48586],[127.13182,37.48558]]}},{"type":"Feature","properties":{"class":"minor","highway":"residential","sidewalk":"unknown","lanes":0,"name":"새말로15길","oneway":false},"geometry":{"type":"LineString","coordinates":[[127.12942,37.48574],[127.13037,37.48658]]}},{"type":"Feature","properties":{"class":"minor","highway":"residential","sidewalk":"unknown","lanes":0,"name":"새말로15길","oneway":false},"geometry":{"type":"LineString","coordinates":[[127.12839,37.48611],[127.1284,37.48596],[127.12845,37.48594],[127.12922,37.486],[127.12985,37.48652],[127.12986,37.48654],[127.12985,37.48658],[127.12974,37.48665]]}},{"type":"Feature","properties":{"class":"minor","highway":"residential","sidewalk":"unknown","lanes":0,"name":"새말로19길","oneway":false},"geometry":{"type":"LineString","coordinates":[[127.13094,37.48764],[127.1313,37.48741],[127.13162,37.48719],[127.13201,37.48693],[127.13239,37.48669]]}},{"type":"Feature","properties":{"class":"minor","highway":"residential","sidewalk":"unknown","lanes":0,"name":"새말로11길","oneway":false},"geometry":{"type":"LineString","coordinates":[[127.12725,37.48448],[127.12743,37.48338]]}},{"type":"Feature","properties":{"class":"minor","highway":"residential","sidewalk":"unknown","lanes":0,"name":"문정로5길","oneway":false},"geometry":{"type":"LineString","coordinates":[[127.1285,37.48809],[127.12815,37.48726]]}},{"type":"Feature","properties":{"class":"minor","highway":"residential","sidewalk":"unknown","lanes":0,"name":"새말로19길","oneway":false},"geometry":{"type":"LineString","coordinates":[[127.13239,37.48669],[127.13283,37.48641],[127.1333,37.48612]]}},{"type":"Feature","properties":{"class":"minor","highway":"residential","sidewalk":"unknown","lanes":0,"name":"문정로5길","oneway":false},"geometry":{"type":"LineString","coordinates":[[127.12889,37.48785],[127.12844,37.48727]]}},{"type":"Feature","properties":{"class":"minor","highway":"residential","sidewalk":"unknown","lanes":0,"name":"문정로5길","oneway":false},"geometry":{"type":"LineString","coordinates":[[127.12812,37.48834],[127.12763,37.48724]]}},{"type":"Feature","properties":{"class":"minor","highway":"residential","sidewalk":"unknown","lanes":0,"name":"문정로","oneway":false},"geometry":{"type":"LineString","coordinates":[[127.12874,37.48728],[127.12878,37.48678],[127.12879,37.48669]]}},{"type":"Feature","properties":{"class":"minor","highway":"residential","sidewalk":"unknown","lanes":0,"name":"문정로5길","oneway":false},"geometry":{"type":"LineString","coordinates":[[127.12931,37.48759],[127.12874,37.48728],[127.12844,37.48727],[127.12815,37.48726],[127.12763,37.48724],[127.12757,37.48724],[127.12717,37.48737]]}},{"type":"Feature","properties":{"class":"minor","highway":"residential","sidewalk":"no","lanes":0,"name":"오금로44길","oneway":false},"geometry":{"type":"LineString","coordinates":[[127.13064,37.4926],[127.13103,37.49292],[127.13153,37.49333],[127.13204,37.49375],[127.13238,37.49403],[127.13274,37.49434],[127.13355,37.495],[127.13386,37.49525],[127.134,37.49546],[127.13434,37.49573],[127.13453,37.49588],[127.13471,37.49602],[127.13532,37.49649],[127.13588,37.49693],[127.13617,37.49716],[127.13632,37.49728]]}},{"type":"Feature","properties":{"class":"minor","highway":"residential","sidewalk":"unknown","lanes":0,"name":"오금로46길","oneway":false},"geometry":{"type":"LineString","coordinates":[[127.13685,37.49699],[127.13671,37.49688],[127.1358,37.49617],[127.13481,37.49539],[127.13443,37.49508],[127.13396,37.49471],[127.13345,37.4943],[127.13314,37.49401],[127.13193,37.49303],[127.13105,37.49231]]}},{"type":"Feature","properties":{"class":"alley","highway":"service","sidewalk":"unknown","lanes":0,"name":"","oneway":false},"geometry":{"type":"LineString","coordinates":[[127.13018,37.49079],[127.12975,37.4909],[127.12907,37.49108],[127.1289,37.49112]]}},{"type":"Feature","properties":{"class":"minor","highway":"residential","sidewalk":"unknown","lanes":0,"name":"동남로20길","oneway":false},"geometry":{"type":"LineString","coordinates":[[127.13778,37.49477],[127.13677,37.49393],[127.13639,37.49358],[127.1359,37.49313],[127.13542,37.49269],[127.13508,37.49238]]}},{"type":"Feature","properties":{"class":"minor","highway":"residential","sidewalk":"unknown","lanes":0,"name":"오금로50길","oneway":false},"geometry":{"type":"LineString","coordinates":[[127.13837,37.49611],[127.13828,37.49605],[127.13822,37.49602],[127.13801,37.49588],[127.13771,37.49567],[127.13765,37.49559],[127.13766,37.49538],[127.13775,37.49496],[127.13778,37.49477],[127.13787,37.49433],[127.13788,37.49426]]}},{"type":"Feature","properties":{"class":"minor","highway":"residential","sidewalk":"unknown","lanes":0,"name":"동남로14길","oneway":false},"geometry":{"type":"LineString","coordinates":[[127.12965,37.49329],[127.12989,37.49312],[127.13064,37.4926],[127.13105,37.49231],[127.13139,37.49207],[127.13174,37.49182],[127.13266,37.49118],[127.13315,37.49083],[127.13339,37.49066],[127.13353,37.49056],[127.13358,37.49053]]}},{"type":"Feature","properties":{"class":"minor","highway":"residential","sidewalk":"unknown","lanes":0,"name":"동남로18길","oneway":false},"geometry":{"type":"LineString","coordinates":[[127.131,37.49458],[127.13135,37.49484],[127.13171,37.49512]]}},{"type":"Feature","properties":{"class":"minor","highway":"residential","sidewalk":"unknown","lanes":0,"name":"동남로16길","oneway":false},"geometry":{"type":"LineString","coordinates":[[127.13038,37.49474],[127.13097,37.4946],[127.131,37.49458],[127.13183,37.4939],[127.13204,37.49375]]}},{"type":"Feature","properties":{"class":"minor","highway":"residential","sidewalk":"unknown","lanes":0,"name":"오금로46길","oneway":false},"geometry":{"type":"LineString","coordinates":[[127.13355,37.495],[127.13396,37.49471]]}},{"type":"Feature","properties":{"class":"alley","highway":"service","sidewalk":"unknown","lanes":0,"name":"","oneway":false},"geometry":{"type":"LineString","coordinates":[[127.13266,37.49118],[127.13274,37.49126],[127.1329,37.49139],[127.13313,37.49138],[127.13357,37.49109],[127.13387,37.49136],[127.13395,37.49131],[127.13428,37.49158],[127.13418,37.49165],[127.13437,37.49181],[127.13467,37.49206],[127.13466,37.49208],[127.13435,37.4924],[127.13435,37.49245],[127.1342,37.49257],[127.13378,37.49287],[127.13338,37.49258],[127.13327,37.49261],[127.13316,37.49262],[127.13304,37.49254],[127.133,37.49241],[127.13305,37.49228],[127.13248,37.49181],[127.1328,37.4916],[127.1329,37.49139]]}},{"type":"Feature","properties":{"class":"minor","highway":"residential","sidewalk":"unknown","lanes":0,"name":"동남로14길","oneway":false},"geometry":{"type":"LineString","coordinates":[[127.13375,37.49348],[127.13339,37.49318],[127.13258,37.49251],[127.13183,37.49189],[127.13174,37.49182]]}},{"type":"Feature","properties":{"class":"alley","highway":"service","sidewalk":"unknown","lanes":0,"name":"","oneway":false},"geometry":{"type":"LineString","coordinates":[[127.13305,37.49228],[127.13337,37.49204]]}},{"type":"Feature","properties":{"class":"alley","highway":"service","sidewalk":"unknown","lanes":0,"name":"","oneway":false},"geometry":{"type":"LineString","coordinates":[[127.13204,37.49589],[127.13259,37.49638],[127.13294,37.49614],[127.13232,37.49567],[127.13204,37.49589],[127.13191,37.49599],[127.13144,37.49559]]}},{"type":"Feature","properties":{"class":"minor","highway":"residential","sidewalk":"unknown","lanes":0,"name":"오금로46길","oneway":false},"geometry":{"type":"LineString","coordinates":[[127.13153,37.49333],[127.13193,37.49303],[127.13224,37.49277],[127.13258,37.49251]]}},{"type":"Feature","properties":{"class":"minor","highway":"residential","sidewalk":"unknown","lanes":0,"name":"오금로44길","oneway":false},"geometry":{"type":"LineString","coordinates":[[127.13135,37.49484],[127.13238,37.49403]]}},{"type":"Feature","properties":{"class":"minor","highway":"residential","sidewalk":"unknown","lanes":0,"name":"동남로14길","oneway":false},"geometry":{"type":"LineString","coordinates":[[127.13339,37.49318],[127.13305,37.49343],[127.13224,37.49277],[127.13147,37.49213],[127.13139,37.49207]]}},{"type":"Feature","properties":{"class":"minor","highway":"residential","sidewalk":"unknown","lanes":0,"name":"동남로20길","oneway":false},"geometry":{"type":"LineString","coordinates":[[127.13364,37.49626],[127.13384,37.49645],[127.13421,37.49647],[127.13438,37.49648],[127.13456,37.49637]]}},{"type":"Feature","properties":{"class":"minor","highway":"residential","sidewalk":"unknown","lanes":0,"name":"오금로44나길","oneway":false},"geometry":{"type":"LineString","coordinates":[[127.1355,37.49715],[127.1347,37.49649],[127.13456,37.49637],[127.13451,37.49629],[127.13451,37.49619],[127.13471,37.49602]]}},{"type":"Feature","properties":{"class":"minor","highway":"residential","sidewalk":"unknown","lanes":0,"name":"동남로","oneway":false},"geometry":{"type":"LineString","coordinates":[[127.13365,37.49803],[127.13421,37.49764]]}},{"type":"Feature","properties":{"class":"minor","highway":"residential","sidewalk":"unknown","lanes":0,"name":"문정로11길","oneway":false},"geometry":{"type":"LineString","coordinates":[[127.13345,37.4943],[127.13383,37.49399],[127.13413,37.49375],[127.13442,37.49351],[127.13474,37.49325],[127.13507,37.49298],[127.13542,37.49269]]}},{"type":"Feature","properties":{"class":"minor","highway":"residential","sidewalk":"unknown","lanes":0,"name":"문정로","oneway":false},"geometry":{"type":"LineString","coordinates":[[127.1359,37.49313],[127.13623,37.4929],[127.13628,37.49286]]}},{"type":"Feature","properties":{"class":"minor","highway":"residential","sidewalk":"unknown","lanes":0,"name":"오금로44길","oneway":false},"geometry":{"type":"LineString","coordinates":[[127.13421,37.49647],[127.13427,37.49609],[127.13453,37.49588]]}},{"type":"Feature","properties":{"class":"alley","highway":"service","sidewalk":"unknown","lanes":0,"name":"","oneway":false},"geometry":{"type":"LineString","coordinates":[[127.13454,37.49284],[127.13446,37.49278],[127.1342,37.49257]]}},{"type":"Feature","properties":{"class":"minor","highway":"residential","sidewalk":"unknown","lanes":0,"name":"문정로13길","oneway":false},"geometry":{"type":"LineString","coordinates":[[127.13512,37.49456],[127.13413,37.49375]]}},{"type":"Feature","properties":{"class":"minor","highway":"residential","sidewalk":"unknown","lanes":0,"name":"문정로13길","oneway":false},"geometry":{"type":"LineString","coordinates":[[127.13481,37.49479],[127.13383,37.49399]]}},{"type":"Feature","properties":{"class":"minor","highway":"residential","sidewalk":"unknown","lanes":0,"name":"오금로44가길","oneway":false},"geometry":{"type":"LineString","coordinates":[[127.1351,37.49736],[127.13437,37.49671],[127.13411,37.49667],[127.1339,37.49666],[127.13375,37.49676]]}},{"type":"Feature","properties":{"class":"minor","highway":"residential","sidewalk":"unknown","lanes":0,"name":"문정로13길","oneway":false},"geometry":{"type":"LineString","coordinates":[[127.13543,37.49432],[127.13442,37.49351]]}},{"type":"Feature","properties":{"class":"minor","highway":"residential","sidewalk":"unknown","lanes":0,"name":"오금로44가길","oneway":false},"geometry":{"type":"LineString","coordinates":[[127.13306,37.4967],[127.13387,37.49742],[127.1341,37.49759],[127.13421,37.49764],[127.13433,37.49769],[127.13453,37.49767],[127.13472,37.49757],[127.1351,37.49736],[127.1355,37.49715],[127.13588,37.49693]]}},{"type":"Feature","properties":{"class":"minor","highway":"residential","sidewalk":"unknown","lanes":0,"name":"오금로46길","oneway":false},"geometry":{"type":"LineString","coordinates":[[127.13624,37.49587],[127.1358,37.49617],[127.13532,37.49649]]}},{"type":"Feature","properties":{"class":"minor","highway":"residential","sidewalk":"unknown","lanes":0,"name":"오금로44나길","oneway":false},"geometry":{"type":"LineString","coordinates":[[127.13437,37.49671],[127.1347,37.49649]]}},{"type":"Feature","properties":{"class":"minor","highway":"residential","sidewalk":"unknown","lanes":0,"name":"문정로13길","oneway":false},"geometry":{"type":"LineString","coordinates":[[127.13443,37.49508],[127.13481,37.49479],[127.13512,37.49456],[127.13543,37.49432],[127.13573,37.49408],[127.13608,37.49382],[127.13639,37.49358]]}},{"type":"Feature","properties":{"class":"minor","highway":"residential","sidewalk":"unknown","lanes":0,"name":"문정로13길","oneway":false},"geometry":{"type":"LineString","coordinates":[[127.13573,37.49408],[127.13474,37.49325]]}},{"type":"Feature","properties":{"class":"minor","highway":"residential","sidewalk":"unknown","lanes":0,"name":"문정로13길","oneway":false},"geometry":{"type":"LineString","coordinates":[[127.13608,37.49382],[127.13507,37.49298]]}},{"type":"Feature","properties":{"class":"minor","highway":"residential","sidewalk":"unknown","lanes":0,"name":"오금로42길","oneway":false},"geometry":{"type":"LineString","coordinates":[[127.13511,37.49792],[127.13497,37.49779],[127.13472,37.49757],[127.13375,37.49676],[127.13338,37.49646]]}},{"type":"Feature","properties":{"class":"minor","highway":"residential","sidewalk":"unknown","lanes":0,"name":"오금로48길","oneway":false},"geometry":{"type":"LineString","coordinates":[[127.13728,37.49676],[127.13715,37.49665],[127.13624,37.49587],[127.13527,37.49505]]}},{"type":"Feature","properties":{"class":"minor","highway":"residential","sidewalk":"unknown","lanes":0,"name":"문정로","oneway":false},"geometry":{"type":"LineString","coordinates":[[127.13606,37.49267],[127.13611,37.49264],[127.13643,37.49239]]}},{"type":"Feature","properties":{"class":"major","highway":"tertiary","sidewalk":"likely","lanes":0,"name":"","oneway":false},"geometry":{"type":"LineString","coordinates":[[127.13501,37.48139],[127.13572,37.48156]]}},{"type":"Feature","properties":{"class":"major","highway":"tertiary","sidewalk":"likely","lanes":0,"name":"송파대로8길","oneway":false},"geometry":{"type":"LineString","coordinates":[[127.12769,37.47731],[127.12834,37.47746],[127.12878,37.47757],[127.12902,37.47764],[127.12908,37.47765],[127.12922,37.47769],[127.12976,37.47785],[127.12993,37.47791],[127.13015,37.47799],[127.13043,37.47812],[127.13103,37.47843],[127.13117,37.47852],[127.13122,37.47856],[127.13181,37.479],[127.13191,37.47908],[127.1321,37.47924],[127.13243,37.4796],[127.13246,37.47965],[127.13288,37.48021],[127.1329,37.48024],[127.13304,37.4805],[127.13315,37.48072],[127.13324,37.48086]]}},{"type":"Feature","properties":{"class":"major","highway":"tertiary","sidewalk":"likely","lanes":0,"name":"충민로6길","oneway":false},"geometry":{"type":"LineString","coordinates":[[127.13324,37.48086],[127.13334,37.48091],[127.13353,37.48096],[127.13362,37.48099],[127.13423,37.48119],[127.13463,37.48131],[127.13467,37.48133]]}},{"type":"Feature","properties":{"class":"major","highway":"motorway","sidewalk":"likely","lanes":5,"name":"수도권제1순환고속도로","oneway":true},"geometry":{"type":"LineString","coordinates":[[127.13385,37.47828],[127.13428,37.47885],[127.13472,37.47954],[127.13509,37.48022],[127.13529,37.48078],[127.13541,37.48135],[127.13555,37.48198]]}},{"type":"Feature","properties":{"class":"major","highway":"motorway","sidewalk":"likely","lanes":4,"name":"수도권제1순환고속도로","oneway":true},"geometry":{"type":"LineString","coordinates":[[127.13555,37.48198],[127.13605,37.485],[127.13648,37.48733],[127.13667,37.48822],[127.13692,37.48905],[127.13761,37.4907],[127.13861,37.49274]]}},{"type":"Feature","properties":{"class":"major","highway":"secondary","sidewalk":"likely","lanes":0,"name":"송이로","oneway":false},"geometry":{"type":"LineString","coordinates":[[127.13326,37.4868],[127.13249,37.48735],[127.13144,37.48806],[127.13108,37.48829],[127.13104,37.48832]]}},{"type":"Feature","properties":{"class":"major","highway":"secondary","sidewalk":"likely","lanes":0,"name":"송이로","oneway":false},"geometry":{"type":"LineString","coordinates":[[127.12624,37.49152],[127.12659,37.49128],[127.12698,37.491],[127.12703,37.49097],[127.12734,37.49074],[127.12783,37.4904],[127.12843,37.49],[127.13093,37.4884],[127.13104,37.48832]]}},{"type":"Feature","properties":{"class":"major","highway":"secondary","sidewalk":"likely","lanes":0,"name":"동남로","oneway":false},"geometry":{"type":"LineString","coordinates":[[127.12624,37.49152],[127.12661,37.49169],[127.12744,37.4921],[127.12811,37.49244],[127.12883,37.49282],[127.12886,37.49283]]}},{"type":"Feature","properties":{"class":"major","highway":"tertiary","sidewalk":"likely","lanes":0,"name":"문정로","oneway":false},"geometry":{"type":"LineString","coordinates":[[127.12665,37.48629],[127.12685,37.48631],[127.12717,37.48632],[127.12764,37.48637],[127.12788,37.48641],[127.12812,37.48647],[127.12833,37.48652],[127.12846,37.48656],[127.12879,37.48669],[127.12883,37.48671],[127.12911,37.48683],[127.1295,37.48705],[127.12978,37.48724],[127.12982,37.48728],[127.13036,37.48774]]}},{"type":"Feature","properties":{"class":"major","highway":"tertiary","sidewalk":"likely","lanes":2,"name":"송이로32길","oneway":false},"geometry":{"type":"LineString","coordinates":[[127.12965,37.49329],[127.12973,37.49315],[127.12974,37.49309],[127.12972,37.493],[127.12963,37.49281],[127.1289,37.49112],[127.12843,37.49],[127.12821,37.48955],[127.12776,37.48864],[127.12729,37.48762],[127.12717,37.48737],[127.12684,37.4867],[127.12674,37.48648],[127.12665,37.48629]]}},{"type":"Feature","properties":{"class":"minor","highway":"residential","sidewalk":"unknown","lanes":0,"name":"충민로4길","oneway":false},"geometry":{"type":"LineString","coordinates":[[127.13043,37.47812],[127.13025,37.47835],[127.12998,37.47871],[127.12962,37.47919],[127.12914,37.47984],[127.12892,37.48014],[127.12881,37.48029]]}},{"type":"Feature","properties":{"class":"minor","highway":"residential","sidewalk":"unknown","lanes":0,"name":"문정로","oneway":false},"geometry":{"type":"LineString","coordinates":[[127.13934,37.4956],[127.1395,37.49582],[127.13971,37.49608],[127.13985,37.49627],[127.14001,37.49651],[127.14013,37.49672],[127.14019,37.49683],[127.14028,37.49699],[127.14047,37.49737],[127.14056,37.49758],[127.14067,37.49781],[127.14077,37.49802],[127.14085,37.4982],[127.14096,37.49842],[127.14114,37.49879],[127.14116,37.49883],[127.14125,37.49902],[127.14137,37.49925],[127.14141,37.49934],[127.14145,37.4994]]}},{"type":"Feature","properties":{"class":"major","highway":"primary","sidewalk":"yes","lanes":3,"name":"위례서로","oneway":true},"geometry":{"type":"LineString","coordinates":[[127.13965,37.48171],[127.13957,37.48153],[127.13954,37.48145],[127.13948,37.48132],[127.13935,37.48107],[127.13908,37.4807],[127.13873,37.48018],[127.13867,37.48009],[127.13807,37.47921],[127.13797,37.47907]]}},{"type":"Feature","properties":{"class":"minor","highway":"residential","sidewalk":"unknown","lanes":0,"name":"중대로23길","oneway":false},"geometry":{"type":"LineString","coordinates":[[127.12575,37.49961],[127.12601,37.50011],[127.12624,37.50053],[127.12648,37.50085],[127.12653,37.50092],[127.12676,37.50116],[127.12707,37.50149]]}},{"type":"Feature","properties":{"class":"minor","highway":"residential","sidewalk":"unknown","lanes":0,"name":"오금로40길","oneway":false},"geometry":{"type":"LineString","coordinates":[[127.12749,37.49675],[127.12797,37.49693],[127.12823,37.49706],[127.12838,37.49706],[127.12916,37.49706],[127.13033,37.498],[127.13037,37.49803],[127.13081,37.49839],[127.13148,37.49893],[127.13165,37.49907],[127.13206,37.4994],[127.13218,37.4995]]}},{"type":"Feature","properties":{"class":"minor","highway":"residential","sidewalk":"unknown","lanes":0,"name":"중대로18길","oneway":false},"geometry":{"type":"LineString","coordinates":[[127.12563,37.4982],[127.1257,37.49815],[127.12576,37.4981],[127.12608,37.49787],[127.1268,37.49733],[127.12749,37.49675]]}},{"type":"Feature","properties":{"class":"minor","highway":"residential","sidewalk":"unknown","lanes":0,"name":"오금로38길","oneway":false},"geometry":{"type":"LineString","coordinates":[[127.12664,37.49894],[127.12677,37.49905],[127.127,37.49927],[127.12761,37.49982],[127.12793,37.50011],[127.12798,37.50016],[127.1283,37.50045],[127.12847,37.5006],[127.1286,37.50073],[127.12866,37.50078],[127.12887,37.50097],[127.12915,37.50122],[127.12921,37.50128]]}},{"type":"Feature","properties":{"class":"alley","highway":"service","sidewalk":"unknown","lanes":0,"name":"","oneway":false},"geometry":{"type":"LineString","coordinates":[[127.13254,37.49712],[127.13217,37.49741],[127.13213,37.49745],[127.13187,37.49764],[127.13157,37.49787],[127.13136,37.49794],[127.13115,37.4981],[127.13095,37.49831],[127.13081,37.49839]]}},{"type":"Feature","properties":{"class":"alley","highway":"service","sidewalk":"unknown","lanes":0,"name":"","oneway":false},"geometry":{"type":"LineString","coordinates":[[127.13037,37.49803],[127.13151,37.49714]]}},{"type":"Feature","properties":{"class":"minor","highway":"residential","sidewalk":"unknown","lanes":0,"name":"동남로11길","oneway":false},"geometry":{"type":"LineString","coordinates":[[127.1278,37.49318],[127.12857,37.49321],[127.12859,37.49318],[127.12886,37.49283]]}},{"type":"Feature","properties":{"class":"minor","highway":"residential","sidewalk":"unknown","lanes":0,"name":"동남로9길","oneway":false},"geometry":{"type":"LineString","coordinates":[[127.12886,37.49334],[127.12859,37.49318],[127.12718,37.49242]]}},{"type":"Feature","properties":{"class":"minor","highway":"residential","sidewalk":"unknown","lanes":0,"name":"동남로11길","oneway":false},"geometry":{"type":"LineString","coordinates":[[127.12718,37.49242],[127.12669,37.49219],[127.12657,37.49216],[127.12651,37.49218],[127.1263,37.49239],[127.12564,37.49318]]}},{"type":"Feature","properties":{"class":"minor","highway":"residential","sidewalk":"unknown","lanes":0,"name":"송이로27길","oneway":false},"geometry":{"type":"LineString","coordinates":[[127.12603,37.49336],[127.12564,37.49318],[127.12516,37.49296],[127.12507,37.49295]]}},{"type":"Feature","properties":{"class":"minor","highway":"residential","sidewalk":"unknown","lanes":0,"name":"동남로26길","oneway":false},"geometry":{"type":"LineString","coordinates":[[127.13704,37.50089],[127.13757,37.50053],[127.13814,37.50015],[127.13823,37.50009],[127.13902,37.4996],[127.13943,37.49934],[127.13993,37.49903],[127.1404,37.49874],[127.14092,37.49844],[127.14096,37.49842]]}},{"type":"Feature","properties":{"class":"minor","highway":"residential","sidewalk":"unknown","lanes":0,"name":"동남로24길","oneway":false},"geometry":{"type":"LineString","coordinates":[[127.13631,37.50023],[127.13649,37.50011],[127.13686,37.49985],[127.13718,37.49963],[127.13746,37.49946],[127.13828,37.49897],[127.13928,37.49836],[127.13982,37.49803],[127.14053,37.4976],[127.14056,37.49758]]}},{"type":"Feature","properties":{"class":"minor","highway":"residential","sidewalk":"unknown","lanes":0,"name":"동남로22길","oneway":false},"geometry":{"type":"LineString","coordinates":[[127.1355,37.49954],[127.13637,37.49904],[127.1376,37.49836]]}},{"type":"Feature","properties":{"class":"minor","highway":"residential","sidewalk":"unknown","lanes":0,"name":"오금로49길","oneway":false},"geometry":{"type":"LineString","coordinates":[[127.1376,37.49836],[127.13756,37.4983],[127.13774,37.4967],[127.13776,37.4965]]}},{"type":"Feature","properties":{"class":"minor","highway":"residential","sidewalk":"unknown","lanes":0,"name":"오금로49길","oneway":false},"geometry":{"type":"LineString","coordinates":[[127.1376,37.49836],[127.13828,37.49897],[127.13867,37.4993],[127.13902,37.4996],[127.13937,37.4999],[127.13966,37.50014]]}},{"type":"Feature","properties":{"class":"minor","highway":"residential","sidewalk":"unknown","lanes":0,"name":"성내천로12길","oneway":false},"geometry":{"type":"LineString","coordinates":[[127.13686,37.49985],[127.13723,37.50021],[127.13757,37.50053],[127.13782,37.50078],[127.13799,37.50094]]}},{"type":"Feature","properties":{"class":"minor","highway":"residential","sidewalk":"unknown","lanes":0,"name":"성내천로14길","oneway":false},"geometry":{"type":"LineString","coordinates":[[127.13746,37.49946],[127.13784,37.49984],[127.13814,37.50015],[127.13843,37.50043],[127.13863,37.50063]]}},{"type":"Feature","properties":{"class":"minor","highway":"residential","sidewalk":"unknown","lanes":0,"name":"성내천로12길","oneway":false},"geometry":{"type":"LineString","coordinates":[[127.13723,37.50021],[127.13784,37.49984]]}},{"type":"Feature","properties":{"class":"minor","highway":"residential","sidewalk":"unknown","lanes":0,"name":"성내천로14길","oneway":false},"geometry":{"type":"LineString","coordinates":[[127.13784,37.49984],[127.13867,37.4993]]}},{"type":"Feature","properties":{"class":"minor","highway":"residential","sidewalk":"unknown","lanes":0,"name":"성내천로14길","oneway":false},"geometry":{"type":"LineString","coordinates":[[127.13843,37.50043],[127.13937,37.4999]]}},{"type":"Feature","properties":{"class":"minor","highway":"residential","sidewalk":"unknown","lanes":0,"name":"문정로19길","oneway":false},"geometry":{"type":"LineString","coordinates":[[127.13937,37.4999],[127.14026,37.49937],[127.14112,37.49886],[127.14116,37.49883]]}},{"type":"Feature","properties":{"class":"minor","highway":"residential","sidewalk":"unknown","lanes":0,"name":"성내천로16길","oneway":false},"geometry":{"type":"LineString","coordinates":[[127.13928,37.49836],[127.13962,37.49871],[127.13993,37.49903],[127.14026,37.49937],[127.1404,37.49952],[127.14058,37.4997]]}},{"type":"Feature","properties":{"class":"minor","highway":"residential","sidewalk":"unknown","lanes":0,"name":"문정로17길","oneway":false},"geometry":{"type":"LineString","coordinates":[[127.13962,37.49871],[127.14073,37.49804],[127.14077,37.49802]]}},{"type":"Feature","properties":{"class":"alley","highway":"service","sidewalk":"unknown","lanes":0,"name":"","oneway":false},"geometry":{"type":"LineString","coordinates":[[127.13105,37.49231],[127.13081,37.4921],[127.13065,37.49192],[127.13062,37.49189],[127.13055,37.49171],[127.13051,37.4916],[127.13038,37.49128],[127.13034,37.4912],[127.13018,37.49079],[127.13016,37.49075]]}},{"type":"Feature","properties":{"class":"alley","highway":"service","sidewalk":"unknown","lanes":0,"name":"","oneway":false},"geometry":{"type":"LineString","coordinates":[[127.13292,37.49522],[127.13319,37.49502],[127.13404,37.4957],[127.13372,37.49593],[127.13365,37.49587],[127.13292,37.49522]]}},{"type":"Feature","properties":{"class":"minor","highway":"residential","sidewalk":"unknown","lanes":0,"name":"문정로5길","oneway":false},"geometry":{"type":"LineString","coordinates":[[127.12776,37.48864],[127.12812,37.48834],[127.1285,37.48809],[127.12889,37.48785],[127.12931,37.48759],[127.1298,37.4873],[127.12982,37.48728]]}},{"type":"Feature","properties":{"class":"major","highway":"tertiary","sidewalk":"likely","lanes":2,"name":"문정로4길","oneway":false},"geometry":{"type":"LineString","coordinates":[[127.12665,37.48629],[127.12662,37.48624],[127.1266,37.4862],[127.1265,37.486],[127.12646,37.48589],[127.12642,37.48579],[127.12629,37.48548],[127.12627,37.48542],[127.1262,37.48511],[127.1262,37.48477],[127.12624,37.48439],[127.12627,37.4842],[127.12628,37.48404],[127.12633,37.4837],[127.12638,37.48337],[127.12639,37.48327],[127.12646,37.48283]]}},{"type":"Feature","properties":{"class":"minor","highway":"residential","sidewalk":"unknown","lanes":0,"name":"동남로8길","oneway":false},"geometry":{"type":"LineString","coordinates":[[127.1263,37.49088],[127.12619,37.49087],[127.12539,37.49043]]}},{"type":"Feature","properties":{"class":"minor","highway":"residential","sidewalk":"unknown","lanes":0,"name":"송이로32길","oneway":false},"geometry":{"type":"LineString","coordinates":[[127.12779,37.48981],[127.12741,37.49008],[127.12695,37.49041],[127.12663,37.49063],[127.1263,37.49088]]}},{"type":"Feature","properties":{"class":"minor","highway":"residential","sidewalk":"unknown","lanes":0,"name":"동남로8길","oneway":false},"geometry":{"type":"LineString","coordinates":[[127.12643,37.48705],[127.12662,37.4874],[127.12681,37.48777],[127.12699,37.48813],[127.12731,37.48878],[127.12779,37.48981]]}},{"type":"Feature","properties":{"class":"minor","highway":"residential","sidewalk":"unknown","lanes":0,"name":"동남로6길","oneway":false},"geometry":{"type":"LineString","coordinates":[[127.12533,37.48697],[127.12643,37.48705]]}},{"type":"Feature","properties":{"class":"major","highway":"secondary","sidewalk":"likely","lanes":0,"name":"송이로","oneway":false},"geometry":{"type":"LineString","coordinates":[[127.13407,37.48623],[127.13377,37.48643],[127.13326,37.4868]]}},{"type":"Feature","properties":{"class":"minor","highway":"residential","sidewalk":"unknown","lanes":0,"name":"송이로31길","oneway":false},"geometry":{"type":"LineString","coordinates":[[127.13144,37.48806],[127.13181,37.48837],[127.13191,37.48845],[127.13209,37.48861],[127.13229,37.48878],[127.13253,37.48899],[127.13268,37.48912],[127.13274,37.48917],[127.13293,37.48933],[127.13303,37.48942],[127.13325,37.4896],[127.13331,37.48966],[127.13334,37.48968],[127.13337,37.48971],[127.13355,37.48986],[127.13363,37.48993],[127.13373,37.49001],[127.13383,37.49011],[127.13394,37.4902],[127.13426,37.49048],[127.13431,37.49053],[127.13494,37.49108],[127.13567,37.49173],[127.1363,37.49229],[127.13643,37.49239],[127.13731,37.49316]]}},{"type":"Feature","properties":{"class":"minor","highway":"residential","sidewalk":"unknown","lanes":0,"name":"송이로37길","oneway":false},"geometry":{"type":"LineString","coordinates":[[127.13731,37.49316],[127.13731,37.49298],[127.13733,37.49174],[127.13732,37.4915],[127.1372,37.4914],[127.13628,37.49057],[127.13614,37.49044],[127.13589,37.4902],[127.13585,37.48962],[127.13583,37.48948]]}},{"type":"Feature","properties":{"class":"minor","highway":"residential","sidewalk":"unknown","lanes":0,"name":"송이로38길","oneway":false},"geometry":{"type":"LineString","coordinates":[[127.13377,37.48643],[127.13353,37.48625],[127.1333,37.48612],[127.13325,37.48609],[127.13254,37.48557],[127.13219,37.48532]]}},{"type":"Feature","properties":{"class":"minor","highway":"residential","sidewalk":"unknown","lanes":0,"name":"송이로33길","oneway":false},"geometry":{"type":"LineString","coordinates":[[127.13249,37.48735],[127.13281,37.48764],[127.13312,37.48792],[127.13335,37.48812],[127.1334,37.48817]]}},{"type":"Feature","properties":{"class":"minor","highway":"residential","sidewalk":"unknown","lanes":0,"name":"송이로37길","oneway":false},"geometry":{"type":"LineString","coordinates":[[127.13643,37.49239],[127.13733,37.49174]]}},{"type":"Feature","properties":{"class":"minor","highway":"residential","sidewalk":"unknown","lanes":0,"name":"송이로31길","oneway":false},"geometry":{"type":"LineString","coordinates":[[127.13469,37.48831],[127.13512,37.48817]]}},{"type":"Feature","properties":{"class":"minor","highway":"residential","sidewalk":"unknown","lanes":0,"name":"송이로31길","oneway":false},"geometry":{"type":"LineString","coordinates":[[127.13209,37.48861],[127.13312,37.48792]]}},{"type":"Feature","properties":{"class":"minor","highway":"residential","sidewalk":"unknown","lanes":0,"name":"송이로31길","oneway":false},"geometry":{"type":"LineString","coordinates":[[127.13181,37.48837],[127.13281,37.48764]]}},{"type":"Feature","properties":{"class":"minor","highway":"residential","sidewalk":"unknown","lanes":0,"name":"송이로33길","oneway":false},"geometry":{"type":"LineString","coordinates":[[127.13281,37.48764],[127.13406,37.48684]]}},{"type":"Feature","properties":{"class":"minor","highway":"residential","sidewalk":"unknown","lanes":0,"name":"송이로33길","oneway":false},"geometry":{"type":"LineString","coordinates":[[127.13312,37.48792],[127.13414,37.4873],[127.13434,37.48718]]}},{"type":"Feature","properties":{"class":"minor","highway":"residential","sidewalk":"unknown","lanes":0,"name":"송이로37가길","oneway":false},"geometry":{"type":"LineString","coordinates":[[127.13414,37.4873],[127.13432,37.48762],[127.13451,37.48798],[127.13469,37.48831]]}},{"type":"Feature","properties":{"class":"major","highway":"tertiary","sidewalk":"likely","lanes":0,"name":"새말로8길","oneway":false},"geometry":{"type":"LineString","coordinates":[[127.12646,37.48283],[127.12654,37.4822],[127.12656,37.48205],[127.1266,37.48169],[127.12671,37.48088]]}},{"type":"Feature","properties":{"class":"minor","highway":"residential","sidewalk":"unknown","lanes":0,"name":"송이로30길","oneway":false},"geometry":{"type":"LineString","coordinates":[[127.12646,37.48589],[127.12732,37.48594],[127.12798,37.48602],[127.12839,37.48611],[127.1286,37.48616],[127.12901,37.48629],[127.12957,37.48657],[127.12974,37.48665],[127.13003,37.48684],[127.13049,37.48723],[127.13094,37.48764],[127.13108,37.48776],[127.13144,37.48806]]}},{"type":"Feature","properties":{"class":"minor","highway":"residential","sidewalk":"unknown","lanes":0,"name":"송이로36길","oneway":false},"geometry":{"type":"LineString","coordinates":[[127.12821,37.48457],[127.12827,37.4842],[127.12832,37.48383],[127.12838,37.48347]]}},{"type":"Feature","properties":{"class":"minor","highway":"residential","sidewalk":"unknown","lanes":0,"name":"새말로11길","oneway":false},"geometry":{"type":"LineString","coordinates":[[127.12743,37.48338],[127.12751,37.48292]]}},{"type":"Feature","properties":{"class":"minor","highway":"residential","sidewalk":"unknown","lanes":0,"name":"새말로13길","oneway":false},"geometry":{"type":"LineString","coordinates":[[127.12964,37.48433],[127.13001,37.48406]]}},{"type":"Feature","properties":{"class":"minor","highway":"residential","sidewalk":"unknown","lanes":0,"name":"새말로","oneway":false},"geometry":{"type":"LineString","coordinates":[[127.13219,37.48532],[127.13239,37.48518],[127.13264,37.48501]]}},{"type":"Feature","properties":{"class":"minor","highway":"residential","sidewalk":"unknown","lanes":0,"name":"송이로36길","oneway":false},"geometry":{"type":"LineString","coordinates":[[127.13239,37.48669],[127.13143,37.48586],[127.1313,37.48575],[127.13119,37.48566],[127.13103,37.48553],[127.13083,37.48535],[127.13064,37.48518],[127.13045,37.48502],[127.13026,37.48485],[127.12992,37.48456],[127.12964,37.48433],[127.12912,37.48387],[127.12866,37.48349],[127.12838,37.48347],[127.12819,37.48345],[127.12788,37.48342],[127.12743,37.48338],[127.12695,37.48333],[127.12639,37.48327]]}},{"type":"Feature","properties":{"class":"minor","highway":"residential","sidewalk":"unknown","lanes":0,"name":"새말로15길","oneway":true},"geometry":{"type":"LineString","coordinates":[[127.12967,37.48542],[127.1307,37.48635]]}},{"type":"Feature","properties":{"class":"minor","highway":"residential","sidewalk":"unknown","lanes":0,"name":"새말로17길","oneway":false},"geometry":{"type":"LineString","coordinates":[[127.13037,37.48658],[127.1313,37.48741]]}},{"type":"Feature","properties":{"class":"minor","highway":"residential","sidewalk":"unknown","lanes":0,"name":"충민로6길","oneway":false},"geometry":{"type":"LineString","coordinates":[[127.13074,37.48192],[127.13136,37.48164],[127.13141,37.48162],[127.13196,37.48139],[127.13207,37.48134],[127.13237,37.48122],[127.13273,37.48107],[127.13324,37.48086]]}},{"type":"Feature","properties":{"class":"minor","highway":"residential","sidewalk":"unknown","lanes":0,"name":"새말로12길","oneway":false},"geometry":{"type":"LineString","coordinates":[[127.12887,37.48317],[127.12903,37.4829],[127.12915,37.48268],[127.12916,37.48267],[127.1294,37.48248],[127.12954,37.48242],[127.13007,37.48221],[127.13074,37.48192]]}},{"type":"Feature","properties":{"class":"minor","highway":"residential","sidewalk":"unknown","lanes":0,"name":"새말로6길","oneway":false},"geometry":{"type":"LineString","coordinates":[[127.12962,37.4837],[127.13001,37.48339],[127.1294,37.48288],[127.12935,37.48284],[127.12916,37.48267],[127.12883,37.48238],[127.12864,37.48222],[127.12792,37.48216],[127.1275,37.48212],[127.12704,37.48209],[127.12656,37.48205]]}},{"type":"Feature","properties":{"class":"minor","highway":"residential","sidewalk":"unknown","lanes":0,"name":"새말로6길","oneway":false},"geometry":{"type":"LineString","coordinates":[[127.12656,37.48205],[127.12604,37.48204],[127.12595,37.48277]]}},{"type":"Feature","properties":{"class":"minor","highway":"residential","sidewalk":"unknown","lanes":0,"name":"새말로10길","oneway":false},"geometry":{"type":"LineString","coordinates":[[127.12738,37.48291],[127.12744,37.48253],[127.12744,37.48251],[127.1275,37.48212],[127.12759,37.48138],[127.1276,37.48128],[127.12764,37.4809]]}},{"type":"Feature","properties":{"class":"minor","highway":"residential","sidewalk":"unknown","lanes":0,"name":"새말로8길","oneway":false},"geometry":{"type":"LineString","coordinates":[[127.12688,37.47986],[127.12703,37.47999],[127.12708,37.48005],[127.12717,37.48027],[127.1272,37.48042],[127.1272,37.48043],[127.12723,37.48047],[127.12731,37.48063],[127.12762,37.48088],[127.12764,37.4809],[127.12779,37.48099],[127.12795,37.48118],[127.12803,37.48131],[127.12815,37.48149],[127.12818,37.48154],[127.12842,37.48168],[127.12849,37.48173],[127.12852,37.48176],[127.12867,37.48186],[127.12877,37.48194],[127.1294,37.48248]]}},{"type":"Feature","properties":{"class":"alley","highway":"service","sidewalk":"unknown","lanes":0,"name":"새말로6길","oneway":false},"geometry":{"type":"LineString","coordinates":[[127.12792,37.48216],[127.12795,37.48193],[127.12803,37.48131]]}},{"type":"Feature","properties":{"class":"alley","highway":"service","sidewalk":"unknown","lanes":0,"name":"새말로10길","oneway":false},"geometry":{"type":"LineString","coordinates":[[127.1276,37.48128],[127.12803,37.48131]]}},{"type":"Feature","properties":{"class":"minor","highway":"residential","sidewalk":"unknown","lanes":0,"name":"새말로8길","oneway":false},"geometry":{"type":"LineString","coordinates":[[127.12762,37.48088],[127.12747,37.4809],[127.12722,37.48087]]}},{"type":"Feature","properties":{"class":"alley","highway":"service","sidewalk":"unknown","lanes":0,"name":"새말로6길","oneway":false},"geometry":{"type":"LineString","coordinates":[[127.12704,37.48209],[127.12722,37.48087]]}},{"type":"Feature","properties":{"class":"minor","highway":"residential","sidewalk":"unknown","lanes":0,"name":"새말로8길","oneway":false},"geometry":{"type":"LineString","coordinates":[[127.12722,37.48087],[127.12697,37.48069],[127.12674,37.48067]]}},{"type":"Feature","properties":{"class":"minor","highway":"residential","sidewalk":"unknown","lanes":0,"name":"새말로10길","oneway":false},"geometry":{"type":"LineString","coordinates":[[127.12744,37.48251],[127.12862,37.48263],[127.12883,37.48238]]}},{"type":"Feature","properties":{"class":"minor","highway":"residential","sidewalk":"unknown","lanes":0,"name":"새말로12길","oneway":false},"geometry":{"type":"LineString","coordinates":[[127.12862,37.48263],[127.12864,37.48275],[127.12903,37.4829]]}},{"type":"Feature","properties":{"class":"alley","highway":"service","sidewalk":"unknown","lanes":0,"name":"새말로6길","oneway":false},"geometry":{"type":"LineString","coordinates":[[127.1294,37.48288],[127.12954,37.48279],[127.12989,37.48298],[127.13003,37.4831],[127.13005,37.48319],[127.13005,37.48327],[127.13005,37.48335],[127.13001,37.48339]]}},{"type":"Feature","properties":{"class":"minor","highway":"residential","sidewalk":"unknown","lanes":0,"name":"새말로6길","oneway":false},"geometry":{"type":"LineString","coordinates":[[127.13067,37.4846],[127.13079,37.4845],[127.13079,37.48445],[127.1307,37.48423],[127.1306,37.48402],[127.13051,37.4839],[127.13028,37.48374],[127.13021,37.48367],[127.13011,37.48349],[127.13001,37.48339]]}},{"type":"Feature","properties":{"class":"alley","highway":"service","sidewalk":"unknown","lanes":0,"name":"새말로8길","oneway":false},"geometry":{"type":"LineString","coordinates":[[127.12654,37.4822],[127.12677,37.48223],[127.12725,37.48251],[127.12744,37.48253]]}},{"type":"Feature","properties":{"class":"alley","highway":"service","sidewalk":"unknown","lanes":0,"name":"","oneway":false},"geometry":{"type":"LineString","coordinates":[[127.13214,37.50074],[127.13206,37.50064],[127.13203,37.50061],[127.13186,37.5004],[127.13184,37.50038],[127.13174,37.50026],[127.13167,37.50018],[127.13162,37.50013],[127.13152,37.50001],[127.13143,37.4999]]}},{"type":"Feature","properties":{"class":"alley","highway":"service","sidewalk":"unknown","lanes":0,"name":"","oneway":false},"geometry":{"type":"LineString","coordinates":[[127.13274,37.49536],[127.13292,37.49522]]}},{"type":"Feature","properties":{"class":"alley","highway":"service","sidewalk":"unknown","lanes":0,"name":"","oneway":false},"geometry":{"type":"LineString","coordinates":[[127.13171,37.49512],[127.13232,37.49567],[127.13274,37.49536]]}},{"type":"Feature","properties":{"class":"alley","highway":"service","sidewalk":"unknown","lanes":0,"name":"","oneway":false},"geometry":{"type":"LineString","coordinates":[[127.13292,37.49522],[127.13251,37.49482],[127.13232,37.49496],[127.13274,37.49536],[127.13345,37.49601],[127.13365,37.49587]]}},{"type":"Feature","properties":{"class":"minor","highway":"residential","sidewalk":"unknown","lanes":0,"name":"","oneway":false},"geometry":{"type":"LineString","coordinates":[[127.12734,37.49641],[127.12734,37.49615],[127.12784,37.49615],[127.12784,37.49641],[127.12734,37.49641]]}},{"type":"Feature","properties":{"class":"minor","highway":"residential","sidewalk":"unknown","lanes":0,"name":"","oneway":false},"geometry":{"type":"LineString","coordinates":[[127.12839,37.4968],[127.12816,37.49679],[127.12815,37.49692],[127.12805,37.4969],[127.1273,37.49663],[127.12723,37.49657],[127.12734,37.49641]]}},{"type":"Feature","properties":{"class":"minor","highway":"residential","sidewalk":"unknown","lanes":0,"name":"","oneway":false},"geometry":{"type":"LineString","coordinates":[[127.12723,37.49657],[127.12688,37.49643],[127.1269,37.49618],[127.12685,37.49612],[127.12686,37.49586],[127.12699,37.49586]]}},{"type":"Feature","properties":{"class":"minor","highway":"residential","sidewalk":"unknown","lanes":0,"name":"","oneway":false},"geometry":{"type":"LineString","coordinates":[[127.12788,37.49588],[127.12789,37.49544],[127.12732,37.49543],[127.12732,37.49587]]}},{"type":"Feature","properties":{"class":"minor","highway":"residential","sidewalk":"unknown","lanes":0,"name":"","oneway":false},"geometry":{"type":"LineString","coordinates":[[127.12705,37.49512],[127.12706,37.49482]]}},{"type":"Feature","properties":{"class":"minor","highway":"residential","sidewalk":"unknown","lanes":0,"name":"","oneway":false},"geometry":{"type":"LineString","coordinates":[[127.12743,37.49512],[127.12744,37.49481],[127.12789,37.49482],[127.12788,37.49513]]}},{"type":"Feature","properties":{"class":"minor","highway":"residential","sidewalk":"unknown","lanes":0,"name":"","oneway":false},"geometry":{"type":"LineString","coordinates":[[127.12953,37.49487],[127.12954,37.49457],[127.12823,37.49454],[127.1269,37.49451],[127.12689,37.49482],[127.12706,37.49482]]}},{"type":"Feature","properties":{"class":"alley","highway":"service","sidewalk":"unknown","lanes":0,"name":"","oneway":false},"geometry":{"type":"LineString","coordinates":[[127.12932,37.49432],[127.12932,37.49447]]}},{"type":"Feature","properties":{"class":"major","highway":"tertiary","sidewalk":"likely","lanes":0,"name":"충민로6길","oneway":false},"geometry":{"type":"LineString","coordinates":[[127.13596,37.48163],[127.13584,37.48112],[127.13583,37.48107],[127.13567,37.48045]]}},{"type":"Feature","properties":{"class":"major","highway":"tertiary","sidewalk":"likely","lanes":0,"name":"","oneway":false},"geometry":{"type":"LineString","coordinates":[[127.13589,37.48045],[127.13634,37.48045],[127.13788,37.48045]]}},{"type":"Feature","properties":{"class":"minor","highway":"residential","sidewalk":"unknown","lanes":0,"name":"","oneway":false},"geometry":{"type":"LineString","coordinates":[[127.13637,37.49904],[127.13577,37.4983],[127.13546,37.49793],[127.13535,37.4978]]}},{"type":"Feature","properties":{"class":"minor","highway":"residential","sidewalk":"unknown","lanes":0,"name":"","oneway":false},"geometry":{"type":"LineString","coordinates":[[127.1283,37.49489],[127.12822,37.49475],[127.12823,37.49454]]}},{"type":"Feature","properties":{"class":"minor","highway":"residential","sidewalk":"unknown","lanes":0,"name":"","oneway":false},"geometry":{"type":"LineString","coordinates":[[127.12835,37.49657],[127.12802,37.49656],[127.12789,37.49652],[127.12784,37.49641]]}},{"type":"Feature","properties":{"class":"minor","highway":"residential","sidewalk":"unknown","lanes":0,"name":"","oneway":false},"geometry":{"type":"LineString","coordinates":[[127.12912,37.49487],[127.12912,37.49515]]}},{"type":"Feature","properties":{"class":"alley","highway":"service","sidewalk":"unknown","lanes":0,"name":"","oneway":false},"geometry":{"type":"LineString","coordinates":[[127.13086,37.49558],[127.13052,37.49574],[127.12942,37.49573],[127.12932,37.49604],[127.13008,37.49605]]}},{"type":"Feature","properties":{"class":"alley","highway":"service","sidewalk":"unknown","lanes":0,"name":"","oneway":false},"geometry":{"type":"LineString","coordinates":[[127.12995,37.49651],[127.12988,37.49647],[127.1295,37.49672]]}},{"type":"Feature","properties":{"class":"alley","highway":"service","sidewalk":"unknown","lanes":0,"name":"","oneway":false},"geometry":{"type":"LineString","coordinates":[[127.13567,37.49173],[127.1358,37.49163],[127.136,37.49149],[127.13642,37.4912],[127.1362,37.49101],[127.13594,37.4908],[127.13568,37.49057],[127.13525,37.49086],[127.13506,37.491],[127.13494,37.49108]]}},{"type":"Feature","properties":{"class":"alley","highway":"service","sidewalk":"unknown","lanes":0,"name":"","oneway":false},"geometry":{"type":"LineString","coordinates":[[127.13525,37.49086],[127.13489,37.49053],[127.13549,37.49011]]}},{"type":"Feature","properties":{"class":"alley","highway":"service","sidewalk":"unknown","lanes":0,"name":"","oneway":false},"geometry":{"type":"LineString","coordinates":[[127.136,37.49149],[127.13614,37.49162],[127.13623,37.49169],[127.13646,37.49189],[127.13691,37.4916],[127.13668,37.4914],[127.13623,37.49169]]}},{"type":"Feature","properties":{"class":"minor","highway":"residential","sidewalk":"unknown","lanes":0,"name":"문정로","oneway":false},"geometry":{"type":"LineString","coordinates":[[127.13494,37.49108],[127.13458,37.49133],[127.13454,37.49136]]}},{"type":"Feature","properties":{"class":"alley","highway":"service","sidewalk":"unknown","lanes":0,"name":"","oneway":false},"geometry":{"type":"LineString","coordinates":[[127.13594,37.4908],[127.13609,37.4907],[127.13628,37.49057]]}},{"type":"Feature","properties":{"class":"alley","highway":"service","sidewalk":"unknown","lanes":0,"name":"","oneway":false},"geometry":{"type":"LineString","coordinates":[[127.13614,37.49162],[127.13644,37.49141]]}},{"type":"Feature","properties":{"class":"alley","highway":"service","sidewalk":"unknown","lanes":0,"name":"","oneway":false},"geometry":{"type":"LineString","coordinates":[[127.13506,37.491],[127.1353,37.4912]]}},{"type":"Feature","properties":{"class":"alley","highway":"service","sidewalk":"unknown","lanes":0,"name":"","oneway":false},"geometry":{"type":"LineString","coordinates":[[127.13557,37.49142],[127.1358,37.49163]]}},{"type":"Feature","properties":{"class":"alley","highway":"service","sidewalk":"unknown","lanes":0,"name":"","oneway":false},"geometry":{"type":"LineString","coordinates":[[127.13609,37.4907],[127.13582,37.49048],[127.13568,37.49057]]}},{"type":"Feature","properties":{"class":"alley","highway":"service","sidewalk":"unknown","lanes":0,"name":"","oneway":false},"geometry":{"type":"LineString","coordinates":[[127.13313,37.49138],[127.13345,37.49164]]}},{"type":"Feature","properties":{"class":"major","highway":"secondary","sidewalk":"likely","lanes":0,"name":"동남로","oneway":false},"geometry":{"type":"LineString","coordinates":[[127.13416,37.49843],[127.13395,37.49826],[127.13383,37.49817],[127.13368,37.49805],[127.13365,37.49803],[127.13338,37.49781],[127.13306,37.49754],[127.13277,37.4973],[127.13254,37.49712],[127.13229,37.4969],[127.13208,37.49673],[127.1316,37.49632],[127.1313,37.49608],[127.13096,37.49573],[127.13086,37.49558],[127.13065,37.49529],[127.13046,37.49493],[127.13043,37.49485],[127.13038,37.49474],[127.13028,37.49449],[127.13,37.49388],[127.12972,37.49345],[127.12965,37.49329]]}},{"type":"Feature","properties":{"class":"major","highway":"secondary","sidewalk":"likely","lanes":0,"name":"동남로","oneway":false},"geometry":{"type":"LineString","coordinates":[[127.12886,37.49283],[127.12906,37.49295],[127.12965,37.49329]]}},{"type":"Feature","properties":{"class":"minor","highway":"residential","sidewalk":"unknown","lanes":0,"name":"송파대로6길","oneway":false},"geometry":{"type":"LineString","coordinates":[[127.13043,37.47682],[127.13051,37.47685],[127.13098,37.47706],[127.1313,37.4772],[127.13215,37.47764],[127.13219,37.47767],[127.13268,37.47798],[127.13306,37.47829],[127.13317,37.47842],[127.13325,37.4785],[127.13336,37.47864],[127.13364,37.47902],[127.13391,37.47939],[127.13397,37.47948],[127.13425,37.47992],[127.13427,37.47997],[127.13449,37.48038],[127.13468,37.48085],[127.13483,37.48136]]}},{"type":"Feature","properties":{"class":"major","highway":"primary","sidewalk":"yes","lanes":4,"name":"위례서로","oneway":true},"geometry":{"type":"LineString","coordinates":[[127.13794,37.47878],[127.13802,37.47887],[127.13823,37.47918],[127.13886,37.48012],[127.13918,37.48061],[127.13945,37.48102],[127.13955,37.48119],[127.13965,37.48139],[127.13978,37.48168]]}},{"type":"Feature","properties":{"class":"major","highway":"primary","sidewalk":"yes","lanes":4,"name":"위례서로","oneway":true},"geometry":{"type":"LineString","coordinates":[[127.13978,37.48168],[127.13988,37.48192]]}},{"type":"Feature","properties":{"class":"alley","highway":"service","sidewalk":"unknown","lanes":0,"name":"","oneway":false},"geometry":{"type":"LineString","coordinates":[[127.13717,37.49752],[127.13707,37.49738],[127.13596,37.49797],[127.13609,37.49812],[127.13595,37.4982],[127.13577,37.4983]]}},{"type":"Feature","properties":{"class":"alley","highway":"service","sidewalk":"unknown","lanes":0,"name":"","oneway":false},"geometry":{"type":"LineString","coordinates":[[127.13609,37.49812],[127.13717,37.49752]]}},{"type":"Feature","properties":{"class":"alley","highway":"pedestrian","sidewalk":"unknown","lanes":0,"name":"위례휴먼링 보행자전용도로","oneway":false},"geometry":{"type":"LineString","coordinates":[[127.13816,37.47858],[127.13822,37.47869],[127.13828,37.47882],[127.13836,37.47896],[127.13852,37.47919],[127.13864,37.47936],[127.13866,37.47938],[127.13867,37.4794],[127.13867,37.47941],[127.13877,37.47958],[127.13887,37.47976],[127.13893,37.47988],[127.13907,37.48007],[127.13909,37.4801],[127.13911,37.48012],[127.13918,37.48024],[127.13938,37.48053],[127.13964,37.48094],[127.13973,37.4811],[127.13987,37.48139],[127.14009,37.48188]]}},{"type":"Feature","properties":{"class":"alley","highway":"service","sidewalk":"unknown","lanes":0,"name":"","oneway":false},"geometry":{"type":"LineString","coordinates":[[127.13273,37.48107],[127.1328,37.48118]]}},{"type":"Feature","properties":{"class":"alley","highway":"service","sidewalk":"unknown","lanes":0,"name":"","oneway":false},"geometry":{"type":"LineString","coordinates":[[127.1328,37.48118],[127.1321,37.48147],[127.13207,37.48149],[127.13209,37.48205]]}},{"type":"Feature","properties":{"class":"alley","highway":"service","sidewalk":"unknown","lanes":0,"name":"","oneway":false},"geometry":{"type":"LineString","coordinates":[[127.1328,37.48118],[127.13294,37.4812],[127.13329,37.48138],[127.13347,37.48156],[127.13359,37.48177],[127.13364,37.48193],[127.13373,37.4821],[127.13376,37.48234],[127.13379,37.48265],[127.1343,37.48262],[127.13425,37.48208],[127.13373,37.4821]]}},{"type":"Feature","properties":{"class":"alley","highway":"service","sidewalk":"unknown","lanes":0,"name":"","oneway":false},"geometry":{"type":"LineString","coordinates":[[127.13379,37.48265],[127.13374,37.48265],[127.13368,37.48265],[127.13359,37.48261],[127.13307,37.48194],[127.13306,37.4819],[127.13327,37.4818],[127.13331,37.48182],[127.13347,37.482],[127.13376,37.48234]]}},{"type":"Feature","properties":{"class":"alley","highway":"service","sidewalk":"unknown","lanes":0,"name":"","oneway":false},"geometry":{"type":"LineString","coordinates":[[127.13347,37.482],[127.13364,37.48193]]}},{"type":"Feature","properties":{"class":"major","highway":"secondary","sidewalk":"likely","lanes":0,"name":"위례송파로","oneway":false},"geometry":{"type":"LineString","coordinates":[[127.13488,37.4857],[127.13508,37.4856],[127.13525,37.48555],[127.13744,37.48542]]}},{"type":"Feature","properties":{"class":"major","highway":"secondary","sidewalk":"likely","lanes":0,"name":"위례송파로","oneway":false},"geometry":{"type":"LineString","coordinates":[[127.13407,37.48623],[127.13469,37.48583],[127.13488,37.4857]]}},{"type":"Feature","properties":{"class":"major","highway":"tertiary","sidewalk":"likely","lanes":0,"name":"위례송파로1길","oneway":false},"geometry":{"type":"LineString","coordinates":[[127.14261,37.48844],[127.14248,37.48847],[127.1423,37.4885],[127.14224,37.48852],[127.13969,37.48856],[127.13856,37.48862],[127.13804,37.48857],[127.1377,37.48843],[127.13732,37.4881],[127.1371,37.48745],[127.13675,37.48559]]}},{"type":"Feature","properties":{"class":"major","highway":"tertiary","sidewalk":"likely","lanes":0,"name":"","oneway":false},"geometry":{"type":"LineString","coordinates":[[127.13572,37.48156],[127.13596,37.48163]]}},{"type":"Feature","properties":{"class":"major","highway":"tertiary","sidewalk":"likely","lanes":0,"name":"위례서이로","oneway":false},"geometry":{"type":"LineString","coordinates":[[127.14009,37.48274],[127.13986,37.48279],[127.1394,37.48288],[127.13868,37.48302],[127.13861,37.48304],[127.13804,37.48317],[127.13749,37.48333],[127.13738,37.48335],[127.13726,37.48337],[127.13699,37.48341],[127.13659,37.48345],[127.1365,37.48346],[127.13644,37.48347]]}},{"type":"Feature","properties":{"class":"major","highway":"tertiary","sidewalk":"likely","lanes":0,"name":"위례송파로2길","oneway":false},"geometry":{"type":"LineString","coordinates":[[127.13644,37.48347],[127.13628,37.48285],[127.13623,37.48257],[127.13603,37.48186],[127.13596,37.48163]]}},{"type":"Feature","properties":{"class":"major","highway":"primary","sidewalk":"yes","lanes":4,"name":"위례서로","oneway":true},"geometry":{"type":"LineString","coordinates":[[127.14006,37.48266],[127.13973,37.48189]]}},{"type":"Feature","properties":{"class":"major","highway":"primary","sidewalk":"yes","lanes":4,"name":"위례서로","oneway":true},"geometry":{"type":"LineString","coordinates":[[127.13988,37.48192],[127.1402,37.48267]]}},{"type":"Feature","properties":{"class":"major","highway":"primary","sidewalk":"yes","lanes":3,"name":"위례서로","oneway":true},"geometry":{"type":"LineString","coordinates":[[127.13973,37.48189],[127.13965,37.48171]]}},{"type":"Feature","properties":{"class":"alley","highway":"service","sidewalk":"unknown","lanes":0,"name":"","oneway":false},"geometry":{"type":"LineString","coordinates":[[127.13749,37.48333],[127.13736,37.48316],[127.1373,37.48287],[127.13731,37.48284],[127.13732,37.48282],[127.13731,37.48279],[127.13727,37.48277],[127.13706,37.48281],[127.13704,37.48283],[127.13703,37.48285],[127.13704,37.48288]]}},{"type":"Feature","properties":{"class":"major","highway":"secondary","sidewalk":"likely","lanes":0,"name":"위례송파로","oneway":false},"geometry":{"type":"LineString","coordinates":[[127.13913,37.48532],[127.13982,37.48528],[127.14097,37.48522],[127.14112,37.48522]]}},{"type":"Feature","properties":{"class":"alley","highway":"service","sidewalk":"unknown","lanes":0,"name":"","oneway":false},"geometry":{"type":"LineString","coordinates":[[127.1376,37.49836],[127.13764,37.49829],[127.13765,37.49826],[127.13766,37.49824],[127.13768,37.49817],[127.13771,37.49808],[127.13774,37.49796],[127.13777,37.49782],[127.13782,37.49736],[127.13783,37.49732],[127.13784,37.49729],[127.13785,37.49727],[127.13787,37.49725],[127.1379,37.49724],[127.13792,37.49723],[127.13795,37.49723],[127.13797,37.49723],[127.138,37.49723],[127.13942,37.49755],[127.13945,37.49755],[127.13947,37.49757],[127.13957,37.49771],[127.13958,37.49772],[127.13957,37.49774],[127.13957,37.49775]]}},{"type":"Feature","properties":{"class":"alley","highway":"service","sidewalk":"unknown","lanes":0,"name":"","oneway":false},"geometry":{"type":"LineString","coordinates":[[127.13962,37.49792],[127.1397,37.49794],[127.13971,37.49795],[127.13973,37.49795],[127.13974,37.49796],[127.13975,37.49797],[127.13982,37.49803]]}},{"type":"Feature","properties":{"class":"major","highway":"secondary","sidewalk":"likely","lanes":0,"name":"동남로","oneway":false},"geometry":{"type":"LineString","coordinates":[[127.13732,37.50128],[127.13707,37.50092],[127.13704,37.50089],[127.13698,37.50083],[127.13668,37.50051],[127.13643,37.50032],[127.13631,37.50023],[127.13617,37.50012],[127.13614,37.5001],[127.13606,37.50003],[127.13586,37.49986],[127.13557,37.4996],[127.1355,37.49954],[127.13527,37.49935],[127.13451,37.49873],[127.13438,37.49862],[127.13416,37.49843]]}},{"type":"Feature","properties":{"class":"major","highway":"secondary","sidewalk":"likely","lanes":0,"name":"오금로","oneway":false},"geometry":{"type":"LineString","coordinates":[[127.13416,37.49843],[127.13391,37.49857],[127.13376,37.49865],[127.13229,37.49944],[127.13218,37.4995],[127.13143,37.4999],[127.1314,37.49991],[127.13079,37.50024],[127.13015,37.50068],[127.12921,37.50128],[127.12869,37.50162]]}},{"type":"Feature","properties":{"class":"alley","highway":"service","sidewalk":"unknown","lanes":0,"name":"","oneway":false},"geometry":{"type":"LineString","coordinates":[[127.13555,37.48019],[127.13571,37.48019]]}},{"type":"Feature","properties":{"class":"alley","highway":"service","sidewalk":"unknown","lanes":0,"name":"","oneway":false},"geometry":{"type":"LineString","coordinates":[[127.13634,37.48045],[127.13635,37.48001]]}},{"type":"Feature","properties":{"class":"major","highway":"tertiary","sidewalk":"likely","lanes":0,"name":"위례송파로2길","oneway":false},"geometry":{"type":"LineString","coordinates":[[127.13672,37.48535],[127.13665,37.48489],[127.13653,37.48412],[127.13645,37.48355],[127.13644,37.48347]]}},{"type":"Feature","properties":{"class":"alley","highway":"service","sidewalk":"unknown","lanes":2,"name":"","oneway":false},"geometry":{"type":"LineString","coordinates":[[127.13418,37.49165],[127.13402,37.49177],[127.13379,37.49195]]}},{"type":"Feature","properties":{"class":"alley","highway":"service","sidewalk":"unknown","lanes":0,"name":"","oneway":false},"geometry":{"type":"LineString","coordinates":[[127.13207,37.48134],[127.13192,37.48108],[127.13188,37.48101],[127.13184,37.48099],[127.1318,37.48099],[127.13173,37.48102],[127.13164,37.48106],[127.13157,37.48109]]}},{"type":"Feature","properties":{"class":"alley","highway":"service","sidewalk":"unknown","lanes":0,"name":"","oneway":false},"geometry":{"type":"LineString","coordinates":[[127.13157,37.48109],[127.13149,37.48112],[127.13143,37.48111],[127.13139,37.48109],[127.13138,37.48105],[127.13138,37.481],[127.1314,37.48097],[127.13144,37.48095]]}},{"type":"Feature","properties":{"class":"alley","highway":"service","sidewalk":"unknown","lanes":0,"name":"","oneway":false},"geometry":{"type":"LineString","coordinates":[[127.13158,37.48364],[127.13204,37.48348],[127.13214,37.48346],[127.13216,37.48346],[127.13222,37.48346],[127.13227,37.48349],[127.1323,37.4835],[127.1324,37.4836],[127.13249,37.48364],[127.13257,37.48365],[127.13268,37.48365],[127.13284,37.48363],[127.133,37.48357],[127.1331,37.48357],[127.13318,37.48358],[127.13324,37.4836],[127.13331,37.48363],[127.13337,37.48369],[127.1334,37.48374],[127.13341,37.4838],[127.13339,37.48388],[127.13335,37.48395],[127.13329,37.484],[127.13321,37.48404],[127.13312,37.48405],[127.13301,37.48404],[127.13291,37.48403],[127.13285,37.48403],[127.13278,37.48406],[127.13206,37.48444]]}},{"type":"Feature","properties":{"class":"alley","highway":"service","sidewalk":"unknown","lanes":0,"name":"","oneway":false},"geometry":{"type":"LineString","coordinates":[[127.13216,37.48346],[127.13215,37.48335],[127.13215,37.48321],[127.13217,37.48315],[127.13221,37.48312]]}},{"type":"Feature","properties":{"class":"alley","highway":"service","sidewalk":"unknown","lanes":0,"name":"","oneway":false},"geometry":{"type":"LineString","coordinates":[[127.13221,37.48312],[127.13228,37.48309],[127.13236,37.48308],[127.13244,37.48308],[127.13251,37.48309]]}},{"type":"Feature","properties":{"class":"alley","highway":"service","sidewalk":"unknown","lanes":0,"name":"","oneway":false},"geometry":{"type":"LineString","coordinates":[[127.13215,37.48335],[127.13253,37.48322],[127.13256,37.48322],[127.13258,37.48323],[127.13263,37.48332],[127.13263,37.48335],[127.13261,37.48337],[127.13227,37.48349]]}},{"type":"Feature","properties":{"class":"alley","highway":"service","sidewalk":"unknown","lanes":0,"name":"","oneway":false},"geometry":{"type":"LineString","coordinates":[[127.13301,37.48404],[127.13308,37.48416],[127.13285,37.4843],[127.13284,37.48432],[127.13284,37.48435],[127.13304,37.48457]]}},{"type":"Feature","properties":{"class":"alley","highway":"service","sidewalk":"unknown","lanes":0,"name":"","oneway":false},"geometry":{"type":"LineString","coordinates":[[127.13282,37.48472],[127.13304,37.48457],[127.13314,37.48451]]}},{"type":"Feature","properties":{"class":"alley","highway":"service","sidewalk":"unknown","lanes":0,"name":"","oneway":false},"geometry":{"type":"LineString","coordinates":[[127.13158,37.48364],[127.13138,37.48365],[127.13129,37.48366],[127.13107,37.48375],[127.13094,37.48381]]}},{"type":"Feature","properties":{"class":"alley","highway":"service","sidewalk":"unknown","lanes":0,"name":"","oneway":false},"geometry":{"type":"LineString","coordinates":[[127.13062,37.48338],[127.13067,37.48345],[127.13071,37.4835],[127.13094,37.48381],[127.13116,37.48409],[127.13124,37.48417],[127.13127,37.4843],[127.13156,37.48452],[127.13177,37.48467],[127.13184,37.4847],[127.13189,37.48473],[127.13208,37.4849]]}},{"type":"Feature","properties":{"class":"alley","highway":"service","sidewalk":"unknown","lanes":0,"name":"","oneway":false},"geometry":{"type":"LineString","coordinates":[[127.13047,37.48353],[127.13067,37.48345]]}},{"type":"Feature","properties":{"class":"alley","highway":"service","sidewalk":"unknown","lanes":0,"name":"","oneway":false},"geometry":{"type":"LineString","coordinates":[[127.13071,37.4835],[127.13091,37.4834]]}},{"type":"Feature","properties":{"class":"alley","highway":"service","sidewalk":"unknown","lanes":0,"name":"","oneway":false},"geometry":{"type":"LineString","coordinates":[[127.13107,37.48375],[127.13102,37.48368]]}},{"type":"Feature","properties":{"class":"alley","highway":"service","sidewalk":"unknown","lanes":0,"name":"","oneway":false},"geometry":{"type":"LineString","coordinates":[[127.13102,37.48368],[127.13091,37.48352]]}},{"type":"Feature","properties":{"class":"alley","highway":"service","sidewalk":"unknown","lanes":0,"name":"","oneway":false},"geometry":{"type":"LineString","coordinates":[[127.13124,37.48417],[127.13133,37.48428],[127.13138,37.48432]]}},{"type":"Feature","properties":{"class":"alley","highway":"service","sidewalk":"unknown","lanes":0,"name":"","oneway":false},"geometry":{"type":"LineString","coordinates":[[127.13138,37.48432],[127.13146,37.48438],[127.1315,37.48441]]}},{"type":"Feature","properties":{"class":"alley","highway":"service","sidewalk":"unknown","lanes":0,"name":"","oneway":false},"geometry":{"type":"LineString","coordinates":[[127.13156,37.48452],[127.1317,37.4844]]}},{"type":"Feature","properties":{"class":"alley","highway":"service","sidewalk":"unknown","lanes":0,"name":"","oneway":false},"geometry":{"type":"LineString","coordinates":[[127.13007,37.48221],[127.1299,37.48196],[127.12973,37.48172],[127.12969,37.48169],[127.12965,37.4817],[127.12955,37.48176],[127.12951,37.4818],[127.12928,37.48191]]}},{"type":"Feature","properties":{"class":"alley","highway":"service","sidewalk":"unknown","lanes":0,"name":"","oneway":false},"geometry":{"type":"LineString","coordinates":[[127.12951,37.4818],[127.12955,37.48185]]}},{"type":"Feature","properties":{"class":"alley","highway":"service","sidewalk":"unknown","lanes":0,"name":"","oneway":false},"geometry":{"type":"LineString","coordinates":[[127.12955,37.48185],[127.1296,37.48192],[127.12964,37.48193],[127.12969,37.48193],[127.12977,37.4819]]}},{"type":"Feature","properties":{"class":"alley","highway":"service","sidewalk":"unknown","lanes":0,"name":"","oneway":false},"geometry":{"type":"LineString","coordinates":[[127.12939,37.48223],[127.12966,37.4821],[127.1297,37.48205],[127.1299,37.48196],[127.13011,37.48188],[127.13013,37.48186],[127.13013,37.48184],[127.13013,37.48183],[127.13004,37.4817],[127.13003,37.48169]]}},{"type":"Feature","properties":{"class":"alley","highway":"service","sidewalk":"unknown","lanes":0,"name":"","oneway":false},"geometry":{"type":"LineString","coordinates":[[127.1296,37.48077],[127.12944,37.48095],[127.12936,37.48106],[127.12928,37.48116],[127.12926,37.48123],[127.12921,37.48128],[127.12917,37.48128],[127.12907,37.48121],[127.12897,37.48117],[127.1289,37.48116]]}},{"type":"Feature","properties":{"class":"alley","highway":"service","sidewalk":"unknown","lanes":0,"name":"","oneway":false},"geometry":{"type":"LineString","coordinates":[[127.12944,37.48095],[127.12962,37.48108]]}},{"type":"Feature","properties":{"class":"alley","highway":"service","sidewalk":"unknown","lanes":0,"name":"","oneway":false},"geometry":{"type":"LineString","coordinates":[[127.12936,37.48106],[127.12949,37.48116]]}},{"type":"Feature","properties":{"class":"alley","highway":"service","sidewalk":"unknown","lanes":0,"name":"송이로38길","oneway":false},"geometry":{"type":"LineString","coordinates":[[127.13219,37.48532],[127.1318,37.48509],[127.13162,37.48497],[127.13133,37.48517]]}},{"type":"Feature","properties":{"class":"minor","highway":"residential","sidewalk":"unknown","lanes":0,"name":"새말로","oneway":false},"geometry":{"type":"LineString","coordinates":[[127.13182,37.48558],[127.13219,37.48532]]}},{"type":"Feature","properties":{"class":"alley","highway":"service","sidewalk":"unknown","lanes":0,"name":"","oneway":false},"geometry":{"type":"LineString","coordinates":[[127.13239,37.48518],[127.13252,37.48529]]}},{"type":"Feature","properties":{"class":"major","highway":"secondary","sidewalk":"likely","lanes":0,"name":"오금로","oneway":false},"geometry":{"type":"LineString","coordinates":[[127.14334,37.49356],[127.1427,37.4939],[127.14266,37.49392],[127.14223,37.49415],[127.14215,37.49419],[127.14209,37.49422],[127.14174,37.4944],[127.1416,37.49447],[127.14091,37.49484],[127.1408,37.49489],[127.1406,37.495],[127.14053,37.49503],[127.14002,37.49528],[127.13958,37.49548],[127.13947,37.49554],[127.13934,37.4956],[127.13915,37.49571],[127.13877,37.49591],[127.13837,37.49611],[127.13797,37.49637],[127.13776,37.4965],[127.13728,37.49676],[127.13685,37.49699],[127.13632,37.49728],[127.13559,37.49767],[127.13535,37.4978],[127.13511,37.49792],[127.13456,37.49822],[127.13439,37.49831],[127.13416,37.49843]]}},{"type":"Feature","properties":{"class":"major","highway":"tertiary","sidewalk":"likely","lanes":0,"name":"","oneway":false},"geometry":{"type":"LineString","coordinates":[[127.13567,37.48045],[127.13589,37.48045]]}},{"type":"Feature","properties":{"class":"major","highway":"tertiary","sidewalk":"likely","lanes":0,"name":"충민로6길","oneway":false},"geometry":{"type":"LineString","coordinates":[[127.13567,37.48045],[127.13555,37.48019],[127.13538,37.47985],[127.13535,37.47979],[127.13523,37.47954],[127.13518,37.47943]]}},{"type":"Feature","properties":{"class":"alley","highway":"service","sidewalk":"unknown","lanes":0,"name":"","oneway":false},"geometry":{"type":"LineString","coordinates":[[127.13196,37.48139],[127.132,37.4827],[127.13203,37.48275],[127.13209,37.48278],[127.13218,37.4828],[127.1328,37.48283]]}},{"type":"Feature","properties":{"class":"alley","highway":"service","sidewalk":"unknown","lanes":0,"name":"","oneway":false},"geometry":{"type":"LineString","coordinates":[[127.13407,37.48623],[127.13415,37.4863],[127.13442,37.48653],[127.13451,37.48658],[127.13469,37.48669],[127.13474,37.48677],[127.13475,37.48678],[127.13481,37.48703],[127.13473,37.48716],[127.13471,37.4872]]}},{"type":"Feature","properties":{"class":"alley","highway":"service","sidewalk":"unknown","lanes":0,"name":"","oneway":false},"geometry":{"type":"LineString","coordinates":[[127.13481,37.48703],[127.13492,37.4871]]}},{"type":"Feature","properties":{"class":"alley","highway":"service","sidewalk":"unknown","lanes":0,"name":"","oneway":false},"geometry":{"type":"LineString","coordinates":[[127.13492,37.4871],[127.13498,37.48718],[127.13499,37.48727]]}},{"type":"Feature","properties":{"class":"alley","highway":"service","sidewalk":"unknown","lanes":0,"name":"","oneway":false},"geometry":{"type":"LineString","coordinates":[[127.13474,37.48677],[127.13519,37.48658]]}},{"type":"Feature","properties":{"class":"alley","highway":"service","sidewalk":"unknown","lanes":0,"name":"","oneway":false},"geometry":{"type":"LineString","coordinates":[[127.13519,37.48658],[127.13526,37.48656],[127.13531,37.48656],[127.13534,37.48658],[127.13537,37.48662]]}},{"type":"Feature","properties":{"class":"alley","highway":"service","sidewalk":"unknown","lanes":0,"name":"","oneway":false},"geometry":{"type":"LineString","coordinates":[[127.13451,37.48658],[127.13473,37.48639],[127.13479,37.48635],[127.13501,37.48624]]}},{"type":"Feature","properties":{"class":"major","highway":"tertiary","sidewalk":"likely","lanes":0,"name":"충민로6길","oneway":false},"geometry":{"type":"LineString","coordinates":[[127.13467,37.48133],[127.13474,37.48134],[127.13483,37.48136]]}},{"type":"Feature","properties":{"class":"major","highway":"tertiary","sidewalk":"likely","lanes":0,"name":"충민로6길","oneway":false},"geometry":{"type":"LineString","coordinates":[[127.13483,37.48136],[127.13494,37.48138],[127.13501,37.48139]]}},{"type":"Feature","properties":{"class":"alley","highway":"service","sidewalk":"unknown","lanes":0,"name":"","oneway":false},"geometry":{"type":"LineString","coordinates":[[127.13706,37.48281],[127.13701,37.48249],[127.13699,37.48239],[127.13699,37.48237],[127.13703,37.48235],[127.13705,37.48234]]}},{"type":"Feature","properties":{"class":"alley","highway":"service","sidewalk":"unknown","lanes":0,"name":"","oneway":false},"geometry":{"type":"LineString","coordinates":[[127.13705,37.48234],[127.1373,37.4823]]}},{"type":"Feature","properties":{"class":"alley","highway":"service","sidewalk":"unknown","lanes":0,"name":"","oneway":false},"geometry":{"type":"LineString","coordinates":[[127.13749,37.48333],[127.13756,37.48357],[127.13759,37.48362],[127.13764,37.48364],[127.1377,37.48365],[127.13774,37.48365]]}},{"type":"Feature","properties":{"class":"alley","highway":"service","sidewalk":"unknown","lanes":0,"name":"","oneway":false},"geometry":{"type":"LineString","coordinates":[[127.13791,37.48353],[127.13794,37.48355],[127.13796,37.48358],[127.13797,37.48363],[127.13796,37.48364],[127.13795,37.48366],[127.13794,37.48367],[127.13791,37.48369],[127.13787,37.4837],[127.13784,37.4837],[127.1378,37.4837],[127.13779,37.48369],[127.13777,37.48368],[127.13775,37.48366],[127.13774,37.48365],[127.13774,37.48363],[127.13773,37.4836],[127.13774,37.48357],[127.13776,37.48355],[127.1378,37.48353],[127.13783,37.48352],[127.13787,37.48352],[127.13791,37.48353]]}},{"type":"Feature","properties":{"class":"alley","highway":"service","sidewalk":"unknown","lanes":0,"name":"","oneway":false},"geometry":{"type":"LineString","coordinates":[[127.13795,37.48366],[127.13797,37.48371],[127.13803,37.4839]]}},{"type":"Feature","properties":{"class":"alley","highway":"service","sidewalk":"unknown","lanes":0,"name":"","oneway":false},"geometry":{"type":"LineString","coordinates":[[127.13803,37.4839],[127.13808,37.48409]]}},{"type":"Feature","properties":{"class":"alley","highway":"service","sidewalk":"unknown","lanes":0,"name":"","oneway":false},"geometry":{"type":"LineString","coordinates":[[127.13797,37.48363],[127.13817,37.4836]]}},{"type":"Feature","properties":{"class":"alley","highway":"service","sidewalk":"unknown","lanes":0,"name":"","oneway":false},"geometry":{"type":"LineString","coordinates":[[127.13817,37.4836],[127.13855,37.48354]]}},{"type":"Feature","properties":{"class":"alley","highway":"service","sidewalk":"unknown","lanes":0,"name":"","oneway":false},"geometry":{"type":"LineString","coordinates":[[127.13168,37.49944],[127.13169,37.49938],[127.13146,37.49919],[127.13165,37.49907]]}},{"type":"Feature","properties":{"class":"alley","highway":"service","sidewalk":"unknown","lanes":0,"name":"","oneway":false},"geometry":{"type":"LineString","coordinates":[[127.12914,37.47984],[127.12944,37.47995],[127.12958,37.48001],[127.12961,37.48002],[127.12972,37.48007],[127.12988,37.48015],[127.12995,37.48017],[127.12997,37.48016],[127.13,37.48015],[127.13004,37.48012],[127.13015,37.47999],[127.13015,37.47995],[127.13014,37.4799],[127.13003,37.47983],[127.12982,37.47978],[127.12978,37.4798],[127.12975,37.47982],[127.12958,37.48001]]}},{"type":"Feature","properties":{"class":"alley","highway":"service","sidewalk":"unknown","lanes":0,"name":"","oneway":false},"geometry":{"type":"LineString","coordinates":[[127.13004,37.48012],[127.12999,37.48008]]}},{"type":"Feature","properties":{"class":"alley","highway":"service","sidewalk":"unknown","lanes":0,"name":"","oneway":false},"geometry":{"type":"LineString","coordinates":[[127.12999,37.48008],[127.12982,37.47995]]}},{"type":"Feature","properties":{"class":"alley","highway":"service","sidewalk":"unknown","lanes":0,"name":"","oneway":false},"geometry":{"type":"LineString","coordinates":[[127.12972,37.48007],[127.12975,37.48017],[127.12975,37.48022],[127.12972,37.48026],[127.12958,37.48041],[127.12957,37.48044],[127.12961,37.48056],[127.12964,37.48058],[127.12989,37.48075],[127.1299,37.48075],[127.12993,37.48076],[127.12997,37.48076],[127.12998,37.48074]]}},{"type":"Feature","properties":{"class":"alley","highway":"service","sidewalk":"unknown","lanes":0,"name":"","oneway":false},"geometry":{"type":"LineString","coordinates":[[127.12998,37.48074],[127.13008,37.48065]]}},{"type":"Feature","properties":{"class":"alley","highway":"pedestrian","sidewalk":"unknown","lanes":0,"name":"","oneway":false},"geometry":{"type":"LineString","coordinates":[[127.13108,37.48022],[127.13104,37.48024],[127.131,37.48025],[127.13095,37.48025],[127.1309,37.48024],[127.13087,37.48021],[127.13084,37.48018],[127.13084,37.48016],[127.13084,37.48014],[127.13084,37.4801],[127.13087,37.48006],[127.13088,37.48006],[127.13091,37.48004],[127.13095,37.48002],[127.13097,37.48002],[127.131,37.48002],[127.13105,37.48003],[127.13109,37.48005],[127.13111,37.48008],[127.13113,37.48012],[127.13113,37.48013],[127.13113,37.48016],[127.13111,37.48019],[127.13108,37.48022]]}},{"type":"Feature","properties":{"class":"alley","highway":"service","sidewalk":"unknown","lanes":0,"name":"","oneway":false},"geometry":{"type":"LineString","coordinates":[[127.1329,37.48024],[127.13251,37.4804],[127.13245,37.48042],[127.13234,37.48041],[127.13222,37.48042],[127.13211,37.48045],[127.13201,37.4805]]}},{"type":"Feature","properties":{"class":"alley","highway":"service","sidewalk":"unknown","lanes":0,"name":"","oneway":false},"geometry":{"type":"LineString","coordinates":[[127.13201,37.4805],[127.13186,37.48058],[127.13176,37.48059],[127.13171,37.48058],[127.13168,37.48056]]}},{"type":"Feature","properties":{"class":"alley","highway":"service","sidewalk":"unknown","lanes":0,"name":"","oneway":false},"geometry":{"type":"LineString","coordinates":[[127.13211,37.48045],[127.13193,37.48028],[127.13191,37.48026],[127.13184,37.48016],[127.13182,37.4801],[127.13186,37.48005],[127.13217,37.47987]]}},{"type":"Feature","properties":{"class":"alley","highway":"service","sidewalk":"unknown","lanes":0,"name":"","oneway":false},"geometry":{"type":"LineString","coordinates":[[127.13167,37.48046],[127.13193,37.48028],[127.13196,37.48022],[127.13222,37.48008]]}},{"type":"Feature","properties":{"class":"alley","highway":"service","sidewalk":"unknown","lanes":0,"name":"","oneway":false},"geometry":{"type":"LineString","coordinates":[[127.13164,37.48106],[127.13147,37.48083]]}},{"type":"Feature","properties":{"class":"alley","highway":"service","sidewalk":"unknown","lanes":0,"name":"","oneway":false},"geometry":{"type":"LineString","coordinates":[[127.13192,37.48108],[127.13216,37.481],[127.1322,37.48101],[127.13224,37.48107]]}},{"type":"Feature","properties":{"class":"alley","highway":"service","sidewalk":"unknown","lanes":0,"name":"","oneway":false},"geometry":{"type":"LineString","coordinates":[[127.13211,37.48112],[127.13224,37.48107],[127.13228,37.48106],[127.13241,37.48102]]}},{"type":"Feature","properties":{"class":"alley","highway":"pedestrian","sidewalk":"unknown","lanes":0,"name":"","oneway":false},"geometry":{"type":"LineString","coordinates":[[127.13302,37.48075],[127.13303,37.48077],[127.13304,37.48079],[127.13303,37.48082],[127.13302,37.48084],[127.13299,37.48085],[127.13296,37.48086],[127.13294,37.48086],[127.13291,37.48086],[127.13288,37.48084],[127.13286,37.48082],[127.13286,37.4808],[127.13286,37.48078],[127.13287,37.48075],[127.13289,37.48074],[127.13291,37.48072],[127.13294,37.48072],[127.13297,37.48072],[127.133,37.48073],[127.13302,37.48075]]}},{"type":"Feature","properties":{"class":"alley","highway":"service","sidewalk":"unknown","lanes":0,"name":"","oneway":false},"geometry":{"type":"LineString","coordinates":[[127.1329,37.48024],[127.13344,37.48004]]}},{"type":"Feature","properties":{"class":"alley","highway":"service","sidewalk":"unknown","lanes":0,"name":"","oneway":false},"geometry":{"type":"LineString","coordinates":[[127.13384,37.48006],[127.13365,37.48014],[127.13355,37.48018],[127.13353,37.48018],[127.1335,37.48017],[127.13349,37.48015],[127.13344,37.48004],[127.13335,37.47989],[127.13333,37.47986],[127.13321,37.47971],[127.13308,37.47953],[127.13307,37.47952],[127.13294,37.47936],[127.13291,37.47933],[127.13282,37.47921],[127.13281,37.47915],[127.13282,37.47912],[127.13282,37.47912],[127.13285,37.4791],[127.1331,37.47896]]}},{"type":"Feature","properties":{"class":"alley","highway":"service","sidewalk":"unknown","lanes":0,"name":"","oneway":false},"geometry":{"type":"LineString","coordinates":[[127.13365,37.48014],[127.13368,37.48006],[127.13372,37.48002]]}},{"type":"Feature","properties":{"class":"alley","highway":"service","sidewalk":"unknown","lanes":0,"name":"","oneway":false},"geometry":{"type":"LineString","coordinates":[[127.13372,37.48002],[127.13382,37.47998],[127.1339,37.47997],[127.13393,37.47999],[127.13395,37.48002],[127.13396,37.48006]]}},{"type":"Feature","properties":{"class":"alley","highway":"service","sidewalk":"unknown","lanes":0,"name":"","oneway":false},"geometry":{"type":"LineString","coordinates":[[127.1255,37.48031],[127.12564,37.48035],[127.12615,37.4805],[127.12621,37.48051],[127.12676,37.48056]]}},{"type":"Feature","properties":{"class":"major","highway":"primary","sidewalk":"yes","lanes":4,"name":"송파대로","oneway":true},"geometry":{"type":"LineString","coordinates":[[127.12595,37.47941],[127.12582,37.47969],[127.1255,37.48031]]}},{"type":"Feature","properties":{"class":"alley","highway":"service","sidewalk":"unknown","lanes":0,"name":"충민로","oneway":false},"geometry":{"type":"LineString","coordinates":[[127.12658,37.47959],[127.12629,37.48019],[127.12615,37.4805]]}},{"type":"Feature","properties":{"class":"major","highway":"tertiary","sidewalk":"likely","lanes":0,"name":"충민로","oneway":false},"geometry":{"type":"LineString","coordinates":[[127.1269,37.47969],[127.12766,37.4799],[127.12777,37.47993],[127.12796,37.47999],[127.12838,37.48013],[127.12864,37.48022],[127.12881,37.48029],[127.12895,37.48036],[127.12904,37.48041],[127.12923,37.48053],[127.1296,37.48077],[127.12973,37.48087],[127.12988,37.48098],[127.13014,37.48121],[127.13014,37.48121],[127.13041,37.48151],[127.13074,37.48192],[127.13089,37.48214],[127.13114,37.48271],[127.13121,37.48282],[127.13122,37.48283],[127.13158,37.48364],[127.13175,37.48399],[127.13181,37.48412],[127.13206,37.48444],[127.1322,37.48463],[127.13259,37.48496],[127.13264,37.48501],[127.13282,37.48516],[127.13285,37.48518],[127.1332,37.48545],[127.13342,37.48562],[127.13364,37.48582],[127.13398,37.48615],[127.13407,37.48623]]}},{"type":"Feature","properties":{"class":"alley","highway":"service","sidewalk":"unknown","lanes":0,"name":"","oneway":false},"geometry":{"type":"LineString","coordinates":[[127.12671,37.48088],[127.1264,37.48085]]}},{"type":"Feature","properties":{"class":"major","highway":"tertiary","sidewalk":"likely","lanes":0,"name":"새말로8길","oneway":false},"geometry":{"type":"LineString","coordinates":[[127.12671,37.48088],[127.12674,37.48067]]}},{"type":"Feature","properties":{"class":"major","highway":"tertiary","sidewalk":"likely","lanes":0,"name":"새말로8길","oneway":false},"geometry":{"type":"LineString","coordinates":[[127.12674,37.48067],[127.12676,37.48056],[127.12679,37.48038],[127.12688,37.47986]]}},{"type":"Feature","properties":{"class":"alley","highway":"service","sidewalk":"unknown","lanes":0,"name":"","oneway":false},"geometry":{"type":"LineString","coordinates":[[127.12723,37.48047],[127.1271,37.48059]]}},{"type":"Feature","properties":{"class":"alley","highway":"service","sidewalk":"unknown","lanes":0,"name":"","oneway":false},"geometry":{"type":"LineString","coordinates":[[127.1271,37.48059],[127.12709,37.4806],[127.12706,37.48061],[127.12704,37.48061]]}},{"type":"Feature","properties":{"class":"alley","highway":"service","sidewalk":"unknown","lanes":0,"name":"","oneway":false},"geometry":{"type":"LineString","coordinates":[[127.1266,37.48169],[127.1262,37.48166],[127.12598,37.48168],[127.12596,37.48168],[127.1252,37.48163],[127.12517,37.48164],[127.12515,37.48165],[127.12514,37.48178],[127.12516,37.4818],[127.1252,37.48184],[127.12529,37.48189]]}},{"type":"Feature","properties":{"class":"alley","highway":"service","sidewalk":"unknown","lanes":0,"name":"","oneway":false},"geometry":{"type":"LineString","coordinates":[[127.12568,37.48214],[127.12571,37.48196],[127.12569,37.48193],[127.12529,37.48189],[127.12525,37.48191],[127.12523,37.48211]]}},{"type":"Feature","properties":{"class":"alley","highway":"service","sidewalk":"unknown","lanes":0,"name":"","oneway":false},"geometry":{"type":"LineString","coordinates":[[127.1262,37.48166],[127.12625,37.48127],[127.12618,37.48121],[127.12623,37.48089],[127.12609,37.48074],[127.12564,37.48071],[127.1256,37.48074],[127.12558,37.4809],[127.12562,37.48094],[127.12585,37.48095],[127.12588,37.48098],[127.12586,37.48116],[127.12589,37.48119],[127.12618,37.48121]]}},{"type":"Feature","properties":{"class":"alley","highway":"service","sidewalk":"unknown","lanes":0,"name":"새말로6길","oneway":false},"geometry":{"type":"LineString","coordinates":[[127.12795,37.48193],[127.12833,37.48195],[127.12834,37.48194],[127.12852,37.48176]]}},{"type":"Feature","properties":{"class":"alley","highway":"service","sidewalk":"unknown","lanes":0,"name":"","oneway":false},"geometry":{"type":"LineString","coordinates":[[127.12834,37.48194],[127.12841,37.482]]}},{"type":"Feature","properties":{"class":"alley","highway":"service","sidewalk":"unknown","lanes":0,"name":"","oneway":false},"geometry":{"type":"LineString","coordinates":[[127.12849,37.48173],[127.12853,37.48169],[127.12858,37.48165],[127.12858,37.48163],[127.12858,37.48161],[127.12856,37.4816],[127.12844,37.48159]]}},{"type":"Feature","properties":{"class":"alley","highway":"service","sidewalk":"unknown","lanes":0,"name":"","oneway":false},"geometry":{"type":"LineString","coordinates":[[127.12954,37.48242],[127.12963,37.48257],[127.1297,37.48268],[127.12971,37.48272],[127.12968,37.48279]]}},{"type":"Feature","properties":{"class":"alley","highway":"service","sidewalk":"unknown","lanes":0,"name":"","oneway":false},"geometry":{"type":"LineString","coordinates":[[127.1297,37.48268],[127.12996,37.48258],[127.12997,37.48256],[127.12997,37.48255],[127.12991,37.48247],[127.1299,37.48247],[127.12988,37.48247],[127.12963,37.48257]]}},{"type":"Feature","properties":{"class":"major","highway":"secondary","sidewalk":"likely","lanes":0,"name":"위례송파로","oneway":false},"geometry":{"type":"LineString","coordinates":[[127.13744,37.48542],[127.13836,37.48536],[127.13913,37.48532]]}},{"type":"Feature","properties":{"class":"major","highway":"secondary_link","sidewalk":"likely","lanes":0,"name":"","oneway":true},"geometry":{"type":"LineString","coordinates":[[127.13913,37.48532],[127.13881,37.48544],[127.13785,37.48551],[127.13738,37.48556],[127.13714,37.48557],[127.13693,37.48558],[127.13675,37.48559]]}},{"type":"Feature","properties":{"class":"major","highway":"tertiary","sidewalk":"likely","lanes":0,"name":"위례송파로1길","oneway":false},"geometry":{"type":"LineString","coordinates":[[127.13675,37.48559],[127.13674,37.48551],[127.13672,37.48535]]}},{"type":"Feature","properties":{"class":"major","highway":"secondary_link","sidewalk":"likely","lanes":0,"name":"","oneway":true},"geometry":{"type":"LineString","coordinates":[[127.13672,37.48535],[127.13692,37.48534],[127.13785,37.48528],[127.1384,37.48525],[127.13879,37.48523],[127.13913,37.48532]]}},{"type":"Feature","properties":{"class":"alley","highway":"service","sidewalk":"unknown","lanes":0,"name":"","oneway":false},"geometry":{"type":"LineString","coordinates":[[127.13201,37.48693],[127.13229,37.487],[127.13245,37.48714]]}},{"type":"Feature","properties":{"class":"alley","highway":"service","sidewalk":"unknown","lanes":0,"name":"","oneway":false},"geometry":{"type":"LineString","coordinates":[[127.12852,37.48305],[127.12845,37.48315]]}},{"type":"Feature","properties":{"class":"alley","highway":"service","sidewalk":"unknown","lanes":0,"name":"","oneway":false},"geometry":{"type":"LineString","coordinates":[[127.12845,37.48315],[127.12843,37.48319],[127.1284,37.48321],[127.12835,37.48321],[127.1283,37.4832]]}},{"type":"Feature","properties":{"class":"minor","highway":"residential","sidewalk":"unknown","lanes":0,"name":"새말로","oneway":false},"geometry":{"type":"LineString","coordinates":[[127.12882,37.48324],[127.12887,37.48317]]}},{"type":"Feature","properties":{"class":"alley","highway":"service","sidewalk":"unknown","lanes":0,"name":"","oneway":false},"geometry":{"type":"LineString","coordinates":[[127.13282,37.48516],[127.13302,37.48501],[127.1335,37.48541]]}},{"type":"Feature","properties":{"class":"alley","highway":"service","sidewalk":"unknown","lanes":0,"name":"","oneway":false},"geometry":{"type":"LineString","coordinates":[[127.12992,37.48456],[127.13002,37.48449]]}},{"type":"Feature","properties":{"class":"minor","highway":"residential","sidewalk":"unknown","lanes":0,"name":"새말로15길","oneway":true},"geometry":{"type":"LineString","coordinates":[[127.12805,37.48561],[127.12942,37.48574]]}},{"type":"Feature","properties":{"class":"alley","highway":"service","sidewalk":"unknown","lanes":0,"name":"","oneway":false},"geometry":{"type":"LineString","coordinates":[[127.13036,37.48774],[127.13033,37.48776],[127.13021,37.48784],[127.1303,37.48793]]}},{"type":"Feature","properties":{"class":"major","highway":"tertiary","sidewalk":"likely","lanes":0,"name":"문정로","oneway":false},"geometry":{"type":"LineString","coordinates":[[127.13036,37.48774],[127.13066,37.488],[127.13104,37.48832],[127.13134,37.48858],[127.13142,37.48865],[127.1319,37.48907],[127.13215,37.48929],[127.13217,37.48931],[127.13229,37.48941],[127.13288,37.48991],[127.13306,37.49007],[127.13342,37.49038],[127.13358,37.49053],[127.13363,37.49057],[127.1343,37.49115],[127.13454,37.49136],[127.13507,37.49182],[127.13528,37.49199],[127.13541,37.4921],[127.1355,37.49218],[127.13555,37.49222],[127.13597,37.49259],[127.13606,37.49267],[127.13621,37.4928],[127.13628,37.49286],[127.13716,37.49364],[127.13725,37.49371],[127.13735,37.4938],[127.13768,37.49409],[127.13788,37.49426],[127.13802,37.49438],[127.13844,37.49474],[127.13871,37.49499],[127.13894,37.49519],[127.13919,37.49545],[127.1392,37.49546],[127.13925,37.49551],[127.13934,37.4956]]}},{"type":"Feature","properties":{"class":"major","highway":"tertiary","sidewalk":"likely","lanes":0,"name":"새말로","oneway":false},"geometry":{"type":"LineString","coordinates":[[127.13133,37.48517],[127.13182,37.48558],[127.13283,37.48641],[127.13326,37.4868]]}},{"type":"Feature","properties":{"class":"alley","highway":"service","sidewalk":"unknown","lanes":0,"name":"","oneway":false},"geometry":{"type":"LineString","coordinates":[[127.12991,37.49016],[127.12951,37.49028],[127.12943,37.49028],[127.1294,37.49025],[127.12937,37.4902]]}},{"type":"Feature","properties":{"class":"alley","highway":"service","sidewalk":"unknown","lanes":0,"name":"","oneway":false},"geometry":{"type":"LineString","coordinates":[[127.12937,37.4902],[127.12935,37.49015],[127.12932,37.49014],[127.12928,37.49013],[127.12917,37.49016]]}},{"type":"Feature","properties":{"class":"alley","highway":"service","sidewalk":"unknown","lanes":0,"name":"","oneway":false},"geometry":{"type":"LineString","coordinates":[[127.13015,37.48965],[127.13036,37.4896]]}},{"type":"Feature","properties":{"class":"alley","highway":"service","sidewalk":"unknown","lanes":0,"name":"","oneway":false},"geometry":{"type":"LineString","coordinates":[[127.12975,37.4909],[127.1297,37.49077],[127.12965,37.49065]]}},{"type":"Feature","properties":{"class":"alley","highway":"service","sidewalk":"unknown","lanes":0,"name":"","oneway":false},"geometry":{"type":"LineString","coordinates":[[127.1297,37.49077],[127.12946,37.49083]]}},{"type":"Feature","properties":{"class":"alley","highway":"service","sidewalk":"unknown","lanes":0,"name":"","oneway":false},"geometry":{"type":"LineString","coordinates":[[127.13001,37.49039],[127.12991,37.49016],[127.12989,37.49009],[127.12988,37.49003],[127.13001,37.48976],[127.13007,37.48969],[127.13008,37.48968],[127.13015,37.48965]]}},{"type":"Feature","properties":{"class":"alley","highway":"service","sidewalk":"unknown","lanes":0,"name":"","oneway":false},"geometry":{"type":"LineString","coordinates":[[127.13016,37.49075],[127.13007,37.49053],[127.13005,37.49049],[127.13001,37.49039]]}},{"type":"Feature","properties":{"class":"alley","highway":"service","sidewalk":"unknown","lanes":0,"name":"","oneway":false},"geometry":{"type":"LineString","coordinates":[[127.13007,37.48969],[127.12994,37.48937],[127.12992,37.48928],[127.12993,37.48919],[127.13001,37.48913],[127.1303,37.48905],[127.1304,37.48905],[127.13054,37.48908],[127.13077,37.48907],[127.13095,37.48904],[127.13097,37.48904],[127.13103,37.48904],[127.13106,37.48908],[127.13117,37.48932],[127.13121,37.48934],[127.13126,37.48946],[127.13123,37.48953]]}},{"type":"Feature","properties":{"class":"alley","highway":"service","sidewalk":"unknown","lanes":0,"name":"","oneway":false},"geometry":{"type":"LineString","coordinates":[[127.13123,37.48953],[127.13122,37.48957],[127.13143,37.49004],[127.13161,37.49045],[127.13159,37.49049],[127.13154,37.49052],[127.13132,37.49059]]}},{"type":"Feature","properties":{"class":"alley","highway":"service","sidewalk":"unknown","lanes":0,"name":"","oneway":false},"geometry":{"type":"LineString","coordinates":[[127.13055,37.49171],[127.13089,37.49163],[127.13085,37.49151],[127.13084,37.49143],[127.1309,37.49138],[127.13121,37.49132],[127.13124,37.49129],[127.13126,37.49124],[127.13121,37.49101],[127.1313,37.4908],[127.1313,37.49076],[127.13132,37.49059]]}},{"type":"Feature","properties":{"class":"alley","highway":"service","sidewalk":"unknown","lanes":0,"name":"","oneway":false},"geometry":{"type":"LineString","coordinates":[[127.13038,37.49128],[127.13057,37.49124],[127.1307,37.4912]]}},{"type":"Feature","properties":{"class":"alley","highway":"service","sidewalk":"unknown","lanes":0,"name":"","oneway":false},"geometry":{"type":"LineString","coordinates":[[127.1307,37.4912],[127.13076,37.4912],[127.13081,37.49124],[127.13086,37.49126],[127.13092,37.49126],[127.13097,37.49125]]}},{"type":"Feature","properties":{"class":"alley","highway":"service","sidewalk":"unknown","lanes":0,"name":"","oneway":false},"geometry":{"type":"LineString","coordinates":[[127.13057,37.49124],[127.13055,37.49119],[127.13047,37.491]]}},{"type":"Feature","properties":{"class":"minor","highway":"residential","sidewalk":"unknown","lanes":0,"name":"송이로37길","oneway":false},"geometry":{"type":"LineString","coordinates":[[127.13512,37.48817],[127.1351,37.48813],[127.13471,37.48737],[127.13466,37.48728],[127.13438,37.48721],[127.13434,37.48718],[127.13422,37.48708],[127.13406,37.48684],[127.13397,37.48672],[127.13377,37.48643]]}},{"type":"Feature","properties":{"class":"alley","highway":"service","sidewalk":"unknown","lanes":0,"name":"","oneway":false},"geometry":{"type":"LineString","coordinates":[[127.13474,37.48186],[127.13473,37.48178],[127.13471,37.48155],[127.13469,37.48148],[127.13463,37.48139],[127.13467,37.48133]]}},{"type":"Feature","properties":{"class":"major","highway":"primary","sidewalk":"yes","lanes":4,"name":"송파대로","oneway":true},"geometry":{"type":"LineString","coordinates":[[127.1255,37.48031],[127.12547,37.48039]]}},{"type":"Feature","properties":{"class":"alley","highway":"service","sidewalk":"unknown","lanes":0,"name":"","oneway":false},"geometry":{"type":"LineString","coordinates":[[127.13596,37.50051],[127.1357,37.5003],[127.1355,37.50014],[127.13578,37.49992],[127.13586,37.49986]]}},{"type":"Feature","properties":{"class":"alley","highway":"service","sidewalk":"unknown","lanes":0,"name":"","oneway":false},"geometry":{"type":"LineString","coordinates":[[127.13971,37.49608],[127.13966,37.49611],[127.13864,37.49663]]}},{"type":"Feature","properties":{"class":"alley","highway":"service","sidewalk":"unknown","lanes":0,"name":"","oneway":false},"geometry":{"type":"LineString","coordinates":[[127.13864,37.49663],[127.1386,37.49681]]}},{"type":"Feature","properties":{"class":"alley","highway":"service","sidewalk":"unknown","lanes":0,"name":"","oneway":false},"geometry":{"type":"LineString","coordinates":[[127.1386,37.49681],[127.13873,37.49695],[127.13972,37.49643]]}},{"type":"Feature","properties":{"class":"minor","highway":"residential","sidewalk":"unknown","lanes":0,"name":"송이로37길","oneway":false},"geometry":{"type":"LineString","coordinates":[[127.13583,37.48948],[127.13577,37.48936],[127.13573,37.48929],[127.13565,37.48912],[127.13532,37.48852],[127.13512,37.48817]]}},{"type":"Feature","properties":{"class":"alley","highway":"service","sidewalk":"unknown","lanes":0,"name":"","oneway":false},"geometry":{"type":"LineString","coordinates":[[127.13336,37.48962],[127.13339,37.48952],[127.13365,37.48933]]}},{"type":"Feature","properties":{"class":"alley","highway":"service","sidewalk":"unknown","lanes":0,"name":"","oneway":false},"geometry":{"type":"LineString","coordinates":[[127.13365,37.48933],[127.13372,37.48933],[127.13377,37.48938],[127.13375,37.48944],[127.13349,37.48961],[127.13336,37.48962]]}},{"type":"Feature","properties":{"class":"alley","highway":"service","sidewalk":"unknown","lanes":0,"name":"","oneway":false},"geometry":{"type":"LineString","coordinates":[[127.13518,37.48979],[127.13497,37.48961],[127.13482,37.48945],[127.13467,37.48933],[127.13453,37.48926]]}},{"type":"Feature","properties":{"class":"alley","highway":"service","sidewalk":"unknown","lanes":0,"name":"","oneway":false},"geometry":{"type":"LineString","coordinates":[[127.13426,37.49048],[127.13518,37.48979],[127.13523,37.48976],[127.13577,37.48936]]}},{"type":"Feature","properties":{"class":"alley","highway":"service","sidewalk":"unknown","lanes":0,"name":"","oneway":false},"geometry":{"type":"LineString","coordinates":[[127.13331,37.48966],[127.13336,37.48962],[127.13366,37.4894]]}},{"type":"Feature","properties":{"class":"major","highway":"motorway","sidewalk":"likely","lanes":2,"name":"수도권제1순환고속도로","oneway":true},"geometry":{"type":"LineString","coordinates":[[127.13861,37.49274],[127.13967,37.49481]]}},{"type":"Feature","properties":{"class":"major","highway":"motorway","sidewalk":"likely","lanes":2,"name":"수도권제1순환고속도로","oneway":true},"geometry":{"type":"LineString","coordinates":[[127.13861,37.49274],[127.13956,37.49484]]}},{"type":"Feature","properties":{"class":"major","highway":"motorway","sidewalk":"likely","lanes":2,"name":"수도권제1순환고속도로","oneway":true},"geometry":{"type":"LineString","coordinates":[[127.13967,37.49481],[127.14177,37.49915],[127.14366,37.50289]]}},{"type":"Feature","properties":{"class":"alley","highway":"service","sidewalk":"unknown","lanes":0,"name":"","oneway":false},"geometry":{"type":"LineString","coordinates":[[127.13731,37.49298],[127.13775,37.49298],[127.13798,37.49298]]}},{"type":"Feature","properties":{"class":"alley","highway":"pedestrian","sidewalk":"unknown","lanes":0,"name":"","oneway":false},"geometry":{"type":"LineString","coordinates":[[127.13599,37.48925],[127.1359,37.48933],[127.13593,37.48938],[127.13604,37.48947],[127.13619,37.4895],[127.13627,37.48947],[127.13625,37.48937],[127.13615,37.48927],[127.13605,37.48923],[127.13599,37.48925]]}},{"type":"Feature","properties":{"class":"alley","highway":"pedestrian","sidewalk":"unknown","lanes":0,"name":"","oneway":false},"geometry":{"type":"LineString","coordinates":[[127.13568,37.48685],[127.13576,37.48691],[127.13578,37.48698],[127.13573,37.48705],[127.13565,37.48709],[127.13552,37.48707],[127.13548,37.48695],[127.13552,37.48689],[127.13561,37.48684],[127.13568,37.48685]]}},{"type":"Feature","properties":{"class":"major","highway":"secondary_link","sidewalk":"likely","lanes":0,"name":"","oneway":true},"geometry":{"type":"LineString","coordinates":[[127.12906,37.49295],[127.12929,37.49302],[127.12938,37.49303],[127.12945,37.49302],[127.12953,37.49298],[127.12957,37.49295],[127.1296,37.4929],[127.12963,37.49281]]}}]}