{"type":"FeatureCollection","features":[{"type":"Feature","properties":{"class":"major","highway":"tertiary","sidewalk":"likely","lanes":0,"name":"만양로","oneway":false},"geometry":{"type":"LineString","coordinates":[[126.94623,37.50478],[126.94627,37.5049],[126.94666,37.50535],[126.94679,37.50554],[126.94691,37.50568],[126.94742,37.50636],[126.94789,37.50689],[126.948,37.50706],[126.94807,37.5072]]}},{"type":"Feature","properties":{"class":"major","highway":"secondary","sidewalk":"likely","lanes":0,"name":"장승배기로","oneway":true},"geometry":{"type":"LineString","coordinates":[[126.94021,37.51321],[126.9402,37.51318],[126.94019,37.51316],[126.94019,37.51312],[126.94018,37.51299],[126.94017,37.51246],[126.94017,37.51219],[126.94016,37.51184],[126.94015,37.51105],[126.94015,37.51065],[126.94015,37.51001],[126.94014,37.50919],[126.94008,37.50838],[126.94006,37.50816],[126.93998,37.50767],[126.93995,37.50752],[126.93987,37.50718],[126.93957,37.50595],[126.93948,37.50562],[126.93949,37.50559],[126.9395,37.50557],[126.93951,37.50555]]}},{"type":"Feature","properties":{"class":"major","highway":"primary","sidewalk":"likely","lanes":0,"name":"양녕로","oneway":true},"geometry":{"type":"LineString","coordinates":[[126.9561,37.51394],[126.95603,37.51386],[126.95599,37.51381],[126.95586,37.51365]]}},{"type":"Feature","properties":{"class":"major","highway":"primary_link","sidewalk":"likely","lanes":0,"name":"","oneway":true},"geometry":{"type":"LineString","coordinates":[[126.93871,37.51801],[126.93877,37.518],[126.93877,37.51797],[126.93879,37.51794],[126.93886,37.51791],[126.93895,37.51787],[126.93908,37.51786],[126.93922,37.51786],[126.93957,37.5179],[126.93972,37.5179],[126.93993,37.51791],[126.94004,37.5179],[126.94014,37.51786],[126.94024,37.51782],[126.94031,37.51777],[126.94037,37.51772],[126.94042,37.51765]]}},{"type":"Feature","properties":{"class":"major","highway":"tertiary","sidewalk":"likely","lanes":0,"name":"노량진로17길","oneway":false},"geometry":{"type":"LineString","coordinates":[[126.94665,37.51352],[126.94669,37.51361],[126.94665,37.51385],[126.94653,37.51426]]}},{"type":"Feature","properties":{"class":"major","highway":"primary_link","sidewalk":"likely","lanes":0,"name":"","oneway":true},"geometry":{"type":"LineString","coordinates":[[126.95153,37.51498],[126.95165,37.51478],[126.9518,37.51455]]}},{"type":"Feature","properties":{"class":"major","highway":"trunk_link","sidewalk":"likely","lanes":0,"name":"","oneway":true},"geometry":{"type":"LineString","coordinates":[[126.93976,37.51574],[126.94005,37.51571]]}},{"type":"Feature","properties":{"class":"major","highway":"tertiary","sidewalk":"likely","lanes":0,"name":"흑석로","oneway":true},"geometry":{"type":"LineString","coordinates":[[126.94988,37.50438],[126.94998,37.50441],[126.95026,37.50457],[126.95039,37.50465],[126.95064,37.50477]]}},{"type":"Feature","properties":{"class":"major","highway":"primary","sidewalk":"likely","lanes":0,"name":"노량진로","oneway":true},"geometry":{"type":"LineString","coordinates":[[126.95215,37.51261],[126.95359,37.51258]]}},{"type":"Feature","properties":{"class":"major","highway":"primary_link","sidewalk":"likely","lanes":1,"name":"","oneway":true},"geometry":{"type":"LineString","coordinates":[[126.95359,37.51258],[126.95374,37.51249],[126.95379,37.51244],[126.95381,37.51238],[126.95383,37.51233],[126.95383,37.51229],[126.95384,37.51222],[126.95384,37.51215]]}},{"type":"Feature","properties":{"class":"major","highway":"tertiary","sidewalk":"likely","lanes":0,"name":"상도로34길","oneway":false},"geometry":{"type":"LineString","coordinates":[[126.94623,37.50478],[126.94619,37.50475],[126.94585,37.50436],[126.94563,37.5041],[126.94556,37.50402],[126.94548,37.50392],[126.94541,37.50385],[126.94508,37.50347],[126.94498,37.50337],[126.94492,37.50327],[126.94486,37.50312],[126.94486,37.50308],[126.94489,37.50293],[126.94507,37.50268],[126.94523,37.50254],[126.94528,37.50247],[126.94532,37.50243],[126.94539,37.50236],[126.94549,37.5022],[126.94564,37.50196],[126.94566,37.50182],[126.94568,37.50162]]}},{"type":"Feature","properties":{"class":"major","highway":"primary","sidewalk":"likely","lanes":4,"name":"양녕로","oneway":true},"geometry":{"type":"LineString","coordinates":[[126.95639,37.51385],[126.95852,37.51684]]}},{"type":"Feature","properties":{"class":"major","highway":"primary","sidewalk":"likely","lanes":4,"name":"양녕로","oneway":true},"geometry":{"type":"LineString","coordinates":[[126.95913,37.51822],[126.95907,37.51814],[126.95888,37.51785],[126.95856,37.51739],[126.95837,37.51711],[126.95827,37.51696]]}},{"type":"Feature","properties":{"class":"major","highway":"primary","sidewalk":"likely","lanes":4,"name":"양녕로","oneway":true},"geometry":{"type":"LineString","coordinates":[[126.95827,37.51696],[126.9561,37.51394]]}},{"type":"Feature","properties":{"class":"major","highway":"primary","sidewalk":"likely","lanes":4,"name":"양녕로","oneway":true},"geometry":{"type":"LineString","coordinates":[[126.95852,37.51684],[126.95864,37.51701],[126.95877,37.5172],[126.95915,37.51774],[126.95935,37.51802],[126.95942,37.51812]]}},{"type":"Feature","properties":{"class":"major","highway":"primary","sidewalk":"likely","lanes":4,"name":"양녕로","oneway":true},"geometry":{"type":"LineString","coordinates":[[126.95942,37.51812],[126.96119,37.52117],[126.96161,37.52191]]}},{"type":"Feature","properties":{"class":"alley","highway":"service","sidewalk":"unknown","lanes":0,"name":"상도로34길","oneway":true},"geometry":{"type":"LineString","coordinates":[[126.94519,37.50183],[126.94524,37.5019],[126.94527,37.50198],[126.94529,37.50213],[126.94529,37.50232],[126.94532,37.50243]]}},{"type":"Feature","properties":{"class":"alley","highway":"service","sidewalk":"unknown","lanes":0,"name":"상도로36길","oneway":false},"geometry":{"type":"LineString","coordinates":[[126.94508,37.50347],[126.94513,37.50347],[126.94544,37.50348],[126.94549,37.5035],[126.94555,37.50349],[126.94572,37.50347],[126.94581,37.50345],[126.94588,37.50341],[126.94592,37.50337],[126.94597,37.50331],[126.94605,37.50322],[126.94609,37.50319],[126.94612,37.50319],[126.94616,37.50319],[126.94644,37.50331],[126.94684,37.50352],[126.94726,37.50374]]}},{"type":"Feature","properties":{"class":"minor","highway":"residential","sidewalk":"unknown","lanes":0,"name":"상도로","oneway":false},"geometry":{"type":"LineString","coordinates":[[126.94692,37.50411],[126.94681,37.50405],[126.94677,37.50405],[126.94651,37.5041],[126.94627,37.50411],[126.94596,37.50407],[126.94556,37.50402]]}},{"type":"Feature","properties":{"class":"alley","highway":"service","sidewalk":"unknown","lanes":0,"name":"상도로34나길","oneway":false},"geometry":{"type":"LineString","coordinates":[[126.94596,37.50407],[126.94605,37.50379],[126.94644,37.50331],[126.94692,37.50276]]}},{"type":"Feature","properties":{"class":"alley","highway":"service","sidewalk":"unknown","lanes":0,"name":"양녕로","oneway":false},"geometry":{"type":"LineString","coordinates":[[126.94729,37.50297],[126.94684,37.50352]]}},{"type":"Feature","properties":{"class":"alley","highway":"service","sidewalk":"unknown","lanes":0,"name":"상도로34길","oneway":false},"geometry":{"type":"LineString","coordinates":[[126.94541,37.50385],[126.94553,37.50378],[126.94555,37.50372],[126.94564,37.50366]]}},{"type":"Feature","properties":{"class":"major","highway":"tertiary","sidewalk":"likely","lanes":0,"name":"장승배기로4길","oneway":false},"geometry":{"type":"LineString","coordinates":[[126.94124,37.50126],[126.9415,37.50133],[126.94196,37.50136],[126.94235,37.50131],[126.94304,37.50125],[126.94338,37.50121],[126.94353,37.50119],[126.9438,37.5011],[126.9442,37.50086],[126.94454,37.50078],[126.94497,37.50073]]}},{"type":"Feature","properties":{"class":"major","highway":"secondary_link","sidewalk":"likely","lanes":0,"name":"","oneway":true},"geometry":{"type":"LineString","coordinates":[[126.94591,37.50196],[126.94583,37.50192],[126.94576,37.50191],[126.94567,37.50193],[126.94564,37.50196]]}},{"type":"Feature","properties":{"class":"alley","highway":"service","sidewalk":"unknown","lanes":0,"name":"상도로36길","oneway":false},"geometry":{"type":"LineString","coordinates":[[126.94591,37.50327],[126.94597,37.50331]]}},{"type":"Feature","properties":{"class":"alley","highway":"service","sidewalk":"unknown","lanes":0,"name":"","oneway":false},"geometry":{"type":"LineString","coordinates":[[126.94235,37.50131],[126.94252,37.50183],[126.94268,37.50216],[126.94356,37.50189],[126.94365,37.5019],[126.94372,37.50193],[126.94378,37.502],[126.94382,37.50207],[126.9439,37.50211],[126.94399,37.50211],[126.94409,37.50209],[126.94435,37.50201],[126.94488,37.50183],[126.94497,37.50183],[126.94504,37.50185],[126.94511,37.5019]]}},{"type":"Feature","properties":{"class":"alley","highway":"service","sidewalk":"unknown","lanes":0,"name":"","oneway":false},"geometry":{"type":"LineString","coordinates":[[126.94252,37.50183],[126.94144,37.50208],[126.94125,37.50228],[126.94115,37.50251],[126.94105,37.50271],[126.94105,37.50286],[126.94116,37.503],[126.94126,37.50305],[126.94143,37.50303],[126.94166,37.50299],[126.94231,37.50288],[126.94256,37.50283],[126.9427,37.50278],[126.94277,37.50268],[126.94274,37.50253],[126.9426,37.50229],[126.94268,37.50216]]}},{"type":"Feature","properties":{"class":"alley","highway":"service","sidewalk":"unknown","lanes":0,"name":"","oneway":false},"geometry":{"type":"LineString","coordinates":[[126.94435,37.50201],[126.94427,37.50186]]}},{"type":"Feature","properties":{"class":"alley","highway":"service","sidewalk":"unknown","lanes":0,"name":"상도로34길","oneway":false},"geometry":{"type":"LineString","coordinates":[[126.94498,37.50337],[126.94434,37.50369]]}},{"type":"Feature","properties":{"class":"minor","highway":"residential","sidewalk":"unknown","lanes":0,"name":"","oneway":false},"geometry":{"type":"LineString","coordinates":[[126.94277,37.50349],[126.94205,37.50342],[126.94163,37.50346],[126.94146,37.50351],[126.94151,37.50376],[126.94152,37.50403],[126.9415,37.50411]]}},{"type":"Feature","properties":{"class":"minor","highway":"residential","sidewalk":"unknown","lanes":0,"name":"장승배기로10길","oneway":false},"geometry":{"type":"LineString","coordinates":[[126.93931,37.50415],[126.93944,37.50422],[126.93983,37.50453],[126.93994,37.50463],[126.94012,37.50471],[126.94027,37.50475],[126.94042,37.50479],[126.94051,37.50481],[126.94071,37.50483],[126.941,37.50485],[126.94118,37.50469],[126.94135,37.50449],[126.94136,37.50447],[126.94142,37.50437],[126.9415,37.50411],[126.94167,37.50411],[126.94196,37.50409],[126.94203,37.50411]]}},{"type":"Feature","properties":{"class":"minor","highway":"residential","sidewalk":"unknown","lanes":0,"name":"","oneway":false},"geometry":{"type":"LineString","coordinates":[[126.94423,37.5041],[126.94429,37.50453],[126.94437,37.50503],[126.94436,37.50522]]}},{"type":"Feature","properties":{"class":"minor","highway":"residential","sidewalk":"unknown","lanes":0,"name":"","oneway":false},"geometry":{"type":"LineString","coordinates":[[126.94486,37.50308],[126.94476,37.50311],[126.94469,37.50316],[126.94447,37.50333],[126.94388,37.50359],[126.94372,37.50337],[126.94368,37.5032],[126.9437,37.5031]]}},{"type":"Feature","properties":{"class":"alley","highway":"service","sidewalk":"unknown","lanes":0,"name":"장승배기로10가길","oneway":false},"geometry":{"type":"LineString","coordinates":[[126.94109,37.50192],[126.94121,37.50177],[126.94124,37.50171]]}},{"type":"Feature","properties":{"class":"minor","highway":"residential","sidewalk":"unknown","lanes":1,"name":"양녕로38길","oneway":true},"geometry":{"type":"LineString","coordinates":[[126.95064,37.50477],[126.95058,37.50478],[126.95054,37.5048],[126.95051,37.50484],[126.95051,37.50484],[126.9505,37.50499],[126.95051,37.50511],[126.95054,37.50521],[126.9506,37.50531],[126.95071,37.5055],[126.95077,37.50559],[126.95101,37.50606],[126.95105,37.50615],[126.95104,37.50622],[126.95101,37.50626],[126.95098,37.50628],[126.95096,37.5063],[126.95087,37.50632]]}},{"type":"Feature","properties":{"class":"major","highway":"primary","sidewalk":"likely","lanes":0,"name":"양녕로","oneway":true},"geometry":{"type":"LineString","coordinates":[[126.94952,37.50417],[126.94968,37.50421],[126.94983,37.50434],[126.94988,37.50438],[126.94992,37.50441],[126.95046,37.5053],[126.95092,37.50609]]}},{"type":"Feature","properties":{"class":"minor","highway":"residential","sidewalk":"unknown","lanes":0,"name":"","oneway":true},"geometry":{"type":"LineString","coordinates":[[126.95039,37.50465],[126.95045,37.50472],[126.95046,37.50475],[126.95046,37.50478],[126.95045,37.50483],[126.95042,37.50492],[126.95041,37.50506],[126.95043,37.50516],[126.95046,37.5053]]}},{"type":"Feature","properties":{"class":"minor","highway":"residential","sidewalk":"unknown","lanes":1,"name":"매봉로","oneway":true},"geometry":{"type":"LineString","coordinates":[[126.95087,37.50632],[126.9508,37.50634],[126.95075,37.50633],[126.95073,37.50633],[126.95063,37.5063],[126.95058,37.50625],[126.95055,37.5062],[126.95015,37.50538],[126.95006,37.50526],[126.94984,37.50511],[126.94978,37.50501],[126.94972,37.50483],[126.94971,37.50479]]}},{"type":"Feature","properties":{"class":"major","highway":"primary_link","sidewalk":"likely","lanes":0,"name":"","oneway":true},"geometry":{"type":"LineString","coordinates":[[126.94013,37.5051],[126.93988,37.50522],[126.93974,37.50532],[126.93961,37.50543],[126.93951,37.50555]]}},{"type":"Feature","properties":{"class":"major","highway":"primary","sidewalk":"likely","lanes":0,"name":"양녕로","oneway":true},"geometry":{"type":"LineString","coordinates":[[126.95092,37.50609],[126.95332,37.51077]]}},{"type":"Feature","properties":{"class":"alley","highway":"service","sidewalk":"unknown","lanes":0,"name":"","oneway":false},"geometry":{"type":"LineString","coordinates":[[126.94529,37.50232],[126.94517,37.50229],[126.945,37.50221],[126.94485,37.5021]]}},{"type":"Feature","properties":{"class":"major","highway":"primary","sidewalk":"likely","lanes":2,"name":"양녕로","oneway":true},"geometry":{"type":"LineString","coordinates":[[126.9507,37.50616],[126.9504,37.5056],[126.95022,37.50523],[126.95012,37.505],[126.94987,37.50455],[126.94971,37.50437],[126.94958,37.50429],[126.94952,37.50417]]}},{"type":"Feature","properties":{"class":"major","highway":"primary","sidewalk":"likely","lanes":0,"name":"양녕로","oneway":true},"geometry":{"type":"LineString","coordinates":[[126.95332,37.51077],[126.95373,37.51163],[126.95387,37.51186]]}},{"type":"Feature","properties":{"class":"major","highway":"primary","sidewalk":"likely","lanes":0,"name":"양녕로","oneway":true},"geometry":{"type":"LineString","coordinates":[[126.95312,37.51085],[126.9507,37.50616]]}},{"type":"Feature","properties":{"class":"major","highway":"primary","sidewalk":"likely","lanes":0,"name":"양녕로","oneway":true},"geometry":{"type":"LineString","coordinates":[[126.95432,37.5126],[126.9541,37.51242],[126.95384,37.51215],[126.95353,37.51162],[126.95312,37.51085]]}},{"type":"Feature","properties":{"class":"major","highway":"secondary","sidewalk":"likely","lanes":0,"name":"장승배기로","oneway":false},"geometry":{"type":"LineString","coordinates":[[126.9441,37.4991],[126.94376,37.49931],[126.94305,37.4998],[126.94275,37.50001],[126.94205,37.50048],[126.94174,37.5007]]}},{"type":"Feature","properties":{"class":"major","highway":"primary","sidewalk":"likely","lanes":0,"name":"상도로","oneway":false},"geometry":{"type":"LineString","coordinates":[[126.93936,37.50504],[126.93942,37.50505],[126.93948,37.50506],[126.93955,37.50507],[126.93961,37.50507],[126.93964,37.50507],[126.93982,37.50508],[126.94013,37.5051]]}},{"type":"Feature","properties":{"class":"major","highway":"primary","sidewalk":"likely","lanes":0,"name":"상도로","oneway":false},"geometry":{"type":"LineString","coordinates":[[126.94623,37.50478],[126.94596,37.50487],[126.94508,37.50513],[126.9449,37.50516],[126.94473,37.50519],[126.94454,37.50521],[126.94436,37.50522],[126.94419,37.50522],[126.94407,37.50522],[126.94395,37.50522]]}},{"type":"Feature","properties":{"class":"major","highway":"primary_link","sidewalk":"likely","lanes":8,"name":"","oneway":true},"geometry":{"type":"LineString","coordinates":[[126.95872,37.51239],[126.9582,37.51269],[126.95714,37.51322]]}},{"type":"Feature","properties":{"class":"major","highway":"primary_link","sidewalk":"likely","lanes":8,"name":"","oneway":true},"geometry":{"type":"LineString","coordinates":[[126.95622,37.51365],[126.95616,37.51365],[126.95608,37.51361],[126.95592,37.51352],[126.95568,37.51347]]}},{"type":"Feature","properties":{"class":"major","highway":"primary","sidewalk":"likely","lanes":1,"name":"노량진로","oneway":true},"geometry":{"type":"LineString","coordinates":[[126.95516,37.51311],[126.95482,37.51298],[126.95456,37.51288],[126.95431,37.51282],[126.95409,37.51278],[126.95356,37.51275]]}},{"type":"Feature","properties":{"class":"major","highway":"primary","sidewalk":"likely","lanes":0,"name":"노량진로","oneway":true},"geometry":{"type":"LineString","coordinates":[[126.94021,37.51346],[126.94034,37.51347],[126.94051,37.51349],[126.94154,37.51356],[126.942,37.51358],[126.94249,37.51361]]}},{"type":"Feature","properties":{"class":"major","highway":"primary","sidewalk":"likely","lanes":0,"name":"양녕로","oneway":true},"geometry":{"type":"LineString","coordinates":[[126.95459,37.51263],[126.95483,37.51271],[126.95501,37.5128],[126.95524,37.51293],[126.95556,37.51313]]}},{"type":"Feature","properties":{"class":"major","highway":"primary","sidewalk":"likely","lanes":0,"name":"양녕로","oneway":true},"geometry":{"type":"LineString","coordinates":[[126.95568,37.51347],[126.95555,37.51337],[126.95516,37.51311]]}},{"type":"Feature","properties":{"class":"major","highway":"primary","sidewalk":"likely","lanes":0,"name":"노량진로","oneway":true},"geometry":{"type":"LineString","coordinates":[[126.94662,37.51341],[126.9479,37.51313]]}},{"type":"Feature","properties":{"class":"major","highway":"primary","sidewalk":"likely","lanes":2,"name":"상도로","oneway":true},"geometry":{"type":"LineString","coordinates":[[126.9481,37.50279],[126.94783,37.50312],[126.94775,37.50314]]}},{"type":"Feature","properties":{"class":"major","highway":"primary","sidewalk":"likely","lanes":8,"name":"현충로","oneway":true},"geometry":{"type":"LineString","coordinates":[[126.95734,37.51297],[126.95815,37.51256],[126.95849,37.5124],[126.95862,37.51234],[126.95982,37.51202],[126.96008,37.51195],[126.96035,37.51187],[126.96077,37.51169],[126.961,37.51156],[126.96124,37.51143],[126.9615,37.51122],[126.96183,37.51093],[126.96237,37.51035],[126.96296,37.50964],[126.96308,37.5095],[126.96334,37.5092],[126.96383,37.50865]]}},{"type":"Feature","properties":{"class":"major","highway":"primary","sidewalk":"likely","lanes":0,"name":"상도로","oneway":false},"geometry":{"type":"LineString","coordinates":[[126.9477,37.50321],[126.94742,37.50356],[126.94726,37.50374],[126.94692,37.50411],[126.94659,37.50447],[126.94638,37.50471]]}},{"type":"Feature","properties":{"class":"major","highway":"trunk","sidewalk":"likely","lanes":4,"name":"올림픽대로","oneway":true},"geometry":{"type":"LineString","coordinates":[[126.95275,37.51512],[126.95397,37.5148],[126.95446,37.51466],[126.95499,37.51449],[126.95595,37.5142],[126.95671,37.51394],[126.95719,37.51376],[126.95779,37.51352],[126.95838,37.51328],[126.95899,37.51301],[126.9596,37.51272],[126.95989,37.51257],[126.96023,37.51242],[126.96129,37.51188],[126.96175,37.51162],[126.96215,37.5114],[126.96244,37.51123],[126.96359,37.5106],[126.96419,37.51026],[126.96478,37.50991],[126.96656,37.50904],[126.96799,37.50846],[126.97055,37.50763],[126.9714,37.50725],[126.97217,37.50684],[126.97314,37.5062]]}},{"type":"Feature","properties":{"class":"major","highway":"trunk","sidewalk":"likely","lanes":4,"name":"올림픽대로","oneway":true},"geometry":{"type":"LineString","coordinates":[[126.97335,37.50639],[126.97295,37.50665],[126.97261,37.50686],[126.97242,37.50697],[126.97215,37.50712],[126.97168,37.50737],[126.9711,37.50762],[126.97053,37.50785],[126.96995,37.50806],[126.9689,37.5084],[126.96719,37.50905],[126.96606,37.50956],[126.96493,37.51011],[126.96363,37.51081],[126.96181,37.51185],[126.96143,37.51207],[126.96101,37.51228],[126.96032,37.51264],[126.95911,37.51322],[126.95752,37.51386],[126.95653,37.51421],[126.95501,37.5147],[126.9541,37.51498],[126.95284,37.5153]]}},{"type":"Feature","properties":{"class":"major","highway":"trunk","sidewalk":"likely","lanes":4,"name":"올림픽대로","oneway":true},"geometry":{"type":"LineString","coordinates":[[126.95284,37.5153],[126.95098,37.51585],[126.95032,37.5161],[126.95021,37.51616],[126.94948,37.51649],[126.94873,37.51693],[126.94795,37.51727],[126.94737,37.51744],[126.94678,37.51757],[126.94643,37.51763],[126.94605,37.51767],[126.94573,37.51768],[126.94541,37.51767],[126.94506,37.51765],[126.9447,37.51761],[126.94429,37.51755],[126.94386,37.51748],[126.93534,37.51593]]}},{"type":"Feature","properties":{"class":"major","highway":"tertiary","sidewalk":"likely","lanes":0,"name":"성대로","oneway":false},"geometry":{"type":"LineString","coordinates":[[126.94174,37.5007],[126.94153,37.50054],[126.94124,37.50026],[126.94119,37.50022],[126.94112,37.50015],[126.94089,37.49992],[126.94067,37.49975],[126.94044,37.49952],[126.94032,37.49941],[126.94008,37.49918],[126.93997,37.49906],[126.93952,37.49874],[126.93938,37.49866],[126.93915,37.49856],[126.93855,37.49839],[126.93833,37.49833],[126.93804,37.49828],[126.93765,37.4982],[126.93759,37.49819],[126.93742,37.49816]]}},{"type":"Feature","properties":{"class":"minor","highway":"residential","sidewalk":"unknown","lanes":0,"name":"만양로3길","oneway":false},"geometry":{"type":"LineString","coordinates":[[126.94143,37.50517],[126.94129,37.50591],[126.94197,37.50653],[126.94307,37.50753],[126.94327,37.50788],[126.94338,37.50807],[126.94376,37.50838],[126.94388,37.50842],[126.9446,37.50848],[126.94467,37.50848],[126.94505,37.50841],[126.94515,37.50838],[126.94529,37.5083],[126.94544,37.50821],[126.94556,37.50811],[126.94565,37.50809],[126.94662,37.50811],[126.94668,37.50809],[126.94781,37.50725],[126.94789,37.50722],[126.94807,37.5072]]}},{"type":"Feature","properties":{"class":"minor","highway":"residential","sidewalk":"unknown","lanes":0,"name":"만양로4길","oneway":false},"geometry":{"type":"LineString","coordinates":[[126.94808,37.50728],[126.94821,37.50732],[126.94862,37.5076],[126.94871,37.50775],[126.94869,37.508],[126.94863,37.5084],[126.94868,37.50847],[126.94878,37.50851],[126.94903,37.50857],[126.94933,37.50851],[126.95044,37.5081],[126.95049,37.50809],[126.95088,37.50799],[126.95153,37.50808]]}},{"type":"Feature","properties":{"class":"major","highway":"tertiary","sidewalk":"likely","lanes":0,"name":"매봉로","oneway":false},"geometry":{"type":"LineString","coordinates":[[126.95098,37.5065],[126.95153,37.50688],[126.95171,37.50711],[126.9518,37.50732],[126.95172,37.50756],[126.95161,37.5078],[126.95159,37.50784],[126.95152,37.50803],[126.95153,37.50808]]}},{"type":"Feature","properties":{"class":"minor","highway":"residential","sidewalk":"unknown","lanes":1,"name":"강남초등길","oneway":true},"geometry":{"type":"LineString","coordinates":[[126.9518,37.50732],[126.95191,37.50719],[126.95203,37.50693],[126.95206,37.5067],[126.9521,37.5065],[126.95218,37.50608],[126.95225,37.50573],[126.95227,37.50561],[126.95226,37.5055],[126.95224,37.50539],[126.9522,37.50526],[126.95207,37.50498],[126.95199,37.50489]]}},{"type":"Feature","properties":{"class":"major","highway":"tertiary","sidewalk":"likely","lanes":2,"name":"상도로53길","oneway":false},"geometry":{"type":"LineString","coordinates":[[126.95361,37.505],[126.95361,37.50481],[126.95361,37.50451],[126.95364,37.50435],[126.95369,37.50423],[126.95375,37.50413],[126.95379,37.50409],[126.95384,37.50405],[126.95438,37.50375],[126.95442,37.50372],[126.95448,37.50367],[126.95451,37.50363],[126.95454,37.50358],[126.95457,37.50352],[126.95459,37.50341],[126.95459,37.50332],[126.95455,37.50322],[126.95448,37.50313],[126.95438,37.50303],[126.95428,37.50295],[126.95369,37.50262],[126.95357,37.50252],[126.95351,37.50237],[126.95353,37.50214],[126.95359,37.5017],[126.95362,37.50119],[126.95363,37.50116],[126.95372,37.50083],[126.95376,37.50042],[126.95378,37.50017],[126.95367,37.49971],[126.95362,37.49958],[126.95352,37.49945],[126.95313,37.49905],[126.95303,37.4989],[126.95301,37.49875],[126.95305,37.49861],[126.95308,37.49857],[126.95314,37.49848],[126.95332,37.49828],[126.95334,37.49823],[126.95336,37.49816],[126.95335,37.49811],[126.95335,37.49807],[126.95333,37.49805],[126.95329,37.49798],[126.95319,37.49789],[126.95308,37.49782],[126.95278,37.49766],[126.95261,37.49758]]}},{"type":"Feature","properties":{"class":"alley","highway":"service","sidewalk":"unknown","lanes":0,"name":"성대로37길","oneway":false},"geometry":{"type":"LineString","coordinates":[[126.93725,37.50178],[126.93761,37.50176],[126.93767,37.50174],[126.93778,37.5017],[126.93783,37.50165],[126.93785,37.50152],[126.93854,37.50106],[126.93882,37.50084],[126.939,37.50073],[126.93917,37.50062],[126.93928,37.50054],[126.93936,37.5005],[126.93941,37.50048],[126.93953,37.50048],[126.93979,37.50046],[126.93982,37.50045],[126.93995,37.50042],[126.94007,37.50038],[126.94028,37.50031],[126.94032,37.5003],[126.94057,37.50027],[126.94084,37.50022],[126.94119,37.50022]]}},{"type":"Feature","properties":{"class":"alley","highway":"service","sidewalk":"unknown","lanes":0,"name":"장승배기로10가길","oneway":false},"geometry":{"type":"LineString","coordinates":[[126.94005,37.5036],[126.94008,37.5035],[126.94019,37.50314],[126.94027,37.50279],[126.94029,37.50274],[126.94051,37.50229],[126.94054,37.50225],[126.94062,37.50219],[126.94081,37.50205],[126.94109,37.50192]]}},{"type":"Feature","properties":{"class":"alley","highway":"service","sidewalk":"unknown","lanes":0,"name":"","oneway":false},"geometry":{"type":"LineString","coordinates":[[126.94008,37.5035],[126.93964,37.50339]]}},{"type":"Feature","properties":{"class":"major","highway":"secondary","sidewalk":"likely","lanes":0,"name":"양녕로","oneway":false},"geometry":{"type":"LineString","coordinates":[[126.94665,37.50259],[126.94644,37.50245],[126.94631,37.50237],[126.94618,37.50225],[126.94603,37.50211],[126.94591,37.50196]]}},{"type":"Feature","properties":{"class":"major","highway":"secondary","sidewalk":"likely","lanes":0,"name":"양녕로","oneway":false},"geometry":{"type":"LineString","coordinates":[[126.94591,37.50196],[126.94574,37.50172],[126.94568,37.50162]]}},{"type":"Feature","properties":{"class":"alley","highway":"service","sidewalk":"unknown","lanes":0,"name":"상도로41다길","oneway":false},"geometry":{"type":"LineString","coordinates":[[126.95023,37.50251],[126.95089,37.50275],[126.9509,37.50276],[126.95131,37.50296],[126.9514,37.50303],[126.95151,37.50315],[126.95155,37.50319],[126.95159,37.50321],[126.95173,37.50325],[126.95185,37.50328]]}},{"type":"Feature","properties":{"class":"alley","highway":"service","sidewalk":"unknown","lanes":0,"name":"상도로45길","oneway":false},"geometry":{"type":"LineString","coordinates":[[126.95296,37.50335],[126.953,37.503],[126.95303,37.50266],[126.95305,37.50229],[126.95307,37.50209],[126.95311,37.50187],[126.95313,37.50166],[126.95306,37.50162],[126.95226,37.50118],[126.95153,37.50077],[126.95124,37.5006],[126.95084,37.50038],[126.95044,37.50016],[126.9504,37.50013]]}},{"type":"Feature","properties":{"class":"minor","highway":"residential","sidewalk":"unknown","lanes":0,"name":"상도로41길","oneway":false},"geometry":{"type":"LineString","coordinates":[[126.9519,37.50282],[126.95173,37.50263],[126.95163,37.50257],[126.95111,37.50237],[126.95025,37.50202],[126.95009,37.50192],[126.94994,37.50184],[126.94968,37.5017],[126.94927,37.50147]]}},{"type":"Feature","properties":{"class":"minor","highway":"residential","sidewalk":"unknown","lanes":0,"name":"상도로41가길","oneway":false},"geometry":{"type":"LineString","coordinates":[[126.95026,37.50457],[126.9503,37.50449],[126.95031,37.50441],[126.9503,37.50414],[126.95029,37.50384],[126.95028,37.50365],[126.95026,37.50334],[126.95026,37.50296],[126.95023,37.50251],[126.95023,37.50224],[126.95023,37.50205],[126.95025,37.50202]]}},{"type":"Feature","properties":{"class":"alley","highway":"service","sidewalk":"unknown","lanes":0,"name":"상도로37길","oneway":false},"geometry":{"type":"LineString","coordinates":[[126.94824,37.50335],[126.9483,37.50328],[126.94878,37.50274],[126.94928,37.50216],[126.94968,37.5017],[126.95025,37.50105],[126.95084,37.50038],[126.95143,37.4997],[126.95202,37.49903],[126.95237,37.49863],[126.95241,37.49858],[126.95298,37.49793],[126.95308,37.49782],[126.95334,37.49751],[126.95365,37.49716]]}},{"type":"Feature","properties":{"class":"major","highway":"primary_link","sidewalk":"likely","lanes":2,"name":"","oneway":true},"geometry":{"type":"LineString","coordinates":[[126.9481,37.50279],[126.94808,37.50286],[126.94807,37.50292],[126.94807,37.50297],[126.94807,37.50303],[126.94808,37.50309],[126.94809,37.50314],[126.9481,37.50317],[126.94812,37.50321],[126.94815,37.50325],[126.9482,37.50331],[126.94824,37.50335],[126.94847,37.50351],[126.94866,37.50369]]}},{"type":"Feature","properties":{"class":"alley","highway":"service","sidewalk":"unknown","lanes":0,"name":"상도로47길","oneway":false},"geometry":{"type":"LineString","coordinates":[[126.95153,37.50077],[126.95186,37.50046],[126.95194,37.50042],[126.95208,37.50039]]}},{"type":"Feature","properties":{"class":"alley","highway":"service","sidewalk":"unknown","lanes":0,"name":"","oneway":false},"geometry":{"type":"LineString","coordinates":[[126.94957,37.5001],[126.94963,37.50012],[126.94989,37.50023],[126.95006,37.50032]]}},{"type":"Feature","properties":{"class":"alley","highway":"service","sidewalk":"unknown","lanes":0,"name":"상도로38다길","oneway":false},"geometry":{"type":"LineString","coordinates":[[126.94832,37.50077],[126.9483,37.50072],[126.94827,37.50068],[126.94825,37.50065],[126.94825,37.50062],[126.94829,37.5005],[126.94833,37.50037],[126.94839,37.50028],[126.94853,37.50014],[126.94857,37.50008],[126.94862,37.50001],[126.94866,37.49997],[126.9487,37.4999],[126.94867,37.49988],[126.94843,37.49978],[126.94828,37.49978],[126.94822,37.49978],[126.9481,37.49977],[126.94803,37.49976],[126.94797,37.49978],[126.94789,37.4998],[126.94784,37.49983]]}},{"type":"Feature","properties":{"class":"alley","highway":"service","sidewalk":"unknown","lanes":0,"name":"상도로47가길","oneway":false},"geometry":{"type":"LineString","coordinates":[[126.95009,37.50192],[126.95065,37.50127]]}},{"type":"Feature","properties":{"class":"alley","highway":"service","sidewalk":"unknown","lanes":0,"name":"양녕로","oneway":false},"geometry":{"type":"LineString","coordinates":[[126.9492,37.504],[126.94937,37.50387],[126.94938,37.50387],[126.94946,37.50382],[126.94976,37.50371],[126.95008,37.50365],[126.95028,37.50365]]}},{"type":"Feature","properties":{"class":"alley","highway":"service","sidewalk":"unknown","lanes":0,"name":"상도로39길","oneway":false},"geometry":{"type":"LineString","coordinates":[[126.95026,37.50296],[126.95,37.50297],[126.94987,37.50303],[126.94946,37.50321],[126.94937,37.50327],[126.94925,37.50338],[126.94914,37.50336],[126.94905,37.50331],[126.94888,37.50322],[126.94886,37.50318],[126.94886,37.50311],[126.94905,37.50289]]}},{"type":"Feature","properties":{"class":"alley","highway":"service","sidewalk":"unknown","lanes":0,"name":"상도로53길","oneway":false},"geometry":{"type":"LineString","coordinates":[[126.95301,37.5009],[126.95339,37.50104],[126.95363,37.50116]]}},{"type":"Feature","properties":{"class":"alley","highway":"service","sidewalk":"unknown","lanes":0,"name":"상도로47다길","oneway":false},"geometry":{"type":"LineString","coordinates":[[126.95313,37.50166],[126.95311,37.50143],[126.95311,37.50133],[126.95306,37.50123],[126.95296,37.50114],[126.95284,37.50104],[126.95301,37.5009],[126.95316,37.50073],[126.95323,37.50063],[126.95323,37.50052],[126.95318,37.50038]]}},{"type":"Feature","properties":{"class":"alley","highway":"service","sidewalk":"unknown","lanes":0,"name":"","oneway":false},"geometry":{"type":"LineString","coordinates":[[126.94355,37.50674],[126.94361,37.50675],[126.94387,37.50696],[126.9439,37.50703],[126.94399,37.50715],[126.94411,37.50725],[126.94432,37.50735],[126.94453,37.50735],[126.94471,37.50728],[126.94489,37.5071],[126.94504,37.50706],[126.9457,37.50711],[126.94593,37.50723],[126.94615,37.50739]]}},{"type":"Feature","properties":{"class":"alley","highway":"service","sidewalk":"unknown","lanes":0,"name":"양녕로29길","oneway":false},"geometry":{"type":"LineString","coordinates":[[126.94389,37.49878],[126.94378,37.49884],[126.94308,37.49933],[126.94278,37.49954],[126.94246,37.49979],[126.94202,37.49991],[126.94153,37.50006],[126.94112,37.50015]]}},{"type":"Feature","properties":{"class":"alley","highway":"service","sidewalk":"unknown","lanes":0,"name":"장승배기로1길","oneway":false},"geometry":{"type":"LineString","coordinates":[[126.94275,37.50001],[126.94268,37.49994],[126.94251,37.49995],[126.94208,37.50008],[126.94153,37.50026],[126.94124,37.50026]]}},{"type":"Feature","properties":{"class":"alley","highway":"service","sidewalk":"unknown","lanes":0,"name":"","oneway":false},"geometry":{"type":"LineString","coordinates":[[126.94115,37.50251],[126.94137,37.50251],[126.94159,37.50245],[126.94176,37.50248],[126.9426,37.50229]]}},{"type":"Feature","properties":{"class":"alley","highway":"service","sidewalk":"unknown","lanes":0,"name":"상도로47바길","oneway":false},"geometry":{"type":"LineString","coordinates":[[126.95185,37.50328],[126.95296,37.50335],[126.95345,37.50335],[126.95351,37.50337],[126.95356,37.50339],[126.95377,37.50364],[126.95349,37.50375],[126.95314,37.50385],[126.95271,37.50373]]}},{"type":"Feature","properties":{"class":"alley","highway":"service","sidewalk":"unknown","lanes":0,"name":"","oneway":false},"geometry":{"type":"LineString","coordinates":[[126.95349,37.50375],[126.95384,37.50405]]}},{"type":"Feature","properties":{"class":"alley","highway":"service","sidewalk":"unknown","lanes":0,"name":"상도로47아길","oneway":false},"geometry":{"type":"LineString","coordinates":[[126.95379,37.50409],[126.95362,37.50406],[126.95354,37.50404],[126.95343,37.50405],[126.95332,37.50411],[126.95323,37.50422],[126.95321,37.50435],[126.95318,37.50462],[126.95317,37.5047],[126.9532,37.50474],[126.95345,37.50482],[126.95361,37.50481]]}},{"type":"Feature","properties":{"class":"alley","highway":"service","sidewalk":"unknown","lanes":0,"name":"상도로41마길","oneway":false},"geometry":{"type":"LineString","coordinates":[[126.94983,37.50434],[126.94994,37.50424],[126.95011,37.50418],[126.9503,37.50414],[126.95052,37.50415],[126.95078,37.50424],[126.95092,37.50435],[126.95102,37.50446],[126.95109,37.50462],[126.9511,37.50472],[126.95109,37.5048]]}},{"type":"Feature","properties":{"class":"minor","highway":"residential","sidewalk":"unknown","lanes":0,"name":"매봉로6길","oneway":false},"geometry":{"type":"LineString","coordinates":[[126.95153,37.50808],[126.9516,37.50814],[126.95183,37.50817],[126.95197,37.50822],[126.95209,37.50831],[126.95227,37.50859],[126.95237,37.50864],[126.95268,37.50875],[126.95276,37.50878]]}},{"type":"Feature","properties":{"class":"minor","highway":"residential","sidewalk":"unknown","lanes":0,"name":"노량진로32길","oneway":false},"geometry":{"type":"LineString","coordinates":[[126.95328,37.51062],[126.95323,37.51052],[126.95314,37.51035],[126.95318,37.51026],[126.95318,37.51013],[126.95311,37.50999],[126.95311,37.50995],[126.95315,37.50989],[126.9534,37.50967],[126.95353,37.50954],[126.95373,37.50923],[126.9538,37.50916],[126.95393,37.50915],[126.95484,37.50928]]}},{"type":"Feature","properties":{"class":"minor","highway":"residential","sidewalk":"unknown","lanes":0,"name":"노량진로24길","oneway":true},"geometry":{"type":"LineString","coordinates":[[126.9541,37.51242],[126.95383,37.51229],[126.95372,37.51223],[126.9534,37.51167],[126.95328,37.51141],[126.95315,37.51117],[126.95307,37.51103],[126.95298,37.51086],[126.95298,37.51082],[126.95301,37.51079],[126.95308,37.51074],[126.9532,37.51067],[126.95328,37.51062]]}},{"type":"Feature","properties":{"class":"minor","highway":"residential","sidewalk":"unknown","lanes":0,"name":"흑석로9길","oneway":false},"geometry":{"type":"LineString","coordinates":[[126.95565,37.50965],[126.95582,37.50947],[126.95588,37.50941],[126.95608,37.50931],[126.95617,37.50926],[126.95634,37.50907],[126.95641,37.50901],[126.95651,37.5089],[126.95664,37.50878],[126.9568,37.50869],[126.95686,37.50865],[126.95711,37.5086],[126.95721,37.5086],[126.95732,37.50861],[126.95807,37.50806],[126.95865,37.50795],[126.9588,37.50787],[126.95889,37.50784],[126.9591,37.50779],[126.95937,37.50776],[126.95952,37.50774],[126.95974,37.5077],[126.96013,37.50754],[126.96017,37.5075]]}},{"type":"Feature","properties":{"class":"alley","highway":"service","sidewalk":"unknown","lanes":0,"name":"흑석로5길","oneway":false},"geometry":{"type":"LineString","coordinates":[[126.95894,37.51017],[126.95896,37.51008],[126.9591,37.5096],[126.95907,37.50954],[126.95875,37.5094],[126.95867,37.5093],[126.95867,37.5091],[126.95831,37.50905],[126.95781,37.50902],[126.9573,37.50897],[126.95703,37.50889],[126.9568,37.50869],[126.95673,37.50867],[126.9565,37.50848],[126.9565,37.50829],[126.95659,37.50814],[126.95676,37.50798],[126.95682,37.50769],[126.95688,37.50738],[126.95705,37.50689],[126.95708,37.50661],[126.9571,37.50653]]}},{"type":"Feature","properties":{"class":"minor","highway":"residential","sidewalk":"unknown","lanes":0,"name":"흑석로13길","oneway":false},"geometry":{"type":"LineString","coordinates":[[126.95894,37.51017],[126.95912,37.51011],[126.96004,37.50969]]}},{"type":"Feature","properties":{"class":"alley","highway":"service","sidewalk":"unknown","lanes":0,"name":"흑석로13마길","oneway":false},"geometry":{"type":"LineString","coordinates":[[126.96004,37.50969],[126.95981,37.50945],[126.95956,37.50926],[126.95972,37.50884],[126.95972,37.50878],[126.95964,37.50858],[126.95961,37.50854]]}},{"type":"Feature","properties":{"class":"minor","highway":"residential","sidewalk":"unknown","lanes":0,"name":"서달로1길","oneway":true},"geometry":{"type":"LineString","coordinates":[[126.96029,37.50097],[126.96025,37.50094],[126.96017,37.5009],[126.95992,37.50015],[126.95991,37.49965],[126.95991,37.49932],[126.96001,37.49917]]}},{"type":"Feature","properties":{"class":"major","highway":"tertiary_link","sidewalk":"likely","lanes":0,"name":"","oneway":true},"geometry":{"type":"LineString","coordinates":[[126.9432,37.51607],[126.94325,37.51619]]}},{"type":"Feature","properties":{"class":"major","highway":"primary_link","sidewalk":"likely","lanes":0,"name":"","oneway":true},"geometry":{"type":"LineString","coordinates":[[126.94299,37.51614],[126.94325,37.51619],[126.94388,37.51629],[126.94446,37.5164],[126.945,37.51651],[126.94552,37.51661],[126.94581,37.51664],[126.9461,37.51667],[126.94633,37.51667],[126.94648,37.51666],[126.9466,37.51666],[126.94736,37.51662]]}},{"type":"Feature","properties":{"class":"major","highway":"primary_link","sidewalk":"likely","lanes":0,"name":"","oneway":true},"geometry":{"type":"LineString","coordinates":[[126.94737,37.5167],[126.94688,37.51683],[126.94649,37.51687],[126.94597,37.51686],[126.94579,37.51685],[126.94494,37.51677],[126.94126,37.51633]]}},{"type":"Feature","properties":{"class":"major","highway":"trunk_link","sidewalk":"likely","lanes":0,"name":"","oneway":true},"geometry":{"type":"LineString","coordinates":[[126.94579,37.51685],[126.9456,37.51689],[126.9455,37.51694],[126.94544,37.51702],[126.94543,37.5171],[126.94545,37.51718],[126.94549,37.51725],[126.94556,37.51731],[126.94592,37.51736]]}},{"type":"Feature","properties":{"class":"major","highway":"trunk_link","sidewalk":"likely","lanes":0,"name":"","oneway":true},"geometry":{"type":"LineString","coordinates":[[126.94501,37.51736],[126.94521,37.51728],[126.94529,37.51721],[126.94533,37.51712],[126.94533,37.51703],[126.94529,37.51693],[126.9452,37.51686],[126.9451,37.51681],[126.94494,37.51677]]}},{"type":"Feature","properties":{"class":"major","highway":"primary_link","sidewalk":"likely","lanes":0,"name":"","oneway":true},"geometry":{"type":"LineString","coordinates":[[126.9518,37.51455],[126.95182,37.51456],[126.95188,37.51467],[126.95193,37.51472],[126.95211,37.51478],[126.95226,37.51479],[126.95255,37.51478]]}},{"type":"Feature","properties":{"class":"major","highway":"tertiary","sidewalk":"likely","lanes":0,"name":"노량진로23길","oneway":false},"geometry":{"type":"LineString","coordinates":[[126.95229,37.51278],[126.95228,37.51289],[126.95196,37.51388],[126.95185,37.51437],[126.9518,37.51455]]}},{"type":"Feature","properties":{"class":"alley","highway":"service","sidewalk":"unknown","lanes":0,"name":"","oneway":false},"geometry":{"type":"LineString","coordinates":[[126.94615,37.50739],[126.94665,37.50708],[126.94681,37.50702],[126.94701,37.50693],[126.94707,37.50687],[126.94712,37.50676],[126.94728,37.50641],[126.94734,37.50637],[126.94742,37.50636]]}},{"type":"Feature","properties":{"class":"alley","highway":"service","sidewalk":"unknown","lanes":0,"name":"상도로","oneway":false},"geometry":{"type":"LineString","coordinates":[[126.94786,37.50405],[126.94781,37.5041],[126.94729,37.5043],[126.94716,37.50438],[126.94698,37.50445],[126.9467,37.50453]]}},{"type":"Feature","properties":{"class":"alley","highway":"service","sidewalk":"unknown","lanes":0,"name":"","oneway":false},"geometry":{"type":"LineString","coordinates":[[126.94659,37.50447],[126.9467,37.50453]]}},{"type":"Feature","properties":{"class":"alley","highway":"service","sidewalk":"unknown","lanes":0,"name":"상도로31길","oneway":false},"geometry":{"type":"LineString","coordinates":[[126.94627,37.5049],[126.94616,37.50495],[126.94612,37.50499],[126.94582,37.50547],[126.94576,37.50557],[126.94573,37.50573],[126.9457,37.50595],[126.94568,37.5062],[126.94568,37.50627],[126.94572,37.50639],[126.94594,37.50669]]}},{"type":"Feature","properties":{"class":"alley","highway":"service","sidewalk":"unknown","lanes":0,"name":"","oneway":false},"geometry":{"type":"LineString","coordinates":[[126.94475,37.50602],[126.9446,37.50606],[126.94405,37.50605],[126.94369,37.50605],[126.9432,37.50604],[126.94316,37.50602],[126.94317,37.50591]]}},{"type":"Feature","properties":{"class":"alley","highway":"service","sidewalk":"unknown","lanes":0,"name":"","oneway":false},"geometry":{"type":"LineString","coordinates":[[126.9432,37.50604],[126.9432,37.5061],[126.94321,37.50618],[126.94327,37.50625],[126.94355,37.5064],[126.94386,37.50652],[126.94415,37.50657],[126.94431,37.50657],[126.94448,37.50649],[126.94461,37.50639]]}},{"type":"Feature","properties":{"class":"alley","highway":"service","sidewalk":"unknown","lanes":0,"name":"","oneway":false},"geometry":{"type":"LineString","coordinates":[[126.94715,37.51341],[126.94719,37.5135],[126.94719,37.51353],[126.94748,37.51349],[126.94776,37.51351],[126.9481,37.51345],[126.94856,37.5135],[126.94859,37.51351],[126.94865,37.51355],[126.94873,37.51364],[126.94875,37.51371],[126.94876,37.51379],[126.94877,37.51381],[126.94905,37.51384],[126.94912,37.51384],[126.94949,37.51384],[126.94963,37.51389],[126.94967,37.51397]]}},{"type":"Feature","properties":{"class":"alley","highway":"service","sidewalk":"unknown","lanes":0,"name":"","oneway":false},"geometry":{"type":"LineString","coordinates":[[126.94859,37.51351],[126.94893,37.51348]]}},{"type":"Feature","properties":{"class":"alley","highway":"service","sidewalk":"unknown","lanes":0,"name":"","oneway":false},"geometry":{"type":"LineString","coordinates":[[126.94912,37.51384],[126.94911,37.51391],[126.94903,37.51396],[126.94862,37.51392],[126.94838,37.51393]]}},{"type":"Feature","properties":{"class":"alley","highway":"service","sidewalk":"unknown","lanes":0,"name":"","oneway":false},"geometry":{"type":"LineString","coordinates":[[126.95847,37.50689],[126.95851,37.50682],[126.9585,37.50624],[126.95851,37.5062],[126.95855,37.50616],[126.95859,37.50616]]}},{"type":"Feature","properties":{"class":"minor","highway":"residential","sidewalk":"unknown","lanes":0,"name":"흑석로6길","oneway":false},"geometry":{"type":"LineString","coordinates":[[126.9571,37.50653],[126.95713,37.50645],[126.95712,37.50605],[126.95718,37.5059]]}},{"type":"Feature","properties":{"class":"alley","highway":"service","sidewalk":"unknown","lanes":0,"name":"","oneway":false},"geometry":{"type":"LineString","coordinates":[[126.95718,37.5059],[126.95742,37.50579],[126.95761,37.50561],[126.9583,37.50542],[126.95859,37.50535],[126.9587,37.50528],[126.95869,37.50517],[126.95849,37.50484],[126.95822,37.5044],[126.95814,37.50436],[126.95785,37.50441],[126.95772,37.50443],[126.95762,37.50436],[126.95762,37.50395],[126.95738,37.50379],[126.95738,37.50378],[126.95739,37.50345],[126.95739,37.50337],[126.95739,37.503],[126.95731,37.5029],[126.95688,37.50286],[126.95621,37.50287],[126.95596,37.50281],[126.95567,37.50293],[126.95554,37.50298],[126.95536,37.5031],[126.95533,37.50321],[126.95533,37.50375],[126.95528,37.50381],[126.95492,37.5039],[126.95462,37.50403],[126.95405,37.50432],[126.95403,37.50441],[126.95417,37.50474],[126.9542,37.50485],[126.95375,37.50502]]}},{"type":"Feature","properties":{"class":"major","highway":"secondary","sidewalk":"likely","lanes":0,"name":"양녕로","oneway":false},"geometry":{"type":"LineString","coordinates":[[126.94488,37.50033],[126.94431,37.49942],[126.94423,37.49927],[126.9441,37.4991]]}},{"type":"Feature","properties":{"class":"major","highway":"secondary","sidewalk":"likely","lanes":0,"name":"양녕로","oneway":false},"geometry":{"type":"LineString","coordinates":[[126.94529,37.50099],[126.94488,37.50033]]}},{"type":"Feature","properties":{"class":"major","highway":"tertiary_link","sidewalk":"likely","lanes":0,"name":"","oneway":true},"geometry":{"type":"LineString","coordinates":[[126.94299,37.51614],[126.94311,37.51612],[126.94315,37.51611],[126.9432,37.51607]]}},{"type":"Feature","properties":{"class":"minor","highway":"residential","sidewalk":"unknown","lanes":0,"name":"만양로12길","oneway":false},"geometry":{"type":"LineString","coordinates":[[126.94903,37.50857],[126.94882,37.50921],[126.9488,37.50944],[126.94878,37.50949],[126.94873,37.50961],[126.94867,37.50962],[126.94853,37.50968],[126.94849,37.50975],[126.94828,37.51057],[126.94822,37.51063],[126.94785,37.51071],[126.9472,37.51075],[126.94696,37.51071],[126.94665,37.51062],[126.94661,37.5106],[126.94655,37.51057],[126.94618,37.51038],[126.94622,37.51025],[126.94624,37.51017],[126.94599,37.50998],[126.9458,37.50984],[126.94554,37.50965]]}},{"type":"Feature","properties":{"class":"alley","highway":"service","sidewalk":"unknown","lanes":0,"name":"","oneway":false},"geometry":{"type":"LineString","coordinates":[[126.9488,37.50944],[126.94989,37.50922],[126.95057,37.50907],[126.95068,37.50902],[126.95076,37.50898],[126.95085,37.50895],[126.95091,37.50896],[126.95104,37.50902]]}},{"type":"Feature","properties":{"class":"alley","highway":"service","sidewalk":"unknown","lanes":0,"name":"","oneway":false},"geometry":{"type":"LineString","coordinates":[[126.94873,37.50961],[126.9489,37.50958],[126.95054,37.5092],[126.95076,37.50923]]}},{"type":"Feature","properties":{"class":"major","highway":"tertiary","sidewalk":"likely","lanes":0,"name":"","oneway":false},"geometry":{"type":"LineString","coordinates":[[126.94411,37.5153],[126.94363,37.51571],[126.9432,37.51607]]}},{"type":"Feature","properties":{"class":"major","highway":"tertiary","sidewalk":"likely","lanes":0,"name":"노량진로17길","oneway":false},"geometry":{"type":"LineString","coordinates":[[126.94603,37.51441],[126.9453,37.51432],[126.94523,37.51433],[126.9452,37.51435],[126.94411,37.5153]]}},{"type":"Feature","properties":{"class":"major","highway":"primary","sidewalk":"likely","lanes":0,"name":"노량진로","oneway":true},"geometry":{"type":"LineString","coordinates":[[126.95359,37.51258],[126.95432,37.5126]]}},{"type":"Feature","properties":{"class":"major","highway":"primary_link","sidewalk":"likely","lanes":8,"name":"","oneway":true},"geometry":{"type":"LineString","coordinates":[[126.95556,37.51313],[126.95589,37.51324],[126.95598,37.51327],[126.95612,37.51331],[126.95615,37.51331],[126.95628,37.51332],[126.95647,37.51327]]}},{"type":"Feature","properties":{"class":"alley","highway":"service","sidewalk":"unknown","lanes":0,"name":"","oneway":false},"geometry":{"type":"LineString","coordinates":[[126.95063,37.49937],[126.94989,37.50023]]}},{"type":"Feature","properties":{"class":"major","highway":"primary_link","sidewalk":"likely","lanes":0,"name":"","oneway":true},"geometry":{"type":"LineString","coordinates":[[126.94053,37.51767],[126.94051,37.51773],[126.94046,37.51792],[126.94043,37.51804],[126.94045,37.51816],[126.94048,37.51825],[126.94055,37.51835],[126.94072,37.51857],[126.94081,37.5187],[126.94088,37.51886],[126.94094,37.51907],[126.94093,37.51927],[126.94092,37.51938],[126.94091,37.5195]]}},{"type":"Feature","properties":{"class":"major","highway":"trunk_link","sidewalk":"likely","lanes":0,"name":"","oneway":true},"geometry":{"type":"LineString","coordinates":[[126.93126,37.515],[126.9319,37.51502],[126.93287,37.51518],[126.93324,37.51524],[126.93563,37.51564],[126.93634,37.51576],[126.93732,37.51596],[126.93898,37.5163],[126.94,37.51648],[126.94364,37.51719],[126.94419,37.51729],[126.94464,37.51734]]}},{"type":"Feature","properties":{"class":"major","highway":"trunk_link","sidewalk":"likely","lanes":0,"name":"","oneway":true},"geometry":{"type":"LineString","coordinates":[[126.94259,37.51742],[126.94235,37.5174],[126.94212,37.51737],[126.94178,37.5173],[126.94138,37.51718],[126.94108,37.5171]]}},{"type":"Feature","properties":{"class":"major","highway":"primary_link","sidewalk":"likely","lanes":0,"name":"","oneway":true},"geometry":{"type":"LineString","coordinates":[[126.94063,37.51738],[126.94053,37.51767]]}},{"type":"Feature","properties":{"class":"major","highway":"trunk_link","sidewalk":"likely","lanes":0,"name":"","oneway":true},"geometry":{"type":"LineString","coordinates":[[126.94177,37.51771],[126.9416,37.51795]]}},{"type":"Feature","properties":{"class":"major","highway":"primary_link","sidewalk":"likely","lanes":0,"name":"","oneway":true},"geometry":{"type":"LineString","coordinates":[[126.94058,37.51707],[126.94074,37.51655]]}},{"type":"Feature","properties":{"class":"major","highway":"primary_link","sidewalk":"likely","lanes":0,"name":"","oneway":true},"geometry":{"type":"LineString","coordinates":[[126.94087,37.51658],[126.94072,37.51709]]}},{"type":"Feature","properties":{"class":"major","highway":"primary_link","sidewalk":"likely","lanes":0,"name":"","oneway":true},"geometry":{"type":"LineString","coordinates":[[126.94042,37.51765],[126.94046,37.51755],[126.9405,37.51736]]}},{"type":"Feature","properties":{"class":"major","highway":"trunk_link","sidewalk":"likely","lanes":0,"name":"","oneway":true},"geometry":{"type":"LineString","coordinates":[[126.94141,37.51588],[126.94174,37.51598]]}},{"type":"Feature","properties":{"class":"major","highway":"trunk_link","sidewalk":"likely","lanes":0,"name":"","oneway":true},"geometry":{"type":"LineString","coordinates":[[126.9415,37.5179],[126.94158,37.51784],[126.94165,37.51776],[126.94168,37.51767]]}},{"type":"Feature","properties":{"class":"major","highway":"trunk_link","sidewalk":"likely","lanes":0,"name":"","oneway":true},"geometry":{"type":"LineString","coordinates":[[126.94063,37.51738],[126.94063,37.51758],[126.94063,37.51769]]}},{"type":"Feature","properties":{"class":"major","highway":"trunk_link","sidewalk":"likely","lanes":0,"name":"","oneway":true},"geometry":{"type":"LineString","coordinates":[[126.94032,37.51763],[126.94038,37.51756],[126.9405,37.51736]]}},{"type":"Feature","properties":{"class":"major","highway":"trunk_link","sidewalk":"likely","lanes":0,"name":"","oneway":true},"geometry":{"type":"LineString","coordinates":[[126.94174,37.51598],[126.94199,37.51609],[126.94269,37.51656],[126.94298,37.51674]]}},{"type":"Feature","properties":{"class":"major","highway":"primary_link","sidewalk":"likely","lanes":0,"name":"","oneway":true},"geometry":{"type":"LineString","coordinates":[[126.94074,37.51655],[126.94073,37.51644],[126.9407,37.51637],[126.94064,37.51632],[126.94059,37.51627],[126.94052,37.51624],[126.94042,37.5162]]}},{"type":"Feature","properties":{"class":"major","highway":"trunk_link","sidewalk":"likely","lanes":0,"name":"","oneway":true},"geometry":{"type":"LineString","coordinates":[[126.94605,37.51767],[126.9457,37.5177],[126.94542,37.51773],[126.9452,37.51774],[126.94499,37.51774],[126.94481,37.51773],[126.94449,37.51769],[126.94394,37.5176],[126.94356,37.51754],[126.94322,37.51749],[126.94289,37.51746],[126.94259,37.51742]]}},{"type":"Feature","properties":{"class":"major","highway":"primary_link","sidewalk":"likely","lanes":0,"name":"","oneway":true},"geometry":{"type":"LineString","coordinates":[[126.94126,37.51633],[126.94118,37.51634],[126.94108,37.51636],[126.941,37.51639],[126.94094,37.51644],[126.9409,37.5165],[126.94087,37.51658]]}},{"type":"Feature","properties":{"class":"major","highway":"trunk_link","sidewalk":"likely","lanes":0,"name":"","oneway":true},"geometry":{"type":"LineString","coordinates":[[126.94009,37.51695],[126.93988,37.51696],[126.93976,37.51696],[126.93964,37.51699],[126.93956,37.51704],[126.9395,37.51709],[126.93945,37.51716]]}},{"type":"Feature","properties":{"class":"major","highway":"trunk_link","sidewalk":"likely","lanes":0,"name":"","oneway":true},"geometry":{"type":"LineString","coordinates":[[126.94259,37.51742],[126.94231,37.51742],[126.94219,37.51746]]}},{"type":"Feature","properties":{"class":"major","highway":"trunk_link","sidewalk":"likely","lanes":0,"name":"","oneway":true},"geometry":{"type":"LineString","coordinates":[[126.94592,37.51736],[126.94645,37.51733],[126.9469,37.51728],[126.94728,37.51721],[126.9479,37.51708]]}},{"type":"Feature","properties":{"class":"major","highway":"trunk_link","sidewalk":"likely","lanes":0,"name":"","oneway":true},"geometry":{"type":"LineString","coordinates":[[126.94168,37.51767],[126.94169,37.51757],[126.94167,37.51746],[126.94163,37.51738],[126.94155,37.51731],[126.94147,37.51726],[126.94137,37.51722],[126.94108,37.5171]]}},{"type":"Feature","properties":{"class":"major","highway":"trunk_link","sidewalk":"likely","lanes":0,"name":"","oneway":true},"geometry":{"type":"LineString","coordinates":[[126.93943,37.51744],[126.93948,37.51754],[126.93954,37.51761],[126.93962,37.51766],[126.93972,37.51772],[126.93982,37.51775],[126.93992,37.51776],[126.94003,37.51775],[126.94013,37.51773],[126.94024,37.51768],[126.94032,37.51763]]}},{"type":"Feature","properties":{"class":"major","highway":"trunk_link","sidewalk":"likely","lanes":0,"name":"","oneway":true},"geometry":{"type":"LineString","coordinates":[[126.9416,37.51795],[126.94149,37.51812],[126.94141,37.51827],[126.94137,37.51841],[126.94131,37.51864],[126.94121,37.51926],[126.94115,37.51946],[126.9411,37.51959],[126.94106,37.51964],[126.94106,37.51965],[126.94101,37.51969],[126.94094,37.51971]]}},{"type":"Feature","properties":{"class":"major","highway":"trunk_link","sidewalk":"likely","lanes":0,"name":"","oneway":true},"geometry":{"type":"LineString","coordinates":[[126.94298,37.51674],[126.94323,37.51689],[126.94371,37.5171],[126.94405,37.51719],[126.94464,37.51734],[126.94501,37.51736],[126.94547,37.51737],[126.94592,37.51736]]}},{"type":"Feature","properties":{"class":"major","highway":"trunk_link","sidewalk":"likely","lanes":0,"name":"","oneway":true},"geometry":{"type":"LineString","coordinates":[[126.94063,37.51769],[126.94066,37.51778],[126.94075,37.51789],[126.94086,37.51795],[126.94099,37.51799],[126.94112,37.518],[126.94125,37.51799],[126.94137,37.51796],[126.9415,37.5179]]}},{"type":"Feature","properties":{"class":"alley","highway":"service","sidewalk":"unknown","lanes":0,"name":"","oneway":false},"geometry":{"type":"LineString","coordinates":[[126.95335,37.49811],[126.95351,37.49809],[126.95356,37.49808],[126.95374,37.49807],[126.95387,37.49814],[126.95414,37.49842],[126.95436,37.49872],[126.95461,37.49908],[126.95474,37.49947],[126.95482,37.49982],[126.95488,37.50018],[126.9547,37.50117]]}},{"type":"Feature","properties":{"class":"alley","highway":"service","sidewalk":"unknown","lanes":0,"name":"","oneway":false},"geometry":{"type":"LineString","coordinates":[[126.9547,37.50117],[126.9546,37.50123],[126.95377,37.5012],[126.95362,37.50119]]}},{"type":"Feature","properties":{"class":"alley","highway":"service","sidewalk":"unknown","lanes":0,"name":"","oneway":false},"geometry":{"type":"LineString","coordinates":[[126.95761,37.50561],[126.95739,37.5053],[126.95717,37.5049],[126.9571,37.50481],[126.95707,37.50477],[126.95696,37.50474],[126.95658,37.50489]]}},{"type":"Feature","properties":{"class":"alley","highway":"service","sidewalk":"unknown","lanes":0,"name":"","oneway":false},"geometry":{"type":"LineString","coordinates":[[126.95718,37.5059],[126.95707,37.50583],[126.95694,37.5057],[126.95693,37.50556],[126.95739,37.5053]]}},{"type":"Feature","properties":{"class":"alley","highway":"service","sidewalk":"unknown","lanes":0,"name":"","oneway":false},"geometry":{"type":"LineString","coordinates":[[126.95693,37.50556],[126.9566,37.5052],[126.95632,37.50516],[126.95602,37.50514],[126.95601,37.50514],[126.95561,37.50517],[126.95556,37.50499]]}},{"type":"Feature","properties":{"class":"alley","highway":"service","sidewalk":"unknown","lanes":0,"name":"","oneway":false},"geometry":{"type":"LineString","coordinates":[[126.95417,37.50474],[126.95427,37.50468],[126.95434,37.50464]]}},{"type":"Feature","properties":{"class":"minor","highway":"residential","sidewalk":"unknown","lanes":0,"name":"만양로8길","oneway":false},"geometry":{"type":"LineString","coordinates":[[126.94673,37.50866],[126.9471,37.50887],[126.94734,37.50899],[126.94736,37.509],[126.94734,37.50917],[126.94718,37.50949],[126.94704,37.50968],[126.94692,37.50988],[126.94663,37.51012],[126.94657,37.51015],[126.94643,37.51021],[126.94622,37.51025],[126.94595,37.51032],[126.94567,37.51039],[126.94525,37.51048],[126.94465,37.51061]]}},{"type":"Feature","properties":{"class":"minor","highway":"residential","sidewalk":"unknown","lanes":0,"name":"장승배기로24길","oneway":false},"geometry":{"type":"LineString","coordinates":[[126.94024,37.51064],[126.94036,37.5106],[126.94062,37.51049],[126.94084,37.51019],[126.94104,37.50997],[126.94125,37.50994],[126.94128,37.50994],[126.94152,37.51002],[126.94167,37.51008],[126.94169,37.51017],[126.94162,37.51051],[126.9417,37.51061],[126.94208,37.51079],[126.94223,37.51085],[126.94239,37.51085],[126.9425,37.5109],[126.94247,37.51123]]}},{"type":"Feature","properties":{"class":"alley","highway":"service","sidewalk":"unknown","lanes":0,"name":"흑석로13바길","oneway":false},"geometry":{"type":"LineString","coordinates":[[126.95875,37.50849],[126.95856,37.50842]]}},{"type":"Feature","properties":{"class":"major","highway":"primary","sidewalk":"likely","lanes":4,"name":"양녕로","oneway":true},"geometry":{"type":"LineString","coordinates":[[126.96139,37.52197],[126.96097,37.52128],[126.95959,37.51897],[126.95913,37.51822]]}},{"type":"Feature","properties":{"class":"major","highway":"secondary","sidewalk":"likely","lanes":0,"name":"여의동로","oneway":false},"geometry":{"type":"LineString","coordinates":[[126.93459,37.51739],[126.93505,37.51745],[126.93546,37.51749],[126.93647,37.51766],[126.93659,37.51768],[126.93732,37.51779],[126.93871,37.51801],[126.9394,37.51813],[126.93957,37.51817],[126.93972,37.51822],[126.93986,37.51828],[126.94001,37.51836],[126.94028,37.51854],[126.94048,37.51871],[126.94063,37.51886],[126.94075,37.51903],[126.94083,37.51922],[126.94088,37.51935],[126.94091,37.5195],[126.94094,37.51971],[126.94088,37.51988],[126.94086,37.52002],[126.94084,37.52016],[126.94081,37.52026],[126.94074,37.52042],[126.9407,37.52052],[126.94069,37.52054],[126.94063,37.52063],[126.94054,37.52073],[126.94035,37.5209],[126.94026,37.52097]]}},{"type":"Feature","properties":{"class":"minor","highway":"residential","sidewalk":"unknown","lanes":0,"name":"흑석로13길","oneway":false},"geometry":{"type":"LineString","coordinates":[[126.9585,37.51063],[126.95856,37.51055],[126.95861,37.51052],[126.95883,37.51022],[126.95894,37.51017]]}},{"type":"Feature","properties":{"class":"alley","highway":"service","sidewalk":"unknown","lanes":0,"name":"흑석로3길","oneway":false},"geometry":{"type":"LineString","coordinates":[[126.95856,37.51055],[126.95853,37.51034],[126.9585,37.51004],[126.95852,37.50982],[126.9585,37.5097],[126.95809,37.5096],[126.95732,37.50942],[126.95691,37.50931],[126.95641,37.50901]]}},{"type":"Feature","properties":{"class":"alley","highway":"service","sidewalk":"unknown","lanes":0,"name":"흑석로3가길","oneway":false},"geometry":{"type":"LineString","coordinates":[[126.9585,37.51063],[126.9583,37.51058],[126.95824,37.51051],[126.95821,37.51036],[126.95809,37.50999],[126.95801,37.50977],[126.95809,37.5096]]}},{"type":"Feature","properties":{"class":"alley","highway":"service","sidewalk":"unknown","lanes":0,"name":"흑석로11길","oneway":false},"geometry":{"type":"LineString","coordinates":[[126.95867,37.5091],[126.95912,37.50891],[126.95928,37.50879],[126.95961,37.50854]]}},{"type":"Feature","properties":{"class":"alley","highway":"service","sidewalk":"unknown","lanes":0,"name":"흑석로7길","oneway":false},"geometry":{"type":"LineString","coordinates":[[126.95711,37.5086],[126.95731,37.50839],[126.95747,37.50818],[126.95748,37.50798],[126.95751,37.50775],[126.95789,37.50742],[126.95818,37.50721],[126.95841,37.50699],[126.95847,37.50689]]}},{"type":"Feature","properties":{"class":"alley","highway":"service","sidewalk":"unknown","lanes":0,"name":"흑석로3길","oneway":false},"geometry":{"type":"LineString","coordinates":[[126.95516,37.50627],[126.95518,37.50639],[126.95528,37.50664],[126.95528,37.50673],[126.95531,37.50678],[126.95539,37.50683],[126.95548,37.50682],[126.95564,37.50675],[126.95585,37.50672],[126.95593,37.50674],[126.95609,37.50677],[126.95621,37.50689],[126.95626,37.50694],[126.95629,37.50708],[126.95628,37.50717],[126.95621,37.50729],[126.95607,37.50735],[126.95594,37.5075],[126.95594,37.50756],[126.95612,37.50768],[126.95627,37.50779],[126.95628,37.50786],[126.95612,37.50817],[126.95605,37.50825],[126.95604,37.50829],[126.95608,37.50884],[126.95612,37.50895],[126.95619,37.50901],[126.95634,37.50907]]}},{"type":"Feature","properties":{"class":"minor","highway":"residential","sidewalk":"unknown","lanes":0,"name":"흑석로10길","oneway":false},"geometry":{"type":"LineString","coordinates":[[126.96017,37.5075],[126.96022,37.50749],[126.96024,37.50745],[126.96018,37.50715],[126.96011,37.50681],[126.9601,37.50679],[126.95964,37.50668]]}},{"type":"Feature","properties":{"class":"minor","highway":"residential","sidewalk":"unknown","lanes":0,"name":"흑석로8길","oneway":false},"geometry":{"type":"LineString","coordinates":[[126.95947,37.50726],[126.95964,37.50668]]}},{"type":"Feature","properties":{"class":"alley","highway":"service","sidewalk":"unknown","lanes":0,"name":"흑석로6길","oneway":false},"geometry":{"type":"LineString","coordinates":[[126.95712,37.50605],[126.95666,37.50578],[126.95608,37.50552],[126.95581,37.50587],[126.95521,37.5056],[126.95478,37.50564]]}},{"type":"Feature","properties":{"class":"alley","highway":"service","sidewalk":"unknown","lanes":0,"name":"흑석로6가길","oneway":false},"geometry":{"type":"LineString","coordinates":[[126.95478,37.50564],[126.95488,37.50588],[126.95518,37.50597],[126.95542,37.50603],[126.95561,37.50612],[126.95625,37.50602],[126.95643,37.50609],[126.95697,37.50641],[126.95713,37.50645]]}},{"type":"Feature","properties":{"class":"alley","highway":"service","sidewalk":"unknown","lanes":0,"name":"흑석로13바길","oneway":false},"geometry":{"type":"LineString","coordinates":[[126.95929,37.50829],[126.95894,37.50843],[126.95875,37.50849],[126.95839,37.50865],[126.95829,37.50855]]}},{"type":"Feature","properties":{"class":"minor","highway":"residential","sidewalk":"unknown","lanes":0,"name":"흑석로11길","oneway":false},"geometry":{"type":"LineString","coordinates":[[126.95961,37.50854],[126.96018,37.50802],[126.96023,37.50797],[126.96054,37.50765],[126.96056,37.50762]]}},{"type":"Feature","properties":{"class":"alley","highway":"service","sidewalk":"unknown","lanes":0,"name":"흑석로13마길","oneway":false},"geometry":{"type":"LineString","coordinates":[[126.95961,37.50854],[126.9595,37.50846],[126.95929,37.50829],[126.95893,37.50795],[126.95889,37.50784],[126.95865,37.50757],[126.95901,37.50731],[126.95907,37.50719]]}},{"type":"Feature","properties":{"class":"alley","highway":"service","sidewalk":"unknown","lanes":0,"name":"흑석로13가길","oneway":false},"geometry":{"type":"LineString","coordinates":[[126.95947,37.50726],[126.95962,37.50751],[126.95974,37.5077],[126.95989,37.50784],[126.96023,37.50797],[126.96048,37.50824],[126.96058,37.50841],[126.9607,37.5085],[126.96132,37.50872]]}},{"type":"Feature","properties":{"class":"minor","highway":"residential","sidewalk":"unknown","lanes":0,"name":"노량진로26길","oneway":false},"geometry":{"type":"LineString","coordinates":[[126.95459,37.51263],[126.95442,37.51227],[126.95437,37.51212],[126.95426,37.51176],[126.95422,37.51165],[126.95416,37.51145],[126.9541,37.51128],[126.9538,37.51076],[126.95377,37.51066]]}},{"type":"Feature","properties":{"class":"minor","highway":"residential","sidewalk":"unknown","lanes":0,"name":"","oneway":false},"geometry":{"type":"LineString","coordinates":[[126.9534,37.51064],[126.95349,37.51068],[126.95358,37.51071],[126.9538,37.51076]]}},{"type":"Feature","properties":{"class":"minor","highway":"residential","sidewalk":"unknown","lanes":0,"name":"노량진로26길","oneway":false},"geometry":{"type":"LineString","coordinates":[[126.95422,37.51165],[126.95456,37.5115],[126.9548,37.51128],[126.95482,37.51127],[126.9549,37.51119],[126.95508,37.51099],[126.95512,37.51082],[126.95514,37.5107],[126.95526,37.51037],[126.9553,37.51026],[126.95548,37.50975],[126.95555,37.50963]]}},{"type":"Feature","properties":{"class":"minor","highway":"residential","sidewalk":"unknown","lanes":0,"name":"노량진로28길","oneway":false},"geometry":{"type":"LineString","coordinates":[[126.95483,37.51271],[126.95493,37.51256],[126.95524,37.5121],[126.95545,37.51188],[126.95576,37.51164],[126.95587,37.51148],[126.95594,37.51137],[126.95604,37.51118],[126.95611,37.51106],[126.95641,37.51077],[126.95669,37.51051]]}},{"type":"Feature","properties":{"class":"minor","highway":"residential","sidewalk":"unknown","lanes":0,"name":"노량진로30길","oneway":false},"geometry":{"type":"LineString","coordinates":[[126.95545,37.51286],[126.95549,37.51275],[126.95555,37.51258],[126.95566,37.51215],[126.95577,37.51209],[126.95597,37.51199],[126.95613,37.51183],[126.95625,37.51174],[126.95632,37.51152],[126.95636,37.51141],[126.95643,37.51135],[126.95669,37.51124],[126.95679,37.51116],[126.95688,37.51106],[126.95687,37.51089]]}},{"type":"Feature","properties":{"class":"minor","highway":"residential","sidewalk":"unknown","lanes":0,"name":"노량진로32길","oneway":false},"geometry":{"type":"LineString","coordinates":[[126.95615,37.51331],[126.95617,37.51322],[126.95623,37.51316],[126.95634,37.51286],[126.95653,37.51267],[126.95656,37.51227],[126.95669,37.51191],[126.95672,37.51176],[126.95688,37.51158],[126.9572,37.51138],[126.95727,37.51134]]}},{"type":"Feature","properties":{"class":"alley","highway":"service","sidewalk":"unknown","lanes":0,"name":"노량진로26길","oneway":false},"geometry":{"type":"LineString","coordinates":[[126.9549,37.51119],[126.9548,37.51091],[126.95479,37.51079],[126.95507,37.51019],[126.9553,37.51026]]}},{"type":"Feature","properties":{"class":"alley","highway":"service","sidewalk":"unknown","lanes":0,"name":"노량진로28길","oneway":false},"geometry":{"type":"LineString","coordinates":[[126.95524,37.5121],[126.95514,37.51208],[126.95507,37.51204],[126.95506,37.51197],[126.95508,37.51192],[126.95512,37.51181],[126.95516,37.51161],[126.9551,37.51149],[126.95503,37.5114],[126.95488,37.51132],[126.9548,37.51128]]}},{"type":"Feature","properties":{"class":"alley","highway":"service","sidewalk":"unknown","lanes":0,"name":"노량진로28길","oneway":false},"geometry":{"type":"LineString","coordinates":[[126.95512,37.51082],[126.95539,37.51082],[126.95552,37.51107],[126.9556,37.51117],[126.95594,37.51137]]}},{"type":"Feature","properties":{"class":"alley","highway":"service","sidewalk":"unknown","lanes":0,"name":"노량진로28길","oneway":false},"geometry":{"type":"LineString","coordinates":[[126.95611,37.51106],[126.95601,37.51102],[126.95596,37.511],[126.95587,37.51098],[126.95577,37.51093],[126.9557,37.51084],[126.95586,37.51074],[126.95597,37.51064],[126.95597,37.51058],[126.95592,37.51046],[126.95586,37.51025],[126.95595,37.51018]]}},{"type":"Feature","properties":{"class":"alley","highway":"service","sidewalk":"unknown","lanes":0,"name":"노량진로26길","oneway":false},"geometry":{"type":"LineString","coordinates":[[126.95601,37.51102],[126.95585,37.51106],[126.95576,37.51105],[126.95563,37.51093],[126.95552,37.51074],[126.95543,37.5106],[126.95526,37.51037]]}},{"type":"Feature","properties":{"class":"alley","highway":"service","sidewalk":"unknown","lanes":0,"name":"노량진로26길","oneway":false},"geometry":{"type":"LineString","coordinates":[[126.95508,37.51192],[126.95496,37.51196],[126.95477,37.51203],[126.95459,37.51209],[126.95437,37.51212]]}},{"type":"Feature","properties":{"class":"alley","highway":"service","sidewalk":"unknown","lanes":0,"name":"노량진로26길","oneway":false},"geometry":{"type":"LineString","coordinates":[[126.95416,37.51145],[126.95423,37.51142],[126.95442,37.51076]]}},{"type":"Feature","properties":{"class":"minor","highway":"residential","sidewalk":"unknown","lanes":0,"name":"노량진로18길","oneway":false},"geometry":{"type":"LineString","coordinates":[[126.95,37.5127],[126.95001,37.5126],[126.95022,37.51241],[126.95039,37.51228],[126.95057,37.51215],[126.95084,37.51206],[126.95105,37.51203],[126.9513,37.51204],[126.95159,37.51216],[126.95206,37.51239]]}},{"type":"Feature","properties":{"class":"minor","highway":"residential","sidewalk":"unknown","lanes":0,"name":"노량진로22길","oneway":false},"geometry":{"type":"LineString","coordinates":[[126.95154,37.51262],[126.95145,37.51252],[126.95105,37.51203],[126.9506,37.51147],[126.95039,37.51122],[126.95026,37.51105],[126.95025,37.51103],[126.9502,37.51074],[126.95013,37.51051],[126.95005,37.51044],[126.94992,37.51043],[126.94961,37.51049],[126.94944,37.5105],[126.94933,37.51049],[126.94925,37.51045],[126.9489,37.50958]]}},{"type":"Feature","properties":{"class":"minor","highway":"residential","sidewalk":"unknown","lanes":0,"name":"만양로14길","oneway":false},"geometry":{"type":"LineString","coordinates":[[126.94824,37.513],[126.94818,37.51296],[126.9479,37.5128],[126.94755,37.51259],[126.94754,37.51258],[126.94718,37.51249],[126.94697,37.51243]]}},{"type":"Feature","properties":{"class":"minor","highway":"residential","sidewalk":"unknown","lanes":0,"name":"만양로6길","oneway":false},"geometry":{"type":"LineString","coordinates":[[126.94736,37.50813],[126.94759,37.50826]]}},{"type":"Feature","properties":{"class":"alley","highway":"service","sidewalk":"unknown","lanes":0,"name":"만양로8길","oneway":false},"geometry":{"type":"LineString","coordinates":[[126.94782,37.5084],[126.94793,37.50844],[126.94796,37.50844],[126.94799,37.50844],[126.94805,37.50841],[126.94814,37.50835],[126.94847,37.508],[126.94871,37.50775]]}},{"type":"Feature","properties":{"class":"alley","highway":"service","sidewalk":"unknown","lanes":0,"name":"만양로6길","oneway":false},"geometry":{"type":"LineString","coordinates":[[126.94599,37.50998],[126.94628,37.50978],[126.94651,37.50978],[126.94672,37.50969],[126.94689,37.50912],[126.9471,37.50887]]}},{"type":"Feature","properties":{"class":"minor","highway":"residential","sidewalk":"unknown","lanes":0,"name":"만양로8길","oneway":false},"geometry":{"type":"LineString","coordinates":[[126.94734,37.50899],[126.94782,37.5084]]}},{"type":"Feature","properties":{"class":"alley","highway":"service","sidewalk":"unknown","lanes":0,"name":"만양로12가길","oneway":false},"geometry":{"type":"LineString","coordinates":[[126.94828,37.51057],[126.94833,37.51071],[126.94833,37.51079],[126.94825,37.51088],[126.94822,37.511],[126.94827,37.51112],[126.94836,37.51119],[126.94861,37.51139],[126.94868,37.51156],[126.94868,37.51181],[126.94837,37.51219],[126.94828,37.51218],[126.94823,37.51184],[126.94823,37.51172],[126.94823,37.51157],[126.94798,37.51137],[126.94795,37.51135],[126.94756,37.51118],[126.94742,37.51107],[126.94728,37.51094],[126.94723,37.51086],[126.9472,37.51075]]}},{"type":"Feature","properties":{"class":"alley","highway":"service","sidewalk":"unknown","lanes":0,"name":"노량진로20길","oneway":false},"geometry":{"type":"LineString","coordinates":[[126.95039,37.51228],[126.95026,37.5119],[126.95024,37.51186],[126.95041,37.51184],[126.95041,37.51168],[126.95043,37.51155],[126.9506,37.51147]]}},{"type":"Feature","properties":{"class":"alley","highway":"service","sidewalk":"unknown","lanes":0,"name":"","oneway":false},"geometry":{"type":"LineString","coordinates":[[126.95025,37.51103],[126.95004,37.51103],[126.94995,37.51097]]}},{"type":"Feature","properties":{"class":"minor","highway":"unclassified","sidewalk":"unknown","lanes":0,"name":"만양로18길","oneway":false},"geometry":{"type":"LineString","coordinates":[[126.94426,37.51327],[126.94429,37.51327],[126.94459,37.51321]]}},{"type":"Feature","properties":{"class":"minor","highway":"residential","sidewalk":"unknown","lanes":0,"name":"만양로14다길","oneway":false},"geometry":{"type":"LineString","coordinates":[[126.94525,37.51163],[126.94535,37.51121],[126.94556,37.51081],[126.94572,37.5105],[126.94567,37.51039]]}},{"type":"Feature","properties":{"class":"alley","highway":"service","sidewalk":"unknown","lanes":0,"name":"만양로14라길","oneway":false},"geometry":{"type":"LineString","coordinates":[[126.94531,37.51166],[126.94545,37.51151],[126.94593,37.51072],[126.94602,37.51043],[126.94595,37.51032]]}},{"type":"Feature","properties":{"class":"minor","highway":"residential","sidewalk":"unknown","lanes":0,"name":"만양로14바길","oneway":false},"geometry":{"type":"LineString","coordinates":[[126.94667,37.51235],[126.94693,37.51179],[126.94699,37.51165],[126.94685,37.51127],[126.94672,37.51093],[126.94667,37.51088],[126.94661,37.5106]]}},{"type":"Feature","properties":{"class":"alley","highway":"service","sidewalk":"unknown","lanes":0,"name":"만양로14마길","oneway":false},"geometry":{"type":"LineString","coordinates":[[126.94611,37.5122],[126.94625,37.51156],[126.94641,37.51115],[126.94685,37.51127]]}},{"type":"Feature","properties":{"class":"alley","highway":"service","sidewalk":"unknown","lanes":0,"name":"만양로14사길","oneway":false},"geometry":{"type":"LineString","coordinates":[[126.94798,37.51137],[126.94789,37.51139],[126.94783,37.51139],[126.94774,37.51143],[126.94757,37.51149],[126.94736,37.51153],[126.94724,37.51189],[126.94697,37.51243]]}},{"type":"Feature","properties":{"class":"alley","highway":"service","sidewalk":"unknown","lanes":0,"name":"만양로14아길","oneway":false},"geometry":{"type":"LineString","coordinates":[[126.94693,37.51179],[126.94724,37.51189],[126.94792,37.51213],[126.94823,37.51184]]}},{"type":"Feature","properties":{"class":"minor","highway":"residential","sidewalk":"unknown","lanes":0,"name":"만양로14나길","oneway":false},"geometry":{"type":"LineString","coordinates":[[126.94503,37.51244],[126.94521,37.51247],[126.94537,37.5125],[126.94586,37.51232]]}},{"type":"Feature","properties":{"class":"minor","highway":"residential","sidewalk":"unknown","lanes":0,"name":"노량진로16길","oneway":true},"geometry":{"type":"LineString","coordinates":[[126.94371,37.51276],[126.94369,37.51303],[126.94364,37.51361],[126.94363,37.51368]]}},{"type":"Feature","properties":{"class":"minor","highway":"residential","sidewalk":"unknown","lanes":0,"name":"노량진로14가길","oneway":true},"geometry":{"type":"LineString","coordinates":[[126.94371,37.51276],[126.94324,37.51264],[126.94253,37.51245]]}},{"type":"Feature","properties":{"class":"minor","highway":"residential","sidewalk":"unknown","lanes":0,"name":"장승배기로28길","oneway":true},"geometry":{"type":"LineString","coordinates":[[126.94253,37.51245],[126.94247,37.51241],[126.94228,37.51237],[126.94186,37.51239],[126.94171,37.51238],[126.94159,37.51235]]}},{"type":"Feature","properties":{"class":"minor","highway":"residential","sidewalk":"unknown","lanes":0,"name":"","oneway":false},"geometry":{"type":"LineString","coordinates":[[126.94159,37.51235],[126.94145,37.51186]]}},{"type":"Feature","properties":{"class":"minor","highway":"residential","sidewalk":"unknown","lanes":0,"name":"장승배기로26길","oneway":false},"geometry":{"type":"LineString","coordinates":[[126.94026,37.51195],[126.94067,37.51192],[126.941,37.51189],[126.94142,37.51186],[126.94145,37.51186],[126.94188,37.51184]]}},{"type":"Feature","properties":{"class":"minor","highway":"residential","sidewalk":"unknown","lanes":0,"name":"장승배기로26길","oneway":false},"geometry":{"type":"LineString","coordinates":[[126.94142,37.51186],[126.94112,37.51157],[126.94205,37.51134],[126.94247,37.51123],[126.94287,37.51113],[126.9433,37.51101],[126.94337,37.51099]]}},{"type":"Feature","properties":{"class":"minor","highway":"residential","sidewalk":"unknown","lanes":0,"name":"노량진로14길","oneway":false},"geometry":{"type":"LineString","coordinates":[[126.94287,37.51113],[126.94253,37.51245]]}},{"type":"Feature","properties":{"class":"alley","highway":"service","sidewalk":"unknown","lanes":0,"name":"노량진로14나길","oneway":false},"geometry":{"type":"LineString","coordinates":[[126.94324,37.51264],[126.94343,37.51219],[126.94334,37.51213],[126.94342,37.51192],[126.94338,37.51182],[126.94329,37.51146],[126.9433,37.51101]]}},{"type":"Feature","properties":{"class":"minor","highway":"residential","sidewalk":"unknown","lanes":0,"name":"장승배기로20길","oneway":false},"geometry":{"type":"LineString","coordinates":[[126.94016,37.50839],[126.94028,37.50841],[126.94112,37.50902],[126.94116,37.50904],[126.94161,37.50934],[126.94165,37.50936],[126.94219,37.50951],[126.94231,37.50955],[126.94247,37.50963],[126.94271,37.5098],[126.94279,37.50992]]}},{"type":"Feature","properties":{"class":"minor","highway":"residential","sidewalk":"unknown","lanes":0,"name":"장승배기로16길","oneway":false},"geometry":{"type":"LineString","coordinates":[[126.93991,37.50688],[126.9401,37.50686],[126.94095,37.5068],[126.94144,37.50677],[126.9418,37.50667],[126.94184,37.50665],[126.94187,37.50667],[126.9421,37.50671],[126.94224,37.50692],[126.94264,37.5073],[126.94286,37.50749],[126.94299,37.50765],[126.94304,37.50773],[126.94311,37.50786],[126.94314,37.50792],[126.94314,37.50796],[126.94307,37.508],[126.94305,37.50874],[126.94312,37.50906],[126.94317,37.50924],[126.94315,37.5094],[126.94309,37.50954],[126.94302,37.50967],[126.94285,37.50984],[126.94279,37.50992],[126.9428,37.51005],[126.9428,37.51006],[126.94284,37.51029],[126.94321,37.51052],[126.94392,37.51084],[126.944,37.51087],[126.94422,37.51077],[126.94446,37.51066],[126.94465,37.51061]]}},{"type":"Feature","properties":{"class":"minor","highway":"residential","sidewalk":"unknown","lanes":0,"name":"장승배기로18길","oneway":false},"geometry":{"type":"LineString","coordinates":[[126.94006,37.50757],[126.94039,37.50751],[126.94106,37.50746]]}},{"type":"Feature","properties":{"class":"minor","highway":"residential","sidewalk":"unknown","lanes":0,"name":"만양로13길","oneway":false},"geometry":{"type":"LineString","coordinates":[[126.94465,37.51061],[126.94454,37.51053],[126.9444,37.51025],[126.9446,37.51],[126.9446,37.50999],[126.94474,37.50973],[126.94482,37.50935],[126.94491,37.50903],[126.945,37.50865]]}},{"type":"Feature","properties":{"class":"minor","highway":"residential","sidewalk":"unknown","lanes":0,"name":"만양로13가길","oneway":false},"geometry":{"type":"LineString","coordinates":[[126.9446,37.50999],[126.94426,37.50986],[126.94446,37.50932],[126.94467,37.50894],[126.94469,37.50857],[126.94467,37.50848]]}},{"type":"Feature","properties":{"class":"minor","highway":"residential","sidewalk":"unknown","lanes":0,"name":"","oneway":false},"geometry":{"type":"LineString","coordinates":[[126.94422,37.51077],[126.9442,37.51062]]}},{"type":"Feature","properties":{"class":"minor","highway":"residential","sidewalk":"unknown","lanes":0,"name":"만양로11길","oneway":false},"geometry":{"type":"LineString","coordinates":[[126.94634,37.509],[126.9461,37.5088],[126.94585,37.50851],[126.94572,37.50832],[126.9457,37.50828],[126.9457,37.50824],[126.94567,37.50821],[126.94564,37.5082],[126.94559,37.5082],[126.94551,37.50824],[126.94547,37.50824],[126.94544,37.50821]]}},{"type":"Feature","properties":{"class":"minor","highway":"residential","sidewalk":"unknown","lanes":0,"name":"","oneway":false},"geometry":{"type":"LineString","coordinates":[[126.93966,37.50596],[126.93979,37.50599],[126.94005,37.50612],[126.94026,37.50612],[126.94041,37.50606],[126.94071,37.5059],[126.94094,37.50586],[126.94129,37.50591]]}},{"type":"Feature","properties":{"class":"minor","highway":"residential","sidewalk":"unknown","lanes":0,"name":"","oneway":false},"geometry":{"type":"LineString","coordinates":[[126.94095,37.5068],[126.94086,37.50656],[126.94041,37.50606]]}},{"type":"Feature","properties":{"class":"alley","highway":"service","sidewalk":"unknown","lanes":0,"name":"장승배기로20가길","oneway":false},"geometry":{"type":"LineString","coordinates":[[126.94028,37.50841],[126.94043,37.50838],[126.94058,37.50833],[126.9407,37.5082],[126.94074,37.50813],[126.94084,37.50804],[126.94098,37.50786],[126.9411,37.50767],[126.94106,37.50746]]}},{"type":"Feature","properties":{"class":"alley","highway":"service","sidewalk":"unknown","lanes":0,"name":"","oneway":false},"geometry":{"type":"LineString","coordinates":[[126.94219,37.50951],[126.9423,37.50936],[126.94223,37.50924],[126.94214,37.50915],[126.94212,37.50908],[126.94213,37.50901]]}},{"type":"Feature","properties":{"class":"minor","highway":"residential","sidewalk":"unknown","lanes":0,"name":"장승배기로20다길","oneway":false},"geometry":{"type":"LineString","coordinates":[[126.94125,37.50994],[126.94135,37.50966],[126.94151,37.5095],[126.94165,37.50936]]}},{"type":"Feature","properties":{"class":"alley","highway":"service","sidewalk":"unknown","lanes":0,"name":"","oneway":false},"geometry":{"type":"LineString","coordinates":[[126.941,37.50919],[126.94151,37.5095]]}},{"type":"Feature","properties":{"class":"alley","highway":"service","sidewalk":"unknown","lanes":0,"name":"","oneway":false},"geometry":{"type":"LineString","coordinates":[[126.94443,37.51127],[126.94418,37.51123],[126.94414,37.51122],[126.94398,37.51118],[126.94378,37.51111]]}},{"type":"Feature","properties":{"class":"alley","highway":"service","sidewalk":"unknown","lanes":0,"name":"노량진로16길","oneway":false},"geometry":{"type":"LineString","coordinates":[[126.94404,37.5121],[126.94386,37.51194],[126.94414,37.51122]]}},{"type":"Feature","properties":{"class":"minor","highway":"residential","sidewalk":"unknown","lanes":0,"name":"장승배기로27길","oneway":false},"geometry":{"type":"LineString","coordinates":[[126.94016,37.51184],[126.93913,37.51184]]}},{"type":"Feature","properties":{"class":"minor","highway":"residential","sidewalk":"unknown","lanes":0,"name":"","oneway":false},"geometry":{"type":"LineString","coordinates":[[126.93943,37.51022],[126.93962,37.51011],[126.93984,37.51003],[126.94015,37.51001]]}},{"type":"Feature","properties":{"class":"minor","highway":"residential","sidewalk":"unknown","lanes":0,"name":"","oneway":false},"geometry":{"type":"LineString","coordinates":[[126.94014,37.50919],[126.93994,37.50921],[126.93966,37.50921],[126.9395,37.50922],[126.93906,37.50911]]}},{"type":"Feature","properties":{"class":"alley","highway":"service","sidewalk":"unknown","lanes":0,"name":"장승배기로7길","oneway":false},"geometry":{"type":"LineString","coordinates":[[126.93872,37.50112],[126.93884,37.50123],[126.93913,37.50137],[126.93944,37.50147],[126.93978,37.50158],[126.93983,37.50169],[126.93991,37.5017],[126.93995,37.50181],[126.94005,37.50187],[126.94063,37.50197]]}},{"type":"Feature","properties":{"class":"alley","highway":"service","sidewalk":"unknown","lanes":0,"name":"장승배기로5길","oneway":false},"geometry":{"type":"LineString","coordinates":[[126.939,37.50073],[126.93918,37.50087],[126.93937,37.501],[126.93989,37.50119],[126.94001,37.50125],[126.94009,37.50132],[126.94055,37.50139],[126.94105,37.50147]]}},{"type":"Feature","properties":{"class":"alley","highway":"service","sidewalk":"unknown","lanes":0,"name":"성대로39길","oneway":false},"geometry":{"type":"LineString","coordinates":[[126.94153,37.50054],[126.94143,37.50054],[126.94017,37.50055],[126.93981,37.50058],[126.93985,37.50072],[126.93998,37.50081]]}},{"type":"Feature","properties":{"class":"alley","highway":"service","sidewalk":"unknown","lanes":0,"name":"장승배기로3길","oneway":false},"geometry":{"type":"LineString","coordinates":[[126.93998,37.50081],[126.94131,37.50079],[126.94159,37.50085]]}},{"type":"Feature","properties":{"class":"minor","highway":"residential","sidewalk":"unknown","lanes":0,"name":"","oneway":false},"geometry":{"type":"LineString","coordinates":[[126.93921,37.51124],[126.93968,37.51117],[126.94015,37.51105]]}},{"type":"Feature","properties":{"class":"minor","highway":"residential","sidewalk":"unknown","lanes":0,"name":"장승배기로24가길","oneway":false},"geometry":{"type":"LineString","coordinates":[[126.94036,37.5106],[126.94057,37.51075],[126.94076,37.51092],[126.94148,37.51077],[126.94168,37.51075],[126.94205,37.51134]]}},{"type":"Feature","properties":{"class":"minor","highway":"residential","sidewalk":"unknown","lanes":0,"name":"장승배기로19길","oneway":false},"geometry":{"type":"LineString","coordinates":[[126.93757,37.50815],[126.93861,37.50816],[126.93886,37.50817],[126.93925,37.50817],[126.94001,37.50816],[126.94006,37.50816]]}},{"type":"Feature","properties":{"class":"minor","highway":"residential","sidewalk":"unknown","lanes":0,"name":"상도로30길","oneway":false},"geometry":{"type":"LineString","coordinates":[[126.94086,37.50513],[126.94089,37.50502],[126.94093,37.50494],[126.941,37.50485],[126.94141,37.50486],[126.94165,37.5048],[126.94222,37.50465],[126.94302,37.50443],[126.94423,37.5041],[126.94427,37.50405],[126.94439,37.50398],[126.94459,37.50391],[126.94471,37.50387],[126.94487,37.50387],[126.94507,37.5039],[126.94542,37.50397],[126.94556,37.50402]]}},{"type":"Feature","properties":{"class":"minor","highway":"residential","sidewalk":"unknown","lanes":0,"name":"장승배기로10길","oneway":false},"geometry":{"type":"LineString","coordinates":[[126.9437,37.5031],[126.94375,37.50304],[126.94413,37.50273],[126.94465,37.50227],[126.94485,37.5021],[126.94511,37.5019],[126.94519,37.50183],[126.94525,37.50146],[126.94528,37.50141]]}},{"type":"Feature","properties":{"class":"alley","highway":"service","sidewalk":"unknown","lanes":0,"name":"상도로47나길","oneway":false},"geometry":{"type":"LineString","coordinates":[[126.95208,37.50039],[126.95216,37.50035],[126.95223,37.50035],[126.95264,37.50043],[126.95274,37.50044],[126.95286,37.50043],[126.95294,37.50038],[126.953,37.5003]]}},{"type":"Feature","properties":{"class":"alley","highway":"service","sidewalk":"unknown","lanes":0,"name":"상도로53길","oneway":false},"geometry":{"type":"LineString","coordinates":[[126.95376,37.50042],[126.95332,37.50039],[126.95318,37.50038],[126.95308,37.50034],[126.953,37.5003]]}},{"type":"Feature","properties":{"class":"alley","highway":"service","sidewalk":"unknown","lanes":0,"name":"상도로47길","oneway":false},"geometry":{"type":"LineString","coordinates":[[126.95284,37.50104],[126.95276,37.50113],[126.95257,37.50104],[126.95241,37.50099],[126.95231,37.50097]]}},{"type":"Feature","properties":{"class":"alley","highway":"service","sidewalk":"unknown","lanes":0,"name":"상도로47마길","oneway":false},"geometry":{"type":"LineString","coordinates":[[126.95083,37.50137],[126.95076,37.50148],[126.9507,37.50162],[126.9507,37.50164],[126.95072,37.50175],[126.95083,37.5019],[126.95127,37.50208],[126.95161,37.5022],[126.95172,37.50224],[126.95198,37.50235]]}},{"type":"Feature","properties":{"class":"alley","highway":"service","sidewalk":"unknown","lanes":0,"name":"상도로47라길","oneway":false},"geometry":{"type":"LineString","coordinates":[[126.9515,37.50165],[126.95139,37.50174],[126.95104,37.5017],[126.95099,37.50165],[126.95107,37.5015],[126.95119,37.50143],[126.95127,37.50141],[126.95156,37.50155],[126.95155,37.5016],[126.9515,37.50165]]}},{"type":"Feature","properties":{"class":"alley","highway":"service","sidewalk":"unknown","lanes":0,"name":"상도로47라길","oneway":false},"geometry":{"type":"LineString","coordinates":[[126.9515,37.50165],[126.95205,37.50188]]}},{"type":"Feature","properties":{"class":"alley","highway":"service","sidewalk":"unknown","lanes":0,"name":"상도로47가길","oneway":false},"geometry":{"type":"LineString","coordinates":[[126.95092,37.50097],[126.95101,37.50102],[126.9511,37.50107],[126.95125,37.50116]]}},{"type":"Feature","properties":{"class":"alley","highway":"service","sidewalk":"unknown","lanes":0,"name":"상도로47나길","oneway":false},"geometry":{"type":"LineString","coordinates":[[126.953,37.5003],[126.95269,37.50016],[126.95251,37.50003],[126.95236,37.49994],[126.95229,37.49985],[126.95229,37.49979],[126.9523,37.49975],[126.95242,37.4997],[126.95252,37.49969],[126.95262,37.49969]]}},{"type":"Feature","properties":{"class":"alley","highway":"service","sidewalk":"unknown","lanes":0,"name":"상도로53길","oneway":false},"geometry":{"type":"LineString","coordinates":[[126.95313,37.50166],[126.95359,37.5017]]}},{"type":"Feature","properties":{"class":"alley","highway":"service","sidewalk":"unknown","lanes":0,"name":"상도로47길","oneway":false},"geometry":{"type":"LineString","coordinates":[[126.95212,37.50172],[126.9522,37.50178],[126.95238,37.50189],[126.9526,37.502],[126.95286,37.50207],[126.95307,37.50209]]}},{"type":"Feature","properties":{"class":"alley","highway":"service","sidewalk":"unknown","lanes":0,"name":"상도로47길","oneway":false},"geometry":{"type":"LineString","coordinates":[[126.95194,37.50258],[126.95303,37.50266]]}},{"type":"Feature","properties":{"class":"alley","highway":"service","sidewalk":"unknown","lanes":0,"name":"상도로41나길","oneway":false},"geometry":{"type":"LineString","coordinates":[[126.95023,37.50224],[126.95098,37.50256],[126.95144,37.50273],[126.95155,37.50278],[126.95166,37.50286],[126.95189,37.50294],[126.95239,37.50294],[126.953,37.503]]}},{"type":"Feature","properties":{"class":"alley","highway":"service","sidewalk":"unknown","lanes":0,"name":"상도로39길","oneway":false},"geometry":{"type":"LineString","coordinates":[[126.94835,37.50252],[126.94878,37.50274],[126.94905,37.50289]]}},{"type":"Feature","properties":{"class":"alley","highway":"service","sidewalk":"unknown","lanes":0,"name":"","oneway":false},"geometry":{"type":"LineString","coordinates":[[126.95023,37.50251],[126.94996,37.50253],[126.94992,37.5025],[126.94955,37.5023],[126.94936,37.5022]]}},{"type":"Feature","properties":{"class":"alley","highway":"service","sidewalk":"unknown","lanes":0,"name":"상도로39가길","oneway":false},"geometry":{"type":"LineString","coordinates":[[126.94905,37.50289],[126.94955,37.5023],[126.94994,37.50184]]}},{"type":"Feature","properties":{"class":"alley","highway":"service","sidewalk":"unknown","lanes":0,"name":"상도로41라길","oneway":false},"geometry":{"type":"LineString","coordinates":[[126.95172,37.50414],[126.95136,37.50398],[126.95104,37.50406],[126.95094,37.50406],[126.95064,37.50374],[126.9506,37.50367],[126.95062,37.50359],[126.95071,37.50342],[126.95068,37.50335],[126.95026,37.50334]]}},{"type":"Feature","properties":{"class":"alley","highway":"service","sidewalk":"unknown","lanes":0,"name":"","oneway":false},"geometry":{"type":"LineString","coordinates":[[126.95109,37.5048],[126.95108,37.50486],[126.95105,37.50497],[126.95096,37.50512],[126.95082,37.50517],[126.9506,37.50531]]}},{"type":"Feature","properties":{"class":"alley","highway":"service","sidewalk":"unknown","lanes":0,"name":"상도로47아길","oneway":false},"geometry":{"type":"LineString","coordinates":[[126.95321,37.50435],[126.95287,37.50432],[126.9526,37.50428],[126.95271,37.50373],[126.95271,37.50363],[126.95253,37.50364],[126.95231,37.5037],[126.95204,37.5038],[126.95175,37.50382]]}},{"type":"Feature","properties":{"class":"minor","highway":"residential","sidewalk":"unknown","lanes":0,"name":"상도로47길","oneway":false},"geometry":{"type":"LineString","coordinates":[[126.95199,37.50489],[126.95185,37.50465],[126.95172,37.50432],[126.95172,37.50414],[126.95172,37.50409],[126.95175,37.50382],[126.95179,37.50365],[126.95185,37.50328],[126.95189,37.50294],[126.9519,37.50282],[126.95193,37.50269],[126.95194,37.50258],[126.95198,37.50235],[126.95202,37.50206],[126.95205,37.50188],[126.95209,37.5018],[126.95212,37.50172],[126.95217,37.50154],[126.95226,37.50118],[126.95231,37.50097],[126.95229,37.50072],[126.95216,37.50048],[126.95208,37.50039],[126.9518,37.50009],[126.95175,37.50002],[126.95148,37.49973],[126.95143,37.4997],[126.95134,37.49963],[126.95098,37.49945]]}},{"type":"Feature","properties":{"class":"alley","highway":"service","sidewalk":"unknown","lanes":0,"name":"강남초등8길","oneway":false},"geometry":{"type":"LineString","coordinates":[[126.95096,37.50512],[126.9522,37.50526],[126.95244,37.50529]]}},{"type":"Feature","properties":{"class":"alley","highway":"service","sidewalk":"unknown","lanes":0,"name":"강남초등6길","oneway":false},"geometry":{"type":"LineString","coordinates":[[126.95071,37.5055],[126.95086,37.50543],[126.95101,37.5054],[126.95145,37.50542],[126.95226,37.5055]]}},{"type":"Feature","properties":{"class":"alley","highway":"service","sidewalk":"unknown","lanes":0,"name":"강남초등4길","oneway":false},"geometry":{"type":"LineString","coordinates":[[126.95077,37.50559],[126.95142,37.50564],[126.95225,37.50573]]}},{"type":"Feature","properties":{"class":"alley","highway":"service","sidewalk":"unknown","lanes":0,"name":"강남초등4길","oneway":false},"geometry":{"type":"LineString","coordinates":[[126.9514,37.50581],[126.95142,37.50564]]}},{"type":"Feature","properties":{"class":"alley","highway":"service","sidewalk":"unknown","lanes":0,"name":"강남초등2길","oneway":false},"geometry":{"type":"LineString","coordinates":[[126.95105,37.50615],[126.95125,37.50635],[126.95142,37.50642],[126.9521,37.5065]]}},{"type":"Feature","properties":{"class":"alley","highway":"service","sidewalk":"unknown","lanes":0,"name":"매봉로4길","oneway":false},"geometry":{"type":"LineString","coordinates":[[126.95161,37.5078],[126.9518,37.50782],[126.95232,37.50788],[126.95291,37.5082],[126.95305,37.50828],[126.95301,37.50847]]}},{"type":"Feature","properties":{"class":"alley","highway":"service","sidewalk":"unknown","lanes":0,"name":"매봉로4가길","oneway":false},"geometry":{"type":"LineString","coordinates":[[126.95291,37.5082],[126.95357,37.50776],[126.95376,37.50765],[126.95378,37.50741],[126.95382,37.50684]]}},{"type":"Feature","properties":{"class":"alley","highway":"service","sidewalk":"unknown","lanes":0,"name":"매봉로4가길","oneway":false},"geometry":{"type":"LineString","coordinates":[[126.95359,37.50684],[126.95382,37.50684],[126.95402,37.50686],[126.95416,37.50684],[126.95437,37.50683],[126.95449,37.50677],[126.95454,37.5068],[126.95458,37.50684],[126.95462,37.50693],[126.95464,37.50699],[126.95495,37.50712],[126.95532,37.50723],[126.95537,37.50725]]}},{"type":"Feature","properties":{"class":"alley","highway":"service","sidewalk":"unknown","lanes":0,"name":"흑석로3길","oneway":false},"geometry":{"type":"LineString","coordinates":[[126.95532,37.50765],[126.95531,37.50738],[126.95537,37.50725],[126.95547,37.50718],[126.9557,37.50711],[126.95586,37.50709],[126.95599,37.50703],[126.95606,37.50698],[126.95605,37.50691],[126.95603,37.50682],[126.95593,37.50674]]}},{"type":"Feature","properties":{"class":"alley","highway":"service","sidewalk":"unknown","lanes":0,"name":"매봉로2길","oneway":false},"geometry":{"type":"LineString","coordinates":[[126.95191,37.50719],[126.95223,37.50725],[126.9524,37.50729],[126.95325,37.50736],[126.95378,37.50741]]}},{"type":"Feature","properties":{"class":"alley","highway":"service","sidewalk":"unknown","lanes":0,"name":"매봉로2길","oneway":false},"geometry":{"type":"LineString","coordinates":[[126.95325,37.50736],[126.95332,37.50668]]}},{"type":"Feature","properties":{"class":"alley","highway":"service","sidewalk":"unknown","lanes":0,"name":"만양로2길","oneway":false},"geometry":{"type":"LineString","coordinates":[[126.94742,37.50636],[126.9475,37.50634],[126.94758,37.50634],[126.94891,37.50659],[126.94911,37.50663],[126.94926,37.50651],[126.94931,37.50646],[126.94951,37.50657],[126.9497,37.50661],[126.94991,37.50676],[126.95015,37.50675],[126.95021,37.50687],[126.95028,37.50706],[126.95031,37.50724],[126.95037,37.50729],[126.95082,37.50736],[126.95139,37.50757],[126.95146,37.50763],[126.95148,37.50781],[126.95159,37.50784]]}},{"type":"Feature","properties":{"class":"alley","highway":"service","sidewalk":"unknown","lanes":0,"name":"매봉로","oneway":false},"geometry":{"type":"LineString","coordinates":[[126.94991,37.50676],[126.95015,37.50656],[126.95049,37.50675],[126.95056,37.50676],[126.95075,37.50667],[126.9509,37.50654],[126.95098,37.5065]]}},{"type":"Feature","properties":{"class":"alley","highway":"service","sidewalk":"unknown","lanes":0,"name":"상도로","oneway":true},"geometry":{"type":"LineString","coordinates":[[126.94971,37.50479],[126.94954,37.50473],[126.94889,37.50437],[126.94789,37.50382],[126.94787,37.50381],[126.94742,37.50356]]}},{"type":"Feature","properties":{"class":"alley","highway":"service","sidewalk":"unknown","lanes":0,"name":"상도로","oneway":false},"geometry":{"type":"LineString","coordinates":[[126.94726,37.50374],[126.94775,37.50399],[126.94786,37.50405]]}},{"type":"Feature","properties":{"class":"alley","highway":"service","sidewalk":"unknown","lanes":0,"name":"","oneway":false},"geometry":{"type":"LineString","coordinates":[[126.94871,37.50457],[126.94889,37.50437],[126.9492,37.504]]}},{"type":"Feature","properties":{"class":"minor","highway":"residential","sidewalk":"unknown","lanes":0,"name":"상도로30길","oneway":false},"geometry":{"type":"LineString","coordinates":[[126.94222,37.50465],[126.94203,37.50411]]}},{"type":"Feature","properties":{"class":"minor","highway":"residential","sidewalk":"unknown","lanes":0,"name":"","oneway":false},"geometry":{"type":"LineString","coordinates":[[126.94423,37.5041],[126.9439,37.50371],[126.94388,37.50359]]}},{"type":"Feature","properties":{"class":"minor","highway":"residential","sidewalk":"unknown","lanes":0,"name":"장승배기로10길","oneway":false},"geometry":{"type":"LineString","coordinates":[[126.94277,37.50349],[126.94292,37.50344],[126.94308,37.50324],[126.9433,37.50315],[126.94357,37.50309],[126.9437,37.5031]]}},{"type":"Feature","properties":{"class":"alley","highway":"service","sidewalk":"unknown","lanes":0,"name":"장승배기로10가길","oneway":false},"geometry":{"type":"LineString","coordinates":[[126.94109,37.50192],[126.94119,37.50199],[126.94124,37.50205],[126.94124,37.50211],[126.94122,37.50217],[126.94114,37.50222],[126.94107,37.50232],[126.94094,37.50261],[126.94093,37.50285],[126.94097,37.50291],[126.94146,37.50351]]}},{"type":"Feature","properties":{"class":"alley","highway":"service","sidewalk":"unknown","lanes":0,"name":"상도로34가길","oneway":false},"geometry":{"type":"LineString","coordinates":[[126.94471,37.50387],[126.94474,37.50405],[126.94461,37.50406],[126.9447,37.50449],[126.9447,37.50454]]}},{"type":"Feature","properties":{"class":"alley","highway":"service","sidewalk":"unknown","lanes":0,"name":"상도로34가길","oneway":false},"geometry":{"type":"LineString","coordinates":[[126.94563,37.5041],[126.94492,37.5044],[126.9447,37.50449]]}},{"type":"Feature","properties":{"class":"alley","highway":"service","sidewalk":"unknown","lanes":0,"name":"만양로1길","oneway":false},"geometry":{"type":"LineString","coordinates":[[126.94691,37.50568],[126.94675,37.50577],[126.94667,37.50583],[126.94663,37.50592],[126.94652,37.50643],[126.9461,37.50639],[126.94612,37.50606]]}},{"type":"Feature","properties":{"class":"alley","highway":"service","sidewalk":"unknown","lanes":0,"name":"상도로38길","oneway":false},"geometry":{"type":"LineString","coordinates":[[126.94822,37.50244],[126.9479,37.50226],[126.94879,37.50121]]}},{"type":"Feature","properties":{"class":"alley","highway":"service","sidewalk":"unknown","lanes":0,"name":"상도로38길","oneway":false},"geometry":{"type":"LineString","coordinates":[[126.94879,37.50121],[126.94921,37.50078],[126.94956,37.5004]]}},{"type":"Feature","properties":{"class":"alley","highway":"service","sidewalk":"unknown","lanes":0,"name":"상도로38길","oneway":false},"geometry":{"type":"LineString","coordinates":[[126.94833,37.50085],[126.94832,37.50077],[126.94837,37.5007],[126.94841,37.50064],[126.94855,37.50053],[126.94866,37.5005],[126.9488,37.50043],[126.94897,37.50042],[126.94913,37.50039],[126.94927,37.50032]]}},{"type":"Feature","properties":{"class":"alley","highway":"service","sidewalk":"unknown","lanes":0,"name":"양녕로36길","oneway":false},"geometry":{"type":"LineString","coordinates":[[126.94689,37.50189],[126.94705,37.50196],[126.9472,37.50196],[126.9473,37.50192]]}},{"type":"Feature","properties":{"class":"alley","highway":"service","sidewalk":"unknown","lanes":0,"name":"상도로34다길","oneway":false},"geometry":{"type":"LineString","coordinates":[[126.94609,37.50243],[126.94635,37.5023],[126.94646,37.50225]]}},{"type":"Feature","properties":{"class":"alley","highway":"service","sidewalk":"unknown","lanes":0,"name":"","oneway":false},"geometry":{"type":"LineString","coordinates":[[126.94564,37.50196],[126.94583,37.50198],[126.94599,37.50212],[126.94593,37.50226],[126.94609,37.50243]]}},{"type":"Feature","properties":{"class":"alley","highway":"service","sidewalk":"unknown","lanes":0,"name":"상도로34다길","oneway":false},"geometry":{"type":"LineString","coordinates":[[126.94609,37.50243],[126.94609,37.50247],[126.94607,37.5025],[126.94604,37.50254],[126.94596,37.50261],[126.9458,37.50277],[126.94562,37.50296],[126.94545,37.50288],[126.94521,37.50275],[126.94516,37.50275],[126.94512,37.50277],[126.94504,37.50285],[126.94495,37.50299],[126.94492,37.50308],[126.94492,37.50316],[126.94495,37.50324],[126.945,37.5033],[126.94501,37.50333],[126.94501,37.50336],[126.94498,37.50337]]}},{"type":"Feature","properties":{"class":"major","highway":"primary_link","sidewalk":"likely","lanes":0,"name":"노량진로 (유턴)","oneway":true},"geometry":{"type":"LineString","coordinates":[[126.95359,37.51258],[126.95365,37.51263],[126.95368,37.51267],[126.95369,37.5127],[126.95367,37.51272],[126.95363,37.51274],[126.95356,37.51275]]}},{"type":"Feature","properties":{"class":"alley","highway":"service","sidewalk":"unknown","lanes":0,"name":"","oneway":false},"geometry":{"type":"LineString","coordinates":[[126.94154,37.51356],[126.94154,37.51351],[126.94157,37.51276]]}},{"type":"Feature","properties":{"class":"alley","highway":"pedestrian","sidewalk":"unknown","lanes":0,"name":"","oneway":false},"geometry":{"type":"LineString","coordinates":[[126.9583,37.50542],[126.95839,37.50565]]}},{"type":"Feature","properties":{"class":"alley","highway":"pedestrian","sidewalk":"unknown","lanes":0,"name":"","oneway":false},"geometry":{"type":"LineString","coordinates":[[126.95813,37.5051],[126.95824,37.50505],[126.95832,37.50498],[126.9584,37.5049],[126.95849,37.50484]]}},{"type":"Feature","properties":{"class":"alley","highway":"pedestrian","sidewalk":"unknown","lanes":0,"name":"","oneway":false},"geometry":{"type":"LineString","coordinates":[[126.95813,37.5051],[126.95792,37.5051],[126.95773,37.50511],[126.95741,37.50462]]}},{"type":"Feature","properties":{"class":"alley","highway":"pedestrian","sidewalk":"unknown","lanes":0,"name":"","oneway":false},"geometry":{"type":"LineString","coordinates":[[126.95728,37.50441],[126.95718,37.50445],[126.95675,37.50453],[126.95666,37.50451],[126.95647,37.50455],[126.95602,37.50473],[126.956,37.50481]]}},{"type":"Feature","properties":{"class":"alley","highway":"pedestrian","sidewalk":"unknown","lanes":0,"name":"","oneway":false},"geometry":{"type":"LineString","coordinates":[[126.95741,37.50462],[126.95777,37.50448],[126.95772,37.50443],[126.95762,37.50436],[126.95728,37.50441],[126.95732,37.50448],[126.95741,37.50462]]}},{"type":"Feature","properties":{"class":"major","highway":"primary_link","sidewalk":"likely","lanes":0,"name":"","oneway":true},"geometry":{"type":"LineString","coordinates":[[126.94051,37.51773],[126.94043,37.5178],[126.9403,37.5179],[126.94016,37.51796],[126.94005,37.51799],[126.93993,37.51799],[126.93981,37.51799],[126.93932,37.51792],[126.93918,37.51791],[126.93905,37.51792],[126.93893,37.51794],[126.93888,37.51795],[126.93885,37.51797],[126.9388,37.518],[126.93871,37.51801]]}},{"type":"Feature","properties":{"class":"major","highway":"primary","sidewalk":"likely","lanes":0,"name":"노들로","oneway":true},"geometry":{"type":"LineString","coordinates":[[126.95485,37.51422],[126.95258,37.51483],[126.95149,37.5152],[126.94852,37.51638],[126.94815,37.51652],[126.94737,37.5167]]}},{"type":"Feature","properties":{"class":"major","highway":"primary","sidewalk":"likely","lanes":0,"name":"노들로","oneway":true},"geometry":{"type":"LineString","coordinates":[[126.95313,37.51462],[126.95462,37.51422],[126.95502,37.51411],[126.95547,37.51391],[126.95734,37.51297]]}},{"type":"Feature","properties":{"class":"major","highway":"primary","sidewalk":"likely","lanes":0,"name":"노들로","oneway":true},"geometry":{"type":"LineString","coordinates":[[126.95255,37.51478],[126.95313,37.51462]]}},{"type":"Feature","properties":{"class":"major","highway":"primary_link","sidewalk":"likely","lanes":1,"name":"","oneway":true},"geometry":{"type":"LineString","coordinates":[[126.95864,37.51701],[126.95864,37.51709],[126.95861,37.51716],[126.95853,37.51719],[126.95845,37.51717],[126.95837,37.51711]]}},{"type":"Feature","properties":{"class":"major","highway":"primary_link","sidewalk":"likely","lanes":1,"name":"","oneway":true},"geometry":{"type":"LineString","coordinates":[[126.95907,37.51814],[126.95905,37.51806],[126.95905,37.51799],[126.95913,37.51792],[126.95915,37.51792],[126.95921,37.51792],[126.95929,37.51796],[126.95935,37.51802]]}},{"type":"Feature","properties":{"class":"major","highway":"primary_link","sidewalk":"likely","lanes":0,"name":"노들로","oneway":true},"geometry":{"type":"LineString","coordinates":[[126.9561,37.51394],[126.95603,37.51391],[126.95599,37.51389]]}},{"type":"Feature","properties":{"class":"major","highway":"primary_link","sidewalk":"likely","lanes":0,"name":"","oneway":true},"geometry":{"type":"LineString","coordinates":[[126.95586,37.51365],[126.9559,37.51366],[126.95599,37.51369],[126.95618,37.51375],[126.95628,37.51379],[126.95639,37.51385]]}},{"type":"Feature","properties":{"class":"major","highway":"primary_link","sidewalk":"likely","lanes":0,"name":"","oneway":true},"geometry":{"type":"LineString","coordinates":[[126.95108,37.51526],[126.95134,37.51511],[126.95153,37.51498],[126.95172,37.51491],[126.95211,37.51478],[126.95234,37.51472],[126.95502,37.51398],[126.95531,37.51389],[126.95556,37.51376],[126.9557,37.51369],[126.95573,37.51368],[126.95586,37.51365]]}},{"type":"Feature","properties":{"class":"major","highway":"primary_link","sidewalk":"likely","lanes":0,"name":"","oneway":true},"geometry":{"type":"LineString","coordinates":[[126.95556,37.51376],[126.95565,37.51363]]}},{"type":"Feature","properties":{"class":"major","highway":"primary","sidewalk":"likely","lanes":0,"name":"양녕로","oneway":true},"geometry":{"type":"LineString","coordinates":[[126.95586,37.51365],[126.95568,37.51347]]}},{"type":"Feature","properties":{"class":"major","highway":"primary_link","sidewalk":"likely","lanes":0,"name":"","oneway":true},"geometry":{"type":"LineString","coordinates":[[126.95664,37.51347],[126.95652,37.51355],[126.95647,37.51359],[126.95644,37.51362],[126.95642,37.51365],[126.9564,37.51369],[126.95639,37.51372],[126.95639,37.51375],[126.95639,37.51385]]}},{"type":"Feature","properties":{"class":"major","highway":"tertiary","sidewalk":"likely","lanes":2,"name":"흑석로","oneway":false},"geometry":{"type":"LineString","coordinates":[[126.95064,37.50477],[126.95109,37.5048],[126.95151,37.50484],[126.95199,37.50489],[126.95361,37.505],[126.95375,37.50502],[126.95379,37.50503],[126.95386,37.50506],[126.95393,37.50511],[126.95405,37.50525],[126.95459,37.5062],[126.95461,37.50623],[126.95464,37.50625],[126.95468,37.50627],[126.95471,37.50628],[126.95475,37.50629],[126.9548,37.5063],[126.95485,37.5063],[126.95516,37.50627],[126.9557,37.50619],[126.95592,37.50616],[126.95602,37.50615],[126.95613,37.50616],[126.95621,37.50617],[126.9563,37.50621],[126.95643,37.50626],[126.95659,37.50634],[126.95678,37.50642],[126.9571,37.50653],[126.95729,37.50662],[126.95762,37.50673],[126.95772,37.50676],[126.95787,37.5068],[126.95799,37.50683],[126.95815,37.50686],[126.95847,37.50689],[126.95858,37.50693],[126.95865,37.50696],[126.95887,37.50709],[126.95907,37.50719],[126.95921,37.50722],[126.95929,37.50723],[126.95947,37.50726],[126.9596,37.50729],[126.96017,37.5075],[126.96026,37.50753],[126.96056,37.50762],[126.96068,37.50766],[126.96077,37.50768],[126.96101,37.50772]]}},{"type":"Feature","properties":{"class":"minor","highway":"residential","sidewalk":"unknown","lanes":0,"name":"","oneway":true},"geometry":{"type":"LineString","coordinates":[[126.9504,37.5056],[126.95018,37.50527],[126.95002,37.50512],[126.94988,37.50502],[126.94972,37.50483]]}},{"type":"Feature","properties":{"class":"major","highway":"primary","sidewalk":"likely","lanes":0,"name":"노량진로","oneway":true},"geometry":{"type":"LineString","coordinates":[[126.94363,37.51368],[126.94401,37.51369],[126.94407,37.5137]]}},{"type":"Feature","properties":{"class":"major","highway":"primary","sidewalk":"likely","lanes":0,"name":"상도로","oneway":false},"geometry":{"type":"LineString","coordinates":[[126.94395,37.50522],[126.9434,37.50521],[126.94272,37.50521],[126.94216,37.5052],[126.94143,37.50517]]}},{"type":"Feature","properties":{"class":"major","highway":"secondary","sidewalk":"likely","lanes":0,"name":"양녕로","oneway":false},"geometry":{"type":"LineString","coordinates":[[126.9477,37.50321],[126.94729,37.50297],[126.94692,37.50276],[126.94671,37.50263],[126.94665,37.50259]]}},{"type":"Feature","properties":{"class":"major","highway":"secondary","sidewalk":"likely","lanes":0,"name":"양녕로","oneway":false},"geometry":{"type":"LineString","coordinates":[[126.94568,37.50162],[126.94529,37.50099]]}},{"type":"Feature","properties":{"class":"major","highway":"primary","sidewalk":"likely","lanes":0,"name":"양녕로","oneway":false},"geometry":{"type":"LineString","coordinates":[[126.94866,37.50369],[126.9482,37.50346],[126.9477,37.50321]]}},{"type":"Feature","properties":{"class":"major","highway":"primary","sidewalk":"likely","lanes":0,"name":"노량진로","oneway":true},"geometry":{"type":"LineString","coordinates":[[126.94407,37.5137],[126.94426,37.51373]]}},{"type":"Feature","properties":{"class":"major","highway":"primary","sidewalk":"likely","lanes":6,"name":"양녕로","oneway":false},"geometry":{"type":"LineString","coordinates":[[126.94952,37.50417],[126.9492,37.504],[126.94866,37.50369]]}},{"type":"Feature","properties":{"class":"major","highway":"primary","sidewalk":"likely","lanes":4,"name":"상도로","oneway":true},"geometry":{"type":"LineString","coordinates":[[126.95153,37.49881],[126.95148,37.49887],[126.95135,37.49902],[126.95098,37.49945],[126.9504,37.50013]]}},{"type":"Feature","properties":{"class":"major","highway":"primary","sidewalk":"likely","lanes":4,"name":"상도로","oneway":true},"geometry":{"type":"LineString","coordinates":[[126.94927,37.50147],[126.94912,37.50164],[126.94885,37.50194],[126.94853,37.5023]]}},{"type":"Feature","properties":{"class":"major","highway":"primary","sidewalk":"likely","lanes":0,"name":"노량진로","oneway":true},"geometry":{"type":"LineString","coordinates":[[126.93666,37.51329],[126.93722,37.51331],[126.93741,37.51331],[126.93765,37.5133],[126.93767,37.5133],[126.9383,37.51333],[126.93837,37.51333],[126.93951,37.51344],[126.93966,37.51345],[126.94007,37.51346],[126.94021,37.51346]]}},{"type":"Feature","properties":{"class":"major","highway":"primary","sidewalk":"likely","lanes":0,"name":"노량진로","oneway":true},"geometry":{"type":"LineString","coordinates":[[126.95356,37.51275],[126.95229,37.51278]]}},{"type":"Feature","properties":{"class":"major","highway":"primary","sidewalk":"likely","lanes":0,"name":"양녕로","oneway":true},"geometry":{"type":"LineString","coordinates":[[126.95556,37.51313],[126.95576,37.51325],[126.95596,37.5134],[126.95599,37.51342],[126.95608,37.51349],[126.95616,37.51357],[126.95622,37.51365],[126.95636,37.51382],[126.95639,37.51385]]}},{"type":"Feature","properties":{"class":"major","highway":"primary","sidewalk":"likely","lanes":0,"name":"노량진로","oneway":true},"geometry":{"type":"LineString","coordinates":[[126.95229,37.51278],[126.95185,37.51277],[126.95073,37.51282],[126.94986,37.51282]]}},{"type":"Feature","properties":{"class":"major","highway":"tertiary","sidewalk":"likely","lanes":0,"name":"매봉로","oneway":false},"geometry":{"type":"LineString","coordinates":[[126.95153,37.50808],[126.9515,37.50843],[126.95125,37.50885],[126.95104,37.50902],[126.95101,37.50904],[126.95077,37.5092],[126.95076,37.50923],[126.95065,37.50948],[126.95078,37.50973],[126.95103,37.50996],[126.95112,37.51005],[126.95116,37.51026],[126.95111,37.51057],[126.95138,37.51143],[126.95156,37.51168],[126.95188,37.51196],[126.9519,37.51202],[126.95206,37.51239],[126.95211,37.5125],[126.95215,37.51261]]}},{"type":"Feature","properties":{"class":"minor","highway":"residential","sidewalk":"unknown","lanes":0,"name":"고구동산지하차도","oneway":false},"geometry":{"type":"LineString","coordinates":[[126.95276,37.50878],[126.95304,37.50892],[126.95323,37.50904],[126.9534,37.50909],[126.95357,37.50911],[126.95378,37.50909],[126.95462,37.50913]]}},{"type":"Feature","properties":{"class":"minor","highway":"residential","sidewalk":"unknown","lanes":0,"name":"매봉로6길","oneway":false},"geometry":{"type":"LineString","coordinates":[[126.95462,37.50913],[126.95484,37.50928]]}},{"type":"Feature","properties":{"class":"minor","highway":"residential","sidewalk":"unknown","lanes":0,"name":"노량진로32길","oneway":false},"geometry":{"type":"LineString","coordinates":[[126.95484,37.50928],[126.95533,37.50963],[126.95555,37.50963],[126.95565,37.50965],[126.95572,37.50973],[126.95584,37.50991],[126.95588,37.51003],[126.95595,37.51018],[126.95605,37.5104],[126.95613,37.51044],[126.95633,37.51042],[126.95651,37.51036],[126.95663,37.51034],[126.95677,37.51033],[126.95681,37.5104],[126.95669,37.51051],[126.95673,37.51058],[126.95676,37.51067],[126.95687,37.51089],[126.95696,37.511],[126.95712,37.51112],[126.95727,37.51134]]}},{"type":"Feature","properties":{"class":"minor","highway":"residential","sidewalk":"unknown","lanes":0,"name":"노량진로24길","oneway":true},"geometry":{"type":"LineString","coordinates":[[126.95328,37.51062],[126.9534,37.51064],[126.95346,37.51073],[126.95351,37.51086],[126.95364,37.51114],[126.95374,37.51138],[126.95389,37.51168],[126.95387,37.51186]]}},{"type":"Feature","properties":{"class":"major","highway":"primary","sidewalk":"likely","lanes":0,"name":"양녕로","oneway":true},"geometry":{"type":"LineString","coordinates":[[126.95387,37.51186],[126.95404,37.5121],[126.9543,37.51238],[126.95459,37.51263]]}},{"type":"Feature","properties":{"class":"major","highway":"secondary","sidewalk":"likely","lanes":0,"name":"장승배기로","oneway":false},"geometry":{"type":"LineString","coordinates":[[126.94174,37.5007],[126.94159,37.50085],[126.94124,37.50126],[126.94113,37.50138],[126.94105,37.50147],[126.94063,37.50197],[126.93993,37.50275],[126.93969,37.50328],[126.93964,37.50339],[126.93961,37.50345],[126.93931,37.50415]]}},{"type":"Feature","properties":{"class":"major","highway":"primary","sidewalk":"likely","lanes":0,"name":"상도로","oneway":false},"geometry":{"type":"LineString","coordinates":[[126.94143,37.50517],[126.94086,37.50513],[126.94043,37.50512],[126.94013,37.5051]]}},{"type":"Feature","properties":{"class":"major","highway":"tertiary","sidewalk":"likely","lanes":0,"name":"만양로","oneway":false},"geometry":{"type":"LineString","coordinates":[[126.94807,37.5072],[126.94808,37.50728],[126.94805,37.5074],[126.94797,37.50754],[126.94792,37.50764],[126.94778,37.50778],[126.94736,37.50813],[126.94712,37.50832],[126.94673,37.50866],[126.94649,37.50887],[126.94642,37.50893],[126.94634,37.509],[126.94585,37.50941],[126.94557,37.50962],[126.94554,37.50965],[126.94507,37.51005],[126.94492,37.51026],[126.94465,37.51061],[126.94446,37.5112],[126.94443,37.51127],[126.94439,37.51135],[126.94431,37.51155],[126.94431,37.51156],[126.9443,37.51164],[126.94428,37.51174],[126.94426,37.5119],[126.94426,37.51199],[126.94426,37.51254],[126.94426,37.51327],[126.94426,37.51346],[126.94426,37.51356],[126.94426,37.51373]]}},{"type":"Feature","properties":{"class":"major","highway":"primary","sidewalk":"likely","lanes":0,"name":"노들로","oneway":true},"geometry":{"type":"LineString","coordinates":[[126.94737,37.5167],[126.94687,37.51677],[126.94655,37.51679],[126.94624,37.51679],[126.94593,37.51678],[126.94555,37.51673],[126.94434,37.51659],[126.94219,37.51633],[126.93969,37.51592],[126.93815,37.51561],[126.93712,37.51543],[126.93641,37.51531],[126.93563,37.51518],[126.93505,37.51509],[126.93323,37.51488],[126.92962,37.5146]]}},{"type":"Feature","properties":{"class":"major","highway":"primary_link","sidewalk":"likely","lanes":0,"name":"","oneway":true},"geometry":{"type":"LineString","coordinates":[[126.94126,37.51633],[126.94042,37.5162],[126.9397,37.51609],[126.93907,37.51594],[126.93863,37.51581],[126.93814,37.51569],[126.93712,37.51543]]}},{"type":"Feature","properties":{"class":"major","highway":"trunk_link","sidewalk":"likely","lanes":0,"name":"","oneway":true},"geometry":{"type":"LineString","coordinates":[[126.94108,37.5171],[126.94083,37.51705],[126.94039,37.51697],[126.94009,37.51695],[126.93966,37.5169],[126.93945,37.51688],[126.93916,37.51683],[126.93883,37.51675],[126.93791,37.51653],[126.93737,37.5164],[126.93602,37.51616],[126.93534,37.51593]]}},{"type":"Feature","properties":{"class":"major","highway":"trunk","sidewalk":"likely","lanes":4,"name":"올림픽대로","oneway":true},"geometry":{"type":"LineString","coordinates":[[126.90167,37.53817],[126.9021,37.53775],[126.90265,37.53728],[126.90315,37.53694],[126.90363,37.53669],[126.90522,37.53592],[126.90604,37.53549],[126.90649,37.53522],[126.90694,37.53491],[126.90737,37.53457],[126.90779,37.53419],[126.90805,37.53392],[126.90839,37.53352],[126.9088,37.53296],[126.90902,37.53264],[126.90923,37.53226],[126.90936,37.53198],[126.90975,37.53082],[126.91028,37.52902],[126.91042,37.52853],[126.91078,37.52728],[126.91114,37.52617],[126.91169,37.52533],[126.91261,37.52394],[126.91396,37.52196],[126.91473,37.52086],[126.91495,37.52053],[126.91548,37.51978],[126.91587,37.51932],[126.91644,37.5188],[126.91677,37.51858],[126.91752,37.5182],[126.9227,37.51627],[126.92427,37.51572],[126.92511,37.51545],[126.92545,37.51536],[126.92616,37.51519],[126.92679,37.51508],[126.92775,37.51494],[126.92841,37.51491],[126.92907,37.51489],[126.93038,37.51495],[126.93126,37.515],[126.9321,37.51515],[126.94433,37.51739],[126.94492,37.51747],[126.94559,37.51749],[126.94622,37.51747],[126.94677,37.51742],[126.9474,37.51727],[126.9479,37.51708],[126.9486,37.5168],[126.94968,37.51615],[126.95022,37.51592],[126.95074,37.51573],[126.95096,37.51565],[126.95275,37.51512]]}},{"type":"Feature","properties":{"class":"major","highway":"primary_link","sidewalk":"likely","lanes":8,"name":"","oneway":true},"geometry":{"type":"LineString","coordinates":[[126.95714,37.51322],[126.95664,37.51347]]}},{"type":"Feature","properties":{"class":"major","highway":"primary_link","sidewalk":"likely","lanes":0,"name":"노들로","oneway":true},"geometry":{"type":"LineString","coordinates":[[126.95599,37.51389],[126.95593,37.51387],[126.95585,37.51387]]}},{"type":"Feature","properties":{"class":"major","highway":"primary_link","sidewalk":"likely","lanes":0,"name":"","oneway":true},"geometry":{"type":"LineString","coordinates":[[126.95585,37.51387],[126.9555,37.51404],[126.95514,37.5142],[126.95301,37.51478],[126.95248,37.51492],[126.952,37.51505],[126.95149,37.5152]]}},{"type":"Feature","properties":{"class":"major","highway":"primary_link","sidewalk":"likely","lanes":0,"name":"","oneway":true},"geometry":{"type":"LineString","coordinates":[[126.95565,37.51363],[126.95568,37.51354],[126.95568,37.51347]]}},{"type":"Feature","properties":{"class":"major","highway":"primary_link","sidewalk":"likely","lanes":8,"name":"","oneway":true},"geometry":{"type":"LineString","coordinates":[[126.95664,37.51347],[126.95622,37.51365]]}},{"type":"Feature","properties":{"class":"major","highway":"secondary_link","sidewalk":"likely","lanes":0,"name":"","oneway":true},"geometry":{"type":"LineString","coordinates":[[126.94568,37.50162],[126.94552,37.50157],[126.9454,37.5014],[126.94529,37.50123],[126.94514,37.50099],[126.94497,37.50073],[126.9448,37.50045],[126.94426,37.49958],[126.94431,37.49942]]}},{"type":"Feature","properties":{"class":"major","highway":"secondary_link","sidewalk":"likely","lanes":0,"name":"","oneway":true},"geometry":{"type":"LineString","coordinates":[[126.94431,37.49942],[126.94449,37.49948],[126.94459,37.49959],[126.94469,37.49976],[126.94478,37.49992],[126.94503,37.50034],[126.94504,37.50035],[126.94516,37.50053],[126.94523,37.50064],[126.94539,37.50091],[126.9454,37.50093],[126.94577,37.50148],[126.94568,37.50162]]}},{"type":"Feature","properties":{"class":"minor","highway":"residential","sidewalk":"unknown","lanes":0,"name":"노량진로23가길","oneway":false},"geometry":{"type":"LineString","coordinates":[[126.9518,37.51455],[126.95161,37.51448],[126.95144,37.51442],[126.94997,37.51519]]}},{"type":"Feature","properties":{"class":"minor","highway":"residential","sidewalk":"unknown","lanes":0,"name":"노량진로23가길","oneway":false},"geometry":{"type":"LineString","coordinates":[[126.95144,37.51442],[126.95158,37.51425],[126.95166,37.51404],[126.95196,37.51388]]}},{"type":"Feature","properties":{"class":"minor","highway":"residential","sidewalk":"unknown","lanes":0,"name":"","oneway":false},"geometry":{"type":"LineString","coordinates":[[126.95161,37.51448],[126.95185,37.51437]]}},{"type":"Feature","properties":{"class":"minor","highway":"residential","sidewalk":"unknown","lanes":0,"name":"노량진로23가길","oneway":false},"geometry":{"type":"LineString","coordinates":[[126.94997,37.51519],[126.9495,37.51459],[126.94969,37.51428],[126.94967,37.51397]]}},{"type":"Feature","properties":{"class":"alley","highway":"service","sidewalk":"unknown","lanes":0,"name":"","oneway":false},"geometry":{"type":"LineString","coordinates":[[126.94157,37.51276],[126.94159,37.51248]]}},{"type":"Feature","properties":{"class":"alley","highway":"service","sidewalk":"unknown","lanes":0,"name":"","oneway":false},"geometry":{"type":"LineString","coordinates":[[126.94159,37.51248],[126.94159,37.51235]]}},{"type":"Feature","properties":{"class":"alley","highway":"service","sidewalk":"unknown","lanes":0,"name":"","oneway":true},"geometry":{"type":"LineString","coordinates":[[126.94251,37.51504],[126.94245,37.51497],[126.94241,37.51494],[126.94158,37.5148],[126.94145,37.51481],[126.94142,37.51481],[126.94137,37.5148],[126.94108,37.51468],[126.94102,37.51466],[126.94094,37.51466],[126.94082,37.51468],[126.94027,37.51479],[126.94024,37.51488],[126.94008,37.51546],[126.94008,37.51551],[126.94011,37.51554],[126.94016,37.51556],[126.94092,37.51568],[126.94202,37.51585],[126.94236,37.51591],[126.94243,37.51594]]}},{"type":"Feature","properties":{"class":"major","highway":"primary","sidewalk":"likely","lanes":0,"name":"노량진로","oneway":true},"geometry":{"type":"LineString","coordinates":[[126.9479,37.51313],[126.94824,37.513],[126.94928,37.51276],[126.94944,37.51274],[126.94967,37.51271],[126.95,37.5127]]}},{"type":"Feature","properties":{"class":"major","highway":"primary","sidewalk":"likely","lanes":0,"name":"노량진로","oneway":true},"geometry":{"type":"LineString","coordinates":[[126.95,37.5127],[126.95073,37.51268],[126.95154,37.51262],[126.95215,37.51261]]}},{"type":"Feature","properties":{"class":"major","highway":"primary","sidewalk":"likely","lanes":0,"name":"노량진로","oneway":true},"geometry":{"type":"LineString","coordinates":[[126.94986,37.51282],[126.94947,37.51288],[126.94827,37.51314],[126.94715,37.51341],[126.9468,37.51349],[126.94665,37.51352]]}},{"type":"Feature","properties":{"class":"alley","highway":"pedestrian","sidewalk":"unknown","lanes":0,"name":"","oneway":false},"geometry":{"type":"LineString","coordinates":[[126.94135,37.51963],[126.9414,37.51971],[126.94148,37.51987],[126.94158,37.52008],[126.94165,37.52023],[126.9417,37.5204],[126.94174,37.52059],[126.94176,37.52087],[126.94176,37.521],[126.94174,37.52121],[126.9417,37.52143],[126.94163,37.52163],[126.94156,37.5218],[126.94142,37.52205],[126.94131,37.52214],[126.94112,37.52231],[126.94105,37.52236],[126.94088,37.5225],[126.9408,37.52258],[126.94072,37.52266],[126.94056,37.52283],[126.94032,37.52305],[126.94012,37.52342]]}},{"type":"Feature","properties":{"class":"major","highway":"primary","sidewalk":"likely","lanes":0,"name":"노들로","oneway":true},"geometry":{"type":"LineString","coordinates":[[126.92963,37.51451],[126.9331,37.51478],[126.93387,37.51485],[126.93492,37.51498],[126.93666,37.51527],[126.93813,37.51554],[126.93977,37.51581],[126.94186,37.51617],[126.94442,37.51649],[126.94512,37.51662],[126.94569,37.51669],[126.94612,37.51672],[126.94657,37.51672],[126.94692,37.5167],[126.94736,37.51662],[126.94812,37.51643],[126.94844,37.51632],[126.95108,37.51526],[126.95255,37.51478]]}},{"type":"Feature","properties":{"class":"major","highway":"primary","sidewalk":"likely","lanes":0,"name":"노들로","oneway":true},"geometry":{"type":"LineString","coordinates":[[126.95739,37.51302],[126.95553,37.51395],[126.95507,37.51416],[126.95485,37.51422]]}},{"type":"Feature","properties":{"class":"major","highway":"primary_link","sidewalk":"likely","lanes":8,"name":"","oneway":true},"geometry":{"type":"LineString","coordinates":[[126.95647,37.51327],[126.95661,37.51321],[126.95714,37.51293],[126.95773,37.51266],[126.95804,37.51252],[126.95862,37.51234]]}},{"type":"Feature","properties":{"class":"alley","highway":"service","sidewalk":"unknown","lanes":0,"name":"노량진로16길","oneway":false},"geometry":{"type":"LineString","coordinates":[[126.94369,37.51303],[126.94353,37.51303]]}},{"type":"Feature","properties":{"class":"minor","highway":"residential","sidewalk":"unknown","lanes":0,"name":"노량진로16길","oneway":true},"geometry":{"type":"LineString","coordinates":[[126.94426,37.5119],[126.94418,37.51194],[126.94412,37.51197],[126.94406,37.51203],[126.94404,37.5121],[126.94396,37.51232],[126.94371,37.51276]]}},{"type":"Feature","properties":{"class":"alley","highway":"service","sidewalk":"unknown","lanes":0,"name":"","oneway":false},"geometry":{"type":"LineString","coordinates":[[126.94353,37.51303],[126.94353,37.51313],[126.94341,37.51313]]}},{"type":"Feature","properties":{"class":"alley","highway":"service","sidewalk":"unknown","lanes":0,"name":"노량진로16길","oneway":false},"geometry":{"type":"LineString","coordinates":[[126.94353,37.51303],[126.94324,37.51302]]}},{"type":"Feature","properties":{"class":"alley","highway":"service","sidewalk":"unknown","lanes":0,"name":"노량진로16길","oneway":false},"geometry":{"type":"LineString","coordinates":[[126.94324,37.51302],[126.94324,37.51309]]}},{"type":"Feature","properties":{"class":"alley","highway":"service","sidewalk":"unknown","lanes":0,"name":"노량진로16길","oneway":false},"geometry":{"type":"LineString","coordinates":[[126.94324,37.51309],[126.94309,37.51309]]}},{"type":"Feature","properties":{"class":"alley","highway":"service","sidewalk":"unknown","lanes":0,"name":"노량진로14길","oneway":false},"geometry":{"type":"LineString","coordinates":[[126.94205,37.51308],[126.94226,37.51308],[126.94233,37.51309],[126.94238,37.51309],[126.94238,37.51298]]}},{"type":"Feature","properties":{"class":"minor","highway":"residential","sidewalk":"unknown","lanes":0,"name":"만양로14가길","oneway":false},"geometry":{"type":"LineString","coordinates":[[126.94459,37.51321],[126.9448,37.51285],[126.94482,37.51281],[126.94502,37.5125],[126.94503,37.51244]]}},{"type":"Feature","properties":{"class":"minor","highway":"residential","sidewalk":"unknown","lanes":0,"name":"만양로18길","oneway":false},"geometry":{"type":"LineString","coordinates":[[126.94459,37.51321],[126.94516,37.5131],[126.94546,37.51305],[126.94634,37.5129]]}},{"type":"Feature","properties":{"class":"minor","highway":"residential","sidewalk":"unknown","lanes":0,"name":"만양로18길","oneway":false},"geometry":{"type":"LineString","coordinates":[[126.94634,37.5129],[126.94647,37.51339],[126.94648,37.51343]]}},{"type":"Feature","properties":{"class":"alley","highway":"service","sidewalk":"unknown","lanes":0,"name":"만양로18길","oneway":false},"geometry":{"type":"LineString","coordinates":[[126.94546,37.51305],[126.94551,37.51319],[126.94627,37.51306]]}},{"type":"Feature","properties":{"class":"alley","highway":"service","sidewalk":"unknown","lanes":0,"name":"","oneway":false},"geometry":{"type":"LineString","coordinates":[[126.94518,37.51326],[126.94551,37.51319]]}},{"type":"Feature","properties":{"class":"minor","highway":"unclassified","sidewalk":"unknown","lanes":0,"name":"만양로14가길","oneway":false},"geometry":{"type":"LineString","coordinates":[[126.94459,37.51321],[126.94439,37.5135],[126.94426,37.51356]]}},{"type":"Feature","properties":{"class":"major","highway":"primary","sidewalk":"likely","lanes":0,"name":"노량진로","oneway":true},"geometry":{"type":"LineString","coordinates":[[126.94426,37.51373],[126.94451,37.51375],[126.94481,37.51376],[126.94501,37.51375],[126.9452,37.51372],[126.94648,37.51343],[126.94662,37.51341]]}},{"type":"Feature","properties":{"class":"alley","highway":"pedestrian","sidewalk":"unknown","lanes":0,"name":"","oneway":false},"geometry":{"type":"LineString","coordinates":[[126.94432,37.5133],[126.94431,37.51343],[126.94432,37.51344],[126.94433,37.51345],[126.94434,37.51345],[126.94434,37.51344],[126.94442,37.51334],[126.94437,37.51339],[126.94436,37.51339],[126.94435,37.51339],[126.94434,37.51339],[126.94432,37.5133]]}},{"type":"Feature","properties":{"class":"alley","highway":"service","sidewalk":"unknown","lanes":0,"name":"","oneway":false},"geometry":{"type":"LineString","coordinates":[[126.94516,37.5131],[126.94508,37.5128]]}},{"type":"Feature","properties":{"class":"alley","highway":"service","sidewalk":"unknown","lanes":0,"name":"만양로14가길","oneway":false},"geometry":{"type":"LineString","coordinates":[[126.9448,37.51285],[126.94508,37.5128],[126.94547,37.51273]]}},{"type":"Feature","properties":{"class":"alley","highway":"service","sidewalk":"unknown","lanes":0,"name":"노량진로14길","oneway":false},"geometry":{"type":"LineString","coordinates":[[126.94213,37.51284],[126.94207,37.51279],[126.94207,37.5126],[126.94207,37.5125]]}},{"type":"Feature","properties":{"class":"alley","highway":"service","sidewalk":"unknown","lanes":0,"name":"노량진로","oneway":false},"geometry":{"type":"LineString","coordinates":[[126.94725,37.51322],[126.94712,37.51288]]}},{"type":"Feature","properties":{"class":"alley","highway":"service","sidewalk":"unknown","lanes":0,"name":"만양로14길","oneway":false},"geometry":{"type":"LineString","coordinates":[[126.94629,37.51225],[126.94622,37.51241],[126.94622,37.51243],[126.94628,37.51249]]}},{"type":"Feature","properties":{"class":"alley","highway":"service","sidewalk":"unknown","lanes":0,"name":"노량진로","oneway":false},"geometry":{"type":"LineString","coordinates":[[126.94523,37.51426],[126.94591,37.51434],[126.94591,37.51434],[126.94592,37.51433]]}},{"type":"Feature","properties":{"class":"alley","highway":"service","sidewalk":"unknown","lanes":0,"name":"노량진로","oneway":false},"geometry":{"type":"LineString","coordinates":[[126.94592,37.51433],[126.94592,37.51433],[126.94591,37.51432],[126.94539,37.51392],[126.94536,37.51385]]}},{"type":"Feature","properties":{"class":"alley","highway":"service","sidewalk":"unknown","lanes":0,"name":"장승배기로30길","oneway":false},"geometry":{"type":"LineString","coordinates":[[126.94026,37.51272],[126.94032,37.51272],[126.94058,37.51271],[126.94093,37.51272],[126.941,37.51272],[126.94108,37.51271]]}},{"type":"Feature","properties":{"class":"alley","highway":"service","sidewalk":"unknown","lanes":0,"name":"장승배기로30길","oneway":false},"geometry":{"type":"LineString","coordinates":[[126.94093,37.51272],[126.94094,37.51327]]}},{"type":"Feature","properties":{"class":"alley","highway":"service","sidewalk":"unknown","lanes":0,"name":"장승배기로30길","oneway":false},"geometry":{"type":"LineString","coordinates":[[126.94094,37.51327],[126.94058,37.51324]]}},{"type":"Feature","properties":{"class":"major","highway":"primary_link","sidewalk":"likely","lanes":1,"name":"","oneway":true},"geometry":{"type":"LineString","coordinates":[[126.94021,37.51321],[126.94034,37.51337],[126.94051,37.51349]]}},{"type":"Feature","properties":{"class":"major","highway":"primary_link","sidewalk":"likely","lanes":1,"name":"","oneway":true},"geometry":{"type":"LineString","coordinates":[[126.93966,37.51345],[126.93994,37.51336],[126.94021,37.51321]]}},{"type":"Feature","properties":{"class":"alley","highway":"service","sidewalk":"unknown","lanes":0,"name":"","oneway":false},"geometry":{"type":"LineString","coordinates":[[126.94036,37.51243],[126.94054,37.51222],[126.94057,37.51215],[126.94065,37.51206],[126.94067,37.51192]]}},{"type":"Feature","properties":{"class":"alley","highway":"service","sidewalk":"unknown","lanes":0,"name":"","oneway":false},"geometry":{"type":"LineString","coordinates":[[126.94089,37.51204],[126.94089,37.51225],[126.94105,37.5123],[126.94108,37.51233]]}},{"type":"Feature","properties":{"class":"alley","highway":"service","sidewalk":"unknown","lanes":0,"name":"장승배기로30길","oneway":false},"geometry":{"type":"LineString","coordinates":[[126.941,37.51272],[126.94099,37.51256],[126.94099,37.51245]]}},{"type":"Feature","properties":{"class":"alley","highway":"service","sidewalk":"unknown","lanes":0,"name":"","oneway":false},"geometry":{"type":"LineString","coordinates":[[126.94099,37.51256],[126.94115,37.51256]]}},{"type":"Feature","properties":{"class":"minor","highway":"residential","sidewalk":"unknown","lanes":0,"name":"장승배기로28길","oneway":true},"geometry":{"type":"LineString","coordinates":[[126.94159,37.51235],[126.94149,37.51233],[126.94129,37.51232],[126.94108,37.51233],[126.94102,37.51233],[126.94075,37.51237],[126.94036,37.51243],[126.94026,37.51244]]}},{"type":"Feature","properties":{"class":"alley","highway":"service","sidewalk":"unknown","lanes":0,"name":"장승배기로30길","oneway":false},"geometry":{"type":"LineString","coordinates":[[126.94058,37.51324],[126.94045,37.51326]]}},{"type":"Feature","properties":{"class":"minor","highway":"residential","sidewalk":"unknown","lanes":0,"name":"노량진로14길","oneway":false},"geometry":{"type":"LineString","coordinates":[[126.94253,37.51245],[126.94252,37.51248],[126.94233,37.51266],[126.94221,37.51276],[126.94213,37.51284],[126.9421,37.51286],[126.94207,37.51293],[126.94205,37.51308],[126.94203,37.51327],[126.942,37.51353],[126.942,37.51358]]}},{"type":"Feature","properties":{"class":"alley","highway":"service","sidewalk":"unknown","lanes":0,"name":"만양로","oneway":false},"geometry":{"type":"LineString","coordinates":[[126.94426,37.51254],[126.94451,37.51263],[126.94455,37.51263]]}},{"type":"Feature","properties":{"class":"alley","highway":"service","sidewalk":"unknown","lanes":0,"name":"만양로","oneway":false},"geometry":{"type":"LineString","coordinates":[[126.94455,37.51263],[126.94458,37.51261],[126.9446,37.51259],[126.9446,37.51256],[126.9447,37.5122]]}},{"type":"Feature","properties":{"class":"minor","highway":"residential","sidewalk":"unknown","lanes":0,"name":"만양로16길","oneway":false},"geometry":{"type":"LineString","coordinates":[[126.9443,37.51164],[126.94453,37.51167],[126.94469,37.51169]]}},{"type":"Feature","properties":{"class":"alley","highway":"service","sidewalk":"unknown","lanes":0,"name":"만양로16길","oneway":false},"geometry":{"type":"LineString","coordinates":[[126.9447,37.5122],[126.94462,37.51217],[126.94462,37.51216]]}},{"type":"Feature","properties":{"class":"alley","highway":"service","sidewalk":"unknown","lanes":0,"name":"만양로16길","oneway":false},"geometry":{"type":"LineString","coordinates":[[126.94462,37.51216],[126.94469,37.51169]]}},{"type":"Feature","properties":{"class":"alley","highway":"service","sidewalk":"unknown","lanes":0,"name":"","oneway":false},"geometry":{"type":"LineString","coordinates":[[126.94469,37.51169],[126.9447,37.51165],[126.94475,37.51149]]}},{"type":"Feature","properties":{"class":"alley","highway":"service","sidewalk":"unknown","lanes":0,"name":"","oneway":false},"geometry":{"type":"LineString","coordinates":[[126.94439,37.51135],[126.94462,37.51144]]}},{"type":"Feature","properties":{"class":"alley","highway":"service","sidewalk":"unknown","lanes":0,"name":"","oneway":false},"geometry":{"type":"LineString","coordinates":[[126.94453,37.51167],[126.94462,37.51144]]}},{"type":"Feature","properties":{"class":"alley","highway":"service","sidewalk":"unknown","lanes":0,"name":"만양로16길","oneway":false},"geometry":{"type":"LineString","coordinates":[[126.9447,37.5122],[126.94482,37.51222],[126.94484,37.51222],[126.94485,37.5122]]}},{"type":"Feature","properties":{"class":"alley","highway":"service","sidewalk":"unknown","lanes":0,"name":"만양로16길","oneway":false},"geometry":{"type":"LineString","coordinates":[[126.94485,37.5122],[126.94497,37.51169],[126.945,37.5116]]}},{"type":"Feature","properties":{"class":"alley","highway":"service","sidewalk":"unknown","lanes":0,"name":"","oneway":false},"geometry":{"type":"LineString","coordinates":[[126.94475,37.51149],[126.945,37.5116]]}},{"type":"Feature","properties":{"class":"alley","highway":"service","sidewalk":"unknown","lanes":0,"name":"","oneway":false},"geometry":{"type":"LineString","coordinates":[[126.94462,37.51144],[126.94475,37.51149]]}},{"type":"Feature","properties":{"class":"alley","highway":"service","sidewalk":"unknown","lanes":0,"name":"만양로16길","oneway":false},"geometry":{"type":"LineString","coordinates":[[126.945,37.5116],[126.94507,37.51162],[126.94509,37.51161],[126.94512,37.51155]]}},{"type":"Feature","properties":{"class":"alley","highway":"service","sidewalk":"unknown","lanes":0,"name":"","oneway":false},"geometry":{"type":"LineString","coordinates":[[126.94451,37.51187],[126.94453,37.51167]]}},{"type":"Feature","properties":{"class":"alley","highway":"service","sidewalk":"unknown","lanes":0,"name":"만양로14가길","oneway":false},"geometry":{"type":"LineString","coordinates":[[126.9446,37.51256],[126.9448,37.51251],[126.94497,37.51249],[126.94503,37.51244]]}},{"type":"Feature","properties":{"class":"minor","highway":"residential","sidewalk":"unknown","lanes":0,"name":"만양로14가길","oneway":false},"geometry":{"type":"LineString","coordinates":[[126.94503,37.51244],[126.94514,37.51205],[126.94525,37.51163]]}},{"type":"Feature","properties":{"class":"minor","highway":"residential","sidewalk":"unknown","lanes":0,"name":"만양로14길","oneway":false},"geometry":{"type":"LineString","coordinates":[[126.94525,37.51163],[126.94518,37.51159],[126.94512,37.51155],[126.94476,37.51135],[126.94446,37.5112]]}},{"type":"Feature","properties":{"class":"minor","highway":"residential","sidewalk":"unknown","lanes":0,"name":"만양로14길","oneway":false},"geometry":{"type":"LineString","coordinates":[[126.94611,37.5122],[126.94591,37.51213],[126.94569,37.51202],[126.94538,37.5117],[126.94531,37.51166],[126.94525,37.51163]]}},{"type":"Feature","properties":{"class":"minor","highway":"residential","sidewalk":"unknown","lanes":0,"name":"만양로14길","oneway":false},"geometry":{"type":"LineString","coordinates":[[126.94697,37.51243],[126.94667,37.51235]]}},{"type":"Feature","properties":{"class":"minor","highway":"residential","sidewalk":"unknown","lanes":0,"name":"만양로14길","oneway":false},"geometry":{"type":"LineString","coordinates":[[126.94667,37.51235],[126.94629,37.51225],[126.94619,37.51223],[126.94611,37.5122]]}},{"type":"Feature","properties":{"class":"alley","highway":"service","sidewalk":"unknown","lanes":0,"name":"","oneway":false},"geometry":{"type":"LineString","coordinates":[[126.9447,37.51165],[126.94497,37.51169]]}},{"type":"Feature","properties":{"class":"alley","highway":"service","sidewalk":"unknown","lanes":0,"name":"만양로14길","oneway":false},"geometry":{"type":"LineString","coordinates":[[126.94521,37.51247],[126.9453,37.51215]]}},{"type":"Feature","properties":{"class":"alley","highway":"service","sidewalk":"unknown","lanes":0,"name":"","oneway":false},"geometry":{"type":"LineString","coordinates":[[126.94586,37.51232],[126.94583,37.51227],[126.94583,37.51224],[126.94591,37.51213]]}},{"type":"Feature","properties":{"class":"minor","highway":"residential","sidewalk":"unknown","lanes":0,"name":"만양로14나길","oneway":false},"geometry":{"type":"LineString","coordinates":[[126.94586,37.51232],[126.94614,37.51232]]}},{"type":"Feature","properties":{"class":"minor","highway":"residential","sidewalk":"unknown","lanes":0,"name":"만양로14나길","oneway":false},"geometry":{"type":"LineString","coordinates":[[126.94614,37.51232],[126.94619,37.51223]]}},{"type":"Feature","properties":{"class":"alley","highway":"service","sidewalk":"unknown","lanes":0,"name":"","oneway":false},"geometry":{"type":"LineString","coordinates":[[126.94665,37.50899],[126.94689,37.50912]]}},{"type":"Feature","properties":{"class":"alley","highway":"service","sidewalk":"unknown","lanes":0,"name":"만양로10길","oneway":false},"geometry":{"type":"LineString","coordinates":[[126.94651,37.50978],[126.94665,37.50899],[126.94649,37.50887]]}},{"type":"Feature","properties":{"class":"minor","highway":"residential","sidewalk":"unknown","lanes":0,"name":"상도로41길","oneway":false},"geometry":{"type":"LineString","coordinates":[[126.95194,37.50258],[126.95163,37.50257]]}},{"type":"Feature","properties":{"class":"alley","highway":"service","sidewalk":"unknown","lanes":0,"name":"상도로47나길","oneway":false},"geometry":{"type":"LineString","coordinates":[[126.9531,37.49968],[126.95317,37.50003],[126.95324,37.50019],[126.95367,37.50031]]}},{"type":"Feature","properties":{"class":"alley","highway":"service","sidewalk":"unknown","lanes":0,"name":"상도로47마길","oneway":false},"geometry":{"type":"LineString","coordinates":[[126.95083,37.50137],[126.9511,37.50107]]}},{"type":"Feature","properties":{"class":"alley","highway":"service","sidewalk":"unknown","lanes":0,"name":"상도로47가길","oneway":false},"geometry":{"type":"LineString","coordinates":[[126.95065,37.50127],[126.95092,37.50097],[126.95124,37.5006],[126.95175,37.50002]]}},{"type":"Feature","properties":{"class":"alley","highway":"service","sidewalk":"unknown","lanes":0,"name":"상도로43길","oneway":false},"geometry":{"type":"LineString","coordinates":[[126.95065,37.50127],[126.95025,37.50105],[126.94982,37.50081]]}},{"type":"Feature","properties":{"class":"alley","highway":"pedestrian","sidewalk":"unknown","lanes":0,"name":"","oneway":false},"geometry":{"type":"LineString","coordinates":[[126.95672,37.5044],[126.95708,37.50425],[126.95705,37.50421],[126.95698,37.50424],[126.95689,37.5041],[126.95682,37.504],[126.95653,37.50412],[126.95672,37.5044]]}},{"type":"Feature","properties":{"class":"alley","highway":"pedestrian","sidewalk":"unknown","lanes":0,"name":"","oneway":false},"geometry":{"type":"LineString","coordinates":[[126.95618,37.50509],[126.95602,37.50511],[126.95596,37.50502],[126.95566,37.50514],[126.95556,37.50499],[126.956,37.50481],[126.95599,37.50485],[126.95615,37.50502],[126.95618,37.50509]]}},{"type":"Feature","properties":{"class":"alley","highway":"service","sidewalk":"unknown","lanes":0,"name":"","oneway":false},"geometry":{"type":"LineString","coordinates":[[126.9566,37.5052],[126.95717,37.5049]]}},{"type":"Feature","properties":{"class":"alley","highway":"pedestrian","sidewalk":"unknown","lanes":0,"name":"","oneway":false},"geometry":{"type":"LineString","coordinates":[[126.95394,37.50501],[126.95508,37.50449],[126.95504,37.50444],[126.95531,37.50432],[126.95528,37.50409],[126.95534,37.50406],[126.95546,37.50413],[126.95556,37.50416],[126.95539,37.50406],[126.95566,37.50417],[126.95571,37.50422],[126.95575,37.50427],[126.95566,37.50431],[126.9557,37.50437],[126.9559,37.50429],[126.95598,37.50442],[126.95579,37.50449],[126.95571,37.50453],[126.95567,37.50448],[126.95534,37.50462],[126.95529,37.50455],[126.9552,37.50459],[126.95524,37.50465],[126.95517,37.50469],[126.95511,37.5046],[126.95492,37.50467],[126.95503,37.50484],[126.95491,37.50489],[126.95481,37.50474],[126.9545,37.50486],[126.95459,37.505],[126.95425,37.50513],[126.95421,37.5051],[126.95413,37.50516],[126.95394,37.50501]]}},{"type":"Feature","properties":{"class":"alley","highway":"pedestrian","sidewalk":"unknown","lanes":0,"name":"","oneway":false},"geometry":{"type":"LineString","coordinates":[[126.9562,37.5043],[126.95608,37.50435],[126.95598,37.50419],[126.9564,37.50401],[126.95647,37.50385],[126.95655,37.50403],[126.95679,37.50393],[126.95679,37.50384],[126.95679,37.50372],[126.95679,37.50353],[126.95695,37.50373],[126.95695,37.50388],[126.95696,37.50398],[126.95691,37.504],[126.95696,37.50407],[126.95689,37.5041],[126.95682,37.504],[126.95653,37.50412],[126.95642,37.50417],[126.9563,37.50418],[126.95616,37.50424],[126.9562,37.5043]]}},{"type":"Feature","properties":{"class":"alley","highway":"pedestrian","sidewalk":"unknown","lanes":0,"name":"","oneway":false},"geometry":{"type":"LineString","coordinates":[[126.95726,37.50377],[126.95724,37.50395]]}},{"type":"Feature","properties":{"class":"alley","highway":"pedestrian","sidewalk":"unknown","lanes":0,"name":"","oneway":false},"geometry":{"type":"LineString","coordinates":[[126.95718,37.50445],[126.95708,37.50428],[126.95713,37.50426]]}},{"type":"Feature","properties":{"class":"alley","highway":"pedestrian","sidewalk":"unknown","lanes":0,"name":"","oneway":false},"geometry":{"type":"LineString","coordinates":[[126.95708,37.50428],[126.95718,37.50445],[126.95675,37.50453],[126.95666,37.50451],[126.95663,37.50447],[126.95708,37.50428]]}},{"type":"Feature","properties":{"class":"alley","highway":"service","sidewalk":"unknown","lanes":0,"name":"","oneway":false},"geometry":{"type":"LineString","coordinates":[[126.95738,37.50379],[126.95726,37.50377]]}},{"type":"Feature","properties":{"class":"alley","highway":"service","sidewalk":"unknown","lanes":0,"name":"","oneway":false},"geometry":{"type":"LineString","coordinates":[[126.95739,37.50337],[126.9573,37.50337]]}},{"type":"Feature","properties":{"class":"alley","highway":"service","sidewalk":"unknown","lanes":0,"name":"","oneway":false},"geometry":{"type":"LineString","coordinates":[[126.95781,37.50427],[126.95785,37.50441]]}},{"type":"Feature","properties":{"class":"alley","highway":"pedestrian","sidewalk":"unknown","lanes":0,"name":"","oneway":false},"geometry":{"type":"LineString","coordinates":[[126.95822,37.50527],[126.9586,37.50513]]}},{"type":"Feature","properties":{"class":"alley","highway":"pedestrian","sidewalk":"unknown","lanes":0,"name":"","oneway":false},"geometry":{"type":"LineString","coordinates":[[126.95822,37.50527],[126.9578,37.5054]]}},{"type":"Feature","properties":{"class":"alley","highway":"pedestrian","sidewalk":"unknown","lanes":0,"name":"","oneway":false},"geometry":{"type":"LineString","coordinates":[[126.95773,37.50511],[126.95775,37.50522]]}},{"type":"Feature","properties":{"class":"alley","highway":"pedestrian","sidewalk":"unknown","lanes":0,"name":"","oneway":false},"geometry":{"type":"LineString","coordinates":[[126.95882,37.50581],[126.9584,37.50579]]}},{"type":"Feature","properties":{"class":"alley","highway":"service","sidewalk":"unknown","lanes":0,"name":"흑석로6길","oneway":false},"geometry":{"type":"LineString","coordinates":[[126.95643,37.50609],[126.95656,37.50592],[126.95666,37.50578]]}},{"type":"Feature","properties":{"class":"alley","highway":"service","sidewalk":"unknown","lanes":0,"name":"흑석로6나길","oneway":false},"geometry":{"type":"LineString","coordinates":[[126.95666,37.50578],[126.95667,37.50572],[126.95675,37.50554],[126.95644,37.50529],[126.95557,37.5053],[126.95542,37.50532],[126.95464,37.50538],[126.95478,37.50564]]}},{"type":"Feature","properties":{"class":"alley","highway":"service","sidewalk":"unknown","lanes":0,"name":"","oneway":false},"geometry":{"type":"LineString","coordinates":[[126.94666,37.50535],[126.94693,37.50525],[126.947,37.50523],[126.94703,37.50523],[126.94706,37.50524],[126.94708,37.50526],[126.94737,37.50558],[126.94835,37.5061],[126.94868,37.50611],[126.94931,37.50646]]}},{"type":"Feature","properties":{"class":"alley","highway":"service","sidewalk":"unknown","lanes":0,"name":"","oneway":false},"geometry":{"type":"LineString","coordinates":[[126.94703,37.50523],[126.94707,37.50518]]}},{"type":"Feature","properties":{"class":"alley","highway":"service","sidewalk":"unknown","lanes":0,"name":"장승배기로","oneway":false},"geometry":{"type":"LineString","coordinates":[[126.94124,37.50171],[126.94137,37.50148],[126.94113,37.50138]]}},{"type":"Feature","properties":{"class":"minor","highway":"residential","sidewalk":"unknown","lanes":0,"name":"","oneway":false},"geometry":{"type":"LineString","coordinates":[[126.94997,37.51519],[126.94973,37.51532]]}},{"type":"Feature","properties":{"class":"alley","highway":"service","sidewalk":"unknown","lanes":0,"name":"노량진로","oneway":false},"geometry":{"type":"LineString","coordinates":[[126.94231,37.51354],[126.94233,37.51309]]}},{"type":"Feature","properties":{"class":"alley","highway":"service","sidewalk":"unknown","lanes":0,"name":"노량진로14길","oneway":false},"geometry":{"type":"LineString","coordinates":[[126.94226,37.51308],[126.94226,37.51292]]}},{"type":"Feature","properties":{"class":"minor","highway":"residential","sidewalk":"unknown","lanes":0,"name":"만양로8길","oneway":false},"geometry":{"type":"LineString","coordinates":[[126.94759,37.50826],[126.94782,37.5084]]}},{"type":"Feature","properties":{"class":"alley","highway":"service","sidewalk":"unknown","lanes":0,"name":"만양로6길","oneway":false},"geometry":{"type":"LineString","coordinates":[[126.94759,37.50826],[126.9471,37.50887]]}},{"type":"Feature","properties":{"class":"minor","highway":"residential","sidewalk":"unknown","lanes":0,"name":"","oneway":true},"geometry":{"type":"LineString","coordinates":[[126.94971,37.50479],[126.9497,37.50453],[126.94966,37.50443],[126.9496,37.50435],[126.94958,37.50429]]}},{"type":"Feature","properties":{"class":"alley","highway":"service","sidewalk":"unknown","lanes":0,"name":"","oneway":false},"geometry":{"type":"LineString","coordinates":[[126.95142,37.50564],[126.95145,37.50542]]}},{"type":"Feature","properties":{"class":"alley","highway":"service","sidewalk":"unknown","lanes":0,"name":"양녕로36길","oneway":false},"geometry":{"type":"LineString","coordinates":[[126.94659,37.50218],[126.94653,37.50222],[126.94646,37.50225],[126.94639,37.50221],[126.94623,37.50204],[126.94604,37.50182],[126.94596,37.50172],[126.94574,37.50172]]}},{"type":"Feature","properties":{"class":"alley","highway":"service","sidewalk":"unknown","lanes":0,"name":"양녕로36길","oneway":false},"geometry":{"type":"LineString","coordinates":[[126.94659,37.50218],[126.94663,37.50214],[126.94674,37.50202],[126.94678,37.502],[126.94689,37.50189]]}},{"type":"Feature","properties":{"class":"alley","highway":"service","sidewalk":"unknown","lanes":0,"name":"양녕로36가길","oneway":false},"geometry":{"type":"LineString","coordinates":[[126.94604,37.50182],[126.94641,37.50167],[126.94648,37.50167],[126.94656,37.50168],[126.94665,37.50172],[126.94687,37.50186],[126.94689,37.50189]]}},{"type":"Feature","properties":{"class":"alley","highway":"service","sidewalk":"unknown","lanes":0,"name":"상도로38길","oneway":false},"geometry":{"type":"LineString","coordinates":[[126.9473,37.50192],[126.94755,37.50206],[126.9479,37.50226]]}},{"type":"Feature","properties":{"class":"alley","highway":"service","sidewalk":"unknown","lanes":0,"name":"상도로","oneway":false},"geometry":{"type":"LineString","coordinates":[[126.94928,37.50216],[126.94885,37.50194]]}},{"type":"Feature","properties":{"class":"alley","highway":"service","sidewalk":"unknown","lanes":0,"name":"","oneway":false},"geometry":{"type":"LineString","coordinates":[[126.95921,37.50722],[126.95922,37.50735],[126.95937,37.50754],[126.95948,37.50754],[126.95962,37.50751]]}},{"type":"Feature","properties":{"class":"major","highway":"trunk_link","sidewalk":"likely","lanes":0,"name":"","oneway":true},"geometry":{"type":"LineString","coordinates":[[126.94121,37.51926],[126.94116,37.51952],[126.94107,37.51968],[126.941,37.51983],[126.9409,37.52002],[126.94084,37.52016]]}},{"type":"Feature","properties":{"class":"major","highway":"primary_link","sidewalk":"likely","lanes":0,"name":"","oneway":true},"geometry":{"type":"LineString","coordinates":[[126.93819,37.5177],[126.93855,37.51775],[126.93973,37.51788],[126.93983,37.51788],[126.93995,37.51789],[126.94014,37.51786]]}},{"type":"Feature","properties":{"class":"alley","highway":"service","sidewalk":"unknown","lanes":0,"name":"","oneway":false},"geometry":{"type":"LineString","coordinates":[[126.94789,37.50689],[126.94797,37.50686],[126.94814,37.50684],[126.94847,37.50685],[126.94895,37.50693],[126.94958,37.50703],[126.94967,37.50706],[126.94974,37.5071],[126.94978,37.50715],[126.94995,37.50734],[126.95017,37.50759]]}},{"type":"Feature","properties":{"class":"alley","highway":"service","sidewalk":"unknown","lanes":0,"name":"","oneway":false},"geometry":{"type":"LineString","coordinates":[[126.94585,37.50941],[126.94566,37.50921],[126.94566,37.50917],[126.94569,37.50912],[126.94571,37.5091],[126.94569,37.50906],[126.94534,37.5087]]}},{"type":"Feature","properties":{"class":"alley","highway":"service","sidewalk":"unknown","lanes":0,"name":"","oneway":false},"geometry":{"type":"LineString","coordinates":[[126.9458,37.50984],[126.94529,37.51021],[126.94521,37.51028],[126.94518,37.51032],[126.94517,37.51036],[126.94519,37.51038],[126.94525,37.51048]]}},{"type":"Feature","properties":{"class":"alley","highway":"service","sidewalk":"unknown","lanes":0,"name":"","oneway":false},"geometry":{"type":"LineString","coordinates":[[126.94599,37.50998],[126.94565,37.51026],[126.94562,37.51029],[126.94563,37.51032],[126.94567,37.51039]]}},{"type":"Feature","properties":{"class":"alley","highway":"service","sidewalk":"unknown","lanes":0,"name":"","oneway":false},"geometry":{"type":"LineString","coordinates":[[126.95153,37.50688],[126.9516,37.50688],[126.95171,37.50688],[126.95174,37.50689],[126.95187,37.5069],[126.95203,37.50693]]}},{"type":"Feature","properties":{"class":"alley","highway":"service","sidewalk":"unknown","lanes":0,"name":"","oneway":false},"geometry":{"type":"LineString","coordinates":[[126.95232,37.50788],[126.95229,37.50768],[126.95223,37.50725]]}},{"type":"Feature","properties":{"class":"alley","highway":"service","sidewalk":"unknown","lanes":0,"name":"","oneway":false},"geometry":{"type":"LineString","coordinates":[[126.95229,37.50768],[126.95357,37.50776]]}},{"type":"Feature","properties":{"class":"alley","highway":"service","sidewalk":"unknown","lanes":0,"name":"","oneway":false},"geometry":{"type":"LineString","coordinates":[[126.95127,37.50208],[126.95119,37.50221],[126.95111,37.50237],[126.95098,37.50256],[126.95089,37.50275],[126.95077,37.50297]]}},{"type":"Feature","properties":{"class":"major","highway":"primary","sidewalk":"likely","lanes":0,"name":"노량진로","oneway":true},"geometry":{"type":"LineString","coordinates":[[126.95432,37.5126],[126.95459,37.51263]]}},{"type":"Feature","properties":{"class":"major","highway":"primary","sidewalk":"likely","lanes":0,"name":"양녕로","oneway":true},"geometry":{"type":"LineString","coordinates":[[126.95516,37.51311],[126.95432,37.5126]]}},{"type":"Feature","properties":{"class":"major","highway":"trunk_link","sidewalk":"likely","lanes":0,"name":"","oneway":true},"geometry":{"type":"LineString","coordinates":[[126.94219,37.51746],[126.94203,37.51751],[126.94192,37.51756],[126.94184,37.51763],[126.94177,37.51771]]}},{"type":"Feature","properties":{"class":"alley","highway":"service","sidewalk":"unknown","lanes":0,"name":"","oneway":false},"geometry":{"type":"LineString","coordinates":[[126.95694,37.51779],[126.95668,37.51813],[126.95664,37.51818],[126.95664,37.51825],[126.95667,37.51833],[126.95672,37.51841],[126.95677,37.5185],[126.95682,37.51854],[126.9569,37.51857],[126.95739,37.51853]]}},{"type":"Feature","properties":{"class":"alley","highway":"service","sidewalk":"unknown","lanes":0,"name":"","oneway":true},"geometry":{"type":"LineString","coordinates":[[126.95856,37.51739],[126.95844,37.51735],[126.95824,37.51723],[126.95815,37.51721],[126.95807,37.51722]]}},{"type":"Feature","properties":{"class":"alley","highway":"service","sidewalk":"unknown","lanes":0,"name":"","oneway":true},"geometry":{"type":"LineString","coordinates":[[126.9585,37.51826],[126.95864,37.51822],[126.95871,37.5182],[126.95876,37.51817],[126.9588,37.51813],[126.95882,37.51809],[126.95884,37.51803],[126.95888,37.51785]]}},{"type":"Feature","properties":{"class":"alley","highway":"service","sidewalk":"unknown","lanes":0,"name":"","oneway":false},"geometry":{"type":"LineString","coordinates":[[126.956,37.51908],[126.95604,37.51896],[126.9561,37.51874],[126.9561,37.51866],[126.95609,37.51855],[126.9561,37.5185],[126.95619,37.51843],[126.95629,37.51835],[126.95635,37.51825],[126.95645,37.51818],[126.95658,37.51813],[126.95668,37.51813]]}},{"type":"Feature","properties":{"class":"alley","highway":"service","sidewalk":"unknown","lanes":0,"name":"","oneway":false},"geometry":{"type":"LineString","coordinates":[[126.956,37.51908],[126.95576,37.5191],[126.95551,37.51907],[126.95538,37.51902],[126.9552,37.51894],[126.95504,37.51878],[126.95499,37.51863],[126.95502,37.51848],[126.95507,37.51833],[126.95513,37.51823],[126.9553,37.51808],[126.95549,37.51798],[126.95565,37.51792],[126.95657,37.51759],[126.95668,37.51748],[126.95866,37.5167],[126.9608,37.51613],[126.96216,37.51614],[126.9623,37.51621],[126.9624,37.5163],[126.96242,37.51638],[126.96242,37.51647],[126.96238,37.51656],[126.96231,37.51666],[126.9622,37.51676],[126.96207,37.51688],[126.96192,37.51697],[126.96173,37.51707],[126.96149,37.51719],[126.96118,37.51734],[126.96091,37.51749],[126.96073,37.51758],[126.96059,37.51767],[126.96037,37.51779],[126.96027,37.51785],[126.96004,37.51795],[126.95958,37.51813],[126.95903,37.51831],[126.95735,37.51883],[126.956,37.51908]]}},{"type":"Feature","properties":{"class":"alley","highway":"service","sidewalk":"unknown","lanes":0,"name":"","oneway":true},"geometry":{"type":"LineString","coordinates":[[126.94008,37.51546],[126.94006,37.51549],[126.94,37.51553],[126.93982,37.5155],[126.93979,37.51548],[126.93978,37.51546],[126.93979,37.51541]]}},{"type":"Feature","properties":{"class":"minor","highway":"residential","sidewalk":"unknown","lanes":0,"name":"","oneway":false},"geometry":{"type":"LineString","coordinates":[[126.94243,37.51594],[126.9432,37.51607]]}},{"type":"Feature","properties":{"class":"minor","highway":"residential","sidewalk":"unknown","lanes":0,"name":"","oneway":false},"geometry":{"type":"LineString","coordinates":[[126.94243,37.51594],[126.94237,37.51587],[126.94233,37.51579],[126.94232,37.51571],[126.94251,37.51504],[126.94255,37.51491]]}},{"type":"Feature","properties":{"class":"alley","highway":"service","sidewalk":"unknown","lanes":0,"name":"","oneway":true},"geometry":{"type":"LineString","coordinates":[[126.94024,37.51468],[126.94026,37.51472],[126.94027,37.51475],[126.94027,37.51479],[126.94021,37.5148],[126.94015,37.51479],[126.9401,37.51479],[126.94005,37.51476],[126.94002,37.51473],[126.94001,37.51469],[126.94001,37.51466],[126.94004,37.51464],[126.94009,37.51463],[126.94015,37.51464],[126.94019,37.51466],[126.94024,37.51468]]}},{"type":"Feature","properties":{"class":"alley","highway":"service","sidewalk":"unknown","lanes":0,"name":"","oneway":true},"geometry":{"type":"LineString","coordinates":[[126.93988,37.51462],[126.94004,37.51464]]}},{"type":"Feature","properties":{"class":"alley","highway":"service","sidewalk":"unknown","lanes":0,"name":"","oneway":true},"geometry":{"type":"LineString","coordinates":[[126.94001,37.51469],[126.93991,37.51464],[126.93988,37.51462]]}},{"type":"Feature","properties":{"class":"alley","highway":"service","sidewalk":"unknown","lanes":0,"name":"","oneway":true},"geometry":{"type":"LineString","coordinates":[[126.94202,37.51585],[126.94212,37.51584],[126.9422,37.5158],[126.94226,37.51575],[126.94232,37.51571]]}},{"type":"Feature","properties":{"class":"alley","highway":"service","sidewalk":"unknown","lanes":0,"name":"","oneway":true},"geometry":{"type":"LineString","coordinates":[[126.94043,37.51576],[126.94092,37.51568]]}},{"type":"Feature","properties":{"class":"alley","highway":"service","sidewalk":"unknown","lanes":0,"name":"","oneway":false},"geometry":{"type":"LineString","coordinates":[[126.95549,37.51275],[126.95566,37.51275],[126.95598,37.5127],[126.95619,37.51264]]}},{"type":"Feature","properties":{"class":"alley","highway":"service","sidewalk":"unknown","lanes":0,"name":"","oneway":false},"geometry":{"type":"LineString","coordinates":[[126.94653,37.51434],[126.94664,37.51444],[126.9469,37.51456],[126.94724,37.51461],[126.94748,37.51465],[126.9476,37.51472]]}},{"type":"Feature","properties":{"class":"major","highway":"tertiary","sidewalk":"likely","lanes":0,"name":"","oneway":false},"geometry":{"type":"LineString","coordinates":[[126.94497,37.50073],[126.94523,37.50064]]}},{"type":"Feature","properties":{"class":"alley","highway":"service","sidewalk":"unknown","lanes":0,"name":"","oneway":true},"geometry":{"type":"LineString","coordinates":[[126.9454,37.5014],[126.94536,37.5014],[126.94531,37.5014],[126.94528,37.50141]]}},{"type":"Feature","properties":{"class":"alley","highway":"service","sidewalk":"unknown","lanes":0,"name":"","oneway":true},"geometry":{"type":"LineString","coordinates":[[126.94528,37.50141],[126.94529,37.50123]]}},{"type":"Feature","properties":{"class":"major","highway":"secondary_link","sidewalk":"likely","lanes":0,"name":"","oneway":true},"geometry":{"type":"LineString","coordinates":[[126.94504,37.50035],[126.94503,37.50039],[126.94501,37.50042],[126.94497,37.50045],[126.94491,37.50046],[126.94486,37.50046],[126.9448,37.50045]]}},{"type":"Feature","properties":{"class":"major","highway":"secondary_link","sidewalk":"likely","lanes":0,"name":"","oneway":true},"geometry":{"type":"LineString","coordinates":[[126.94514,37.50099],[126.94514,37.50097],[126.94516,37.50095],[126.9452,37.50092],[126.94526,37.5009],[126.94531,37.50089],[126.94537,37.50091],[126.9454,37.50093]]}},{"type":"Feature","properties":{"class":"alley","highway":"service","sidewalk":"unknown","lanes":0,"name":"","oneway":false},"geometry":{"type":"LineString","coordinates":[[126.9415,37.50411],[126.94121,37.50406]]}},{"type":"Feature","properties":{"class":"alley","highway":"service","sidewalk":"unknown","lanes":0,"name":"","oneway":false},"geometry":{"type":"LineString","coordinates":[[126.94523,37.50064],[126.94537,37.5006],[126.94548,37.50053],[126.94559,37.50044],[126.94571,37.50036],[126.94586,37.5003],[126.94603,37.50027],[126.9462,37.50024],[126.9464,37.50023],[126.94654,37.50023]]}},{"type":"Feature","properties":{"class":"alley","highway":"service","sidewalk":"unknown","lanes":0,"name":"","oneway":false},"geometry":{"type":"LineString","coordinates":[[126.9473,37.50192],[126.94747,37.50169],[126.9475,37.50166],[126.94756,37.50165],[126.94764,37.50164],[126.94771,37.50162],[126.94776,37.50159],[126.94781,37.50155],[126.94794,37.50122],[126.94798,37.5012],[126.94804,37.50119],[126.94809,37.50121],[126.94815,37.50121],[126.94816,37.50121],[126.9482,37.5012],[126.94824,37.50117],[126.94843,37.50103],[126.94847,37.50101],[126.94852,37.50101],[126.94857,37.501],[126.94897,37.50075],[126.949,37.50073],[126.94905,37.5007]]}},{"type":"Feature","properties":{"class":"alley","highway":"service","sidewalk":"unknown","lanes":0,"name":"","oneway":false},"geometry":{"type":"LineString","coordinates":[[126.94729,37.50297],[126.9479,37.50226]]}},{"type":"Feature","properties":{"class":"alley","highway":"service","sidewalk":"unknown","lanes":0,"name":"","oneway":false},"geometry":{"type":"LineString","coordinates":[[126.94921,37.50078],[126.94905,37.5007],[126.94866,37.5005]]}},{"type":"Feature","properties":{"class":"alley","highway":"service","sidewalk":"unknown","lanes":0,"name":"","oneway":false},"geometry":{"type":"LineString","coordinates":[[126.9413,37.49956],[126.9414,37.49978],[126.94153,37.50006]]}},{"type":"Feature","properties":{"class":"alley","highway":"service","sidewalk":"unknown","lanes":0,"name":"","oneway":false},"geometry":{"type":"LineString","coordinates":[[126.94205,37.50048],[126.94229,37.50069],[126.94241,37.50075]]}},{"type":"Feature","properties":{"class":"alley","highway":"service","sidewalk":"unknown","lanes":0,"name":"","oneway":false},"geometry":{"type":"LineString","coordinates":[[126.94208,37.50008],[126.94202,37.49991]]}},{"type":"Feature","properties":{"class":"alley","highway":"service","sidewalk":"unknown","lanes":0,"name":"","oneway":false},"geometry":{"type":"LineString","coordinates":[[126.93998,37.50081],[126.94004,37.50087],[126.94006,37.50089],[126.94007,37.50097],[126.9402,37.50111],[126.94039,37.50121],[126.94055,37.50139]]}},{"type":"Feature","properties":{"class":"alley","highway":"service","sidewalk":"unknown","lanes":0,"name":"","oneway":false},"geometry":{"type":"LineString","coordinates":[[126.9601,37.50679],[126.95999,37.50664],[126.95986,37.50647],[126.95977,37.50629]]}},{"type":"Feature","properties":{"class":"alley","highway":"service","sidewalk":"unknown","lanes":0,"name":"","oneway":false},"geometry":{"type":"LineString","coordinates":[[126.95901,37.50731],[126.95908,37.50736],[126.95933,37.50768],[126.95937,37.50776]]}},{"type":"Feature","properties":{"class":"alley","highway":"service","sidewalk":"unknown","lanes":0,"name":"","oneway":false},"geometry":{"type":"LineString","coordinates":[[126.93987,37.49998],[126.94007,37.50038]]}},{"type":"Feature","properties":{"class":"minor","highway":"residential","sidewalk":"unknown","lanes":0,"name":"","oneway":true},"geometry":{"type":"LineString","coordinates":[[126.95098,37.50628],[126.95098,37.50633],[126.95096,37.50638],[126.95097,37.50645],[126.95098,37.5065]]}},{"type":"Feature","properties":{"class":"minor","highway":"residential","sidewalk":"unknown","lanes":0,"name":"","oneway":true},"geometry":{"type":"LineString","coordinates":[[126.95098,37.5065],[126.95092,37.50646],[126.95086,37.5064],[126.95082,37.50637],[126.95075,37.50633]]}},{"type":"Feature","properties":{"class":"minor","highway":"residential","sidewalk":"unknown","lanes":0,"name":"","oneway":true},"geometry":{"type":"LineString","coordinates":[[126.95054,37.5048],[126.9505,37.50481],[126.95045,37.50483]]}},{"type":"Feature","properties":{"class":"minor","highway":"residential","sidewalk":"unknown","lanes":0,"name":"","oneway":true},"geometry":{"type":"LineString","coordinates":[[126.95046,37.50475],[126.9505,37.50481],[126.95051,37.50484]]}},{"type":"Feature","properties":{"class":"alley","highway":"service","sidewalk":"unknown","lanes":0,"name":"","oneway":false},"geometry":{"type":"LineString","coordinates":[[126.94012,37.49991],[126.94032,37.5003]]}},{"type":"Feature","properties":{"class":"alley","highway":"service","sidewalk":"unknown","lanes":0,"name":"","oneway":false},"geometry":{"type":"LineString","coordinates":[[126.94038,37.49983],[126.94057,37.50027]]}},{"type":"Feature","properties":{"class":"alley","highway":"service","sidewalk":"unknown","lanes":0,"name":"","oneway":false},"geometry":{"type":"LineString","coordinates":[[126.94775,37.50399],[126.94789,37.50382]]}},{"type":"Feature","properties":{"class":"alley","highway":"service","sidewalk":"unknown","lanes":0,"name":"","oneway":false},"geometry":{"type":"LineString","coordinates":[[126.94787,37.50381],[126.9482,37.50346]]}},{"type":"Feature","properties":{"class":"alley","highway":"service","sidewalk":"unknown","lanes":0,"name":"","oneway":false},"geometry":{"type":"LineString","coordinates":[[126.9497,37.50661],[126.94997,37.50623]]}},{"type":"Feature","properties":{"class":"alley","highway":"service","sidewalk":"unknown","lanes":0,"name":"","oneway":false},"geometry":{"type":"LineString","coordinates":[[126.9462,37.50568],[126.94671,37.50557],[126.94679,37.50554]]}},{"type":"Feature","properties":{"class":"alley","highway":"service","sidewalk":"unknown","lanes":0,"name":"노량진로32길","oneway":false},"geometry":{"type":"LineString","coordinates":[[126.95727,37.51134],[126.95736,37.51128],[126.95742,37.51127],[126.95747,37.51128],[126.95748,37.51131],[126.95749,37.51144],[126.95754,37.5115],[126.95761,37.51153],[126.95769,37.51153],[126.95792,37.51144],[126.95837,37.51127]]}},{"type":"Feature","properties":{"class":"alley","highway":"pedestrian","sidewalk":"unknown","lanes":0,"name":"","oneway":false},"geometry":{"type":"LineString","coordinates":[[126.94783,37.50316],[126.94783,37.50318],[126.94783,37.50319],[126.94806,37.5033],[126.94808,37.5033],[126.94809,37.50329],[126.94809,37.50327],[126.94802,37.50314],[126.94799,37.50301],[126.94798,37.503],[126.94797,37.503],[126.94796,37.503],[126.94783,37.50316]]}},{"type":"Feature","properties":{"class":"alley","highway":"service","sidewalk":"unknown","lanes":0,"name":"","oneway":false},"geometry":{"type":"LineString","coordinates":[[126.94984,37.50273],[126.94983,37.50296],[126.94987,37.50303]]}},{"type":"Feature","properties":{"class":"alley","highway":"service","sidewalk":"unknown","lanes":0,"name":"","oneway":false},"geometry":{"type":"LineString","coordinates":[[126.9483,37.50328],[126.94937,37.50387]]}},{"type":"Feature","properties":{"class":"minor","highway":"residential","sidewalk":"unknown","lanes":0,"name":"","oneway":false},"geometry":{"type":"LineString","coordinates":[[126.95608,37.50931],[126.95595,37.50917],[126.95587,37.50902],[126.95584,37.50875]]}},{"type":"Feature","properties":{"class":"major","highway":"secondary","sidewalk":"likely","lanes":0,"name":"","oneway":false},"geometry":{"type":"LineString","coordinates":[[126.94021,37.51346],[126.94021,37.51349],[126.94021,37.51356],[126.94021,37.51359]]}},{"type":"Feature","properties":{"class":"major","highway":"primary","sidewalk":"likely","lanes":0,"name":"노량진로","oneway":true},"geometry":{"type":"LineString","coordinates":[[126.94665,37.51352],[126.94598,37.51366],[126.9457,37.51376],[126.94536,37.51385],[126.94525,37.51386],[126.94506,37.51388],[126.94483,37.5139],[126.94449,37.51389],[126.94425,37.51384],[126.94406,37.51384],[126.94268,37.51374],[126.94248,37.51373]]}},{"type":"Feature","properties":{"class":"major","highway":"primary","sidewalk":"likely","lanes":0,"name":"노량진로","oneway":true},"geometry":{"type":"LineString","coordinates":[[126.94021,37.51359],[126.94006,37.51358],[126.93958,37.51357],[126.93927,37.51358],[126.93853,37.51353],[126.93769,37.51345],[126.93665,37.51338]]}},{"type":"Feature","properties":{"class":"major","highway":"primary_link","sidewalk":"likely","lanes":0,"name":"","oneway":false},"geometry":{"type":"LineString","coordinates":[[126.94248,37.51373],[126.94248,37.51369],[126.94248,37.51363],[126.94249,37.51361]]}},{"type":"Feature","properties":{"class":"major","highway":"primary","sidewalk":"likely","lanes":0,"name":"노량진로","oneway":true},"geometry":{"type":"LineString","coordinates":[[126.94249,37.51361],[126.94269,37.51364],[126.94363,37.51368]]}},{"type":"Feature","properties":{"class":"major","highway":"primary","sidewalk":"likely","lanes":0,"name":"노량진로","oneway":true},"geometry":{"type":"LineString","coordinates":[[126.94248,37.51373],[126.94232,37.51372],[126.94065,37.51362],[126.94034,37.5136],[126.94021,37.51359]]}},{"type":"Feature","properties":{"class":"major","highway":"tertiary_link","sidewalk":"likely","lanes":0,"name":"","oneway":false},"geometry":{"type":"LineString","coordinates":[[126.94426,37.51373],[126.94425,37.51379],[126.94425,37.51384]]}},{"type":"Feature","properties":{"class":"major","highway":"primary_link","sidewalk":"likely","lanes":0,"name":"노량진로17길","oneway":false},"geometry":{"type":"LineString","coordinates":[[126.94662,37.51341],[126.94662,37.51343],[126.94664,37.51347],[126.94665,37.51352]]}},{"type":"Feature","properties":{"class":"major","highway":"primary_link","sidewalk":"likely","lanes":0,"name":"","oneway":true},"geometry":{"type":"LineString","coordinates":[[126.93492,37.51498],[126.93641,37.51507],[126.93883,37.51544],[126.94005,37.51571]]}},{"type":"Feature","properties":{"class":"major","highway":"primary_link","sidewalk":"likely","lanes":0,"name":"","oneway":true},"geometry":{"type":"LineString","coordinates":[[126.94005,37.51571],[126.94043,37.51576],[126.94141,37.51588],[126.94299,37.51614]]}},{"type":"Feature","properties":{"class":"alley","highway":"service","sidewalk":"unknown","lanes":0,"name":"","oneway":false},"geometry":{"type":"LineString","coordinates":[[126.94577,37.50148],[126.9459,37.50128],[126.94597,37.50122],[126.94607,37.50118],[126.94617,37.50118],[126.94635,37.50126]]}},{"type":"Feature","properties":{"class":"alley","highway":"service","sidewalk":"unknown","lanes":0,"name":"","oneway":false},"geometry":{"type":"LineString","coordinates":[[126.94964,37.50398],[126.9499,37.50388],[126.95008,37.50385],[126.95029,37.50384]]}},{"type":"Feature","properties":{"class":"alley","highway":"service","sidewalk":"unknown","lanes":0,"name":"","oneway":false},"geometry":{"type":"LineString","coordinates":[[126.93993,37.50275],[126.94002,37.50278],[126.94019,37.50278],[126.94027,37.50279]]}},{"type":"Feature","properties":{"class":"alley","highway":"service","sidewalk":"unknown","lanes":0,"name":"","oneway":false},"geometry":{"type":"LineString","coordinates":[[126.94029,37.50274],[126.94041,37.50277],[126.94063,37.50283],[126.94068,37.5027],[126.94047,37.50264],[126.94041,37.50277]]}},{"type":"Feature","properties":{"class":"alley","highway":"service","sidewalk":"unknown","lanes":0,"name":"","oneway":true},"geometry":{"type":"LineString","coordinates":[[126.95915,37.51774],[126.95934,37.51777],[126.95938,37.5178],[126.9595,37.51792],[126.95954,37.51794],[126.95959,37.51793],[126.95962,37.51791],[126.95968,37.51787],[126.9597,37.51782],[126.95968,37.5177],[126.95949,37.51736],[126.95929,37.51705],[126.95916,37.51695],[126.95902,37.51687],[126.95893,37.51683],[126.95885,37.51684],[126.9588,37.51686],[126.95876,37.51697],[126.95877,37.5172]]}},{"type":"Feature","properties":{"class":"alley","highway":"service","sidewalk":"unknown","lanes":0,"name":"","oneway":false},"geometry":{"type":"LineString","coordinates":[[126.94272,37.50521],[126.94273,37.50554],[126.94267,37.50607],[126.94267,37.50611],[126.94264,37.50618]]}},{"type":"Feature","properties":{"class":"alley","highway":"service","sidewalk":"unknown","lanes":0,"name":"","oneway":false},"geometry":{"type":"LineString","coordinates":[[126.9434,37.50521],[126.9434,37.50496]]}},{"type":"Feature","properties":{"class":"alley","highway":"service","sidewalk":"unknown","lanes":0,"name":"","oneway":false},"geometry":{"type":"LineString","coordinates":[[126.94051,37.50481],[126.94043,37.50503],[126.94043,37.50512]]}},{"type":"Feature","properties":{"class":"alley","highway":"service","sidewalk":"unknown","lanes":0,"name":"","oneway":false},"geometry":{"type":"LineString","coordinates":[[126.94136,37.50447],[126.9416,37.50451]]}},{"type":"Feature","properties":{"class":"alley","highway":"service","sidewalk":"unknown","lanes":0,"name":"상도로31길","oneway":false},"geometry":{"type":"LineString","coordinates":[[126.9449,37.50631],[126.94485,37.5063],[126.94482,37.50628],[126.9448,37.50626],[126.94478,37.50621],[126.94477,37.50609],[126.94475,37.50602],[126.94454,37.50572],[126.94441,37.50558],[126.94435,37.50551],[126.94432,37.50539],[126.94432,37.50526],[126.94436,37.50522]]}},{"type":"Feature","properties":{"class":"alley","highway":"service","sidewalk":"unknown","lanes":0,"name":"","oneway":false},"geometry":{"type":"LineString","coordinates":[[126.94476,37.51553],[126.94639,37.51603]]}},{"type":"Feature","properties":{"class":"alley","highway":"service","sidewalk":"unknown","lanes":0,"name":"","oneway":false},"geometry":{"type":"LineString","coordinates":[[126.94468,37.51571],[126.94631,37.5162]]}},{"type":"Feature","properties":{"class":"alley","highway":"service","sidewalk":"unknown","lanes":0,"name":"","oneway":false},"geometry":{"type":"LineString","coordinates":[[126.94468,37.51591],[126.94464,37.51586],[126.94464,37.51578],[126.94468,37.51571],[126.94476,37.51553],[126.94484,37.51535],[126.94647,37.51586],[126.94639,37.51603],[126.94631,37.5162],[126.94628,37.51627],[126.94622,37.51631],[126.94613,37.51633],[126.94604,37.51632],[126.94468,37.51591]]}},{"type":"Feature","properties":{"class":"alley","highway":"service","sidewalk":"unknown","lanes":0,"name":"","oneway":false},"geometry":{"type":"LineString","coordinates":[[126.94446,37.5164],[126.94468,37.51591]]}},{"type":"Feature","properties":{"class":"alley","highway":"service","sidewalk":"unknown","lanes":0,"name":"","oneway":false},"geometry":{"type":"LineString","coordinates":[[126.95005,37.51044],[126.95011,37.51022],[126.95019,37.51014],[126.9503,37.51009],[126.95103,37.50996]]}},{"type":"Feature","properties":{"class":"alley","highway":"service","sidewalk":"unknown","lanes":0,"name":"","oneway":false},"geometry":{"type":"LineString","coordinates":[[126.94877,37.50895],[126.94864,37.50895],[126.94856,37.50896],[126.94851,37.50898],[126.94838,37.50913],[126.94818,37.50958],[126.94811,37.50968],[126.94779,37.51],[126.94765,37.51009],[126.94734,37.51044],[126.94728,37.51054],[126.94726,37.51057],[126.94723,37.51062],[126.9472,37.51075]]}},{"type":"Feature","properties":{"class":"alley","highway":"service","sidewalk":"unknown","lanes":0,"name":"","oneway":false},"geometry":{"type":"LineString","coordinates":[[126.94814,37.50835],[126.9487,37.50868],[126.94876,37.50879],[126.94877,37.50895],[126.9487,37.50916],[126.94866,37.50928],[126.94857,37.50947],[126.94838,37.50969],[126.94831,37.50988],[126.94822,37.51036],[126.94801,37.51056],[126.94741,37.51061],[126.94726,37.51057]]}},{"type":"Feature","properties":{"class":"alley","highway":"service","sidewalk":"unknown","lanes":0,"name":"","oneway":false},"geometry":{"type":"LineString","coordinates":[[126.94796,37.50844],[126.94796,37.50855],[126.94792,37.50864],[126.94749,37.50912],[126.94745,37.50931],[126.94717,37.50966],[126.94701,37.50991],[126.94675,37.51018],[126.94669,37.5102],[126.94663,37.51019],[126.94657,37.51015]]}},{"type":"Feature","properties":{"class":"alley","highway":"service","sidewalk":"unknown","lanes":0,"name":"","oneway":false},"geometry":{"type":"LineString","coordinates":[[126.94469,37.50316],[126.94413,37.50273]]}},{"type":"Feature","properties":{"class":"major","highway":"secondary","sidewalk":"likely","lanes":0,"name":"장승배기로","oneway":false},"geometry":{"type":"LineString","coordinates":[[126.94021,37.51321],[126.94021,37.51336],[126.94021,37.51346]]}},{"type":"Feature","properties":{"class":"alley","highway":"service","sidewalk":"unknown","lanes":0,"name":"","oneway":false},"geometry":{"type":"LineString","coordinates":[[126.94026,37.51219],[126.94017,37.51219],[126.93987,37.51218]]}},{"type":"Feature","properties":{"class":"major","highway":"secondary","sidewalk":"likely","lanes":0,"name":"장승배기로","oneway":true},"geometry":{"type":"LineString","coordinates":[[126.93951,37.50555],[126.93955,37.50557],[126.93957,37.50559],[126.93966,37.50596],[126.93991,37.50688],[126.94006,37.50757],[126.94011,37.50785],[126.94016,37.50839],[126.9402,37.50912],[126.94023,37.50998],[126.94023,37.51001],[126.94024,37.51064],[126.94026,37.51195],[126.94026,37.51219],[126.94026,37.51244],[126.94026,37.51272],[126.94026,37.51314],[126.94025,37.51318],[126.94024,37.5132],[126.94021,37.51321]]}},{"type":"Feature","properties":{"class":"alley","highway":"service","sidewalk":"unknown","lanes":0,"name":"","oneway":false},"geometry":{"type":"LineString","coordinates":[[126.95807,37.51722],[126.95745,37.51744],[126.95705,37.51763],[126.95701,37.51765],[126.95694,37.51779]]}},{"type":"Feature","properties":{"class":"alley","highway":"service","sidewalk":"unknown","lanes":0,"name":"","oneway":false},"geometry":{"type":"LineString","coordinates":[[126.95739,37.51853],[126.95757,37.51852],[126.9577,37.51847],[126.95805,37.51838],[126.95834,37.5183],[126.9585,37.51826]]}},{"type":"Feature","properties":{"class":"major","highway":"trunk","sidewalk":"likely","lanes":4,"name":"올림픽대로","oneway":true},"geometry":{"type":"LineString","coordinates":[[126.9528,37.5152],[126.95425,37.51481],[126.95537,37.51448],[126.95642,37.51413],[126.95703,37.51391],[126.95785,37.5136],[126.95907,37.51309],[126.96024,37.51253],[126.96182,37.51168],[126.96484,37.51001],[126.966,37.50942],[126.96701,37.50896],[126.96828,37.50847],[126.96968,37.508],[126.97043,37.50775],[126.97112,37.50747],[126.97173,37.50718],[126.97232,37.50686],[126.97323,37.50629]]}},{"type":"Feature","properties":{"class":"major","highway":"trunk","sidewalk":"likely","lanes":4,"name":"올림픽대로","oneway":true},"geometry":{"type":"LineString","coordinates":[[126.95074,37.51573],[126.95149,37.51555],[126.9528,37.5152]]}},{"type":"Feature","properties":{"class":"alley","highway":"service","sidewalk":"unknown","lanes":0,"name":"","oneway":false},"geometry":{"type":"LineString","coordinates":[[126.94692,37.50276],[126.94755,37.50206]]}},{"type":"Feature","properties":{"class":"alley","highway":"service","sidewalk":"unknown","lanes":0,"name":"","oneway":false},"geometry":{"type":"LineString","coordinates":[[126.95351,37.50337],[126.95354,37.50332],[126.95354,37.50326],[126.95347,37.50325],[126.9535,37.50303],[126.95354,37.50289],[126.95355,37.50283],[126.95355,37.50274],[126.95364,37.50272],[126.95369,37.50262]]}},{"type":"Feature","properties":{"class":"alley","highway":"service","sidewalk":"unknown","lanes":0,"name":"흑석로 8","oneway":false},"geometry":{"type":"LineString","coordinates":[[126.95102,37.50446],[126.95119,37.5044],[126.95134,37.50437],[126.95145,37.50442],[126.95154,37.50458],[126.95151,37.50484]]}},{"type":"Feature","properties":{"class":"alley","highway":"service","sidewalk":"unknown","lanes":0,"name":"흑석로 8","oneway":false},"geometry":{"type":"LineString","coordinates":[[126.95134,37.50437],[126.95135,37.50424]]}},{"type":"Feature","properties":{"class":"alley","highway":"service","sidewalk":"unknown","lanes":0,"name":"상도로47아길","oneway":false},"geometry":{"type":"LineString","coordinates":[[126.95271,37.50363],[126.95288,37.50366]]}},{"type":"Feature","properties":{"class":"alley","highway":"service","sidewalk":"unknown","lanes":0,"name":"상도로47아길","oneway":false},"geometry":{"type":"LineString","coordinates":[[126.95288,37.50366],[126.95287,37.50354]]}},{"type":"Feature","properties":{"class":"alley","highway":"service","sidewalk":"unknown","lanes":0,"name":"상도로47아길","oneway":false},"geometry":{"type":"LineString","coordinates":[[126.9526,37.50428],[126.95256,37.50445]]}},{"type":"Feature","properties":{"class":"alley","highway":"service","sidewalk":"unknown","lanes":0,"name":"","oneway":false},"geometry":{"type":"LineString","coordinates":[[126.94585,37.50436],[126.94552,37.50456]]}},{"type":"Feature","properties":{"class":"alley","highway":"service","sidewalk":"unknown","lanes":0,"name":"","oneway":false},"geometry":{"type":"LineString","coordinates":[[126.94492,37.5044],[126.94503,37.50455],[126.94508,37.50467],[126.9451,37.50474],[126.94509,37.50477],[126.94507,37.50479],[126.94498,37.50481]]}},{"type":"Feature","properties":{"class":"major","highway":"primary","sidewalk":"likely","lanes":0,"name":"상도로","oneway":false},"geometry":{"type":"LineString","coordinates":[[126.94638,37.50471],[126.94623,37.50478]]}},{"type":"Feature","properties":{"class":"alley","highway":"service","sidewalk":"unknown","lanes":0,"name":"","oneway":false},"geometry":{"type":"LineString","coordinates":[[126.94302,37.50443],[126.94316,37.50476]]}},{"type":"Feature","properties":{"class":"alley","highway":"service","sidewalk":"unknown","lanes":0,"name":"","oneway":false},"geometry":{"type":"LineString","coordinates":[[126.94604,37.50254],[126.94613,37.50259]]}},{"type":"Feature","properties":{"class":"alley","highway":"service","sidewalk":"unknown","lanes":0,"name":"","oneway":false},"geometry":{"type":"LineString","coordinates":[[126.94665,37.50259],[126.94657,37.50266],[126.9464,37.5027],[126.94628,37.50282],[126.94616,37.50293],[126.94613,37.50295],[126.94609,37.50296],[126.94607,37.50298]]}},{"type":"Feature","properties":{"class":"alley","highway":"service","sidewalk":"unknown","lanes":0,"name":"","oneway":false},"geometry":{"type":"LineString","coordinates":[[126.9458,37.50277],[126.94552,37.50261],[126.94528,37.50247]]}},{"type":"Feature","properties":{"class":"alley","highway":"service","sidewalk":"unknown","lanes":0,"name":"","oneway":false},"geometry":{"type":"LineString","coordinates":[[126.94552,37.50261],[126.94566,37.50245]]}},{"type":"Feature","properties":{"class":"alley","highway":"service","sidewalk":"unknown","lanes":0,"name":"","oneway":false},"geometry":{"type":"LineString","coordinates":[[126.94582,37.50318],[126.94581,37.50317],[126.94578,37.50317],[126.94576,37.50319],[126.94575,37.50323],[126.94572,37.50327]]}},{"type":"Feature","properties":{"class":"alley","highway":"service","sidewalk":"unknown","lanes":0,"name":"","oneway":false},"geometry":{"type":"LineString","coordinates":[[126.94501,37.50333],[126.94506,37.50331],[126.94512,37.50331],[126.94527,37.50333],[126.94536,37.50333]]}},{"type":"Feature","properties":{"class":"alley","highway":"service","sidewalk":"unknown","lanes":0,"name":"상도로38길","oneway":false},"geometry":{"type":"LineString","coordinates":[[126.94927,37.50147],[126.94912,37.50138],[126.94879,37.50121]]}},{"type":"Feature","properties":{"class":"alley","highway":"service","sidewalk":"unknown","lanes":0,"name":"","oneway":false},"geometry":{"type":"LineString","coordinates":[[126.94818,37.50127],[126.94817,37.50129],[126.94805,37.50143],[126.948,37.50153]]}},{"type":"Feature","properties":{"class":"alley","highway":"service","sidewalk":"unknown","lanes":0,"name":"상도로38길","oneway":false},"geometry":{"type":"LineString","coordinates":[[126.94853,37.50105],[126.94847,37.50101]]}},{"type":"Feature","properties":{"class":"alley","highway":"service","sidewalk":"unknown","lanes":0,"name":"","oneway":false},"geometry":{"type":"LineString","coordinates":[[126.94862,37.50001],[126.94886,37.50011]]}},{"type":"Feature","properties":{"class":"alley","highway":"service","sidewalk":"unknown","lanes":0,"name":"","oneway":false},"geometry":{"type":"LineString","coordinates":[[126.94847,37.50685],[126.94846,37.50694],[126.94848,37.50701],[126.94863,37.5072],[126.94865,37.50725],[126.94866,37.50729],[126.94868,37.50734],[126.94886,37.50759],[126.94891,37.50762],[126.94899,37.50765],[126.94902,37.50766],[126.94905,37.50769],[126.94908,37.50773],[126.94916,37.50786],[126.94919,37.50787],[126.94924,37.50788],[126.95017,37.50759]]}},{"type":"Feature","properties":{"class":"alley","highway":"service","sidewalk":"unknown","lanes":0,"name":"","oneway":false},"geometry":{"type":"LineString","coordinates":[[126.94995,37.50734],[126.94905,37.50764],[126.94902,37.50766]]}},{"type":"Feature","properties":{"class":"alley","highway":"service","sidewalk":"unknown","lanes":0,"name":"","oneway":false},"geometry":{"type":"LineString","coordinates":[[126.95017,37.50759],[126.95024,37.5077],[126.95029,37.50779],[126.95044,37.5081]]}},{"type":"Feature","properties":{"class":"alley","highway":"service","sidewalk":"unknown","lanes":0,"name":"","oneway":false},"geometry":{"type":"LineString","coordinates":[[126.94792,37.50764],[126.94803,37.50773]]}},{"type":"Feature","properties":{"class":"alley","highway":"service","sidewalk":"unknown","lanes":0,"name":"","oneway":false},"geometry":{"type":"LineString","coordinates":[[126.94847,37.508],[126.94834,37.50789],[126.94828,37.50793],[126.94806,37.50776]]}},{"type":"Feature","properties":{"class":"alley","highway":"service","sidewalk":"unknown","lanes":0,"name":"","oneway":false},"geometry":{"type":"LineString","coordinates":[[126.94803,37.50773],[126.94805,37.50774]]}},{"type":"Feature","properties":{"class":"alley","highway":"service","sidewalk":"unknown","lanes":0,"name":"","oneway":false},"geometry":{"type":"LineString","coordinates":[[126.94834,37.50789],[126.94837,37.50786]]}},{"type":"Feature","properties":{"class":"major","highway":"primary","sidewalk":"likely","lanes":4,"name":"상도로","oneway":true},"geometry":{"type":"LineString","coordinates":[[126.94829,37.50258],[126.9481,37.50279]]}},{"type":"Feature","properties":{"class":"major","highway":"primary_link","sidewalk":"likely","lanes":0,"name":"","oneway":true},"geometry":{"type":"LineString","coordinates":[[126.94946,37.50124],[126.94932,37.50116]]}},{"type":"Feature","properties":{"class":"major","highway":"primary","sidewalk":"likely","lanes":4,"name":"상도로","oneway":true},"geometry":{"type":"LineString","coordinates":[[126.94912,37.50138],[126.94932,37.50116],[126.95006,37.50032],[126.95056,37.49974]]}},{"type":"Feature","properties":{"class":"major","highway":"primary","sidewalk":"likely","lanes":5,"name":"상도로","oneway":true},"geometry":{"type":"LineString","coordinates":[[126.94897,37.50156],[126.94912,37.50138]]}},{"type":"Feature","properties":{"class":"major","highway":"primary","sidewalk":"likely","lanes":5,"name":"상도로","oneway":true},"geometry":{"type":"LineString","coordinates":[[126.94872,37.50184],[126.94897,37.50156]]}},{"type":"Feature","properties":{"class":"major","highway":"primary","sidewalk":"likely","lanes":4,"name":"상도로","oneway":true},"geometry":{"type":"LineString","coordinates":[[126.94775,37.50314],[126.94774,37.50307],[126.94803,37.50269],[126.94822,37.50244],[126.94872,37.50184]]}},{"type":"Feature","properties":{"class":"major","highway":"primary","sidewalk":"likely","lanes":5,"name":"상도로","oneway":true},"geometry":{"type":"LineString","coordinates":[[126.94853,37.5023],[126.94835,37.50252],[126.94829,37.50258]]}},{"type":"Feature","properties":{"class":"major","highway":"primary","sidewalk":"likely","lanes":4,"name":"상도로","oneway":true},"geometry":{"type":"LineString","coordinates":[[126.94941,37.50129],[126.94927,37.50147]]}},{"type":"Feature","properties":{"class":"major","highway":"primary","sidewalk":"likely","lanes":5,"name":"상도로","oneway":true},"geometry":{"type":"LineString","coordinates":[[126.9504,37.50013],[126.94982,37.50081],[126.94946,37.50124],[126.94941,37.50129]]}},{"type":"Feature","properties":{"class":"major","highway":"primary","sidewalk":"likely","lanes":0,"name":"상도로","oneway":false},"geometry":{"type":"LineString","coordinates":[[126.9477,37.50321],[126.94775,37.50314]]}},{"type":"Feature","properties":{"class":"major","highway":"primary","sidewalk":"likely","lanes":0,"name":"현충로","oneway":true},"geometry":{"type":"LineString","coordinates":[[126.96393,37.50872],[126.96316,37.50955],[126.9631,37.50962],[126.96305,37.50969],[126.96205,37.51082],[126.96156,37.51128],[126.96132,37.51148],[126.96104,37.51163],[126.96037,37.51193],[126.96006,37.51203],[126.95872,37.51239],[126.95854,37.51245],[126.95821,37.51261],[126.95739,37.51302]]}},{"type":"Feature","properties":{"class":"major","highway":"tertiary","sidewalk":"likely","lanes":0,"name":"노량진로17길","oneway":false},"geometry":{"type":"LineString","coordinates":[[126.94647,37.51433],[126.94631,37.5144],[126.94624,37.51442],[126.94615,37.51442],[126.94603,37.51441]]}},{"type":"Feature","properties":{"class":"major","highway":"tertiary","sidewalk":"likely","lanes":0,"name":"","oneway":false},"geometry":{"type":"LineString","coordinates":[[126.95229,37.51278],[126.95215,37.51261]]}},{"type":"Feature","properties":{"class":"major","highway":"tertiary","sidewalk":"likely","lanes":0,"name":"노량진로17길","oneway":true},"geometry":{"type":"LineString","coordinates":[[126.94653,37.51426],[126.94655,37.51426],[126.94657,37.51428],[126.94657,37.5143],[126.94657,37.51431],[126.94656,37.51433],[126.94653,37.51434],[126.94651,37.51435],[126.9465,37.51435],[126.94648,37.51434],[126.94647,37.51433],[126.94645,37.51431],[126.94645,37.5143],[126.94646,37.51428],[126.94647,37.51427],[126.94648,37.51426],[126.9465,37.51425],[126.94653,37.51426]]}},{"type":"Feature","properties":{"class":"alley","highway":"service","sidewalk":"unknown","lanes":0,"name":"","oneway":true},"geometry":{"type":"LineString","coordinates":[[126.94581,37.51664],[126.946,37.51661],[126.94608,37.51659],[126.9463,37.51646],[126.9463,37.51655],[126.94633,37.5166],[126.94639,37.51663],[126.94648,37.51666]]}},{"type":"Feature","properties":{"class":"alley","highway":"service","sidewalk":"unknown","lanes":0,"name":"","oneway":false},"geometry":{"type":"LineString","coordinates":[[126.9463,37.51646],[126.9465,37.51636]]}},{"type":"Feature","properties":{"class":"major","highway":"primary_link","sidewalk":"likely","lanes":0,"name":"","oneway":true},"geometry":{"type":"LineString","coordinates":[[126.94072,37.51709],[126.94063,37.51738]]}},{"type":"Feature","properties":{"class":"major","highway":"primary_link","sidewalk":"likely","lanes":0,"name":"","oneway":true},"geometry":{"type":"LineString","coordinates":[[126.9405,37.51736],[126.94058,37.51707]]}},{"type":"Feature","properties":{"class":"alley","highway":"service","sidewalk":"unknown","lanes":0,"name":"","oneway":false},"geometry":{"type":"LineString","coordinates":[[126.94475,37.50602],[126.94485,37.50599],[126.94491,37.50594],[126.94493,37.50589],[126.94493,37.50584]]}},{"type":"Feature","properties":{"class":"alley","highway":"service","sidewalk":"unknown","lanes":0,"name":"","oneway":false},"geometry":{"type":"LineString","coordinates":[[126.94369,37.50605],[126.94369,37.50572],[126.9434,37.50572]]}},{"type":"Feature","properties":{"class":"alley","highway":"service","sidewalk":"unknown","lanes":0,"name":"","oneway":false},"geometry":{"type":"LineString","coordinates":[[126.94405,37.50605],[126.94405,37.5063]]}},{"type":"Feature","properties":{"class":"alley","highway":"service","sidewalk":"unknown","lanes":0,"name":"","oneway":false},"geometry":{"type":"LineString","coordinates":[[126.94978,37.50501],[126.94963,37.50504],[126.94938,37.50513],[126.94926,37.50519],[126.94919,37.50522]]}},{"type":"Feature","properties":{"class":"alley","highway":"service","sidewalk":"unknown","lanes":0,"name":"","oneway":false},"geometry":{"type":"LineString","coordinates":[[126.94905,37.50527],[126.94901,37.5053],[126.94895,37.50533],[126.94892,37.50537],[126.94891,37.50542],[126.94893,37.50545],[126.94896,37.50546],[126.94901,37.50546],[126.94904,37.50546],[126.94926,37.50556]]}},{"type":"Feature","properties":{"class":"alley","highway":"service","sidewalk":"unknown","lanes":0,"name":"","oneway":false},"geometry":{"type":"LineString","coordinates":[[126.94919,37.50522],[126.94905,37.50527]]}},{"type":"Feature","properties":{"class":"alley","highway":"service","sidewalk":"unknown","lanes":0,"name":"","oneway":false},"geometry":{"type":"LineString","coordinates":[[126.94926,37.50519],[126.94927,37.50521],[126.9493,37.50524],[126.94933,37.50525],[126.94937,37.50526],[126.94941,37.50525],[126.94943,37.50524],[126.94947,37.50522],[126.94949,37.5052],[126.94953,37.5052],[126.94956,37.5052],[126.94974,37.50528]]}},{"type":"Feature","properties":{"class":"minor","highway":"residential","sidewalk":"unknown","lanes":0,"name":"","oneway":false},"geometry":{"type":"LineString","coordinates":[[126.94023,37.50998],[126.94033,37.50995],[126.94039,37.50991],[126.94085,37.50945],[126.94092,37.50935],[126.941,37.50921],[126.941,37.50919],[126.94103,37.50914],[126.94116,37.50904]]}},{"type":"Feature","properties":{"class":"alley","highway":"service","sidewalk":"unknown","lanes":0,"name":"","oneway":false},"geometry":{"type":"LineString","coordinates":[[126.94184,37.50665],[126.94192,37.50657],[126.94197,37.50653]]}}]}