{"type":"FeatureCollection","features":[{"type":"Feature","properties":{"class":"major","highway":"tertiary","sidewalk":"likely","lanes":0,"name":"선유서로","oneway":true},"geometry":{"type":"LineString","coordinates":[[126.88401,37.51569],[126.88393,37.51579],[126.88387,37.5159]]}},{"type":"Feature","properties":{"class":"major","highway":"tertiary","sidewalk":"likely","lanes":0,"name":"새말로","oneway":false},"geometry":{"type":"LineString","coordinates":[[126.88267,37.50195],[126.8828,37.502],[126.8829,37.50204],[126.88357,37.50234],[126.88367,37.50239],[126.884,37.50253],[126.88442,37.50271],[126.8845,37.50275],[126.88498,37.50296],[126.88514,37.50303],[126.88574,37.50332],[126.88632,37.50362],[126.88684,37.50388],[126.887,37.50396],[126.8873,37.50411],[126.88758,37.50425],[126.88776,37.50434]]}},{"type":"Feature","properties":{"class":"major","highway":"tertiary","sidewalk":"likely","lanes":0,"name":"도영로","oneway":false},"geometry":{"type":"LineString","coordinates":[[126.89303,37.50708],[126.89391,37.50747]]}},{"type":"Feature","properties":{"class":"minor","highway":"residential","sidewalk":"yes","lanes":0,"name":"도림로139길","oneway":false},"geometry":{"type":"LineString","coordinates":[[126.89195,37.51319],[126.89212,37.51332],[126.89275,37.51381],[126.89342,37.51434],[126.89379,37.51465],[126.89392,37.51476]]}},{"type":"Feature","properties":{"class":"major","highway":"tertiary","sidewalk":"likely","lanes":0,"name":"","oneway":true},"geometry":{"type":"LineString","coordinates":[[126.89443,37.5122],[126.89433,37.5122],[126.89414,37.51221],[126.89403,37.51223],[126.89396,37.51225],[126.89386,37.51229]]}},{"type":"Feature","properties":{"class":"major","highway":"secondary","sidewalk":"likely","lanes":0,"name":"선유로","oneway":false},"geometry":{"type":"LineString","coordinates":[[126.88736,37.51412],[126.8874,37.51422],[126.88745,37.51432],[126.88772,37.51486],[126.88784,37.51511],[126.88795,37.51535],[126.88823,37.51597],[126.88859,37.51674],[126.8887,37.51698],[126.88881,37.51722],[126.88887,37.51746],[126.88902,37.51809],[126.88914,37.51854],[126.88918,37.5187],[126.88925,37.51898],[126.88926,37.51902],[126.88932,37.51926],[126.88943,37.51971],[126.88947,37.51988],[126.88951,37.52002],[126.88961,37.52044],[126.88972,37.52094],[126.88975,37.52106],[126.88978,37.52116],[126.88988,37.52158],[126.88993,37.52181],[126.89,37.52211],[126.89004,37.52227]]}},{"type":"Feature","properties":{"class":"major","highway":"tertiary","sidewalk":"likely","lanes":0,"name":"구로중앙로28길","oneway":false},"geometry":{"type":"LineString","coordinates":[[126.88596,37.49857],[126.88606,37.49863],[126.8861,37.49866],[126.88619,37.49871],[126.88632,37.49879],[126.88643,37.49885],[126.88669,37.499],[126.88736,37.49939],[126.88761,37.49954],[126.88775,37.49961],[126.8881,37.4998],[126.88848,37.5],[126.88933,37.50044]]}},{"type":"Feature","properties":{"class":"major","highway":"primary","sidewalk":"likely","lanes":0,"name":"도림천로","oneway":true},"geometry":{"type":"LineString","coordinates":[[126.87707,37.51735],[126.87846,37.51703],[126.87877,37.51693],[126.88115,37.51635],[126.88169,37.51623]]}},{"type":"Feature","properties":{"class":"major","highway":"tertiary","sidewalk":"likely","lanes":0,"name":"신도림로","oneway":false},"geometry":{"type":"LineString","coordinates":[[126.8867,37.51254],[126.88631,37.51225],[126.88621,37.51218],[126.88506,37.51134],[126.88462,37.51102],[126.8844,37.51086],[126.88346,37.51017]]}},{"type":"Feature","properties":{"class":"minor","highway":"residential","sidewalk":"unknown","lanes":0,"name":"경인로63길","oneway":false},"geometry":{"type":"LineString","coordinates":[[126.88462,37.51102],[126.88466,37.51092],[126.88468,37.51088],[126.88469,37.51082],[126.88469,37.51063],[126.88468,37.51044],[126.88484,37.50975],[126.88492,37.50938],[126.88498,37.5091],[126.88513,37.50842],[126.88515,37.50838],[126.88516,37.50834],[126.88609,37.50748]]}},{"type":"Feature","properties":{"class":"major","highway":"tertiary","sidewalk":"likely","lanes":0,"name":"경인로65길","oneway":false},"geometry":{"type":"LineString","coordinates":[[126.88938,37.51113],[126.88922,37.51102],[126.88838,37.51039],[126.88713,37.50947],[126.88695,37.50935],[126.88656,37.50905],[126.88643,37.50896]]}},{"type":"Feature","properties":{"class":"major","highway":"tertiary","sidewalk":"likely","lanes":0,"name":"경인로61길","oneway":false},"geometry":{"type":"LineString","coordinates":[[126.88499,37.50733],[126.88486,37.50745],[126.88417,37.50812],[126.88282,37.50955],[126.88273,37.50965]]}},{"type":"Feature","properties":{"class":"minor","highway":"residential","sidewalk":"unknown","lanes":0,"name":"경인로59길","oneway":false},"geometry":{"type":"LineString","coordinates":[[126.88041,37.50803],[126.88048,37.50798],[126.8805,37.50796],[126.88074,37.5078],[126.88111,37.50756],[126.88161,37.50724],[126.88191,37.50716],[126.88267,37.50709],[126.88286,37.50675],[126.88292,37.50649],[126.88323,37.50616]]}},{"type":"Feature","properties":{"class":"minor","highway":"residential","sidewalk":"unknown","lanes":0,"name":"경인로","oneway":false},"geometry":{"type":"LineString","coordinates":[[126.8841,37.50619],[126.88407,37.50625],[126.88371,37.50701],[126.88361,37.5071],[126.88357,37.5071],[126.8834,37.50712],[126.88267,37.50709]]}},{"type":"Feature","properties":{"class":"major","highway":"secondary","sidewalk":"likely","lanes":0,"name":"공원로","oneway":false},"geometry":{"type":"LineString","coordinates":[[126.88555,37.50663],[126.8859,37.50636]]}},{"type":"Feature","properties":{"class":"major","highway":"primary","sidewalk":"likely","lanes":4,"name":"도림천로","oneway":false},"geometry":{"type":"LineString","coordinates":[[126.89327,37.50334],[126.89352,37.50482],[126.89383,37.50646],[126.89388,37.50674],[126.89392,37.50696],[126.89392,37.50712],[126.89392,37.50728],[126.89389,37.50753],[126.89386,37.50771],[126.89382,37.50784],[126.89377,37.50797],[126.89371,37.5081],[126.89361,37.50827],[126.8935,37.50846],[126.89328,37.50876],[126.89176,37.5107]]}},{"type":"Feature","properties":{"class":"major","highway":"tertiary","sidewalk":"likely","lanes":0,"name":"경인로67길","oneway":false},"geometry":{"type":"LineString","coordinates":[[126.89041,37.51022],[126.89025,37.5104],[126.89017,37.51046],[126.89005,37.51057],[126.88979,37.51078],[126.88938,37.51113]]}},{"type":"Feature","properties":{"class":"major","highway":"tertiary","sidewalk":"likely","lanes":0,"name":"신도림로19길","oneway":false},"geometry":{"type":"LineString","coordinates":[[126.88506,37.51134],[126.88478,37.5114],[126.88409,37.51158],[126.88363,37.51169],[126.88257,37.51196],[126.88205,37.51209],[126.88193,37.51212],[126.88134,37.51227],[126.8809,37.51238],[126.88058,37.51251],[126.87997,37.51279],[126.87989,37.51283]]}},{"type":"Feature","properties":{"class":"major","highway":"tertiary_link","sidewalk":"likely","lanes":0,"name":"","oneway":true},"geometry":{"type":"LineString","coordinates":[[126.8867,37.51254],[126.88612,37.51284],[126.88601,37.51289],[126.88537,37.51323],[126.88522,37.51331],[126.88482,37.51348],[126.88415,37.51378],[126.88362,37.51404],[126.88331,37.5142],[126.88312,37.51433],[126.88306,37.51436],[126.88287,37.51453],[126.8828,37.51458],[126.88271,37.51463],[126.88248,37.51474],[126.88237,37.51481],[126.88202,37.51504],[126.88199,37.51503],[126.88196,37.51502],[126.88193,37.51501],[126.8819,37.51499],[126.88186,37.51496],[126.88185,37.51494],[126.88185,37.51493],[126.88185,37.51491],[126.88185,37.5149],[126.88185,37.51488],[126.88186,37.51486]]}},{"type":"Feature","properties":{"class":"major","highway":"primary_link","sidewalk":"likely","lanes":0,"name":"서부간선로","oneway":true},"geometry":{"type":"LineString","coordinates":[[126.88088,37.51442],[126.88127,37.51467],[126.88163,37.51492],[126.8817,37.51499],[126.88187,37.51512],[126.88204,37.51525]]}},{"type":"Feature","properties":{"class":"major","highway":"primary_link","sidewalk":"likely","lanes":0,"name":"","oneway":true},"geometry":{"type":"LineString","coordinates":[[126.88268,37.51586],[126.88302,37.51575],[126.88306,37.51574],[126.88341,37.51561],[126.88378,37.51546],[126.88443,37.51515],[126.88471,37.51502],[126.88528,37.51487]]}},{"type":"Feature","properties":{"class":"major","highway":"tertiary","sidewalk":"likely","lanes":0,"name":"경인로67길","oneway":true},"geometry":{"type":"LineString","coordinates":[[126.88186,37.51486],[126.8822,37.5146],[126.88233,37.51451],[126.88294,37.51417],[126.88315,37.51407]]}},{"type":"Feature","properties":{"class":"major","highway":"secondary","sidewalk":"likely","lanes":0,"name":"경인로71길","oneway":true},"geometry":{"type":"LineString","coordinates":[[126.89188,37.51097],[126.89182,37.51113],[126.89146,37.51162],[126.89142,37.51168],[126.89126,37.51188],[126.89106,37.51211],[126.89078,37.51239],[126.89041,37.51268],[126.89034,37.51273],[126.88999,37.51296],[126.88977,37.51309],[126.88961,37.51318],[126.88921,37.51337],[126.88861,37.51363],[126.88816,37.51382],[126.88792,37.51391],[126.88753,37.51408],[126.88736,37.51412]]}},{"type":"Feature","properties":{"class":"major","highway":"secondary","sidewalk":"likely","lanes":0,"name":"경인로77가길","oneway":true},"geometry":{"type":"LineString","coordinates":[[126.88736,37.51412],[126.88741,37.51407],[126.88745,37.51402],[126.88752,37.51398],[126.88941,37.51305],[126.89013,37.51273],[126.89038,37.51258],[126.89059,37.51243],[126.89076,37.51229],[126.89093,37.51214],[126.89108,37.51197],[126.8912,37.5118],[126.89137,37.51157]]}},{"type":"Feature","properties":{"class":"major","highway":"primary_link","sidewalk":"likely","lanes":0,"name":"","oneway":true},"geometry":{"type":"LineString","coordinates":[[126.89,37.51258],[126.88992,37.51276],[126.8898,37.51288]]}},{"type":"Feature","properties":{"class":"major","highway":"secondary","sidewalk":"likely","lanes":0,"name":"공원로","oneway":true},"geometry":{"type":"LineString","coordinates":[[126.88791,37.50442],[126.88779,37.50455],[126.88731,37.50506],[126.88697,37.50542],[126.88692,37.50546],[126.88688,37.50547],[126.88683,37.50547],[126.88678,37.50546],[126.88672,37.50542],[126.88669,37.50539],[126.88666,37.50536],[126.88664,37.50533],[126.88664,37.50531],[126.88666,37.50528],[126.88719,37.50469],[126.88737,37.50449],[126.88758,37.50425]]}},{"type":"Feature","properties":{"class":"major","highway":"secondary","sidewalk":"likely","lanes":0,"name":"공원로","oneway":true},"geometry":{"type":"LineString","coordinates":[[126.89339,37.49794],[126.89332,37.498],[126.89329,37.49802],[126.89315,37.49817],[126.89288,37.4985],[126.89278,37.49862],[126.89236,37.49912],[126.89156,37.5001],[126.89097,37.50082],[126.89089,37.50091],[126.8907,37.50115],[126.8904,37.50149],[126.89015,37.5018],[126.8899,37.50211],[126.88945,37.50264],[126.88883,37.50339],[126.8886,37.50363],[126.88842,37.50378],[126.88811,37.50402],[126.88794,37.50418],[126.88776,37.50434]]}},{"type":"Feature","properties":{"class":"major","highway":"secondary","sidewalk":"likely","lanes":0,"name":"공원로","oneway":true},"geometry":{"type":"LineString","coordinates":[[126.89097,37.50082],[126.89086,37.50084],[126.89081,37.50084],[126.89075,37.50083],[126.8907,37.50082],[126.89064,37.50079],[126.89059,37.50076],[126.89055,37.50073],[126.89051,37.50068],[126.89049,37.50065],[126.89045,37.5006]]}},{"type":"Feature","properties":{"class":"major","highway":"secondary","sidewalk":"likely","lanes":0,"name":"공원로","oneway":true},"geometry":{"type":"LineString","coordinates":[[126.88776,37.50434],[126.88795,37.50391],[126.88806,37.50371],[126.88816,37.50347],[126.88826,37.50329],[126.88837,37.50313],[126.88897,37.5024],[126.88994,37.50122],[126.8902,37.50089],[126.89045,37.5006],[126.89104,37.49985],[126.8927,37.49788],[126.89281,37.49775],[126.89305,37.49745]]}},{"type":"Feature","properties":{"class":"major","highway":"primary","sidewalk":"likely","lanes":0,"name":"도림천로","oneway":true},"geometry":{"type":"LineString","coordinates":[[126.89327,37.50334],[126.89325,37.50305],[126.89326,37.50291],[126.8933,37.50266],[126.8933,37.50255],[126.89272,37.50221]]}},{"type":"Feature","properties":{"class":"major","highway":"secondary","sidewalk":"likely","lanes":0,"name":"공원로","oneway":true},"geometry":{"type":"LineString","coordinates":[[126.88994,37.50122],[126.88999,37.50121],[126.89005,37.5012],[126.89011,37.50121],[126.89018,37.50123],[126.89027,37.50126],[126.89033,37.5013],[126.89037,37.50136],[126.89039,37.50142],[126.8904,37.50149]]}},{"type":"Feature","properties":{"class":"alley","highway":"service","sidewalk":"unknown","lanes":0,"name":"","oneway":false},"geometry":{"type":"LineString","coordinates":[[126.88059,37.5051],[126.88091,37.50536],[126.88092,37.50563],[126.88136,37.50572],[126.88167,37.50567],[126.88198,37.50578]]}},{"type":"Feature","properties":{"class":"alley","highway":"service","sidewalk":"unknown","lanes":0,"name":"","oneway":false},"geometry":{"type":"LineString","coordinates":[[126.88153,37.50514],[126.88217,37.5056],[126.88198,37.50578],[126.88228,37.506],[126.88287,37.50645],[126.88292,37.50649]]}},{"type":"Feature","properties":{"class":"alley","highway":"service","sidewalk":"unknown","lanes":0,"name":"","oneway":false},"geometry":{"type":"LineString","coordinates":[[126.88039,37.50575],[126.88045,37.5058]]}},{"type":"Feature","properties":{"class":"alley","highway":"service","sidewalk":"unknown","lanes":0,"name":"","oneway":false},"geometry":{"type":"LineString","coordinates":[[126.88169,37.5061],[126.88189,37.50625],[126.88182,37.5064]]}},{"type":"Feature","properties":{"class":"alley","highway":"service","sidewalk":"unknown","lanes":0,"name":"","oneway":false},"geometry":{"type":"LineString","coordinates":[[126.88154,37.50522],[126.88153,37.50514],[126.88152,37.50497],[126.88159,37.50488],[126.88142,37.50474],[126.88135,37.50479]]}},{"type":"Feature","properties":{"class":"alley","highway":"service","sidewalk":"unknown","lanes":0,"name":"","oneway":false},"geometry":{"type":"LineString","coordinates":[[126.88169,37.5061],[126.88183,37.50595],[126.88198,37.50578]]}},{"type":"Feature","properties":{"class":"alley","highway":"service","sidewalk":"unknown","lanes":0,"name":"","oneway":false},"geometry":{"type":"LineString","coordinates":[[126.88169,37.5061],[126.88133,37.50613],[126.88115,37.50615]]}},{"type":"Feature","properties":{"class":"major","highway":"tertiary","sidewalk":"no","lanes":2,"name":"도영로","oneway":false},"geometry":{"type":"LineString","coordinates":[[126.89859,37.51061],[126.89876,37.51075]]}},{"type":"Feature","properties":{"class":"major","highway":"primary","sidewalk":"likely","lanes":4,"name":"경인로","oneway":true},"geometry":{"type":"LineString","coordinates":[[126.88036,37.50336],[126.88171,37.50428],[126.88187,37.50446]]}},{"type":"Feature","properties":{"class":"major","highway":"secondary","sidewalk":"likely","lanes":0,"name":"구로동로","oneway":true},"geometry":{"type":"LineString","coordinates":[[126.88208,37.50094],[126.88225,37.5007],[126.88239,37.50043],[126.88241,37.5003],[126.88242,37.50022],[126.88244,37.49961],[126.88244,37.49943],[126.88246,37.49888],[126.88246,37.49804],[126.88247,37.49778],[126.88248,37.49726],[126.88253,37.49647],[126.88254,37.49624],[126.88256,37.49595],[126.88258,37.49547],[126.8826,37.4953],[126.88265,37.49499],[126.8827,37.49478],[126.88284,37.49442],[126.88289,37.49428]]}},{"type":"Feature","properties":{"class":"major","highway":"secondary","sidewalk":"likely","lanes":0,"name":"구로역지하차도","oneway":true},"geometry":{"type":"LineString","coordinates":[[126.88131,37.50177],[126.88067,37.50232]]}},{"type":"Feature","properties":{"class":"major","highway":"secondary","sidewalk":"likely","lanes":0,"name":"구로중앙로","oneway":true},"geometry":{"type":"LineString","coordinates":[[126.87981,37.50301],[126.8799,37.5029],[126.87992,37.50287],[126.87994,37.50283],[126.88007,37.50272],[126.88055,37.50224]]}},{"type":"Feature","properties":{"class":"major","highway":"secondary","sidewalk":"likely","lanes":0,"name":"구로중앙로","oneway":true},"geometry":{"type":"LineString","coordinates":[[126.88208,37.50094],[126.88238,37.50071],[126.88251,37.50067]]}},{"type":"Feature","properties":{"class":"major","highway":"secondary","sidewalk":"likely","lanes":0,"name":"구로중앙로","oneway":true},"geometry":{"type":"LineString","coordinates":[[126.88067,37.50232],[126.88017,37.50279],[126.88005,37.5029],[126.87995,37.50294],[126.87981,37.50301]]}},{"type":"Feature","properties":{"class":"major","highway":"secondary","sidewalk":"likely","lanes":0,"name":"구로역지하차도","oneway":true},"geometry":{"type":"LineString","coordinates":[[126.88055,37.50224],[126.8808,37.50202],[126.88119,37.50167]]}},{"type":"Feature","properties":{"class":"major","highway":"secondary","sidewalk":"likely","lanes":0,"name":"구로동로","oneway":true},"geometry":{"type":"LineString","coordinates":[[126.88266,37.49559],[126.88263,37.49653],[126.88262,37.49674],[126.88261,37.49691],[126.8826,37.49727],[126.88259,37.4975],[126.88258,37.49773],[126.88258,37.49775],[126.88257,37.49804],[126.88257,37.4982],[126.88257,37.49824],[126.88252,37.49962],[126.88252,37.49966],[126.8825,37.50024],[126.8825,37.50031],[126.88252,37.50059],[126.88251,37.50067]]}},{"type":"Feature","properties":{"class":"major","highway":"secondary","sidewalk":"yes","lanes":7,"name":"당산로","oneway":false},"geometry":{"type":"LineString","coordinates":[[126.89392,37.51476],[126.89403,37.51488],[126.89434,37.51604],[126.89446,37.51652],[126.89454,37.51686],[126.89464,37.51727]]}},{"type":"Feature","properties":{"class":"minor","highway":"residential","sidewalk":"unknown","lanes":0,"name":"신도림로11길","oneway":false},"geometry":{"type":"LineString","coordinates":[[126.88041,37.50803],[126.87991,37.50835],[126.87947,37.50862],[126.87918,37.50881],[126.87846,37.50926],[126.87808,37.5095],[126.87788,37.50962],[126.87742,37.5099]]}},{"type":"Feature","properties":{"class":"alley","highway":"service","sidewalk":"unknown","lanes":0,"name":"","oneway":false},"geometry":{"type":"LineString","coordinates":[[126.88022,37.50667],[126.88057,37.50676],[126.88087,37.50682],[126.88099,37.50698],[126.88102,37.50712],[126.881,37.50745],[126.88109,37.50754],[126.88111,37.50756]]}},{"type":"Feature","properties":{"class":"minor","highway":"residential","sidewalk":"unknown","lanes":0,"name":"신도림로17길","oneway":false},"geometry":{"type":"LineString","coordinates":[[126.88205,37.51209],[126.88176,37.51132],[126.88191,37.51111],[126.88204,37.51072],[126.88199,37.51057],[126.88195,37.51039]]}},{"type":"Feature","properties":{"class":"alley","highway":"service","sidewalk":"unknown","lanes":0,"name":"","oneway":false},"geometry":{"type":"LineString","coordinates":[[126.8828,37.502],[126.88307,37.50172],[126.8831,37.50165],[126.88311,37.50161],[126.88309,37.50145],[126.88293,37.50132],[126.88349,37.50073],[126.88349,37.50042]]}},{"type":"Feature","properties":{"class":"minor","highway":"residential","sidewalk":"unknown","lanes":0,"name":"새말로","oneway":false},"geometry":{"type":"LineString","coordinates":[[126.8829,37.50204],[126.88304,37.5019],[126.88324,37.50172],[126.88327,37.50166],[126.88328,37.50159],[126.88328,37.50143],[126.88332,37.50117],[126.88335,37.5011],[126.88341,37.50106],[126.88358,37.50103]]}},{"type":"Feature","properties":{"class":"minor","highway":"residential","sidewalk":"unknown","lanes":0,"name":"구로중앙로34길","oneway":false},"geometry":{"type":"LineString","coordinates":[[126.88328,37.50143],[126.88351,37.50132],[126.88361,37.50128],[126.88376,37.50123],[126.88399,37.50114],[126.88407,37.50111],[126.88435,37.501],[126.88442,37.50095],[126.88451,37.50089],[126.88462,37.50073]]}},{"type":"Feature","properties":{"class":"minor","highway":"residential","sidewalk":"unknown","lanes":0,"name":"새말로12길","oneway":false},"geometry":{"type":"LineString","coordinates":[[126.88574,37.50332],[126.88584,37.50318]]}},{"type":"Feature","properties":{"class":"minor","highway":"residential","sidewalk":"unknown","lanes":0,"name":"구로중앙로28길","oneway":false},"geometry":{"type":"LineString","coordinates":[[126.88729,37.50151],[126.88822,37.50034],[126.88827,37.50026],[126.88848,37.5]]}},{"type":"Feature","properties":{"class":"minor","highway":"residential","sidewalk":"unknown","lanes":0,"name":"새말로9길","oneway":false},"geometry":{"type":"LineString","coordinates":[[126.88498,37.50296],[126.88509,37.50332],[126.88533,37.5036],[126.88557,37.50392],[126.8856,37.50394],[126.88581,37.50408],[126.8859,37.50415],[126.8865,37.50457],[126.88663,37.50461],[126.88703,37.50466],[126.88719,37.50469]]}},{"type":"Feature","properties":{"class":"alley","highway":"service","sidewalk":"unknown","lanes":0,"name":"","oneway":false},"geometry":{"type":"LineString","coordinates":[[126.8845,37.50275],[126.88396,37.50315],[126.88456,37.50362],[126.88497,37.50395],[126.885,37.50403],[126.88503,37.50405],[126.88514,37.50414],[126.88521,37.50428],[126.8856,37.50394]]}},{"type":"Feature","properties":{"class":"minor","highway":"residential","sidewalk":"unknown","lanes":0,"name":"구로중앙로32가길","oneway":false},"geometry":{"type":"LineString","coordinates":[[126.88606,37.50299],[126.88597,37.5029],[126.88559,37.50251],[126.88536,37.50225],[126.88518,37.50205],[126.88501,37.50184],[126.88493,37.50175],[126.88485,37.50149],[126.88484,37.50146],[126.88484,37.50143],[126.88477,37.50108],[126.88485,37.50079]]}},{"type":"Feature","properties":{"class":"minor","highway":"residential","sidewalk":"unknown","lanes":0,"name":"공원로","oneway":false},"geometry":{"type":"LineString","coordinates":[[126.8873,37.50411],[126.88746,37.50406],[126.8876,37.50399],[126.88783,37.50373],[126.88806,37.50344],[126.88815,37.50335],[126.88814,37.50323],[126.88886,37.50234]]}},{"type":"Feature","properties":{"class":"minor","highway":"residential","sidewalk":"unknown","lanes":0,"name":"공원로11길","oneway":false},"geometry":{"type":"LineString","coordinates":[[126.8876,37.50399],[126.88728,37.5036],[126.88705,37.50322],[126.88691,37.50263],[126.88684,37.50177]]}},{"type":"Feature","properties":{"class":"minor","highway":"residential","sidewalk":"unknown","lanes":0,"name":"공원로9길","oneway":false},"geometry":{"type":"LineString","coordinates":[[126.88691,37.50263],[126.88704,37.50267],[126.88737,37.50283],[126.88772,37.50301],[126.88814,37.50323]]}},{"type":"Feature","properties":{"class":"minor","highway":"residential","sidewalk":"unknown","lanes":0,"name":"공원로9길","oneway":false},"geometry":{"type":"LineString","coordinates":[[126.887,37.50396],[126.88728,37.5036],[126.88772,37.50301]]}},{"type":"Feature","properties":{"class":"minor","highway":"residential","sidewalk":"unknown","lanes":0,"name":"구로중앙로28다길","oneway":false},"geometry":{"type":"LineString","coordinates":[[126.88737,37.50283],[126.88809,37.50193],[126.88911,37.5007],[126.88933,37.50044]]}},{"type":"Feature","properties":{"class":"minor","highway":"residential","sidewalk":"unknown","lanes":0,"name":"구로중앙로28다길","oneway":false},"geometry":{"type":"LineString","coordinates":[[126.88827,37.50026],[126.88869,37.50048],[126.88911,37.5007]]}},{"type":"Feature","properties":{"class":"minor","highway":"residential","sidewalk":"unknown","lanes":0,"name":"공원로7길","oneway":false},"geometry":{"type":"LineString","coordinates":[[126.88767,37.50171],[126.88869,37.50048]]}},{"type":"Feature","properties":{"class":"minor","highway":"residential","sidewalk":"unknown","lanes":0,"name":"구로중앙로32가길","oneway":false},"geometry":{"type":"LineString","coordinates":[[126.88485,37.50079],[126.88498,37.50062],[126.88489,37.49977],[126.88483,37.49956],[126.88474,37.49918]]}},{"type":"Feature","properties":{"class":"minor","highway":"residential","sidewalk":"unknown","lanes":0,"name":"구로중앙로28가길","oneway":false},"geometry":{"type":"LineString","coordinates":[[126.88498,37.50062],[126.88592,37.50027],[126.88629,37.50006],[126.88634,37.50004],[126.88668,37.49982],[126.88704,37.49959],[126.88736,37.49939]]}},{"type":"Feature","properties":{"class":"minor","highway":"residential","sidewalk":"unknown","lanes":0,"name":"공원로7길","oneway":false},"geometry":{"type":"LineString","coordinates":[[126.88897,37.5024],[126.88886,37.50234],[126.88843,37.50211],[126.88809,37.50193],[126.88767,37.50171],[126.88729,37.50151],[126.88708,37.5014],[126.88691,37.5013],[126.88678,37.50123]]}},{"type":"Feature","properties":{"class":"alley","highway":"service","sidewalk":"unknown","lanes":0,"name":"","oneway":false},"geometry":{"type":"LineString","coordinates":[[126.88367,37.50239],[126.88281,37.5024],[126.88251,37.5024]]}},{"type":"Feature","properties":{"class":"alley","highway":"service","sidewalk":"unknown","lanes":0,"name":"","oneway":false},"geometry":{"type":"LineString","coordinates":[[126.88281,37.5024],[126.88282,37.50261]]}},{"type":"Feature","properties":{"class":"minor","highway":"residential","sidewalk":"unknown","lanes":0,"name":"새말로8길","oneway":false},"geometry":{"type":"LineString","coordinates":[[126.88442,37.50271],[126.88459,37.50239],[126.88477,37.50228],[126.88491,37.5022],[126.88497,37.50217],[126.88518,37.50205]]}},{"type":"Feature","properties":{"class":"minor","highway":"residential","sidewalk":"unknown","lanes":0,"name":"새말로8가길","oneway":false},"geometry":{"type":"LineString","coordinates":[[126.88459,37.50239],[126.88416,37.50187],[126.88428,37.5018],[126.88433,37.50172],[126.88451,37.5016],[126.88468,37.50153],[126.88485,37.50149]]}},{"type":"Feature","properties":{"class":"minor","highway":"residential","sidewalk":"yes","lanes":0,"name":"공원로6가길","oneway":false},"geometry":{"type":"LineString","coordinates":[[126.88884,37.50491],[126.88927,37.50439],[126.89004,37.50343],[126.89032,37.50309],[126.8914,37.50174],[126.89146,37.50165],[126.89154,37.50155]]}},{"type":"Feature","properties":{"class":"minor","highway":"residential","sidewalk":"unknown","lanes":0,"name":"가마산로27길","oneway":false},"geometry":{"type":"LineString","coordinates":[[126.88933,37.50044],[126.88966,37.50002],[126.89012,37.49944],[126.89017,37.49938],[126.89097,37.49838],[126.89166,37.49752],[126.89211,37.49696]]}},{"type":"Feature","properties":{"class":"minor","highway":"residential","sidewalk":"unknown","lanes":0,"name":"공원로7길","oneway":false},"geometry":{"type":"LineString","coordinates":[[126.88691,37.5013],[126.88698,37.50121],[126.88784,37.50016]]}},{"type":"Feature","properties":{"class":"minor","highway":"residential","sidewalk":"unknown","lanes":0,"name":"구로중앙로28길","oneway":false},"geometry":{"type":"LineString","coordinates":[[126.88822,37.50034],[126.88784,37.50016],[126.88747,37.49994]]}},{"type":"Feature","properties":{"class":"minor","highway":"residential","sidewalk":"unknown","lanes":0,"name":"구로중앙로28길","oneway":false},"geometry":{"type":"LineString","coordinates":[[126.88775,37.49961],[126.88747,37.49994],[126.88679,37.50077]]}},{"type":"Feature","properties":{"class":"minor","highway":"residential","sidewalk":"unknown","lanes":0,"name":"가마산로27길","oneway":false},"geometry":{"type":"LineString","coordinates":[[126.88966,37.50002],[126.88841,37.49937]]}},{"type":"Feature","properties":{"class":"major","highway":"tertiary","sidewalk":"likely","lanes":2,"name":"벚꽃로","oneway":true},"geometry":{"type":"LineString","coordinates":[[126.8813,37.50142],[126.88105,37.50126],[126.88083,37.50107],[126.88076,37.501],[126.88069,37.5009],[126.8806,37.50076],[126.88053,37.50063],[126.88035,37.50031],[126.88028,37.50018],[126.88021,37.50003],[126.88015,37.49991],[126.88009,37.49977],[126.88004,37.49965],[126.87998,37.49949],[126.8799,37.49923],[126.87982,37.49894],[126.87977,37.49868],[126.8798,37.4986]]}},{"type":"Feature","properties":{"class":"alley","highway":"service","sidewalk":"unknown","lanes":0,"name":"","oneway":false},"geometry":{"type":"LineString","coordinates":[[126.881,37.50745],[126.88085,37.50751],[126.8807,37.50753],[126.88058,37.50747]]}},{"type":"Feature","properties":{"class":"alley","highway":"service","sidewalk":"unknown","lanes":0,"name":"","oneway":false},"geometry":{"type":"LineString","coordinates":[[126.88228,37.506],[126.88253,37.50578],[126.88276,37.50593]]}},{"type":"Feature","properties":{"class":"alley","highway":"service","sidewalk":"unknown","lanes":0,"name":"","oneway":false},"geometry":{"type":"LineString","coordinates":[[126.88323,37.50616],[126.88316,37.50611],[126.88292,37.50593],[126.88301,37.50583],[126.8828,37.50568]]}},{"type":"Feature","properties":{"class":"minor","highway":"residential","sidewalk":"unknown","lanes":0,"name":"경인로","oneway":false},"geometry":{"type":"LineString","coordinates":[[126.88357,37.5071],[126.88365,37.50718],[126.88389,37.50725],[126.88409,37.5073],[126.88418,37.5071],[126.88458,37.50666]]}},{"type":"Feature","properties":{"class":"alley","highway":"service","sidewalk":"unknown","lanes":0,"name":"","oneway":false},"geometry":{"type":"LineString","coordinates":[[126.88208,37.50834],[126.88242,37.50834],[126.88259,37.50822],[126.88262,37.50809],[126.88263,37.50795]]}},{"type":"Feature","properties":{"class":"alley","highway":"service","sidewalk":"unknown","lanes":0,"name":"","oneway":false},"geometry":{"type":"LineString","coordinates":[[126.88242,37.50834],[126.88262,37.50852],[126.8826,37.50865],[126.88246,37.50882],[126.88251,37.50887]]}},{"type":"Feature","properties":{"class":"alley","highway":"service","sidewalk":"unknown","lanes":0,"name":"","oneway":false},"geometry":{"type":"LineString","coordinates":[[126.88259,37.50822],[126.88271,37.50826],[126.88311,37.50824]]}},{"type":"Feature","properties":{"class":"minor","highway":"residential","sidewalk":"unknown","lanes":0,"name":"","oneway":false},"geometry":{"type":"LineString","coordinates":[[126.89238,37.50979],[126.89153,37.50941]]}},{"type":"Feature","properties":{"class":"minor","highway":"residential","sidewalk":"unknown","lanes":0,"name":"경인로68길","oneway":false},"geometry":{"type":"LineString","coordinates":[[126.8873,37.50839],[126.88749,37.50821],[126.88823,37.50746]]}},{"type":"Feature","properties":{"class":"minor","highway":"unclassified","sidewalk":"unknown","lanes":0,"name":"경인로66길","oneway":false},"geometry":{"type":"LineString","coordinates":[[126.88657,37.50782],[126.88669,37.50767],[126.88681,37.50752],[126.88698,37.5073],[126.88737,37.50691]]}},{"type":"Feature","properties":{"class":"alley","highway":"service","sidewalk":"unknown","lanes":0,"name":"","oneway":false},"geometry":{"type":"LineString","coordinates":[[126.88698,37.5073],[126.88632,37.50682],[126.88665,37.50647]]}},{"type":"Feature","properties":{"class":"alley","highway":"service","sidewalk":"unknown","lanes":0,"name":"","oneway":false},"geometry":{"type":"LineString","coordinates":[[126.88681,37.50752],[126.88691,37.50757],[126.88704,37.50764],[126.88719,37.50766],[126.88754,37.50786],[126.88768,37.50773],[126.88752,37.50761],[126.88764,37.50748],[126.88743,37.50736],[126.88706,37.50742],[126.88691,37.50757]]}},{"type":"Feature","properties":{"class":"alley","highway":"service","sidewalk":"unknown","lanes":0,"name":"","oneway":false},"geometry":{"type":"LineString","coordinates":[[126.88469,37.51063],[126.88484,37.51065],[126.88493,37.51094],[126.88504,37.511],[126.88517,37.511],[126.88593,37.5108]]}},{"type":"Feature","properties":{"class":"alley","highway":"service","sidewalk":"unknown","lanes":0,"name":"","oneway":false},"geometry":{"type":"LineString","coordinates":[[126.88621,37.51103],[126.88608,37.51074],[126.88589,37.5103],[126.88564,37.50975],[126.88617,37.5096],[126.88644,37.5096],[126.88656,37.50965]]}},{"type":"Feature","properties":{"class":"alley","highway":"service","sidewalk":"unknown","lanes":0,"name":"","oneway":false},"geometry":{"type":"LineString","coordinates":[[126.88695,37.50935],[126.88683,37.50944],[126.88656,37.50965],[126.88641,37.50981],[126.8864,37.50987],[126.8865,37.51005],[126.88666,37.51006],[126.88693,37.51],[126.88709,37.51002],[126.88734,37.51064],[126.88752,37.51108],[126.88763,37.51138],[126.88695,37.51153],[126.88646,37.51164],[126.88621,37.51103]]}},{"type":"Feature","properties":{"class":"alley","highway":"service","sidewalk":"unknown","lanes":0,"name":"","oneway":false},"geometry":{"type":"LineString","coordinates":[[126.88608,37.51074],[126.88641,37.51063],[126.88641,37.51058],[126.88624,37.51024],[126.88617,37.51022],[126.88589,37.5103]]}},{"type":"Feature","properties":{"class":"alley","highway":"service","sidewalk":"unknown","lanes":0,"name":"","oneway":false},"geometry":{"type":"LineString","coordinates":[[126.88621,37.51218],[126.8863,37.51208],[126.88634,37.51204],[126.88648,37.5119],[126.88644,37.51174],[126.88605,37.51145],[126.88618,37.51129],[126.88608,37.51121],[126.88595,37.51119],[126.8858,37.5113],[126.88573,37.51125]]}},{"type":"Feature","properties":{"class":"alley","highway":"service","sidewalk":"unknown","lanes":0,"name":"","oneway":false},"geometry":{"type":"LineString","coordinates":[[126.88695,37.51153],[126.88712,37.51189],[126.88755,37.51176],[126.88767,37.51147],[126.88763,37.51138]]}},{"type":"Feature","properties":{"class":"alley","highway":"service","sidewalk":"unknown","lanes":0,"name":"","oneway":false},"geometry":{"type":"LineString","coordinates":[[126.88752,37.51108],[126.88786,37.51099],[126.88793,37.51089],[126.88804,37.51082],[126.88807,37.51078],[126.88798,37.51062],[126.88774,37.51054],[126.88734,37.51064]]}},{"type":"Feature","properties":{"class":"alley","highway":"service","sidewalk":"unknown","lanes":0,"name":"","oneway":false},"geometry":{"type":"LineString","coordinates":[[126.88346,37.51017],[126.88354,37.5101],[126.88358,37.51007],[126.88377,37.5099],[126.8838,37.50988],[126.88412,37.5096],[126.88473,37.50908],[126.88498,37.5091]]}},{"type":"Feature","properties":{"class":"alley","highway":"service","sidewalk":"unknown","lanes":0,"name":"","oneway":false},"geometry":{"type":"LineString","coordinates":[[126.88473,37.50908],[126.88453,37.50893],[126.88429,37.50876]]}},{"type":"Feature","properties":{"class":"alley","highway":"service","sidewalk":"unknown","lanes":0,"name":"","oneway":false},"geometry":{"type":"LineString","coordinates":[[126.88401,37.50898],[126.88429,37.50876],[126.88443,37.5086],[126.88452,37.50859],[126.88492,37.50886],[126.88473,37.50908]]}},{"type":"Feature","properties":{"class":"alley","highway":"service","sidewalk":"unknown","lanes":0,"name":"","oneway":false},"geometry":{"type":"LineString","coordinates":[[126.88453,37.50893],[126.88412,37.50928],[126.88398,37.50917]]}},{"type":"Feature","properties":{"class":"alley","highway":"service","sidewalk":"unknown","lanes":0,"name":"","oneway":false},"geometry":{"type":"LineString","coordinates":[[126.88377,37.5099],[126.88355,37.50972]]}},{"type":"Feature","properties":{"class":"alley","highway":"service","sidewalk":"unknown","lanes":0,"name":"","oneway":false},"geometry":{"type":"LineString","coordinates":[[126.88336,37.50987],[126.88355,37.50972],[126.88387,37.50944]]}},{"type":"Feature","properties":{"class":"alley","highway":"service","sidewalk":"unknown","lanes":0,"name":"","oneway":false},"geometry":{"type":"LineString","coordinates":[[126.88412,37.5096],[126.88447,37.50984],[126.88462,37.50993],[126.88462,37.51003],[126.88432,37.51029]]}},{"type":"Feature","properties":{"class":"alley","highway":"service","sidewalk":"unknown","lanes":0,"name":"","oneway":false},"geometry":{"type":"LineString","coordinates":[[126.8838,37.50988],[126.88414,37.5101],[126.88447,37.50984]]}},{"type":"Feature","properties":{"class":"minor","highway":"residential","sidewalk":"unknown","lanes":0,"name":"경인로67나길","oneway":false},"geometry":{"type":"LineString","coordinates":[[126.88032,37.51372],[126.88076,37.51349],[126.88086,37.51345],[126.88095,37.5134],[126.88116,37.5133],[126.88128,37.51327],[126.88134,37.51328],[126.88236,37.51359],[126.88245,37.51362],[126.88273,37.51377],[126.88315,37.51407]]}},{"type":"Feature","properties":{"class":"alley","highway":"service","sidewalk":"unknown","lanes":0,"name":"","oneway":false},"geometry":{"type":"LineString","coordinates":[[126.88095,37.5134],[126.88121,37.51385],[126.88156,37.51409]]}},{"type":"Feature","properties":{"class":"minor","highway":"residential","sidewalk":"unknown","lanes":0,"name":"경인로67가길","oneway":false},"geometry":{"type":"LineString","coordinates":[[126.88382,37.51374],[126.88323,37.51328],[126.88244,37.51277],[126.88207,37.51259],[126.88198,37.51255],[126.88134,37.51227]]}},{"type":"Feature","properties":{"class":"minor","highway":"residential","sidewalk":"unknown","lanes":0,"name":"신도림로21가길","oneway":false},"geometry":{"type":"LineString","coordinates":[[126.88244,37.51277],[126.88327,37.51259],[126.88331,37.51258],[126.88331,37.51258],[126.88333,37.51258],[126.88353,37.51253],[126.88355,37.51253],[126.88375,37.51248],[126.88393,37.51244],[126.88433,37.51234],[126.88445,37.51231],[126.88446,37.51231],[126.88493,37.5122]]}},{"type":"Feature","properties":{"class":"minor","highway":"residential","sidewalk":"unknown","lanes":0,"name":"신도림로21길","oneway":false},"geometry":{"type":"LineString","coordinates":[[126.88573,37.51286],[126.88542,37.51254],[126.88501,37.51238],[126.88493,37.5122],[126.88478,37.5114]]}},{"type":"Feature","properties":{"class":"alley","highway":"service","sidewalk":"unknown","lanes":0,"name":"","oneway":false},"geometry":{"type":"LineString","coordinates":[[126.88257,37.51196],[126.88261,37.51216]]}},{"type":"Feature","properties":{"class":"alley","highway":"service","sidewalk":"unknown","lanes":0,"name":"","oneway":false},"geometry":{"type":"LineString","coordinates":[[126.88327,37.51259],[126.88322,37.51242],[126.88379,37.51228]]}},{"type":"Feature","properties":{"class":"alley","highway":"service","sidewalk":"unknown","lanes":0,"name":"","oneway":false},"geometry":{"type":"LineString","coordinates":[[126.88111,37.50406],[126.88107,37.50409],[126.87981,37.50519]]}},{"type":"Feature","properties":{"class":"alley","highway":"service","sidewalk":"unknown","lanes":0,"name":"","oneway":false},"geometry":{"type":"LineString","coordinates":[[126.88498,37.5091],[126.88531,37.50914],[126.88587,37.50867],[126.88582,37.50835]]}},{"type":"Feature","properties":{"class":"alley","highway":"service","sidewalk":"unknown","lanes":0,"name":"","oneway":false},"geometry":{"type":"LineString","coordinates":[[126.88204,37.51072],[126.88261,37.51107],[126.88274,37.51115],[126.88307,37.51135],[126.88317,37.51141],[126.88333,37.51138],[126.88363,37.51156],[126.88402,37.5112],[126.8844,37.51086]]}},{"type":"Feature","properties":{"class":"alley","highway":"service","sidewalk":"unknown","lanes":0,"name":"","oneway":false},"geometry":{"type":"LineString","coordinates":[[126.88261,37.51107],[126.88314,37.51056],[126.88402,37.5112]]}},{"type":"Feature","properties":{"class":"alley","highway":"service","sidewalk":"unknown","lanes":0,"name":"","oneway":false},"geometry":{"type":"LineString","coordinates":[[126.88274,37.51115],[126.88242,37.51147],[126.88271,37.51167],[126.88307,37.51135]]}},{"type":"Feature","properties":{"class":"alley","highway":"service","sidewalk":"unknown","lanes":0,"name":"","oneway":false},"geometry":{"type":"LineString","coordinates":[[126.88409,37.51158],[126.88412,37.51166],[126.88417,37.51177],[126.88423,37.51192],[126.88425,37.51195],[126.88433,37.51199],[126.88439,37.51214],[126.88441,37.51218],[126.88445,37.51229],[126.88446,37.51231]]}},{"type":"Feature","properties":{"class":"alley","highway":"service","sidewalk":"unknown","lanes":0,"name":"","oneway":false},"geometry":{"type":"LineString","coordinates":[[126.88425,37.51195],[126.8838,37.51205],[126.88371,37.51177],[126.88412,37.51166]]}},{"type":"Feature","properties":{"class":"alley","highway":"service","sidewalk":"unknown","lanes":0,"name":"","oneway":false},"geometry":{"type":"LineString","coordinates":[[126.88396,37.50315],[126.88385,37.50323],[126.88352,37.50347],[126.88334,37.50332],[126.88365,37.50308]]}},{"type":"Feature","properties":{"class":"alley","highway":"service","sidewalk":"unknown","lanes":0,"name":"","oneway":false},"geometry":{"type":"LineString","coordinates":[[126.88385,37.50323],[126.88365,37.50308],[126.88336,37.5028],[126.88311,37.50298]]}},{"type":"Feature","properties":{"class":"alley","highway":"service","sidewalk":"unknown","lanes":0,"name":"","oneway":false},"geometry":{"type":"LineString","coordinates":[[126.88456,37.50362],[126.8843,37.50379],[126.88405,37.50396],[126.88377,37.50373],[126.88399,37.50355],[126.8843,37.50379]]}},{"type":"Feature","properties":{"class":"alley","highway":"service","sidewalk":"unknown","lanes":0,"name":"","oneway":false},"geometry":{"type":"LineString","coordinates":[[126.88503,37.50405],[126.88498,37.50409],[126.88479,37.50422],[126.88458,37.50437],[126.88435,37.50418]]}},{"type":"Feature","properties":{"class":"alley","highway":"service","sidewalk":"unknown","lanes":0,"name":"","oneway":false},"geometry":{"type":"LineString","coordinates":[[126.88479,37.50422],[126.88453,37.504]]}},{"type":"Feature","properties":{"class":"alley","highway":"pedestrian","sidewalk":"unknown","lanes":0,"name":"","oneway":false},"geometry":{"type":"LineString","coordinates":[[126.88521,37.50428],[126.88486,37.50473],[126.88559,37.50522],[126.88613,37.50558]]}},{"type":"Feature","properties":{"class":"alley","highway":"service","sidewalk":"unknown","lanes":0,"name":"","oneway":false},"geometry":{"type":"LineString","coordinates":[[126.8859,37.50415],[126.88574,37.50434],[126.88572,37.50453],[126.88639,37.5049]]}},{"type":"Feature","properties":{"class":"alley","highway":"service","sidewalk":"unknown","lanes":0,"name":"","oneway":false},"geometry":{"type":"LineString","coordinates":[[126.88572,37.50453],[126.88551,37.50473],[126.8855,37.50476],[126.88552,37.50479],[126.88589,37.50499],[126.88613,37.50514],[126.88617,37.50514],[126.88621,37.50512],[126.88639,37.5049]]}},{"type":"Feature","properties":{"class":"alley","highway":"service","sidewalk":"unknown","lanes":0,"name":"","oneway":false},"geometry":{"type":"LineString","coordinates":[[126.88731,37.50506],[126.88799,37.50548],[126.88834,37.50566],[126.88864,37.50583],[126.88887,37.50594],[126.88895,37.50599],[126.88913,37.50607],[126.88925,37.50611],[126.88933,37.50612],[126.88944,37.50612],[126.88973,37.5061],[126.88983,37.50609],[126.88991,37.50605],[126.89,37.50596],[126.89028,37.50567]]}},{"type":"Feature","properties":{"class":"alley","highway":"service","sidewalk":"unknown","lanes":0,"name":"","oneway":false},"geometry":{"type":"LineString","coordinates":[[126.88887,37.50594],[126.88908,37.50572],[126.88905,37.50564],[126.88881,37.5055],[126.8885,37.50532],[126.88865,37.50513],[126.88898,37.50529],[126.88881,37.5055]]}},{"type":"Feature","properties":{"class":"minor","highway":"residential","sidewalk":"unknown","lanes":0,"name":"구로중앙로32가길","oneway":false},"geometry":{"type":"LineString","coordinates":[[126.88559,37.50251],[126.88575,37.50241],[126.8861,37.50218],[126.88636,37.50201]]}},{"type":"Feature","properties":{"class":"minor","highway":"residential","sidewalk":"unknown","lanes":0,"name":"구로중앙로32다길","oneway":false},"geometry":{"type":"LineString","coordinates":[[126.88536,37.50225],[126.88553,37.50219],[126.88587,37.50199],[126.88611,37.50183]]}},{"type":"Feature","properties":{"class":"minor","highway":"residential","sidewalk":"unknown","lanes":0,"name":"구로중앙로32나길","oneway":false},"geometry":{"type":"LineString","coordinates":[[126.88501,37.50184],[126.88512,37.50179],[126.8852,37.50176],[126.88551,37.50166],[126.88562,37.5016],[126.88579,37.50152],[126.88592,37.50163],[126.88602,37.50169],[126.88607,37.50173],[126.88611,37.50183],[126.88627,37.50198],[126.88636,37.50201],[126.8866,37.5021]]}},{"type":"Feature","properties":{"class":"alley","highway":"service","sidewalk":"unknown","lanes":0,"name":"구로중앙로32나길","oneway":false},"geometry":{"type":"LineString","coordinates":[[126.88551,37.50166],[126.88587,37.50199]]}},{"type":"Feature","properties":{"class":"alley","highway":"service","sidewalk":"unknown","lanes":0,"name":"구로중앙로32다길","oneway":false},"geometry":{"type":"LineString","coordinates":[[126.88575,37.50241],[126.88553,37.50219]]}},{"type":"Feature","properties":{"class":"minor","highway":"residential","sidewalk":"unknown","lanes":0,"name":"구로중앙로34길","oneway":false},"geometry":{"type":"LineString","coordinates":[[126.88484,37.50146],[126.88508,37.50141],[126.88511,37.50142],[126.88536,37.50134],[126.88542,37.50137],[126.88579,37.50136],[126.886,37.50135],[126.88628,37.5014],[126.88679,37.5014]]}},{"type":"Feature","properties":{"class":"minor","highway":"residential","sidewalk":"unknown","lanes":0,"name":"새말로8길","oneway":false},"geometry":{"type":"LineString","coordinates":[[126.88477,37.50228],[126.88433,37.50172]]}},{"type":"Feature","properties":{"class":"minor","highway":"residential","sidewalk":"unknown","lanes":0,"name":"새말로","oneway":false},"geometry":{"type":"LineString","coordinates":[[126.88357,37.50234],[126.88373,37.50209],[126.88395,37.50206]]}},{"type":"Feature","properties":{"class":"minor","highway":"residential","sidewalk":"unknown","lanes":0,"name":"새말로6길","oneway":false},"geometry":{"type":"LineString","coordinates":[[126.8839,37.50196],[126.88403,37.50192]]}},{"type":"Feature","properties":{"class":"alley","highway":"service","sidewalk":"unknown","lanes":0,"name":"새말로6길","oneway":false},"geometry":{"type":"LineString","coordinates":[[126.88403,37.50192],[126.88391,37.50157],[126.88376,37.50123]]}},{"type":"Feature","properties":{"class":"minor","highway":"residential","sidewalk":"unknown","lanes":0,"name":"구로중앙로28가길","oneway":false},"geometry":{"type":"LineString","coordinates":[[126.88634,37.50004],[126.88634,37.49996],[126.88625,37.49979],[126.8862,37.49976],[126.88618,37.49973],[126.88605,37.49951],[126.8861,37.49928],[126.88614,37.49921]]}},{"type":"Feature","properties":{"class":"major","highway":"secondary_link","sidewalk":"likely","lanes":0,"name":"","oneway":false},"geometry":{"type":"LineString","coordinates":[[126.8825,37.50031],[126.88241,37.5003]]}},{"type":"Feature","properties":{"class":"minor","highway":"residential","sidewalk":"unknown","lanes":0,"name":"구로중앙로34길","oneway":false},"geometry":{"type":"LineString","coordinates":[[126.88291,37.50025],[126.88349,37.50042],[126.88364,37.50046],[126.88462,37.50073],[126.88485,37.50079],[126.88492,37.50081],[126.88501,37.50086],[126.886,37.50135],[126.88684,37.50177],[126.88745,37.50204]]}},{"type":"Feature","properties":{"class":"minor","highway":"residential","sidewalk":"unknown","lanes":0,"name":"새말로","oneway":false},"geometry":{"type":"LineString","coordinates":[[126.88498,37.50296],[126.88508,37.50282],[126.88512,37.50263],[126.8851,37.50251],[126.88491,37.5022]]}},{"type":"Feature","properties":{"class":"minor","highway":"residential","sidewalk":"unknown","lanes":0,"name":"새말로","oneway":false},"geometry":{"type":"LineString","coordinates":[[126.88384,37.50183],[126.88366,37.50186],[126.88354,37.50186],[126.88334,37.50186],[126.8831,37.50189],[126.88304,37.5019]]}},{"type":"Feature","properties":{"class":"minor","highway":"residential","sidewalk":"unknown","lanes":0,"name":"구로중앙로34길","oneway":false},"geometry":{"type":"LineString","coordinates":[[126.8852,37.50176],[126.88508,37.50141],[126.88497,37.50123],[126.88496,37.50108],[126.88501,37.50086]]}},{"type":"Feature","properties":{"class":"minor","highway":"residential","sidewalk":"unknown","lanes":0,"name":"대림로46길","oneway":false},"geometry":{"type":"LineString","coordinates":[[126.89633,37.50315],[126.89677,37.50323]]}},{"type":"Feature","properties":{"class":"major","highway":"tertiary","sidewalk":"likely","lanes":0,"name":"문래로","oneway":false},"geometry":{"type":"LineString","coordinates":[[126.89501,37.51902],[126.8948,37.51907],[126.89461,37.51909],[126.89373,37.51923],[126.89358,37.51925],[126.89344,37.51927],[126.89233,37.51943],[126.89216,37.51946],[126.89199,37.51948],[126.89111,37.51962],[126.89077,37.51967],[126.88967,37.51985],[126.88947,37.51988],[126.88924,37.51991],[126.88855,37.52002],[126.8884,37.52004],[126.88831,37.52006],[126.88719,37.52023],[126.8861,37.5204],[126.88599,37.52042],[126.88525,37.52053],[126.88503,37.52056]]}},{"type":"Feature","properties":{"class":"major","highway":"primary","sidewalk":"likely","lanes":0,"name":"도림천로","oneway":false},"geometry":{"type":"LineString","coordinates":[[126.88313,37.51585],[126.88292,37.51592],[126.88266,37.51598]]}},{"type":"Feature","properties":{"class":"alley","highway":"service","sidewalk":"unknown","lanes":0,"name":"영등포로2길","oneway":true},"geometry":{"type":"LineString","coordinates":[[126.88279,37.51616],[126.8828,37.51625],[126.88284,37.51648],[126.88284,37.51653],[126.8828,37.5168],[126.88272,37.51717],[126.88246,37.51822],[126.8824,37.51836],[126.88225,37.51911],[126.88218,37.51948],[126.8821,37.52008],[126.88201,37.52086],[126.88199,37.52103],[126.88198,37.52114],[126.88194,37.52183],[126.88188,37.52251],[126.88188,37.52271],[126.88191,37.52281]]}},{"type":"Feature","properties":{"class":"minor","highway":"residential","sidewalk":"unknown","lanes":0,"name":"선유로9길","oneway":false},"geometry":{"type":"LineString","coordinates":[[126.88246,37.51822],[126.88313,37.51813],[126.88418,37.51795],[126.88437,37.51792],[126.88458,37.51789],[126.88545,37.51775],[126.88654,37.51758],[126.88766,37.5174],[126.88856,37.51726],[126.88881,37.51722]]}},{"type":"Feature","properties":{"class":"minor","highway":"residential","sidewalk":"unknown","lanes":0,"name":"문래로4길","oneway":false},"geometry":{"type":"LineString","coordinates":[[126.88313,37.51813],[126.88333,37.51895],[126.88356,37.51986]]}},{"type":"Feature","properties":{"class":"major","highway":"tertiary","sidewalk":"likely","lanes":0,"name":"","oneway":false},"geometry":{"type":"LineString","coordinates":[[126.88256,37.51566],[126.88262,37.51574],[126.88268,37.51586],[126.88279,37.51616]]}},{"type":"Feature","properties":{"class":"major","highway":"primary_link","sidewalk":"likely","lanes":0,"name":"","oneway":true},"geometry":{"type":"LineString","coordinates":[[126.88639,37.5145],[126.88554,37.51491],[126.88497,37.51503]]}},{"type":"Feature","properties":{"class":"minor","highway":"residential","sidewalk":"unknown","lanes":0,"name":"선유로11길","oneway":false},"geometry":{"type":"LineString","coordinates":[[126.88902,37.51809],[126.88889,37.51811],[126.88787,37.51826],[126.88675,37.51843],[126.88566,37.51859],[126.88467,37.51874],[126.88458,37.51876],[126.88448,37.51877],[126.88333,37.51895],[126.88225,37.51911]]}},{"type":"Feature","properties":{"class":"minor","highway":"residential","sidewalk":"unknown","lanes":0,"name":"문래북로","oneway":false},"geometry":{"type":"LineString","coordinates":[[126.9011,37.51885],[126.90098,37.51901],[126.90093,37.51905],[126.90083,37.5191],[126.90071,37.51918],[126.90052,37.51929],[126.9005,37.5193],[126.90039,37.51935],[126.90024,37.51941],[126.90003,37.51946],[126.89969,37.51952],[126.89862,37.51968],[126.89696,37.51993],[126.89648,37.52001],[126.89553,37.52015],[126.89536,37.52018]]}},{"type":"Feature","properties":{"class":"major","highway":"primary","sidewalk":"likely","lanes":0,"name":"서부간선로","oneway":true},"geometry":{"type":"LineString","coordinates":[[126.88221,37.51631],[126.88218,37.51619],[126.88213,37.51605],[126.88209,37.51595]]}},{"type":"Feature","properties":{"class":"major","highway":"primary","sidewalk":"likely","lanes":0,"name":"서부간선로","oneway":true},"geometry":{"type":"LineString","coordinates":[[126.8822,37.51592],[126.88225,37.51601],[126.88229,37.5161],[126.88233,37.51619],[126.88235,37.51628]]}},{"type":"Feature","properties":{"class":"major","highway":"primary","sidewalk":"likely","lanes":0,"name":"서부간선로","oneway":true},"geometry":{"type":"LineString","coordinates":[[126.88235,37.51628],[126.8824,37.51649],[126.88244,37.51674],[126.88244,37.51699],[126.88241,37.51736],[126.88235,37.51783],[126.88222,37.5187],[126.88205,37.51979],[126.88185,37.52136],[126.88164,37.52334]]}},{"type":"Feature","properties":{"class":"major","highway":"primary","sidewalk":"likely","lanes":0,"name":"서부간선로","oneway":true},"geometry":{"type":"LineString","coordinates":[[126.88209,37.51595],[126.88197,37.51573],[126.88181,37.51551],[126.88166,37.51532]]}},{"type":"Feature","properties":{"class":"major","highway":"primary","sidewalk":"likely","lanes":0,"name":"서부간선로","oneway":true},"geometry":{"type":"LineString","coordinates":[[126.88175,37.51526],[126.88183,37.51536],[126.88193,37.51548],[126.88208,37.51571],[126.8822,37.51592]]}},{"type":"Feature","properties":{"class":"major","highway":"primary","sidewalk":"likely","lanes":2,"name":"서부간선로","oneway":true},"geometry":{"type":"LineString","coordinates":[[126.88166,37.51532],[126.88138,37.51503],[126.88132,37.51497],[126.8806,37.51431],[126.8785,37.51196],[126.87704,37.5103],[126.87611,37.50926],[126.87568,37.50871],[126.87549,37.50846],[126.87492,37.50759]]}},{"type":"Feature","properties":{"class":"major","highway":"primary","sidewalk":"likely","lanes":2,"name":"서부간선로","oneway":true},"geometry":{"type":"LineString","coordinates":[[126.87502,37.5075],[126.87558,37.50843],[126.87577,37.50867],[126.87624,37.50922],[126.87713,37.51026],[126.87738,37.51055],[126.87859,37.51192],[126.88024,37.51381],[126.88088,37.51442],[126.88146,37.51499],[126.88175,37.51526]]}},{"type":"Feature","properties":{"class":"minor","highway":"residential","sidewalk":"unknown","lanes":0,"name":"영등포로20길","oneway":false},"geometry":{"type":"LineString","coordinates":[[126.89216,37.51946],[126.89218,37.51953],[126.89224,37.51978],[126.8924,37.52045],[126.89246,37.52063],[126.89273,37.52173],[126.89276,37.52186]]}},{"type":"Feature","properties":{"class":"minor","highway":"residential","sidewalk":"unknown","lanes":0,"name":"영등포로22길","oneway":false},"geometry":{"type":"LineString","coordinates":[[126.89417,37.52164],[126.89414,37.52153],[126.89386,37.52041],[126.89359,37.5193],[126.89358,37.51925]]}},{"type":"Feature","properties":{"class":"minor","highway":"residential","sidewalk":"unknown","lanes":0,"name":"선유로9가길","oneway":false},"geometry":{"type":"LineString","coordinates":[[126.88809,37.51919],[126.88787,37.51826],[126.88766,37.5174]]}},{"type":"Feature","properties":{"class":"minor","highway":"residential","sidewalk":"unknown","lanes":0,"name":"선유로9다길","oneway":false},"geometry":{"type":"LineString","coordinates":[[126.88545,37.51775],[126.88511,37.51639],[126.8851,37.51633],[126.88506,37.51627],[126.88479,37.5159],[126.88451,37.51549]]}},{"type":"Feature","properties":{"class":"minor","highway":"residential","sidewalk":"unknown","lanes":0,"name":"선유로5길","oneway":false},"geometry":{"type":"LineString","coordinates":[[126.88636,37.51678],[126.88747,37.5163],[126.88814,37.51601],[126.88823,37.51597]]}},{"type":"Feature","properties":{"class":"minor","highway":"residential","sidewalk":"unknown","lanes":0,"name":"영등포로26길","oneway":true},"geometry":{"type":"LineString","coordinates":[[126.89727,37.52116],[126.89724,37.52106],[126.89699,37.52004],[126.89696,37.51993],[126.89694,37.51983],[126.89672,37.51895],[126.89669,37.51883]]}},{"type":"Feature","properties":{"class":"minor","highway":"residential","sidewalk":"unknown","lanes":0,"name":"문래로28길","oneway":false},"geometry":{"type":"LineString","coordinates":[[126.89946,37.51858],[126.89944,37.51841],[126.89922,37.51685]]}},{"type":"Feature","properties":{"class":"minor","highway":"residential","sidewalk":"unknown","lanes":0,"name":"도림로128길","oneway":false},"geometry":{"type":"LineString","coordinates":[[126.89618,37.5137],[126.89621,37.51375],[126.89621,37.5138],[126.89609,37.51395],[126.89575,37.51429],[126.89556,37.51452],[126.8948,37.51548],[126.89454,37.51579]]}},{"type":"Feature","properties":{"class":"minor","highway":"residential","sidewalk":"unknown","lanes":0,"name":"도림로128가길","oneway":false},"geometry":{"type":"LineString","coordinates":[[126.89841,37.51395],[126.89834,37.51401],[126.89808,37.51408],[126.89803,37.51408],[126.89799,37.51408],[126.89772,37.51398],[126.89682,37.51397],[126.8963,37.51383],[126.89621,37.5138]]}},{"type":"Feature","properties":{"class":"minor","highway":"residential","sidewalk":"unknown","lanes":0,"name":"도림로","oneway":false},"geometry":{"type":"LineString","coordinates":[[126.89556,37.51452],[126.89621,37.51522]]}},{"type":"Feature","properties":{"class":"minor","highway":"residential","sidewalk":"unknown","lanes":0,"name":"당산로4길","oneway":false},"geometry":{"type":"LineString","coordinates":[[126.89464,37.51727],[126.89484,37.51725],[126.89598,37.51714],[126.89809,37.51694],[126.89922,37.51685]]}},{"type":"Feature","properties":{"class":"minor","highway":"residential","sidewalk":"unknown","lanes":0,"name":"당산로2길","oneway":false},"geometry":{"type":"LineString","coordinates":[[126.89434,37.51604],[126.89443,37.51591],[126.89449,37.51585],[126.89454,37.51579],[126.89462,37.51575],[126.89469,37.51571],[126.89621,37.51522],[126.89664,37.51508],[126.89682,37.51505],[126.89699,37.51503],[126.89723,37.51502],[126.89741,37.51503],[126.8976,37.51506],[126.89792,37.51517],[126.89887,37.51548],[126.89901,37.51553],[126.90054,37.51544]]}},{"type":"Feature","properties":{"class":"major","highway":"tertiary","sidewalk":"likely","lanes":0,"name":"도림로141길","oneway":false},"geometry":{"type":"LineString","coordinates":[[126.89339,37.51503],[126.89329,37.51495],[126.8932,37.51487],[126.89294,37.51467],[126.89254,37.51436],[126.89219,37.51408],[126.89206,37.51398],[126.89181,37.51378],[126.89139,37.51345],[126.89131,37.51339],[126.89118,37.51329],[126.89048,37.51273],[126.89041,37.51268]]}},{"type":"Feature","properties":{"class":"minor","highway":"residential","sidewalk":"unknown","lanes":0,"name":"도림로145길","oneway":false},"geometry":{"type":"LineString","coordinates":[[126.89067,37.51633],[126.8906,37.51624],[126.89035,37.51591],[126.89007,37.51555],[126.88982,37.51521],[126.88954,37.51485],[126.88928,37.51451],[126.88924,37.51445],[126.8892,37.5144],[126.88865,37.51367],[126.88861,37.51363]]}},{"type":"Feature","properties":{"class":"minor","highway":"residential","sidewalk":"unknown","lanes":0,"name":"도림로143길","oneway":false},"geometry":{"type":"LineString","coordinates":[[126.89181,37.51579],[126.89175,37.51571],[126.89149,37.51536],[126.89121,37.515],[126.89096,37.51467],[126.89069,37.51431],[126.89043,37.51396],[126.89038,37.5139],[126.89034,37.51384],[126.88982,37.51315],[126.88977,37.51309]]}},{"type":"Feature","properties":{"class":"minor","highway":"residential","sidewalk":"unknown","lanes":0,"name":"문래로20길","oneway":false},"geometry":{"type":"LineString","coordinates":[[126.89373,37.51923],[126.89372,37.51915],[126.89365,37.51704],[126.89363,37.51701],[126.89243,37.51703],[126.8923,37.51703],[126.89205,37.51704],[126.88967,37.51708],[126.88963,37.51707],[126.88957,37.51699],[126.88949,37.5169]]}},{"type":"Feature","properties":{"class":"minor","highway":"residential","sidewalk":"unknown","lanes":0,"name":"도림로141다길","oneway":false},"geometry":{"type":"LineString","coordinates":[[126.88823,37.51597],[126.88835,37.51592],[126.88882,37.51569],[126.88982,37.51521],[126.89096,37.51467],[126.89212,37.51411],[126.89219,37.51408]]}},{"type":"Feature","properties":{"class":"minor","highway":"residential","sidewalk":"unknown","lanes":0,"name":"경인로80길","oneway":false},"geometry":{"type":"LineString","coordinates":[[126.89548,37.51204],[126.89569,37.51166],[126.89585,37.51135],[126.89595,37.51117]]}},{"type":"Feature","properties":{"class":"minor","highway":"residential","sidewalk":"unknown","lanes":0,"name":"도림로133길","oneway":false},"geometry":{"type":"LineString","coordinates":[[126.89496,37.51428],[126.8949,37.51421],[126.89474,37.51399],[126.89453,37.51372],[126.89432,37.51345],[126.8941,37.51316],[126.89385,37.51283],[126.89358,37.51246],[126.89356,37.51243]]}},{"type":"Feature","properties":{"class":"minor","highway":"residential","sidewalk":"yes","lanes":0,"name":"도림로139길","oneway":false},"geometry":{"type":"LineString","coordinates":[[126.89294,37.51467],[126.89301,37.51463],[126.89342,37.51434]]}},{"type":"Feature","properties":{"class":"minor","highway":"residential","sidewalk":"unknown","lanes":0,"name":"도림로141가길","oneway":false},"geometry":{"type":"LineString","coordinates":[[126.88859,37.51674],[126.88871,37.51668],[126.88917,37.51647],[126.89035,37.51591],[126.89149,37.51536],[126.89287,37.51471],[126.89294,37.51467]]}},{"type":"Feature","properties":{"class":"minor","highway":"residential","sidewalk":"unknown","lanes":0,"name":"도림로141나길","oneway":false},"geometry":{"type":"LineString","coordinates":[[126.88899,37.51607],[126.89007,37.51555],[126.89121,37.515],[126.89248,37.51439],[126.89254,37.51436]]}},{"type":"Feature","properties":{"class":"minor","highway":"residential","sidewalk":"unknown","lanes":0,"name":"도림로141라길","oneway":false},"geometry":{"type":"LineString","coordinates":[[126.88863,37.51528],[126.88954,37.51485],[126.89069,37.51431],[126.89172,37.51382],[126.89181,37.51378]]}},{"type":"Feature","properties":{"class":"minor","highway":"residential","sidewalk":"unknown","lanes":0,"name":"경인로82길","oneway":true},"geometry":{"type":"LineString","coordinates":[[126.89683,37.51152],[126.89659,37.51197],[126.89638,37.51235],[126.89623,37.51264],[126.89618,37.51272]]}},{"type":"Feature","properties":{"class":"minor","highway":"residential","sidewalk":"unknown","lanes":0,"name":"도림로125가길","oneway":false},"geometry":{"type":"LineString","coordinates":[[126.89346,37.51385],[126.8937,37.51374],[126.89389,37.51365],[126.89432,37.51345],[126.89505,37.51312],[126.89522,37.51304]]}},{"type":"Feature","properties":{"class":"minor","highway":"residential","sidewalk":"unknown","lanes":0,"name":"경인로","oneway":false},"geometry":{"type":"LineString","coordinates":[[126.89614,37.51281],[126.89608,37.51292],[126.89588,37.51327]]}},{"type":"Feature","properties":{"class":"minor","highway":"residential","sidewalk":"unknown","lanes":0,"name":"도림로125길","oneway":false},"geometry":{"type":"LineString","coordinates":[[126.89287,37.51327],[126.89385,37.51283],[126.89415,37.51269],[126.89418,37.51269],[126.89474,37.51288],[126.89522,37.51304],[126.89583,37.51324],[126.89588,37.51327],[126.89595,37.51336],[126.89611,37.51359],[126.89618,37.5137]]}},{"type":"Feature","properties":{"class":"minor","highway":"residential","sidewalk":"unknown","lanes":0,"name":"도림로129길","oneway":false},"geometry":{"type":"LineString","coordinates":[[126.89563,37.51396],[126.89556,37.51386],[126.89505,37.51312]]}},{"type":"Feature","properties":{"class":"minor","highway":"residential","sidewalk":"unknown","lanes":0,"name":"도림로128가길","oneway":false},"geometry":{"type":"LineString","coordinates":[[126.89684,37.51439],[126.89784,37.51433],[126.89798,37.51432],[126.89803,37.51408]]}},{"type":"Feature","properties":{"class":"minor","highway":"residential","sidewalk":"unknown","lanes":0,"name":"도림로128가길","oneway":false},"geometry":{"type":"LineString","coordinates":[[126.89575,37.51429],[126.89637,37.51465],[126.89644,37.51468],[126.8967,37.51467],[126.89677,37.51465],[126.89681,37.51463],[126.89683,37.5146],[126.89684,37.51448],[126.89684,37.51439],[126.89682,37.51397]]}},{"type":"Feature","properties":{"class":"minor","highway":"residential","sidewalk":"unknown","lanes":0,"name":"선유로3길","oneway":false},"geometry":{"type":"LineString","coordinates":[[126.88691,37.51552],[126.88688,37.51547],[126.8863,37.51463]]}},{"type":"Feature","properties":{"class":"alley","highway":"service","sidewalk":"unknown","lanes":0,"name":"","oneway":false},"geometry":{"type":"LineString","coordinates":[[126.88747,37.5163],[126.88711,37.51553],[126.88707,37.51545]]}},{"type":"Feature","properties":{"class":"minor","highway":"residential","sidewalk":"unknown","lanes":0,"name":"선유로9다길","oneway":false},"geometry":{"type":"LineString","coordinates":[[126.88479,37.5159],[126.88541,37.51562]]}},{"type":"Feature","properties":{"class":"minor","highway":"residential","sidewalk":"unknown","lanes":0,"name":"선유로3길","oneway":false},"geometry":{"type":"LineString","coordinates":[[126.88571,37.51606],[126.88567,37.516],[126.88541,37.51562],[126.88512,37.51522]]}},{"type":"Feature","properties":{"class":"major","highway":"tertiary","sidewalk":"likely","lanes":0,"name":"","oneway":true},"geometry":{"type":"LineString","coordinates":[[126.89386,37.51229],[126.89391,37.51225],[126.89394,37.51219],[126.89395,37.51216],[126.89387,37.51201]]}},{"type":"Feature","properties":{"class":"minor","highway":"residential","sidewalk":"unknown","lanes":0,"name":"경인로75길","oneway":false},"geometry":{"type":"LineString","coordinates":[[126.89142,37.51168],[126.89148,37.51171],[126.89162,37.51177],[126.89244,37.51243],[126.89287,37.51223],[126.89348,37.51193],[126.89356,37.51187],[126.89359,37.51186]]}},{"type":"Feature","properties":{"class":"minor","highway":"residential","sidewalk":"unknown","lanes":0,"name":"경인로77가길","oneway":false},"geometry":{"type":"LineString","coordinates":[[126.89162,37.51177],[126.89185,37.51147],[126.89189,37.51147],[126.89212,37.51165],[126.89287,37.51223],[126.89312,37.51257],[126.89315,37.51262]]}},{"type":"Feature","properties":{"class":"major","highway":"tertiary","sidewalk":"likely","lanes":0,"name":"경인로77길","oneway":false},"geometry":{"type":"LineString","coordinates":[[126.89386,37.51229],[126.89356,37.51243],[126.89315,37.51262],[126.89245,37.51295],[126.89215,37.51309],[126.89195,37.51319]]}},{"type":"Feature","properties":{"class":"major","highway":"tertiary","sidewalk":"likely","lanes":0,"name":"경인로78길","oneway":false},"geometry":{"type":"LineString","coordinates":[[126.89386,37.51229],[126.89399,37.51219],[126.8941,37.5121],[126.8942,37.51203],[126.8943,37.51192],[126.89445,37.51167],[126.89466,37.51129],[126.89483,37.51099],[126.89496,37.51077]]}},{"type":"Feature","properties":{"class":"minor","highway":"residential","sidewalk":"unknown","lanes":0,"name":"경인로72길","oneway":false},"geometry":{"type":"LineString","coordinates":[[126.8924,37.51068],[126.8931,37.51104]]}},{"type":"Feature","properties":{"class":"minor","highway":"residential","sidewalk":"unknown","lanes":0,"name":"경인로76길","oneway":true},"geometry":{"type":"LineString","coordinates":[[126.89444,37.51056],[126.89429,37.51084],[126.89412,37.51115],[126.89395,37.51147],[126.89378,37.51174],[126.89373,37.5118]]}},{"type":"Feature","properties":{"class":"minor","highway":"residential","sidewalk":"unknown","lanes":0,"name":"경인로74길","oneway":true},"geometry":{"type":"LineString","coordinates":[[126.89332,37.51077],[126.89412,37.51115]]}},{"type":"Feature","properties":{"class":"minor","highway":"residential","sidewalk":"unknown","lanes":0,"name":"경인로72길","oneway":false},"geometry":{"type":"LineString","coordinates":[[126.89281,37.5101],[126.89356,37.51047]]}},{"type":"Feature","properties":{"class":"minor","highway":"residential","sidewalk":"unknown","lanes":0,"name":"경인로74길","oneway":false},"geometry":{"type":"LineString","coordinates":[[126.8931,37.51104],[126.89332,37.51077],[126.89356,37.51047],[126.89372,37.51026]]}},{"type":"Feature","properties":{"class":"minor","highway":"residential","sidewalk":"unknown","lanes":0,"name":"경인로78길","oneway":true},"geometry":{"type":"LineString","coordinates":[[126.89585,37.51135],[126.89483,37.51099]]}},{"type":"Feature","properties":{"class":"minor","highway":"residential","sidewalk":"unknown","lanes":0,"name":"경인로78길","oneway":true},"geometry":{"type":"LineString","coordinates":[[126.89659,37.51197],[126.89569,37.51166],[126.89466,37.51129]]}},{"type":"Feature","properties":{"class":"minor","highway":"residential","sidewalk":"unknown","lanes":0,"name":"경인로72길","oneway":true},"geometry":{"type":"LineString","coordinates":[[126.89296,37.50995],[126.89372,37.51026],[126.89444,37.51056],[126.89496,37.51077]]}},{"type":"Feature","properties":{"class":"minor","highway":"residential","sidewalk":"unknown","lanes":0,"name":"경인로72길","oneway":true},"geometry":{"type":"LineString","coordinates":[[126.89281,37.5101],[126.89225,37.5106],[126.89219,37.51066],[126.8921,37.51076],[126.892,37.51088],[126.89192,37.51098]]}},{"type":"Feature","properties":{"class":"minor","highway":"residential","sidewalk":"unknown","lanes":0,"name":"","oneway":true},"geometry":{"type":"LineString","coordinates":[[126.89679,37.51294],[126.89707,37.51286],[126.89726,37.5128],[126.89728,37.51279],[126.89735,37.51267],[126.89774,37.51193]]}},{"type":"Feature","properties":{"class":"minor","highway":"residential","sidewalk":"unknown","lanes":0,"name":"경인로88길","oneway":false},"geometry":{"type":"LineString","coordinates":[[126.89957,37.51321],[126.90081,37.51374]]}},{"type":"Feature","properties":{"class":"minor","highway":"residential","sidewalk":"unknown","lanes":0,"name":"경인로88길","oneway":false},"geometry":{"type":"LineString","coordinates":[[126.89926,37.51377],[126.89931,37.51369],[126.89957,37.51321],[126.8998,37.51279]]}},{"type":"Feature","properties":{"class":"minor","highway":"residential","sidewalk":"unknown","lanes":0,"name":"가마산로45길","oneway":false},"geometry":{"type":"LineString","coordinates":[[126.89823,37.5038],[126.89823,37.50378],[126.89863,37.5034],[126.89869,37.50338],[126.89933,37.50282],[126.8995,37.50262],[126.89986,37.5023]]}},{"type":"Feature","properties":{"class":"minor","highway":"residential","sidewalk":"unknown","lanes":0,"name":"가마산로","oneway":false},"geometry":{"type":"LineString","coordinates":[[126.89896,37.50126],[126.89964,37.5009]]}},{"type":"Feature","properties":{"class":"minor","highway":"residential","sidewalk":"unknown","lanes":0,"name":"대림로40나길","oneway":true},"geometry":{"type":"LineString","coordinates":[[126.89872,37.50212],[126.89819,37.50259],[126.89792,37.50284],[126.89733,37.50336],[126.89731,37.50338]]}},{"type":"Feature","properties":{"class":"minor","highway":"residential","sidewalk":"unknown","lanes":0,"name":"도림로144길","oneway":false},"geometry":{"type":"LineString","coordinates":[[126.89205,37.51704],[126.89203,37.5161],[126.89202,37.516],[126.892,37.51591],[126.89197,37.51583],[126.89193,37.51573]]}},{"type":"Feature","properties":{"class":"minor","highway":"residential","sidewalk":"unknown","lanes":0,"name":"가마산로","oneway":true},"geometry":{"type":"LineString","coordinates":[[126.89888,37.50003],[126.89856,37.50021],[126.89824,37.50038]]}},{"type":"Feature","properties":{"class":"minor","highway":"residential","sidewalk":"unknown","lanes":0,"name":"대림로34라길","oneway":true},"geometry":{"type":"LineString","coordinates":[[126.89977,37.50028],[126.8996,37.50003],[126.89975,37.49969],[126.90003,37.49902]]}},{"type":"Feature","properties":{"class":"minor","highway":"residential","sidewalk":"unknown","lanes":0,"name":"대림로34라길","oneway":true},"geometry":{"type":"LineString","coordinates":[[126.90067,37.49945],[126.90009,37.50009],[126.90003,37.50014],[126.89977,37.50028],[126.89931,37.50053]]}},{"type":"Feature","properties":{"class":"alley","highway":"service","sidewalk":"unknown","lanes":0,"name":"대림로34사길","oneway":false},"geometry":{"type":"LineString","coordinates":[[126.89947,37.50071],[126.90025,37.50027],[126.90029,37.50024],[126.90058,37.49991],[126.90063,37.49991],[126.90085,37.50003]]}},{"type":"Feature","properties":{"class":"minor","highway":"residential","sidewalk":"unknown","lanes":0,"name":"대림로39길","oneway":false},"geometry":{"type":"LineString","coordinates":[[126.89396,37.49871],[126.89456,37.49901],[126.89573,37.49961],[126.89686,37.50019],[126.89747,37.50051]]}},{"type":"Feature","properties":{"class":"alley","highway":"service","sidewalk":"unknown","lanes":0,"name":"대림로43길","oneway":false},"geometry":{"type":"LineString","coordinates":[[126.89425,37.50161],[126.89456,37.50123]]}},{"type":"Feature","properties":{"class":"minor","highway":"residential","sidewalk":"unknown","lanes":0,"name":"가마산로31길","oneway":false},"geometry":{"type":"LineString","coordinates":[[126.89366,37.50133],[126.89395,37.50147],[126.89425,37.50161],[126.89452,37.50174],[126.8948,37.50187]]}},{"type":"Feature","properties":{"class":"minor","highway":"residential","sidewalk":"unknown","lanes":0,"name":"도신로4길","oneway":false},"geometry":{"type":"LineString","coordinates":[[126.89542,37.50361],[126.89584,37.5026],[126.89609,37.50202],[126.89643,37.50122]]}},{"type":"Feature","properties":{"class":"minor","highway":"residential","sidewalk":"unknown","lanes":0,"name":"대림로43길","oneway":false},"geometry":{"type":"LineString","coordinates":[[126.89372,37.50082],[126.89402,37.50095],[126.89427,37.50108],[126.89456,37.50123],[126.89482,37.50136]]}},{"type":"Feature","properties":{"class":"minor","highway":"residential","sidewalk":"unknown","lanes":0,"name":"대림로41길","oneway":true},"geometry":{"type":"LineString","coordinates":[[126.89643,37.50122],[126.89613,37.50107],[126.89586,37.50094],[126.89561,37.50081],[126.89538,37.50069],[126.8951,37.50055],[126.89482,37.50041],[126.89455,37.50027],[126.89386,37.49992],[126.89382,37.4999]]}},{"type":"Feature","properties":{"class":"minor","highway":"residential","sidewalk":"unknown","lanes":0,"name":"대림로40다길","oneway":false},"geometry":{"type":"LineString","coordinates":[[126.89779,37.50359],[126.89781,37.50358],[126.89832,37.50312],[126.89903,37.50248]]}},{"type":"Feature","properties":{"class":"minor","highway":"residential","sidewalk":"unknown","lanes":0,"name":"대림로40길","oneway":true},"geometry":{"type":"LineString","coordinates":[[126.89741,37.50064],[126.89792,37.50122],[126.89841,37.50176]]}},{"type":"Feature","properties":{"class":"minor","highway":"residential","sidewalk":"unknown","lanes":0,"name":"대림로44길","oneway":false},"geometry":{"type":"LineString","coordinates":[[126.89669,37.50229],[126.89737,37.50246],[126.89751,37.50256],[126.89792,37.50284],[126.89832,37.50312],[126.89851,37.50325],[126.89869,37.50338],[126.89894,37.50355],[126.89921,37.50374]]}},{"type":"Feature","properties":{"class":"minor","highway":"residential","sidewalk":"unknown","lanes":0,"name":"대림로40가길","oneway":true},"geometry":{"type":"LineString","coordinates":[[126.89792,37.50122],[126.89737,37.50246]]}},{"type":"Feature","properties":{"class":"minor","highway":"residential","sidewalk":"unknown","lanes":0,"name":"대림로43길","oneway":false},"geometry":{"type":"LineString","coordinates":[[126.8948,37.50187],[126.89482,37.50187],[126.89511,37.50152]]}},{"type":"Feature","properties":{"class":"minor","highway":"residential","sidewalk":"unknown","lanes":0,"name":"도신로6길","oneway":false},"geometry":{"type":"LineString","coordinates":[[126.89684,37.50464],[126.89691,37.50456],[126.89694,37.5045],[126.89695,37.5044],[126.89694,37.50407],[126.89695,37.50402],[126.89695,37.50392],[126.89692,37.50382],[126.89683,37.50348],[126.89677,37.50323]]}},{"type":"Feature","properties":{"class":"minor","highway":"residential","sidewalk":"unknown","lanes":0,"name":"도신로19길","oneway":false},"geometry":{"type":"LineString","coordinates":[[126.89932,37.50865],[126.89958,37.50826],[126.89967,37.50812],[126.89975,37.50799],[126.90033,37.5071],[126.90037,37.50703],[126.90077,37.50646]]}},{"type":"Feature","properties":{"class":"minor","highway":"residential","sidewalk":"unknown","lanes":0,"name":"대림로41길","oneway":false},"geometry":{"type":"LineString","coordinates":[[126.89402,37.50095],[126.89428,37.50062],[126.89455,37.50027]]}},{"type":"Feature","properties":{"class":"minor","highway":"residential","sidewalk":"unknown","lanes":0,"name":"대림로43길","oneway":false},"geometry":{"type":"LineString","coordinates":[[126.89452,37.50174],[126.89482,37.50136]]}},{"type":"Feature","properties":{"class":"minor","highway":"residential","sidewalk":"unknown","lanes":0,"name":"대림로41길","oneway":false},"geometry":{"type":"LineString","coordinates":[[126.89532,37.50162],[126.89586,37.50094]]}},{"type":"Feature","properties":{"class":"minor","highway":"residential","sidewalk":"unknown","lanes":0,"name":"대림로43길","oneway":false},"geometry":{"type":"LineString","coordinates":[[126.89395,37.50147],[126.89427,37.50108]]}},{"type":"Feature","properties":{"class":"alley","highway":"service","sidewalk":"unknown","lanes":0,"name":"가마산로31길","oneway":false},"geometry":{"type":"LineString","coordinates":[[126.8938,37.50036],[126.89428,37.50062]]}},{"type":"Feature","properties":{"class":"alley","highway":"service","sidewalk":"unknown","lanes":0,"name":"대림로41길","oneway":false},"geometry":{"type":"LineString","coordinates":[[126.8956,37.50177],[126.89613,37.50107]]}},{"type":"Feature","properties":{"class":"alley","highway":"service","sidewalk":"unknown","lanes":0,"name":"대림로41길","oneway":false},"geometry":{"type":"LineString","coordinates":[[126.89504,37.50148],[126.89561,37.50081]]}},{"type":"Feature","properties":{"class":"minor","highway":"residential","sidewalk":"unknown","lanes":0,"name":"도신로19길","oneway":false},"geometry":{"type":"LineString","coordinates":[[126.89869,37.50813],[126.89906,37.50815],[126.89958,37.50826]]}},{"type":"Feature","properties":{"class":"alley","highway":"service","sidewalk":"unknown","lanes":0,"name":"도림로113가길","oneway":false},"geometry":{"type":"LineString","coordinates":[[126.89869,37.50813],[126.89854,37.50815],[126.89834,37.50823]]}},{"type":"Feature","properties":{"class":"minor","highway":"residential","sidewalk":"unknown","lanes":0,"name":"도신로15다길","oneway":false},"geometry":{"type":"LineString","coordinates":[[126.89697,37.50772],[126.89743,37.508],[126.89773,37.50818],[126.89805,37.50807],[126.89822,37.50791],[126.89831,37.50786],[126.89854,37.50772],[126.8987,37.50764],[126.89873,37.50761],[126.89904,37.50725],[126.89889,37.50718],[126.89804,37.50675]]}},{"type":"Feature","properties":{"class":"minor","highway":"residential","sidewalk":"unknown","lanes":0,"name":"도림로113가길","oneway":false},"geometry":{"type":"LineString","coordinates":[[126.89926,37.50743],[126.89908,37.50765],[126.89905,37.50765],[126.89894,37.50779],[126.89875,37.50802],[126.89869,37.50813],[126.89874,37.50855],[126.89882,37.50871]]}},{"type":"Feature","properties":{"class":"minor","highway":"residential","sidewalk":"yes","lanes":0,"name":"도영로7길","oneway":false},"geometry":{"type":"LineString","coordinates":[[126.89546,37.50981],[126.8956,37.50962],[126.89607,37.50899],[126.89628,37.5087]]}},{"type":"Feature","properties":{"class":"minor","highway":"residential","sidewalk":"unknown","lanes":0,"name":"도신로15라길","oneway":false},"geometry":{"type":"LineString","coordinates":[[126.89769,37.50707],[126.89816,37.50731],[126.89873,37.50761]]}},{"type":"Feature","properties":{"class":"minor","highway":"residential","sidewalk":"no","lanes":0,"name":"도림로113길","oneway":false},"geometry":{"type":"LineString","coordinates":[[126.89643,37.50878],[126.89693,37.5087],[126.897,37.5087],[126.89748,37.50882],[126.8977,37.50887],[126.8978,37.5089],[126.89786,37.50891]]}},{"type":"Feature","properties":{"class":"major","highway":"primary_link","sidewalk":"likely","lanes":0,"name":"서부간선로","oneway":true},"geometry":{"type":"LineString","coordinates":[[126.88149,37.51543],[126.88139,37.51528],[126.8813,37.51515],[126.88119,37.51502],[126.88096,37.51477],[126.8806,37.51431]]}},{"type":"Feature","properties":{"class":"major","highway":"primary_link","sidewalk":"likely","lanes":0,"name":"서부간선로","oneway":true},"geometry":{"type":"LineString","coordinates":[[126.88183,37.51598],[126.88149,37.51543]]}},{"type":"Feature","properties":{"class":"major","highway":"primary_link","sidewalk":"likely","lanes":0,"name":"","oneway":true},"geometry":{"type":"LineString","coordinates":[[126.88239,37.51573],[126.88245,37.51583],[126.88249,37.5159],[126.8825,37.51591],[126.88251,37.51593],[126.88254,37.51595],[126.88257,37.51597],[126.8826,37.51598],[126.88266,37.51598]]}},{"type":"Feature","properties":{"class":"major","highway":"primary_link","sidewalk":"likely","lanes":0,"name":"서부간선도로","oneway":true},"geometry":{"type":"LineString","coordinates":[[126.88266,37.51598],[126.88259,37.51609],[126.88257,37.51612],[126.88256,37.51615],[126.88256,37.51618],[126.88256,37.51621],[126.88257,37.51626]]}},{"type":"Feature","properties":{"class":"major","highway":"primary_link","sidewalk":"likely","lanes":0,"name":"","oneway":true},"geometry":{"type":"LineString","coordinates":[[126.88165,37.51615],[126.88168,37.51614],[126.88177,37.51609],[126.88182,37.51604],[126.88183,37.51598]]}},{"type":"Feature","properties":{"class":"major","highway":"primary_link","sidewalk":"likely","lanes":0,"name":"","oneway":true},"geometry":{"type":"LineString","coordinates":[[126.8824,37.51583],[126.88239,37.51588],[126.88236,37.51592],[126.88232,37.51594],[126.88228,37.51595],[126.88195,37.51603],[126.88191,37.51603],[126.88188,37.51603],[126.88185,37.51603]]}},{"type":"Feature","properties":{"class":"major","highway":"secondary","sidewalk":"likely","lanes":0,"name":"공원로6길","oneway":false},"geometry":{"type":"LineString","coordinates":[[126.8902,37.50089],[126.8907,37.50115],[126.89093,37.50127],[126.89126,37.50141],[126.89154,37.50155]]}},{"type":"Feature","properties":{"class":"alley","highway":"service","sidewalk":"unknown","lanes":0,"name":"공원로8길","oneway":false},"geometry":{"type":"LineString","coordinates":[[126.89093,37.5034],[126.89216,37.50189]]}},{"type":"Feature","properties":{"class":"minor","highway":"residential","sidewalk":"unknown","lanes":0,"name":"공원로8길","oneway":false},"geometry":{"type":"LineString","coordinates":[[126.88945,37.50264],[126.89032,37.50309],[126.89093,37.5034],[126.89153,37.50371],[126.89256,37.50424]]}},{"type":"Feature","properties":{"class":"minor","highway":"residential","sidewalk":"unknown","lanes":0,"name":"새말로18길","oneway":false},"geometry":{"type":"LineString","coordinates":[[126.89224,37.50669],[126.89259,37.5063],[126.89264,37.5062],[126.89269,37.50606],[126.89275,37.5058],[126.89276,37.50573],[126.89276,37.50567],[126.8927,37.50524],[126.89265,37.50491],[126.89262,37.50468],[126.89256,37.50424],[126.89235,37.50271],[126.89228,37.50212],[126.89227,37.50195],[126.89227,37.50174],[126.89227,37.50169],[126.89228,37.50151],[126.89231,37.50122],[126.89232,37.50108],[126.89241,37.50054],[126.89247,37.50032],[126.89254,37.50006],[126.89264,37.49977],[126.89267,37.49969],[126.89271,37.49949],[126.89273,37.49913]]}},{"type":"Feature","properties":{"class":"minor","highway":"residential","sidewalk":"unknown","lanes":0,"name":"공원로6나길","oneway":false},"geometry":{"type":"LineString","coordinates":[[126.89004,37.50343],[126.89035,37.50359],[126.89065,37.50375],[126.89092,37.50389],[126.89124,37.50406],[126.8915,37.50419],[126.89174,37.50432],[126.89197,37.50444],[126.8922,37.50455],[126.89243,37.50468],[126.89247,37.50469],[126.89253,37.50469],[126.89262,37.50468]]}},{"type":"Feature","properties":{"class":"major","highway":"secondary_link","sidewalk":"likely","lanes":0,"name":"","oneway":false},"geometry":{"type":"LineString","coordinates":[[126.89275,37.50055],[126.89254,37.50052],[126.89247,37.50053],[126.89241,37.50054]]}},{"type":"Feature","properties":{"class":"alley","highway":"service","sidewalk":"unknown","lanes":0,"name":"공원로","oneway":true},"geometry":{"type":"LineString","coordinates":[[126.89156,37.5001],[126.89241,37.50054]]}},{"type":"Feature","properties":{"class":"minor","highway":"residential","sidewalk":"unknown","lanes":0,"name":"새말로16길","oneway":false},"geometry":{"type":"LineString","coordinates":[[126.89003,37.50554],[126.89047,37.505],[126.89124,37.50406],[126.89153,37.50371],[126.89235,37.50271]]}},{"type":"Feature","properties":{"class":"minor","highway":"residential","sidewalk":"unknown","lanes":0,"name":"공원로6나길","oneway":false},"geometry":{"type":"LineString","coordinates":[[126.89014,37.50483],[126.89092,37.50389]]}},{"type":"Feature","properties":{"class":"minor","highway":"residential","sidewalk":"unknown","lanes":0,"name":"공원로6나길","oneway":false},"geometry":{"type":"LineString","coordinates":[[126.89052,37.50579],[126.89097,37.50525],[126.89118,37.505],[126.89174,37.50432]]}},{"type":"Feature","properties":{"class":"minor","highway":"residential","sidewalk":"unknown","lanes":0,"name":"공원로6다길","oneway":false},"geometry":{"type":"LineString","coordinates":[[126.88927,37.50439],[126.8896,37.50456],[126.88987,37.5047],[126.89014,37.50483],[126.89047,37.505],[126.89075,37.50514],[126.89097,37.50525]]}},{"type":"Feature","properties":{"class":"minor","highway":"residential","sidewalk":"unknown","lanes":0,"name":"공원로6나길","oneway":false},"geometry":{"type":"LineString","coordinates":[[126.8896,37.50456],[126.89035,37.50359]]}},{"type":"Feature","properties":{"class":"minor","highway":"residential","sidewalk":"unknown","lanes":0,"name":"공원로6나길","oneway":false},"geometry":{"type":"LineString","coordinates":[[126.89075,37.50514],[126.8915,37.50419]]}},{"type":"Feature","properties":{"class":"minor","highway":"residential","sidewalk":"unknown","lanes":0,"name":"공원로6나길","oneway":false},"geometry":{"type":"LineString","coordinates":[[126.88987,37.5047],[126.89065,37.50375]]}},{"type":"Feature","properties":{"class":"minor","highway":"residential","sidewalk":"unknown","lanes":0,"name":"공원로6나길","oneway":false},"geometry":{"type":"LineString","coordinates":[[126.89142,37.50512],[126.89197,37.50444]]}},{"type":"Feature","properties":{"class":"minor","highway":"residential","sidewalk":"unknown","lanes":0,"name":"공원로6나길","oneway":false},"geometry":{"type":"LineString","coordinates":[[126.89188,37.50535],[126.89243,37.50468]]}},{"type":"Feature","properties":{"class":"minor","highway":"residential","sidewalk":"unknown","lanes":0,"name":"공원로6나길","oneway":false},"geometry":{"type":"LineString","coordinates":[[126.89163,37.50523],[126.8922,37.50455]]}},{"type":"Feature","properties":{"class":"minor","highway":"residential","sidewalk":"unknown","lanes":0,"name":"새말로18길","oneway":false},"geometry":{"type":"LineString","coordinates":[[126.89214,37.50549],[126.89259,37.50495],[126.89265,37.50491]]}},{"type":"Feature","properties":{"class":"alley","highway":"service","sidewalk":"unknown","lanes":0,"name":"","oneway":false},"geometry":{"type":"LineString","coordinates":[[126.89208,37.50545],[126.89184,37.50575]]}},{"type":"Feature","properties":{"class":"minor","highway":"residential","sidewalk":"unknown","lanes":0,"name":"새말로18길","oneway":false},"geometry":{"type":"LineString","coordinates":[[126.89236,37.5056],[126.89261,37.50528],[126.89265,37.50526],[126.8927,37.50524]]}},{"type":"Feature","properties":{"class":"alley","highway":"service","sidewalk":"unknown","lanes":0,"name":"","oneway":false},"geometry":{"type":"LineString","coordinates":[[126.89032,37.50782],[126.89036,37.50782],[126.8904,37.50782],[126.89043,37.50781],[126.89046,37.5078],[126.89049,37.50778],[126.89051,37.50776]]}},{"type":"Feature","properties":{"class":"alley","highway":"service","sidewalk":"unknown","lanes":0,"name":"","oneway":false},"geometry":{"type":"LineString","coordinates":[[126.89051,37.50776],[126.89076,37.50743],[126.89159,37.50635]]}},{"type":"Feature","properties":{"class":"alley","highway":"service","sidewalk":"unknown","lanes":0,"name":"","oneway":false},"geometry":{"type":"LineString","coordinates":[[126.8924,37.50678],[126.89226,37.50695]]}},{"type":"Feature","properties":{"class":"alley","highway":"service","sidewalk":"unknown","lanes":0,"name":"","oneway":true},"geometry":{"type":"LineString","coordinates":[[126.89184,37.50764],[126.89181,37.50767],[126.89177,37.50769],[126.89173,37.50771],[126.89169,37.50771],[126.89165,37.50771],[126.89161,37.5077],[126.89145,37.50762],[126.89141,37.5076],[126.89139,37.50756],[126.89137,37.50753],[126.89138,37.50749],[126.89138,37.50746],[126.8914,37.50743],[126.89166,37.50709],[126.89169,37.50706],[126.89178,37.507],[126.89181,37.50699],[126.89185,37.507],[126.89191,37.50702],[126.89198,37.50705],[126.89207,37.50705],[126.89213,37.50702],[126.89226,37.50695]]}},{"type":"Feature","properties":{"class":"major","highway":"primary_link","sidewalk":"likely","lanes":0,"name":"서부간선로","oneway":true},"geometry":{"type":"LineString","coordinates":[[126.8822,37.51611],[126.88236,37.51614],[126.88244,37.51616],[126.88249,37.51618],[126.88251,37.5162],[126.88253,37.51622],[126.88255,37.51623],[126.88257,37.51626],[126.88258,37.5163],[126.88259,37.51635],[126.88261,37.51642],[126.88262,37.51649],[126.88262,37.51657],[126.88262,37.51669],[126.88262,37.51683],[126.88259,37.51704],[126.88239,37.51804],[126.88222,37.5187]]}},{"type":"Feature","properties":{"class":"major","highway":"primary_link","sidewalk":"likely","lanes":0,"name":"서부간선로","oneway":true},"geometry":{"type":"LineString","coordinates":[[126.8822,37.51611],[126.88207,37.51609],[126.88201,37.51608],[126.88195,37.51607],[126.88191,37.51606],[126.88189,37.51605],[126.88185,37.51603],[126.88183,37.51598]]}},{"type":"Feature","properties":{"class":"major","highway":"primary_link","sidewalk":"likely","lanes":0,"name":"","oneway":true},"geometry":{"type":"LineString","coordinates":[[126.88198,37.51638],[126.88199,37.51636],[126.882,37.51635],[126.88201,37.51633],[126.88203,37.51632],[126.88205,37.5163],[126.88208,37.51629],[126.88217,37.51627],[126.88236,37.51622],[126.88244,37.51621],[126.88247,37.51621],[126.88249,37.51621],[126.88251,37.51621],[126.88253,37.51622]]}},{"type":"Feature","properties":{"class":"major","highway":"primary_link","sidewalk":"likely","lanes":0,"name":"","oneway":true},"geometry":{"type":"LineString","coordinates":[[126.88208,37.51659],[126.88196,37.51647],[126.88188,37.5164],[126.88183,37.51637],[126.88172,37.5163]]}},{"type":"Feature","properties":{"class":"major","highway":"primary_link","sidewalk":"likely","lanes":0,"name":"서부간선로","oneway":true},"geometry":{"type":"LineString","coordinates":[[126.88207,37.51868],[126.8821,37.51799],[126.88213,37.51733],[126.88215,37.51721],[126.88215,37.51705],[126.88215,37.51693],[126.88213,37.51681],[126.88211,37.51672],[126.88208,37.51659],[126.88204,37.51649],[126.88199,37.51642],[126.88198,37.51638]]}},{"type":"Feature","properties":{"class":"major","highway":"primary_link","sidewalk":"likely","lanes":0,"name":"","oneway":true},"geometry":{"type":"LineString","coordinates":[[126.88202,37.51504],[126.882,37.51505],[126.88199,37.51507],[126.88199,37.51509],[126.88199,37.51511],[126.88199,37.51514],[126.882,37.51518],[126.88202,37.51522],[126.88204,37.51525]]}},{"type":"Feature","properties":{"class":"major","highway":"primary_link","sidewalk":"likely","lanes":0,"name":"서부간선로","oneway":true},"geometry":{"type":"LineString","coordinates":[[126.88204,37.51525],[126.88218,37.51542],[126.88228,37.51555],[126.88239,37.51573]]}},{"type":"Feature","properties":{"class":"major","highway":"primary_link","sidewalk":"likely","lanes":0,"name":"서부간선로","oneway":true},"geometry":{"type":"LineString","coordinates":[[126.88239,37.51573],[126.88238,37.51579],[126.8824,37.51583],[126.8824,37.51583],[126.88242,37.5159],[126.88241,37.51593],[126.8824,37.51596],[126.88237,37.516],[126.8822,37.51611]]}},{"type":"Feature","properties":{"class":"major","highway":"tertiary","sidewalk":"likely","lanes":0,"name":"","oneway":false},"geometry":{"type":"LineString","coordinates":[[126.88216,37.51517],[126.88256,37.51566]]}},{"type":"Feature","properties":{"class":"major","highway":"tertiary","sidewalk":"likely","lanes":0,"name":"","oneway":false},"geometry":{"type":"LineString","coordinates":[[126.88202,37.51504],[126.88205,37.51507],[126.88213,37.51514],[126.88216,37.51517]]}},{"type":"Feature","properties":{"class":"major","highway":"primary_link","sidewalk":"likely","lanes":0,"name":"","oneway":true},"geometry":{"type":"LineString","coordinates":[[126.88163,37.51492],[126.88169,37.51493],[126.88172,37.51493],[126.88175,37.51493],[126.88177,37.51492],[126.88179,37.51491],[126.88181,37.5149],[126.88186,37.51486]]}},{"type":"Feature","properties":{"class":"major","highway":"tertiary","sidewalk":"likely","lanes":0,"name":"신도림로19길","oneway":true},"geometry":{"type":"LineString","coordinates":[[126.87989,37.51283],[126.87983,37.51287],[126.87981,37.51292],[126.87981,37.51299],[126.87982,37.51304],[126.87985,37.51312],[126.8799,37.51318],[126.88032,37.51372],[126.88039,37.51379],[126.88087,37.51424],[126.88116,37.51448],[126.88143,37.51467],[126.88168,37.51483],[126.88173,37.51486],[126.88177,37.51487],[126.88182,37.51487],[126.88186,37.51486]]}},{"type":"Feature","properties":{"class":"alley","highway":"service","sidewalk":"unknown","lanes":0,"name":"경인로63길","oneway":false},"geometry":{"type":"LineString","coordinates":[[126.88417,37.50812],[126.88436,37.50816],[126.88443,37.50817],[126.88505,37.5083],[126.88516,37.50834]]}},{"type":"Feature","properties":{"class":"major","highway":"tertiary_link","sidewalk":"likely","lanes":0,"name":"","oneway":true},"geometry":{"type":"LineString","coordinates":[[126.88592,37.51279],[126.88596,37.5128],[126.88598,37.51282],[126.886,37.51284],[126.88601,37.51287],[126.88601,37.51289]]}},{"type":"Feature","properties":{"class":"alley","highway":"service","sidewalk":"unknown","lanes":0,"name":"","oneway":false},"geometry":{"type":"LineString","coordinates":[[126.88522,37.51331],[126.88536,37.51333],[126.88621,37.51328]]}},{"type":"Feature","properties":{"class":"minor","highway":"residential","sidewalk":"no","lanes":0,"name":"도영로11길","oneway":false},"geometry":{"type":"LineString","coordinates":[[126.89546,37.50981],[126.89611,37.51037],[126.89652,37.51075],[126.89663,37.51082],[126.89678,37.51088],[126.89681,37.51088],[126.89687,37.51084],[126.89759,37.51038],[126.89801,37.51022],[126.89817,37.51014],[126.89825,37.51014],[126.89891,37.50999],[126.89898,37.51]]}},{"type":"Feature","properties":{"class":"alley","highway":"service","sidewalk":"unknown","lanes":0,"name":"도신로10가길","oneway":false},"geometry":{"type":"LineString","coordinates":[[126.89768,37.50447],[126.89768,37.50403],[126.89764,37.50361],[126.89761,37.50356]]}},{"type":"Feature","properties":{"class":"alley","highway":"service","sidewalk":"unknown","lanes":0,"name":"도신로10길","oneway":false},"geometry":{"type":"LineString","coordinates":[[126.898,37.50444],[126.89797,37.50402],[126.89794,37.50367],[126.89794,37.50365]]}},{"type":"Feature","properties":{"class":"alley","highway":"service","sidewalk":"unknown","lanes":0,"name":"대림로44길","oneway":false},"geometry":{"type":"LineString","coordinates":[[126.8987,37.50378],[126.89894,37.50355]]}},{"type":"Feature","properties":{"class":"minor","highway":"residential","sidewalk":"unknown","lanes":0,"name":"도신로8길","oneway":false},"geometry":{"type":"LineString","coordinates":[[126.89722,37.50486],[126.89732,37.50472],[126.89737,37.50463],[126.89738,37.50448],[126.89738,37.50445],[126.89739,37.50438],[126.89739,37.50405],[126.89739,37.50392],[126.89737,37.50379],[126.89735,37.50357],[126.89734,37.50352],[126.89731,37.50338],[126.89719,37.50326],[126.89707,37.5032],[126.89695,37.50315],[126.8969,37.50311]]}},{"type":"Feature","properties":{"class":"alley","highway":"service","sidewalk":"unknown","lanes":0,"name":"도신로8가길","oneway":false},"geometry":{"type":"LineString","coordinates":[[126.89713,37.50439],[126.89714,37.50413],[126.89712,37.504],[126.89711,37.50392],[126.89709,37.5038],[126.89705,37.50362],[126.89695,37.50321],[126.89694,37.50318],[126.89695,37.50315]]}},{"type":"Feature","properties":{"class":"alley","highway":"service","sidewalk":"unknown","lanes":0,"name":"도신로10길","oneway":false},"geometry":{"type":"LineString","coordinates":[[126.89828,37.5042],[126.89823,37.5038]]}},{"type":"Feature","properties":{"class":"minor","highway":"residential","sidewalk":"unknown","lanes":0,"name":"","oneway":false},"geometry":{"type":"LineString","coordinates":[[126.898,37.50444],[126.89802,37.50447],[126.89824,37.50462]]}},{"type":"Feature","properties":{"class":"minor","highway":"residential","sidewalk":"unknown","lanes":0,"name":"도신로10길","oneway":false},"geometry":{"type":"LineString","coordinates":[[126.89743,37.50496],[126.89755,37.50481],[126.8976,37.50479],[126.89768,37.50473],[126.89778,37.50467],[126.89796,37.50449],[126.898,37.50444],[126.89822,37.50426],[126.89828,37.5042],[126.89843,37.50403],[126.89839,37.50397],[126.89831,37.50387],[126.89823,37.5038],[126.89822,37.50379],[126.89794,37.50365],[126.89779,37.50359],[126.89761,37.50356],[126.8974,37.50352],[126.89734,37.50352]]}},{"type":"Feature","properties":{"class":"alley","highway":"service","sidewalk":"unknown","lanes":0,"name":"","oneway":false},"geometry":{"type":"LineString","coordinates":[[126.89828,37.5042],[126.8983,37.50423],[126.89851,37.50438]]}},{"type":"Feature","properties":{"class":"alley","highway":"service","sidewalk":"unknown","lanes":0,"name":"","oneway":false},"geometry":{"type":"LineString","coordinates":[[126.89695,37.5044],[126.89713,37.50439]]}},{"type":"Feature","properties":{"class":"alley","highway":"service","sidewalk":"unknown","lanes":0,"name":"","oneway":false},"geometry":{"type":"LineString","coordinates":[[126.89739,37.50405],[126.89768,37.50403],[126.89797,37.50402]]}},{"type":"Feature","properties":{"class":"alley","highway":"service","sidewalk":"unknown","lanes":0,"name":"","oneway":false},"geometry":{"type":"LineString","coordinates":[[126.89692,37.50382],[126.89709,37.5038],[126.89711,37.50381],[126.89737,37.50379]]}},{"type":"Feature","properties":{"class":"alley","highway":"service","sidewalk":"unknown","lanes":0,"name":"대림로40길","oneway":false},"geometry":{"type":"LineString","coordinates":[[126.89819,37.50259],[126.89837,37.50272],[126.89841,37.50272],[126.89888,37.50231]]}},{"type":"Feature","properties":{"class":"alley","highway":"service","sidewalk":"unknown","lanes":0,"name":"대림로40길","oneway":false},"geometry":{"type":"LineString","coordinates":[[126.89851,37.50325],[126.89919,37.50265]]}},{"type":"Feature","properties":{"class":"alley","highway":"service","sidewalk":"unknown","lanes":0,"name":"가마산로45길","oneway":false},"geometry":{"type":"LineString","coordinates":[[126.8995,37.50262],[126.89973,37.5028],[126.89972,37.50283],[126.89957,37.50298],[126.89956,37.503],[126.89982,37.50318]]}},{"type":"Feature","properties":{"class":"minor","highway":"residential","sidewalk":"unknown","lanes":0,"name":"도신로12길","oneway":false},"geometry":{"type":"LineString","coordinates":[[126.89771,37.5051],[126.89824,37.50462],[126.89851,37.50438],[126.89921,37.50374],[126.89982,37.50318],[126.90027,37.50277]]}},{"type":"Feature","properties":{"class":"minor","highway":"residential","sidewalk":"unknown","lanes":0,"name":"도신로9길","oneway":false},"geometry":{"type":"LineString","coordinates":[[126.89473,37.50791],[126.8947,37.50779],[126.89484,37.50768],[126.895,37.50757],[126.89527,37.50736],[126.89553,37.50717],[126.89596,37.50679],[126.89623,37.5065],[126.89638,37.50631],[126.89649,37.50617],[126.89661,37.5059],[126.89676,37.50563],[126.89683,37.50542],[126.89688,37.50532],[126.89696,37.50521],[126.89717,37.50496],[126.89722,37.50486]]}},{"type":"Feature","properties":{"class":"minor","highway":"residential","sidewalk":"yes","lanes":0,"name":"도영로","oneway":false},"geometry":{"type":"LineString","coordinates":[[126.8952,37.5082],[126.89585,37.50766]]}},{"type":"Feature","properties":{"class":"minor","highway":"residential","sidewalk":"unknown","lanes":0,"name":"대방천로","oneway":false},"geometry":{"type":"LineString","coordinates":[[126.89737,37.50578],[126.89741,37.50582],[126.89759,37.50596],[126.89759,37.50602],[126.89757,37.50606],[126.89657,37.50699],[126.89614,37.50739],[126.89585,37.50766]]}},{"type":"Feature","properties":{"class":"minor","highway":"residential","sidewalk":"unknown","lanes":0,"name":"가마산로49길","oneway":false},"geometry":{"type":"LineString","coordinates":[[126.89825,37.50536],[126.89937,37.50436],[126.90043,37.5034],[126.9007,37.50315]]}},{"type":"Feature","properties":{"class":"alley","highway":"service","sidewalk":"unknown","lanes":0,"name":"","oneway":false},"geometry":{"type":"LineString","coordinates":[[126.88008,37.50563],[126.88026,37.50549],[126.88055,37.50571],[126.88067,37.50581]]}},{"type":"Feature","properties":{"class":"major","highway":"primary","sidewalk":"likely","lanes":0,"name":"대방천로","oneway":true},"geometry":{"type":"LineString","coordinates":[[126.89714,37.50599],[126.897,37.50618],[126.8955,37.50755],[126.89523,37.50776],[126.89484,37.50801],[126.89422,37.50833],[126.8939,37.50851],[126.89366,37.50866],[126.89344,37.50883],[126.8932,37.50907],[126.89302,37.5093],[126.89231,37.5102],[126.89176,37.5107]]}},{"type":"Feature","properties":{"class":"major","highway":"primary","sidewalk":"likely","lanes":0,"name":"대방천로","oneway":true},"geometry":{"type":"LineString","coordinates":[[126.89195,37.50999],[126.89247,37.50912],[126.89261,37.50892],[126.89283,37.5087],[126.8931,37.5085],[126.89338,37.50832],[126.89363,37.50821],[126.89395,37.5081],[126.89462,37.5079],[126.89493,37.50778],[126.89527,37.5076],[126.89548,37.50744],[126.89693,37.50613],[126.89714,37.50599]]}},{"type":"Feature","properties":{"class":"major","highway":"primary","sidewalk":"likely","lanes":0,"name":"대방천로","oneway":false},"geometry":{"type":"LineString","coordinates":[[126.89733,37.50582],[126.89714,37.50599]]}},{"type":"Feature","properties":{"class":"major","highway":"primary","sidewalk":"likely","lanes":0,"name":"도림천로","oneway":true},"geometry":{"type":"LineString","coordinates":[[126.89272,37.50221],[126.89266,37.50211],[126.89261,37.5017],[126.89263,37.50136],[126.89267,37.50103],[126.89272,37.50074],[126.89275,37.50055]]}},{"type":"Feature","properties":{"class":"major","highway":"primary","sidewalk":"likely","lanes":0,"name":"도림천로","oneway":true},"geometry":{"type":"LineString","coordinates":[[126.89346,37.50214],[126.89343,37.50258],[126.89337,37.50295],[126.89335,37.50306],[126.89335,37.50311],[126.89327,37.50334]]}},{"type":"Feature","properties":{"class":"major","highway":"secondary","sidewalk":"likely","lanes":0,"name":"도신로","oneway":false},"geometry":{"type":"LineString","coordinates":[[126.89359,37.50263],[126.89381,37.50275],[126.89385,37.50276],[126.89391,37.5028]]}},{"type":"Feature","properties":{"class":"major","highway":"secondary","sidewalk":"likely","lanes":0,"name":"도신로","oneway":false},"geometry":{"type":"LineString","coordinates":[[126.89281,37.5031],[126.89281,37.50301],[126.89284,37.5029]]}},{"type":"Feature","properties":{"class":"major","highway":"tertiary","sidewalk":"likely","lanes":0,"name":"도영로","oneway":false},"geometry":{"type":"LineString","coordinates":[[126.89404,37.50754],[126.89409,37.50756],[126.89473,37.50791],[126.89479,37.50795]]}},{"type":"Feature","properties":{"class":"alley","highway":"service","sidewalk":"unknown","lanes":0,"name":"","oneway":false},"geometry":{"type":"LineString","coordinates":[[126.88115,37.50615],[126.88106,37.50609],[126.88082,37.50629],[126.88084,37.50641],[126.88076,37.50649],[126.88057,37.50656],[126.88038,37.5065],[126.88023,37.50656],[126.87991,37.50635],[126.88009,37.5062],[126.88033,37.50611],[126.88067,37.50581],[126.88079,37.5057],[126.88092,37.50563]]}},{"type":"Feature","properties":{"class":"alley","highway":"service","sidewalk":"unknown","lanes":0,"name":"","oneway":false},"geometry":{"type":"LineString","coordinates":[[126.88177,37.50637],[126.88182,37.5064]]}},{"type":"Feature","properties":{"class":"alley","highway":"service","sidewalk":"unknown","lanes":0,"name":"","oneway":false},"geometry":{"type":"LineString","coordinates":[[126.88182,37.5064],[126.88175,37.50651]]}},{"type":"Feature","properties":{"class":"alley","highway":"service","sidewalk":"unknown","lanes":0,"name":"","oneway":false},"geometry":{"type":"LineString","coordinates":[[126.88166,37.50663],[126.88175,37.50651]]}},{"type":"Feature","properties":{"class":"alley","highway":"service","sidewalk":"unknown","lanes":0,"name":"","oneway":false},"geometry":{"type":"LineString","coordinates":[[126.8811,37.50621],[126.88115,37.50615]]}},{"type":"Feature","properties":{"class":"major","highway":"primary","sidewalk":"likely","lanes":0,"name":"도림천로","oneway":false},"geometry":{"type":"LineString","coordinates":[[126.88266,37.51598],[126.8822,37.51611]]}},{"type":"Feature","properties":{"class":"alley","highway":"service","sidewalk":"unknown","lanes":0,"name":"","oneway":false},"geometry":{"type":"LineString","coordinates":[[126.88175,37.50651],[126.882,37.50669],[126.88218,37.50682],[126.88245,37.50658],[126.88228,37.50645],[126.882,37.50669]]}},{"type":"Feature","properties":{"class":"alley","highway":"service","sidewalk":"unknown","lanes":0,"name":"경인로","oneway":false},"geometry":{"type":"LineString","coordinates":[[126.88132,37.50394],[126.88136,37.50392],[126.88176,37.50373],[126.88193,37.5037],[126.88199,37.50373],[126.88228,37.50399],[126.88231,37.50402],[126.8823,37.50408],[126.88227,37.50412],[126.88219,37.50418],[126.88203,37.50432],[126.88194,37.5044],[126.88187,37.50446]]}},{"type":"Feature","properties":{"class":"major","highway":"primary_link","sidewalk":"likely","lanes":0,"name":"경인로","oneway":true},"geometry":{"type":"LineString","coordinates":[[126.88187,37.50446],[126.88162,37.50437],[126.88111,37.50406],[126.88019,37.50341],[126.88002,37.50327],[126.87993,37.50319],[126.87986,37.50314],[126.87981,37.50301]]}},{"type":"Feature","properties":{"class":"major","highway":"secondary","sidewalk":"likely","lanes":0,"name":"구로중앙로","oneway":true},"geometry":{"type":"LineString","coordinates":[[126.88251,37.50067],[126.88229,37.50094],[126.88181,37.50135]]}},{"type":"Feature","properties":{"class":"major","highway":"tertiary","sidewalk":"likely","lanes":0,"name":"구로중앙로","oneway":false},"geometry":{"type":"LineString","coordinates":[[126.88338,37.4998],[126.88291,37.50025],[126.88289,37.50028],[126.88251,37.50067]]}},{"type":"Feature","properties":{"class":"major","highway":"secondary","sidewalk":"likely","lanes":0,"name":"도림로","oneway":false},"geometry":{"type":"LineString","coordinates":[[126.89728,37.51313],[126.89718,37.51318],[126.89702,37.51328],[126.89674,37.51342],[126.89667,37.51346],[126.89618,37.5137],[126.89616,37.51371],[126.89563,37.51396],[126.8954,37.51407],[126.89519,37.51417],[126.89496,37.51428],[126.89477,37.51437],[126.89456,37.51447],[126.89433,37.51458],[126.89416,37.51466],[126.89409,37.51469],[126.89392,37.51476]]}},{"type":"Feature","properties":{"class":"major","highway":"secondary","sidewalk":"likely","lanes":0,"name":"도림로","oneway":false},"geometry":{"type":"LineString","coordinates":[[126.89911,37.50999],[126.89867,37.51068],[126.89817,37.5115],[126.89755,37.51265]]}},{"type":"Feature","properties":{"class":"alley","highway":"service","sidewalk":"unknown","lanes":0,"name":"선유로","oneway":false},"geometry":{"type":"LineString","coordinates":[[126.88932,37.51926],[126.88942,37.51925],[126.8899,37.5192],[126.89029,37.51915],[126.89025,37.51887],[126.89022,37.51865],[126.88983,37.51867],[126.8893,37.5187],[126.88918,37.5187]]}},{"type":"Feature","properties":{"class":"alley","highway":"service","sidewalk":"unknown","lanes":0,"name":"","oneway":false},"geometry":{"type":"LineString","coordinates":[[126.8899,37.5192],[126.88987,37.51891],[126.88983,37.51867]]}},{"type":"Feature","properties":{"class":"alley","highway":"service","sidewalk":"unknown","lanes":0,"name":"","oneway":false},"geometry":{"type":"LineString","coordinates":[[126.88925,37.51898],[126.88936,37.51896],[126.88987,37.51891],[126.89025,37.51887]]}},{"type":"Feature","properties":{"class":"minor","highway":"residential","sidewalk":"unknown","lanes":0,"name":"경인로82길","oneway":true},"geometry":{"type":"LineString","coordinates":[[126.89735,37.51267],[126.89729,37.51265],[126.89638,37.51235]]}},{"type":"Feature","properties":{"class":"minor","highway":"residential","sidewalk":"unknown","lanes":0,"name":"경인로","oneway":false},"geometry":{"type":"LineString","coordinates":[[126.89212,37.51165],[126.89239,37.51138]]}},{"type":"Feature","properties":{"class":"major","highway":"secondary_link","sidewalk":"likely","lanes":0,"name":"새말로","oneway":true},"geometry":{"type":"LineString","coordinates":[[126.88251,37.50067],[126.88243,37.50091],[126.88217,37.50117],[126.88195,37.50138],[126.88194,37.5014],[126.88193,37.50143],[126.88193,37.50146],[126.88193,37.50149],[126.88193,37.50152],[126.88195,37.50154],[126.88197,37.50157],[126.88199,37.50159],[126.88249,37.50179],[126.88252,37.50186]]}},{"type":"Feature","properties":{"class":"major","highway":"secondary","sidewalk":"likely","lanes":0,"name":"구로중앙로","oneway":true},"geometry":{"type":"LineString","coordinates":[[126.88119,37.50167],[126.88157,37.50136],[126.88169,37.50126]]}},{"type":"Feature","properties":{"class":"major","highway":"secondary","sidewalk":"likely","lanes":0,"name":"구로중앙로","oneway":true},"geometry":{"type":"LineString","coordinates":[[126.88181,37.50135],[126.88131,37.50177]]}},{"type":"Feature","properties":{"class":"alley","highway":"service","sidewalk":"unknown","lanes":0,"name":"","oneway":false},"geometry":{"type":"LineString","coordinates":[[126.88036,37.50586],[126.88008,37.50563]]}},{"type":"Feature","properties":{"class":"alley","highway":"service","sidewalk":"unknown","lanes":0,"name":"","oneway":false},"geometry":{"type":"LineString","coordinates":[[126.88055,37.50571],[126.88045,37.5058],[126.88036,37.50586]]}},{"type":"Feature","properties":{"class":"major","highway":"tertiary","sidewalk":"likely","lanes":2,"name":"새말로","oneway":true},"geometry":{"type":"LineString","coordinates":[[126.88168,37.5016],[126.88148,37.50151]]}},{"type":"Feature","properties":{"class":"major","highway":"tertiary","sidewalk":"likely","lanes":2,"name":"벚꽃로","oneway":true},"geometry":{"type":"LineString","coordinates":[[126.88148,37.50151],[126.8813,37.50142]]}},{"type":"Feature","properties":{"class":"major","highway":"tertiary","sidewalk":"likely","lanes":2,"name":"새말로","oneway":true},"geometry":{"type":"LineString","coordinates":[[126.8798,37.4986],[126.87987,37.49867],[126.87993,37.49898],[126.88001,37.49927],[126.88018,37.49976],[126.88025,37.49993],[126.88043,37.50028],[126.88064,37.50065],[126.88073,37.50079],[126.8808,37.50091],[126.88092,37.50105],[126.88104,37.50117],[126.88135,37.50138]]}},{"type":"Feature","properties":{"class":"major","highway":"tertiary","sidewalk":"likely","lanes":0,"name":"선유로3길","oneway":false},"geometry":{"type":"LineString","coordinates":[[126.88784,37.51511],[126.88758,37.51522],[126.88707,37.51545],[126.88691,37.51552],[126.88625,37.51582],[126.88616,37.51586],[126.88571,37.51606],[126.88518,37.51629],[126.8851,37.51633],[126.88429,37.51669],[126.88409,37.51678]]}},{"type":"Feature","properties":{"class":"minor","highway":"residential","sidewalk":"unknown","lanes":0,"name":"도림로147길","oneway":false},"geometry":{"type":"LineString","coordinates":[[126.88949,37.5169],[126.88942,37.51681],[126.88917,37.51647],[126.88899,37.51607],[126.88882,37.51569],[126.88863,37.51528],[126.88844,37.51488],[126.88842,37.51483]]}},{"type":"Feature","properties":{"class":"minor","highway":"residential","sidewalk":"yes","lanes":0,"name":"도림로139가길","oneway":false},"geometry":{"type":"LineString","coordinates":[[126.89342,37.51434],[126.89365,37.51416],[126.89366,37.51414],[126.89365,37.51411],[126.89346,37.51385],[126.89325,37.51357],[126.89287,37.51327],[126.89249,37.51298],[126.89245,37.51295]]}},{"type":"Feature","properties":{"class":"minor","highway":"residential","sidewalk":"unknown","lanes":0,"name":"경인로79길","oneway":false},"geometry":{"type":"LineString","coordinates":[[126.89219,37.51408],[126.89228,37.51403],[126.89275,37.51381],[126.89325,37.51357],[126.89349,37.51345],[126.89367,37.51337],[126.8941,37.51316],[126.89474,37.51288],[126.89483,37.51283],[126.89513,37.51263],[126.89517,37.5126],[126.89523,37.5125]]}},{"type":"Feature","properties":{"class":"minor","highway":"residential","sidewalk":"unknown","lanes":0,"name":"도림로131길","oneway":false},"geometry":{"type":"LineString","coordinates":[[126.8954,37.51407],[126.89534,37.51398],[126.89519,37.51377],[126.895,37.51352],[126.89477,37.51362],[126.89453,37.51372],[126.89433,37.51383],[126.89412,37.51393],[126.89392,37.51403],[126.89373,37.51412],[126.89365,37.51416]]}},{"type":"Feature","properties":{"class":"minor","highway":"residential","sidewalk":"unknown","lanes":0,"name":"도림로135길","oneway":false},"geometry":{"type":"LineString","coordinates":[[126.89367,37.51337],[126.89389,37.51365],[126.89412,37.51393],[126.89433,37.51419],[126.89449,37.51438],[126.89456,37.51447]]}},{"type":"Feature","properties":{"class":"minor","highway":"residential","sidewalk":"yes","lanes":0,"name":"도림로137길","oneway":false},"geometry":{"type":"LineString","coordinates":[[126.89349,37.51345],[126.8937,37.51374],[126.89392,37.51403],[126.89412,37.51429],[126.89426,37.51449],[126.89433,37.51458]]}},{"type":"Feature","properties":{"class":"minor","highway":"residential","sidewalk":"unknown","lanes":0,"name":"도림로","oneway":false},"geometry":{"type":"LineString","coordinates":[[126.89373,37.51412],[126.89408,37.51456],[126.89416,37.51466]]}},{"type":"Feature","properties":{"class":"minor","highway":"residential","sidewalk":"unknown","lanes":0,"name":"도림로","oneway":false},"geometry":{"type":"LineString","coordinates":[[126.89477,37.51362],[126.89497,37.51388],[126.89513,37.51409],[126.89519,37.51417]]}},{"type":"Feature","properties":{"class":"minor","highway":"residential","sidewalk":"unknown","lanes":0,"name":"도림로","oneway":false},"geometry":{"type":"LineString","coordinates":[[126.89433,37.51383],[126.89454,37.51409],[126.8947,37.51429],[126.89477,37.51437]]}},{"type":"Feature","properties":{"class":"minor","highway":"residential","sidewalk":"unknown","lanes":0,"name":"도림로131길","oneway":false},"geometry":{"type":"LineString","coordinates":[[126.89519,37.51377],[126.89497,37.51388],[126.89474,37.51399],[126.89454,37.51409],[126.89433,37.51419],[126.89412,37.51429]]}},{"type":"Feature","properties":{"class":"minor","highway":"residential","sidewalk":"unknown","lanes":0,"name":"선유로9나길","oneway":false},"geometry":{"type":"LineString","coordinates":[[126.88654,37.51758],[126.88636,37.51678],[126.88617,37.5159],[126.88616,37.51586],[126.88611,37.5158],[126.88585,37.51543],[126.88555,37.515]]}},{"type":"Feature","properties":{"class":"minor","highway":"residential","sidewalk":"unknown","lanes":0,"name":"선유로9나길","oneway":false},"geometry":{"type":"LineString","coordinates":[[126.88541,37.51562],[126.88585,37.51543]]}},{"type":"Feature","properties":{"class":"minor","highway":"residential","sidewalk":"unknown","lanes":0,"name":"문래로8길","oneway":false},"geometry":{"type":"LineString","coordinates":[[126.8861,37.5204],[126.88608,37.52032],[126.88588,37.51952],[126.88566,37.51859]]}},{"type":"Feature","properties":{"class":"minor","highway":"residential","sidewalk":"unknown","lanes":0,"name":"문래로10길","oneway":false},"geometry":{"type":"LineString","coordinates":[[126.88719,37.52023],[126.88717,37.52015],[126.88698,37.51936],[126.88675,37.51843],[126.88654,37.51758]]}},{"type":"Feature","properties":{"class":"minor","highway":"residential","sidewalk":"unknown","lanes":0,"name":"문래로","oneway":false},"geometry":{"type":"LineString","coordinates":[[126.89105,37.52086],[126.89079,37.51975],[126.89077,37.51967]]}},{"type":"Feature","properties":{"class":"minor","highway":"residential","sidewalk":"unknown","lanes":0,"name":"문래로26길","oneway":false},"geometry":{"type":"LineString","coordinates":[[126.89838,37.51867],[126.89835,37.51852],[126.89815,37.51743],[126.89809,37.51694]]}},{"type":"Feature","properties":{"class":"minor","highway":"residential","sidewalk":"unknown","lanes":0,"name":"영등포로30길","oneway":false},"geometry":{"type":"LineString","coordinates":[[126.9,37.52074],[126.89997,37.52061],[126.89988,37.52025],[126.89972,37.51963],[126.89969,37.51952],[126.89967,37.51942],[126.89952,37.51867],[126.8995,37.51857]]}},{"type":"Feature","properties":{"class":"minor","highway":"residential","sidewalk":"unknown","lanes":0,"name":"영등포로28길","oneway":false},"geometry":{"type":"LineString","coordinates":[[126.89895,37.52091],[126.89892,37.52078],[126.89882,37.52041],[126.89865,37.5198],[126.89862,37.51968],[126.8986,37.51959],[126.8984,37.51877],[126.89838,37.51867]]}},{"type":"Feature","properties":{"class":"minor","highway":"residential","sidewalk":"unknown","lanes":0,"name":"신도림로","oneway":false},"geometry":{"type":"LineString","coordinates":[[126.88161,37.50724],[126.88192,37.50775],[126.88208,37.50818],[126.88208,37.50834],[126.88209,37.50866],[126.88189,37.50888],[126.88187,37.5089],[126.88179,37.50899]]}},{"type":"Feature","properties":{"class":"minor","highway":"residential","sidewalk":"unknown","lanes":0,"name":"경인로","oneway":false},"geometry":{"type":"LineString","coordinates":[[126.88409,37.5073],[126.88432,37.50736],[126.88471,37.50742],[126.88476,37.50743],[126.88486,37.50745]]}},{"type":"Feature","properties":{"class":"minor","highway":"residential","sidewalk":"unknown","lanes":0,"name":"신도림로11라길","oneway":false},"geometry":{"type":"LineString","coordinates":[[126.87846,37.50926],[126.87882,37.50967],[126.87954,37.51049],[126.87956,37.51052],[126.87979,37.51078],[126.88032,37.51138],[126.88039,37.5115],[126.88051,37.51169],[126.88053,37.51175],[126.88061,37.51194],[126.8809,37.51238]]}},{"type":"Feature","properties":{"class":"minor","highway":"residential","sidewalk":"unknown","lanes":0,"name":"신도림로7길","oneway":false},"geometry":{"type":"LineString","coordinates":[[126.88006,37.50778],[126.8796,37.50802],[126.87915,37.50825],[126.87869,37.5085],[126.87866,37.50857],[126.87809,37.5088],[126.87804,37.50887],[126.87752,37.50912],[126.87696,37.5094]]}},{"type":"Feature","properties":{"class":"minor","highway":"residential","sidewalk":"unknown","lanes":0,"name":"신도림로9길","oneway":false},"geometry":{"type":"LineString","coordinates":[[126.88006,37.50778],[126.87999,37.50803],[126.87991,37.50835],[126.87996,37.50881],[126.88001,37.5096],[126.88002,37.50971]]}},{"type":"Feature","properties":{"class":"minor","highway":"residential","sidewalk":"unknown","lanes":0,"name":"경인로65길","oneway":false},"geometry":{"type":"LineString","coordinates":[[126.88492,37.50938],[126.88544,37.50947],[126.88572,37.50934],[126.88627,37.50905],[126.88643,37.50896]]}},{"type":"Feature","properties":{"class":"minor","highway":"residential","sidewalk":"unknown","lanes":0,"name":"신도림로13길","oneway":false},"geometry":{"type":"LineString","coordinates":[[126.87979,37.51078],[126.88,37.51058],[126.88006,37.51052],[126.88016,37.51043],[126.88019,37.51037],[126.88024,37.51028],[126.88036,37.50993],[126.88041,37.50973],[126.88041,37.50967],[126.88041,37.50922],[126.88044,37.50889],[126.88044,37.50882],[126.88051,37.50849],[126.88041,37.50803]]}},{"type":"Feature","properties":{"class":"minor","highway":"residential","sidewalk":"unknown","lanes":0,"name":"신도림로11나길","oneway":false},"geometry":{"type":"LineString","coordinates":[[126.87918,37.50881],[126.8793,37.50895],[126.87947,37.50928],[126.87953,37.50942],[126.87978,37.50973],[126.8799,37.50987],[126.88001,37.51001],[126.88013,37.51023],[126.88019,37.51037]]}},{"type":"Feature","properties":{"class":"minor","highway":"residential","sidewalk":"unknown","lanes":0,"name":"신도림로13길","oneway":false},"geometry":{"type":"LineString","coordinates":[[126.87978,37.50973],[126.88002,37.50971],[126.88041,37.50967]]}},{"type":"Feature","properties":{"class":"minor","highway":"residential","sidewalk":"unknown","lanes":0,"name":"신도림로11길","oneway":false},"geometry":{"type":"LineString","coordinates":[[126.87991,37.50835],[126.88032,37.50877],[126.88044,37.50889]]}},{"type":"Feature","properties":{"class":"minor","highway":"residential","sidewalk":"unknown","lanes":0,"name":"신도림로11길","oneway":false},"geometry":{"type":"LineString","coordinates":[[126.88032,37.50877],[126.8803,37.5089],[126.8803,37.50959],[126.88001,37.5096]]}},{"type":"Feature","properties":{"class":"minor","highway":"residential","sidewalk":"unknown","lanes":0,"name":"신도림로15길","oneway":false},"geometry":{"type":"LineString","coordinates":[[126.88162,37.50887],[126.88156,37.50901],[126.88157,37.50994],[126.88125,37.50991],[126.88089,37.50988],[126.88081,37.50996],[126.88077,37.50999],[126.88069,37.51017],[126.8807,37.51049],[126.88059,37.51055],[126.88028,37.51073]]}},{"type":"Feature","properties":{"class":"minor","highway":"residential","sidewalk":"unknown","lanes":0,"name":"신도림로15길","oneway":false},"geometry":{"type":"LineString","coordinates":[[126.88006,37.51052],[126.88028,37.51073],[126.88037,37.51094],[126.88039,37.5115]]}},{"type":"Feature","properties":{"class":"minor","highway":"residential","sidewalk":"unknown","lanes":0,"name":"신도림로15길","oneway":false},"geometry":{"type":"LineString","coordinates":[[126.88122,37.51136],[126.88105,37.51145],[126.8808,37.51159],[126.88053,37.51175]]}},{"type":"Feature","properties":{"class":"minor","highway":"residential","sidewalk":"unknown","lanes":0,"name":"신도림로15길","oneway":false},"geometry":{"type":"LineString","coordinates":[[126.88125,37.50991],[126.88152,37.51112],[126.88143,37.51121]]}},{"type":"Feature","properties":{"class":"minor","highway":"residential","sidewalk":"unknown","lanes":0,"name":"신도림로15가길","oneway":false},"geometry":{"type":"LineString","coordinates":[[126.8808,37.51159],[126.88059,37.51055]]}},{"type":"Feature","properties":{"class":"minor","highway":"residential","sidewalk":"unknown","lanes":0,"name":"신도림로15길","oneway":false},"geometry":{"type":"LineString","coordinates":[[126.88053,37.51175],[126.87987,37.5121],[126.87942,37.51235]]}},{"type":"Feature","properties":{"class":"minor","highway":"residential","sidewalk":"unknown","lanes":0,"name":"신도림로11라길","oneway":false},"geometry":{"type":"LineString","coordinates":[[126.87925,37.51214],[126.8797,37.51189],[126.88039,37.5115]]}},{"type":"Feature","properties":{"class":"minor","highway":"residential","sidewalk":"yes","lanes":0,"name":"도신로15길","oneway":false},"geometry":{"type":"LineString","coordinates":[[126.89628,37.5087],[126.89692,37.50784],[126.89695,37.50774],[126.89697,37.50772],[126.89701,37.50768],[126.89769,37.50707],[126.89787,37.50691],[126.89804,37.50675],[126.89849,37.50635],[126.89878,37.5061],[126.89915,37.50577]]}},{"type":"Feature","properties":{"class":"minor","highway":"residential","sidewalk":"unknown","lanes":0,"name":"도신로15가길","oneway":false},"geometry":{"type":"LineString","coordinates":[[126.89878,37.5061],[126.89978,37.50654],[126.90011,37.5067],[126.90026,37.50694],[126.90037,37.50703]]}},{"type":"Feature","properties":{"class":"minor","highway":"residential","sidewalk":"unknown","lanes":0,"name":"도신로17길","oneway":false},"geometry":{"type":"LineString","coordinates":[[126.89899,37.50687],[126.89929,37.50674],[126.89978,37.50654],[126.90005,37.50615]]}},{"type":"Feature","properties":{"class":"alley","highway":"service","sidewalk":"unknown","lanes":0,"name":"도신로15라길","oneway":false},"geometry":{"type":"LineString","coordinates":[[126.89743,37.508],[126.89816,37.50731]]}},{"type":"Feature","properties":{"class":"minor","highway":"residential","sidewalk":"unknown","lanes":0,"name":"도신로19길","oneway":false},"geometry":{"type":"LineString","coordinates":[[126.89873,37.50761],[126.89879,37.50772],[126.89894,37.50779],[126.89924,37.50793],[126.89967,37.50812]]}},{"type":"Feature","properties":{"class":"minor","highway":"residential","sidewalk":"unknown","lanes":0,"name":"도신로15나길","oneway":false},"geometry":{"type":"LineString","coordinates":[[126.89849,37.50635],[126.89929,37.50674],[126.89955,37.50732],[126.8996,37.50742],[126.89924,37.50793]]}},{"type":"Feature","properties":{"class":"alley","highway":"service","sidewalk":"unknown","lanes":0,"name":"도신로15다길","oneway":false},"geometry":{"type":"LineString","coordinates":[[126.89854,37.50815],[126.89831,37.50786]]}},{"type":"Feature","properties":{"class":"alley","highway":"service","sidewalk":"unknown","lanes":0,"name":"도림로113나길","oneway":false},"geometry":{"type":"LineString","coordinates":[[126.89786,37.50891],[126.89785,37.50881],[126.89783,37.50864],[126.89787,37.50852],[126.89777,37.50834],[126.89828,37.50813],[126.89834,37.50823],[126.89839,37.50831],[126.89787,37.50852]]}},{"type":"Feature","properties":{"class":"minor","highway":"residential","sidewalk":"unknown","lanes":0,"name":"도신로19가길","oneway":false},"geometry":{"type":"LineString","coordinates":[[126.89955,37.50732],[126.90033,37.5071]]}},{"type":"Feature","properties":{"class":"minor","highway":"residential","sidewalk":"unknown","lanes":0,"name":"도림로","oneway":false},"geometry":{"type":"LineString","coordinates":[[126.89975,37.50799],[126.90013,37.50812],[126.90032,37.50822]]}},{"type":"Feature","properties":{"class":"minor","highway":"residential","sidewalk":"unknown","lanes":0,"name":"도영로7길","oneway":false},"geometry":{"type":"LineString","coordinates":[[126.89546,37.50981],[126.89495,37.50922],[126.89416,37.50868],[126.89422,37.5086],[126.8952,37.5082]]}},{"type":"Feature","properties":{"class":"alley","highway":"service","sidewalk":"unknown","lanes":0,"name":"도영로","oneway":false},"geometry":{"type":"LineString","coordinates":[[126.8958,37.50848],[126.89562,37.5087],[126.89494,37.50876]]}},{"type":"Feature","properties":{"class":"minor","highway":"residential","sidewalk":"unknown","lanes":0,"name":"도영로7길","oneway":false},"geometry":{"type":"LineString","coordinates":[[126.89521,37.51017],[126.89546,37.50981]]}},{"type":"Feature","properties":{"class":"alley","highway":"service","sidewalk":"unknown","lanes":0,"name":"","oneway":false},"geometry":{"type":"LineString","coordinates":[[126.89751,37.50946],[126.89733,37.50961],[126.89714,37.50989],[126.89703,37.50984],[126.89679,37.51014]]}},{"type":"Feature","properties":{"class":"alley","highway":"service","sidewalk":"unknown","lanes":0,"name":"도영로7가길","oneway":false},"geometry":{"type":"LineString","coordinates":[[126.89607,37.50899],[126.8961,37.50917],[126.89611,37.50933],[126.89619,37.50942],[126.89627,37.50953],[126.89624,37.50958],[126.89617,37.50969]]}},{"type":"Feature","properties":{"class":"minor","highway":"residential","sidewalk":"unknown","lanes":0,"name":"도림로115길","oneway":false},"geometry":{"type":"LineString","coordinates":[[126.89786,37.50891],[126.89795,37.50898],[126.89804,37.50906],[126.89816,37.50943],[126.89823,37.50966],[126.89829,37.50969],[126.89847,37.50966],[126.89856,37.50961],[126.89863,37.50961],[126.89881,37.50958],[126.89889,37.50959],[126.89917,37.50971]]}},{"type":"Feature","properties":{"class":"minor","highway":"residential","sidewalk":"no","lanes":0,"name":"도영로","oneway":false},"geometry":{"type":"LineString","coordinates":[[126.89785,37.5098],[126.89823,37.50966]]}},{"type":"Feature","properties":{"class":"minor","highway":"residential","sidewalk":"unknown","lanes":0,"name":"도림로113길","oneway":false},"geometry":{"type":"LineString","coordinates":[[126.89786,37.50891],[126.89792,37.50892],[126.89849,37.50882],[126.89871,37.50877],[126.89882,37.50871],[126.8989,37.50867],[126.89908,37.50864],[126.89921,37.50863],[126.89929,37.50864],[126.89932,37.50865],[126.89939,37.50868],[126.89947,37.50876],[126.89981,37.50893]]}},{"type":"Feature","properties":{"class":"minor","highway":"residential","sidewalk":"unknown","lanes":0,"name":"경인로88길","oneway":false},"geometry":{"type":"LineString","coordinates":[[126.89792,37.51202],[126.89832,37.5122],[126.89874,37.51238],[126.8998,37.51279],[126.90101,37.51336]]}},{"type":"Feature","properties":{"class":"minor","highway":"residential","sidewalk":"unknown","lanes":0,"name":"경인로78길","oneway":true},"geometry":{"type":"LineString","coordinates":[[126.89496,37.51077],[126.89595,37.51117],[126.89654,37.51137],[126.8967,37.51144],[126.89683,37.51152]]}},{"type":"Feature","properties":{"class":"minor","highway":"residential","sidewalk":"unknown","lanes":0,"name":"경인로82길","oneway":false},"geometry":{"type":"LineString","coordinates":[[126.89683,37.51152],[126.89747,37.51182],[126.89774,37.51193],[126.89792,37.51202]]}},{"type":"Feature","properties":{"class":"minor","highway":"residential","sidewalk":"unknown","lanes":0,"name":"경인로74길","oneway":true},"geometry":{"type":"LineString","coordinates":[[126.89395,37.51147],[126.8931,37.51104]]}},{"type":"Feature","properties":{"class":"minor","highway":"residential","sidewalk":"unknown","lanes":0,"name":"경인로78길","oneway":true},"geometry":{"type":"LineString","coordinates":[[126.89548,37.51204],[126.89445,37.51167],[126.89395,37.51147]]}},{"type":"Feature","properties":{"class":"minor","highway":"residential","sidewalk":"unknown","lanes":0,"name":"경인로80길","oneway":true},"geometry":{"type":"LineString","coordinates":[[126.89638,37.51235],[126.89578,37.51214],[126.89548,37.51204]]}},{"type":"Feature","properties":{"class":"minor","highway":"residential","sidewalk":"unknown","lanes":0,"name":"경인로74길","oneway":true},"geometry":{"type":"LineString","coordinates":[[126.89356,37.51047],[126.89429,37.51084]]}},{"type":"Feature","properties":{"class":"minor","highway":"residential","sidewalk":"unknown","lanes":0,"name":"도림로","oneway":false},"geometry":{"type":"LineString","coordinates":[[126.89932,37.50865],[126.89962,37.50854],[126.89992,37.50855],[126.90004,37.50862]]}},{"type":"Feature","properties":{"class":"minor","highway":"residential","sidewalk":"yes","lanes":0,"name":"도림로112길","oneway":false},"geometry":{"type":"LineString","coordinates":[[126.89981,37.50893],[126.90036,37.5092],[126.90049,37.50926]]}},{"type":"Feature","properties":{"class":"minor","highway":"residential","sidewalk":"yes","lanes":0,"name":"도영로20길","oneway":false},"geometry":{"type":"LineString","coordinates":[[126.89985,37.51179],[126.90033,37.511]]}},{"type":"Feature","properties":{"class":"minor","highway":"residential","sidewalk":"unknown","lanes":0,"name":"도신로","oneway":false},"geometry":{"type":"LineString","coordinates":[[126.89391,37.5028],[126.89369,37.50294],[126.89373,37.50325],[126.89376,37.50337],[126.89395,37.50427],[126.89401,37.50457],[126.89411,37.50508],[126.89423,37.50577],[126.89424,37.50605],[126.89425,37.50648],[126.89419,37.50698],[126.89412,37.50724],[126.89404,37.50754]]}},{"type":"Feature","properties":{"class":"minor","highway":"residential","sidewalk":"unknown","lanes":0,"name":"가마산로31길","oneway":false},"geometry":{"type":"LineString","coordinates":[[126.89404,37.49797],[126.89396,37.49871],[126.89382,37.4999],[126.89372,37.50082],[126.89366,37.50133],[126.89373,37.5021],[126.89375,37.50234]]}},{"type":"Feature","properties":{"class":"minor","highway":"residential","sidewalk":"unknown","lanes":0,"name":"대림로43길","oneway":false},"geometry":{"type":"LineString","coordinates":[[126.89482,37.50136],[126.89504,37.50148],[126.89511,37.50152],[126.89532,37.50162],[126.8956,37.50177],[126.89609,37.50202]]}},{"type":"Feature","properties":{"class":"minor","highway":"residential","sidewalk":"unknown","lanes":0,"name":"대림로41길","oneway":false},"geometry":{"type":"LineString","coordinates":[[126.89482,37.50136],[126.89521,37.5009],[126.89538,37.50069]]}},{"type":"Feature","properties":{"class":"minor","highway":"residential","sidewalk":"unknown","lanes":0,"name":"대림로41길","oneway":false},"geometry":{"type":"LineString","coordinates":[[126.89427,37.50108],[126.89482,37.50041]]}},{"type":"Feature","properties":{"class":"minor","highway":"residential","sidewalk":"unknown","lanes":0,"name":"대림로46길","oneway":false},"geometry":{"type":"LineString","coordinates":[[126.89677,37.50323],[126.8969,37.50311],[126.89751,37.50256]]}},{"type":"Feature","properties":{"class":"minor","highway":"residential","sidewalk":"unknown","lanes":0,"name":"가마산로46길","oneway":true},"geometry":{"type":"LineString","coordinates":[[126.9018,37.50079],[126.90142,37.50105],[126.90125,37.50118],[126.90119,37.50122],[126.90084,37.50147],[126.90061,37.50165],[126.90043,37.5018],[126.90037,37.50185],[126.89986,37.5023]]}},{"type":"Feature","properties":{"class":"alley","highway":"service","sidewalk":"unknown","lanes":0,"name":"","oneway":false},"geometry":{"type":"LineString","coordinates":[[126.89738,37.50448],[126.89768,37.50447],[126.898,37.50444]]}},{"type":"Feature","properties":{"class":"minor","highway":"residential","sidewalk":"unknown","lanes":0,"name":"가마산로46가길","oneway":true},"geometry":{"type":"LineString","coordinates":[[126.89964,37.5009],[126.89947,37.50071],[126.89931,37.50053],[126.89888,37.50003]]}},{"type":"Feature","properties":{"class":"minor","highway":"residential","sidewalk":"unknown","lanes":0,"name":"대림로34다길","oneway":true},"geometry":{"type":"LineString","coordinates":[[126.89951,37.49866],[126.89924,37.4993],[126.89896,37.49996],[126.89888,37.50003]]}},{"type":"Feature","properties":{"class":"alley","highway":"service","sidewalk":"unknown","lanes":0,"name":"대림로34나길","oneway":true},"geometry":{"type":"LineString","coordinates":[[126.89888,37.50003],[126.89864,37.49975],[126.89886,37.4992],[126.89916,37.49843]]}},{"type":"Feature","properties":{"class":"alley","highway":"service","sidewalk":"unknown","lanes":0,"name":"대림로34가길","oneway":true},"geometry":{"type":"LineString","coordinates":[[126.89895,37.49828],[126.89858,37.49913],[126.89829,37.49982],[126.89856,37.50021]]}},{"type":"Feature","properties":{"class":"minor","highway":"residential","sidewalk":"unknown","lanes":0,"name":"대림로34바길","oneway":false},"geometry":{"type":"LineString","coordinates":[[126.89964,37.5009],[126.90011,37.50064],[126.90042,37.50047],[126.90046,37.50044],[126.90085,37.50003],[126.90104,37.49976],[126.90105,37.49971]]}},{"type":"Feature","properties":{"class":"minor","highway":"residential","sidewalk":"unknown","lanes":0,"name":"새말로4길","oneway":false},"geometry":{"type":"LineString","coordinates":[[126.88366,37.50186],[126.88351,37.50132],[126.88358,37.50103],[126.88364,37.50046]]}},{"type":"Feature","properties":{"class":"minor","highway":"residential","sidewalk":"unknown","lanes":0,"name":"새말로6길","oneway":false},"geometry":{"type":"LineString","coordinates":[[126.884,37.50253],[126.88413,37.50235],[126.88405,37.50222],[126.88395,37.50206],[126.8839,37.50196],[126.88384,37.50183],[126.88361,37.50128]]}},{"type":"Feature","properties":{"class":"minor","highway":"residential","sidewalk":"unknown","lanes":0,"name":"새말로8길","oneway":false},"geometry":{"type":"LineString","coordinates":[[126.88451,37.5016],[126.88497,37.50217]]}},{"type":"Feature","properties":{"class":"minor","highway":"residential","sidewalk":"unknown","lanes":0,"name":"새말로8가길","oneway":false},"geometry":{"type":"LineString","coordinates":[[126.88416,37.50187],[126.88416,37.50181],[126.88407,37.50111]]}},{"type":"Feature","properties":{"class":"minor","highway":"residential","sidewalk":"unknown","lanes":0,"name":"구로중앙로32나길","oneway":false},"geometry":{"type":"LineString","coordinates":[[126.88579,37.50136],[126.88579,37.50152]]}},{"type":"Feature","properties":{"class":"minor","highway":"residential","sidewalk":"unknown","lanes":0,"name":"구로중앙로28길","oneway":false},"geometry":{"type":"LineString","coordinates":[[126.88684,37.50177],[126.88679,37.5014],[126.88678,37.50123],[126.88671,37.50101],[126.88646,37.50085],[126.88637,37.50064],[126.88648,37.50031],[126.88677,37.50026],[126.88696,37.5],[126.88725,37.49979],[126.88761,37.49954]]}},{"type":"Feature","properties":{"class":"alley","highway":"service","sidewalk":"unknown","lanes":0,"name":"","oneway":false},"geometry":{"type":"LineString","coordinates":[[126.88648,37.50031],[126.88629,37.50006]]}},{"type":"Feature","properties":{"class":"minor","highway":"residential","sidewalk":"unknown","lanes":0,"name":"공원로11가길","oneway":false},"geometry":{"type":"LineString","coordinates":[[126.88704,37.50267],[126.88729,37.50265],[126.88735,37.50239],[126.88746,37.50227],[126.88747,37.50216],[126.88745,37.50204],[126.88742,37.50198],[126.88741,37.50193],[126.88735,37.50184],[126.88715,37.50169],[126.88709,37.5016],[126.88701,37.50148]]}},{"type":"Feature","properties":{"class":"minor","highway":"residential","sidewalk":"unknown","lanes":0,"name":"공원로7길","oneway":false},"geometry":{"type":"LineString","coordinates":[[126.88742,37.50198],[126.88767,37.50171]]}},{"type":"Feature","properties":{"class":"minor","highway":"residential","sidewalk":"unknown","lanes":0,"name":"공원로7길","oneway":false},"geometry":{"type":"LineString","coordinates":[[126.88772,37.50301],[126.88843,37.50211]]}},{"type":"Feature","properties":{"class":"minor","highway":"residential","sidewalk":"unknown","lanes":0,"name":"구로중앙로28길","oneway":false},"geometry":{"type":"LineString","coordinates":[[126.88677,37.50026],[126.88675,37.50032],[126.88669,37.50049],[126.88668,37.50063],[126.88679,37.50077],[126.88682,37.50089],[126.88688,37.50104],[126.88693,37.50117],[126.88698,37.50121]]}},{"type":"Feature","properties":{"class":"major","highway":"secondary","sidewalk":"likely","lanes":0,"name":"공원로6길","oneway":false},"geometry":{"type":"LineString","coordinates":[[126.89154,37.50155],[126.89176,37.50129],[126.89241,37.50054]]}},{"type":"Feature","properties":{"class":"minor","highway":"residential","sidewalk":"unknown","lanes":0,"name":"새말로18길","oneway":false},"geometry":{"type":"LineString","coordinates":[[126.89118,37.505],[126.89124,37.50503],[126.89142,37.50512],[126.89163,37.50523],[126.89188,37.50535],[126.89208,37.50545],[126.89214,37.50549],[126.89236,37.5056],[126.89275,37.5058]]}},{"type":"Feature","properties":{"class":"minor","highway":"residential","sidewalk":"unknown","lanes":0,"name":"경인로62길","oneway":false},"geometry":{"type":"LineString","coordinates":[[126.88433,37.5062],[126.88441,37.50612],[126.88462,37.50592],[126.88466,37.50586],[126.88468,37.50584],[126.8848,37.5057],[126.885,37.50553]]}},{"type":"Feature","properties":{"class":"major","highway":"secondary","sidewalk":"likely","lanes":0,"name":"공원로","oneway":false},"geometry":{"type":"LineString","coordinates":[[126.88686,37.50531],[126.88776,37.50434]]}},{"type":"Feature","properties":{"class":"major","highway":"secondary","sidewalk":"likely","lanes":0,"name":"공원로","oneway":false},"geometry":{"type":"LineString","coordinates":[[126.8859,37.50636],[126.88686,37.50531]]}},{"type":"Feature","properties":{"class":"minor","highway":"residential","sidewalk":"unknown","lanes":0,"name":"경인로62길","oneway":false},"geometry":{"type":"LineString","coordinates":[[126.88487,37.50657],[126.88494,37.50648],[126.88507,37.5063],[126.8851,37.50624],[126.88513,37.50618],[126.88517,37.50599],[126.88535,37.50588],[126.8855,37.50579]]}},{"type":"Feature","properties":{"class":"minor","highway":"residential","sidewalk":"unknown","lanes":0,"name":"경인로62길","oneway":false},"geometry":{"type":"LineString","coordinates":[[126.8851,37.50624],[126.88497,37.50616],[126.88479,37.50599],[126.88466,37.50586]]}},{"type":"Feature","properties":{"class":"minor","highway":"residential","sidewalk":"unknown","lanes":0,"name":"","oneway":true},"geometry":{"type":"LineString","coordinates":[[126.88623,37.50626],[126.88586,37.50666],[126.88571,37.50684],[126.88569,37.50694],[126.8857,37.50702],[126.8857,37.50706],[126.88572,37.50721]]}},{"type":"Feature","properties":{"class":"minor","highway":"residential","sidewalk":"unknown","lanes":0,"name":"","oneway":false},"geometry":{"type":"LineString","coordinates":[[126.88506,37.50662],[126.88523,37.5067],[126.88528,37.50669],[126.88536,37.50668],[126.88543,37.50667],[126.88594,37.50609]]}},{"type":"Feature","properties":{"class":"alley","highway":"service","sidewalk":"unknown","lanes":0,"name":"도영로","oneway":false},"geometry":{"type":"LineString","coordinates":[[126.89751,37.50946],[126.89772,37.50931],[126.8979,37.50927]]}},{"type":"Feature","properties":{"class":"alley","highway":"service","sidewalk":"unknown","lanes":0,"name":"도림로113길","oneway":false},"geometry":{"type":"LineString","coordinates":[[126.89772,37.50931],[126.8977,37.50887]]}},{"type":"Feature","properties":{"class":"alley","highway":"service","sidewalk":"unknown","lanes":0,"name":"도림로113나길","oneway":false},"geometry":{"type":"LineString","coordinates":[[126.89785,37.50881],[126.89874,37.50855]]}},{"type":"Feature","properties":{"class":"alley","highway":"service","sidewalk":"unknown","lanes":0,"name":"","oneway":false},"geometry":{"type":"LineString","coordinates":[[126.88439,37.51214],[126.88454,37.51216],[126.88459,37.51215],[126.88462,37.51223],[126.88486,37.51218],[126.8847,37.51164],[126.88417,37.51177]]}},{"type":"Feature","properties":{"class":"alley","highway":"pedestrian","sidewalk":"unknown","lanes":0,"name":"","oneway":false},"geometry":{"type":"LineString","coordinates":[[126.8838,37.51205],[126.88392,37.51237],[126.88396,37.51236]]}},{"type":"Feature","properties":{"class":"major","highway":"primary","sidewalk":"likely","lanes":0,"name":"도림천로","oneway":true},"geometry":{"type":"LineString","coordinates":[[126.88169,37.51623],[126.88182,37.51619],[126.8822,37.51611]]}},{"type":"Feature","properties":{"class":"major","highway":"tertiary","sidewalk":"likely","lanes":0,"name":"문래로","oneway":false},"geometry":{"type":"LineString","coordinates":[[126.89838,37.51867],[126.8982,37.51868],[126.89669,37.51883],[126.89529,37.51896],[126.89501,37.51902]]}},{"type":"Feature","properties":{"class":"major","highway":"tertiary","sidewalk":"likely","lanes":0,"name":"문래로","oneway":false},"geometry":{"type":"LineString","coordinates":[[126.90123,37.51847],[126.90116,37.51849],[126.90109,37.5185],[126.90103,37.5185],[126.90097,37.51849],[126.90089,37.51848],[126.90078,37.51847],[126.90063,37.51846],[126.90043,37.51848],[126.89962,37.51856],[126.8995,37.51857],[126.89946,37.51858]]}},{"type":"Feature","properties":{"class":"major","highway":"secondary_link","sidewalk":"yes","lanes":2,"name":"도림로","oneway":true},"geometry":{"type":"LineString","coordinates":[[126.89974,37.50906],[126.89963,37.50938],[126.89923,37.51005],[126.89895,37.5105],[126.89876,37.51075]]}},{"type":"Feature","properties":{"class":"major","highway":"secondary_link","sidewalk":"yes","lanes":0,"name":"도림로","oneway":true},"geometry":{"type":"LineString","coordinates":[[126.89859,37.51061],[126.89872,37.51042],[126.89898,37.51],[126.89917,37.50971],[126.89943,37.50931],[126.89974,37.50906]]}},{"type":"Feature","properties":{"class":"major","highway":"primary","sidewalk":"likely","lanes":0,"name":"경인로","oneway":true},"geometry":{"type":"LineString","coordinates":[[126.89012,37.51018],[126.88967,37.50996],[126.88874,37.50951],[126.88839,37.50931]]}},{"type":"Feature","properties":{"class":"major","highway":"primary","sidewalk":"likely","lanes":0,"name":"경인로","oneway":false},"geometry":{"type":"LineString","coordinates":[[126.88534,37.50695],[126.88572,37.50721],[126.88579,37.50726],[126.88609,37.50748],[126.88642,37.50772],[126.88657,37.50782],[126.8873,37.50839]]}},{"type":"Feature","properties":{"class":"major","highway":"secondary_link","sidewalk":"likely","lanes":0,"name":"","oneway":true},"geometry":{"type":"LineString","coordinates":[[126.8859,37.50636],[126.8858,37.50654],[126.88572,37.5067],[126.88566,37.50679],[126.88562,37.50691],[126.88563,37.50697],[126.8857,37.50702]]}},{"type":"Feature","properties":{"class":"alley","highway":"pedestrian","sidewalk":"unknown","lanes":0,"name":"","oneway":false},"geometry":{"type":"LineString","coordinates":[[126.88329,37.51251],[126.88331,37.51258]]}},{"type":"Feature","properties":{"class":"alley","highway":"pedestrian","sidewalk":"unknown","lanes":0,"name":"","oneway":false},"geometry":{"type":"LineString","coordinates":[[126.88396,37.51236],[126.88329,37.51251]]}},{"type":"Feature","properties":{"class":"major","highway":"tertiary","sidewalk":"likely","lanes":0,"name":"신도림로","oneway":false},"geometry":{"type":"LineString","coordinates":[[126.88346,37.51017],[126.88273,37.50965]]}},{"type":"Feature","properties":{"class":"major","highway":"tertiary","sidewalk":"likely","lanes":0,"name":"경인로67길","oneway":true},"geometry":{"type":"LineString","coordinates":[[126.88315,37.51407],[126.88382,37.51374],[126.88501,37.51318],[126.88566,37.51288],[126.88573,37.51286],[126.88592,37.51279],[126.88627,37.51267],[126.8867,37.51254]]}},{"type":"Feature","properties":{"class":"major","highway":"primary","sidewalk":"likely","lanes":6,"name":"도림천로","oneway":false},"geometry":{"type":"LineString","coordinates":[[126.88313,37.51585],[126.88329,37.51579],[126.88345,37.51574],[126.88393,37.51554],[126.88441,37.51531],[126.88497,37.51503],[126.88528,37.51487],[126.88571,37.51466],[126.8868,37.51415],[126.88964,37.51278],[126.89,37.51258]]}},{"type":"Feature","properties":{"class":"major","highway":"primary_link","sidewalk":"likely","lanes":0,"name":"","oneway":true},"geometry":{"type":"LineString","coordinates":[[126.8868,37.51415],[126.88712,37.51384],[126.88829,37.51328],[126.88888,37.513],[126.88944,37.51272],[126.88986,37.51247],[126.89137,37.51157]]}},{"type":"Feature","properties":{"class":"major","highway":"secondary","sidewalk":"likely","lanes":0,"name":"경인로77가길","oneway":true},"geometry":{"type":"LineString","coordinates":[[126.89137,37.51157],[126.89154,37.51133],[126.89171,37.5111],[126.89188,37.51097]]}},{"type":"Feature","properties":{"class":"major","highway":"primary","sidewalk":"likely","lanes":0,"name":"도림천로","oneway":true},"geometry":{"type":"LineString","coordinates":[[126.89391,37.4979],[126.89374,37.49915],[126.89351,37.50087],[126.89342,37.50144],[126.89346,37.50214]]}},{"type":"Feature","properties":{"class":"minor","highway":"residential","sidewalk":"unknown","lanes":0,"name":"신도림로17길","oneway":false},"geometry":{"type":"LineString","coordinates":[[126.88195,37.51039],[126.88273,37.50965]]}},{"type":"Feature","properties":{"class":"major","highway":"tertiary","sidewalk":"likely","lanes":0,"name":"신도림로","oneway":false},"geometry":{"type":"LineString","coordinates":[[126.88273,37.50965],[126.88179,37.50899],[126.88162,37.50887],[126.88041,37.50803]]}},{"type":"Feature","properties":{"class":"major","highway":"tertiary","sidewalk":"likely","lanes":0,"name":"경인로67길","oneway":false},"geometry":{"type":"LineString","coordinates":[[126.88938,37.51113],[126.88922,37.51126],[126.88906,37.51138],[126.88894,37.51146],[126.88878,37.51158],[126.88862,37.51169],[126.88842,37.51181],[126.88823,37.51191],[126.88803,37.51202],[126.88771,37.51216],[126.88708,37.51241],[126.88704,37.51243],[126.8867,37.51254]]}},{"type":"Feature","properties":{"class":"minor","highway":"residential","sidewalk":"unknown","lanes":0,"name":"경인로65길","oneway":false},"geometry":{"type":"LineString","coordinates":[[126.88643,37.50896],[126.88662,37.50886],[126.88713,37.50857],[126.8873,37.50839]]}},{"type":"Feature","properties":{"class":"major","highway":"primary","sidewalk":"likely","lanes":0,"name":"경인로","oneway":true},"geometry":{"type":"LineString","coordinates":[[126.88358,37.50583],[126.8834,37.50572],[126.88259,37.50509],[126.88254,37.50495]]}},{"type":"Feature","properties":{"class":"major","highway":"tertiary","sidewalk":"likely","lanes":0,"name":"신도림로","oneway":false},"geometry":{"type":"LineString","coordinates":[[126.88041,37.50803],[126.88006,37.50778],[126.87984,37.50763],[126.87961,37.50747],[126.87948,37.50738],[126.8792,37.50719],[126.87908,37.5071],[126.87886,37.50695],[126.87877,37.50689],[126.87832,37.50659],[126.87778,37.50623],[126.87751,37.50605],[126.8772,37.50584],[126.87679,37.50557]]}},{"type":"Feature","properties":{"class":"major","highway":"tertiary","sidewalk":"likely","lanes":0,"name":"구로중앙로28길","oneway":false},"geometry":{"type":"LineString","coordinates":[[126.88933,37.50044],[126.8902,37.50089]]}},{"type":"Feature","properties":{"class":"major","highway":"primary_link","sidewalk":"likely","lanes":0,"name":"경인로","oneway":true},"geometry":{"type":"LineString","coordinates":[[126.88046,37.50333],[126.88132,37.50394],[126.88151,37.50408]]}},{"type":"Feature","properties":{"class":"major","highway":"tertiary","sidewalk":"likely","lanes":0,"name":"문래로","oneway":false},"geometry":{"type":"LineString","coordinates":[[126.89946,37.51858],[126.89933,37.51859],[126.89927,37.5186],[126.89849,37.51866],[126.89838,37.51867]]}},{"type":"Feature","properties":{"class":"major","highway":"tertiary","sidewalk":"likely","lanes":0,"name":"경인로77길","oneway":false},"geometry":{"type":"LineString","coordinates":[[126.89195,37.51319],[126.89176,37.51327],[126.89139,37.51345],[126.89136,37.51347],[126.8913,37.51349],[126.89056,37.51382],[126.89038,37.5139],[126.88953,37.51431],[126.88924,37.51445],[126.88842,37.51483],[126.88811,37.51498],[126.88784,37.51511]]}},{"type":"Feature","properties":{"class":"major","highway":"secondary","sidewalk":"yes","lanes":7,"name":"당산로","oneway":false},"geometry":{"type":"LineString","coordinates":[[126.89464,37.51727],[126.89487,37.5184],[126.89496,37.51883],[126.89501,37.51902],[126.89506,37.51922],[126.89532,37.52007],[126.89536,37.52018]]}},{"type":"Feature","properties":{"class":"minor","highway":"residential","sidewalk":"unknown","lanes":0,"name":"당산로4길","oneway":false},"geometry":{"type":"LineString","coordinates":[[126.89922,37.51685],[126.90064,37.51674]]}},{"type":"Feature","properties":{"class":"minor","highway":"residential","sidewalk":"unknown","lanes":0,"name":"문래로28길","oneway":false},"geometry":{"type":"LineString","coordinates":[[126.89922,37.51685],[126.89901,37.51553]]}},{"type":"Feature","properties":{"class":"major","highway":"tertiary","sidewalk":"likely","lanes":6,"name":"대림로","oneway":false},"geometry":{"type":"LineString","coordinates":[[126.89772,37.49994],[126.89757,37.50029],[126.89754,37.50034],[126.89747,37.50051],[126.89741,37.50064],[126.89707,37.5014],[126.89696,37.50165],[126.89669,37.50229],[126.89648,37.50277],[126.89644,37.50288],[126.89633,37.50315],[126.89621,37.5034],[126.89616,37.50352],[126.89599,37.50391]]}},{"type":"Feature","properties":{"class":"major","highway":"secondary","sidewalk":"likely","lanes":0,"name":"가마산로","oneway":false},"geometry":{"type":"LineString","coordinates":[[126.89772,37.49994],[126.89807,37.5002],[126.89819,37.50032],[126.89824,37.50038],[126.89885,37.50114],[126.89896,37.50126],[126.89899,37.5013],[126.89969,37.5021],[126.89986,37.5023],[126.90027,37.50277],[126.90037,37.50287],[126.90046,37.50296],[126.90052,37.50301],[126.90063,37.50311],[126.9007,37.50315],[126.90076,37.50318],[126.9009,37.50325],[126.90094,37.50327],[126.90119,37.50338],[126.90158,37.50355],[126.90161,37.50356],[126.9023,37.50386],[126.90307,37.5042]]}},{"type":"Feature","properties":{"class":"major","highway":"secondary","sidewalk":"likely","lanes":0,"name":"도림로","oneway":false},"geometry":{"type":"LineString","coordinates":[[126.90138,37.50672],[126.90115,37.50705],[126.90108,37.50715],[126.9006,37.50782],[126.90032,37.50822],[126.90004,37.50862],[126.89994,37.50876],[126.89981,37.50893],[126.89974,37.50906]]}},{"type":"Feature","properties":{"class":"major","highway":"tertiary","sidewalk":"likely","lanes":4,"name":"새말로","oneway":false},"geometry":{"type":"LineString","coordinates":[[126.8924,37.50678],[126.89301,37.50707],[126.89303,37.50708]]}},{"type":"Feature","properties":{"class":"alley","highway":"service","sidewalk":"unknown","lanes":0,"name":"","oneway":true},"geometry":{"type":"LineString","coordinates":[[126.89226,37.50695],[126.89227,37.50699],[126.89227,37.50707],[126.89184,37.50764]]}},{"type":"Feature","properties":{"class":"major","highway":"tertiary","sidewalk":"likely","lanes":0,"name":"새말로","oneway":false},"geometry":{"type":"LineString","coordinates":[[126.88776,37.50434],[126.88791,37.50442],[126.88814,37.50454],[126.88857,37.50477],[126.88884,37.50491],[126.89003,37.50554],[126.89028,37.50567],[126.89052,37.50579],[126.89066,37.50586],[126.89156,37.50634],[126.89159,37.50635],[126.89224,37.50669],[126.8924,37.50678]]}},{"type":"Feature","properties":{"class":"major","highway":"secondary","sidewalk":"likely","lanes":0,"name":"도신로","oneway":false},"geometry":{"type":"LineString","coordinates":[[126.89599,37.50391],[126.89616,37.50402],[126.89626,37.5041],[126.89656,37.50444],[126.89684,37.50464],[126.89703,37.50476],[126.8972,37.50485],[126.89722,37.50486],[126.89743,37.50496],[126.89771,37.5051],[126.89795,37.50522]]}},{"type":"Feature","properties":{"class":"major","highway":"secondary","sidewalk":"likely","lanes":0,"name":"도신로","oneway":false},"geometry":{"type":"LineString","coordinates":[[126.89391,37.5028],[126.89429,37.50299],[126.89542,37.50361],[126.89554,37.50367],[126.89599,37.50391]]}},{"type":"Feature","properties":{"class":"major","highway":"secondary","sidewalk":"likely","lanes":0,"name":"도림로","oneway":false},"geometry":{"type":"LineString","coordinates":[[126.89392,37.51476],[126.89376,37.51484],[126.89339,37.51503],[126.8921,37.51565],[126.89199,37.5157],[126.89193,37.51573],[126.89181,37.51579],[126.8917,37.51584],[126.89156,37.51591],[126.89067,37.51633],[126.89058,37.51637],[126.88953,37.51688],[126.88949,37.5169],[126.88919,37.51704],[126.889,37.51713],[126.88881,37.51722]]}},{"type":"Feature","properties":{"class":"major","highway":"primary","sidewalk":"likely","lanes":0,"name":"대방천로","oneway":false},"geometry":{"type":"LineString","coordinates":[[126.89795,37.50522],[126.89737,37.50578],[126.89733,37.50582]]}},{"type":"Feature","properties":{"class":"major","highway":"secondary","sidewalk":"likely","lanes":0,"name":"도신로","oneway":false},"geometry":{"type":"LineString","coordinates":[[126.89795,37.50522],[126.89825,37.50536],[126.89899,37.5057],[126.89915,37.50577],[126.90005,37.50615],[126.90077,37.50646],[126.90138,37.50672]]}},{"type":"Feature","properties":{"class":"major","highway":"primary_link","sidewalk":"likely","lanes":0,"name":"","oneway":true},"geometry":{"type":"LineString","coordinates":[[126.89479,37.50795],[126.89578,37.50711],[126.89703,37.50595],[126.89733,37.50582]]}},{"type":"Feature","properties":{"class":"major","highway":"tertiary","sidewalk":"yes","lanes":4,"name":"도영로","oneway":false},"geometry":{"type":"LineString","coordinates":[[126.89479,37.50795],[126.89484,37.50798],[126.89496,37.50806],[126.8952,37.5082],[126.8958,37.50848],[126.8961,37.50861],[126.89628,37.5087],[126.89643,37.50878],[126.89681,37.50898],[126.89715,37.50918],[126.89751,37.50946],[126.89785,37.5098],[126.89796,37.50991],[126.89817,37.51014],[126.89859,37.51061]]}},{"type":"Feature","properties":{"class":"major","highway":"primary_link","sidewalk":"likely","lanes":0,"name":"","oneway":true},"geometry":{"type":"LineString","coordinates":[[126.89733,37.50582],[126.89723,37.50606],[126.89592,37.50724],[126.89515,37.50791],[126.89496,37.50806]]}},{"type":"Feature","properties":{"class":"major","highway":"primary","sidewalk":"likely","lanes":0,"name":"대방천로","oneway":false},"geometry":{"type":"LineString","coordinates":[[126.90541,37.49968],[126.90526,37.4997],[126.90512,37.49973],[126.90476,37.49979],[126.90459,37.49983],[126.90431,37.49991],[126.904,37.50006],[126.90383,37.50014],[126.90376,37.50019],[126.90359,37.50035],[126.90309,37.50075],[126.90293,37.50088],[126.9029,37.50091],[126.90214,37.50153],[126.90137,37.50219],[126.90046,37.50296],[126.89949,37.50384],[126.89888,37.50439],[126.89795,37.50522]]}},{"type":"Feature","properties":{"class":"major","highway":"tertiary","sidewalk":"yes","lanes":4,"name":"도영로","oneway":false},"geometry":{"type":"LineString","coordinates":[[126.89876,37.51075],[126.89901,37.511],[126.89969,37.51172],[126.89985,37.51179],[126.9007,37.51212],[126.90261,37.51291]]}},{"type":"Feature","properties":{"class":"alley","highway":"pedestrian","sidewalk":"unknown","lanes":0,"name":"새말로","oneway":false},"geometry":{"type":"LineString","coordinates":[[126.89195,37.50859],[126.8922,37.50831],[126.89246,37.50799],[126.89268,37.50763],[126.89278,37.50744],[126.89291,37.5072],[126.89301,37.50707]]}},{"type":"Feature","properties":{"class":"major","highway":"tertiary","sidewalk":"likely","lanes":0,"name":"새말로20길","oneway":false},"geometry":{"type":"LineString","coordinates":[[126.89301,37.50707],[126.89306,37.50695],[126.89314,37.50644],[126.89318,37.50593],[126.89318,37.50536],[126.89315,37.50488],[126.89281,37.5031]]}},{"type":"Feature","properties":{"class":"alley","highway":"service","sidewalk":"unknown","lanes":0,"name":"","oneway":true},"geometry":{"type":"LineString","coordinates":[[126.89227,37.50699],[126.89197,37.50721],[126.89172,37.50755],[126.8917,37.50757],[126.89167,37.50758],[126.89163,37.50758],[126.8916,37.50757],[126.89158,37.50756],[126.89157,37.50754],[126.89156,37.50752],[126.89156,37.50749],[126.89179,37.50713],[126.89183,37.50711],[126.89198,37.50705]]}},{"type":"Feature","properties":{"class":"alley","highway":"service","sidewalk":"unknown","lanes":0,"name":"","oneway":true},"geometry":{"type":"LineString","coordinates":[[126.89179,37.50713],[126.89184,37.50712],[126.89187,37.50712],[126.8919,37.50712],[126.89193,37.50714],[126.89195,37.50716],[126.89197,37.50718],[126.89197,37.50721]]}},{"type":"Feature","properties":{"class":"major","highway":"secondary","sidewalk":"likely","lanes":0,"name":"도신로","oneway":false},"geometry":{"type":"LineString","coordinates":[[126.89284,37.5029],[126.89287,37.50283],[126.89293,37.50274],[126.89303,37.50265],[126.89313,37.5026],[126.89319,37.50258],[126.8933,37.50255],[126.89343,37.50258],[126.89359,37.50263]]}},{"type":"Feature","properties":{"class":"minor","highway":"residential","sidewalk":"unknown","lanes":0,"name":"","oneway":true},"geometry":{"type":"LineString","coordinates":[[126.89335,37.50306],[126.89371,37.50334]]}},{"type":"Feature","properties":{"class":"major","highway":"tertiary","sidewalk":"likely","lanes":0,"name":"새말로20길","oneway":true},"geometry":{"type":"LineString","coordinates":[[126.89281,37.5031],[126.89274,37.50297],[126.89263,37.50228],[126.89266,37.50211]]}},{"type":"Feature","properties":{"class":"major","highway":"secondary","sidewalk":"likely","lanes":0,"name":"구로중앙로","oneway":true},"geometry":{"type":"LineString","coordinates":[[126.88169,37.50126],[126.88208,37.50094]]}},{"type":"Feature","properties":{"class":"major","highway":"primary_link","sidewalk":"likely","lanes":0,"name":"서부간선로","oneway":true},"geometry":{"type":"LineString","coordinates":[[126.88198,37.51638],[126.88199,37.51635],[126.882,37.51632],[126.88201,37.51628],[126.88204,37.51625],[126.88207,37.51622],[126.8822,37.51611]]}},{"type":"Feature","properties":{"class":"minor","highway":"residential","sidewalk":"unknown","lanes":0,"name":"선유로13길","oneway":false},"geometry":{"type":"LineString","coordinates":[[126.88356,37.51986],[126.88471,37.51969],[126.88481,37.51968],[126.88488,37.51967],[126.88588,37.51952],[126.88698,37.51936],[126.88809,37.51919],[126.88911,37.51904],[126.88926,37.51902]]}},{"type":"Feature","properties":{"class":"major","highway":"primary_link","sidewalk":"likely","lanes":0,"name":"","oneway":true},"geometry":{"type":"LineString","coordinates":[[126.88904,37.51334],[126.88868,37.51353],[126.88809,37.51378],[126.88792,37.51391]]}},{"type":"Feature","properties":{"class":"major","highway":"primary","sidewalk":"likely","lanes":7,"name":"도림천로","oneway":false},"geometry":{"type":"LineString","coordinates":[[126.89,37.51258],[126.89011,37.51251],[126.89032,37.51235],[126.8905,37.51221],[126.89066,37.51206],[126.89098,37.5117]]}},{"type":"Feature","properties":{"class":"minor","highway":"residential","sidewalk":"unknown","lanes":0,"name":"새말로12길","oneway":true},"geometry":{"type":"LineString","coordinates":[[126.88584,37.50318],[126.88595,37.50302],[126.88607,37.50286]]}},{"type":"Feature","properties":{"class":"minor","highway":"residential","sidewalk":"unknown","lanes":0,"name":"새말로12길","oneway":false},"geometry":{"type":"LineString","coordinates":[[126.88607,37.50286],[126.88629,37.50253],[126.8866,37.5021],[126.88684,37.50177],[126.88701,37.50148],[126.88708,37.5014]]}},{"type":"Feature","properties":{"class":"minor","highway":"residential","sidewalk":"unknown","lanes":0,"name":"새말로12길","oneway":true},"geometry":{"type":"LineString","coordinates":[[126.88597,37.5029],[126.88616,37.50258],[126.88629,37.50253]]}},{"type":"Feature","properties":{"class":"minor","highway":"residential","sidewalk":"unknown","lanes":0,"name":"새말로12길","oneway":true},"geometry":{"type":"LineString","coordinates":[[126.88629,37.50253],[126.88629,37.50263],[126.88606,37.50299]]}},{"type":"Feature","properties":{"class":"major","highway":"primary_link","sidewalk":"likely","lanes":0,"name":"","oneway":true},"geometry":{"type":"LineString","coordinates":[[126.89783,37.5134],[126.89735,37.51344],[126.89697,37.51345],[126.89667,37.51346]]}},{"type":"Feature","properties":{"class":"minor","highway":"residential","sidewalk":"unknown","lanes":0,"name":"도림천로","oneway":true},"geometry":{"type":"LineString","coordinates":[[126.89275,37.50055],[126.89284,37.50008],[126.89307,37.49872],[126.89307,37.49867],[126.89305,37.49861],[126.89299,37.49855],[126.89288,37.4985]]}},{"type":"Feature","properties":{"class":"minor","highway":"residential","sidewalk":"unknown","lanes":0,"name":"가마산로46가길","oneway":false},"geometry":{"type":"LineString","coordinates":[[126.89964,37.5009],[126.90043,37.5018]]}},{"type":"Feature","properties":{"class":"minor","highway":"residential","sidewalk":"unknown","lanes":0,"name":"대림로40길","oneway":true},"geometry":{"type":"LineString","coordinates":[[126.89841,37.50176],[126.89872,37.50212],[126.89888,37.50231],[126.89903,37.50248],[126.89919,37.50265],[126.89933,37.50282]]}},{"type":"Feature","properties":{"class":"minor","highway":"residential","sidewalk":"unknown","lanes":0,"name":"가마산로41길","oneway":false},"geometry":{"type":"LineString","coordinates":[[126.89841,37.50176],[126.89863,37.50156],[126.89899,37.5013]]}},{"type":"Feature","properties":{"class":"minor","highway":"residential","sidewalk":"unknown","lanes":0,"name":"대림로","oneway":false},"geometry":{"type":"LineString","coordinates":[[126.89584,37.5026],[126.89648,37.50277]]}},{"type":"Feature","properties":{"class":"minor","highway":"residential","sidewalk":"unknown","lanes":0,"name":"도신로4길","oneway":false},"geometry":{"type":"LineString","coordinates":[[126.89643,37.50122],[126.89686,37.50019]]}},{"type":"Feature","properties":{"class":"minor","highway":"residential","sidewalk":"unknown","lanes":0,"name":"대림로41길","oneway":false},"geometry":{"type":"LineString","coordinates":[[126.89643,37.50122],[126.89707,37.5014]]}},{"type":"Feature","properties":{"class":"minor","highway":"residential","sidewalk":"unknown","lanes":0,"name":"","oneway":true},"geometry":{"type":"LineString","coordinates":[[126.89728,37.51313],[126.89723,37.51301],[126.89722,37.51296],[126.89723,37.51293],[126.89725,37.51288],[126.89728,37.51279]]}},{"type":"Feature","properties":{"class":"major","highway":"primary_link","sidewalk":"likely","lanes":0,"name":"","oneway":true},"geometry":{"type":"LineString","coordinates":[[126.89674,37.51342],[126.89677,37.51337],[126.89678,37.51331],[126.89679,37.51327],[126.89679,37.51321],[126.89678,37.51314],[126.89676,37.51307],[126.89673,37.51303]]}},{"type":"Feature","properties":{"class":"minor","highway":"residential","sidewalk":"unknown","lanes":0,"name":"경인로66길","oneway":false},"geometry":{"type":"LineString","coordinates":[[126.88823,37.50746],[126.88737,37.50691],[126.88665,37.50647],[126.88623,37.50626],[126.88611,37.50619],[126.88594,37.50609],[126.88595,37.50605],[126.88575,37.50593],[126.8855,37.50579],[126.88548,37.50577],[126.885,37.50553],[126.88453,37.50529],[126.88445,37.50525],[126.88425,37.50521],[126.88366,37.5049],[126.88348,37.50511]]}},{"type":"Feature","properties":{"class":"minor","highway":"residential","sidewalk":"unknown","lanes":0,"name":"가마산로41길","oneway":false},"geometry":{"type":"LineString","coordinates":[[126.89751,37.50256],[126.89817,37.50197],[126.89841,37.50176]]}},{"type":"Feature","properties":{"class":"alley","highway":"service","sidewalk":"unknown","lanes":0,"name":"대림로41길","oneway":false},"geometry":{"type":"LineString","coordinates":[[126.89456,37.50123],[126.8951,37.50055]]}},{"type":"Feature","properties":{"class":"alley","highway":"service","sidewalk":"unknown","lanes":0,"name":"도신로8가길","oneway":false},"geometry":{"type":"LineString","coordinates":[[126.89713,37.50439],[126.89739,37.50438]]}},{"type":"Feature","properties":{"class":"minor","highway":"residential","sidewalk":"unknown","lanes":0,"name":"경인로68길","oneway":false},"geometry":{"type":"LineString","coordinates":[[126.89153,37.50941],[126.89135,37.50932],[126.89116,37.5093],[126.89083,37.50918],[126.89072,37.50901],[126.89021,37.50874],[126.88823,37.50746]]}},{"type":"Feature","properties":{"class":"alley","highway":"service","sidewalk":"unknown","lanes":0,"name":"경인로54길","oneway":false},"geometry":{"type":"LineString","coordinates":[[126.87913,37.50116],[126.87942,37.50142],[126.88014,37.50202],[126.88041,37.50218]]}},{"type":"Feature","properties":{"class":"minor","highway":"residential","sidewalk":"unknown","lanes":0,"name":"","oneway":false},"geometry":{"type":"LineString","coordinates":[[126.88403,37.50192],[126.88416,37.50187]]}},{"type":"Feature","properties":{"class":"alley","highway":"service","sidewalk":"unknown","lanes":0,"name":"구로중앙로32다길","oneway":false},"geometry":{"type":"LineString","coordinates":[[126.88587,37.50199],[126.8861,37.50218]]}},{"type":"Feature","properties":{"class":"alley","highway":"service","sidewalk":"unknown","lanes":0,"name":"신도림로","oneway":false},"geometry":{"type":"LineString","coordinates":[[126.87948,37.50738],[126.87953,37.50733],[126.87955,37.50731],[126.88022,37.50667]]}},{"type":"Feature","properties":{"class":"minor","highway":"residential","sidewalk":"unknown","lanes":0,"name":"","oneway":false},"geometry":{"type":"LineString","coordinates":[[126.88081,37.50996],[126.88107,37.51079],[126.88122,37.51136]]}},{"type":"Feature","properties":{"class":"alley","highway":"service","sidewalk":"unknown","lanes":0,"name":"신도림로","oneway":false},"geometry":{"type":"LineString","coordinates":[[126.88506,37.51134],[126.88515,37.51131],[126.88522,37.51129],[126.88621,37.51103]]}},{"type":"Feature","properties":{"class":"minor","highway":"residential","sidewalk":"unknown","lanes":0,"name":"","oneway":true},"geometry":{"type":"LineString","coordinates":[[126.89371,37.50334],[126.89376,37.50337]]}},{"type":"Feature","properties":{"class":"alley","highway":"service","sidewalk":"unknown","lanes":0,"name":"","oneway":false},"geometry":{"type":"LineString","coordinates":[[126.89243,37.51703],[126.89247,37.51803],[126.8935,37.51801],[126.89348,37.51774],[126.8933,37.51774],[126.89329,37.51736],[126.89268,37.51736],[126.89267,37.51721]]}},{"type":"Feature","properties":{"class":"alley","highway":"service","sidewalk":"unknown","lanes":0,"name":"","oneway":false},"geometry":{"type":"LineString","coordinates":[[126.8923,37.51703],[126.89233,37.51808],[126.89192,37.51809],[126.89198,37.51938],[126.89199,37.51948]]}},{"type":"Feature","properties":{"class":"major","highway":"primary_link","sidewalk":"likely","lanes":0,"name":"","oneway":true},"geometry":{"type":"LineString","coordinates":[[126.88002,37.50327],[126.87988,37.50325],[126.87983,37.50325],[126.87979,37.50325],[126.8797,37.50326],[126.87959,37.50327],[126.87949,37.50329]]}},{"type":"Feature","properties":{"class":"major","highway":"primary_link","sidewalk":"likely","lanes":0,"name":"","oneway":true},"geometry":{"type":"LineString","coordinates":[[126.88017,37.50279],[126.88015,37.50286],[126.88013,37.50292],[126.88013,37.50299],[126.88013,37.503],[126.88013,37.50306],[126.88015,37.50313]]}},{"type":"Feature","properties":{"class":"major","highway":"primary_link","sidewalk":"likely","lanes":0,"name":"","oneway":true},"geometry":{"type":"LineString","coordinates":[[126.87954,37.50272],[126.87965,37.50274],[126.87976,37.50274],[126.87983,37.50274],[126.8799,37.50274],[126.88007,37.50272]]}},{"type":"Feature","properties":{"class":"major","highway":"secondary_link","sidewalk":"likely","lanes":0,"name":"","oneway":true},"geometry":{"type":"LineString","coordinates":[[126.8825,37.50024],[126.88256,37.50026],[126.88262,37.50027],[126.88267,37.50028],[126.88276,37.50029],[126.88285,37.50029],[126.88289,37.50028]]}},{"type":"Feature","properties":{"class":"alley","highway":"service","sidewalk":"unknown","lanes":0,"name":"","oneway":false},"geometry":{"type":"LineString","coordinates":[[126.88241,37.5003],[126.88158,37.50007]]}},{"type":"Feature","properties":{"class":"major","highway":"secondary_link","sidewalk":"likely","lanes":0,"name":"","oneway":true},"geometry":{"type":"LineString","coordinates":[[126.88737,37.50449],[126.8874,37.5044],[126.88741,37.5043],[126.88738,37.50421],[126.8873,37.50411]]}},{"type":"Feature","properties":{"class":"major","highway":"secondary_link","sidewalk":"likely","lanes":0,"name":"","oneway":true},"geometry":{"type":"LineString","coordinates":[[126.88513,37.50674],[126.88529,37.50674],[126.88543,37.50671],[126.88555,37.50663]]}},{"type":"Feature","properties":{"class":"major","highway":"tertiary_link","sidewalk":"likely","lanes":0,"name":"","oneway":true},"geometry":{"type":"LineString","coordinates":[[126.88499,37.50733],[126.88502,37.50718],[126.88503,37.50707],[126.88503,37.50703],[126.88502,37.50688],[126.885,37.50681]]}},{"type":"Feature","properties":{"class":"major","highway":"tertiary_link","sidewalk":"likely","lanes":0,"name":"","oneway":true},"geometry":{"type":"LineString","coordinates":[[126.88579,37.50726],[126.88549,37.50724],[126.88532,37.50725],[126.88515,37.50728],[126.88499,37.50733]]}},{"type":"Feature","properties":{"class":"major","highway":"tertiary_link","sidewalk":"likely","lanes":0,"name":"","oneway":true},"geometry":{"type":"LineString","coordinates":[[126.88627,37.51267],[126.88631,37.51254],[126.88633,37.51237],[126.88631,37.51225],[126.88642,37.51228],[126.88657,37.51231],[126.88675,37.51235],[126.88694,37.51239],[126.88708,37.51241]]}},{"type":"Feature","properties":{"class":"major","highway":"secondary_link","sidewalk":"likely","lanes":0,"name":"","oneway":true},"geometry":{"type":"LineString","coordinates":[[126.89089,37.50091],[126.89088,37.50102],[126.89088,37.5011],[126.89089,37.50117],[126.89091,37.50122],[126.89093,37.50127]]}},{"type":"Feature","properties":{"class":"major","highway":"secondary_link","sidewalk":"likely","lanes":0,"name":"","oneway":true},"geometry":{"type":"LineString","coordinates":[[126.88794,37.50418],[126.88798,37.50426],[126.88802,37.50436],[126.88806,37.50443],[126.88814,37.50454]]}},{"type":"Feature","properties":{"class":"major","highway":"secondary_link","sidewalk":"likely","lanes":0,"name":"","oneway":true},"geometry":{"type":"LineString","coordinates":[[126.88814,37.50454],[126.888,37.50454],[126.88788,37.50454],[126.88779,37.50455]]}},{"type":"Feature","properties":{"class":"major","highway":"primary_link","sidewalk":"likely","lanes":0,"name":"","oneway":true},"geometry":{"type":"LineString","coordinates":[[126.8936,37.50281],[126.89353,37.50283],[126.89346,37.50286],[126.89341,37.5029],[126.89337,37.50295]]}},{"type":"Feature","properties":{"class":"major","highway":"secondary_link","sidewalk":"likely","lanes":0,"name":"","oneway":true},"geometry":{"type":"LineString","coordinates":[[126.89554,37.50367],[126.89564,37.50367],[126.89576,37.50366],[126.89589,37.50364],[126.89596,37.50362],[126.89608,37.50358],[126.89616,37.50352]]}},{"type":"Feature","properties":{"class":"major","highway":"secondary_link","sidewalk":"likely","lanes":0,"name":"","oneway":true},"geometry":{"type":"LineString","coordinates":[[126.89621,37.5034],[126.89619,37.50362],[126.89619,37.50374],[126.8962,37.50384],[126.89622,37.50393],[126.89626,37.5041]]}},{"type":"Feature","properties":{"class":"alley","highway":"service","sidewalk":"unknown","lanes":0,"name":"","oneway":false},"geometry":{"type":"LineString","coordinates":[[126.89575,37.5052],[126.89561,37.50506],[126.89556,37.50497],[126.89557,37.50491],[126.8958,37.50466]]}},{"type":"Feature","properties":{"class":"alley","highway":"service","sidewalk":"unknown","lanes":0,"name":"","oneway":false},"geometry":{"type":"LineString","coordinates":[[126.89606,37.50615],[126.89533,37.50578],[126.89532,37.5057],[126.89532,37.50562],[126.89534,37.50554],[126.89535,37.5055],[126.89538,37.50544],[126.89542,37.50539],[126.89552,37.50532],[126.89558,37.50527],[126.89566,37.50524],[126.89575,37.5052],[126.89582,37.50518],[126.89591,37.50515],[126.89602,37.50513],[126.89609,37.50512],[126.89623,37.5051],[126.89633,37.50506],[126.89641,37.50504],[126.89649,37.50501],[126.89655,37.50497],[126.89659,37.50492],[126.89668,37.50481],[126.89674,37.50472],[126.8968,37.50466],[126.89684,37.50464]]}},{"type":"Feature","properties":{"class":"alley","highway":"service","sidewalk":"unknown","lanes":0,"name":"","oneway":false},"geometry":{"type":"LineString","coordinates":[[126.89216,37.51657],[126.89274,37.51656],[126.89277,37.51655],[126.89277,37.51653],[126.89278,37.51626],[126.89276,37.51624],[126.89215,37.51624]]}},{"type":"Feature","properties":{"class":"alley","highway":"service","sidewalk":"unknown","lanes":0,"name":"","oneway":false},"geometry":{"type":"LineString","coordinates":[[126.89214,37.51598],[126.89227,37.51596],[126.89238,37.51592],[126.89246,37.5159],[126.89258,37.51591],[126.89265,37.51591],[126.89269,37.51593],[126.89274,37.51595],[126.89277,37.51597],[126.89319,37.51595]]}},{"type":"Feature","properties":{"class":"alley","highway":"service","sidewalk":"unknown","lanes":0,"name":"","oneway":false},"geometry":{"type":"LineString","coordinates":[[126.89199,37.5157],[126.89205,37.5158],[126.89211,37.51591],[126.89214,37.51598],[126.89215,37.51624],[126.89216,37.51657],[126.89217,37.51679],[126.89217,37.51683],[126.89217,37.51685],[126.89219,37.51687],[126.89222,37.51687],[126.89224,37.51687],[126.8933,37.51684]]}},{"type":"Feature","properties":{"class":"alley","highway":"service","sidewalk":"unknown","lanes":0,"name":"","oneway":false},"geometry":{"type":"LineString","coordinates":[[126.89786,37.51639],[126.89793,37.5164],[126.89841,37.51635]]}},{"type":"Feature","properties":{"class":"alley","highway":"service","sidewalk":"unknown","lanes":0,"name":"","oneway":false},"geometry":{"type":"LineString","coordinates":[[126.89581,37.51658],[126.89517,37.51665]]}},{"type":"Feature","properties":{"class":"alley","highway":"service","sidewalk":"unknown","lanes":0,"name":"","oneway":false},"geometry":{"type":"LineString","coordinates":[[126.8958,37.5162],[126.89571,37.51619],[126.89512,37.51625]]}},{"type":"Feature","properties":{"class":"alley","highway":"service","sidewalk":"unknown","lanes":0,"name":"","oneway":false},"geometry":{"type":"LineString","coordinates":[[126.89582,37.51663],[126.89752,37.51647],[126.89767,37.51646],[126.89773,37.51644],[126.8978,37.51642],[126.89786,37.51639],[126.89787,37.51634],[126.89786,37.51619],[126.89784,37.5161],[126.89781,37.51598],[126.89776,37.51585],[126.89758,37.51559]]}},{"type":"Feature","properties":{"class":"alley","highway":"service","sidewalk":"unknown","lanes":0,"name":"","oneway":false},"geometry":{"type":"LineString","coordinates":[[126.89792,37.51517],[126.8977,37.51553],[126.89764,37.51556],[126.89758,37.51559],[126.89745,37.51563],[126.8969,37.51571],[126.89666,37.51572],[126.89639,37.51575],[126.8963,37.51577],[126.89619,37.51581],[126.8961,37.51586],[126.89602,37.5159],[126.89591,37.51603],[126.89584,37.51613],[126.8958,37.5162],[126.89578,37.5163],[126.89579,37.51645],[126.89581,37.51658],[126.89582,37.51663],[126.89598,37.51714]]}},{"type":"Feature","properties":{"class":"alley","highway":"service","sidewalk":"unknown","lanes":0,"name":"","oneway":false},"geometry":{"type":"LineString","coordinates":[[126.89224,37.51978],[126.89162,37.51987],[126.89159,37.51988],[126.89156,37.5199],[126.89155,37.51992],[126.89155,37.51995],[126.8917,37.52075]]}},{"type":"Feature","properties":{"class":"alley","highway":"service","sidewalk":"unknown","lanes":0,"name":"","oneway":false},"geometry":{"type":"LineString","coordinates":[[126.88855,37.52002],[126.88853,37.51994],[126.8885,37.51982],[126.88844,37.51981],[126.8884,37.5198],[126.88838,37.51978],[126.88832,37.51952],[126.88832,37.51951],[126.88833,37.5195],[126.88848,37.51947],[126.8885,37.51948],[126.88851,37.51949],[126.88851,37.5195],[126.88858,37.51975],[126.88858,37.51977],[126.88857,37.51979],[126.8885,37.51982]]}},{"type":"Feature","properties":{"class":"alley","highway":"service","sidewalk":"unknown","lanes":0,"name":"","oneway":false},"geometry":{"type":"LineString","coordinates":[[126.8956,37.50962],[126.89629,37.51022],[126.89636,37.51021],[126.89641,37.51017],[126.89648,37.51007],[126.89666,37.50975],[126.89624,37.50958]]}},{"type":"Feature","properties":{"class":"alley","highway":"service","sidewalk":"unknown","lanes":0,"name":"","oneway":false},"geometry":{"type":"LineString","coordinates":[[126.90013,37.50812],[126.90005,37.50817],[126.89993,37.50824],[126.89982,37.50833],[126.89973,37.50843],[126.89962,37.50854]]}},{"type":"Feature","properties":{"class":"major","highway":"secondary_link","sidewalk":"likely","lanes":0,"name":"","oneway":true},"geometry":{"type":"LineString","coordinates":[[126.89819,37.50032],[126.898,37.50029],[126.89786,37.50028],[126.89771,37.5003],[126.89763,37.50032],[126.89754,37.50034]]}},{"type":"Feature","properties":{"class":"major","highway":"primary_link","sidewalk":"likely","lanes":0,"name":"","oneway":true},"geometry":{"type":"LineString","coordinates":[[126.89346,37.50214],[126.89272,37.50221]]}},{"type":"Feature","properties":{"class":"minor","highway":"residential","sidewalk":"unknown","lanes":0,"name":"","oneway":false},"geometry":{"type":"LineString","coordinates":[[126.89373,37.5021],[126.89368,37.50217],[126.89364,37.50218],[126.8936,37.50219],[126.89357,37.50219],[126.89353,37.50219],[126.89346,37.50214]]}},{"type":"Feature","properties":{"class":"major","highway":"secondary_link","sidewalk":"likely","lanes":0,"name":"","oneway":true},"geometry":{"type":"LineString","coordinates":[[126.89326,37.50291],[126.89319,37.50282],[126.89317,37.5028],[126.89314,37.50278],[126.89311,37.50277],[126.89307,37.50276],[126.89303,37.50276],[126.89299,37.50278],[126.89293,37.50281],[126.89287,37.50283]]}},{"type":"Feature","properties":{"class":"major","highway":"secondary_link","sidewalk":"likely","lanes":0,"name":"","oneway":true},"geometry":{"type":"LineString","coordinates":[[126.89126,37.50141],[126.8914,37.50138],[126.89151,37.50134],[126.89159,37.50131],[126.89176,37.50129]]}},{"type":"Feature","properties":{"class":"major","highway":"secondary_link","sidewalk":"likely","lanes":0,"name":"","oneway":true},"geometry":{"type":"LineString","coordinates":[[126.88919,37.51704],[126.88908,37.51715],[126.88904,37.51719],[126.88898,37.51725],[126.88895,37.5173],[126.88893,37.51737],[126.88887,37.51746]]}},{"type":"Feature","properties":{"class":"alley","highway":"pedestrian","sidewalk":"unknown","lanes":0,"name":"","oneway":false},"geometry":{"type":"LineString","coordinates":[[126.8832,37.50338],[126.88398,37.50401],[126.8845,37.50443],[126.88477,37.5046],[126.8851,37.5043],[126.88498,37.50409]]}},{"type":"Feature","properties":{"class":"alley","highway":"pedestrian","sidewalk":"unknown","lanes":0,"name":"","oneway":false},"geometry":{"type":"LineString","coordinates":[[126.88559,37.50522],[126.88589,37.50499]]}},{"type":"Feature","properties":{"class":"alley","highway":"pedestrian","sidewalk":"unknown","lanes":0,"name":"","oneway":false},"geometry":{"type":"LineString","coordinates":[[126.8832,37.50338],[126.883,37.50313],[126.88311,37.50298]]}},{"type":"Feature","properties":{"class":"alley","highway":"pedestrian","sidewalk":"unknown","lanes":0,"name":"","oneway":false},"geometry":{"type":"LineString","coordinates":[[126.88405,37.50396],[126.88398,37.50401]]}},{"type":"Feature","properties":{"class":"alley","highway":"pedestrian","sidewalk":"unknown","lanes":0,"name":"","oneway":false},"geometry":{"type":"LineString","coordinates":[[126.88613,37.50558],[126.88709,37.50616],[126.88881,37.5072]]}},{"type":"Feature","properties":{"class":"alley","highway":"pedestrian","sidewalk":"unknown","lanes":0,"name":"","oneway":false},"geometry":{"type":"LineString","coordinates":[[126.89126,37.50853],[126.89169,37.50781],[126.89081,37.50746]]}},{"type":"Feature","properties":{"class":"alley","highway":"pedestrian","sidewalk":"unknown","lanes":0,"name":"","oneway":false},"geometry":{"type":"LineString","coordinates":[[126.8907,37.50741],[126.89156,37.50634]]}},{"type":"Feature","properties":{"class":"alley","highway":"pedestrian","sidewalk":"unknown","lanes":0,"name":"","oneway":false},"geometry":{"type":"LineString","coordinates":[[126.883,37.50313],[126.88294,37.50308]]}},{"type":"Feature","properties":{"class":"alley","highway":"service","sidewalk":"unknown","lanes":0,"name":"","oneway":false},"geometry":{"type":"LineString","coordinates":[[126.88799,37.50548],[126.88772,37.50579],[126.88758,37.50594],[126.88726,37.50576],[126.88738,37.50563],[126.88772,37.50579]]}},{"type":"Feature","properties":{"class":"alley","highway":"service","sidewalk":"unknown","lanes":0,"name":"","oneway":false},"geometry":{"type":"LineString","coordinates":[[126.88864,37.50583],[126.88836,37.50615],[126.88821,37.50631],[126.88789,37.50615],[126.88805,37.50598],[126.88836,37.50615]]}},{"type":"Feature","properties":{"class":"alley","highway":"service","sidewalk":"unknown","lanes":0,"name":"","oneway":false},"geometry":{"type":"LineString","coordinates":[[126.88895,37.50599],[126.88872,37.50624],[126.88844,37.50654],[126.88877,37.5067],[126.88914,37.50635],[126.88872,37.50624]]}},{"type":"Feature","properties":{"class":"alley","highway":"service","sidewalk":"unknown","lanes":0,"name":"","oneway":false},"geometry":{"type":"LineString","coordinates":[[126.88914,37.50635],[126.88945,37.50656],[126.88911,37.50692]]}},{"type":"Feature","properties":{"class":"alley","highway":"service","sidewalk":"unknown","lanes":0,"name":"","oneway":false},"geometry":{"type":"LineString","coordinates":[[126.88945,37.50656],[126.8895,37.5065]]}},{"type":"Feature","properties":{"class":"alley","highway":"service","sidewalk":"unknown","lanes":0,"name":"","oneway":false},"geometry":{"type":"LineString","coordinates":[[126.88911,37.50692],[126.88877,37.5067]]}},{"type":"Feature","properties":{"class":"major","highway":"primary","sidewalk":"likely","lanes":6,"name":"도림천로","oneway":false},"geometry":{"type":"LineString","coordinates":[[126.89098,37.5117],[126.89176,37.5107]]}},{"type":"Feature","properties":{"class":"major","highway":"primary","sidewalk":"likely","lanes":0,"name":"도림천로","oneway":true},"geometry":{"type":"LineString","coordinates":[[126.8822,37.51611],[126.88186,37.51626],[126.88172,37.5163]]}},{"type":"Feature","properties":{"class":"major","highway":"primary_link","sidewalk":"likely","lanes":0,"name":"","oneway":true},"geometry":{"type":"LineString","coordinates":[[126.88115,37.51635],[126.88137,37.51626],[126.88154,37.51621],[126.88165,37.51615]]}},{"type":"Feature","properties":{"class":"major","highway":"primary","sidewalk":"likely","lanes":0,"name":"도림천로","oneway":true},"geometry":{"type":"LineString","coordinates":[[126.88172,37.5163],[126.8788,37.51702],[126.87849,37.51707],[126.8771,37.51741]]}},{"type":"Feature","properties":{"class":"alley","highway":"service","sidewalk":"unknown","lanes":0,"name":"","oneway":true},"geometry":{"type":"LineString","coordinates":[[126.89066,37.50586],[126.89044,37.50613],[126.89017,37.50643],[126.89006,37.50655],[126.88949,37.50731],[126.88947,37.50734],[126.88947,37.50737],[126.88947,37.5074],[126.8895,37.50743],[126.89032,37.50782]]}},{"type":"Feature","properties":{"class":"alley","highway":"service","sidewalk":"unknown","lanes":0,"name":"","oneway":true},"geometry":{"type":"LineString","coordinates":[[126.89044,37.50613],[126.89041,37.50628],[126.8904,37.50631]]}},{"type":"Feature","properties":{"class":"major","highway":"tertiary","sidewalk":"likely","lanes":0,"name":"선유서로","oneway":true},"geometry":{"type":"LineString","coordinates":[[126.88387,37.5159],[126.88376,37.51579],[126.88376,37.51579]]}},{"type":"Feature","properties":{"class":"major","highway":"tertiary","sidewalk":"likely","lanes":0,"name":"선유서로","oneway":false},"geometry":{"type":"LineString","coordinates":[[126.88387,37.5159],[126.8839,37.51603],[126.88409,37.51678],[126.88411,37.51685],[126.88437,37.51792],[126.88441,37.51808],[126.88458,37.51876],[126.88477,37.51951],[126.88481,37.51968],[126.88483,37.51977],[126.88503,37.52056]]}},{"type":"Feature","properties":{"class":"major","highway":"primary","sidewalk":"likely","lanes":0,"name":"경인로","oneway":false},"geometry":{"type":"LineString","coordinates":[[126.89041,37.51022],[126.89065,37.51034]]}},{"type":"Feature","properties":{"class":"major","highway":"primary","sidewalk":"likely","lanes":0,"name":"경인로","oneway":false},"geometry":{"type":"LineString","coordinates":[[126.89065,37.51034],[126.89178,37.51092]]}},{"type":"Feature","properties":{"class":"major","highway":"primary","sidewalk":"likely","lanes":0,"name":"경인로","oneway":true},"geometry":{"type":"LineString","coordinates":[[126.8942,37.51203],[126.8944,37.51209],[126.89529,37.51241],[126.89618,37.51272],[126.89679,37.51294],[126.897,37.51302],[126.89728,37.51313],[126.89756,37.51321],[126.89926,37.51377]]}},{"type":"Feature","properties":{"class":"major","highway":"secondary","sidewalk":"likely","lanes":0,"name":"","oneway":false},"geometry":{"type":"LineString","coordinates":[[126.88534,37.50695],[126.88539,37.50691],[126.8859,37.50636]]}},{"type":"Feature","properties":{"class":"minor","highway":"residential","sidewalk":"unknown","lanes":0,"name":"","oneway":false},"geometry":{"type":"LineString","coordinates":[[126.88506,37.50662],[126.88501,37.50666]]}},{"type":"Feature","properties":{"class":"minor","highway":"residential","sidewalk":"unknown","lanes":0,"name":"","oneway":false},"geometry":{"type":"LineString","coordinates":[[126.88323,37.50616],[126.88335,37.50604],[126.88341,37.50599],[126.88358,37.50583],[126.88368,37.50575]]}},{"type":"Feature","properties":{"class":"minor","highway":"residential","sidewalk":"unknown","lanes":0,"name":"","oneway":false},"geometry":{"type":"LineString","coordinates":[[126.88386,37.50586],[126.88392,37.50581],[126.88453,37.50529]]}},{"type":"Feature","properties":{"class":"alley","highway":"service","sidewalk":"unknown","lanes":0,"name":"","oneway":false},"geometry":{"type":"LineString","coordinates":[[126.88423,37.51192],[126.88415,37.51194]]}},{"type":"Feature","properties":{"class":"minor","highway":"residential","sidewalk":"unknown","lanes":2,"name":"경인로70길","oneway":false},"geometry":{"type":"LineString","coordinates":[[126.89188,37.51097],[126.89187,37.51081],[126.89256,37.50987],[126.89239,37.5098],[126.89238,37.50979]]}},{"type":"Feature","properties":{"class":"alley","highway":"service","sidewalk":"unknown","lanes":0,"name":"","oneway":false},"geometry":{"type":"LineString","coordinates":[[126.89768,37.50473],[126.89768,37.50447]]}},{"type":"Feature","properties":{"class":"alley","highway":"service","sidewalk":"unknown","lanes":0,"name":"","oneway":false},"geometry":{"type":"LineString","coordinates":[[126.89843,37.50403],[126.8987,37.50378]]}},{"type":"Feature","properties":{"class":"major","highway":"primary","sidewalk":"likely","lanes":0,"name":"경인로","oneway":true},"geometry":{"type":"LineString","coordinates":[[126.88032,37.50341],[126.87927,37.50267]]}},{"type":"Feature","properties":{"class":"minor","highway":"residential","sidewalk":"unknown","lanes":0,"name":"","oneway":false},"geometry":{"type":"LineString","coordinates":[[126.88606,37.50299],[126.88629,37.50321],[126.88648,37.50339],[126.88656,37.50349],[126.88659,37.50354],[126.88663,37.50359],[126.88667,37.50364],[126.88669,37.50366],[126.88684,37.50388]]}},{"type":"Feature","properties":{"class":"major","highway":"primary","sidewalk":"likely","lanes":0,"name":"경인로","oneway":true},"geometry":{"type":"LineString","coordinates":[[126.90058,37.51438],[126.90036,37.51434],[126.89957,37.51408],[126.89922,37.51388]]}},{"type":"Feature","properties":{"class":"major","highway":"primary","sidewalk":"likely","lanes":0,"name":"경인로","oneway":true},"geometry":{"type":"LineString","coordinates":[[126.89926,37.51377],[126.89967,37.51389],[126.9003,37.51411]]}},{"type":"Feature","properties":{"class":"major","highway":"primary","sidewalk":"likely","lanes":0,"name":"경인로","oneway":true},"geometry":{"type":"LineString","coordinates":[[126.89292,37.51137],[126.89373,37.5118],[126.89396,37.51189],[126.8942,37.51203]]}},{"type":"Feature","properties":{"class":"major","highway":"primary","sidewalk":"likely","lanes":0,"name":"경인로","oneway":true},"geometry":{"type":"LineString","coordinates":[[126.89323,37.51169],[126.89269,37.51143],[126.892,37.51109],[126.89188,37.51097]]}},{"type":"Feature","properties":{"class":"major","highway":"primary","sidewalk":"likely","lanes":0,"name":"경인로","oneway":true},"geometry":{"type":"LineString","coordinates":[[126.89188,37.51097],[126.89192,37.51098],[126.8921,37.51098],[126.89286,37.51135],[126.89292,37.51137]]}},{"type":"Feature","properties":{"class":"major","highway":"primary","sidewalk":"likely","lanes":0,"name":"경인로","oneway":false},"geometry":{"type":"LineString","coordinates":[[126.89178,37.51092],[126.89188,37.51097]]}},{"type":"Feature","properties":{"class":"major","highway":"primary","sidewalk":"likely","lanes":0,"name":"경인로","oneway":true},"geometry":{"type":"LineString","coordinates":[[126.89922,37.51388],[126.89783,37.5134],[126.89748,37.51328],[126.89718,37.51318],[126.89695,37.51311],[126.89673,37.51303],[126.89614,37.51281],[126.89523,37.5125],[126.89443,37.5122],[126.8941,37.5121],[126.89387,37.51201],[126.89359,37.51186]]}},{"type":"Feature","properties":{"class":"major","highway":"primary","sidewalk":"likely","lanes":0,"name":"경인로","oneway":true},"geometry":{"type":"LineString","coordinates":[[126.89041,37.51022],[126.89012,37.51018]]}},{"type":"Feature","properties":{"class":"major","highway":"primary","sidewalk":"likely","lanes":0,"name":"경인로","oneway":true},"geometry":{"type":"LineString","coordinates":[[126.89023,37.51005],[126.89041,37.51022]]}},{"type":"Feature","properties":{"class":"major","highway":"primary","sidewalk":"likely","lanes":0,"name":"경인로","oneway":true},"geometry":{"type":"LineString","coordinates":[[126.88938,37.50958],[126.89015,37.51],[126.89023,37.51005]]}},{"type":"Feature","properties":{"class":"major","highway":"primary","sidewalk":"likely","lanes":0,"name":"경인로","oneway":true},"geometry":{"type":"LineString","coordinates":[[126.88839,37.50931],[126.88805,37.5091],[126.88745,37.50866],[126.8874,37.50862],[126.8873,37.50839]]}},{"type":"Feature","properties":{"class":"major","highway":"primary","sidewalk":"likely","lanes":0,"name":"경인로","oneway":true},"geometry":{"type":"LineString","coordinates":[[126.88737,37.50841],[126.88764,37.50848],[126.8877,37.50849],[126.88812,37.50878],[126.88835,37.50896],[126.8889,37.50932],[126.88938,37.50958]]}},{"type":"Feature","properties":{"class":"major","highway":"primary","sidewalk":"likely","lanes":0,"name":"경인로","oneway":true},"geometry":{"type":"LineString","coordinates":[[126.8873,37.50839],[126.88737,37.50841]]}},{"type":"Feature","properties":{"class":"major","highway":"primary","sidewalk":"likely","lanes":0,"name":"경인로","oneway":true},"geometry":{"type":"LineString","coordinates":[[126.885,37.50681],[126.88469,37.50659],[126.8841,37.50619],[126.88383,37.50601],[126.88358,37.50583]]}},{"type":"Feature","properties":{"class":"major","highway":"primary","sidewalk":"likely","lanes":0,"name":"경인로","oneway":false},"geometry":{"type":"LineString","coordinates":[[126.88187,37.50446],[126.88198,37.50453],[126.88204,37.50458],[126.88227,37.50475],[126.88254,37.50495]]}},{"type":"Feature","properties":{"class":"major","highway":"primary","sidewalk":"likely","lanes":0,"name":"경인로","oneway":true},"geometry":{"type":"LineString","coordinates":[[126.88368,37.50575],[126.88386,37.50586],[126.88393,37.50592],[126.88433,37.5062],[126.8848,37.50652],[126.88487,37.50657],[126.88501,37.50666],[126.88513,37.50674],[126.88534,37.50695]]}},{"type":"Feature","properties":{"class":"major","highway":"primary","sidewalk":"likely","lanes":0,"name":"경인로","oneway":true},"geometry":{"type":"LineString","coordinates":[[126.88534,37.50695],[126.885,37.50681]]}},{"type":"Feature","properties":{"class":"major","highway":"primary","sidewalk":"likely","lanes":0,"name":"경인로","oneway":true},"geometry":{"type":"LineString","coordinates":[[126.88267,37.50501],[126.8835,37.50562],[126.88368,37.50575]]}},{"type":"Feature","properties":{"class":"major","highway":"primary","sidewalk":"likely","lanes":0,"name":"경인로","oneway":true},"geometry":{"type":"LineString","coordinates":[[126.88254,37.50495],[126.88267,37.50501]]}},{"type":"Feature","properties":{"class":"major","highway":"primary_link","sidewalk":"likely","lanes":0,"name":"경인로","oneway":true},"geometry":{"type":"LineString","coordinates":[[126.88151,37.50408],[126.88181,37.50428]]}},{"type":"Feature","properties":{"class":"major","highway":"secondary","sidewalk":"likely","lanes":0,"name":"도림로","oneway":false},"geometry":{"type":"LineString","coordinates":[[126.89755,37.51265],[126.89736,37.51299],[126.89728,37.51313]]}},{"type":"Feature","properties":{"class":"major","highway":"primary","sidewalk":"likely","lanes":0,"name":"경인로","oneway":true},"geometry":{"type":"LineString","coordinates":[[126.89359,37.51186],[126.89323,37.51169]]}},{"type":"Feature","properties":{"class":"major","highway":"primary","sidewalk":"likely","lanes":2,"name":"서부간선로","oneway":true},"geometry":{"type":"LineString","coordinates":[[126.88171,37.52135],[126.88191,37.51979],[126.88207,37.51868],[126.8822,37.51782],[126.88228,37.51731],[126.88231,37.51698],[126.8823,37.51675],[126.88225,37.51648],[126.88221,37.51631]]}},{"type":"Feature","properties":{"class":"major","highway":"primary_link","sidewalk":"likely","lanes":0,"name":"경인로","oneway":true},"geometry":{"type":"LineString","coordinates":[[126.88181,37.50428],[126.88187,37.50446]]}},{"type":"Feature","properties":{"class":"major","highway":"primary_link","sidewalk":"likely","lanes":0,"name":"경인로","oneway":true},"geometry":{"type":"LineString","coordinates":[[126.87981,37.50301],[126.88,37.50303],[126.88015,37.50313],[126.88019,37.50315],[126.88046,37.50333]]}},{"type":"Feature","properties":{"class":"major","highway":"primary_link","sidewalk":"likely","lanes":0,"name":"","oneway":true},"geometry":{"type":"LineString","coordinates":[[126.89385,37.50276],[126.8938,37.50277],[126.89373,37.50278],[126.8936,37.50281]]}},{"type":"Feature","properties":{"class":"major","highway":"primary","sidewalk":"likely","lanes":0,"name":"대방천로","oneway":true},"geometry":{"type":"LineString","coordinates":[[126.89098,37.5117],[126.89107,37.51147],[126.89137,37.51097],[126.89195,37.50999]]}},{"type":"Feature","properties":{"class":"major","highway":"tertiary","sidewalk":"likely","lanes":0,"name":"공원로6길","oneway":false},"geometry":{"type":"LineString","coordinates":[[126.89154,37.50155],[126.89164,37.50161],[126.89216,37.50189],[126.89227,37.50195]]}},{"type":"Feature","properties":{"class":"alley","highway":"service","sidewalk":"unknown","lanes":0,"name":"","oneway":true},"geometry":{"type":"LineString","coordinates":[[126.8902,37.50773],[126.8904,37.50782]]}},{"type":"Feature","properties":{"class":"major","highway":"primary_link","sidewalk":"likely","lanes":0,"name":"","oneway":true},"geometry":{"type":"LineString","coordinates":[[126.88322,37.51599],[126.88315,37.51598],[126.88309,37.51596],[126.88304,37.51591],[126.88302,37.51586],[126.88301,37.51581],[126.88303,37.51577],[126.88306,37.51574]]}},{"type":"Feature","properties":{"class":"major","highway":"primary","sidewalk":"likely","lanes":0,"name":"경인로","oneway":true},"geometry":{"type":"LineString","coordinates":[[126.87931,37.50262],[126.88036,37.50336]]}},{"type":"Feature","properties":{"class":"major","highway":"primary","sidewalk":"likely","lanes":4,"name":"경인로","oneway":true},"geometry":{"type":"LineString","coordinates":[[126.88187,37.50446],[126.88166,37.50434],[126.88032,37.50341]]}},{"type":"Feature","properties":{"class":"major","highway":"tertiary","sidewalk":"likely","lanes":0,"name":"","oneway":false},"geometry":{"type":"LineString","coordinates":[[126.88499,37.50733],[126.88534,37.50695]]}},{"type":"Feature","properties":{"class":"major","highway":"tertiary","sidewalk":"likely","lanes":0,"name":"경인로71길","oneway":true},"geometry":{"type":"LineString","coordinates":[[126.88736,37.51412],[126.88725,37.51419],[126.88656,37.5145],[126.8863,37.51463],[126.88555,37.515],[126.88512,37.51522],[126.88488,37.51533],[126.88451,37.51549],[126.88401,37.51569],[126.88376,37.51579],[126.88322,37.51599],[126.88279,37.51616]]}},{"type":"Feature","properties":{"class":"major","highway":"primary_link","sidewalk":"likely","lanes":0,"name":"","oneway":true},"geometry":{"type":"LineString","coordinates":[[126.88736,37.51412],[126.8872,37.51414],[126.88708,37.51418],[126.88639,37.5145]]}},{"type":"Feature","properties":{"class":"minor","highway":"residential","sidewalk":"unknown","lanes":0,"name":"경인로72길","oneway":true},"geometry":{"type":"LineString","coordinates":[[126.89281,37.5101],[126.89284,37.51007],[126.89293,37.50996],[126.89296,37.50995]]}},{"type":"Feature","properties":{"class":"minor","highway":"residential","sidewalk":"unknown","lanes":0,"name":"경인로80길","oneway":true},"geometry":{"type":"LineString","coordinates":[[126.89529,37.51241],[126.89534,37.5123],[126.89548,37.51204]]}},{"type":"Feature","properties":{"class":"minor","highway":"residential","sidewalk":"unknown","lanes":0,"name":"경인로74길","oneway":true},"geometry":{"type":"LineString","coordinates":[[126.89286,37.51135],[126.89289,37.5113],[126.8931,37.51104]]}},{"type":"Feature","properties":{"class":"alley","highway":"service","sidewalk":"unknown","lanes":0,"name":"","oneway":true},"geometry":{"type":"LineString","coordinates":[[126.89015,37.5018],[126.89016,37.50193],[126.89034,37.50202],[126.89045,37.50205],[126.89052,37.50202],[126.89061,37.50189],[126.89066,37.50183]]}},{"type":"Feature","properties":{"class":"alley","highway":"service","sidewalk":"unknown","lanes":0,"name":"","oneway":true},"geometry":{"type":"LineString","coordinates":[[126.89033,37.50223],[126.89025,37.50219],[126.89002,37.50209],[126.8899,37.50211]]}},{"type":"Feature","properties":{"class":"alley","highway":"service","sidewalk":"unknown","lanes":0,"name":"","oneway":false},"geometry":{"type":"LineString","coordinates":[[126.89052,37.50202],[126.89036,37.50224],[126.89033,37.50223]]}},{"type":"Feature","properties":{"class":"major","highway":"tertiary","sidewalk":"likely","lanes":0,"name":"도영로","oneway":false},"geometry":{"type":"LineString","coordinates":[[126.89391,37.50747],[126.89396,37.5075],[126.89404,37.50754]]}},{"type":"Feature","properties":{"class":"major","highway":"primary_link","sidewalk":"likely","lanes":0,"name":"","oneway":true},"geometry":{"type":"LineString","coordinates":[[126.8898,37.51288],[126.88948,37.51307],[126.88904,37.51334]]}},{"type":"Feature","properties":{"class":"minor","highway":"residential","sidewalk":"unknown","lanes":0,"name":"가마산로31길","oneway":true},"geometry":{"type":"LineString","coordinates":[[126.89343,37.50258],[126.89357,37.5025],[126.89369,37.50241],[126.89371,37.50238],[126.89375,37.50234],[126.89378,37.5024],[126.89381,37.50275]]}},{"type":"Feature","properties":{"class":"major","highway":"secondary","sidewalk":"likely","lanes":0,"name":"도림로","oneway":false},"geometry":{"type":"LineString","coordinates":[[126.89974,37.50906],[126.89911,37.50999]]}},{"type":"Feature","properties":{"class":"minor","highway":"residential","sidewalk":"unknown","lanes":0,"name":"","oneway":false},"geometry":{"type":"LineString","coordinates":[[126.89943,37.50931],[126.89939,37.50868]]}},{"type":"Feature","properties":{"class":"major","highway":"secondary_link","sidewalk":"likely","lanes":0,"name":"","oneway":true},"geometry":{"type":"LineString","coordinates":[[126.89895,37.5105],[126.89889,37.5105],[126.89883,37.5105],[126.89877,37.51047],[126.89873,37.51044],[126.89872,37.51042]]}},{"type":"Feature","properties":{"class":"minor","highway":"residential","sidewalk":"unknown","lanes":1,"name":"","oneway":true},"geometry":{"type":"LineString","coordinates":[[126.89876,37.51075],[126.8984,37.51131],[126.89817,37.51124],[126.89859,37.51061]]}},{"type":"Feature","properties":{"class":"minor","highway":"residential","sidewalk":"unknown","lanes":0,"name":"도림로121길","oneway":false},"geometry":{"type":"LineString","coordinates":[[126.89687,37.51084],[126.89804,37.51124],[126.89809,37.51125],[126.89817,37.51124]]}},{"type":"Feature","properties":{"class":"minor","highway":"residential","sidewalk":"unknown","lanes":0,"name":"","oneway":false},"geometry":{"type":"LineString","coordinates":[[126.89792,37.51071],[126.89843,37.51065],[126.89859,37.51061]]}},{"type":"Feature","properties":{"class":"major","highway":"tertiary","sidewalk":"likely","lanes":2,"name":"새말로","oneway":true},"geometry":{"type":"LineString","coordinates":[[126.88135,37.50138],[126.88174,37.50155]]}},{"type":"Feature","properties":{"class":"major","highway":"tertiary","sidewalk":"likely","lanes":2,"name":"새말로","oneway":true},"geometry":{"type":"LineString","coordinates":[[126.88174,37.50155],[126.88252,37.50186],[126.88263,37.5019],[126.88267,37.50195]]}},{"type":"Feature","properties":{"class":"major","highway":"tertiary","sidewalk":"likely","lanes":2,"name":"새말로","oneway":true},"geometry":{"type":"LineString","coordinates":[[126.88267,37.50195],[126.88258,37.50195],[126.88168,37.5016]]}},{"type":"Feature","properties":{"class":"alley","highway":"service","sidewalk":"unknown","lanes":0,"name":"","oneway":false},"geometry":{"type":"LineString","coordinates":[[126.88639,37.5049],[126.88663,37.50461]]}},{"type":"Feature","properties":{"class":"alley","highway":"pedestrian","sidewalk":"unknown","lanes":0,"name":"선유로13길","oneway":false},"geometry":{"type":"LineString","coordinates":[[126.8821,37.52008],[126.88356,37.51986]]}},{"type":"Feature","properties":{"class":"minor","highway":"residential","sidewalk":"unknown","lanes":0,"name":"문래로4길","oneway":false},"geometry":{"type":"LineString","coordinates":[[126.88356,37.51986],[126.88357,37.5199],[126.88376,37.52067],[126.88378,37.52075]]}}]}