{"type":"FeatureCollection","features":[{"type":"Feature","properties":{"class":"major","highway":"trunk","sidewalk":"likely","lanes":4,"name":"올림픽대로","oneway":true},"geometry":{"type":"LineString","coordinates":[[126.87857,37.55263],[126.87922,37.55243],[126.8812,37.55191],[126.88195,37.55172],[126.88289,37.5514],[126.88317,37.55128],[126.88344,37.55113],[126.88395,37.55086],[126.88478,37.55027],[126.88655,37.54893],[126.88744,37.54836],[126.88836,37.54785],[126.8888,37.5476],[126.88913,37.54738],[126.88941,37.54714],[126.88981,37.5466],[126.89061,37.54517],[126.89081,37.54486],[126.89112,37.54447],[126.89149,37.5441],[126.89186,37.54383],[126.89251,37.54345],[126.89492,37.5422],[126.89586,37.54166],[126.89859,37.53993],[126.90077,37.53884],[126.90086,37.53878],[126.90102,37.53868],[126.90115,37.5386],[126.90167,37.53817]]}},{"type":"Feature","properties":{"class":"major","highway":"trunk","sidewalk":"likely","lanes":4,"name":"올림픽대로","oneway":true},"geometry":{"type":"LineString","coordinates":[[126.93534,37.51593],[126.93272,37.51544],[126.93136,37.51534],[126.93036,37.51533],[126.92896,37.51536],[126.928,37.51545],[126.92726,37.51553],[126.92558,37.51578],[126.92528,37.51583],[126.92488,37.51592],[126.92443,37.51606],[126.92373,37.51627],[126.9234,37.5164],[126.919,37.5181],[126.9178,37.51862],[126.91752,37.51879],[126.91708,37.5191],[126.91666,37.51943],[126.9159,37.5202],[126.91505,37.52131],[126.91483,37.5216],[126.91395,37.52281],[126.91347,37.52348],[126.91227,37.52527],[126.91151,37.52636],[126.91134,37.52667],[126.91113,37.52711],[126.91098,37.52746],[126.9108,37.52793],[126.9104,37.52931],[126.91012,37.53024],[126.90995,37.5308],[126.90976,37.53145],[126.90953,37.53205],[126.90929,37.53252],[126.90891,37.53311],[126.90854,37.53362],[126.90827,37.53393],[126.90802,37.53421],[126.90756,37.53464],[126.90739,37.53478],[126.90711,37.53503],[126.90683,37.5352],[126.90612,37.53565],[126.90524,37.53611],[126.90441,37.53655],[126.90335,37.53725],[126.90293,37.53758],[126.90237,37.53804],[126.90182,37.53843],[126.90113,37.53884],[126.9009,37.53898],[126.89929,37.53986],[126.89781,37.54071],[126.89697,37.54124],[126.89527,37.54229],[126.89279,37.54364],[126.89218,37.54397],[126.8916,37.54434],[126.89128,37.54461],[126.891,37.54494],[126.89082,37.54516],[126.8901,37.54645],[126.88992,37.54676],[126.88972,37.5471],[126.8895,37.54729],[126.88924,37.54749],[126.88837,37.54804],[126.88754,37.54852],[126.88647,37.54922],[126.88405,37.55098],[126.88355,37.55127],[126.88298,37.55153],[126.88195,37.55191],[126.88082,37.55221],[126.87893,37.55266],[126.87852,37.55279]]}},{"type":"Feature","properties":{"class":"major","highway":"trunk","sidewalk":"likely","lanes":2,"name":"신월여의지하도로","oneway":true},"geometry":{"type":"LineString","coordinates":[[126.84025,37.52635],[126.84841,37.52776],[126.84966,37.52795],[126.85302,37.52837],[126.85589,37.52871],[126.85908,37.52911],[126.86275,37.52959],[126.86466,37.52982],[126.86672,37.53008],[126.86797,37.53024],[126.86902,37.53037],[126.87087,37.53061],[126.87387,37.53099],[126.87672,37.53133],[126.8784,37.53153],[126.88042,37.53178],[126.8811,37.53185],[126.88184,37.53186],[126.88263,37.53181],[126.88333,37.53173],[126.88361,37.53169],[126.88468,37.53149],[126.88572,37.53127],[126.88723,37.53095],[126.88912,37.53054],[126.8903,37.53029],[126.89162,37.52998],[126.89284,37.52972],[126.89334,37.52957],[126.89412,37.52921],[126.89471,37.52891],[126.89511,37.5287],[126.89589,37.52834],[126.89673,37.52793],[126.89754,37.52755],[126.89813,37.52736],[126.89896,37.52714],[126.90018,37.52681],[126.90164,37.52639],[126.90178,37.52635],[126.90267,37.52612],[126.9037,37.52581],[126.90429,37.52566],[126.90512,37.52552],[126.90613,37.52542],[126.90702,37.52532]]}},{"type":"Feature","properties":{"class":"major","highway":"trunk","sidewalk":"likely","lanes":2,"name":"신월여의지하도로","oneway":true},"geometry":{"type":"LineString","coordinates":[[126.907,37.52545],[126.90604,37.52556],[126.90508,37.52567],[126.90453,37.52577],[126.90371,37.52596],[126.90235,37.52633],[126.90079,37.52679],[126.8998,37.52707],[126.89872,37.52734],[126.89763,37.52763],[126.89735,37.52775],[126.89705,37.52788],[126.89569,37.52851],[126.89452,37.52911],[126.89404,37.52935],[126.89346,37.52962],[126.89308,37.52975],[126.89269,37.52985],[126.892,37.53003],[126.89113,37.53023],[126.8903,37.53041],[126.88902,37.53072],[126.88734,37.5311],[126.8863,37.53132],[126.88511,37.53157],[126.88392,37.5318],[126.88322,37.53189],[126.88246,37.53195],[126.88167,37.53197],[126.88072,37.53195],[126.88007,37.53189],[126.87902,37.53177],[126.87673,37.53147],[126.87489,37.53124],[126.87318,37.53103],[126.87111,37.53076],[126.86815,37.53041],[126.86337,37.52982],[126.85905,37.5293],[126.84981,37.52815],[126.84794,37.52786],[126.84019,37.52659]]}},{"type":"Feature","properties":{"class":"minor","highway":"residential","sidewalk":"unknown","lanes":0,"name":"영신로34길","oneway":false},"geometry":{"type":"LineString","coordinates":[[126.90109,37.52003],[126.90114,37.52002],[126.90234,37.51986],[126.90374,37.51963],[126.90396,37.51959],[126.90406,37.51955],[126.90445,37.51926],[126.90456,37.51913],[126.9047,37.51892],[126.90495,37.51852],[126.90491,37.51821],[126.90489,37.51809]]}},{"type":"Feature","properties":{"class":"minor","highway":"residential","sidewalk":"unknown","lanes":0,"name":"영등포로34길","oneway":false},"geometry":{"type":"LineString","coordinates":[[126.90204,37.51832],[126.90206,37.51847],[126.90211,37.5188],[126.90216,37.51915],[126.90234,37.51986],[126.90243,37.52028],[126.90246,37.52036]]}},{"type":"Feature","properties":{"class":"minor","highway":"residential","sidewalk":"no","lanes":0,"name":"영등포로36길","oneway":false},"geometry":{"type":"LineString","coordinates":[[126.90386,37.52014],[126.90384,37.52005],[126.90374,37.51963],[126.90358,37.51901],[126.90353,37.51866],[126.90348,37.51834],[126.90346,37.5182]]}},{"type":"Feature","properties":{"class":"minor","highway":"residential","sidewalk":"unknown","lanes":0,"name":"영등포로30길","oneway":false},"geometry":{"type":"LineString","coordinates":[[126.9,37.52074],[126.89997,37.52061],[126.89988,37.52025],[126.89972,37.51963],[126.89969,37.51952],[126.89967,37.51942],[126.89952,37.51867],[126.8995,37.51857]]}},{"type":"Feature","properties":{"class":"major","highway":"secondary","sidewalk":"likely","lanes":0,"name":"영신로","oneway":true},"geometry":{"type":"LineString","coordinates":[[126.90103,37.52023],[126.90098,37.52018],[126.90098,37.52007],[126.90098,37.52001],[126.90098,37.51989],[126.90098,37.51968],[126.90099,37.51955],[126.90099,37.51942],[126.90102,37.51922],[126.90106,37.51903],[126.9011,37.51885],[126.90116,37.51866],[126.90123,37.51847]]}},{"type":"Feature","properties":{"class":"major","highway":"secondary","sidewalk":"likely","lanes":0,"name":"","oneway":true},"geometry":{"type":"LineString","coordinates":[[126.90138,37.51841],[126.90131,37.51859],[126.90128,37.51868],[126.90121,37.51885],[126.90115,37.5191],[126.90113,37.51923],[126.90112,37.51927],[126.90109,37.52003],[126.90107,37.52019],[126.90103,37.52023]]}},{"type":"Feature","properties":{"class":"major","highway":"secondary_link","sidewalk":"likely","lanes":1,"name":"","oneway":true},"geometry":{"type":"LineString","coordinates":[[126.90427,37.52007],[126.90453,37.51995],[126.90464,37.51989],[126.9047,37.51985],[126.90474,37.51981],[126.90502,37.51959]]}},{"type":"Feature","properties":{"class":"major","highway":"primary","sidewalk":"likely","lanes":0,"name":"노들로","oneway":true},"geometry":{"type":"LineString","coordinates":[[126.91462,37.52029],[126.91325,37.5224],[126.91247,37.52352],[126.91219,37.52391],[126.91121,37.52538]]}},{"type":"Feature","properties":{"class":"major","highway":"secondary","sidewalk":"likely","lanes":0,"name":"영등포로","oneway":true},"geometry":{"type":"LineString","coordinates":[[126.91431,37.51996],[126.91421,37.52],[126.91405,37.52004],[126.9139,37.52005],[126.91378,37.52004],[126.91368,37.52001],[126.9133,37.51986]]}},{"type":"Feature","properties":{"class":"major","highway":"primary_link","sidewalk":"likely","lanes":0,"name":"","oneway":true},"geometry":{"type":"LineString","coordinates":[[126.9131,37.52244],[126.91355,37.52166]]}},{"type":"Feature","properties":{"class":"major","highway":"primary_link","sidewalk":"likely","lanes":1,"name":"","oneway":true},"geometry":{"type":"LineString","coordinates":[[126.91692,37.52113],[126.91716,37.52124],[126.91726,37.52126],[126.91734,37.52128]]}},{"type":"Feature","properties":{"class":"major","highway":"primary","sidewalk":"likely","lanes":0,"name":"경인로","oneway":true},"geometry":{"type":"LineString","coordinates":[[126.91502,37.5202],[126.91458,37.51997],[126.91421,37.5198],[126.91369,37.51954],[126.91297,37.51913]]}},{"type":"Feature","properties":{"class":"major","highway":"primary","sidewalk":"likely","lanes":2,"name":"경인로","oneway":true},"geometry":{"type":"LineString","coordinates":[[126.9138,37.51896],[126.91442,37.51948],[126.91449,37.51954],[126.91476,37.51975],[126.91476,37.51976],[126.91514,37.52003]]}},{"type":"Feature","properties":{"class":"major","highway":"primary_link","sidewalk":"likely","lanes":1,"name":"","oneway":true},"geometry":{"type":"LineString","coordinates":[[126.91637,37.52289],[126.91644,37.52267],[126.91707,37.52165],[126.91709,37.52161],[126.91709,37.52158],[126.91711,37.5215]]}},{"type":"Feature","properties":{"class":"major","highway":"primary_link","sidewalk":"likely","lanes":0,"name":"","oneway":true},"geometry":{"type":"LineString","coordinates":[[126.91502,37.5202],[126.91483,37.52028],[126.9148,37.52029],[126.91472,37.52034],[126.91469,37.52037]]}},{"type":"Feature","properties":{"class":"major","highway":"primary","sidewalk":"likely","lanes":0,"name":"노들길지하차도","oneway":true},"geometry":{"type":"LineString","coordinates":[[126.91504,37.51966],[126.91462,37.52029]]}},{"type":"Feature","properties":{"class":"minor","highway":"residential","sidewalk":"unknown","lanes":0,"name":"여의동로1길","oneway":false},"geometry":{"type":"LineString","coordinates":[[126.91861,37.5205],[126.92003,37.52137],[126.92132,37.52216]]}},{"type":"Feature","properties":{"class":"minor","highway":"residential","sidewalk":"unknown","lanes":0,"name":"영신로40길","oneway":true},"geometry":{"type":"LineString","coordinates":[[126.90429,37.52104],[126.90267,37.5213],[126.90145,37.5215],[126.90134,37.52151]]}},{"type":"Feature","properties":{"class":"minor","highway":"residential","sidewalk":"unknown","lanes":0,"name":"영신로39길","oneway":false},"geometry":{"type":"LineString","coordinates":[[126.89915,37.52174],[126.89948,37.52177],[126.89952,37.52176],[126.89957,37.52176],[126.90023,37.52165],[126.90114,37.5215],[126.90132,37.52147]]}},{"type":"Feature","properties":{"class":"minor","highway":"residential","sidewalk":"unknown","lanes":0,"name":"버드나루로4길","oneway":false},"geometry":{"type":"LineString","coordinates":[[126.91336,37.52178],[126.91278,37.52151],[126.91229,37.52129],[126.91218,37.52124]]}},{"type":"Feature","properties":{"class":"minor","highway":"residential","sidewalk":"unknown","lanes":0,"name":"영등포로49길","oneway":false},"geometry":{"type":"LineString","coordinates":[[126.90868,37.52016],[126.90977,37.51993],[126.90979,37.5199]]}},{"type":"Feature","properties":{"class":"minor","highway":"residential","sidewalk":"no","lanes":0,"name":"영중로14길","oneway":false},"geometry":{"type":"LineString","coordinates":[[126.90541,37.52042],[126.90588,37.52039],[126.90627,37.52023],[126.90651,37.52018],[126.90724,37.52002],[126.90765,37.51994],[126.90802,37.51986],[126.90855,37.51974],[126.90967,37.51952],[126.91078,37.5193],[126.91159,37.51913]]}},{"type":"Feature","properties":{"class":"minor","highway":"residential","sidewalk":"unknown","lanes":0,"name":"영등포로51길","oneway":false},"geometry":{"type":"LineString","coordinates":[[126.90881,37.52061],[126.90945,37.5205],[126.90958,37.52038],[126.90997,37.52003],[126.91078,37.5193],[126.91067,37.5189],[126.91063,37.51876]]}},{"type":"Feature","properties":{"class":"minor","highway":"residential","sidewalk":"unknown","lanes":0,"name":"버드나루로12가길","oneway":false},"geometry":{"type":"LineString","coordinates":[[126.91025,37.52523],[126.91028,37.52518],[126.91076,37.52448],[126.91135,37.5236],[126.91214,37.52244],[126.91278,37.52151],[126.91337,37.52067]]}},{"type":"Feature","properties":{"class":"minor","highway":"residential","sidewalk":"unknown","lanes":0,"name":"영등포로37길","oneway":false},"geometry":{"type":"LineString","coordinates":[[126.90525,37.52033],[126.90541,37.52042],[126.90547,37.52081],[126.90555,37.52106],[126.90558,37.52123],[126.90566,37.52167],[126.90573,37.52215]]}},{"type":"Feature","properties":{"class":"minor","highway":"residential","sidewalk":"unknown","lanes":0,"name":"영등포로43길","oneway":false},"geometry":{"type":"LineString","coordinates":[[126.90722,37.52238],[126.90722,37.52234],[126.90722,37.52195],[126.90721,37.52161],[126.90721,37.52155],[126.9072,37.52128],[126.9072,37.52107],[126.90722,37.52085],[126.90722,37.52082],[126.90727,37.52074],[126.90744,37.52057],[126.90745,37.52053],[126.90747,37.5205],[126.90751,37.52043],[126.90765,37.51994],[126.90784,37.51957],[126.9078,37.51948],[126.90776,37.51936]]}},{"type":"Feature","properties":{"class":"alley","highway":"service","sidewalk":"unknown","lanes":0,"name":"버드나루로2길","oneway":false},"geometry":{"type":"LineString","coordinates":[[126.91402,37.52098],[126.91395,37.52098],[126.91385,37.52097],[126.91383,37.5209],[126.91337,37.52067],[126.91273,37.52049],[126.91265,37.52048],[126.91255,37.52045]]}},{"type":"Feature","properties":{"class":"minor","highway":"residential","sidewalk":"unknown","lanes":0,"name":"버드나루로12나길","oneway":false},"geometry":{"type":"LineString","coordinates":[[126.91074,37.52541],[126.91082,37.52539],[126.91096,37.52531],[126.91105,37.52523],[126.91136,37.52472],[126.91194,37.52386],[126.91274,37.52271],[126.91336,37.52178],[126.91363,37.5214],[126.91371,37.52127],[126.91385,37.52097]]}},{"type":"Feature","properties":{"class":"minor","highway":"residential","sidewalk":"unknown","lanes":0,"name":"영신로42길","oneway":true},"geometry":{"type":"LineString","coordinates":[[126.90145,37.52194],[126.90157,37.52192],[126.90278,37.52173],[126.90438,37.52148]]}},{"type":"Feature","properties":{"class":"minor","highway":"residential","sidewalk":"unknown","lanes":0,"name":"영중로18길","oneway":false},"geometry":{"type":"LineString","coordinates":[[126.90496,37.52105],[126.90511,37.52105],[126.90555,37.52106],[126.90718,37.52107],[126.9072,37.52107],[126.90723,37.52107],[126.90777,37.52099],[126.90831,37.52089]]}},{"type":"Feature","properties":{"class":"minor","highway":"residential","sidewalk":"unknown","lanes":0,"name":"영중로20길","oneway":false},"geometry":{"type":"LineString","coordinates":[[126.90558,37.52123],[126.90717,37.52127],[126.9072,37.52128]]}},{"type":"Feature","properties":{"class":"minor","highway":"residential","sidewalk":"unknown","lanes":0,"name":"영등포로43가길","oneway":false},"geometry":{"type":"LineString","coordinates":[[126.90722,37.52085],[126.90772,37.52076],[126.90826,37.52069]]}},{"type":"Feature","properties":{"class":"minor","highway":"residential","sidewalk":"unknown","lanes":0,"name":"영중로22길","oneway":false},"geometry":{"type":"LineString","coordinates":[[126.90566,37.52167],[126.90721,37.52155]]}},{"type":"Feature","properties":{"class":"minor","highway":"residential","sidewalk":"unknown","lanes":0,"name":"국회대로54길","oneway":false},"geometry":{"type":"LineString","coordinates":[[126.91123,37.52144],[126.9103,37.52103]]}},{"type":"Feature","properties":{"class":"minor","highway":"residential","sidewalk":"unknown","lanes":0,"name":"영중로","oneway":false},"geometry":{"type":"LineString","coordinates":[[126.90429,37.52104],[126.90481,37.52105],[126.90496,37.52105]]}},{"type":"Feature","properties":{"class":"minor","highway":"residential","sidewalk":"unknown","lanes":0,"name":"영중로14길","oneway":false},"geometry":{"type":"LineString","coordinates":[[126.90651,37.52018],[126.90659,37.52049],[126.90662,37.52052],[126.90701,37.52057],[126.90738,37.52052],[126.9074,37.52052],[126.90745,37.52053]]}},{"type":"Feature","properties":{"class":"minor","highway":"residential","sidewalk":"no","lanes":0,"name":"영등포로41길","oneway":false},"geometry":{"type":"LineString","coordinates":[[126.9074,37.52052],[126.90724,37.52002],[126.9071,37.5196],[126.90707,37.51951]]}},{"type":"Feature","properties":{"class":"major","highway":"secondary","sidewalk":"likely","lanes":0,"name":"","oneway":true},"geometry":{"type":"LineString","coordinates":[[126.91036,37.53238],[126.91045,37.53237],[126.91057,37.53236],[126.91071,37.53232],[126.91084,37.53227],[126.91095,37.53218],[126.91106,37.53202],[126.91131,37.53138],[126.91139,37.53111],[126.9115,37.53077],[126.91165,37.53035],[126.91177,37.52988],[126.91211,37.52899],[126.91243,37.52821],[126.91262,37.52783],[126.91294,37.52718],[126.91335,37.52658],[126.91395,37.52585],[126.91678,37.52158],[126.91718,37.52108],[126.91755,37.52073],[126.91797,37.52044],[126.91842,37.52026],[126.91973,37.51985]]}},{"type":"Feature","properties":{"class":"minor","highway":"residential","sidewalk":"unknown","lanes":0,"name":"영등포로53길","oneway":false},"geometry":{"type":"LineString","coordinates":[[126.91037,37.52032],[126.9094,37.5212],[126.90937,37.52122],[126.90917,37.52147],[126.90909,37.52157],[126.90906,37.52161],[126.9086,37.52223]]}},{"type":"Feature","properties":{"class":"minor","highway":"residential","sidewalk":"no","lanes":0,"name":"영등포로49길","oneway":false},"geometry":{"type":"LineString","coordinates":[[126.91037,37.52032],[126.90997,37.52003],[126.90979,37.5199],[126.90967,37.51952],[126.90956,37.51913],[126.90952,37.51899]]}},{"type":"Feature","properties":{"class":"major","highway":"primary","sidewalk":"likely","lanes":6,"name":"경인로","oneway":true},"geometry":{"type":"LineString","coordinates":[[126.91514,37.52003],[126.91533,37.52013],[126.91692,37.52113],[126.91726,37.52136]]}},{"type":"Feature","properties":{"class":"major","highway":"primary_link","sidewalk":"likely","lanes":1,"name":"","oneway":true},"geometry":{"type":"LineString","coordinates":[[126.91734,37.52128],[126.91741,37.52128],[126.91745,37.52127],[126.91747,37.52126],[126.91776,37.52106],[126.91812,37.52085]]}},{"type":"Feature","properties":{"class":"major","highway":"primary","sidewalk":"likely","lanes":6,"name":"경인로","oneway":true},"geometry":{"type":"LineString","coordinates":[[126.91711,37.5215],[126.91502,37.5202]]}},{"type":"Feature","properties":{"class":"major","highway":"secondary","sidewalk":"likely","lanes":0,"name":"버드나루로","oneway":true},"geometry":{"type":"LineString","coordinates":[[126.91258,37.52027],[126.91258,37.52014],[126.91277,37.51981],[126.91283,37.51971],[126.91288,37.51959]]}},{"type":"Feature","properties":{"class":"major","highway":"secondary","sidewalk":"likely","lanes":0,"name":"버드나루로","oneway":false},"geometry":{"type":"LineString","coordinates":[[126.91258,37.52027],[126.91255,37.52045],[126.91248,37.52073],[126.91237,37.52096],[126.91218,37.52124],[126.91212,37.52134],[126.91188,37.52172],[126.91155,37.52218],[126.91087,37.52313],[126.91079,37.52324],[126.91073,37.52334],[126.91043,37.52377],[126.91043,37.52378],[126.91011,37.52423],[126.91006,37.5243],[126.90972,37.5248],[126.90962,37.52495],[126.90956,37.52504],[126.90948,37.52516],[126.90945,37.5252]]}},{"type":"Feature","properties":{"class":"minor","highway":"residential","sidewalk":"unknown","lanes":0,"name":"영등포로53길","oneway":false},"geometry":{"type":"LineString","coordinates":[[126.91204,37.5188],[126.91159,37.51913],[126.91037,37.52032]]}},{"type":"Feature","properties":{"class":"major","highway":"secondary_link","sidewalk":"likely","lanes":0,"name":"","oneway":true},"geometry":{"type":"LineString","coordinates":[[126.91258,37.52014],[126.91258,37.52005],[126.91257,37.51997],[126.91257,37.51979]]}},{"type":"Feature","properties":{"class":"major","highway":"secondary","sidewalk":"likely","lanes":0,"name":"","oneway":true},"geometry":{"type":"LineString","coordinates":[[126.9133,37.51986],[126.91315,37.51986],[126.913,37.51989],[126.91288,37.51994],[126.91276,37.52002],[126.91268,37.5201],[126.91258,37.52027]]}},{"type":"Feature","properties":{"class":"major","highway":"primary_link","sidewalk":"likely","lanes":1,"name":"","oneway":true},"geometry":{"type":"LineString","coordinates":[[126.91446,37.52023],[126.91452,37.52019],[126.91457,37.52017],[126.91461,37.52017],[126.91468,37.52019],[126.91471,37.52023],[126.91473,37.52027],[126.91473,37.52032],[126.91469,37.52037]]}},{"type":"Feature","properties":{"class":"minor","highway":"residential","sidewalk":"unknown","lanes":0,"name":"국회대로56길","oneway":false},"geometry":{"type":"LineString","coordinates":[[126.9087,37.52518],[126.90878,37.52504],[126.9089,37.52481],[126.9092,37.52435],[126.90978,37.52351],[126.9101,37.52306],[126.91041,37.52263],[126.91065,37.52229],[126.91092,37.5219],[126.91123,37.52144],[126.91155,37.52098]]}},{"type":"Feature","properties":{"class":"minor","highway":"residential","sidewalk":"unknown","lanes":0,"name":"영등포로33길","oneway":true},"geometry":{"type":"LineString","coordinates":[[126.90308,37.52304],[126.90306,37.52297],[126.90299,37.52268],[126.90291,37.5223],[126.90284,37.522],[126.90278,37.52173],[126.90267,37.5213],[126.90258,37.5209],[126.90249,37.5205],[126.90246,37.52036]]}},{"type":"Feature","properties":{"class":"minor","highway":"residential","sidewalk":"no","lanes":0,"name":"영신로37길","oneway":false},"geometry":{"type":"LineString","coordinates":[[126.89907,37.52143],[126.90013,37.52127],[126.90108,37.52113],[126.90123,37.52111]]}},{"type":"Feature","properties":{"class":"minor","highway":"residential","sidewalk":"unknown","lanes":0,"name":"영신로38길","oneway":false},"geometry":{"type":"LineString","coordinates":[[126.90123,37.52111],[126.90132,37.52109],[126.90258,37.5209],[126.90398,37.52068]]}},{"type":"Feature","properties":{"class":"minor","highway":"residential","sidewalk":"unknown","lanes":0,"name":"영등포로35길","oneway":true},"geometry":{"type":"LineString","coordinates":[[126.90398,37.52068],[126.90429,37.52104],[126.90433,37.52111],[126.90434,37.52116],[126.90438,37.52148],[126.9044,37.52194],[126.90442,37.52228],[126.90446,37.52254],[126.90449,37.52273],[126.9045,37.5228]]}},{"type":"Feature","properties":{"class":"minor","highway":"residential","sidewalk":"unknown","lanes":0,"name":"영중로16길","oneway":false},"geometry":{"type":"LineString","coordinates":[[126.90547,37.52081],[126.90587,37.52081],[126.90622,37.52078],[126.90646,37.52079]]}},{"type":"Feature","properties":{"class":"minor","highway":"residential","sidewalk":"unknown","lanes":0,"name":"영등포로45길","oneway":false},"geometry":{"type":"LineString","coordinates":[[126.90831,37.52089],[126.90826,37.52069],[126.90819,37.52048],[126.90814,37.52028],[126.90802,37.51986],[126.90791,37.51946],[126.90787,37.51934]]}},{"type":"Feature","properties":{"class":"minor","highway":"residential","sidewalk":"unknown","lanes":0,"name":"영등포로47길","oneway":false},"geometry":{"type":"LineString","coordinates":[[126.9094,37.5212],[126.90912,37.52105],[126.909,37.52098],[126.90893,37.52089],[126.90885,37.52071],[126.90881,37.52061],[126.90868,37.52016],[126.90855,37.51974],[126.90844,37.5194],[126.90839,37.51923]]}},{"type":"Feature","properties":{"class":"minor","highway":"residential","sidewalk":"unknown","lanes":0,"name":"영등포로43가길","oneway":false},"geometry":{"type":"LineString","coordinates":[[126.90777,37.52099],[126.90772,37.52076]]}},{"type":"Feature","properties":{"class":"minor","highway":"residential","sidewalk":"unknown","lanes":0,"name":"영등포로43가길","oneway":false},"geometry":{"type":"LineString","coordinates":[[126.90772,37.52076],[126.90767,37.52056]]}},{"type":"Feature","properties":{"class":"minor","highway":"residential","sidewalk":"unknown","lanes":0,"name":"영등포로45길","oneway":false},"geometry":{"type":"LineString","coordinates":[[126.90819,37.52048],[126.90767,37.52056]]}},{"type":"Feature","properties":{"class":"minor","highway":"residential","sidewalk":"unknown","lanes":0,"name":"영등포로45길","oneway":false},"geometry":{"type":"LineString","coordinates":[[126.90814,37.52028],[126.90763,37.52035],[126.90767,37.52056]]}},{"type":"Feature","properties":{"class":"minor","highway":"residential","sidewalk":"unknown","lanes":0,"name":"영등포로53길","oneway":false},"geometry":{"type":"LineString","coordinates":[[126.91075,37.52064],[126.91073,37.52058],[126.91037,37.52032]]}},{"type":"Feature","properties":{"class":"minor","highway":"residential","sidewalk":"unknown","lanes":0,"name":"버드나루로3길","oneway":false},"geometry":{"type":"LineString","coordinates":[[126.91218,37.52124],[126.91211,37.52121],[126.91155,37.52098],[126.91075,37.52064]]}},{"type":"Feature","properties":{"class":"minor","highway":"residential","sidewalk":"unknown","lanes":0,"name":"영등포로53길","oneway":false},"geometry":{"type":"LineString","coordinates":[[126.90994,37.52147],[126.90992,37.52143],[126.9094,37.5212]]}},{"type":"Feature","properties":{"class":"minor","highway":"residential","sidewalk":"unknown","lanes":0,"name":"버드나루로5길","oneway":false},"geometry":{"type":"LineString","coordinates":[[126.91155,37.52218],[126.91146,37.52214],[126.91092,37.5219],[126.90994,37.52147]]}},{"type":"Feature","properties":{"class":"major","highway":"primary","sidewalk":"likely","lanes":0,"name":"","oneway":true},"geometry":{"type":"LineString","coordinates":[[126.91518,37.51997],[126.91533,37.52013]]}},{"type":"Feature","properties":{"class":"major","highway":"primary_link","sidewalk":"likely","lanes":0,"name":"","oneway":true},"geometry":{"type":"LineString","coordinates":[[126.91469,37.52037],[126.91377,37.52175]]}},{"type":"Feature","properties":{"class":"major","highway":"primary_link","sidewalk":"likely","lanes":0,"name":"","oneway":true},"geometry":{"type":"LineString","coordinates":[[126.91446,37.52023],[126.9145,37.52015],[126.91451,37.52012],[126.91451,37.5201],[126.9145,37.52005],[126.91447,37.52001],[126.91421,37.5198]]}},{"type":"Feature","properties":{"class":"major","highway":"primary","sidewalk":"likely","lanes":0,"name":"노들로","oneway":true},"geometry":{"type":"LineString","coordinates":[[126.9131,37.52244],[126.91414,37.5209],[126.91455,37.52025]]}},{"type":"Feature","properties":{"class":"major","highway":"primary","sidewalk":"likely","lanes":0,"name":"노들길지하차도","oneway":true},"geometry":{"type":"LineString","coordinates":[[126.91455,37.52025],[126.91496,37.51962]]}},{"type":"Feature","properties":{"class":"minor","highway":"residential","sidewalk":"unknown","lanes":0,"name":"국회대로54길","oneway":false},"geometry":{"type":"LineString","coordinates":[[126.90752,37.52484],[126.90782,37.52438],[126.90807,37.524],[126.90814,37.5239],[126.90819,37.52384],[126.90832,37.52366],[126.90853,37.52337],[126.90892,37.52281],[126.90897,37.52272],[126.90907,37.5226],[126.90917,37.52252],[126.90922,37.52246],[126.90923,37.52244],[126.90937,37.52223],[126.90956,37.52195],[126.90962,37.52187],[126.90994,37.52147],[126.9103,37.52103],[126.91075,37.52064],[126.91123,37.52023],[126.91195,37.51976],[126.91226,37.51958],[126.91232,37.51954],[126.9124,37.51951],[126.91244,37.51949],[126.91249,37.5195],[126.91252,37.51952],[126.91254,37.51956],[126.91255,37.51971],[126.91257,37.51979]]}},{"type":"Feature","properties":{"class":"major","highway":"secondary","sidewalk":"likely","lanes":8,"name":"영등포로","oneway":false},"geometry":{"type":"LineString","coordinates":[[126.90486,37.51998],[126.90468,37.52001],[126.90427,37.52007]]}},{"type":"Feature","properties":{"class":"major","highway":"secondary","sidewalk":"likely","lanes":0,"name":"영중로","oneway":false},"geometry":{"type":"LineString","coordinates":[[126.90486,37.51998],[126.90489,37.52021],[126.90496,37.52105]]}},{"type":"Feature","properties":{"class":"major","highway":"secondary","sidewalk":"likely","lanes":0,"name":"영신로","oneway":false},"geometry":{"type":"LineString","coordinates":[[126.90109,37.52058],[126.90112,37.52071],[126.90117,37.52093],[126.90123,37.52111],[126.90132,37.52147],[126.90134,37.52151],[126.90134,37.52154],[126.90136,37.5216],[126.90143,37.52185],[126.90145,37.52194],[126.90153,37.52224],[126.90157,37.5224],[126.90163,37.52264],[126.90171,37.52291],[126.90178,37.52313],[126.90181,37.52326],[126.90186,37.52341],[126.90207,37.52396],[126.90214,37.52415],[126.90241,37.5249],[126.90243,37.52495],[126.90255,37.52528],[126.90277,37.52589],[126.90285,37.52611],[126.90294,37.52631],[126.90304,37.52654],[126.90322,37.52697],[126.90354,37.52773],[126.90367,37.52803],[126.90385,37.52844],[126.90387,37.52848],[126.90398,37.52875],[126.90405,37.5289]]}},{"type":"Feature","properties":{"class":"major","highway":"trunk","sidewalk":"likely","lanes":4,"name":"올림픽대로","oneway":true},"geometry":{"type":"LineString","coordinates":[[126.90167,37.53817],[126.9021,37.53775],[126.90265,37.53728],[126.90315,37.53694],[126.90363,37.53669],[126.90522,37.53592],[126.90604,37.53549],[126.90649,37.53522],[126.90694,37.53491],[126.90737,37.53457],[126.90779,37.53419],[126.90805,37.53392],[126.90839,37.53352],[126.9088,37.53296],[126.90902,37.53264],[126.90923,37.53226],[126.90936,37.53198],[126.90975,37.53082],[126.91028,37.52902],[126.91042,37.52853],[126.91078,37.52728],[126.91114,37.52617],[126.91169,37.52533],[126.91261,37.52394],[126.91396,37.52196],[126.91473,37.52086],[126.91495,37.52053],[126.91548,37.51978],[126.91587,37.51932],[126.91644,37.5188],[126.91677,37.51858],[126.91752,37.5182],[126.9227,37.51627],[126.92427,37.51572],[126.92511,37.51545],[126.92545,37.51536],[126.92616,37.51519],[126.92679,37.51508],[126.92775,37.51494],[126.92841,37.51491],[126.92907,37.51489],[126.93038,37.51495],[126.93126,37.515],[126.9321,37.51515],[126.94433,37.51739],[126.94492,37.51747],[126.94559,37.51749],[126.94622,37.51747],[126.94677,37.51742],[126.9474,37.51727],[126.9479,37.51708],[126.9486,37.5168],[126.94968,37.51615],[126.95022,37.51592],[126.95074,37.51573],[126.95096,37.51565],[126.95275,37.51512]]}},{"type":"Feature","properties":{"class":"major","highway":"primary_link","sidewalk":"likely","lanes":0,"name":"","oneway":true},"geometry":{"type":"LineString","coordinates":[[126.91355,37.52166],[126.91402,37.52098],[126.91439,37.52037],[126.91446,37.52023]]}},{"type":"Feature","properties":{"class":"major","highway":"primary","sidewalk":"likely","lanes":4,"name":"여의대로","oneway":true},"geometry":{"type":"LineString","coordinates":[[126.91749,37.52152],[126.91779,37.52174],[126.91804,37.52188]]}},{"type":"Feature","properties":{"class":"major","highway":"primary","sidewalk":"likely","lanes":0,"name":"여의대로","oneway":true},"geometry":{"type":"LineString","coordinates":[[126.91749,37.52152],[126.91776,37.52155],[126.91795,37.52159],[126.91825,37.52171]]}},{"type":"Feature","properties":{"class":"minor","highway":"residential","sidewalk":"yes","lanes":0,"name":"여의대로","oneway":false},"geometry":{"type":"LineString","coordinates":[[126.92003,37.52137],[126.9192,37.52225]]}},{"type":"Feature","properties":{"class":"major","highway":"secondary_link","sidewalk":"likely","lanes":0,"name":"","oneway":true},"geometry":{"type":"LineString","coordinates":[[126.90117,37.52093],[126.90101,37.5208],[126.90094,37.52076],[126.90085,37.5207],[126.90078,37.52067],[126.90069,37.52064]]}},{"type":"Feature","properties":{"class":"major","highway":"secondary_link","sidewalk":"likely","lanes":0,"name":"","oneway":true},"geometry":{"type":"LineString","coordinates":[[126.90159,37.52049],[126.90138,37.5206],[126.90131,37.52066],[126.90127,37.5207],[126.90125,37.52072],[126.90117,37.52093]]}},{"type":"Feature","properties":{"class":"major","highway":"secondary_link","sidewalk":"likely","lanes":0,"name":"","oneway":true},"geometry":{"type":"LineString","coordinates":[[126.90103,37.52026],[126.90109,37.52028],[126.90118,37.52034],[126.90124,37.52038],[126.90133,37.52042],[126.90143,37.52044],[126.90159,37.52049]]}},{"type":"Feature","properties":{"class":"minor","highway":"residential","sidewalk":"no","lanes":0,"name":"영등포로35길","oneway":true},"geometry":{"type":"LineString","coordinates":[[126.90386,37.52014],[126.90389,37.52028],[126.90398,37.52068]]}},{"type":"Feature","properties":{"class":"major","highway":"secondary","sidewalk":"likely","lanes":8,"name":"영등포로","oneway":false},"geometry":{"type":"LineString","coordinates":[[126.90386,37.52014],[126.90336,37.52022],[126.90322,37.52024],[126.90294,37.52028],[126.90246,37.52036],[126.90159,37.52049],[126.90122,37.52055],[126.90109,37.52058]]}},{"type":"Feature","properties":{"class":"major","highway":"trunk_link","sidewalk":"likely","lanes":0,"name":"","oneway":true},"geometry":{"type":"LineString","coordinates":[[126.91319,37.5228],[126.91408,37.52153],[126.91457,37.52092],[126.91495,37.52053]]}},{"type":"Feature","properties":{"class":"major","highway":"trunk_link","sidewalk":"likely","lanes":1,"name":"","oneway":true},"geometry":{"type":"LineString","coordinates":[[126.91505,37.52131],[126.91494,37.52166],[126.91428,37.52264]]}},{"type":"Feature","properties":{"class":"major","highway":"secondary","sidewalk":"likely","lanes":0,"name":"영중로","oneway":false},"geometry":{"type":"LineString","coordinates":[[126.90496,37.52105],[126.90497,37.5212],[126.90499,37.52136],[126.905,37.5215],[126.90503,37.52191],[126.90506,37.52224]]}},{"type":"Feature","properties":{"class":"major","highway":"primary_link","sidewalk":"likely","lanes":1,"name":"","oneway":true},"geometry":{"type":"LineString","coordinates":[[126.9178,37.52142],[126.91782,37.52145],[126.9179,37.52151],[126.91797,37.52156],[126.91825,37.52171]]}},{"type":"Feature","properties":{"class":"major","highway":"secondary","sidewalk":"likely","lanes":8,"name":"영등포로","oneway":false},"geometry":{"type":"LineString","coordinates":[[126.90427,37.52007],[126.90386,37.52014]]}},{"type":"Feature","properties":{"class":"major","highway":"primary","sidewalk":"likely","lanes":0,"name":"경인로","oneway":true},"geometry":{"type":"LineString","coordinates":[[126.91736,37.52167],[126.91711,37.5215]]}},{"type":"Feature","properties":{"class":"major","highway":"primary","sidewalk":"likely","lanes":0,"name":"경인로","oneway":true},"geometry":{"type":"LineString","coordinates":[[126.91726,37.52136],[126.91749,37.52152]]}},{"type":"Feature","properties":{"class":"major","highway":"primary","sidewalk":"likely","lanes":0,"name":"여의대로","oneway":true},"geometry":{"type":"LineString","coordinates":[[126.91765,37.52187],[126.91736,37.52167]]}},{"type":"Feature","properties":{"class":"major","highway":"primary_link","sidewalk":"likely","lanes":1,"name":"","oneway":true},"geometry":{"type":"LineString","coordinates":[[126.91779,37.52117],[126.91779,37.5213],[126.91778,37.52137],[126.9178,37.52142]]}},{"type":"Feature","properties":{"class":"major","highway":"secondary","sidewalk":"likely","lanes":0,"name":"여의서로","oneway":false},"geometry":{"type":"LineString","coordinates":[[126.91749,37.52152],[126.91736,37.52167],[126.91724,37.52182],[126.91713,37.52194]]}},{"type":"Feature","properties":{"class":"major","highway":"secondary","sidewalk":"likely","lanes":0,"name":"여의동로","oneway":false},"geometry":{"type":"LineString","coordinates":[[126.91749,37.52152],[126.91762,37.52137],[126.91779,37.52117],[126.91787,37.52107],[126.9179,37.52104],[126.91793,37.52102],[126.91812,37.52085],[126.91847,37.5206],[126.91861,37.5205],[126.91903,37.52023],[126.91973,37.51985]]}},{"type":"Feature","properties":{"class":"alley","highway":"service","sidewalk":"unknown","lanes":0,"name":"","oneway":false},"geometry":{"type":"LineString","coordinates":[[126.91161,37.5317],[126.9117,37.53176],[126.91184,37.53185],[126.91192,37.5319],[126.91228,37.53211],[126.91293,37.53251],[126.91311,37.53262],[126.91324,37.53263]]}},{"type":"Feature","properties":{"class":"alley","highway":"service","sidewalk":"unknown","lanes":1,"name":"","oneway":true},"geometry":{"type":"LineString","coordinates":[[126.91598,37.53162],[126.91589,37.53171],[126.91574,37.53186],[126.91567,37.53193],[126.91554,37.53206],[126.91513,37.5325],[126.91459,37.53304],[126.91451,37.53312],[126.91426,37.53296],[126.91392,37.53275]]}},{"type":"Feature","properties":{"class":"alley","highway":"service","sidewalk":"unknown","lanes":0,"name":"","oneway":false},"geometry":{"type":"LineString","coordinates":[[126.91696,37.53224],[126.91838,37.53081]]}},{"type":"Feature","properties":{"class":"alley","highway":"service","sidewalk":"unknown","lanes":2,"name":"","oneway":false},"geometry":{"type":"LineString","coordinates":[[126.91246,37.52949],[126.91252,37.5295],[126.91262,37.52953],[126.91268,37.52957],[126.91295,37.52973],[126.91337,37.53],[126.91344,37.53005],[126.91367,37.53018],[126.91392,37.53034],[126.91405,37.53041],[126.91415,37.53047],[126.91481,37.53088],[126.91502,37.53101],[126.91524,37.53115],[126.91589,37.53155],[126.91598,37.53162],[126.9161,37.5317],[126.91696,37.53224],[126.91796,37.53287],[126.91809,37.53297],[126.91814,37.533]]}},{"type":"Feature","properties":{"class":"major","highway":"primary_link","sidewalk":"likely","lanes":0,"name":"","oneway":true},"geometry":{"type":"LineString","coordinates":[[126.90059,37.53956],[126.90003,37.5389],[126.89988,37.53881],[126.89981,37.53879]]}},{"type":"Feature","properties":{"class":"major","highway":"primary_link","sidewalk":"likely","lanes":0,"name":"","oneway":true},"geometry":{"type":"LineString","coordinates":[[126.90083,37.53701],[126.90101,37.53704],[126.90114,37.53715],[126.90115,37.53729],[126.90109,37.5374],[126.9,37.53828]]}},{"type":"Feature","properties":{"class":"major","highway":"primary_link","sidewalk":"likely","lanes":0,"name":"","oneway":true},"geometry":{"type":"LineString","coordinates":[[126.90059,37.53956],[126.90006,37.53903],[126.89991,37.53893],[126.89979,37.53889]]}},{"type":"Feature","properties":{"class":"major","highway":"trunk_link","sidewalk":"likely","lanes":0,"name":"","oneway":true},"geometry":{"type":"LineString","coordinates":[[126.90589,37.53489],[126.90589,37.53495],[126.90591,37.53502],[126.90598,37.53509],[126.90608,37.53512],[126.90621,37.53514],[126.90643,37.53509]]}},{"type":"Feature","properties":{"class":"major","highway":"primary_link","sidewalk":"likely","lanes":0,"name":"","oneway":true},"geometry":{"type":"LineString","coordinates":[[126.90522,37.53511],[126.90557,37.5348],[126.90579,37.5346],[126.90604,37.53434],[126.90674,37.53359],[126.90741,37.53287],[126.90764,37.53261],[126.9079,37.53226],[126.90805,37.53204],[126.90827,37.53165],[126.90849,37.53118],[126.90877,37.53044],[126.90909,37.5296],[126.90944,37.52887]]}},{"type":"Feature","properties":{"class":"major","highway":"trunk_link","sidewalk":"likely","lanes":0,"name":"","oneway":true},"geometry":{"type":"LineString","coordinates":[[126.90898,37.53123],[126.90888,37.53168],[126.90887,37.53173],[126.90886,37.53181],[126.90891,37.53188],[126.90897,37.53192],[126.90912,37.532]]}},{"type":"Feature","properties":{"class":"major","highway":"trunk_link","sidewalk":"likely","lanes":0,"name":"","oneway":true},"geometry":{"type":"LineString","coordinates":[[126.90664,37.53494],[126.90686,37.53471],[126.9071,37.53445]]}},{"type":"Feature","properties":{"class":"major","highway":"trunk_link","sidewalk":"likely","lanes":0,"name":"","oneway":true},"geometry":{"type":"LineString","coordinates":[[126.90912,37.532],[126.90974,37.5322]]}},{"type":"Feature","properties":{"class":"major","highway":"trunk_link","sidewalk":"likely","lanes":0,"name":"","oneway":true},"geometry":{"type":"LineString","coordinates":[[126.9095,37.53252],[126.90943,37.53288],[126.90946,37.53303],[126.90952,37.53312],[126.90964,37.53319],[126.90975,37.53323]]}},{"type":"Feature","properties":{"class":"major","highway":"trunk_link","sidewalk":"likely","lanes":0,"name":"","oneway":true},"geometry":{"type":"LineString","coordinates":[[126.9104,37.52931],[126.91029,37.53014],[126.91019,37.53085],[126.91014,37.53128],[126.91008,37.53146],[126.9099,37.53176],[126.90976,37.53196],[126.90955,37.53234],[126.9095,37.53252],[126.9093,37.53302],[126.90911,37.53331],[126.90898,37.53346],[126.90856,37.53388],[126.90848,37.53397],[126.90777,37.53461],[126.90737,37.53492],[126.90711,37.53503]]}},{"type":"Feature","properties":{"class":"major","highway":"trunk_link","sidewalk":"likely","lanes":0,"name":"","oneway":true},"geometry":{"type":"LineString","coordinates":[[126.90587,37.53542],[126.90597,37.53526],[126.90595,37.53517],[126.90586,37.5351],[126.90575,37.5351],[126.90567,37.53512],[126.90546,37.53517]]}},{"type":"Feature","properties":{"class":"major","highway":"trunk","sidewalk":"likely","lanes":4,"name":"올림픽대로","oneway":true},"geometry":{"type":"LineString","coordinates":[[126.90213,37.53758],[126.90263,37.53716],[126.90296,37.53693],[126.90325,37.53675],[126.90371,37.5365],[126.90499,37.53587],[126.90587,37.53542],[126.9059,37.5354],[126.90643,37.53509],[126.90664,37.53494],[126.90725,37.53448],[126.90767,37.53411],[126.90811,37.53363],[126.90852,37.5331],[126.90877,37.53273],[126.90898,37.53239],[126.90912,37.53214],[126.90922,37.53191],[126.90941,37.53141],[126.90952,37.53106],[126.90962,37.53067],[126.90971,37.53035]]}},{"type":"Feature","properties":{"class":"major","highway":"trunk_link","sidewalk":"likely","lanes":0,"name":"","oneway":true},"geometry":{"type":"LineString","coordinates":[[126.90805,37.53204],[126.90831,37.53181]]}},{"type":"Feature","properties":{"class":"major","highway":"trunk_link","sidewalk":"likely","lanes":0,"name":"","oneway":true},"geometry":{"type":"LineString","coordinates":[[126.91144,37.5336],[126.91136,37.53357],[126.91122,37.53345],[126.91109,37.53336],[126.91094,37.53327],[126.91076,37.53322],[126.91059,37.53321],[126.91044,37.53321],[126.91025,37.53325],[126.91013,37.53329]]}},{"type":"Feature","properties":{"class":"major","highway":"trunk_link","sidewalk":"likely","lanes":0,"name":"","oneway":true},"geometry":{"type":"LineString","coordinates":[[126.90906,37.53206],[126.9089,37.53206],[126.9088,37.53206],[126.90872,37.53207],[126.90864,37.5321],[126.90853,37.53219],[126.90847,37.53228]]}},{"type":"Feature","properties":{"class":"major","highway":"primary","sidewalk":"likely","lanes":0,"name":"노들로","oneway":true},"geometry":{"type":"LineString","coordinates":[[126.90965,37.52859],[126.90957,37.52889],[126.90948,37.52912],[126.90919,37.53014],[126.90892,37.53107],[126.90882,37.53135],[126.90869,37.53162],[126.90859,37.53183],[126.90842,37.53208],[126.90818,37.53242],[126.90802,37.53266],[126.90783,37.53289],[126.90748,37.53327],[126.90718,37.53357],[126.90584,37.53483],[126.90553,37.53503],[126.90523,37.5352],[126.90483,37.53539]]}},{"type":"Feature","properties":{"class":"major","highway":"secondary_link","sidewalk":"likely","lanes":0,"name":"","oneway":true},"geometry":{"type":"LineString","coordinates":[[126.91589,37.53346],[126.91581,37.5335],[126.91578,37.53351],[126.91512,37.53376],[126.91459,37.5339]]}},{"type":"Feature","properties":{"class":"major","highway":"primary_link","sidewalk":"likely","lanes":0,"name":"","oneway":true},"geometry":{"type":"LineString","coordinates":[[126.90248,37.53648],[126.90227,37.53671],[126.90171,37.53718],[126.90039,37.53833],[126.90038,37.53834]]}},{"type":"Feature","properties":{"class":"major","highway":"primary_link","sidewalk":"likely","lanes":0,"name":"","oneway":true},"geometry":{"type":"LineString","coordinates":[[126.89959,37.53737],[126.89992,37.5373],[126.90063,37.5372]]}},{"type":"Feature","properties":{"class":"major","highway":"primary_link","sidewalk":"likely","lanes":0,"name":"","oneway":true},"geometry":{"type":"LineString","coordinates":[[126.90083,37.53701],[126.90103,37.53696],[126.9017,37.53668],[126.90197,37.53654],[126.90243,37.53631]]}},{"type":"Feature","properties":{"class":"minor","highway":"residential","sidewalk":"unknown","lanes":0,"name":"당산로52길","oneway":false},"geometry":{"type":"LineString","coordinates":[[126.90335,37.53552],[126.90343,37.53548],[126.90397,37.53515],[126.90411,37.53508],[126.90419,37.53503]]}},{"type":"Feature","properties":{"class":"major","highway":"primary_link","sidewalk":"likely","lanes":0,"name":"","oneway":true},"geometry":{"type":"LineString","coordinates":[[126.90288,37.53605],[126.90299,37.53591],[126.90314,37.5358],[126.90317,37.53572]]}},{"type":"Feature","properties":{"class":"major","highway":"secondary","sidewalk":"likely","lanes":0,"name":"당산로","oneway":true},"geometry":{"type":"LineString","coordinates":[[126.90201,37.53386],[126.9021,37.53397],[126.90211,37.53398],[126.90238,37.53432],[126.90302,37.53511],[126.90319,37.53532],[126.90335,37.53552]]}},{"type":"Feature","properties":{"class":"major","highway":"secondary","sidewalk":"likely","lanes":0,"name":"당산로","oneway":true},"geometry":{"type":"LineString","coordinates":[[126.90183,37.53395],[126.90175,37.53385],[126.90173,37.53383],[126.90157,37.53362],[126.9013,37.53329],[126.90123,37.5332],[126.90111,37.53304],[126.90092,37.5328],[126.90036,37.53209],[126.89956,37.53107],[126.89942,37.53089]]}},{"type":"Feature","properties":{"class":"major","highway":"primary","sidewalk":"likely","lanes":0,"name":"노들로","oneway":true},"geometry":{"type":"LineString","coordinates":[[126.90129,37.53716],[126.90201,37.53663]]}},{"type":"Feature","properties":{"class":"major","highway":"primary_link","sidewalk":"likely","lanes":0,"name":"","oneway":true},"geometry":{"type":"LineString","coordinates":[[126.90025,37.53778],[126.90021,37.53853],[126.90025,37.53869],[126.90034,37.53884]]}},{"type":"Feature","properties":{"class":"major","highway":"primary_link","sidewalk":"likely","lanes":0,"name":"","oneway":true},"geometry":{"type":"LineString","coordinates":[[126.90063,37.5372],[126.90095,37.53713],[126.90124,37.53701]]}},{"type":"Feature","properties":{"class":"major","highway":"primary","sidewalk":"likely","lanes":0,"name":"노들로","oneway":true},"geometry":{"type":"LineString","coordinates":[[126.90083,37.53748],[126.90129,37.53716]]}},{"type":"Feature","properties":{"class":"major","highway":"primary","sidewalk":"likely","lanes":0,"name":"노들로","oneway":true},"geometry":{"type":"LineString","coordinates":[[126.8987,37.53898],[126.90083,37.53748]]}},{"type":"Feature","properties":{"class":"major","highway":"primary_link","sidewalk":"likely","lanes":0,"name":"","oneway":true},"geometry":{"type":"LineString","coordinates":[[126.90038,37.53834],[126.90037,37.53835],[126.90033,37.53841],[126.90031,37.53849],[126.90029,37.53859],[126.9003,37.5387],[126.90034,37.53884]]}},{"type":"Feature","properties":{"class":"major","highway":"primary","sidewalk":"likely","lanes":0,"name":"선유로","oneway":true},"geometry":{"type":"LineString","coordinates":[[126.90059,37.53956],[126.89993,37.53869]]}},{"type":"Feature","properties":{"class":"major","highway":"primary_link","sidewalk":"likely","lanes":0,"name":"","oneway":true},"geometry":{"type":"LineString","coordinates":[[126.90124,37.53701],[126.90166,37.53681],[126.90201,37.53663]]}},{"type":"Feature","properties":{"class":"major","highway":"primary","sidewalk":"likely","lanes":0,"name":"선유로","oneway":true},"geometry":{"type":"LineString","coordinates":[[126.89839,37.53645],[126.89845,37.53653],[126.89854,37.53665],[126.89995,37.53844],[126.90074,37.5395]]}},{"type":"Feature","properties":{"class":"alley","highway":"service","sidewalk":"unknown","lanes":0,"name":"","oneway":true},"geometry":{"type":"LineString","coordinates":[[126.91574,37.53186],[126.91567,37.53187],[126.9156,37.53186],[126.91557,37.53185],[126.91549,37.53182],[126.91491,37.53147]]}},{"type":"Feature","properties":{"class":"minor","highway":"residential","sidewalk":"unknown","lanes":0,"name":"","oneway":false},"geometry":{"type":"LineString","coordinates":[[126.90662,37.53258],[126.90668,37.5326],[126.90672,37.53262],[126.90718,37.53288]]}},{"type":"Feature","properties":{"class":"minor","highway":"residential","sidewalk":"unknown","lanes":0,"name":"당산로44길","oneway":false},"geometry":{"type":"LineString","coordinates":[[126.90048,37.53189],[126.90054,37.53187],[126.90208,37.53122],[126.90442,37.53033],[126.90461,37.53026]]}},{"type":"Feature","properties":{"class":"minor","highway":"residential","sidewalk":"unknown","lanes":0,"name":"양평로14길","oneway":false},"geometry":{"type":"LineString","coordinates":[[126.90022,37.53704],[126.9001,37.53687],[126.89984,37.53651],[126.89958,37.53615],[126.89933,37.5358],[126.89907,37.53546],[126.899,37.53536]]}},{"type":"Feature","properties":{"class":"minor","highway":"residential","sidewalk":"unknown","lanes":0,"name":"선유로52길","oneway":false},"geometry":{"type":"LineString","coordinates":[[126.89826,37.53631],[126.89846,37.53623],[126.89933,37.5358],[126.89997,37.53549],[126.90041,37.53528]]}},{"type":"Feature","properties":{"class":"minor","highway":"residential","sidewalk":"unknown","lanes":0,"name":"양평로","oneway":false},"geometry":{"type":"LineString","coordinates":[[126.90119,37.53491],[126.90092,37.53456],[126.90082,37.53444]]}},{"type":"Feature","properties":{"class":"minor","highway":"residential","sidewalk":"unknown","lanes":0,"name":"양평로12길","oneway":false},"geometry":{"type":"LineString","coordinates":[[126.90148,37.53668],[126.90121,37.53631],[126.90093,37.53596],[126.90064,37.5356],[126.90041,37.53528],[126.90015,37.53494],[126.90006,37.53482]]}},{"type":"Feature","properties":{"class":"minor","highway":"residential","sidewalk":"unknown","lanes":0,"name":"선유로54길","oneway":false},"geometry":{"type":"LineString","coordinates":[[126.89866,37.53659],[126.89873,37.53656],[126.89958,37.53615],[126.89993,37.53597],[126.90064,37.5356]]}},{"type":"Feature","properties":{"class":"minor","highway":"residential","sidewalk":"unknown","lanes":0,"name":"당산로49길","oneway":false},"geometry":{"type":"LineString","coordinates":[[126.89912,37.53686],[126.89915,37.5369],[126.8992,37.53695],[126.8993,37.537],[126.89943,37.53703],[126.89955,37.53705],[126.89974,37.53705],[126.9001,37.53687],[126.90121,37.53631],[126.90147,37.53615],[126.90172,37.53598],[126.90178,37.53594],[126.90232,37.53556],[126.90239,37.53552],[126.90247,37.53548],[126.90276,37.53531],[126.90284,37.53524]]}},{"type":"Feature","properties":{"class":"minor","highway":"residential","sidewalk":"unknown","lanes":0,"name":"당산로47길","oneway":false},"geometry":{"type":"LineString","coordinates":[[126.90263,37.53596],[126.90232,37.53556],[126.90192,37.53504],[126.90168,37.53476],[126.90179,37.53437],[126.90184,37.53419]]}},{"type":"Feature","properties":{"class":"minor","highway":"residential","sidewalk":"unknown","lanes":0,"name":"당산로49길","oneway":false},"geometry":{"type":"LineString","coordinates":[[126.90172,37.53598],[126.90152,37.53575],[126.90165,37.53569],[126.9015,37.53547]]}},{"type":"Feature","properties":{"class":"minor","highway":"residential","sidewalk":"unknown","lanes":0,"name":"당산로51길","oneway":false},"geometry":{"type":"LineString","coordinates":[[126.90022,37.53704],[126.9005,37.53699],[126.9007,37.53694],[126.90091,37.53689],[126.901,37.53687],[126.90111,37.53683],[126.9013,37.53676],[126.90148,37.53668],[126.90165,37.53659],[126.90179,37.53651],[126.90263,37.53596],[126.90307,37.53571],[126.90317,37.53566]]}},{"type":"Feature","properties":{"class":"minor","highway":"residential","sidewalk":"unknown","lanes":0,"name":"","oneway":false},"geometry":{"type":"LineString","coordinates":[[126.90167,37.53632],[126.90147,37.53615]]}},{"type":"Feature","properties":{"class":"minor","highway":"residential","sidewalk":"unknown","lanes":0,"name":"당산로49길","oneway":false},"geometry":{"type":"LineString","coordinates":[[126.90197,37.53612],[126.90178,37.53594]]}},{"type":"Feature","properties":{"class":"alley","highway":"service","sidewalk":"unknown","lanes":0,"name":"당산로45길","oneway":false},"geometry":{"type":"LineString","coordinates":[[126.90104,37.53433],[126.90098,37.53426],[126.90072,37.53395],[126.90072,37.53393],[126.90093,37.53336],[126.90095,37.53332],[126.90118,37.53322],[126.90123,37.5332]]}},{"type":"Feature","properties":{"class":"minor","highway":"residential","sidewalk":"unknown","lanes":0,"name":"당산로50길","oneway":false},"geometry":{"type":"LineString","coordinates":[[126.90302,37.53511],[126.9031,37.53504],[126.90353,37.53482],[126.90363,37.53476],[126.90386,37.53466],[126.90392,37.53462],[126.90396,37.53456],[126.90404,37.53445],[126.90408,37.53438],[126.90414,37.53432],[126.90418,37.53429],[126.90419,37.53426],[126.90436,37.53413],[126.90442,37.53407],[126.9045,37.53398],[126.90465,37.53375],[126.90472,37.53363],[126.90475,37.53348],[126.90477,37.53345],[126.90484,37.53332],[126.90494,37.53319],[126.90499,37.53313],[126.90503,37.53305],[126.90502,37.53291],[126.90506,37.53275],[126.90507,37.5327],[126.90506,37.53266],[126.905,37.53251],[126.90494,37.53241]]}},{"type":"Feature","properties":{"class":"major","highway":"primary_link","sidewalk":"likely","lanes":0,"name":"","oneway":true},"geometry":{"type":"LineString","coordinates":[[126.9045,37.53509],[126.90449,37.53517],[126.9045,37.53521],[126.90453,37.53525],[126.90459,37.53528],[126.90473,37.53532]]}},{"type":"Feature","properties":{"class":"major","highway":"tertiary","sidewalk":"likely","lanes":0,"name":"당산로54길","oneway":true},"geometry":{"type":"LineString","coordinates":[[126.90455,37.535],[126.90459,37.53494],[126.9046,37.53491],[126.90527,37.53439],[126.9054,37.5343],[126.90563,37.53409],[126.9058,37.53392],[126.90596,37.53373],[126.906,37.53367],[126.90613,37.53348],[126.90636,37.53306],[126.90642,37.53295],[126.90662,37.53258],[126.90654,37.53252],[126.90645,37.53244],[126.90643,37.53242],[126.90639,37.53238],[126.90636,37.53231]]}},{"type":"Feature","properties":{"class":"minor","highway":"residential","sidewalk":"unknown","lanes":0,"name":"당산로50가길","oneway":true},"geometry":{"type":"LineString","coordinates":[[126.90507,37.5327],[126.90515,37.53275],[126.90522,37.53276],[126.90534,37.53277],[126.9055,37.53277]]}},{"type":"Feature","properties":{"class":"minor","highway":"residential","sidewalk":"unknown","lanes":0,"name":"","oneway":false},"geometry":{"type":"LineString","coordinates":[[126.90621,37.53304],[126.90623,37.53301],[126.9062,37.53292],[126.90619,37.53286]]}},{"type":"Feature","properties":{"class":"minor","highway":"residential","sidewalk":"unknown","lanes":0,"name":"당산로54길","oneway":false},"geometry":{"type":"LineString","coordinates":[[126.906,37.53367],[126.90594,37.53367],[126.90577,37.53365],[126.90555,37.53362],[126.90559,37.53356],[126.90565,37.53343],[126.90573,37.53331]]}},{"type":"Feature","properties":{"class":"minor","highway":"residential","sidewalk":"unknown","lanes":0,"name":"당산로46길","oneway":false},"geometry":{"type":"LineString","coordinates":[[126.9023,37.53398],[126.90238,37.53399],[126.90246,37.534],[126.9026,37.53402],[126.90265,37.53399],[126.90284,37.53383],[126.903,37.53375],[126.90354,37.53352],[126.90356,37.53347],[126.90357,37.53345],[126.90358,37.53343],[126.90395,37.53328],[126.90436,37.53313],[126.90462,37.53308],[126.90497,37.53302],[126.90503,37.53305],[126.90521,37.53306],[126.90546,37.53308],[126.90558,37.53307],[126.90569,37.53306],[126.90571,37.53309],[126.90589,37.53311]]}},{"type":"Feature","properties":{"class":"minor","highway":"residential","sidewalk":"unknown","lanes":0,"name":"당산로48길","oneway":false},"geometry":{"type":"LineString","coordinates":[[126.90246,37.534],[126.90246,37.53403],[126.90246,37.53407],[126.90249,37.53411],[126.90251,37.53414],[126.90255,37.53415],[126.90281,37.53431],[126.90285,37.53433],[126.90309,37.53449],[126.90318,37.53454],[126.90335,37.53464],[126.90352,37.53474],[126.90363,37.53476],[126.90368,37.53482],[126.90399,37.53501],[126.90411,37.53508]]}},{"type":"Feature","properties":{"class":"minor","highway":"residential","sidewalk":"unknown","lanes":0,"name":"당산로48길","oneway":false},"geometry":{"type":"LineString","coordinates":[[126.90309,37.53449],[126.90336,37.53425],[126.90339,37.53422],[126.90328,37.53412],[126.90342,37.53406],[126.90392,37.53382]]}},{"type":"Feature","properties":{"class":"minor","highway":"residential","sidewalk":"unknown","lanes":0,"name":"양평로","oneway":false},"geometry":{"type":"LineString","coordinates":[[126.90358,37.53343],[126.90348,37.5333],[126.90338,37.53318]]}},{"type":"Feature","properties":{"class":"alley","highway":"service","sidewalk":"unknown","lanes":0,"name":"","oneway":false},"geometry":{"type":"LineString","coordinates":[[126.90408,37.53413],[126.90414,37.53421],[126.90418,37.53429]]}},{"type":"Feature","properties":{"class":"minor","highway":"residential","sidewalk":"unknown","lanes":0,"name":"당산로46가길","oneway":false},"geometry":{"type":"LineString","coordinates":[[126.90437,37.53363],[126.90436,37.53355],[126.90466,37.53348],[126.90475,37.53348]]}},{"type":"Feature","properties":{"class":"minor","highway":"residential","sidewalk":"unknown","lanes":0,"name":"당산로50길","oneway":false},"geometry":{"type":"LineString","coordinates":[[126.90404,37.53445],[126.90433,37.53455],[126.90435,37.53453],[126.90442,37.53446],[126.90452,37.53448],[126.90462,37.53438],[126.90466,37.53437],[126.90475,37.53439],[126.90481,37.53435],[126.90485,37.53432],[126.90496,37.53424]]}},{"type":"Feature","properties":{"class":"minor","highway":"residential","sidewalk":"unknown","lanes":0,"name":"당산로52길","oneway":false},"geometry":{"type":"LineString","coordinates":[[126.90509,37.53421],[126.90503,37.53421],[126.90496,37.53424],[126.90487,37.53417],[126.90477,37.53414]]}},{"type":"Feature","properties":{"class":"major","highway":"primary_link","sidewalk":"likely","lanes":0,"name":"","oneway":true},"geometry":{"type":"LineString","coordinates":[[126.89959,37.53737],[126.8999,37.53738],[126.9001,37.53748],[126.90022,37.53763],[126.90025,37.53778]]}},{"type":"Feature","properties":{"class":"major","highway":"secondary","sidewalk":"likely","lanes":0,"name":"당산로","oneway":true},"geometry":{"type":"LineString","coordinates":[[126.90317,37.53572],[126.90317,37.53566],[126.90284,37.53524],[126.90251,37.53482]]}},{"type":"Feature","properties":{"class":"major","highway":"trunk_link","sidewalk":"likely","lanes":0,"name":"","oneway":true},"geometry":{"type":"LineString","coordinates":[[126.91039,37.5323],[126.91047,37.53229],[126.91055,37.53226],[126.91064,37.53221],[126.91076,37.53214],[126.91082,37.53208],[126.91088,37.532],[126.91091,37.53191],[126.91091,37.53182],[126.9109,37.53175],[126.91086,37.53169],[126.91075,37.53161],[126.91065,37.53155],[126.91053,37.53152],[126.9104,37.5315],[126.91024,37.53153],[126.91011,37.53159],[126.91001,37.53166],[126.9099,37.53176]]}},{"type":"Feature","properties":{"class":"major","highway":"trunk_link","sidewalk":"likely","lanes":0,"name":"","oneway":true},"geometry":{"type":"LineString","coordinates":[[126.90831,37.53181],[126.90911,37.53125]]}},{"type":"Feature","properties":{"class":"major","highway":"secondary","sidewalk":"likely","lanes":0,"name":"","oneway":true},"geometry":{"type":"LineString","coordinates":[[126.91012,37.53231],[126.91036,37.53238]]}},{"type":"Feature","properties":{"class":"major","highway":"trunk_link","sidewalk":"likely","lanes":0,"name":"","oneway":true},"geometry":{"type":"LineString","coordinates":[[126.91013,37.53329],[126.90995,37.53332],[126.90976,37.53333]]}},{"type":"Feature","properties":{"class":"major","highway":"secondary","sidewalk":"likely","lanes":0,"name":"","oneway":true},"geometry":{"type":"LineString","coordinates":[[126.91031,37.53248],[126.90987,37.53234]]}},{"type":"Feature","properties":{"class":"major","highway":"trunk_link","sidewalk":"likely","lanes":0,"name":"","oneway":true},"geometry":{"type":"LineString","coordinates":[[126.91012,37.53231],[126.91029,37.53231],[126.91039,37.5323]]}},{"type":"Feature","properties":{"class":"major","highway":"trunk_link","sidewalk":"likely","lanes":0,"name":"","oneway":true},"geometry":{"type":"LineString","coordinates":[[126.90971,37.53229],[126.90906,37.53206]]}},{"type":"Feature","properties":{"class":"major","highway":"trunk_link","sidewalk":"likely","lanes":0,"name":"","oneway":true},"geometry":{"type":"LineString","coordinates":[[126.91027,37.53257],[126.91019,37.5325],[126.91005,37.53244],[126.90987,37.53234]]}},{"type":"Feature","properties":{"class":"major","highway":"trunk_link","sidewalk":"likely","lanes":0,"name":"","oneway":true},"geometry":{"type":"LineString","coordinates":[[126.90734,37.5331],[126.90739,37.53294],[126.90741,37.53287]]}},{"type":"Feature","properties":{"class":"major","highway":"trunk_link","sidewalk":"likely","lanes":0,"name":"","oneway":true},"geometry":{"type":"LineString","coordinates":[[126.90975,37.53323],[126.9099,37.53324],[126.91001,37.53322],[126.91012,37.53319]]}},{"type":"Feature","properties":{"class":"major","highway":"trunk_link","sidewalk":"likely","lanes":0,"name":"","oneway":true},"geometry":{"type":"LineString","coordinates":[[126.9071,37.53445],[126.9072,37.53428],[126.90727,37.5341],[126.90729,37.53389],[126.90734,37.5331]]}},{"type":"Feature","properties":{"class":"major","highway":"secondary_link","sidewalk":"likely","lanes":0,"name":"","oneway":true},"geometry":{"type":"LineString","coordinates":[[126.90335,37.53552],[126.90344,37.53559],[126.90353,37.53562],[126.90361,37.53563],[126.90391,37.53562]]}},{"type":"Feature","properties":{"class":"major","highway":"trunk_link","sidewalk":"likely","lanes":0,"name":"","oneway":true},"geometry":{"type":"LineString","coordinates":[[126.90976,37.53333],[126.90954,37.53334],[126.90938,37.53336],[126.90924,37.5334],[126.90912,37.53345],[126.90898,37.53354],[126.90856,37.53388]]}},{"type":"Feature","properties":{"class":"major","highway":"trunk_link","sidewalk":"likely","lanes":0,"name":"","oneway":true},"geometry":{"type":"LineString","coordinates":[[126.91012,37.53319],[126.9103,37.53309],[126.91038,37.53297],[126.91039,37.53283],[126.91036,37.5327],[126.91027,37.53257]]}},{"type":"Feature","properties":{"class":"major","highway":"secondary_link","sidewalk":"likely","lanes":0,"name":"","oneway":true},"geometry":{"type":"LineString","coordinates":[[126.90256,37.53359],[126.90235,37.5338],[126.90232,37.53389],[126.90231,37.53393],[126.9023,37.53398],[126.90226,37.5341],[126.90238,37.53432]]}},{"type":"Feature","properties":{"class":"alley","highway":"service","sidewalk":"unknown","lanes":0,"name":"","oneway":false},"geometry":{"type":"LineString","coordinates":[[126.91788,37.53049],[126.91838,37.53081],[126.91857,37.53093],[126.91837,37.53113],[126.91892,37.53147],[126.919,37.53147],[126.91987,37.53202],[126.91989,37.53212],[126.92019,37.5323],[126.92022,37.53231]]}},{"type":"Feature","properties":{"class":"major","highway":"primary","sidewalk":"likely","lanes":0,"name":"노들로","oneway":true},"geometry":{"type":"LineString","coordinates":[[126.90201,37.53663],[126.90243,37.53631]]}},{"type":"Feature","properties":{"class":"major","highway":"primary","sidewalk":"likely","lanes":0,"name":"노들로","oneway":true},"geometry":{"type":"LineString","coordinates":[[126.90288,37.53605],[126.90307,37.53596],[126.90332,37.53583],[126.90391,37.53562]]}},{"type":"Feature","properties":{"class":"major","highway":"primary","sidewalk":"likely","lanes":0,"name":"노들로","oneway":true},"geometry":{"type":"LineString","coordinates":[[126.9,37.53828],[126.89927,37.53878],[126.89758,37.54005]]}},{"type":"Feature","properties":{"class":"minor","highway":"residential","sidewalk":"unknown","lanes":0,"name":"선유로54길","oneway":false},"geometry":{"type":"LineString","coordinates":[[126.90014,37.53636],[126.90008,37.53623],[126.90003,37.53611],[126.89998,37.53603],[126.89993,37.53597]]}},{"type":"Feature","properties":{"class":"minor","highway":"residential","sidewalk":"unknown","lanes":0,"name":"당산로48길","oneway":false},"geometry":{"type":"LineString","coordinates":[[126.90281,37.53431],[126.90306,37.53408],[126.90331,37.53393],[126.90336,37.53393],[126.90342,37.53406]]}},{"type":"Feature","properties":{"class":"minor","highway":"residential","sidewalk":"unknown","lanes":0,"name":"당산로52길","oneway":false},"geometry":{"type":"LineString","coordinates":[[126.9051,37.53392],[126.9053,37.53391],[126.90537,37.53404]]}},{"type":"Feature","properties":{"class":"minor","highway":"residential","sidewalk":"unknown","lanes":0,"name":"당산로50가길","oneway":false},"geometry":{"type":"LineString","coordinates":[[126.90576,37.53256],[126.90564,37.53238]]}},{"type":"Feature","properties":{"class":"alley","highway":"service","sidewalk":"unknown","lanes":0,"name":"","oneway":true},"geometry":{"type":"LineString","coordinates":[[126.91501,37.53438],[126.91495,37.53432],[126.91491,37.534],[126.91481,37.53392]]}},{"type":"Feature","properties":{"class":"alley","highway":"service","sidewalk":"unknown","lanes":0,"name":"","oneway":true},"geometry":{"type":"LineString","coordinates":[[126.91313,37.53434],[126.913,37.53429],[126.91283,37.53421],[126.91268,37.53411],[126.91255,37.53405]]}},{"type":"Feature","properties":{"class":"alley","highway":"service","sidewalk":"unknown","lanes":0,"name":"","oneway":false},"geometry":{"type":"LineString","coordinates":[[126.91307,37.53415],[126.91415,37.53409],[126.91417,37.53423],[126.91418,37.53436],[126.91419,37.53445],[126.91419,37.53449],[126.9142,37.53459],[126.91422,37.53472]]}},{"type":"Feature","properties":{"class":"alley","highway":"service","sidewalk":"unknown","lanes":0,"name":"","oneway":true},"geometry":{"type":"LineString","coordinates":[[126.91512,37.53376],[126.91502,37.53384],[126.91499,37.5339],[126.91503,37.53431]]}},{"type":"Feature","properties":{"class":"alley","highway":"service","sidewalk":"unknown","lanes":0,"name":"","oneway":false},"geometry":{"type":"LineString","coordinates":[[126.91506,37.53482],[126.91504,37.53469],[126.91502,37.53453],[126.91501,37.53438]]}},{"type":"Feature","properties":{"class":"alley","highway":"service","sidewalk":"unknown","lanes":0,"name":"","oneway":false},"geometry":{"type":"LineString","coordinates":[[126.91313,37.53434],[126.9133,37.53441],[126.91354,37.53452],[126.91356,37.53453],[126.91422,37.53472],[126.9146,37.53481],[126.91506,37.53482],[126.91518,37.53482],[126.91547,37.53471]]}},{"type":"Feature","properties":{"class":"alley","highway":"service","sidewalk":"unknown","lanes":0,"name":"","oneway":false},"geometry":{"type":"LineString","coordinates":[[126.91503,37.53431],[126.91501,37.53438],[126.91419,37.53445]]}},{"type":"Feature","properties":{"class":"major","highway":"primary","sidewalk":"likely","lanes":0,"name":"노들로","oneway":true},"geometry":{"type":"LineString","coordinates":[[126.90391,37.53562],[126.90424,37.53549],[126.90442,37.53543],[126.90465,37.53535],[126.90473,37.53532],[126.90522,37.53511]]}},{"type":"Feature","properties":{"class":"major","highway":"primary","sidewalk":"likely","lanes":0,"name":"노들로","oneway":true},"geometry":{"type":"LineString","coordinates":[[126.90522,37.53511],[126.90537,37.53504],[126.90576,37.53477],[126.90623,37.53435],[126.9071,37.53353],[126.9076,37.533],[126.90781,37.53273],[126.90817,37.53223],[126.90841,37.53183],[126.90867,37.53137],[126.90887,37.53093],[126.90904,37.53039],[126.90931,37.52934],[126.90936,37.5291],[126.90944,37.52887],[126.9095,37.52869],[126.90964,37.52826],[126.90978,37.52791],[126.9098,37.52788],[126.91014,37.5271],[126.91073,37.52599]]}},{"type":"Feature","properties":{"class":"minor","highway":"residential","sidewalk":"unknown","lanes":0,"name":"양평로12가길","oneway":false},"geometry":{"type":"LineString","coordinates":[[126.89984,37.53651],[126.90014,37.53636],[126.90093,37.53596]]}},{"type":"Feature","properties":{"class":"major","highway":"secondary_link","sidewalk":"likely","lanes":0,"name":"당산로","oneway":true},"geometry":{"type":"LineString","coordinates":[[126.90215,37.53435],[126.90199,37.53424],[126.90184,37.53419],[126.90176,37.53418],[126.90166,37.53417],[126.90136,37.53417]]}},{"type":"Feature","properties":{"class":"minor","highway":"residential","sidewalk":"unknown","lanes":0,"name":"당산지하차도","oneway":false},"geometry":{"type":"LineString","coordinates":[[126.90423,37.53527],[126.90459,37.53564]]}},{"type":"Feature","properties":{"class":"minor","highway":"residential","sidewalk":"unknown","lanes":0,"name":"","oneway":false},"geometry":{"type":"LineString","coordinates":[[126.90397,37.53515],[126.90411,37.53517],[126.90423,37.53527]]}},{"type":"Feature","properties":{"class":"minor","highway":"residential","sidewalk":"unknown","lanes":0,"name":"","oneway":false},"geometry":{"type":"LineString","coordinates":[[126.90459,37.53564],[126.90482,37.5359]]}},{"type":"Feature","properties":{"class":"minor","highway":"residential","sidewalk":"unknown","lanes":0,"name":"당산지하차도","oneway":false},"geometry":{"type":"LineString","coordinates":[[126.90482,37.5359],[126.90518,37.53638]]}},{"type":"Feature","properties":{"class":"alley","highway":"service","sidewalk":"unknown","lanes":0,"name":"","oneway":false},"geometry":{"type":"LineString","coordinates":[[126.90518,37.53638],[126.90518,37.53642],[126.90519,37.53646],[126.90519,37.53652],[126.90516,37.53658],[126.90512,37.53662],[126.90504,37.53666],[126.90497,37.53667],[126.90468,37.53665],[126.90459,37.53665],[126.90451,37.53668],[126.90433,37.53678],[126.90427,37.53683],[126.90424,37.53686],[126.90412,37.53719],[126.90409,37.53732],[126.90404,37.53739],[126.90397,37.53745],[126.90321,37.53792]]}},{"type":"Feature","properties":{"class":"minor","highway":"residential","sidewalk":"unknown","lanes":0,"name":"당산로46길","oneway":false},"geometry":{"type":"LineString","coordinates":[[126.90543,37.53323],[126.90545,37.5331],[126.90546,37.53308],[126.9055,37.53282],[126.9055,37.53277]]}},{"type":"Feature","properties":{"class":"minor","highway":"residential","sidewalk":"unknown","lanes":0,"name":"당산로46가길","oneway":false},"geometry":{"type":"LineString","coordinates":[[126.90356,37.53347],[126.90392,37.53382],[126.90407,37.534],[126.90411,37.53409],[126.90408,37.53413],[126.90355,37.53438],[126.90344,37.53425],[126.90339,37.53422]]}},{"type":"Feature","properties":{"class":"minor","highway":"residential","sidewalk":"unknown","lanes":0,"name":"당산로50가길","oneway":true},"geometry":{"type":"LineString","coordinates":[[126.9055,37.53277],[126.90576,37.53256],[126.90612,37.53231],[126.9062,37.53226]]}},{"type":"Feature","properties":{"class":"minor","highway":"residential","sidewalk":"unknown","lanes":0,"name":"당산로50가길","oneway":false},"geometry":{"type":"LineString","coordinates":[[126.9055,37.53277],[126.90556,37.53279],[126.90615,37.53289],[126.90619,37.53286],[126.90638,37.53246],[126.90643,37.53242]]}},{"type":"Feature","properties":{"class":"minor","highway":"residential","sidewalk":"unknown","lanes":0,"name":"양평로12길","oneway":false},"geometry":{"type":"LineString","coordinates":[[126.90064,37.5356],[126.90115,37.53532]]}},{"type":"Feature","properties":{"class":"major","highway":"secondary","sidewalk":"likely","lanes":0,"name":"","oneway":true},"geometry":{"type":"LineString","coordinates":[[126.92162,37.5324],[126.91952,37.53293]]}},{"type":"Feature","properties":{"class":"major","highway":"secondary","sidewalk":"likely","lanes":0,"name":"","oneway":true},"geometry":{"type":"LineString","coordinates":[[126.91952,37.53293],[126.91821,37.53326],[126.91733,37.53348],[126.91649,37.53365],[126.91609,37.53372]]}},{"type":"Feature","properties":{"class":"major","highway":"secondary","sidewalk":"likely","lanes":0,"name":"","oneway":true},"geometry":{"type":"LineString","coordinates":[[126.91609,37.53372],[126.91529,37.53386],[126.91499,37.5339],[126.91481,37.53392],[126.91459,37.5339]]}},{"type":"Feature","properties":{"class":"alley","highway":"service","sidewalk":"unknown","lanes":0,"name":"","oneway":false},"geometry":{"type":"LineString","coordinates":[[126.90124,37.53287],[126.90133,37.53282],[126.90232,37.53233],[126.90248,37.53251],[126.90267,37.5326],[126.90288,37.53261],[126.90311,37.53257],[126.90341,37.53246],[126.90365,37.5323],[126.90379,37.53212],[126.90384,37.53198],[126.90385,37.53191],[126.90393,37.53187],[126.90488,37.53141],[126.90506,37.53133]]}},{"type":"Feature","properties":{"class":"alley","highway":"service","sidewalk":"unknown","lanes":0,"name":"","oneway":false},"geometry":{"type":"LineString","coordinates":[[126.90232,37.53233],[126.90209,37.53205],[126.90208,37.53197],[126.90212,37.53188],[126.90219,37.53183],[126.90253,37.53166],[126.90336,37.53125],[126.90343,37.53124],[126.90349,37.53126],[126.90393,37.53187]]}},{"type":"Feature","properties":{"class":"major","highway":"secondary","sidewalk":"likely","lanes":0,"name":"당산로","oneway":true},"geometry":{"type":"LineString","coordinates":[[126.90215,37.53435],[126.90192,37.53407],[126.90191,37.53406],[126.90183,37.53395]]}},{"type":"Feature","properties":{"class":"major","highway":"secondary","sidewalk":"likely","lanes":0,"name":"양평로","oneway":false},"geometry":{"type":"LineString","coordinates":[[126.90136,37.53417],[126.90172,37.534],[126.90174,37.53399],[126.90183,37.53395]]}},{"type":"Feature","properties":{"class":"major","highway":"secondary","sidewalk":"likely","lanes":0,"name":"양평로","oneway":false},"geometry":{"type":"LineString","coordinates":[[126.90201,37.53386],[126.9021,37.53381],[126.90212,37.5338],[126.90256,37.53359],[126.90279,37.53348],[126.90328,37.53323],[126.90338,37.53318],[126.90352,37.53311],[126.90371,37.53302],[126.90387,37.53294],[126.90449,37.53264],[126.90494,37.53241],[126.90524,37.53226],[126.90569,37.53205],[126.90576,37.53201]]}},{"type":"Feature","properties":{"class":"major","highway":"secondary","sidewalk":"likely","lanes":0,"name":"영중로","oneway":false},"geometry":{"type":"LineString","coordinates":[[126.90575,37.53118],[126.90576,37.53176],[126.90576,37.5319],[126.90576,37.53201]]}},{"type":"Feature","properties":{"class":"major","highway":"secondary","sidewalk":"likely","lanes":0,"name":"당산로","oneway":true},"geometry":{"type":"LineString","coordinates":[[126.8996,37.5308],[126.89972,37.53095],[126.90048,37.53189],[126.90056,37.532],[126.90124,37.53287],[126.90137,37.53304],[126.9016,37.53335],[126.90172,37.5335],[126.90192,37.53374],[126.90193,37.53376],[126.90201,37.53386]]}},{"type":"Feature","properties":{"class":"major","highway":"secondary","sidewalk":"likely","lanes":0,"name":"양평로","oneway":false},"geometry":{"type":"LineString","coordinates":[[126.89895,37.53538],[126.899,37.53536],[126.89919,37.53527],[126.89946,37.53513],[126.8996,37.53506],[126.89971,37.535],[126.90006,37.53482],[126.90023,37.53474],[126.90034,37.53469],[126.90046,37.53463],[126.90082,37.53444],[126.90104,37.53433],[126.90136,37.53417]]}},{"type":"Feature","properties":{"class":"major","highway":"primary_link","sidewalk":"likely","lanes":0,"name":"","oneway":true},"geometry":{"type":"LineString","coordinates":[[126.90942,37.52974],[126.90942,37.52976],[126.90903,37.53106],[126.90898,37.53123],[126.90878,37.53168],[126.90847,37.53228]]}},{"type":"Feature","properties":{"class":"major","highway":"primary_link","sidewalk":"likely","lanes":0,"name":"","oneway":true},"geometry":{"type":"LineString","coordinates":[[126.90847,37.53228],[126.90781,37.53321],[126.90744,37.5336],[126.90653,37.53435],[126.90589,37.53489],[126.90576,37.53498],[126.90546,37.53517],[126.90483,37.53539]]}},{"type":"Feature","properties":{"class":"major","highway":"primary","sidewalk":"likely","lanes":0,"name":"노들로","oneway":true},"geometry":{"type":"LineString","coordinates":[[126.90373,37.53581],[126.90363,37.53585],[126.9033,37.536],[126.90248,37.53648]]}},{"type":"Feature","properties":{"class":"major","highway":"primary","sidewalk":"likely","lanes":0,"name":"노들로","oneway":true},"geometry":{"type":"LineString","coordinates":[[126.90248,37.53648],[126.90163,37.53713],[126.90082,37.53774],[126.9,37.53828]]}},{"type":"Feature","properties":{"class":"major","highway":"primary_link","sidewalk":"likely","lanes":0,"name":"","oneway":true},"geometry":{"type":"LineString","coordinates":[[126.90034,37.53884],[126.90074,37.5395]]}},{"type":"Feature","properties":{"class":"major","highway":"secondary","sidewalk":"likely","lanes":0,"name":"여의서로","oneway":false},"geometry":{"type":"LineString","coordinates":[[126.91248,37.52943],[126.91246,37.52949],[126.91161,37.5317],[126.91156,37.53182],[126.91144,37.53211],[126.91139,37.53228],[126.91136,37.53246],[126.91136,37.5326],[126.91139,37.53274],[126.91141,37.53286],[126.91147,37.533],[126.91155,37.53313],[126.91162,37.53324],[126.91191,37.53351],[126.912,37.53356],[126.91211,37.53362],[126.91223,37.53367],[126.91235,37.5337],[126.91246,37.53372],[126.91258,37.53372],[126.91284,37.53372],[126.91425,37.53361],[126.91446,37.5336],[126.91589,37.53346],[126.91702,37.53332],[126.91792,37.53306],[126.91814,37.533],[126.91822,37.53298]]}},{"type":"Feature","properties":{"class":"alley","highway":"service","sidewalk":"unknown","lanes":1,"name":"","oneway":true},"geometry":{"type":"LineString","coordinates":[[126.91316,37.53229],[126.91271,37.53201],[126.91268,37.53197],[126.91261,37.53193],[126.91369,37.53079],[126.91382,37.53066]]}},{"type":"Feature","properties":{"class":"alley","highway":"service","sidewalk":"unknown","lanes":0,"name":"","oneway":false},"geometry":{"type":"LineString","coordinates":[[126.91347,37.53277],[126.9135,37.53286],[126.91367,37.533],[126.91428,37.53336],[126.91444,37.53346],[126.91445,37.53356],[126.91446,37.5336]]}},{"type":"Feature","properties":{"class":"major","highway":"primary_link","sidewalk":"likely","lanes":0,"name":"","oneway":true},"geometry":{"type":"LineString","coordinates":[[126.89866,37.53659],[126.89889,37.53686],[126.89915,37.53704],[126.89954,37.53715],[126.89989,37.53718],[126.9003,37.53713],[126.90083,37.53701]]}},{"type":"Feature","properties":{"class":"minor","highway":"residential","sidewalk":"unknown","lanes":0,"name":"당산로52길","oneway":false},"geometry":{"type":"LineString","coordinates":[[126.90419,37.53503],[126.90425,37.53499],[126.90448,37.53482],[126.90481,37.53458],[126.90508,37.5344],[126.90509,37.53421],[126.9051,37.53392],[126.90511,37.53363],[126.90511,37.53357],[126.9051,37.53343],[126.90509,37.53336],[126.90504,37.53325],[126.90499,37.53313]]}},{"type":"Feature","properties":{"class":"major","highway":"secondary_link","sidewalk":"likely","lanes":0,"name":"","oneway":true},"geometry":{"type":"LineString","coordinates":[[126.90172,37.5335],[126.9019,37.53358],[126.90206,37.53361],[126.90215,37.53363],[126.90225,37.53362],[126.90256,37.53359]]}},{"type":"Feature","properties":{"class":"major","highway":"secondary_link","sidewalk":"likely","lanes":0,"name":"","oneway":true},"geometry":{"type":"LineString","coordinates":[[126.90136,37.53417],[126.90149,37.53398],[126.90153,37.53387],[126.90154,37.53383],[126.90157,37.53362]]}},{"type":"Feature","properties":{"class":"minor","highway":"unclassified","sidewalk":"unknown","lanes":0,"name":"","oneway":true},"geometry":{"type":"LineString","coordinates":[[126.91221,37.53437],[126.91222,37.53438],[126.91223,37.5344],[126.91223,37.53442],[126.91222,37.53444],[126.9122,37.53445],[126.91218,37.53446],[126.91216,37.53447],[126.91213,37.53446],[126.91211,37.53445],[126.91209,37.53444],[126.91208,37.53442],[126.91208,37.5344],[126.91208,37.53438],[126.9121,37.53436],[126.91212,37.53435],[126.91214,37.53435],[126.91217,37.53435],[126.91219,37.53435],[126.91221,37.53437]]}},{"type":"Feature","properties":{"class":"minor","highway":"unclassified","sidewalk":"unknown","lanes":0,"name":"","oneway":false},"geometry":{"type":"LineString","coordinates":[[126.91229,37.53402],[126.91227,37.53409]]}},{"type":"Feature","properties":{"class":"minor","highway":"unclassified","sidewalk":"unknown","lanes":0,"name":"","oneway":false},"geometry":{"type":"LineString","coordinates":[[126.91218,37.53431],[126.91217,37.53435]]}},{"type":"Feature","properties":{"class":"minor","highway":"unclassified","sidewalk":"unknown","lanes":0,"name":"","oneway":false},"geometry":{"type":"LineString","coordinates":[[126.91227,37.53409],[126.91218,37.53431]]}},{"type":"Feature","properties":{"class":"minor","highway":"unclassified","sidewalk":"unknown","lanes":0,"name":"","oneway":false},"geometry":{"type":"LineString","coordinates":[[126.91223,37.53442],[126.91244,37.53443],[126.91266,37.53446],[126.91274,37.53448],[126.91318,37.53501]]}},{"type":"Feature","properties":{"class":"minor","highway":"unclassified","sidewalk":"unknown","lanes":0,"name":"","oneway":true},"geometry":{"type":"LineString","coordinates":[[126.91208,37.53442],[126.91196,37.5344],[126.9119,37.53438]]}},{"type":"Feature","properties":{"class":"minor","highway":"unclassified","sidewalk":"unknown","lanes":0,"name":"","oneway":true},"geometry":{"type":"LineString","coordinates":[[126.9119,37.53438],[126.9121,37.53436]]}},{"type":"Feature","properties":{"class":"minor","highway":"unclassified","sidewalk":"unknown","lanes":0,"name":"","oneway":false},"geometry":{"type":"LineString","coordinates":[[126.9119,37.53438],[126.91167,37.53434]]}},{"type":"Feature","properties":{"class":"alley","highway":"service","sidewalk":"unknown","lanes":0,"name":"","oneway":true},"geometry":{"type":"LineString","coordinates":[[126.91124,37.53428],[126.91112,37.5344],[126.91056,37.53433],[126.91059,37.53419],[126.91124,37.53428]]}},{"type":"Feature","properties":{"class":"alley","highway":"service","sidewalk":"unknown","lanes":0,"name":"","oneway":false},"geometry":{"type":"LineString","coordinates":[[126.91167,37.53434],[126.9113,37.53429],[126.91124,37.53428]]}},{"type":"Feature","properties":{"class":"alley","highway":"service","sidewalk":"unknown","lanes":0,"name":"","oneway":true},"geometry":{"type":"LineString","coordinates":[[126.91299,37.53404],[126.91288,37.53408],[126.91285,37.53411],[126.91284,37.53415],[126.91288,37.5342],[126.91304,37.53427],[126.91313,37.53434]]}},{"type":"Feature","properties":{"class":"alley","highway":"service","sidewalk":"unknown","lanes":0,"name":"","oneway":false},"geometry":{"type":"LineString","coordinates":[[126.91417,37.53423],[126.9132,37.53429]]}},{"type":"Feature","properties":{"class":"alley","highway":"service","sidewalk":"unknown","lanes":0,"name":"","oneway":false},"geometry":{"type":"LineString","coordinates":[[126.91418,37.53436],[126.9133,37.53441]]}},{"type":"Feature","properties":{"class":"alley","highway":"service","sidewalk":"unknown","lanes":0,"name":"","oneway":false},"geometry":{"type":"LineString","coordinates":[[126.91419,37.53449],[126.91356,37.53453]]}},{"type":"Feature","properties":{"class":"alley","highway":"service","sidewalk":"unknown","lanes":0,"name":"","oneway":false},"geometry":{"type":"LineString","coordinates":[[126.91417,37.53423],[126.91462,37.5342]]}},{"type":"Feature","properties":{"class":"alley","highway":"service","sidewalk":"unknown","lanes":0,"name":"","oneway":false},"geometry":{"type":"LineString","coordinates":[[126.91415,37.53409],[126.9146,37.53406]]}},{"type":"Feature","properties":{"class":"alley","highway":"service","sidewalk":"unknown","lanes":0,"name":"","oneway":false},"geometry":{"type":"LineString","coordinates":[[126.9142,37.53459],[126.91502,37.53453]]}},{"type":"Feature","properties":{"class":"alley","highway":"service","sidewalk":"unknown","lanes":0,"name":"","oneway":false},"geometry":{"type":"LineString","coordinates":[[126.91504,37.53469],[126.91422,37.53472]]}},{"type":"Feature","properties":{"class":"alley","highway":"service","sidewalk":"unknown","lanes":0,"name":"","oneway":false},"geometry":{"type":"LineString","coordinates":[[126.91547,37.53471],[126.91573,37.5345],[126.91576,37.53447],[126.91592,37.53431],[126.91596,37.53427],[126.91601,37.53417],[126.91601,37.53414],[126.91599,37.53399],[126.91524,37.53404]]}},{"type":"Feature","properties":{"class":"alley","highway":"service","sidewalk":"unknown","lanes":0,"name":"","oneway":false},"geometry":{"type":"LineString","coordinates":[[126.91573,37.5345],[126.91523,37.53453]]}},{"type":"Feature","properties":{"class":"alley","highway":"service","sidewalk":"unknown","lanes":0,"name":"","oneway":false},"geometry":{"type":"LineString","coordinates":[[126.91592,37.53431],[126.91519,37.53436],[126.91517,37.53421],[126.91601,37.53414]]}},{"type":"Feature","properties":{"class":"alley","highway":"service","sidewalk":"unknown","lanes":0,"name":"","oneway":true},"geometry":{"type":"LineString","coordinates":[[126.91567,37.53193],[126.9156,37.53193],[126.91554,37.53192],[126.91549,37.53191],[126.91541,37.53187],[126.91537,37.53185]]}},{"type":"Feature","properties":{"class":"alley","highway":"service","sidewalk":"unknown","lanes":0,"name":"","oneway":false},"geometry":{"type":"LineString","coordinates":[[126.91473,37.53491],[126.9143,37.535],[126.91348,37.53505],[126.91318,37.53501],[126.9131,37.53499],[126.91289,37.535],[126.9127,37.535]]}},{"type":"Feature","properties":{"class":"major","highway":"secondary","sidewalk":"likely","lanes":0,"name":"","oneway":true},"geometry":{"type":"LineString","coordinates":[[126.91459,37.5339],[126.91427,37.53392],[126.91332,37.53398]]}},{"type":"Feature","properties":{"class":"major","highway":"secondary_link","sidewalk":"likely","lanes":0,"name":"","oneway":true},"geometry":{"type":"LineString","coordinates":[[126.91332,37.53398],[126.9132,37.53402],[126.91299,37.53404],[126.91273,37.53405],[126.91255,37.53405],[126.91241,37.53404],[126.91233,37.53403],[126.91229,37.53402],[126.91218,37.534],[126.91209,37.53397],[126.91198,37.53391]]}},{"type":"Feature","properties":{"class":"major","highway":"secondary","sidewalk":"likely","lanes":0,"name":"","oneway":true},"geometry":{"type":"LineString","coordinates":[[126.91198,37.53391],[126.91184,37.53386],[126.91163,37.53375],[126.91144,37.5336],[126.9114,37.53354],[126.91131,37.53345],[126.91096,37.53295],[126.91084,37.53279],[126.91068,37.53265],[126.91045,37.53254],[126.91031,37.53248]]}},{"type":"Feature","properties":{"class":"major","highway":"secondary","sidewalk":"likely","lanes":0,"name":"","oneway":true},"geometry":{"type":"LineString","coordinates":[[126.91332,37.53398],[126.91317,37.53397],[126.91264,37.53398],[126.91243,37.53397],[126.91235,37.53396],[126.91217,37.53394],[126.91198,37.53391]]}},{"type":"Feature","properties":{"class":"major","highway":"secondary_link","sidewalk":"likely","lanes":0,"name":"","oneway":true},"geometry":{"type":"LineString","coordinates":[[126.91243,37.53397],[126.91236,37.53393],[126.9122,37.53385],[126.91191,37.53359],[126.91189,37.53357],[126.91181,37.5335],[126.9117,37.53339],[126.91162,37.53324]]}},{"type":"Feature","properties":{"class":"alley","highway":"service","sidewalk":"unknown","lanes":0,"name":"","oneway":true},"geometry":{"type":"LineString","coordinates":[[126.91537,37.53185],[126.91485,37.53153]]}},{"type":"Feature","properties":{"class":"alley","highway":"service","sidewalk":"unknown","lanes":0,"name":"","oneway":false},"geometry":{"type":"LineString","coordinates":[[126.90522,37.53685],[126.90544,37.53696],[126.9055,37.537],[126.90578,37.53718]]}},{"type":"Feature","properties":{"class":"alley","highway":"service","sidewalk":"unknown","lanes":0,"name":"","oneway":false},"geometry":{"type":"LineString","coordinates":[[126.90484,37.53785],[126.90466,37.53761],[126.90441,37.53746],[126.90421,37.53743],[126.90417,37.53739]]}},{"type":"Feature","properties":{"class":"alley","highway":"service","sidewalk":"unknown","lanes":0,"name":"","oneway":true},"geometry":{"type":"LineString","coordinates":[[126.91351,37.53274],[126.91354,37.53271],[126.91355,37.53267],[126.91354,37.53262],[126.91352,37.53259],[126.91349,37.53256],[126.91344,37.53254],[126.91339,37.53253],[126.91334,37.53254],[126.91329,37.53256],[126.91326,37.53259],[126.91324,37.53263],[126.91323,37.53267],[126.91325,37.53271],[126.91327,37.53274],[126.91331,37.53276],[126.91336,37.53278],[126.91342,37.53278],[126.91347,37.53277],[126.91351,37.53274]]}},{"type":"Feature","properties":{"class":"alley","highway":"service","sidewalk":"unknown","lanes":0,"name":"","oneway":true},"geometry":{"type":"LineString","coordinates":[[126.91334,37.53254],[126.9133,37.53242],[126.91324,37.53234],[126.91316,37.53229]]}},{"type":"Feature","properties":{"class":"alley","highway":"service","sidewalk":"unknown","lanes":0,"name":"","oneway":true},"geometry":{"type":"LineString","coordinates":[[126.91392,37.53275],[126.91386,37.53273],[126.91376,37.53269],[126.91365,37.53267],[126.91355,37.53267]]}},{"type":"Feature","properties":{"class":"alley","highway":"pedestrian","sidewalk":"unknown","lanes":0,"name":"","oneway":false},"geometry":{"type":"LineString","coordinates":[[126.91452,37.53344],[126.91374,37.53296],[126.91372,37.53294],[126.91371,37.53292],[126.91371,37.5329],[126.91371,37.53287],[126.91373,37.53284],[126.91375,37.53283],[126.91375,37.53282],[126.91378,37.5328],[126.91381,37.5328],[126.91384,37.5328],[126.91388,37.5328],[126.91422,37.53302],[126.91449,37.53319],[126.9145,37.53319],[126.91453,37.53319],[126.91454,37.53318],[126.91464,37.53308],[126.91518,37.53253],[126.9156,37.5321],[126.91592,37.53177],[126.91595,37.53175],[126.91596,37.53175],[126.91598,37.53174],[126.91601,37.53174],[126.91603,37.53175],[126.91785,37.53287],[126.91783,37.5329],[126.91764,37.53279],[126.91723,37.53253],[126.91703,37.53241],[126.91682,37.53229],[126.916,37.53178],[126.91453,37.53327],[126.91383,37.53283],[126.91376,37.53291],[126.91455,37.5334],[126.91452,37.53344]]}},{"type":"Feature","properties":{"class":"alley","highway":"pedestrian","sidewalk":"unknown","lanes":0,"name":"","oneway":false},"geometry":{"type":"LineString","coordinates":[[126.91216,37.53217],[126.91399,37.5333],[126.914,37.53328],[126.914,37.53326],[126.91363,37.53304],[126.91359,37.53301],[126.91288,37.53257],[126.91221,37.53216],[126.91218,37.53215],[126.91216,37.53217]]}},{"type":"Feature","properties":{"class":"alley","highway":"pedestrian","sidewalk":"unknown","lanes":0,"name":"","oneway":false},"geometry":{"type":"LineString","coordinates":[[126.91164,37.53185],[126.91182,37.53195],[126.91188,37.53199],[126.91189,37.53197],[126.91189,37.53195],[126.91188,37.53194],[126.91169,37.53183],[126.91167,37.53182],[126.91166,37.53183],[126.91165,37.53183],[126.91164,37.53185]]}},{"type":"Feature","properties":{"class":"alley","highway":"pedestrian","sidewalk":"unknown","lanes":0,"name":"","oneway":false},"geometry":{"type":"LineString","coordinates":[[126.91194,37.53203],[126.91213,37.53214],[126.91214,37.53212],[126.91214,37.5321],[126.91199,37.53201],[126.91197,37.53202],[126.91194,37.53203]]}},{"type":"Feature","properties":{"class":"alley","highway":"service","sidewalk":"unknown","lanes":0,"name":"","oneway":true},"geometry":{"type":"LineString","coordinates":[[126.91261,37.53193],[126.91253,37.5319],[126.91241,37.53184],[126.9124,37.53181],[126.91235,37.53178],[126.91233,37.53174],[126.91226,37.53169],[126.91264,37.53127],[126.91277,37.53135],[126.91284,37.53139],[126.91244,37.5318],[126.91256,37.53187],[126.91261,37.53193]]}},{"type":"Feature","properties":{"class":"alley","highway":"service","sidewalk":"unknown","lanes":0,"name":"","oneway":true},"geometry":{"type":"LineString","coordinates":[[126.91277,37.53135],[126.91238,37.53176],[126.91244,37.5318]]}},{"type":"Feature","properties":{"class":"alley","highway":"pedestrian","sidewalk":"unknown","lanes":0,"name":"","oneway":false},"geometry":{"type":"LineString","coordinates":[[126.91193,37.53169],[126.91195,37.53169],[126.91197,37.5317],[126.91197,37.53179],[126.91302,37.53245],[126.91309,37.53237],[126.91212,37.53175],[126.91214,37.53172],[126.91245,37.53191],[126.91311,37.53233],[126.91313,37.53235],[126.91314,37.53238],[126.91314,37.53241],[126.91312,37.53244],[126.91309,37.53246],[126.91305,37.53248],[126.91301,37.53249],[126.91297,37.53248],[126.91196,37.53186],[126.91191,37.53182],[126.91189,37.5318],[126.9119,37.53179],[126.91193,37.53169]]}},{"type":"Feature","properties":{"class":"alley","highway":"pedestrian","sidewalk":"unknown","lanes":0,"name":"","oneway":false},"geometry":{"type":"LineString","coordinates":[[126.91544,37.53195],[126.91542,37.53197],[126.91542,37.53199],[126.91545,37.53201],[126.91522,37.53226],[126.91523,37.53226],[126.91524,37.53226],[126.91526,37.53226],[126.91548,37.53202],[126.91549,37.53201],[126.91549,37.532],[126.91549,37.53199],[126.91549,37.53198],[126.91547,37.53197],[126.91544,37.53195]]}},{"type":"Feature","properties":{"class":"alley","highway":"pedestrian","sidewalk":"unknown","lanes":0,"name":"","oneway":false},"geometry":{"type":"LineString","coordinates":[[126.91473,37.53267],[126.91476,37.53264],[126.91478,37.53265],[126.91481,37.53266],[126.91494,37.53253],[126.91511,37.53235],[126.91515,37.53232],[126.91512,37.53229],[126.91513,37.53227],[126.91516,37.53229],[126.91517,37.5323],[126.91518,37.53231],[126.91518,37.53233],[126.91517,37.53234],[126.91506,37.53246],[126.91486,37.53267],[126.91484,37.53268],[126.91482,37.5327],[126.9148,37.5327],[126.91478,37.5327],[126.91477,37.53269],[126.91473,37.53267]]}},{"type":"Feature","properties":{"class":"alley","highway":"pedestrian","sidewalk":"unknown","lanes":0,"name":"","oneway":false},"geometry":{"type":"LineString","coordinates":[[126.91466,37.53275],[126.91463,37.53277],[126.91463,37.53279],[126.91466,37.53281],[126.91452,37.53296],[126.9145,37.53294],[126.91447,37.53294],[126.91444,37.53297],[126.91407,37.53273],[126.91406,37.53272],[126.91408,37.5327],[126.91406,37.53269],[126.91412,37.53263],[126.91394,37.53252],[126.91386,37.5326],[126.91372,37.53252],[126.91352,37.53239],[126.91338,37.5323],[126.91346,37.53221],[126.91323,37.53207],[126.91318,37.53213],[126.91315,37.53212],[126.91313,37.53214],[126.91311,37.53214],[126.91278,37.53194],[126.9128,37.53191],[126.9128,37.53188],[126.91278,37.53187],[126.91318,37.53144],[126.91336,37.53126],[126.91338,37.53124],[126.91339,37.53124],[126.9134,37.53124],[126.91343,37.53126],[126.91344,37.53126],[126.91347,37.53123],[126.91345,37.53122],[126.91343,37.53121],[126.9134,37.5312],[126.91338,37.5312],[126.91336,37.53121],[126.9127,37.53189],[126.9127,37.5319],[126.9127,37.53191],[126.9127,37.53192],[126.91271,37.53193],[126.91312,37.53218],[126.9134,37.53235],[126.91338,37.53238],[126.91337,37.53239],[126.91337,37.5324],[126.91338,37.53241],[126.91371,37.53262],[126.91373,37.53262],[126.91374,37.53262],[126.91375,37.53261],[126.91378,37.53259],[126.91426,37.53289],[126.91447,37.53302],[126.91448,37.53303],[126.91449,37.53303],[126.91451,37.53303],[126.91451,37.53302],[126.91453,37.533],[126.9147,37.53283],[126.91471,37.53281],[126.91471,37.5328],[126.9147,37.53278],[126.91469,37.53277],[126.91466,37.53275]]}},{"type":"Feature","properties":{"class":"alley","highway":"pedestrian","sidewalk":"unknown","lanes":0,"name":"","oneway":false},"geometry":{"type":"LineString","coordinates":[[126.91501,37.53148],[126.91556,37.53182],[126.91557,37.53183],[126.9156,37.53184],[126.91563,37.53184],[126.91563,37.53184],[126.91566,37.53183],[126.91568,37.53182],[126.9157,37.53181],[126.91583,37.53167],[126.91584,37.53166],[126.91585,37.53164],[126.91585,37.53162],[126.91585,37.53159],[126.91584,37.53157],[126.91582,37.53155],[126.9152,37.53117],[126.91518,37.53119],[126.91562,37.53146],[126.91579,37.53157],[126.9158,37.53159],[126.9158,37.53161],[126.9158,37.53162],[126.91579,37.53164],[126.91565,37.53178],[126.91563,37.53179],[126.91561,37.5318],[126.91559,37.5318],[126.91556,37.5318],[126.91505,37.53147],[126.91516,37.53135],[126.91517,37.53134],[126.91507,37.5313],[126.91506,37.53131],[126.91504,37.53134],[126.9151,37.53138],[126.91501,37.53148]]}},{"type":"Feature","properties":{"class":"alley","highway":"service","sidewalk":"unknown","lanes":0,"name":"","oneway":true},"geometry":{"type":"LineString","coordinates":[[126.90321,37.53792],[126.90319,37.53793],[126.90284,37.53815],[126.90244,37.5384],[126.90221,37.53855],[126.90194,37.53856],[126.90181,37.53858],[126.90153,37.53867],[126.90113,37.53884]]}},{"type":"Feature","properties":{"class":"major","highway":"tertiary","sidewalk":"likely","lanes":0,"name":"당산로54길","oneway":false},"geometry":{"type":"LineString","coordinates":[[126.9045,37.53509],[126.90452,37.53505],[126.90455,37.535]]}},{"type":"Feature","properties":{"class":"alley","highway":"service","sidewalk":"unknown","lanes":0,"name":"","oneway":false},"geometry":{"type":"LineString","coordinates":[[126.90455,37.535],[126.90464,37.53498],[126.90471,37.53494],[126.90486,37.53486],[126.90525,37.53457],[126.90546,37.5344],[126.90566,37.53421],[126.9059,37.53396],[126.90637,37.53343]]}},{"type":"Feature","properties":{"class":"major","highway":"secondary_link","sidewalk":"likely","lanes":0,"name":"당산로54길","oneway":true},"geometry":{"type":"LineString","coordinates":[[126.90424,37.53549],[126.90437,37.53531],[126.90441,37.53523],[126.90446,37.53513],[126.9045,37.53509]]}},{"type":"Feature","properties":{"class":"major","highway":"secondary","sidewalk":"likely","lanes":0,"name":"버드나루로","oneway":false},"geometry":{"type":"LineString","coordinates":[[126.90704,37.53091],[126.90698,37.53106],[126.9069,37.53128],[126.90659,37.53207],[126.90657,37.53214],[126.90653,37.53222],[126.90651,37.53226],[126.90646,37.53229],[126.90642,37.53231],[126.90636,37.53231],[126.90629,37.5323],[126.9062,37.53226],[126.90596,37.53208],[126.90586,37.53203],[126.90576,37.53201]]}},{"type":"Feature","properties":{"class":"major","highway":"primary","sidewalk":"likely","lanes":0,"name":"선유로","oneway":true},"geometry":{"type":"LineString","coordinates":[[126.90074,37.5395],[126.90234,37.54162],[126.90254,37.54183],[126.90291,37.54224],[126.90293,37.54226],[126.90298,37.54232],[126.90345,37.54276],[126.9037,37.54297]]}},{"type":"Feature","properties":{"class":"major","highway":"primary","sidewalk":"likely","lanes":0,"name":"선유로","oneway":true},"geometry":{"type":"LineString","coordinates":[[126.90353,37.54302],[126.90332,37.54285],[126.90284,37.5424],[126.90265,37.54219],[126.90239,37.54191],[126.9022,37.54169],[126.90082,37.53987],[126.90068,37.53968],[126.90059,37.53956]]}},{"type":"Feature","properties":{"class":"alley","highway":"service","sidewalk":"unknown","lanes":0,"name":"","oneway":false},"geometry":{"type":"LineString","coordinates":[[126.90268,37.5333],[126.90272,37.53337],[126.90279,37.53348]]}},{"type":"Feature","properties":{"class":"major","highway":"secondary","sidewalk":"likely","lanes":0,"name":"당산로","oneway":true},"geometry":{"type":"LineString","coordinates":[[126.90251,37.53482],[126.90215,37.53435]]}},{"type":"Feature","properties":{"class":"major","highway":"primary","sidewalk":"likely","lanes":0,"name":"노들로","oneway":true},"geometry":{"type":"LineString","coordinates":[[126.90243,37.53631],[126.90269,37.53616],[126.90288,37.53605]]}},{"type":"Feature","properties":{"class":"major","highway":"secondary","sidewalk":"likely","lanes":0,"name":"영신로","oneway":true},"geometry":{"type":"LineString","coordinates":[[126.90514,37.53154],[126.90536,37.53184],[126.90541,37.53188],[126.90546,37.5319],[126.90556,37.5319],[126.90561,37.53188],[126.90576,37.53176]]}},{"type":"Feature","properties":{"class":"major","highway":"secondary","sidewalk":"likely","lanes":0,"name":"영신로","oneway":true},"geometry":{"type":"LineString","coordinates":[[126.90524,37.53226],[126.9053,37.53216],[126.90534,37.53206],[126.90532,37.532],[126.90514,37.53154]]}},{"type":"Feature","properties":{"class":"minor","highway":"residential","sidewalk":"unknown","lanes":0,"name":"","oneway":false},"geometry":{"type":"LineString","coordinates":[[126.90023,37.53474],[126.90017,37.53465],[126.89997,37.53441],[126.89916,37.53479]]}},{"type":"Feature","properties":{"class":"alley","highway":"service","sidewalk":"unknown","lanes":0,"name":"","oneway":true},"geometry":{"type":"LineString","coordinates":[[126.90445,37.53553],[126.90429,37.53568],[126.90423,37.53573],[126.9042,37.53578],[126.90416,37.53585],[126.90408,37.53594]]}},{"type":"Feature","properties":{"class":"major","highway":"trunk","sidewalk":"likely","lanes":4,"name":"올림픽대로","oneway":true},"geometry":{"type":"LineString","coordinates":[[126.90167,37.53817],[126.90213,37.53758]]}},{"type":"Feature","properties":{"class":"major","highway":"primary","sidewalk":"likely","lanes":0,"name":"노들로","oneway":true},"geometry":{"type":"LineString","coordinates":[[126.90483,37.53539],[126.90445,37.53553],[126.90404,37.53569],[126.90373,37.53581]]}},{"type":"Feature","properties":{"class":"major","highway":"trunk_link","sidewalk":"likely","lanes":0,"name":"","oneway":true},"geometry":{"type":"LineString","coordinates":[[126.90285,37.53789],[126.90288,37.53794],[126.90294,37.53797],[126.90303,37.53797],[126.90309,37.53796],[126.90321,37.53792]]}},{"type":"Feature","properties":{"class":"major","highway":"trunk_link","sidewalk":"likely","lanes":0,"name":"","oneway":true},"geometry":{"type":"LineString","coordinates":[[126.90293,37.53758],[126.90288,37.53775],[126.90286,37.53781],[126.90285,37.53789],[126.90284,37.53807],[126.90284,37.53815]]}},{"type":"Feature","properties":{"class":"major","highway":"trunk_link","sidewalk":"likely","lanes":0,"name":"","oneway":true},"geometry":{"type":"LineString","coordinates":[[126.90878,37.53168],[126.90877,37.53177],[126.90877,37.5318],[126.90877,37.53183],[126.90877,37.53186],[126.90879,37.53189],[126.90882,37.53192],[126.90887,37.53194],[126.90893,37.53196],[126.90899,37.53198],[126.90912,37.532]]}},{"type":"Feature","properties":{"class":"major","highway":"trunk_link","sidewalk":"likely","lanes":0,"name":"","oneway":true},"geometry":{"type":"LineString","coordinates":[[126.90987,37.53234],[126.90971,37.53229]]}},{"type":"Feature","properties":{"class":"major","highway":"trunk_link","sidewalk":"likely","lanes":0,"name":"","oneway":true},"geometry":{"type":"LineString","coordinates":[[126.90974,37.5322],[126.90991,37.53225]]}},{"type":"Feature","properties":{"class":"major","highway":"trunk_link","sidewalk":"likely","lanes":0,"name":"","oneway":true},"geometry":{"type":"LineString","coordinates":[[126.90991,37.53225],[126.91012,37.53231]]}},{"type":"Feature","properties":{"class":"major","highway":"secondary","sidewalk":"likely","lanes":0,"name":"여의서로","oneway":false},"geometry":{"type":"LineString","coordinates":[[126.91822,37.53298],[126.92019,37.53237]]}},{"type":"Feature","properties":{"class":"major","highway":"secondary","sidewalk":"likely","lanes":0,"name":"양평로","oneway":false},"geometry":{"type":"LineString","coordinates":[[126.90183,37.53395],[126.90201,37.53386]]}},{"type":"Feature","properties":{"class":"major","highway":"tertiary","sidewalk":"likely","lanes":0,"name":"영중로41길","oneway":false},"geometry":{"type":"LineString","coordinates":[[126.90574,37.52843],[126.90569,37.52844],[126.90563,37.52846],[126.90422,37.52885],[126.90405,37.5289]]}},{"type":"Feature","properties":{"class":"major","highway":"primary","sidewalk":"likely","lanes":8,"name":"국회대로","oneway":false},"geometry":{"type":"LineString","coordinates":[[126.91358,37.52693],[126.91384,37.52709],[126.91462,37.52758],[126.91549,37.52812],[126.9164,37.52868]]}},{"type":"Feature","properties":{"class":"minor","highway":"residential","sidewalk":"unknown","lanes":0,"name":"국회대로70길","oneway":false},"geometry":{"type":"LineString","coordinates":[[126.92137,37.52818],[126.9203,37.52928],[126.91919,37.53041]]}},{"type":"Feature","properties":{"class":"major","highway":"primary","sidewalk":"likely","lanes":0,"name":"국회대로","oneway":false},"geometry":{"type":"LineString","coordinates":[[126.91094,37.52571],[126.91115,37.5258]]}},{"type":"Feature","properties":{"class":"alley","highway":"service","sidewalk":"unknown","lanes":0,"name":"","oneway":true},"geometry":{"type":"LineString","coordinates":[[126.91729,37.52923],[126.91716,37.52937],[126.91695,37.5296],[126.91676,37.5298]]}},{"type":"Feature","properties":{"class":"alley","highway":"service","sidewalk":"unknown","lanes":0,"name":"","oneway":true},"geometry":{"type":"LineString","coordinates":[[126.91608,37.52939],[126.91616,37.5293],[126.91629,37.52917],[126.9165,37.52894],[126.91661,37.52881]]}},{"type":"Feature","properties":{"class":"alley","highway":"service","sidewalk":"unknown","lanes":0,"name":"","oneway":false},"geometry":{"type":"LineString","coordinates":[[126.91404,37.52816],[126.91415,37.52818],[126.91474,37.52854],[126.91479,37.52857],[126.91545,37.52899]]}},{"type":"Feature","properties":{"class":"alley","highway":"service","sidewalk":"unknown","lanes":0,"name":"","oneway":false},"geometry":{"type":"LineString","coordinates":[[126.91268,37.52957],[126.91404,37.52816]]}},{"type":"Feature","properties":{"class":"alley","highway":"service","sidewalk":"unknown","lanes":0,"name":"","oneway":true},"geometry":{"type":"LineString","coordinates":[[126.91545,37.52899],[126.91597,37.52932],[126.91608,37.52939],[126.91676,37.5298],[126.91738,37.5302]]}},{"type":"Feature","properties":{"class":"alley","highway":"service","sidewalk":"unknown","lanes":0,"name":"","oneway":false},"geometry":{"type":"LineString","coordinates":[[126.91738,37.5302],[126.91788,37.53049]]}},{"type":"Feature","properties":{"class":"major","highway":"primary","sidewalk":"likely","lanes":0,"name":"여의대로","oneway":true},"geometry":{"type":"LineString","coordinates":[[126.9218,37.52442],[126.92153,37.52421],[126.9205,37.52362],[126.91954,37.52303],[126.91864,37.52248],[126.91796,37.52206]]}},{"type":"Feature","properties":{"class":"major","highway":"secondary","sidewalk":"likely","lanes":0,"name":"의사당대로","oneway":true},"geometry":{"type":"LineString","coordinates":[[126.91754,37.52813],[126.91798,37.52769],[126.91826,37.52741]]}},{"type":"Feature","properties":{"class":"major","highway":"trunk_link","sidewalk":"likely","lanes":0,"name":"","oneway":true},"geometry":{"type":"LineString","coordinates":[[126.90954,37.52916],[126.90958,37.52935],[126.90964,37.5294],[126.90972,37.52945],[126.9098,37.52945],[126.90987,37.52943],[126.90993,37.52939],[126.91008,37.52914]]}},{"type":"Feature","properties":{"class":"major","highway":"trunk_link","sidewalk":"likely","lanes":0,"name":"","oneway":true},"geometry":{"type":"LineString","coordinates":[[126.90984,37.52994],[126.90984,37.52973],[126.90981,37.52964],[126.90975,37.52957],[126.90968,37.52953],[126.9096,37.52953],[126.90955,37.52954],[126.90951,37.52959],[126.90942,37.52974]]}},{"type":"Feature","properties":{"class":"major","highway":"secondary_link","sidewalk":"likely","lanes":1,"name":"","oneway":true},"geometry":{"type":"LineString","coordinates":[[126.91395,37.52585],[126.91511,37.52472]]}},{"type":"Feature","properties":{"class":"major","highway":"trunk_link","sidewalk":"likely","lanes":2,"name":"","oneway":true},"geometry":{"type":"LineString","coordinates":[[126.91019,37.53085],[126.91022,37.53104],[126.91025,37.53119],[126.91032,37.5313],[126.9104,37.53138],[126.91054,37.53146],[126.91073,37.5315],[126.91087,37.5315],[126.91104,37.53147],[126.91117,37.53141],[126.91126,37.53133],[126.91139,37.53111]]}},{"type":"Feature","properties":{"class":"major","highway":"primary_link","sidewalk":"likely","lanes":0,"name":"","oneway":true},"geometry":{"type":"LineString","coordinates":[[126.90957,37.52889],[126.90954,37.52916],[126.90942,37.52974]]}},{"type":"Feature","properties":{"class":"minor","highway":"residential","sidewalk":"unknown","lanes":0,"name":"버드나루로14길","oneway":false},"geometry":{"type":"LineString","coordinates":[[126.90814,37.53167],[126.90825,37.53148],[126.9084,37.53108],[126.90841,37.53102],[126.90841,37.53096],[126.90914,37.52907],[126.90917,37.529],[126.90936,37.52852],[126.90963,37.52789],[126.91011,37.52684],[126.9106,37.52594],[126.91062,37.52589],[126.91062,37.52583],[126.9106,37.52576],[126.91055,37.52568]]}},{"type":"Feature","properties":{"class":"minor","highway":"residential","sidewalk":"unknown","lanes":0,"name":"버드나루로14가길","oneway":false},"geometry":{"type":"LineString","coordinates":[[126.9101,37.5255],[126.91008,37.52555],[126.90945,37.52665],[126.90909,37.52766],[126.90906,37.52774],[126.90862,37.52885]]}},{"type":"Feature","properties":{"class":"minor","highway":"residential","sidewalk":"unknown","lanes":0,"name":"버드나루로20길","oneway":false},"geometry":{"type":"LineString","coordinates":[[126.90792,37.52868],[126.90803,37.52871],[126.90862,37.52885],[126.90917,37.529]]}},{"type":"Feature","properties":{"class":"major","highway":"primary","sidewalk":"likely","lanes":0,"name":"국회대로","oneway":false},"geometry":{"type":"LineString","coordinates":[[126.90545,37.52555],[126.90569,37.52552],[126.9064,37.52544],[126.90672,37.5254]]}},{"type":"Feature","properties":{"class":"major","highway":"tertiary","sidewalk":"likely","lanes":0,"name":"여의공원로","oneway":false},"geometry":{"type":"LineString","coordinates":[[126.91998,37.52563],[126.91972,37.52547],[126.91873,37.52485],[126.91832,37.52459],[126.91808,37.52445],[126.91719,37.5239],[126.91636,37.5234],[126.91635,37.52339],[126.91626,37.52334],[126.91609,37.52325]]}},{"type":"Feature","properties":{"class":"major","highway":"primary","sidewalk":"likely","lanes":0,"name":"국회대로","oneway":false},"geometry":{"type":"LineString","coordinates":[[126.91719,37.52917],[126.91729,37.52923],[126.91736,37.52928]]}},{"type":"Feature","properties":{"class":"major","highway":"secondary","sidewalk":"likely","lanes":0,"name":"의사당대로","oneway":true},"geometry":{"type":"LineString","coordinates":[[126.92013,37.52588],[126.91925,37.52678],[126.91892,37.52724],[126.9187,37.52757]]}},{"type":"Feature","properties":{"class":"major","highway":"secondary","sidewalk":"likely","lanes":3,"name":"여의서로","oneway":false},"geometry":{"type":"LineString","coordinates":[[126.91601,37.52338],[126.91511,37.52472],[126.91418,37.52608],[126.91381,37.52656],[126.91367,37.52678],[126.91358,37.52693]]}},{"type":"Feature","properties":{"class":"minor","highway":"residential","sidewalk":"unknown","lanes":0,"name":"여의서로1길","oneway":false},"geometry":{"type":"LineString","coordinates":[[126.91418,37.52608],[126.91429,37.52614],[126.91626,37.52735]]}},{"type":"Feature","properties":{"class":"minor","highway":"residential","sidewalk":"unknown","lanes":0,"name":"의사당대로","oneway":false},"geometry":{"type":"LineString","coordinates":[[126.91771,37.52589],[126.91866,37.52652],[126.91868,37.52654]]}},{"type":"Feature","properties":{"class":"minor","highway":"residential","sidewalk":"unknown","lanes":0,"name":"국회대로62길","oneway":false},"geometry":{"type":"LineString","coordinates":[[126.91549,37.52812],[126.91561,37.52799],[126.91587,37.52774],[126.91626,37.52735],[126.91771,37.52589],[126.91873,37.52485]]}},{"type":"Feature","properties":{"class":"alley","highway":"pedestrian","sidewalk":"unknown","lanes":0,"name":"여의도공원 문화의마당","oneway":false},"geometry":{"type":"LineString","coordinates":[[126.92167,37.52558],[126.92167,37.52558],[126.92163,37.52561],[126.9216,37.52563],[126.92157,37.52564],[126.92154,37.52564],[126.92151,37.52564],[126.92148,37.52564],[126.92145,37.52563],[126.92142,37.52562],[126.92139,37.52561],[126.92119,37.52581],[126.92104,37.52571],[126.91893,37.52441],[126.91909,37.52425],[126.91881,37.52408],[126.91878,37.52406],[126.91876,37.52403],[126.91874,37.52401],[126.91872,37.52397],[126.91871,37.52394],[126.91871,37.52391],[126.91871,37.52388],[126.91873,37.52385],[126.91874,37.52382],[126.91877,37.52379],[126.91879,37.52377],[126.91882,37.52375],[126.91886,37.52373],[126.9189,37.52372],[126.91894,37.52371],[126.91898,37.52371],[126.91902,37.52372],[126.91905,37.52373],[126.91909,37.52374],[126.91912,37.52376],[126.9194,37.52393],[126.91958,37.52374],[126.91965,37.52379],[126.92185,37.52514],[126.92163,37.52537],[126.92165,37.52538],[126.92167,37.5254],[126.92169,37.52542],[126.9217,37.52544],[126.9217,37.52547],[126.92171,37.52549],[126.9217,37.52551],[126.9217,37.52554],[126.92169,37.52556],[126.92167,37.52558]]}},{"type":"Feature","properties":{"class":"alley","highway":"service","sidewalk":"unknown","lanes":0,"name":"","oneway":true},"geometry":{"type":"LineString","coordinates":[[126.91491,37.53147],[126.91449,37.53121]]}},{"type":"Feature","properties":{"class":"alley","highway":"service","sidewalk":"unknown","lanes":0,"name":"","oneway":true},"geometry":{"type":"LineString","coordinates":[[126.91449,37.53121],[126.91387,37.53082],[126.91384,37.53079],[126.91382,37.53075],[126.9138,37.5307],[126.91382,37.53066]]}},{"type":"Feature","properties":{"class":"minor","highway":"residential","sidewalk":"unknown","lanes":0,"name":"영신로33길","oneway":false},"geometry":{"type":"LineString","coordinates":[[126.89882,37.52041],[126.89988,37.52025],[126.89993,37.52026],[126.90087,37.52011],[126.90094,37.5201],[126.90098,37.52007]]}},{"type":"Feature","properties":{"class":"minor","highway":"residential","sidewalk":"unknown","lanes":0,"name":"영등포로29길","oneway":false},"geometry":{"type":"LineString","coordinates":[[126.90037,37.52224],[126.9003,37.52197],[126.90023,37.52165],[126.90013,37.52127],[126.90003,37.52086],[126.9,37.52074]]}},{"type":"Feature","properties":{"class":"minor","highway":"residential","sidewalk":"unknown","lanes":0,"name":"영등포로35가길","oneway":false},"geometry":{"type":"LineString","coordinates":[[126.90284,37.522],[126.9044,37.52194]]}},{"type":"Feature","properties":{"class":"minor","highway":"residential","sidewalk":"unknown","lanes":0,"name":"영신로47길","oneway":false},"geometry":{"type":"LineString","coordinates":[[126.90065,37.52341],[126.90064,37.52335],[126.90057,37.5231],[126.9005,37.5228]]}},{"type":"Feature","properties":{"class":"minor","highway":"residential","sidewalk":"unknown","lanes":0,"name":"버드나루로6길","oneway":false},"geometry":{"type":"LineString","coordinates":[[126.91274,37.52271],[126.91214,37.52244],[126.91164,37.52222],[126.91155,37.52218]]}},{"type":"Feature","properties":{"class":"minor","highway":"residential","sidewalk":"unknown","lanes":0,"name":"국회대로53길","oneway":false},"geometry":{"type":"LineString","coordinates":[[126.90644,37.52843],[126.90643,37.5281],[126.90644,37.52796],[126.90646,37.52761],[126.90646,37.52755],[126.90653,37.52724],[126.90657,37.52705],[126.90675,37.52641],[126.90677,37.52638],[126.90695,37.52595],[126.90705,37.52569]]}},{"type":"Feature","properties":{"class":"minor","highway":"residential","sidewalk":"unknown","lanes":0,"name":"버드나루로8길","oneway":false},"geometry":{"type":"LineString","coordinates":[[126.91194,37.52386],[126.91135,37.5236],[126.91082,37.52337],[126.91073,37.52334]]}},{"type":"Feature","properties":{"class":"minor","highway":"residential","sidewalk":"unknown","lanes":0,"name":"국회대로55길","oneway":false},"geometry":{"type":"LineString","coordinates":[[126.90724,37.52849],[126.90739,37.52809],[126.90753,37.52773],[126.90766,37.52735],[126.90814,37.52617],[126.90859,37.52537],[126.9087,37.52518]]}},{"type":"Feature","properties":{"class":"minor","highway":"residential","sidewalk":"unknown","lanes":0,"name":"영중로42길","oneway":false},"geometry":{"type":"LineString","coordinates":[[126.90574,37.52843],[126.90588,37.52843],[126.90644,37.52843],[126.90672,37.52843]]}},{"type":"Feature","properties":{"class":"minor","highway":"residential","sidewalk":"unknown","lanes":0,"name":"버드나루로15길","oneway":false},"geometry":{"type":"LineString","coordinates":[[126.90672,37.5254],[126.9068,37.52553],[126.90685,37.52556],[126.90705,37.52569],[126.90814,37.52617],[126.90865,37.52637],[126.90876,37.52641]]}},{"type":"Feature","properties":{"class":"minor","highway":"residential","sidewalk":"unknown","lanes":0,"name":"영중로","oneway":false},"geometry":{"type":"LineString","coordinates":[[126.90354,37.52773],[126.9037,37.52769],[126.90494,37.52735],[126.90549,37.52731],[126.90562,37.5273]]}},{"type":"Feature","properties":{"class":"minor","highway":"residential","sidewalk":"unknown","lanes":0,"name":"영중로","oneway":false},"geometry":{"type":"LineString","coordinates":[[126.90556,37.52668],[126.90572,37.52655],[126.90595,37.52621]]}},{"type":"Feature","properties":{"class":"minor","highway":"residential","sidewalk":"unknown","lanes":0,"name":"버드나루로10길","oneway":false},"geometry":{"type":"LineString","coordinates":[[126.91011,37.52423],[126.91025,37.52428],[126.91076,37.52448],[126.91136,37.52472]]}},{"type":"Feature","properties":{"class":"minor","highway":"residential","sidewalk":"unknown","lanes":0,"name":"버드나루로7길","oneway":false},"geometry":{"type":"LineString","coordinates":[[126.90875,37.52416],[126.90934,37.52333],[126.90963,37.52285]]}},{"type":"Feature","properties":{"class":"minor","highway":"residential","sidewalk":"unknown","lanes":0,"name":"국회대로54길","oneway":false},"geometry":{"type":"LineString","coordinates":[[126.90814,37.5239],[126.90824,37.52395],[126.90875,37.52416],[126.9092,37.52435]]}},{"type":"Feature","properties":{"class":"minor","highway":"residential","sidewalk":"unknown","lanes":0,"name":"버드나루로22길","oneway":false},"geometry":{"type":"LineString","coordinates":[[126.90715,37.53064],[126.9073,37.53068],[126.90761,37.53076],[126.90785,37.53082],[126.90841,37.53096]]}},{"type":"Feature","properties":{"class":"minor","highway":"residential","sidewalk":"unknown","lanes":0,"name":"버드나루로23길","oneway":true},"geometry":{"type":"LineString","coordinates":[[126.90704,37.53091],[126.90695,37.53085],[126.90693,37.53081],[126.90686,37.53003],[126.90672,37.52843]]}},{"type":"Feature","properties":{"class":"minor","highway":"residential","sidewalk":"unknown","lanes":0,"name":"당산로38길","oneway":false},"geometry":{"type":"LineString","coordinates":[[126.89838,37.52931],[126.89844,37.52928],[126.89875,37.52912],[126.89935,37.52883],[126.89969,37.52866],[126.90003,37.52848],[126.90024,37.52838]]}},{"type":"Feature","properties":{"class":"minor","highway":"residential","sidewalk":"unknown","lanes":0,"name":"국회대로37길","oneway":false},"geometry":{"type":"LineString","coordinates":[[126.90088,37.52909],[126.90024,37.52838],[126.89966,37.52763],[126.89955,37.52749],[126.8994,37.52729],[126.89929,37.52714]]}},{"type":"Feature","properties":{"class":"minor","highway":"residential","sidewalk":"unknown","lanes":0,"name":"당산로40길","oneway":false},"geometry":{"type":"LineString","coordinates":[[126.89898,37.53002],[126.89903,37.53],[126.89934,37.52985],[126.89996,37.52955],[126.90088,37.52909]]}},{"type":"Feature","properties":{"class":"minor","highway":"residential","sidewalk":"unknown","lanes":0,"name":"영중로","oneway":false},"geometry":{"type":"LineString","coordinates":[[126.90385,37.52844],[126.90401,37.52839],[126.90557,37.52797],[126.90569,37.52794]]}},{"type":"Feature","properties":{"class":"minor","highway":"residential","sidewalk":"unknown","lanes":0,"name":"영신로57길","oneway":false},"geometry":{"type":"LineString","coordinates":[[126.90264,37.52933],[126.90258,37.52927],[126.9023,37.52893],[126.90215,37.52873],[126.90201,37.52853]]}},{"type":"Feature","properties":{"class":"minor","highway":"residential","sidewalk":"unknown","lanes":0,"name":"국회대로46길","oneway":false},"geometry":{"type":"LineString","coordinates":[[126.90481,37.52564],[126.90479,37.5255],[126.90473,37.52515],[126.90459,37.52427],[126.90459,37.52418]]}},{"type":"Feature","properties":{"class":"minor","highway":"residential","sidewalk":"unknown","lanes":0,"name":"국회대로44길","oneway":false},"geometry":{"type":"LineString","coordinates":[[126.90394,37.52581],[126.9039,37.52568],[126.90376,37.52531],[126.9036,37.52505],[126.9035,37.52476],[126.9034,37.52454],[126.90335,37.52438]]}},{"type":"Feature","properties":{"class":"minor","highway":"residential","sidewalk":"unknown","lanes":0,"name":"영중로27길","oneway":false},"geometry":{"type":"LineString","coordinates":[[126.90335,37.52438],[126.90429,37.52422],[126.90459,37.52418],[126.90485,37.52414],[126.90517,37.52409],[126.90528,37.52408]]}},{"type":"Feature","properties":{"class":"minor","highway":"residential","sidewalk":"unknown","lanes":0,"name":"영등포로33길","oneway":false},"geometry":{"type":"LineString","coordinates":[[126.90264,37.52272],[126.90299,37.52268]]}},{"type":"Feature","properties":{"class":"minor","highway":"residential","sidewalk":"unknown","lanes":0,"name":"영중로29길","oneway":false},"geometry":{"type":"LineString","coordinates":[[126.90376,37.52531],[126.90445,37.52519],[126.90473,37.52515],[126.90498,37.5251],[126.90524,37.52507],[126.90539,37.52506]]}},{"type":"Feature","properties":{"class":"minor","highway":"residential","sidewalk":"unknown","lanes":0,"name":"영신로45길","oneway":false},"geometry":{"type":"LineString","coordinates":[[126.89943,37.52298],[126.90007,37.52288],[126.9005,37.5228],[126.90153,37.52265],[126.90163,37.52264]]}},{"type":"Feature","properties":{"class":"minor","highway":"residential","sidewalk":"unknown","lanes":0,"name":"국회대로54길","oneway":false},"geometry":{"type":"LineString","coordinates":[[126.91041,37.52263],[126.90937,37.52223]]}},{"type":"Feature","properties":{"class":"minor","highway":"residential","sidewalk":"unknown","lanes":0,"name":"국회대로54길","oneway":false},"geometry":{"type":"LineString","coordinates":[[126.91065,37.52229],[126.90962,37.52187]]}},{"type":"Feature","properties":{"class":"minor","highway":"residential","sidewalk":"unknown","lanes":0,"name":"영신로55길","oneway":false},"geometry":{"type":"LineString","coordinates":[[126.90254,37.52715],[126.90312,37.527],[126.90322,37.52697]]}},{"type":"Feature","properties":{"class":"minor","highway":"residential","sidewalk":"unknown","lanes":0,"name":"","oneway":false},"geometry":{"type":"LineString","coordinates":[[126.90133,37.52797],[126.90153,37.52791],[126.90168,37.5279],[126.90206,37.52774],[126.90197,37.52746],[126.90187,37.52724],[126.90215,37.52708],[126.90239,37.52715],[126.90254,37.52715]]}},{"type":"Feature","properties":{"class":"minor","highway":"residential","sidewalk":"unknown","lanes":0,"name":"영중로27길","oneway":false},"geometry":{"type":"LineString","coordinates":[[126.90445,37.52519],[126.90441,37.52492],[126.90439,37.52464],[126.90429,37.52422]]}},{"type":"Feature","properties":{"class":"minor","highway":"residential","sidewalk":"unknown","lanes":0,"name":"국회대로44길","oneway":false},"geometry":{"type":"LineString","coordinates":[[126.9035,37.52476],[126.90403,37.52469],[126.90439,37.52464]]}},{"type":"Feature","properties":{"class":"minor","highway":"residential","sidewalk":"unknown","lanes":0,"name":"국회대로44길","oneway":false},"geometry":{"type":"LineString","coordinates":[[126.9036,37.52505],[126.90408,37.52496],[126.90441,37.52492]]}},{"type":"Feature","properties":{"class":"minor","highway":"residential","sidewalk":"unknown","lanes":0,"name":"영중로","oneway":false},"geometry":{"type":"LineString","coordinates":[[126.90504,37.53128],[126.90512,37.53127],[126.90561,37.5312],[126.90575,37.53118]]}},{"type":"Feature","properties":{"class":"minor","highway":"residential","sidewalk":"unknown","lanes":0,"name":"","oneway":false},"geometry":{"type":"LineString","coordinates":[[126.90575,37.53003],[126.9059,37.53003],[126.90686,37.53003]]}},{"type":"Feature","properties":{"class":"minor","highway":"residential","sidewalk":"unknown","lanes":0,"name":"양산로31길","oneway":false},"geometry":{"type":"LineString","coordinates":[[126.90459,37.52418],[126.90456,37.52371],[126.9045,37.52287],[126.9045,37.5228]]}},{"type":"Feature","properties":{"class":"major","highway":"trunk_link","sidewalk":"likely","lanes":0,"name":"","oneway":true},"geometry":{"type":"LineString","coordinates":[[126.90911,37.53125],[126.90932,37.53105],[126.90941,37.53093],[126.9095,37.5308],[126.90971,37.53035]]}},{"type":"Feature","properties":{"class":"minor","highway":"residential","sidewalk":"unknown","lanes":0,"name":"국회대로72길","oneway":false},"geometry":{"type":"LineString","coordinates":[[126.91977,37.53077],[126.92088,37.52963],[126.92195,37.52854]]}},{"type":"Feature","properties":{"class":"alley","highway":"service","sidewalk":"unknown","lanes":0,"name":"","oneway":false},"geometry":{"type":"LineString","coordinates":[[126.90255,37.52528],[126.90266,37.52525],[126.90266,37.52525]]}},{"type":"Feature","properties":{"class":"alley","highway":"service","sidewalk":"unknown","lanes":0,"name":"","oneway":false},"geometry":{"type":"LineString","coordinates":[[126.91826,37.52804],[126.91845,37.52815],[126.91862,37.52817],[126.91912,37.52855]]}},{"type":"Feature","properties":{"class":"minor","highway":"residential","sidewalk":"unknown","lanes":0,"name":"국회대로68길","oneway":false},"geometry":{"type":"LineString","coordinates":[[126.92079,37.52781],[126.9197,37.52891],[126.9186,37.53004]]}},{"type":"Feature","properties":{"class":"minor","highway":"residential","sidewalk":"unknown","lanes":0,"name":"국회대로68길","oneway":false},"geometry":{"type":"LineString","coordinates":[[126.9197,37.52891],[126.9203,37.52928]]}},{"type":"Feature","properties":{"class":"minor","highway":"residential","sidewalk":"unknown","lanes":0,"name":"국회대로66길","oneway":false},"geometry":{"type":"LineString","coordinates":[[126.9202,37.52744],[126.91912,37.52855],[126.91801,37.52968]]}},{"type":"Feature","properties":{"class":"minor","highway":"residential","sidewalk":"unknown","lanes":0,"name":"국회대로66길","oneway":false},"geometry":{"type":"LineString","coordinates":[[126.91912,37.52855],[126.9197,37.52891]]}},{"type":"Feature","properties":{"class":"alley","highway":"service","sidewalk":"unknown","lanes":0,"name":"","oneway":false},"geometry":{"type":"LineString","coordinates":[[126.91842,37.52993],[126.91829,37.53007],[126.91827,37.5301],[126.91812,37.53024]]}},{"type":"Feature","properties":{"class":"alley","highway":"service","sidewalk":"unknown","lanes":0,"name":"","oneway":false},"geometry":{"type":"LineString","coordinates":[[126.91812,37.53024],[126.91788,37.53049]]}},{"type":"Feature","properties":{"class":"major","highway":"tertiary","sidewalk":"likely","lanes":0,"name":"양산로","oneway":false},"geometry":{"type":"LineString","coordinates":[[126.90892,37.52251],[126.90852,37.52234],[126.9082,37.52228],[126.90759,37.52233],[126.90735,37.52237],[126.90722,37.52238],[126.90712,37.5224],[126.90639,37.52251],[126.90577,37.52262],[126.90544,37.52266],[126.90511,37.5227],[126.9049,37.52274],[126.9045,37.5228],[126.90318,37.52302],[126.90308,37.52304],[126.90204,37.52322],[126.90181,37.52326],[126.9016,37.52328],[126.90065,37.52341],[126.89957,37.52356],[126.89953,37.52356],[126.89842,37.52373],[126.89741,37.52387]]}},{"type":"Feature","properties":{"class":"minor","highway":"residential","sidewalk":"unknown","lanes":0,"name":"버드나루로11길","oneway":false},"geometry":{"type":"LineString","coordinates":[[126.90782,37.52438],[126.90792,37.52442],[126.9089,37.52481],[126.90914,37.52493],[126.9093,37.52504],[126.90937,37.52508],[126.90948,37.52516]]}},{"type":"Feature","properties":{"class":"minor","highway":"residential","sidewalk":"unknown","lanes":0,"name":"버드나루로22길","oneway":false},"geometry":{"type":"LineString","coordinates":[[126.90766,37.53133],[126.90772,37.53117],[126.90785,37.53082]]}},{"type":"Feature","properties":{"class":"minor","highway":"residential","sidewalk":"unknown","lanes":0,"name":"버드나루로22길","oneway":false},"geometry":{"type":"LineString","coordinates":[[126.90753,37.53113],[126.90772,37.53117]]}},{"type":"Feature","properties":{"class":"minor","highway":"residential","sidewalk":"unknown","lanes":0,"name":"국회대로53길","oneway":false},"geometry":{"type":"LineString","coordinates":[[126.90644,37.52796],[126.90696,37.52796],[126.90739,37.52809]]}},{"type":"Feature","properties":{"class":"minor","highway":"residential","sidewalk":"unknown","lanes":0,"name":"국회대로53길","oneway":false},"geometry":{"type":"LineString","coordinates":[[126.90646,37.52761],[126.90697,37.52761],[126.90713,37.52764],[126.90753,37.52773]]}},{"type":"Feature","properties":{"class":"minor","highway":"residential","sidewalk":"unknown","lanes":0,"name":"","oneway":false},"geometry":{"type":"LineString","coordinates":[[126.90252,37.52751],[126.90239,37.52715]]}},{"type":"Feature","properties":{"class":"minor","highway":"residential","sidewalk":"unknown","lanes":0,"name":"당산로36길","oneway":false},"geometry":{"type":"LineString","coordinates":[[126.89945,37.52774],[126.90003,37.52848]]}},{"type":"Feature","properties":{"class":"minor","highway":"residential","sidewalk":"unknown","lanes":0,"name":"영신로54길","oneway":false},"geometry":{"type":"LineString","coordinates":[[126.90304,37.52654],[126.90318,37.5265],[126.90397,37.52631],[126.90409,37.52628]]}},{"type":"Feature","properties":{"class":"minor","highway":"residential","sidewalk":"unknown","lanes":0,"name":"국회대로","oneway":false},"geometry":{"type":"LineString","coordinates":[[126.904,37.52602],[126.90398,37.52597],[126.90394,37.52581]]}},{"type":"Feature","properties":{"class":"minor","highway":"residential","sidewalk":"unknown","lanes":0,"name":"국회대로","oneway":false},"geometry":{"type":"LineString","coordinates":[[126.904,37.52602],[126.90407,37.52599],[126.90442,37.52594],[126.90485,37.52588]]}},{"type":"Feature","properties":{"class":"minor","highway":"residential","sidewalk":"unknown","lanes":0,"name":"영중로33길","oneway":false},"geometry":{"type":"LineString","coordinates":[[126.90487,37.52616],[126.90485,37.52588]]}},{"type":"Feature","properties":{"class":"minor","highway":"residential","sidewalk":"unknown","lanes":0,"name":"영중로34길","oneway":false},"geometry":{"type":"LineString","coordinates":[[126.90677,37.52638],[126.90645,37.52632],[126.90634,37.5263],[126.90595,37.52621],[126.90567,37.52615],[126.90551,37.52612]]}},{"type":"Feature","properties":{"class":"minor","highway":"residential","sidewalk":"unknown","lanes":0,"name":"영중로34길","oneway":false},"geometry":{"type":"LineString","coordinates":[[126.90645,37.52632],[126.90652,37.5261],[126.90667,37.52587],[126.90695,37.52595]]}},{"type":"Feature","properties":{"class":"major","highway":"secondary_link","sidewalk":"likely","lanes":0,"name":"","oneway":true},"geometry":{"type":"LineString","coordinates":[[126.90956,37.52504],[126.91013,37.52519],[126.91025,37.52523],[126.91074,37.52541],[126.91076,37.52544]]}},{"type":"Feature","properties":{"class":"major","highway":"secondary_link","sidewalk":"likely","lanes":0,"name":"","oneway":true},"geometry":{"type":"LineString","coordinates":[[126.91059,37.52568],[126.91055,37.52568],[126.91017,37.52553],[126.9101,37.5255],[126.90982,37.52541],[126.90936,37.52532]]}},{"type":"Feature","properties":{"class":"major","highway":"secondary_link","sidewalk":"likely","lanes":0,"name":"","oneway":true},"geometry":{"type":"LineString","coordinates":[[126.91076,37.52544],[126.91059,37.52568]]}},{"type":"Feature","properties":{"class":"alley","highway":"pedestrian","sidewalk":"unknown","lanes":0,"name":"","oneway":false},"geometry":{"type":"LineString","coordinates":[[126.91719,37.5239],[126.91722,37.52387],[126.91738,37.5237]]}},{"type":"Feature","properties":{"class":"major","highway":"secondary_link","sidewalk":"likely","lanes":0,"name":"","oneway":true},"geometry":{"type":"LineString","coordinates":[[126.91842,37.52787],[126.91833,37.52792],[126.91825,37.52794],[126.91817,37.52793],[126.91809,37.52789],[126.91802,37.52784],[126.91799,37.52779],[126.91799,37.52775],[126.91798,37.52769]]}},{"type":"Feature","properties":{"class":"alley","highway":"service","sidewalk":"unknown","lanes":0,"name":"","oneway":true},"geometry":{"type":"LineString","coordinates":[[126.91783,37.52743],[126.91862,37.52671],[126.91868,37.52663],[126.91868,37.52654]]}},{"type":"Feature","properties":{"class":"minor","highway":"unclassified","sidewalk":"unknown","lanes":0,"name":"","oneway":true},"geometry":{"type":"LineString","coordinates":[[126.91955,37.52704],[126.91845,37.52815],[126.91769,37.52894],[126.91736,37.52928]]}},{"type":"Feature","properties":{"class":"major","highway":"primary","sidewalk":"likely","lanes":0,"name":"노들로","oneway":true},"geometry":{"type":"LineString","coordinates":[[126.91079,37.52602],[126.91033,37.52692],[126.91004,37.52757],[126.90992,37.52794],[126.90975,37.52834],[126.90965,37.52859]]}},{"type":"Feature","properties":{"class":"major","highway":"primary","sidewalk":"likely","lanes":0,"name":"여의2교지하차도","oneway":true},"geometry":{"type":"LineString","coordinates":[[126.91121,37.52538],[126.91098,37.52574],[126.91079,37.52602]]}},{"type":"Feature","properties":{"class":"major","highway":"primary","sidewalk":"likely","lanes":0,"name":"노들로","oneway":true},"geometry":{"type":"LineString","coordinates":[[126.91113,37.52534],[126.91209,37.52389],[126.91221,37.52371],[126.91236,37.52349],[126.91287,37.52277],[126.9131,37.52244]]}},{"type":"Feature","properties":{"class":"major","highway":"primary","sidewalk":"likely","lanes":0,"name":"여의2교지하차도","oneway":true},"geometry":{"type":"LineString","coordinates":[[126.91073,37.52599],[126.91092,37.52566],[126.91113,37.52534]]}},{"type":"Feature","properties":{"class":"major","highway":"primary_link","sidewalk":"likely","lanes":0,"name":"","oneway":true},"geometry":{"type":"LineString","coordinates":[[126.90978,37.52791],[126.90982,37.52765],[126.91003,37.52716],[126.91021,37.52677],[126.91067,37.52593]]}},{"type":"Feature","properties":{"class":"major","highway":"primary_link","sidewalk":"likely","lanes":0,"name":"","oneway":true},"geometry":{"type":"LineString","coordinates":[[126.91067,37.52593],[126.91068,37.52584],[126.91067,37.52578],[126.91066,37.52574],[126.91058,37.52562],[126.91045,37.52551]]}},{"type":"Feature","properties":{"class":"major","highway":"secondary","sidewalk":"likely","lanes":0,"name":"버드나루로","oneway":false},"geometry":{"type":"LineString","coordinates":[[126.90936,37.52532],[126.90934,37.52534],[126.90929,37.52543],[126.90899,37.52595],[126.9088,37.52633],[126.90876,37.52641]]}},{"type":"Feature","properties":{"class":"major","highway":"primary_link","sidewalk":"likely","lanes":0,"name":"","oneway":true},"geometry":{"type":"LineString","coordinates":[[126.91094,37.52571],[126.91089,37.52604]]}},{"type":"Feature","properties":{"class":"major","highway":"primary_link","sidewalk":"likely","lanes":0,"name":"","oneway":true},"geometry":{"type":"LineString","coordinates":[[126.91162,37.526],[126.91138,37.52605],[126.91108,37.52594]]}},{"type":"Feature","properties":{"class":"major","highway":"primary_link","sidewalk":"likely","lanes":0,"name":"","oneway":true},"geometry":{"type":"LineString","coordinates":[[126.91089,37.52604],[126.91044,37.5269],[126.91024,37.52733],[126.91007,37.52771],[126.90992,37.52794]]}},{"type":"Feature","properties":{"class":"major","highway":"primary_link","sidewalk":"likely","lanes":0,"name":"","oneway":true},"geometry":{"type":"LineString","coordinates":[[126.91125,37.52546],[126.91094,37.52571]]}},{"type":"Feature","properties":{"class":"major","highway":"primary","sidewalk":"likely","lanes":0,"name":"국회대로","oneway":false},"geometry":{"type":"LineString","coordinates":[[126.91045,37.52551],[126.91094,37.52571]]}},{"type":"Feature","properties":{"class":"major","highway":"primary","sidewalk":"likely","lanes":0,"name":"","oneway":false},"geometry":{"type":"LineString","coordinates":[[126.91115,37.5258],[126.91162,37.526]]}},{"type":"Feature","properties":{"class":"major","highway":"primary_link","sidewalk":"likely","lanes":0,"name":"","oneway":true},"geometry":{"type":"LineString","coordinates":[[126.91125,37.52546],[126.91123,37.52553],[126.91123,37.52558],[126.91124,37.52563]]}},{"type":"Feature","properties":{"class":"major","highway":"primary","sidewalk":"likely","lanes":0,"name":"국회대로","oneway":false},"geometry":{"type":"LineString","coordinates":[[126.91162,37.526],[126.91299,37.52667],[126.91329,37.52681]]}},{"type":"Feature","properties":{"class":"major","highway":"primary_link","sidewalk":"likely","lanes":0,"name":"","oneway":true},"geometry":{"type":"LineString","coordinates":[[126.91247,37.52352],[126.91217,37.5241],[126.91125,37.52546]]}},{"type":"Feature","properties":{"class":"major","highway":"primary_link","sidewalk":"likely","lanes":0,"name":"","oneway":true},"geometry":{"type":"LineString","coordinates":[[126.91045,37.52551],[126.91067,37.52549],[126.91076,37.52548],[126.91085,37.52547],[126.91097,37.52542],[126.91105,37.52533],[126.91191,37.52401],[126.91221,37.52371]]}},{"type":"Feature","properties":{"class":"major","highway":"secondary","sidewalk":"likely","lanes":0,"name":"버드나루로","oneway":false},"geometry":{"type":"LineString","coordinates":[[126.90876,37.52641],[126.90835,37.52754],[126.90796,37.52859],[126.90793,37.52866],[126.90792,37.52868],[126.90754,37.52965],[126.90719,37.53053],[126.90715,37.53064],[126.90704,37.53091]]}},{"type":"Feature","properties":{"class":"minor","highway":"residential","sidewalk":"unknown","lanes":0,"name":"버드나루로16길","oneway":false},"geometry":{"type":"LineString","coordinates":[[126.90876,37.52641],[126.90894,37.52647],[126.90945,37.52665],[126.91011,37.52684]]}},{"type":"Feature","properties":{"class":"minor","highway":"residential","sidewalk":"unknown","lanes":0,"name":"버드나루로17길","oneway":false},"geometry":{"type":"LineString","coordinates":[[126.90653,37.52724],[126.9069,37.52721],[126.90766,37.52735],[126.90826,37.52751],[126.90835,37.52754]]}},{"type":"Feature","properties":{"class":"minor","highway":"residential","sidewalk":"unknown","lanes":0,"name":"버드나루로18길","oneway":false},"geometry":{"type":"LineString","coordinates":[[126.90835,37.52754],[126.90848,37.52757],[126.90906,37.52774],[126.90963,37.52789]]}},{"type":"Feature","properties":{"class":"minor","highway":"residential","sidewalk":"unknown","lanes":0,"name":"영중로38길","oneway":false},"geometry":{"type":"LineString","coordinates":[[126.90562,37.5273],[126.90581,37.52729],[126.90653,37.52724]]}},{"type":"Feature","properties":{"class":"minor","highway":"residential","sidewalk":"unknown","lanes":0,"name":"버드나루로19길","oneway":false},"geometry":{"type":"LineString","coordinates":[[126.90672,37.52843],[126.90701,37.52843],[126.90724,37.52849],[126.90782,37.52865],[126.90792,37.52868]]}},{"type":"Feature","properties":{"class":"minor","highway":"residential","sidewalk":"unknown","lanes":0,"name":"영중로33길","oneway":false},"geometry":{"type":"LineString","coordinates":[[126.90409,37.52628],[126.90433,37.52623],[126.90479,37.52616],[126.90487,37.52616],[126.90508,37.52615],[126.90539,37.52613],[126.90551,37.52612]]}},{"type":"Feature","properties":{"class":"major","highway":"tertiary","sidewalk":"likely","lanes":0,"name":"영신로61길","oneway":false},"geometry":{"type":"LineString","coordinates":[[126.90405,37.5289],[126.90389,37.52894],[126.90349,37.52906],[126.90264,37.52933]]}},{"type":"Feature","properties":{"class":"minor","highway":"residential","sidewalk":"unknown","lanes":0,"name":"영중로","oneway":false},"geometry":{"type":"LineString","coordinates":[[126.90461,37.53026],[126.90478,37.53025],[126.9056,37.53023],[126.90575,37.53023]]}},{"type":"Feature","properties":{"class":"major","highway":"tertiary","sidewalk":"likely","lanes":0,"name":"당산로42길","oneway":false},"geometry":{"type":"LineString","coordinates":[[126.90264,37.52933],[126.90251,37.52938],[126.90209,37.52955],[126.90201,37.52959],[126.9013,37.52995],[126.90071,37.53024],[126.90065,37.53027],[126.90057,37.53031],[126.89969,37.53076],[126.8996,37.5308]]}},{"type":"Feature","properties":{"class":"minor","highway":"residential","sidewalk":"unknown","lanes":0,"name":"영신로57길","oneway":false},"geometry":{"type":"LineString","coordinates":[[126.90088,37.52909],[126.90201,37.52853],[126.90273,37.52831],[126.90337,37.52812],[126.90357,37.52806],[126.90367,37.52803]]}},{"type":"Feature","properties":{"class":"minor","highway":"residential","sidewalk":"unknown","lanes":0,"name":"당산로38길","oneway":false},"geometry":{"type":"LineString","coordinates":[[126.89969,37.52866],[126.90013,37.52922]]}},{"type":"Feature","properties":{"class":"minor","highway":"residential","sidewalk":"unknown","lanes":0,"name":"당산로38길","oneway":false},"geometry":{"type":"LineString","coordinates":[[126.90003,37.52848],[126.90048,37.52907]]}},{"type":"Feature","properties":{"class":"minor","highway":"residential","sidewalk":"unknown","lanes":0,"name":"영신로47길","oneway":false},"geometry":{"type":"LineString","coordinates":[[126.89949,37.52324],[126.90057,37.5231],[126.9016,37.52293],[126.90171,37.52291]]}},{"type":"Feature","properties":{"class":"minor","highway":"residential","sidewalk":"unknown","lanes":0,"name":"영신로41길","oneway":false},"geometry":{"type":"LineString","coordinates":[[126.89955,37.52205],[126.9003,37.52197],[126.90129,37.52186],[126.90143,37.52185]]}},{"type":"Feature","properties":{"class":"minor","highway":"residential","sidewalk":"unknown","lanes":0,"name":"영신로44길","oneway":true},"geometry":{"type":"LineString","coordinates":[[126.90153,37.52224],[126.90166,37.52225],[126.90291,37.5223],[126.90372,37.52233],[126.90442,37.52228]]}},{"type":"Feature","properties":{"class":"minor","highway":"residential","sidewalk":"unknown","lanes":0,"name":"영신로43길","oneway":false},"geometry":{"type":"LineString","coordinates":[[126.89929,37.52237],[126.89958,37.52234],[126.90037,37.52224],[126.90055,37.52224],[126.90141,37.52224],[126.90153,37.52224]]}},{"type":"Feature","properties":{"class":"minor","highway":"residential","sidewalk":"unknown","lanes":0,"name":"영신로45길","oneway":false},"geometry":{"type":"LineString","coordinates":[[126.9005,37.5228],[126.90047,37.52249],[126.90055,37.52224]]}},{"type":"Feature","properties":{"class":"minor","highway":"residential","sidewalk":"unknown","lanes":0,"name":"영등포로35나길","oneway":true},"geometry":{"type":"LineString","coordinates":[[126.90446,37.52254],[126.90299,37.52268]]}},{"type":"Feature","properties":{"class":"minor","highway":"residential","sidewalk":"unknown","lanes":0,"name":"영중로","oneway":false},"geometry":{"type":"LineString","coordinates":[[126.90442,37.52228],[126.90491,37.52225],[126.90506,37.52224]]}},{"type":"Feature","properties":{"class":"minor","highway":"residential","sidewalk":"unknown","lanes":0,"name":"영중로24길","oneway":false},"geometry":{"type":"LineString","coordinates":[[126.90506,37.52224],[126.90522,37.52222],[126.90573,37.52215],[126.90722,37.52195]]}},{"type":"Feature","properties":{"class":"minor","highway":"residential","sidewalk":"unknown","lanes":0,"name":"양산로29길","oneway":false},"geometry":{"type":"LineString","coordinates":[[126.90335,37.52438],[126.90331,37.52426],[126.90324,37.52401],[126.90322,37.5239],[126.90309,37.52311],[126.90308,37.52304]]}},{"type":"Feature","properties":{"class":"alley","highway":"service","sidewalk":"unknown","lanes":0,"name":"영중로","oneway":false},"geometry":{"type":"LineString","coordinates":[[126.90528,37.52408],[126.9054,37.52406],[126.90593,37.52397]]}},{"type":"Feature","properties":{"class":"minor","highway":"residential","sidewalk":"unknown","lanes":0,"name":"영중로","oneway":false},"geometry":{"type":"LineString","coordinates":[[126.90539,37.52506],[126.90554,37.52503],[126.90618,37.52493]]}},{"type":"Feature","properties":{"class":"minor","highway":"residential","sidewalk":"unknown","lanes":0,"name":"영등포로53길","oneway":false},"geometry":{"type":"LineString","coordinates":[[126.90907,37.5226],[126.90904,37.52257],[126.90892,37.52251]]}},{"type":"Feature","properties":{"class":"minor","highway":"residential","sidewalk":"unknown","lanes":0,"name":"버드나루로7길","oneway":false},"geometry":{"type":"LineString","coordinates":[[126.91073,37.52334],[126.91064,37.5233],[126.9101,37.52306],[126.90963,37.52285],[126.90915,37.52264],[126.90907,37.5226]]}},{"type":"Feature","properties":{"class":"minor","highway":"residential","sidewalk":"unknown","lanes":0,"name":"국회대로","oneway":false},"geometry":{"type":"LineString","coordinates":[[126.90752,37.52484],[126.90761,37.52488],[126.90812,37.52509],[126.90824,37.52522]]}},{"type":"Feature","properties":{"class":"minor","highway":"residential","sidewalk":"unknown","lanes":0,"name":"버드나루로9길","oneway":false},"geometry":{"type":"LineString","coordinates":[[126.90934,37.52333],[126.90936,37.52334],[126.90978,37.52351],[126.91035,37.52374],[126.91043,37.52378]]}},{"type":"Feature","properties":{"class":"alley","highway":"service","sidewalk":"unknown","lanes":0,"name":"","oneway":false},"geometry":{"type":"LineString","coordinates":[[126.9011,37.531],[126.90124,37.53123],[126.9006,37.53146],[126.90045,37.53125],[126.9011,37.531]]}},{"type":"Feature","properties":{"class":"major","highway":"primary","sidewalk":"likely","lanes":0,"name":"국회대로","oneway":false},"geometry":{"type":"LineString","coordinates":[[126.90672,37.5254],[126.90686,37.52538],[126.90703,37.52536],[126.90721,37.52534],[126.90752,37.5253],[126.90824,37.52522],[126.9085,37.52519]]}},{"type":"Feature","properties":{"class":"alley","highway":"service","sidewalk":"unknown","lanes":0,"name":"","oneway":false},"geometry":{"type":"LineString","coordinates":[[126.90095,37.5308],[126.90049,37.53097],[126.9004,37.53085],[126.90086,37.53065]]}},{"type":"Feature","properties":{"class":"alley","highway":"service","sidewalk":"unknown","lanes":0,"name":"","oneway":false},"geometry":{"type":"LineString","coordinates":[[126.9011,37.531],[126.90095,37.5308]]}},{"type":"Feature","properties":{"class":"alley","highway":"service","sidewalk":"unknown","lanes":0,"name":"","oneway":false},"geometry":{"type":"LineString","coordinates":[[126.90065,37.53027],[126.90069,37.53035],[126.90086,37.53065],[126.90095,37.5308]]}},{"type":"Feature","properties":{"class":"major","highway":"secondary","sidewalk":"likely","lanes":0,"name":"의사당대로","oneway":true},"geometry":{"type":"LineString","coordinates":[[126.92038,37.52588],[126.92005,37.52622],[126.91949,37.52679],[126.91925,37.52704]]}},{"type":"Feature","properties":{"class":"major","highway":"secondary","sidewalk":"likely","lanes":0,"name":"의사당대로","oneway":true},"geometry":{"type":"LineString","coordinates":[[126.91826,37.52741],[126.91885,37.52675],[126.91903,37.52658],[126.91963,37.52598],[126.91998,37.52563]]}},{"type":"Feature","properties":{"class":"major","highway":"secondary","sidewalk":"likely","lanes":0,"name":"의사당대로","oneway":true},"geometry":{"type":"LineString","coordinates":[[126.9187,37.52757],[126.91842,37.52787],[126.91826,37.52804],[126.91806,37.52826],[126.91793,37.52839],[126.91765,37.52868],[126.91753,37.52882]]}},{"type":"Feature","properties":{"class":"major","highway":"secondary","sidewalk":"likely","lanes":0,"name":"의사당대로","oneway":true},"geometry":{"type":"LineString","coordinates":[[126.91826,37.52741],[126.91915,37.52674],[126.92006,37.52583]]}},{"type":"Feature","properties":{"class":"major","highway":"secondary","sidewalk":"likely","lanes":0,"name":"의사당대로","oneway":true},"geometry":{"type":"LineString","coordinates":[[126.91925,37.52704],[126.9187,37.52757]]}},{"type":"Feature","properties":{"class":"alley","highway":"service","sidewalk":"unknown","lanes":0,"name":"","oneway":false},"geometry":{"type":"LineString","coordinates":[[126.90208,37.53122],[126.90253,37.53166]]}},{"type":"Feature","properties":{"class":"major","highway":"secondary","sidewalk":"likely","lanes":0,"name":"영신로","oneway":false},"geometry":{"type":"LineString","coordinates":[[126.90504,37.53128],[126.90506,37.53133],[126.90514,37.53154]]}},{"type":"Feature","properties":{"class":"major","highway":"secondary","sidewalk":"likely","lanes":0,"name":"영신로","oneway":false},"geometry":{"type":"LineString","coordinates":[[126.90405,37.5289],[126.9041,37.52901],[126.90457,37.53016],[126.90461,37.53026],[126.90468,37.53042],[126.90502,37.53123],[126.90504,37.53128]]}},{"type":"Feature","properties":{"class":"major","highway":"tertiary","sidewalk":"likely","lanes":0,"name":"은행로","oneway":false},"geometry":{"type":"LineString","coordinates":[[126.92358,37.52956],[126.92338,37.52944],[126.9227,37.52901],[126.92254,37.52891],[126.92195,37.52854],[126.92137,37.52818],[126.92128,37.52812],[126.92089,37.52788],[126.92079,37.52781],[126.9202,37.52744],[126.91955,37.52704]]}},{"type":"Feature","properties":{"class":"major","highway":"secondary_link","sidewalk":"likely","lanes":0,"name":"은행로","oneway":true},"geometry":{"type":"LineString","coordinates":[[126.91955,37.52704],[126.91939,37.52702],[126.91925,37.52704]]}},{"type":"Feature","properties":{"class":"major","highway":"primary","sidewalk":"likely","lanes":0,"name":"국회대로","oneway":false},"geometry":{"type":"LineString","coordinates":[[126.91801,37.52968],[126.91842,37.52993],[126.9186,37.53004],[126.91919,37.53041],[126.91977,37.53077],[126.92036,37.53113],[126.92082,37.53142]]}},{"type":"Feature","properties":{"class":"major","highway":"primary","sidewalk":"likely","lanes":0,"name":"국회대로","oneway":false},"geometry":{"type":"LineString","coordinates":[[126.91676,37.5289],[126.91695,37.52902],[126.91719,37.52917]]}},{"type":"Feature","properties":{"class":"major","highway":"secondary","sidewalk":"likely","lanes":8,"name":"영등포로","oneway":false},"geometry":{"type":"LineString","coordinates":[[126.90109,37.52058],[126.90093,37.5206],[126.90069,37.52064],[126.9,37.52074],[126.89908,37.52089],[126.89895,37.52091],[126.89753,37.52112],[126.89727,37.52116],[126.89706,37.52119],[126.89696,37.52121],[126.89583,37.52138],[126.89565,37.52141]]}},{"type":"Feature","properties":{"class":"major","highway":"trunk_link","sidewalk":"likely","lanes":0,"name":"","oneway":true},"geometry":{"type":"LineString","coordinates":[[126.90971,37.53035],[126.90979,37.53011],[126.90984,37.52994]]}},{"type":"Feature","properties":{"class":"major","highway":"trunk_link","sidewalk":"likely","lanes":0,"name":"","oneway":true},"geometry":{"type":"LineString","coordinates":[[126.90984,37.52994],[126.91008,37.52914],[126.91039,37.52812],[126.91063,37.52727],[126.91078,37.52684],[126.91082,37.52675],[126.91114,37.52617]]}},{"type":"Feature","properties":{"class":"major","highway":"secondary","sidewalk":"likely","lanes":0,"name":"영중로","oneway":false},"geometry":{"type":"LineString","coordinates":[[126.90545,37.52555],[126.90548,37.5258],[126.90551,37.52612],[126.90556,37.52668],[126.90561,37.52714],[126.90562,37.5273],[126.90569,37.52794],[126.90573,37.52834],[126.90574,37.52843],[126.90574,37.5286],[126.90574,37.52903],[126.90574,37.52908],[126.90574,37.52983],[126.90575,37.53003],[126.90575,37.53023],[126.90575,37.53118]]}},{"type":"Feature","properties":{"class":"major","highway":"primary","sidewalk":"likely","lanes":0,"name":"여의대로","oneway":true},"geometry":{"type":"LineString","coordinates":[[126.91825,37.52171],[126.91867,37.5219],[126.91895,37.52207],[126.9192,37.52225],[126.92048,37.52305],[126.92089,37.52331],[126.92154,37.52372]]}},{"type":"Feature","properties":{"class":"major","highway":"tertiary","sidewalk":"likely","lanes":0,"name":"","oneway":false},"geometry":{"type":"LineString","coordinates":[[126.90241,37.5249],[126.90222,37.52494],[126.90216,37.52495]]}},{"type":"Feature","properties":{"class":"major","highway":"primary_link","sidewalk":"likely","lanes":0,"name":"","oneway":true},"geometry":{"type":"LineString","coordinates":[[126.91377,37.52175],[126.91359,37.52198],[126.91325,37.5224]]}},{"type":"Feature","properties":{"class":"minor","highway":"residential","sidewalk":"unknown","lanes":0,"name":"국회대로54길","oneway":false},"geometry":{"type":"LineString","coordinates":[[126.90752,37.52484],[126.90731,37.52518],[126.90721,37.52534]]}},{"type":"Feature","properties":{"class":"minor","highway":"residential","sidewalk":"unknown","lanes":0,"name":"국회대로50길","oneway":false},"geometry":{"type":"LineString","coordinates":[[126.9064,37.52544],[126.90634,37.52531],[126.90618,37.52493],[126.90599,37.52441],[126.90593,37.52397],[126.90582,37.52301],[126.90579,37.52273],[126.90578,37.52268],[126.90577,37.52262]]}},{"type":"Feature","properties":{"class":"major","highway":"primary","sidewalk":"likely","lanes":0,"name":"국회대로","oneway":false},"geometry":{"type":"LineString","coordinates":[[126.89716,37.5278],[126.89748,37.52768],[126.89772,37.52761],[126.89829,37.52744],[126.89859,37.52735],[126.89914,37.52719],[126.89925,37.52715],[126.89929,37.52714],[126.89965,37.52703],[126.90063,37.52674],[126.90108,37.52661],[126.90142,37.52651],[126.90214,37.52631],[126.90271,37.52615],[126.90285,37.52611],[126.90314,37.52603],[126.90394,37.52581],[126.90404,37.52578],[126.90449,37.52568],[126.90481,37.52564],[126.90524,37.52557],[126.90545,37.52555]]}},{"type":"Feature","properties":{"class":"alley","highway":"service","sidewalk":"unknown","lanes":0,"name":"","oneway":false},"geometry":{"type":"LineString","coordinates":[[126.91522,37.52862],[126.91493,37.52844],[126.91487,37.5284],[126.91436,37.52808]]}},{"type":"Feature","properties":{"class":"alley","highway":"service","sidewalk":"unknown","lanes":0,"name":"","oneway":true},"geometry":{"type":"LineString","coordinates":[[126.91474,37.52854],[126.91487,37.5284]]}},{"type":"Feature","properties":{"class":"alley","highway":"service","sidewalk":"unknown","lanes":0,"name":"","oneway":true},"geometry":{"type":"LineString","coordinates":[[126.91493,37.52844],[126.91479,37.52857]]}},{"type":"Feature","properties":{"class":"alley","highway":"service","sidewalk":"unknown","lanes":0,"name":"","oneway":false},"geometry":{"type":"LineString","coordinates":[[126.91404,37.52816],[126.9145,37.5277],[126.91462,37.52758]]}},{"type":"Feature","properties":{"class":"major","highway":"primary_link","sidewalk":"likely","lanes":0,"name":"","oneway":true},"geometry":{"type":"LineString","coordinates":[[126.91108,37.52594],[126.91105,37.52593],[126.911,37.52593],[126.91099,37.52593],[126.91095,37.52597],[126.91089,37.52604]]}},{"type":"Feature","properties":{"class":"major","highway":"primary_link","sidewalk":"likely","lanes":0,"name":"","oneway":true},"geometry":{"type":"LineString","coordinates":[[126.91124,37.52563],[126.91137,37.52572],[126.91149,37.52578],[126.91151,37.52582],[126.91162,37.526]]}},{"type":"Feature","properties":{"class":"alley","highway":"service","sidewalk":"unknown","lanes":0,"name":"","oneway":true},"geometry":{"type":"LineString","coordinates":[[126.91392,37.53095],[126.91377,37.53084],[126.91369,37.53079]]}},{"type":"Feature","properties":{"class":"alley","highway":"service","sidewalk":"unknown","lanes":0,"name":"","oneway":true},"geometry":{"type":"LineString","coordinates":[[126.91443,37.53127],[126.91392,37.53095]]}},{"type":"Feature","properties":{"class":"alley","highway":"service","sidewalk":"unknown","lanes":0,"name":"","oneway":true},"geometry":{"type":"LineString","coordinates":[[126.91485,37.53153],[126.91443,37.53127]]}},{"type":"Feature","properties":{"class":"minor","highway":"residential","sidewalk":"unknown","lanes":0,"name":"영중로34길","oneway":false},"geometry":{"type":"LineString","coordinates":[[126.90595,37.52621],[126.90619,37.52586]]}},{"type":"Feature","properties":{"class":"minor","highway":"residential","sidewalk":"unknown","lanes":0,"name":"국회대로","oneway":false},"geometry":{"type":"LineString","coordinates":[[126.90619,37.52586],[126.90635,37.52562],[126.9064,37.52544]]}},{"type":"Feature","properties":{"class":"minor","highway":"residential","sidewalk":"unknown","lanes":0,"name":"영신로54길","oneway":false},"geometry":{"type":"LineString","coordinates":[[126.90409,37.52628],[126.904,37.52602]]}},{"type":"Feature","properties":{"class":"minor","highway":"residential","sidewalk":"unknown","lanes":0,"name":"국회대로","oneway":false},"geometry":{"type":"LineString","coordinates":[[126.90485,37.52588],[126.90484,37.52582],[126.90481,37.52564]]}},{"type":"Feature","properties":{"class":"alley","highway":"service","sidewalk":"unknown","lanes":0,"name":"","oneway":true},"geometry":{"type":"LineString","coordinates":[[126.91587,37.52774],[126.91574,37.52765],[126.9156,37.52763],[126.91554,37.5277],[126.91411,37.52682],[126.91429,37.52656],[126.91574,37.52747],[126.91568,37.52755],[126.91574,37.52765]]}},{"type":"Feature","properties":{"class":"alley","highway":"service","sidewalk":"unknown","lanes":0,"name":"","oneway":true},"geometry":{"type":"LineString","coordinates":[[126.91771,37.52589],[126.91755,37.52578],[126.91747,37.52564],[126.91743,37.52555],[126.91819,37.52481],[126.91836,37.52492],[126.91762,37.52562],[126.91759,37.52564],[126.91755,37.52578]]}},{"type":"Feature","properties":{"class":"alley","highway":"service","sidewalk":"unknown","lanes":0,"name":"","oneway":false},"geometry":{"type":"LineString","coordinates":[[126.91672,37.52571],[126.9164,37.52604],[126.91665,37.5262],[126.91593,37.52695]]}},{"type":"Feature","properties":{"class":"major","highway":"trunk_link","sidewalk":"likely","lanes":0,"name":"","oneway":true},"geometry":{"type":"LineString","coordinates":[[126.91233,37.5246],[126.91242,37.52439],[126.9125,37.52417],[126.91257,37.5239],[126.9126,37.52381],[126.9127,37.52354],[126.9128,37.52335],[126.91319,37.5228]]}},{"type":"Feature","properties":{"class":"major","highway":"trunk_link","sidewalk":"likely","lanes":0,"name":"","oneway":true},"geometry":{"type":"LineString","coordinates":[[126.91428,37.52264],[126.91367,37.52343],[126.91322,37.52397],[126.91261,37.52466],[126.91232,37.52494]]}},{"type":"Feature","properties":{"class":"alley","highway":"service","sidewalk":"unknown","lanes":2,"name":"","oneway":true},"geometry":{"type":"LineString","coordinates":[[126.91738,37.5302],[126.91667,37.5309],[126.91598,37.53162]]}},{"type":"Feature","properties":{"class":"alley","highway":"pedestrian","sidewalk":"unknown","lanes":0,"name":"","oneway":false},"geometry":{"type":"LineString","coordinates":[[126.91462,37.53108],[126.91465,37.53105],[126.91478,37.53113],[126.91493,37.53123],[126.91506,37.53131],[126.91504,37.53134],[126.91462,37.53108]]}},{"type":"Feature","properties":{"class":"alley","highway":"pedestrian","sidewalk":"unknown","lanes":0,"name":"","oneway":false},"geometry":{"type":"LineString","coordinates":[[126.91477,37.53093],[126.91479,37.53091],[126.91481,37.53093],[126.91482,37.53095],[126.91482,37.53096],[126.91481,37.53097],[126.91496,37.53107],[126.91512,37.53116],[126.91513,37.53116],[126.91516,37.53115],[126.91518,37.53116],[126.9152,37.53117],[126.91518,37.53119],[126.91514,37.53122],[126.91502,37.53114],[126.91486,37.53105],[126.91474,37.53097],[126.91477,37.53093]]}},{"type":"Feature","properties":{"class":"alley","highway":"pedestrian","sidewalk":"unknown","lanes":0,"name":"","oneway":false},"geometry":{"type":"LineString","coordinates":[[126.91478,37.53113],[126.91486,37.53105],[126.91502,37.53114],[126.91493,37.53123],[126.91478,37.53113]]}},{"type":"Feature","properties":{"class":"alley","highway":"service","sidewalk":"unknown","lanes":2,"name":"","oneway":true},"geometry":{"type":"LineString","coordinates":[[126.91405,37.53041],[126.91415,37.5303],[126.91446,37.53],[126.91474,37.52971],[126.91505,37.5294],[126.91534,37.52911],[126.91545,37.52899]]}},{"type":"Feature","properties":{"class":"alley","highway":"service","sidewalk":"unknown","lanes":2,"name":"","oneway":true},"geometry":{"type":"LineString","coordinates":[[126.91382,37.53066],[126.91397,37.53051],[126.91405,37.53041]]}},{"type":"Feature","properties":{"class":"alley","highway":"pedestrian","sidewalk":"unknown","lanes":0,"name":"","oneway":false},"geometry":{"type":"LineString","coordinates":[[126.91388,37.53051],[126.91382,37.53039],[126.91381,37.53037],[126.91386,37.5304],[126.91389,37.53042],[126.9139,37.53044],[126.9139,37.53046],[126.91389,37.53049],[126.91388,37.53051]]}},{"type":"Feature","properties":{"class":"alley","highway":"service","sidewalk":"unknown","lanes":0,"name":"","oneway":true},"geometry":{"type":"LineString","coordinates":[[126.91446,37.53],[126.91447,37.52967],[126.91464,37.5295],[126.91505,37.5294]]}},{"type":"Feature","properties":{"class":"alley","highway":"service","sidewalk":"unknown","lanes":0,"name":"","oneway":false},"geometry":{"type":"LineString","coordinates":[[126.91351,37.52828],[126.91351,37.52823],[126.91366,37.52806],[126.9137,37.52804],[126.91376,37.52803],[126.9138,37.52805],[126.91386,37.52808],[126.91397,37.52815],[126.91404,37.52816]]}},{"type":"Feature","properties":{"class":"alley","highway":"pedestrian","sidewalk":"unknown","lanes":0,"name":"","oneway":false},"geometry":{"type":"LineString","coordinates":[[126.916,37.52923],[126.91532,37.52881],[126.91531,37.52883],[126.91602,37.52926],[126.91605,37.52927],[126.91608,37.52927],[126.9161,37.52925],[126.91638,37.52896],[126.9164,37.52892],[126.91641,37.52889],[126.91641,37.52888],[126.9164,37.52883],[126.91636,37.5288],[126.91463,37.52772],[126.9146,37.52771],[126.91456,37.52771],[126.91454,37.52772],[126.91419,37.52808],[126.91418,37.5281],[126.91419,37.52812],[126.91425,37.52815],[126.91427,37.52813],[126.9143,37.5281],[126.91425,37.52806],[126.91451,37.5278],[126.91456,37.5278],[126.91629,37.52888],[126.91631,37.52889],[126.91631,37.52892],[126.9163,37.52894],[126.91619,37.52905],[126.91609,37.52899],[126.91604,37.52905],[126.91612,37.5291],[126.916,37.52923]]}},{"type":"Feature","properties":{"class":"alley","highway":"pedestrian","sidewalk":"unknown","lanes":0,"name":"","oneway":false},"geometry":{"type":"LineString","coordinates":[[126.9139,37.53026],[126.91394,37.53022],[126.91404,37.53028],[126.91438,37.52993],[126.91438,37.52967],[126.91459,37.52945],[126.91496,37.52935],[126.91524,37.52907],[126.91525,37.52904],[126.91525,37.52901],[126.91523,37.52899],[126.91492,37.52879],[126.91495,37.52877],[126.91497,37.52877],[126.915,37.52878],[126.91527,37.52895],[126.9153,37.52898],[126.91531,37.52901],[126.9153,37.52904],[126.91528,37.52908],[126.915,37.52936],[126.91461,37.52946],[126.91441,37.52967],[126.91441,37.52996],[126.91411,37.53027],[126.91409,37.53029],[126.91406,37.53031],[126.91403,37.53032],[126.914,37.53031],[126.91396,37.53029],[126.9139,37.53026]]}},{"type":"Feature","properties":{"class":"alley","highway":"service","sidewalk":"unknown","lanes":0,"name":"","oneway":false},"geometry":{"type":"LineString","coordinates":[[126.91344,37.53005],[126.91354,37.52996],[126.91355,37.52993],[126.91356,37.5299],[126.91354,37.52987],[126.91331,37.52972]]}},{"type":"Feature","properties":{"class":"alley","highway":"pedestrian","sidewalk":"unknown","lanes":0,"name":"","oneway":false},"geometry":{"type":"LineString","coordinates":[[126.91345,37.52992],[126.9135,37.52987],[126.91352,37.52989],[126.91353,37.52992],[126.91352,37.52994],[126.9135,37.52996],[126.91346,37.52996],[126.91342,37.52996],[126.91299,37.52969],[126.91281,37.52958],[126.91279,37.52956],[126.91279,37.52954],[126.91279,37.52951],[126.91291,37.5294],[126.91299,37.52943],[126.91287,37.52956],[126.91345,37.52992]]}},{"type":"Feature","properties":{"class":"alley","highway":"service","sidewalk":"unknown","lanes":0,"name":"","oneway":false},"geometry":{"type":"LineString","coordinates":[[126.91367,37.53018],[126.91386,37.52999]]}},{"type":"Feature","properties":{"class":"alley","highway":"pedestrian","sidewalk":"unknown","lanes":0,"name":"","oneway":false},"geometry":{"type":"LineString","coordinates":[[126.91189,37.53168],[126.91185,37.53175],[126.91184,37.53176],[126.91182,37.53177],[126.9118,37.53177],[126.91176,37.53174],[126.91173,37.5317],[126.91173,37.53165],[126.91174,37.53157],[126.91245,37.52968],[126.91247,37.52963],[126.91251,37.5296],[126.91258,37.5296],[126.91266,37.52963],[126.91273,37.52968],[126.91266,37.52976],[126.91252,37.52967],[126.9122,37.53045],[126.91181,37.53149],[126.9118,37.53155],[126.9118,37.5316],[126.91185,37.53165],[126.91189,37.53168]]}},{"type":"Feature","properties":{"class":"alley","highway":"pedestrian","sidewalk":"unknown","lanes":0,"name":"","oneway":false},"geometry":{"type":"LineString","coordinates":[[126.91446,37.53113],[126.91391,37.53079],[126.91389,37.53078],[126.91388,37.53076],[126.91387,37.53074],[126.91387,37.53072],[126.91388,37.5307],[126.91389,37.53068],[126.91402,37.53055],[126.91404,37.53053],[126.91406,37.53052],[126.91408,37.53052],[126.9141,37.53052],[126.91414,37.53052],[126.91416,37.53053],[126.91419,37.53054],[126.91479,37.53091],[126.91477,37.53093],[126.91434,37.53067],[126.91417,37.53056],[126.91415,37.53055],[126.91413,37.53055],[126.91411,37.53055],[126.91409,37.53056],[126.91408,37.53056],[126.91392,37.53073],[126.91392,37.53076],[126.91446,37.5311],[126.91456,37.53099],[126.91458,37.53098],[126.91458,37.53097],[126.91466,37.53104],[126.91465,37.53105],[126.91462,37.53108],[126.91456,37.53104],[126.91446,37.53113]]}},{"type":"Feature","properties":{"class":"alley","highway":"pedestrian","sidewalk":"unknown","lanes":0,"name":"","oneway":false},"geometry":{"type":"LineString","coordinates":[[126.91379,37.53091],[126.91375,37.53095],[126.9137,37.53092],[126.91349,37.53114],[126.91352,37.53116],[126.91352,37.53118],[126.9135,37.5312],[126.91347,37.53119],[126.91346,37.53117],[126.91345,37.53116],[126.91345,37.53114],[126.91345,37.53112],[126.91367,37.5309],[126.91369,37.53089],[126.91372,37.53089],[126.91374,37.53089],[126.91377,37.5309],[126.91379,37.53091]]}},{"type":"Feature","properties":{"class":"major","highway":"secondary_link","sidewalk":"likely","lanes":0,"name":"","oneway":true},"geometry":{"type":"LineString","coordinates":[[126.90069,37.52064],[126.90084,37.5205],[126.90086,37.52047],[126.90088,37.52043],[126.90094,37.52036],[126.90103,37.52026]]}},{"type":"Feature","properties":{"class":"major","highway":"secondary","sidewalk":"likely","lanes":0,"name":"영신로","oneway":false},"geometry":{"type":"LineString","coordinates":[[126.90109,37.52058],[126.90106,37.52046],[126.90103,37.52026],[126.90103,37.52023]]}},{"type":"Feature","properties":{"class":"alley","highway":"service","sidewalk":"unknown","lanes":0,"name":"","oneway":false},"geometry":{"type":"LineString","coordinates":[[126.89893,37.52584],[126.89994,37.52566],[126.90112,37.52547],[126.90195,37.52537]]}},{"type":"Feature","properties":{"class":"alley","highway":"service","sidewalk":"unknown","lanes":0,"name":"","oneway":false},"geometry":{"type":"LineString","coordinates":[[126.90178,37.52401],[126.90179,37.52409],[126.9018,37.52413],[126.90179,37.52416],[126.90175,37.5242],[126.90171,37.52425],[126.90165,37.52431],[126.90158,37.52434]]}},{"type":"Feature","properties":{"class":"alley","highway":"service","sidewalk":"unknown","lanes":0,"name":"","oneway":false},"geometry":{"type":"LineString","coordinates":[[126.90207,37.52396],[126.90182,37.52401],[126.90178,37.52401],[126.9017,37.52369],[126.90168,37.52368],[126.90165,37.52367],[126.90164,37.52366],[126.90161,37.52366],[126.90158,37.52366],[126.90131,37.52371],[126.90133,37.52383]]}},{"type":"Feature","properties":{"class":"major","highway":"primary_link","sidewalk":"likely","lanes":0,"name":"","oneway":true},"geometry":{"type":"LineString","coordinates":[[126.90304,37.52654],[126.90294,37.52647],[126.90288,37.52642],[126.90283,37.52638],[126.90279,37.52636],[126.90274,37.52634],[126.90268,37.52633],[126.90259,37.52633],[126.9024,37.52632],[126.90214,37.52631]]}},{"type":"Feature","properties":{"class":"alley","highway":"service","sidewalk":"unknown","lanes":0,"name":"","oneway":false},"geometry":{"type":"LineString","coordinates":[[126.91566,37.52456],[126.91569,37.5246],[126.91519,37.52515],[126.91507,37.52509]]}},{"type":"Feature","properties":{"class":"alley","highway":"service","sidewalk":"unknown","lanes":0,"name":"","oneway":false},"geometry":{"type":"LineString","coordinates":[[126.91551,37.52443],[126.91566,37.52456],[126.91601,37.52418],[126.91592,37.52411],[126.91598,37.52404],[126.91585,37.52397]]}},{"type":"Feature","properties":{"class":"alley","highway":"service","sidewalk":"unknown","lanes":0,"name":"","oneway":false},"geometry":{"type":"LineString","coordinates":[[126.91626,37.52334],[126.91622,37.52341],[126.91585,37.52397],[126.91551,37.52443],[126.91519,37.52494]]}},{"type":"Feature","properties":{"class":"major","highway":"primary_link","sidewalk":"likely","lanes":0,"name":"","oneway":true},"geometry":{"type":"LineString","coordinates":[[126.91334,37.52672],[126.91348,37.5267],[126.91356,37.52668],[126.91359,37.52668],[126.91364,37.52666],[126.91368,37.52665],[126.91376,37.5266],[126.91381,37.52656]]}},{"type":"Feature","properties":{"class":"major","highway":"primary_link","sidewalk":"likely","lanes":0,"name":"","oneway":true},"geometry":{"type":"LineString","coordinates":[[126.91331,37.52742],[126.91335,37.5273],[126.91338,37.52715],[126.91337,37.52708],[126.91337,37.52704],[126.91335,37.52697],[126.91329,37.52681]]}},{"type":"Feature","properties":{"class":"major","highway":"secondary_link","sidewalk":"likely","lanes":0,"name":"","oneway":true},"geometry":{"type":"LineString","coordinates":[[126.91753,37.52882],[126.91735,37.52888],[126.91725,37.52888],[126.91718,37.52886],[126.91714,37.52884],[126.91709,37.52881],[126.91706,37.52875],[126.91705,37.52869],[126.91705,37.52861]]}},{"type":"Feature","properties":{"class":"major","highway":"secondary","sidewalk":"likely","lanes":0,"name":"","oneway":true},"geometry":{"type":"LineString","coordinates":[[126.9124,37.52911],[126.91254,37.52898],[126.91257,37.52897],[126.9126,37.52897],[126.91265,37.529]]}},{"type":"Feature","properties":{"class":"major","highway":"secondary","sidewalk":"likely","lanes":2,"name":"","oneway":true},"geometry":{"type":"LineString","coordinates":[[126.91165,37.53035],[126.91187,37.52991],[126.91202,37.52968],[126.91233,37.52923],[126.9124,37.52911],[126.91251,37.52894],[126.91256,37.52888],[126.91263,37.5288],[126.91267,37.52876],[126.91276,37.52868]]}},{"type":"Feature","properties":{"class":"major","highway":"primary_link","sidewalk":"likely","lanes":0,"name":"","oneway":true},"geometry":{"type":"LineString","coordinates":[[126.9164,37.52868],[126.91653,37.52868],[126.91686,37.52867],[126.91705,37.52861]]}},{"type":"Feature","properties":{"class":"major","highway":"secondary_link","sidewalk":"likely","lanes":0,"name":"","oneway":true},"geometry":{"type":"LineString","coordinates":[[126.91765,37.52868],[126.91769,37.52894]]}},{"type":"Feature","properties":{"class":"minor","highway":"residential","sidewalk":"unknown","lanes":0,"name":"","oneway":true},"geometry":{"type":"LineString","coordinates":[[126.91871,37.52656],[126.91883,37.52653],[126.91889,37.52656],[126.91893,37.52657],[126.91896,37.52658],[126.91899,37.52658],[126.91903,37.52658]]}},{"type":"Feature","properties":{"class":"minor","highway":"residential","sidewalk":"unknown","lanes":0,"name":"","oneway":true},"geometry":{"type":"LineString","coordinates":[[126.91885,37.52675],[126.91883,37.52672],[126.91881,37.52668],[126.91878,37.52666],[126.91873,37.52662],[126.91871,37.52656]]}},{"type":"Feature","properties":{"class":"minor","highway":"residential","sidewalk":"unknown","lanes":0,"name":"","oneway":false},"geometry":{"type":"LineString","coordinates":[[126.91868,37.52654],[126.91871,37.52656]]}},{"type":"Feature","properties":{"class":"major","highway":"secondary","sidewalk":"likely","lanes":0,"name":"버드나루로","oneway":false},"geometry":{"type":"LineString","coordinates":[[126.90945,37.5252],[126.90936,37.52532]]}},{"type":"Feature","properties":{"class":"major","highway":"primary","sidewalk":"likely","lanes":0,"name":"국회대로","oneway":false},"geometry":{"type":"LineString","coordinates":[[126.91736,37.52928],[126.91801,37.52968]]}},{"type":"Feature","properties":{"class":"major","highway":"trunk","sidewalk":"likely","lanes":2,"name":"신월여의지하도로","oneway":true},"geometry":{"type":"LineString","coordinates":[[126.92063,37.52354],[126.91926,37.52269]]}},{"type":"Feature","properties":{"class":"major","highway":"trunk","sidewalk":"likely","lanes":2,"name":"신월여의지하도로","oneway":true},"geometry":{"type":"LineString","coordinates":[[126.91926,37.52269],[126.91888,37.52247],[126.9185,37.5223],[126.91821,37.52217],[126.91788,37.52208],[126.91744,37.52202],[126.91694,37.522],[126.9163,37.52201],[126.91566,37.52208],[126.91508,37.52222],[126.91464,37.5224],[126.91429,37.52258],[126.91401,37.52277],[126.91373,37.52301],[126.91332,37.52345],[126.91292,37.52399],[126.91251,37.52467],[126.91232,37.52494]]}},{"type":"Feature","properties":{"class":"major","highway":"trunk","sidewalk":"likely","lanes":2,"name":"신월여의지하도로","oneway":true},"geometry":{"type":"LineString","coordinates":[[126.91233,37.5246],[126.91282,37.52379],[126.91319,37.52332],[126.91352,37.52297],[126.91387,37.52267],[126.91415,37.52249],[126.91455,37.52226],[126.91503,37.52206],[126.91561,37.52193],[126.91627,37.52187],[126.91699,37.52184],[126.91787,37.52191],[126.91834,37.52203],[126.9187,37.52215],[126.91903,37.52231],[126.91937,37.52251]]}},{"type":"Feature","properties":{"class":"major","highway":"secondary","sidewalk":"likely","lanes":0,"name":"영중로","oneway":false},"geometry":{"type":"LineString","coordinates":[[126.90506,37.52224],[126.90511,37.52262],[126.90511,37.5227],[126.90516,37.52307],[126.90518,37.52323],[126.90528,37.52408],[126.90533,37.52447],[126.90537,37.52489],[126.90539,37.52506],[126.90542,37.52535],[126.90545,37.52555]]}},{"type":"Feature","properties":{"class":"major","highway":"primary","sidewalk":"likely","lanes":0,"name":"국회대로","oneway":false},"geometry":{"type":"LineString","coordinates":[[126.91329,37.52681],[126.91358,37.52693]]}},{"type":"Feature","properties":{"class":"alley","highway":"service","sidewalk":"unknown","lanes":0,"name":"","oneway":false},"geometry":{"type":"LineString","coordinates":[[126.90468,37.5237],[126.90472,37.52398]]}},{"type":"Feature","properties":{"class":"alley","highway":"service","sidewalk":"unknown","lanes":0,"name":"","oneway":false},"geometry":{"type":"LineString","coordinates":[[126.90468,37.5237],[126.90456,37.52371]]}},{"type":"Feature","properties":{"class":"alley","highway":"service","sidewalk":"unknown","lanes":0,"name":"","oneway":false},"geometry":{"type":"LineString","coordinates":[[126.90474,37.52311],[126.90478,37.52327],[126.90506,37.52324],[126.90518,37.52323]]}},{"type":"Feature","properties":{"class":"alley","highway":"service","sidewalk":"unknown","lanes":0,"name":"","oneway":false},"geometry":{"type":"LineString","coordinates":[[126.91755,37.52578],[126.91735,37.52565],[126.917,37.52543],[126.9169,37.52553]]}},{"type":"Feature","properties":{"class":"alley","highway":"service","sidewalk":"unknown","lanes":0,"name":"","oneway":false},"geometry":{"type":"LineString","coordinates":[[126.9169,37.52553],[126.91672,37.52571]]}},{"type":"Feature","properties":{"class":"major","highway":"primary_link","sidewalk":"likely","lanes":0,"name":"","oneway":true},"geometry":{"type":"LineString","coordinates":[[126.91299,37.52667],[126.91334,37.52672]]}},{"type":"Feature","properties":{"class":"major","highway":"secondary_link","sidewalk":"likely","lanes":1,"name":"","oneway":true},"geometry":{"type":"LineString","coordinates":[[126.91692,37.52218],[126.91633,37.52319]]}},{"type":"Feature","properties":{"class":"major","highway":"secondary_link","sidewalk":"likely","lanes":0,"name":"","oneway":true},"geometry":{"type":"LineString","coordinates":[[126.91949,37.52679],[126.91947,37.52689],[126.9195,37.52696],[126.91955,37.52704]]}},{"type":"Feature","properties":{"class":"major","highway":"primary_link","sidewalk":"likely","lanes":1,"name":"","oneway":true},"geometry":{"type":"LineString","coordinates":[[126.91765,37.52187],[126.91747,37.52186],[126.91733,37.52188],[126.91713,37.52194]]}},{"type":"Feature","properties":{"class":"alley","highway":"service","sidewalk":"unknown","lanes":0,"name":"","oneway":true},"geometry":{"type":"LineString","coordinates":[[126.91762,37.52562],[126.91757,37.52562],[126.91752,37.52561],[126.91747,37.52558],[126.91743,37.52555]]}},{"type":"Feature","properties":{"class":"alley","highway":"pedestrian","sidewalk":"unknown","lanes":0,"name":"","oneway":false},"geometry":{"type":"LineString","coordinates":[[126.91482,37.52532],[126.91493,37.52514],[126.91526,37.52534],[126.91558,37.52499],[126.91553,37.52497],[126.9156,37.52488],[126.91563,37.5249],[126.91561,37.52493],[126.91589,37.5251],[126.91589,37.52512],[126.91602,37.5252],[126.91608,37.52514],[126.91612,37.52517],[126.91597,37.52532],[126.91592,37.52529],[126.91568,37.52552],[126.91578,37.52559],[126.916,37.52573],[126.916,37.5258],[126.91612,37.52587],[126.91607,37.52593],[126.91602,37.5259],[126.91601,37.52592],[126.91594,37.52589],[126.91588,37.52596],[126.91555,37.52599],[126.91552,37.5258],[126.9155,37.52576],[126.91547,37.52571],[126.91538,37.52565],[126.91532,37.52563],[126.91528,37.52562],[126.9152,37.52562],[126.91511,37.52564],[126.91503,37.5256],[126.9151,37.52553],[126.91499,37.52546],[126.91501,37.52544],[126.91498,37.52543],[126.91499,37.52542],[126.91482,37.52532]]}},{"type":"Feature","properties":{"class":"alley","highway":"service","sidewalk":"unknown","lanes":0,"name":"","oneway":false},"geometry":{"type":"LineString","coordinates":[[126.91569,37.5246],[126.91654,37.52514],[126.917,37.52543]]}},{"type":"Feature","properties":{"class":"alley","highway":"pedestrian","sidewalk":"unknown","lanes":0,"name":"","oneway":false},"geometry":{"type":"LineString","coordinates":[[126.91621,37.52418],[126.91655,37.52382],[126.9168,37.52398],[126.91675,37.52402],[126.91678,37.52405],[126.91686,37.52397],[126.91693,37.5239],[126.917,37.52395],[126.91692,37.52401],[126.91685,37.52408],[126.91687,37.5241],[126.91692,37.52405],[126.91705,37.52413],[126.917,37.52418],[126.91703,37.52419],[126.91709,37.52413],[126.91731,37.52427],[126.91725,37.52434],[126.91728,37.52436],[126.91733,37.52431],[126.91744,37.52438],[126.91739,37.52443],[126.91742,37.52445],[126.91748,37.52439],[126.91755,37.52442],[126.91748,37.52449],[126.91751,37.52451],[126.91756,37.52446],[126.91781,37.52462],[126.91748,37.52494],[126.91745,37.52492],[126.91743,37.5249],[126.91765,37.52469],[126.91652,37.52398],[126.91628,37.52422],[126.91621,37.52418]]}},{"type":"Feature","properties":{"class":"alley","highway":"pedestrian","sidewalk":"unknown","lanes":0,"name":"","oneway":false},"geometry":{"type":"LineString","coordinates":[[126.91582,37.52456],[126.91616,37.52423],[126.91623,37.52427],[126.91589,37.5246],[126.91582,37.52456]]}},{"type":"Feature","properties":{"class":"alley","highway":"pedestrian","sidewalk":"unknown","lanes":0,"name":"","oneway":false},"geometry":{"type":"LineString","coordinates":[[126.91734,37.52499],[126.9174,37.52504],[126.91709,37.52535],[126.91703,37.5253],[126.91734,37.52499]]}},{"type":"Feature","properties":{"class":"alley","highway":"service","sidewalk":"unknown","lanes":0,"name":"","oneway":false},"geometry":{"type":"LineString","coordinates":[[126.90832,37.52366],[126.90841,37.52371],[126.90863,37.52382]]}},{"type":"Feature","properties":{"class":"alley","highway":"service","sidewalk":"unknown","lanes":0,"name":"","oneway":false},"geometry":{"type":"LineString","coordinates":[[126.91243,37.52821],[126.91238,37.52811],[126.91237,37.528],[126.91239,37.52788],[126.91245,37.52772],[126.91294,37.52699],[126.91322,37.52648],[126.91333,37.52626],[126.91339,37.52613],[126.91345,37.52603],[126.91354,37.52596],[126.91377,37.52588],[126.91395,37.52585]]}},{"type":"Feature","properties":{"class":"major","highway":"secondary","sidewalk":"likely","lanes":0,"name":"의사당대로","oneway":true},"geometry":{"type":"LineString","coordinates":[[126.91753,37.52882],[126.91719,37.52917]]}},{"type":"Feature","properties":{"class":"major","highway":"secondary","sidewalk":"likely","lanes":0,"name":"의사당대로","oneway":true},"geometry":{"type":"LineString","coordinates":[[126.91676,37.5289],[126.91705,37.52861]]}},{"type":"Feature","properties":{"class":"major","highway":"tertiary","sidewalk":"likely","lanes":0,"name":"여의공원로","oneway":false},"geometry":{"type":"LineString","coordinates":[[126.92232,37.52709],[126.92038,37.52588],[126.92018,37.52575],[126.91998,37.52563]]}},{"type":"Feature","properties":{"class":"major","highway":"secondary","sidewalk":"likely","lanes":0,"name":"여의서로","oneway":false},"geometry":{"type":"LineString","coordinates":[[126.91711,37.52197],[126.91706,37.52203],[126.91692,37.52218],[126.91637,37.52289]]}},{"type":"Feature","properties":{"class":"major","highway":"primary_link","sidewalk":"likely","lanes":0,"name":"","oneway":true},"geometry":{"type":"LineString","coordinates":[[126.91067,37.52593],[126.91094,37.52571]]}},{"type":"Feature","properties":{"class":"major","highway":"primary_link","sidewalk":"likely","lanes":0,"name":"","oneway":true},"geometry":{"type":"LineString","coordinates":[[126.91125,37.52546],[126.91113,37.52547],[126.91104,37.5254],[126.91105,37.52533]]}},{"type":"Feature","properties":{"class":"major","highway":"secondary","sidewalk":"likely","lanes":0,"name":"여의서로","oneway":false},"geometry":{"type":"LineString","coordinates":[[126.91637,37.52289],[126.91609,37.52325]]}},{"type":"Feature","properties":{"class":"major","highway":"primary","sidewalk":"likely","lanes":0,"name":"국회대로","oneway":false},"geometry":{"type":"LineString","coordinates":[[126.9164,37.52868],[126.91661,37.52881],[126.91676,37.5289]]}},{"type":"Feature","properties":{"class":"major","highway":"secondary","sidewalk":"likely","lanes":0,"name":"의사당대로","oneway":true},"geometry":{"type":"LineString","coordinates":[[126.91705,37.52861],[126.91754,37.52813]]}},{"type":"Feature","properties":{"class":"major","highway":"primary","sidewalk":"likely","lanes":0,"name":"국회대로","oneway":false},"geometry":{"type":"LineString","coordinates":[[126.9097,37.52525],[126.90975,37.52526],[126.91018,37.5254],[126.91045,37.52551]]}},{"type":"Feature","properties":{"class":"major","highway":"primary","sidewalk":"likely","lanes":0,"name":"국회대로","oneway":false},"geometry":{"type":"LineString","coordinates":[[126.9085,37.52519],[126.9087,37.52518],[126.90929,37.52519],[126.90945,37.5252],[126.9097,37.52525]]}},{"type":"Feature","properties":{"class":"major","highway":"trunk","sidewalk":"likely","lanes":3,"name":"신월여의지하도로","oneway":true},"geometry":{"type":"LineString","coordinates":[[126.91937,37.52251],[126.91941,37.52253],[126.92026,37.52304]]}},{"type":"Feature","properties":{"class":"major","highway":"secondary_link","sidewalk":"likely","lanes":0,"name":"","oneway":true},"geometry":{"type":"LineString","coordinates":[[126.91963,37.52598],[126.91985,37.52585],[126.91991,37.52579],[126.91994,37.52576],[126.91997,37.52575],[126.92,37.52575],[126.92003,37.52575],[126.92014,37.52581],[126.92025,37.5259],[126.92026,37.52591],[126.92026,37.52593],[126.92025,37.52595],[126.92016,37.52604],[126.92005,37.52622]]}},{"type":"Feature","properties":{"class":"alley","highway":"service","sidewalk":"unknown","lanes":0,"name":"","oneway":false},"geometry":{"type":"LineString","coordinates":[[126.90761,37.53076],[126.90776,37.53034],[126.90811,37.52938]]}},{"type":"Feature","properties":{"class":"alley","highway":"service","sidewalk":"unknown","lanes":0,"name":"","oneway":false},"geometry":{"type":"LineString","coordinates":[[126.90776,37.53034],[126.90801,37.5304]]}},{"type":"Feature","properties":{"class":"major","highway":"primary_link","sidewalk":"likely","lanes":0,"name":"","oneway":true},"geometry":{"type":"LineString","coordinates":[[126.91796,37.52206],[126.91798,37.52196],[126.91804,37.52188]]}},{"type":"Feature","properties":{"class":"major","highway":"secondary_link","sidewalk":"likely","lanes":0,"name":"","oneway":false},"geometry":{"type":"LineString","coordinates":[[126.91711,37.52197],[126.91709,37.52215],[126.91677,37.52259],[126.9164,37.5231],[126.91633,37.52319]]}},{"type":"Feature","properties":{"class":"major","highway":"trunk","sidewalk":"likely","lanes":2,"name":"신월여의지하도로","oneway":true},"geometry":{"type":"LineString","coordinates":[[126.90702,37.52532],[126.90781,37.5252],[126.90844,37.52513],[126.9091,37.5251],[126.9096,37.52513],[126.91037,37.5254],[126.91065,37.52547],[126.91093,37.52546],[126.91112,37.52542],[126.9114,37.52534],[126.91163,37.52524],[126.91178,37.52517],[126.91193,37.52505],[126.91208,37.52493],[126.91225,37.52474],[126.91233,37.5246]]}},{"type":"Feature","properties":{"class":"major","highway":"trunk","sidewalk":"likely","lanes":2,"name":"신월여의지하도로","oneway":true},"geometry":{"type":"LineString","coordinates":[[126.91232,37.52494],[126.91209,37.52516],[126.9119,37.52529],[126.9117,37.52538],[126.91148,37.52547],[126.91117,37.52557],[126.9109,37.5256],[126.9106,37.52561],[126.91039,37.52557],[126.90986,37.52538],[126.9096,37.52531],[126.90923,37.52528],[126.90853,37.52527],[126.907,37.52545]]}},{"type":"Feature","properties":{"class":"major","highway":"primary","sidewalk":"likely","lanes":4,"name":"여의대로","oneway":true},"geometry":{"type":"LineString","coordinates":[[126.91804,37.52188],[126.91927,37.52257],[126.92089,37.52359],[126.92158,37.52404],[126.92168,37.5241],[126.92194,37.52428]]}},{"type":"Feature","properties":{"class":"major","highway":"primary_link","sidewalk":"likely","lanes":0,"name":"","oneway":true},"geometry":{"type":"LineString","coordinates":[[126.91804,37.52188],[126.91825,37.52171]]}},{"type":"Feature","properties":{"class":"major","highway":"primary","sidewalk":"likely","lanes":0,"name":"여의대로","oneway":true},"geometry":{"type":"LineString","coordinates":[[126.91796,37.52206],[126.91765,37.52187]]}},{"type":"Feature","properties":{"class":"alley","highway":"service","sidewalk":"unknown","lanes":0,"name":"","oneway":true},"geometry":{"type":"LineString","coordinates":[[126.91653,37.52868],[126.91671,37.5285],[126.91709,37.52815],[126.91744,37.5278]]}},{"type":"Feature","properties":{"class":"alley","highway":"service","sidewalk":"unknown","lanes":0,"name":"","oneway":true},"geometry":{"type":"LineString","coordinates":[[126.91744,37.5278],[126.9175,37.52775],[126.91772,37.52753],[126.91783,37.52743]]}},{"type":"Feature","properties":{"class":"major","highway":"secondary","sidewalk":"likely","lanes":0,"name":"여의서로","oneway":false},"geometry":{"type":"LineString","coordinates":[[126.91713,37.52194],[126.91711,37.52197]]}},{"type":"Feature","properties":{"class":"major","highway":"secondary","sidewalk":"likely","lanes":3,"name":"여의서로","oneway":false},"geometry":{"type":"LineString","coordinates":[[126.91609,37.52325],[126.91601,37.52338]]}},{"type":"Feature","properties":{"class":"major","highway":"secondary","sidewalk":"likely","lanes":0,"name":"여의서로","oneway":false},"geometry":{"type":"LineString","coordinates":[[126.91358,37.52693],[126.91347,37.52713],[126.91331,37.52742],[126.91311,37.52792],[126.91276,37.52868],[126.91265,37.529],[126.9125,37.52937],[126.91248,37.52943]]}},{"type":"Feature","properties":{"class":"major","highway":"secondary_link","sidewalk":"likely","lanes":1,"name":"","oneway":true},"geometry":{"type":"LineString","coordinates":[[126.91633,37.52319],[126.91631,37.52329],[126.91635,37.52339]]}}]}