{"type":"FeatureCollection","features":[{"type":"Feature","properties":{"class":"major","highway":"trunk","sidewalk":"likely","lanes":4,"name":"강변북로","oneway":true},"geometry":{"type":"LineString","coordinates":[[127.0066,37.52778],[127.00564,37.52727],[127.00499,37.52682],[127.00427,37.52631],[127.00346,37.52558],[127.00272,37.52458],[127.00154,37.52285],[127.00082,37.52219],[127.00006,37.52174],[126.99935,37.52146]]}},{"type":"Feature","properties":{"class":"major","highway":"trunk","sidewalk":"likely","lanes":4,"name":"강변북로","oneway":true},"geometry":{"type":"LineString","coordinates":[[126.99176,37.51793],[126.9922,37.51819],[126.99318,37.51867],[126.9948,37.51933],[126.99569,37.51968],[126.99781,37.5205],[126.99954,37.52123],[126.99969,37.5213],[127.00069,37.52178],[127.00137,37.52232],[127.00169,37.52261],[127.00205,37.52311],[127.00232,37.52352],[127.00264,37.52406],[127.00309,37.5248],[127.00355,37.52542],[127.00411,37.52596],[127.00509,37.52667],[127.00613,37.52731],[127.00635,37.52743],[127.00707,37.52778],[127.00742,37.52794]]}},{"type":"Feature","properties":{"class":"alley","highway":"service","sidewalk":"unknown","lanes":0,"name":"24th Division Road","oneway":false},"geometry":{"type":"LineString","coordinates":[[126.9862,37.52048],[126.9861,37.52066],[126.98595,37.52092],[126.98572,37.52148],[126.98563,37.52185],[126.98559,37.5222],[126.9856,37.52255],[126.98566,37.52286],[126.98585,37.52405],[126.98611,37.52582],[126.98619,37.52635],[126.9862,37.52651]]}},{"type":"Feature","properties":{"class":"major","highway":"primary_link","sidewalk":"likely","lanes":0,"name":"","oneway":true},"geometry":{"type":"LineString","coordinates":[[126.98653,37.52014],[126.986,37.52009],[126.98528,37.51996]]}},{"type":"Feature","properties":{"class":"major","highway":"primary","sidewalk":"likely","lanes":2,"name":"","oneway":true},"geometry":{"type":"LineString","coordinates":[[126.98596,37.51977],[126.98671,37.5199],[126.98721,37.52002]]}},{"type":"Feature","properties":{"class":"major","highway":"primary","sidewalk":"likely","lanes":0,"name":"서빙고로","oneway":true},"geometry":{"type":"LineString","coordinates":[[126.98577,37.51993],[126.98623,37.51993],[126.98665,37.51998],[126.98684,37.52],[126.987,37.52001]]}},{"type":"Feature","properties":{"class":"major","highway":"primary","sidewalk":"likely","lanes":6,"name":"서빙고로","oneway":true},"geometry":{"type":"LineString","coordinates":[[126.98803,37.52029],[126.98752,37.52027],[126.98726,37.52027],[126.98714,37.52026]]}},{"type":"Feature","properties":{"class":"major","highway":"primary_link","sidewalk":"likely","lanes":0,"name":"","oneway":true},"geometry":{"type":"LineString","coordinates":[[126.97965,37.52076],[126.97997,37.52056],[126.9807,37.52032]]}},{"type":"Feature","properties":{"class":"major","highway":"primary_link","sidewalk":"likely","lanes":0,"name":"","oneway":true},"geometry":{"type":"LineString","coordinates":[[126.9807,37.52032],[126.98162,37.52003],[126.98256,37.51973],[126.98272,37.51966],[126.98276,37.51964],[126.9828,37.5196],[126.98287,37.51953],[126.98289,37.51951],[126.98291,37.51948],[126.98297,37.51937],[126.98298,37.51935],[126.98299,37.51933],[126.98299,37.51931],[126.983,37.51928],[126.98304,37.51901],[126.98305,37.51894],[126.98311,37.51863]]}},{"type":"Feature","properties":{"class":"major","highway":"primary","sidewalk":"likely","lanes":0,"name":"서빙고로","oneway":false},"geometry":{"type":"LineString","coordinates":[[126.97965,37.52076],[126.98015,37.5206],[126.98073,37.52042],[126.98234,37.51994],[126.98261,37.51987],[126.98284,37.51982],[126.98303,37.51981],[126.98323,37.51979],[126.98351,37.51976],[126.98441,37.51977],[126.98496,37.51981],[126.98577,37.51993]]}},{"type":"Feature","properties":{"class":"alley","highway":"service","sidewalk":"unknown","lanes":0,"name":"","oneway":false},"geometry":{"type":"LineString","coordinates":[[126.98323,37.51979],[126.98328,37.51993],[126.98331,37.52005]]}},{"type":"Feature","properties":{"class":"alley","highway":"service","sidewalk":"unknown","lanes":0,"name":"","oneway":true},"geometry":{"type":"LineString","coordinates":[[126.98331,37.52005],[126.98351,37.52008],[126.98402,37.5201],[126.98401,37.52017],[126.98364,37.52017],[126.98332,37.52016],[126.98331,37.52005]]}},{"type":"Feature","properties":{"class":"alley","highway":"service","sidewalk":"unknown","lanes":0,"name":"","oneway":false},"geometry":{"type":"LineString","coordinates":[[126.98639,37.52039],[126.98638,37.52042],[126.98636,37.52045],[126.98633,37.52047],[126.98629,37.52049],[126.98625,37.52049],[126.98621,37.52049],[126.9862,37.52048],[126.98618,37.52047],[126.98615,37.52045],[126.98613,37.52041],[126.98613,37.52038],[126.98614,37.52035],[126.98617,37.52032],[126.9862,37.5203],[126.98625,37.52029],[126.98629,37.52029],[126.98633,37.52031],[126.98636,37.52033],[126.98638,37.52036],[126.98639,37.52039]]}},{"type":"Feature","properties":{"class":"alley","highway":"service","sidewalk":"unknown","lanes":0,"name":"","oneway":false},"geometry":{"type":"LineString","coordinates":[[126.98723,37.52183],[126.98724,37.52178],[126.98726,37.52175],[126.98729,37.52171],[126.98732,37.52167],[126.98735,37.52163],[126.98737,37.52159],[126.98739,37.52155],[126.9874,37.52151],[126.9874,37.52146],[126.98739,37.52142],[126.98737,37.52139],[126.98734,37.52136],[126.98731,37.52134],[126.98727,37.52132],[126.98723,37.52131],[126.98717,37.52131],[126.98712,37.52132],[126.98706,37.52135],[126.987,37.52137],[126.98696,37.52139],[126.98692,37.52144],[126.98671,37.52169],[126.98663,37.52175],[126.98634,37.52191]]}},{"type":"Feature","properties":{"class":"alley","highway":"service","sidewalk":"unknown","lanes":0,"name":"","oneway":false},"geometry":{"type":"LineString","coordinates":[[126.98704,37.52025],[126.9871,37.52035],[126.98711,37.52038],[126.98716,37.52047],[126.98723,37.52057],[126.98736,37.52072],[126.98743,37.52083],[126.98746,37.52087],[126.98746,37.5209],[126.98747,37.52093],[126.98745,37.52096],[126.98743,37.52099],[126.98739,37.521],[126.98684,37.52117],[126.98678,37.52116],[126.98674,37.52113],[126.98672,37.52108],[126.9867,37.52102],[126.9867,37.52099],[126.9867,37.52096],[126.98672,37.52093],[126.98675,37.52091],[126.98679,37.52089],[126.98696,37.52082]]}},{"type":"Feature","properties":{"class":"major","highway":"primary_link","sidewalk":"likely","lanes":0,"name":"","oneway":true},"geometry":{"type":"LineString","coordinates":[[126.98714,37.52026],[126.98689,37.52016],[126.98684,37.52011],[126.98684,37.52007],[126.98689,37.52003],[126.987,37.52001]]}},{"type":"Feature","properties":{"class":"major","highway":"primary","sidewalk":"likely","lanes":0,"name":"서빙고로","oneway":true},"geometry":{"type":"LineString","coordinates":[[126.98714,37.52026],[126.98704,37.52025],[126.98675,37.52019],[126.98653,37.52014],[126.98577,37.51993]]}},{"type":"Feature","properties":{"class":"major","highway":"primary","sidewalk":"likely","lanes":6,"name":"서빙고로","oneway":true},"geometry":{"type":"LineString","coordinates":[[126.987,37.52001],[126.98721,37.52002]]}},{"type":"Feature","properties":{"class":"alley","highway":"service","sidewalk":"unknown","lanes":0,"name":"","oneway":false},"geometry":{"type":"LineString","coordinates":[[126.98306,37.51994],[126.98307,37.52005]]}},{"type":"Feature","properties":{"class":"minor","highway":"residential","sidewalk":"unknown","lanes":0,"name":"보광로7길","oneway":false},"geometry":{"type":"LineString","coordinates":[[126.99742,37.52596],[126.99813,37.52575],[126.99837,37.52568],[126.99854,37.52566],[126.99883,37.52563],[126.99926,37.52566],[126.99959,37.52569],[126.99969,37.52574],[126.99973,37.52575],[127.00022,37.5258],[127.00033,37.52582],[127.00045,37.52581],[127.00075,37.52579],[127.00097,37.5258],[127.001,37.5258],[127.00109,37.52584],[127.00118,37.5259]]}},{"type":"Feature","properties":{"class":"alley","highway":"service","sidewalk":"unknown","lanes":0,"name":"Krzyzowski Hills Road","oneway":false},"geometry":{"type":"LineString","coordinates":[[126.98836,37.53321],[126.98848,37.53305],[126.98865,37.53278],[126.98868,37.53274],[126.98912,37.53208],[126.98944,37.5317],[126.98983,37.53118],[126.98996,37.53104],[126.99023,37.53076],[126.99043,37.53055],[126.99077,37.53016],[126.99094,37.52985],[126.99097,37.52972],[126.99097,37.52963],[126.99061,37.52856],[126.9906,37.52853],[126.99041,37.528],[126.99032,37.52775],[126.99018,37.52737],[126.99018,37.52731]]}},{"type":"Feature","properties":{"class":"alley","highway":"service","sidewalk":"unknown","lanes":0,"name":"X Corps Boulevard","oneway":false},"geometry":{"type":"LineString","coordinates":[[126.98006,37.52622],[126.98002,37.52622],[126.97933,37.52624],[126.9786,37.52627],[126.97856,37.52627],[126.97847,37.52629],[126.97844,37.5263],[126.97836,37.52631],[126.97793,37.52645],[126.9776,37.52657],[126.9774,37.52663],[126.97736,37.52665],[126.97727,37.52668],[126.97715,37.5267],[126.97701,37.52671],[126.97676,37.52675],[126.97596,37.52692],[126.97572,37.52698],[126.97524,37.52703],[126.97516,37.52704],[126.97479,37.52709],[126.97445,37.52715],[126.97436,37.52716],[126.97427,37.52716],[126.9741,37.52717],[126.9739,37.52719],[126.97379,37.52721],[126.97357,37.52722],[126.97347,37.52722],[126.97338,37.52723],[126.97323,37.52725],[126.97311,37.52726],[126.97301,37.52727],[126.97288,37.52729],[126.97276,37.5273],[126.97268,37.52731],[126.97262,37.52732],[126.97223,37.52735],[126.97219,37.52735],[126.97157,37.52743],[126.97123,37.52751],[126.97102,37.52759],[126.97098,37.52762],[126.97081,37.52771],[126.97065,37.52783],[126.97063,37.52785],[126.97052,37.52794],[126.97045,37.52802],[126.97043,37.52805],[126.97042,37.52807],[126.97041,37.52809],[126.97025,37.52833]]}},{"type":"Feature","properties":{"class":"alley","highway":"service","sidewalk":"unknown","lanes":0,"name":"40th Division Road","oneway":false},"geometry":{"type":"LineString","coordinates":[[126.98694,37.52671],[126.987,37.52657],[126.98696,37.52614],[126.98692,37.52579],[126.98691,37.52575],[126.98664,37.52387],[126.9866,37.52357],[126.9864,37.52241]]}},{"type":"Feature","properties":{"class":"major","highway":"primary_link","sidewalk":"likely","lanes":0,"name":"녹사평대로11길","oneway":true},"geometry":{"type":"LineString","coordinates":[[126.9933,37.52321],[126.99339,37.52291],[126.99353,37.52215],[126.99354,37.52207],[126.99381,37.52043],[126.99384,37.52033],[126.99383,37.52028],[126.99386,37.52009],[126.99389,37.51998]]}},{"type":"Feature","properties":{"class":"major","highway":"secondary","sidewalk":"likely","lanes":0,"name":"서빙고로51길","oneway":false},"geometry":{"type":"LineString","coordinates":[[126.99067,37.52012],[126.99068,37.52022],[126.99069,37.52033],[126.9907,37.52041],[126.99072,37.52055],[126.99073,37.52088],[126.99077,37.52166],[126.99081,37.5222],[126.99081,37.52226],[126.99086,37.52308],[126.99086,37.5234],[126.9909,37.5235],[126.99116,37.52409],[126.99164,37.52527],[126.99165,37.52529],[126.99165,37.52531],[126.99175,37.52555],[126.99188,37.52565]]}},{"type":"Feature","properties":{"class":"major","highway":"primary","sidewalk":"likely","lanes":0,"name":"녹사평대로","oneway":false},"geometry":{"type":"LineString","coordinates":[[126.99323,37.52369],[126.99303,37.52408]]}},{"type":"Feature","properties":{"class":"major","highway":"tertiary","sidewalk":"likely","lanes":0,"name":"장문로","oneway":false},"geometry":{"type":"LineString","coordinates":[[127.00091,37.52617],[127.00024,37.52613],[126.99941,37.52607],[126.9992,37.52606],[126.99878,37.52604],[126.99752,37.52598],[126.99742,37.52596],[126.99717,37.52597]]}},{"type":"Feature","properties":{"class":"major","highway":"primary_link","sidewalk":"likely","lanes":0,"name":"","oneway":true},"geometry":{"type":"LineString","coordinates":[[126.99381,37.52043],[126.99386,37.52039],[126.99392,37.52037],[126.99399,37.52038],[126.99403,37.5204],[126.99408,37.52046]]}},{"type":"Feature","properties":{"class":"major","highway":"primary_link","sidewalk":"likely","lanes":0,"name":"","oneway":true},"geometry":{"type":"LineString","coordinates":[[126.99384,37.52033],[126.99381,37.52027],[126.99379,37.52023],[126.99374,37.52019],[126.99367,37.52013],[126.99362,37.52009],[126.99353,37.52006]]}},{"type":"Feature","properties":{"class":"major","highway":"primary_link","sidewalk":"likely","lanes":0,"name":"녹사평대로","oneway":true},"geometry":{"type":"LineString","coordinates":[[126.99415,37.52002],[126.99414,37.52011],[126.9941,37.52031],[126.99408,37.52046],[126.9939,37.52149],[126.99377,37.52219],[126.99366,37.5228],[126.99352,37.52323]]}},{"type":"Feature","properties":{"class":"major","highway":"primary_link","sidewalk":"likely","lanes":0,"name":"","oneway":true},"geometry":{"type":"LineString","coordinates":[[126.99445,37.52018],[126.99441,37.5202],[126.99433,37.52024],[126.99432,37.52025],[126.9942,37.52032],[126.99417,37.52034],[126.99408,37.52046]]}},{"type":"Feature","properties":{"class":"minor","highway":"residential","sidewalk":"unknown","lanes":0,"name":"장문로19길","oneway":false},"geometry":{"type":"LineString","coordinates":[[126.99862,37.52667],[126.9987,37.52638],[126.99871,37.52635],[126.99872,37.52628]]}},{"type":"Feature","properties":{"class":"minor","highway":"residential","sidewalk":"unknown","lanes":0,"name":"장문로6길","oneway":false},"geometry":{"type":"LineString","coordinates":[[126.99239,37.52867],[126.99266,37.52835],[126.9927,37.52804],[126.9928,37.5278],[126.99291,37.52766],[126.99303,37.52761],[126.99319,37.52759],[126.99339,37.52759],[126.99407,37.52765],[126.99433,37.52765],[126.99448,37.52763],[126.9946,37.52758],[126.99472,37.52753],[126.99486,37.52745],[126.99499,37.52732],[126.99505,37.52719],[126.99515,37.52679],[126.99521,37.52655],[126.99528,37.52645],[126.9954,37.52634],[126.99562,37.52625],[126.99595,37.52609],[126.9961,37.526],[126.99616,37.52596],[126.99626,37.52584],[126.9964,37.52585],[126.99652,37.52585],[126.99679,37.52585],[126.99699,37.52589],[126.99717,37.52597]]}},{"type":"Feature","properties":{"class":"minor","highway":"residential","sidewalk":"unknown","lanes":0,"name":"서빙고로91나길","oneway":false},"geometry":{"type":"LineString","coordinates":[[126.99626,37.52584],[126.99625,37.5258],[126.99623,37.52573],[126.99621,37.52565],[126.99598,37.52528],[126.99594,37.52522],[126.99593,37.52512],[126.99594,37.52505],[126.99596,37.52501],[126.99598,37.52498],[126.99624,37.52463],[126.99631,37.5244],[126.99637,37.52406]]}},{"type":"Feature","properties":{"class":"minor","highway":"residential","sidewalk":"unknown","lanes":0,"name":"장문로17길","oneway":false},"geometry":{"type":"LineString","coordinates":[[126.99717,37.52597],[126.99746,37.52621],[126.99754,37.52632],[126.99798,37.52651],[126.99862,37.52667],[126.99903,37.52687],[126.99905,37.52688],[126.99927,37.52695]]}},{"type":"Feature","properties":{"class":"minor","highway":"residential","sidewalk":"unknown","lanes":0,"name":"보광로23길","oneway":false},"geometry":{"type":"LineString","coordinates":[[126.9981,37.52749],[126.99824,37.52752],[126.99858,37.52772],[126.99889,37.52791],[126.99913,37.52806]]}},{"type":"Feature","properties":{"class":"minor","highway":"residential","sidewalk":"unknown","lanes":0,"name":"보광로7길","oneway":false},"geometry":{"type":"LineString","coordinates":[[126.99813,37.52575],[126.99785,37.52501]]}},{"type":"Feature","properties":{"class":"minor","highway":"residential","sidewalk":"unknown","lanes":0,"name":"장문로","oneway":false},"geometry":{"type":"LineString","coordinates":[[126.9992,37.52606],[126.99926,37.52566]]}},{"type":"Feature","properties":{"class":"minor","highway":"residential","sidewalk":"unknown","lanes":0,"name":"서빙고로91라길","oneway":false},"geometry":{"type":"LineString","coordinates":[[126.99598,37.52498],[126.99619,37.52507],[126.99621,37.52508],[126.99634,37.52515],[126.99654,37.52526],[126.99669,37.52533],[126.99679,37.52525],[126.99705,37.52517],[126.99731,37.52513],[126.99764,37.52507],[126.99768,37.52506],[126.99785,37.52501],[126.99797,37.52497],[126.99816,37.5249],[126.99853,37.52476]]}},{"type":"Feature","properties":{"class":"major","highway":"primary","sidewalk":"likely","lanes":0,"name":"서빙고로","oneway":true},"geometry":{"type":"LineString","coordinates":[[126.99403,37.52],[126.99415,37.52002],[126.99448,37.52007],[126.99463,37.52011],[126.99503,37.52025],[126.9954,37.52039],[126.99587,37.52057],[126.99644,37.52079],[126.99675,37.52091],[126.99709,37.52105],[126.99794,37.52139],[126.99847,37.52161],[126.99851,37.52162],[126.9994,37.522]]}},{"type":"Feature","properties":{"class":"major","highway":"primary","sidewalk":"likely","lanes":0,"name":"서빙고로","oneway":true},"geometry":{"type":"LineString","coordinates":[[126.9994,37.522],[126.9997,37.52212],[126.99994,37.52223],[127.00017,37.52236],[127.00057,37.52261],[127.00084,37.52283],[127.00114,37.52307],[127.00163,37.5236],[127.00208,37.5243],[127.00236,37.52477]]}},{"type":"Feature","properties":{"class":"major","highway":"trunk_link","sidewalk":"likely","lanes":0,"name":"","oneway":true},"geometry":{"type":"LineString","coordinates":[[126.9971,37.52049],[126.9979,37.52078],[126.99795,37.52081],[126.99799,37.52085],[126.99801,37.52088],[126.99802,37.52093],[126.99802,37.52098],[126.998,37.52103],[126.99796,37.52107],[126.99791,37.52109],[126.99786,37.52111],[126.9978,37.52111],[126.99773,37.52109],[126.99711,37.52083],[126.99693,37.52076]]}},{"type":"Feature","properties":{"class":"major","highway":"trunk_link","sidewalk":"likely","lanes":0,"name":"서빙고고가차도","oneway":true},"geometry":{"type":"LineString","coordinates":[[127.00296,37.5258],[127.00281,37.52562],[127.00253,37.52525],[127.00201,37.52442],[127.00152,37.52362],[127.00112,37.52298],[127.00091,37.52271],[127.00073,37.5225],[127.00059,37.52237],[127.00048,37.52226],[127.00033,37.52214],[127.0002,37.52204],[127.00004,37.52194],[126.99983,37.52184],[126.99961,37.52175]]}},{"type":"Feature","properties":{"class":"major","highway":"trunk_link","sidewalk":"likely","lanes":0,"name":"","oneway":true},"geometry":{"type":"LineString","coordinates":[[126.99839,37.52089],[126.99974,37.52144],[126.99995,37.52153],[127.00003,37.52157],[127.00013,37.52163],[127.00021,37.5217],[127.00031,37.52178],[127.00042,37.5219],[127.00053,37.52206],[127.00077,37.5224],[127.00099,37.52268],[127.00127,37.5231],[127.00155,37.52357],[127.0021,37.52447],[127.00257,37.52523],[127.00276,37.52548],[127.00301,37.52577]]}},{"type":"Feature","properties":{"class":"major","highway":"trunk_link","sidewalk":"likely","lanes":0,"name":"","oneway":true},"geometry":{"type":"LineString","coordinates":[[126.99853,37.52124],[126.99835,37.52116],[126.99794,37.52094]]}},{"type":"Feature","properties":{"class":"major","highway":"trunk_link","sidewalk":"likely","lanes":0,"name":"","oneway":true},"geometry":{"type":"LineString","coordinates":[[126.99835,37.52095],[126.99852,37.52101],[127.00039,37.52177],[127.00137,37.52232]]}},{"type":"Feature","properties":{"class":"major","highway":"primary","sidewalk":"likely","lanes":0,"name":"녹사평대로","oneway":false},"geometry":{"type":"LineString","coordinates":[[126.99132,37.52991],[126.99138,37.52939],[126.99141,37.52921],[126.99146,37.52873],[126.99159,37.52728],[126.99169,37.52633],[126.99174,37.52606],[126.99178,37.52583],[126.99188,37.52565]]}},{"type":"Feature","properties":{"class":"major","highway":"primary","sidewalk":"likely","lanes":0,"name":"녹사평대로","oneway":false},"geometry":{"type":"LineString","coordinates":[[126.99188,37.52565],[126.99202,37.52545],[126.99218,37.52523],[126.99246,37.52485],[126.99261,37.52465],[126.99268,37.52455],[126.99276,37.52444],[126.99299,37.52415],[126.99303,37.52408]]}},{"type":"Feature","properties":{"class":"major","highway":"primary","sidewalk":"likely","lanes":0,"name":"서빙고로","oneway":true},"geometry":{"type":"LineString","coordinates":[[127.00221,37.52486],[127.00215,37.52476],[127.00193,37.52438],[127.00178,37.52414],[127.00137,37.52344],[127.00117,37.52325],[127.00092,37.52299],[127.00054,37.52269],[127.00038,37.52258],[126.99995,37.52232],[126.99956,37.52214],[126.99935,37.52205]]}},{"type":"Feature","properties":{"class":"minor","highway":"unclassified","sidewalk":"unknown","lanes":0,"name":"","oneway":false},"geometry":{"type":"LineString","coordinates":[[126.98035,37.53298],[126.98032,37.53218],[126.98031,37.53217],[126.98031,37.532],[126.9803,37.53177],[126.98029,37.53157],[126.98024,37.53066],[126.98023,37.53042],[126.9802,37.52976],[126.98019,37.52947],[126.98017,37.5291],[126.98015,37.52874],[126.98014,37.52848],[126.98012,37.528],[126.98012,37.52797],[126.98009,37.52724],[126.98006,37.52622]]}},{"type":"Feature","properties":{"class":"major","highway":"secondary","sidewalk":"likely","lanes":1,"name":"","oneway":false},"geometry":{"type":"LineString","coordinates":[[126.99218,37.52003],[126.99168,37.52009],[126.9909,37.5202],[126.99068,37.52022]]}},{"type":"Feature","properties":{"class":"major","highway":"tertiary","sidewalk":"likely","lanes":1,"name":"서빙고지하차도","oneway":false},"geometry":{"type":"LineString","coordinates":[[126.9927,37.51928],[126.9928,37.51939],[126.99285,37.51954],[126.99281,37.51973],[126.99269,37.51987],[126.99247,37.51997],[126.99218,37.52003]]}},{"type":"Feature","properties":{"class":"major","highway":"primary","sidewalk":"likely","lanes":0,"name":"서빙고로","oneway":true},"geometry":{"type":"LineString","coordinates":[[126.99341,37.51993],[126.99358,37.51995],[126.99367,37.51995],[126.99375,37.51996],[126.99389,37.51998],[126.99403,37.52]]}},{"type":"Feature","properties":{"class":"major","highway":"primary","sidewalk":"likely","lanes":0,"name":"서빙고로","oneway":true},"geometry":{"type":"LineString","coordinates":[[126.99211,37.52016],[126.99146,37.52024],[126.99069,37.52033]]}},{"type":"Feature","properties":{"class":"alley","highway":"service","sidewalk":"unknown","lanes":0,"name":"","oneway":false},"geometry":{"type":"LineString","coordinates":[[126.98346,37.52611],[126.98347,37.5263],[126.98347,37.52634],[126.98349,37.52661],[126.9835,37.52672],[126.98351,37.52705],[126.98351,37.52707],[126.98349,37.52728],[126.98345,37.52755],[126.9834,37.52781],[126.98333,37.52827],[126.98322,37.52894],[126.98322,37.52912],[126.98326,37.52922],[126.9833,37.52934],[126.98346,37.52974],[126.98347,37.52976],[126.98352,37.52992],[126.98352,37.53001],[126.98349,37.53016],[126.98346,37.53033],[126.98341,37.53055],[126.98341,37.53056],[126.98339,37.53067],[126.98342,37.53083],[126.98354,37.53108],[126.98354,37.53109],[126.98354,37.53113],[126.98342,37.53139],[126.98335,37.53155],[126.98333,37.5317],[126.98338,37.53207],[126.98337,37.53216],[126.98333,37.53241],[126.98331,37.53259],[126.98326,37.53283],[126.98325,37.53288],[126.9832,37.53299],[126.98311,37.53317],[126.983,37.53347],[126.98298,37.53356],[126.98294,37.53367],[126.98293,37.53387],[126.98292,37.53393],[126.9829,37.53437]]}},{"type":"Feature","properties":{"class":"alley","highway":"service","sidewalk":"unknown","lanes":0,"name":"","oneway":false},"geometry":{"type":"LineString","coordinates":[[126.9862,37.52651],[126.98625,37.52691],[126.98642,37.52736],[126.98655,37.52767],[126.98657,37.52772],[126.98678,37.52825],[126.98681,37.5283],[126.98692,37.52852],[126.98744,37.52958]]}},{"type":"Feature","properties":{"class":"alley","highway":"service","sidewalk":"unknown","lanes":0,"name":"Koelsch Grove","oneway":false},"geometry":{"type":"LineString","coordinates":[[126.98571,37.52872],[126.98568,37.52864],[126.98547,37.52805],[126.98545,37.52802],[126.9853,37.5277],[126.98525,37.5276],[126.98508,37.52725],[126.98503,37.5272],[126.98498,37.52718],[126.98495,37.52718],[126.98377,37.52709],[126.98374,37.52709],[126.98351,37.52707]]}},{"type":"Feature","properties":{"class":"alley","highway":"service","sidewalk":"unknown","lanes":0,"name":"Loring Village Road","oneway":false},"geometry":{"type":"LineString","coordinates":[[126.99053,37.52337],[126.99058,37.52327],[126.99053,37.52209],[126.99052,37.52163],[126.99042,37.52144],[126.99,37.52108],[126.98945,37.5206],[126.9893,37.52052],[126.98918,37.52049],[126.98889,37.52049],[126.98864,37.52049],[126.98841,37.52053],[126.98826,37.52061],[126.9882,37.52063],[126.98819,37.52065],[126.98802,37.52089],[126.98803,37.52106],[126.9881,37.52126],[126.98834,37.52181],[126.98853,37.52223],[126.98869,37.52258],[126.9887,37.52262],[126.98876,37.5228],[126.98881,37.52298],[126.98885,37.52314],[126.98891,37.52319],[126.98906,37.52323],[126.98913,37.52323],[126.98952,37.52326],[126.99042,37.52334],[126.99048,37.52335],[126.99053,37.52337],[126.99054,37.52339],[126.99064,37.52354],[126.99114,37.52468],[126.99151,37.52551],[126.99156,37.52568],[126.99154,37.52574],[126.99132,37.52592],[126.99123,37.52593],[126.99113,37.52594]]}},{"type":"Feature","properties":{"class":"alley","highway":"service","sidewalk":"unknown","lanes":0,"name":"","oneway":false},"geometry":{"type":"LineString","coordinates":[[126.99027,37.5272],[126.99035,37.52713],[126.99038,37.52711],[126.99073,37.52682],[126.99074,37.5268],[126.99081,37.52671],[126.99083,37.52668],[126.99101,37.52623],[126.99113,37.52594]]}},{"type":"Feature","properties":{"class":"alley","highway":"living_street","sidewalk":"unknown","lanes":0,"name":"서빙고로91다길","oneway":false},"geometry":{"type":"LineString","coordinates":[[126.99631,37.5244],[126.99649,37.52437],[126.99675,37.52451],[126.99701,37.5245],[126.9971,37.52445],[126.99717,37.52429],[126.99722,37.52416],[126.99754,37.52419],[126.99764,37.52412]]}},{"type":"Feature","properties":{"class":"alley","highway":"living_street","sidewalk":"unknown","lanes":0,"name":"서빙고로91나길","oneway":false},"geometry":{"type":"LineString","coordinates":[[126.99637,37.52406],[126.99646,37.52399],[126.99658,37.52393],[126.99659,37.52393],[126.99673,37.52394],[126.99689,37.52396],[126.99694,37.52389],[126.99698,37.52383],[126.99717,37.52368],[126.9973,37.52361],[126.99749,37.5236],[126.99767,37.52359]]}},{"type":"Feature","properties":{"class":"alley","highway":"living_street","sidewalk":"unknown","lanes":0,"name":"서빙고로71길","oneway":false},"geometry":{"type":"LineString","coordinates":[[126.99637,37.52406],[126.99636,37.52377],[126.99584,37.52354],[126.99581,37.52336],[126.99575,37.52316],[126.99552,37.52304],[126.99537,37.52299],[126.99532,37.52297],[126.9953,37.52288],[126.99542,37.5227],[126.99552,37.52254],[126.99553,37.52254],[126.99545,37.52247],[126.99542,37.52246],[126.99522,37.52238],[126.99517,37.52236],[126.99502,37.52227],[126.99472,37.52206],[126.99456,37.522]]}},{"type":"Feature","properties":{"class":"alley","highway":"living_street","sidewalk":"unknown","lanes":0,"name":"서빙고로67길","oneway":false},"geometry":{"type":"LineString","coordinates":[[126.99456,37.522],[126.99476,37.52156],[126.99476,37.52155],[126.99482,37.52143],[126.99493,37.5212],[126.99528,37.52069],[126.99544,37.52053]]}},{"type":"Feature","properties":{"class":"alley","highway":"living_street","sidewalk":"unknown","lanes":0,"name":"서빙고로65길","oneway":false},"geometry":{"type":"LineString","coordinates":[[126.9936,37.52367],[126.99361,37.52364],[126.99373,37.52331],[126.9938,37.52319],[126.99388,37.52304],[126.99393,37.5228],[126.994,37.52241],[126.99402,37.52215],[126.99404,37.52195],[126.99409,37.52155],[126.9941,37.52149],[126.99419,37.52115],[126.99421,37.52103],[126.99432,37.5209],[126.99441,37.52075],[126.99442,37.52067],[126.99462,37.52069],[126.99496,37.5207],[126.99528,37.52069]]}},{"type":"Feature","properties":{"class":"alley","highway":"living_street","sidewalk":"unknown","lanes":0,"name":"서빙고로67길","oneway":false},"geometry":{"type":"LineString","coordinates":[[126.99456,37.522],[126.9945,37.52218],[126.99454,37.52229],[126.99442,37.52248],[126.99433,37.52263],[126.99424,37.5229],[126.9941,37.5231],[126.99401,37.52332],[126.99391,37.52347]]}},{"type":"Feature","properties":{"class":"minor","highway":"residential","sidewalk":"unknown","lanes":0,"name":"녹사평대로","oneway":false},"geometry":{"type":"LineString","coordinates":[[126.99246,37.52485],[126.99268,37.52488],[126.993,37.52493],[126.99499,37.52523],[126.99522,37.52523],[126.99536,37.52523],[126.99577,37.52523],[126.99594,37.52522]]}},{"type":"Feature","properties":{"class":"major","highway":"tertiary","sidewalk":"likely","lanes":0,"name":"장문로","oneway":false},"geometry":{"type":"LineString","coordinates":[[126.99717,37.52597],[126.99687,37.52613],[126.99668,37.52629],[126.99642,37.52648],[126.99501,37.52752],[126.99484,37.52764],[126.99469,37.52771],[126.99453,37.52777],[126.9942,37.52788],[126.99349,37.52809],[126.99294,37.52827],[126.99269,37.52839],[126.99239,37.52867]]}},{"type":"Feature","properties":{"class":"alley","highway":"living_street","sidewalk":"unknown","lanes":0,"name":"서빙고로91다길","oneway":false},"geometry":{"type":"LineString","coordinates":[[126.99717,37.52368],[126.99731,37.52378],[126.99751,37.52396],[126.99764,37.52412]]}},{"type":"Feature","properties":{"class":"alley","highway":"living_street","sidewalk":"unknown","lanes":0,"name":"서빙고로91나길","oneway":false},"geometry":{"type":"LineString","coordinates":[[126.99673,37.52394],[126.9967,37.52421],[126.99672,37.52427],[126.99681,37.52431],[126.99689,37.52431]]}},{"type":"Feature","properties":{"class":"alley","highway":"living_street","sidewalk":"unknown","lanes":0,"name":"서빙고로79가길","oneway":false},"geometry":{"type":"LineString","coordinates":[[126.99694,37.52389],[126.99688,37.52381],[126.99691,37.52338],[126.99703,37.52319],[126.99715,37.52306],[126.99721,37.52294]]}},{"type":"Feature","properties":{"class":"alley","highway":"service","sidewalk":"unknown","lanes":0,"name":"","oneway":false},"geometry":{"type":"LineString","coordinates":[[126.97765,37.52521],[126.97788,37.5252],[126.97804,37.52516],[126.97947,37.5251],[126.9816,37.52497],[126.98171,37.52493],[126.98178,37.52486],[126.98178,37.52483],[126.98269,37.52476],[126.98285,37.5247],[126.98292,37.52464],[126.98295,37.52456],[126.98295,37.52427],[126.98293,37.52403],[126.98293,37.52398],[126.98292,37.52386]]}},{"type":"Feature","properties":{"class":"alley","highway":"service","sidewalk":"unknown","lanes":0,"name":"","oneway":false},"geometry":{"type":"LineString","coordinates":[[126.98882,37.5279],[126.98783,37.52774],[126.98706,37.52766],[126.98703,37.52766],[126.98655,37.52767]]}},{"type":"Feature","properties":{"class":"alley","highway":"service","sidewalk":"unknown","lanes":0,"name":"","oneway":false},"geometry":{"type":"LineString","coordinates":[[126.98969,37.52672],[126.98971,37.52673],[126.98992,37.52674],[126.99034,37.52677],[126.99064,37.52679],[126.99074,37.5268]]}},{"type":"Feature","properties":{"class":"alley","highway":"living_street","sidewalk":"unknown","lanes":0,"name":"서빙고로75길","oneway":false},"geometry":{"type":"LineString","coordinates":[[126.99728,37.52284],[126.99708,37.52272],[126.99704,37.52252],[126.99694,37.52233],[126.99691,37.52228],[126.99687,37.52207],[126.99686,37.52204],[126.99684,37.52192],[126.99678,37.52146],[126.99679,37.52145],[126.99702,37.52114]]}},{"type":"Feature","properties":{"class":"alley","highway":"living_street","sidewalk":"unknown","lanes":0,"name":"서빙고로71길","oneway":false},"geometry":{"type":"LineString","coordinates":[[126.99542,37.52246],[126.99543,37.52209],[126.99555,37.52187],[126.99558,37.52171],[126.99565,37.52149],[126.99579,37.52139],[126.99604,37.52119],[126.99618,37.52114],[126.99633,37.52095],[126.99638,37.52088]]}},{"type":"Feature","properties":{"class":"minor","highway":"residential","sidewalk":"unknown","lanes":0,"name":"서빙고로91길","oneway":true},"geometry":{"type":"LineString","coordinates":[[127.00215,37.52476],[127.00199,37.52456],[127.00179,37.52425],[127.00141,37.52363],[127.00118,37.52333],[127.00104,37.5232],[127.00079,37.52296],[127.0007,37.52288],[127.00055,37.52278],[127.00018,37.52253],[126.99988,37.52237],[126.99984,37.52234],[126.99958,37.52223],[126.9995,37.52219],[126.99904,37.522],[126.99838,37.52174]]}},{"type":"Feature","properties":{"class":"minor","highway":"residential","sidewalk":"unknown","lanes":0,"name":"","oneway":true},"geometry":{"type":"LineString","coordinates":[[126.99838,37.52174],[126.99786,37.52152],[126.9978,37.52149],[126.99751,37.52133]]}},{"type":"Feature","properties":{"class":"minor","highway":"residential","sidewalk":"unknown","lanes":0,"name":"보광로31길","oneway":false},"geometry":{"type":"LineString","coordinates":[[126.99804,37.52919],[126.99794,37.5291],[126.99776,37.52905],[126.99767,37.52893],[126.99755,37.52878],[126.99754,37.52874],[126.99746,37.52847],[126.99744,37.52838],[126.99728,37.52828],[126.99724,37.52821],[126.9973,37.52811],[126.99724,37.52804],[126.9971,37.52796],[126.99706,37.52767]]}},{"type":"Feature","properties":{"class":"alley","highway":"living_street","sidewalk":"unknown","lanes":0,"name":"서빙고로91나길","oneway":false},"geometry":{"type":"LineString","coordinates":[[126.99767,37.52359],[126.99786,37.52349],[126.99789,37.52344],[126.99798,37.52332],[126.99806,37.5232],[126.99794,37.52299],[126.99789,37.52294],[126.99783,37.52288],[126.99785,37.52271],[126.99787,37.5227],[126.99802,37.52255],[126.99809,37.52242],[126.99809,37.52227],[126.9982,37.52201],[126.99838,37.52174]]}},{"type":"Feature","properties":{"class":"alley","highway":"living_street","sidewalk":"unknown","lanes":0,"name":"서빙고로91나길","oneway":false},"geometry":{"type":"LineString","coordinates":[[126.99787,37.5227],[126.99763,37.52262]]}},{"type":"Feature","properties":{"class":"alley","highway":"living_street","sidewalk":"unknown","lanes":0,"name":"서빙고로79가길","oneway":false},"geometry":{"type":"LineString","coordinates":[[126.99721,37.52294],[126.99728,37.52284],[126.99734,37.52275],[126.99746,37.52272],[126.99746,37.52268],[126.9976,37.52266],[126.99763,37.52262],[126.99772,37.52239]]}},{"type":"Feature","properties":{"class":"minor","highway":"residential","sidewalk":"unknown","lanes":0,"name":"서빙고로65길","oneway":false},"geometry":{"type":"LineString","coordinates":[[126.99442,37.52067],[126.99446,37.52045],[126.99454,37.5202]]}},{"type":"Feature","properties":{"class":"alley","highway":"living_street","sidewalk":"unknown","lanes":0,"name":"녹사평대로14길","oneway":false},"geometry":{"type":"LineString","coordinates":[[126.99391,37.52347],[126.99406,37.52344],[126.99426,37.52343],[126.99461,37.52375]]}},{"type":"Feature","properties":{"class":"alley","highway":"living_street","sidewalk":"unknown","lanes":0,"name":"녹사평대로14길","oneway":false},"geometry":{"type":"LineString","coordinates":[[126.99426,37.52343],[126.99439,37.52323],[126.99445,37.52318],[126.99454,37.52318],[126.99467,37.52326],[126.995,37.5233],[126.99501,37.52297]]}},{"type":"Feature","properties":{"class":"alley","highway":"living_street","sidewalk":"unknown","lanes":0,"name":"서빙고로71길","oneway":false},"geometry":{"type":"LineString","coordinates":[[126.99532,37.52297],[126.9953,37.52332]]}},{"type":"Feature","properties":{"class":"alley","highway":"living_street","sidewalk":"unknown","lanes":0,"name":"서빙고로67길","oneway":false},"geometry":{"type":"LineString","coordinates":[[126.99454,37.52318],[126.99462,37.52291],[126.99442,37.52248]]}},{"type":"Feature","properties":{"class":"minor","highway":"residential","sidewalk":"unknown","lanes":0,"name":"녹사평대로14길","oneway":false},"geometry":{"type":"LineString","coordinates":[[126.99391,37.52347],[126.9937,37.52365],[126.9936,37.52367],[126.99345,37.52374],[126.99328,37.52403],[126.99321,37.5241],[126.9932,37.5241],[126.99312,37.52408]]}},{"type":"Feature","properties":{"class":"alley","highway":"living_street","sidewalk":"unknown","lanes":0,"name":"녹사평대로14길","oneway":false},"geometry":{"type":"LineString","coordinates":[[126.99501,37.52297],[126.99495,37.52277],[126.995,37.5226],[126.99508,37.52244],[126.99517,37.52236]]}},{"type":"Feature","properties":{"class":"alley","highway":"living_street","sidewalk":"unknown","lanes":0,"name":"서빙고로65길","oneway":false},"geometry":{"type":"LineString","coordinates":[[126.99456,37.522],[126.99422,37.52199],[126.99404,37.52195]]}},{"type":"Feature","properties":{"class":"alley","highway":"living_street","sidewalk":"unknown","lanes":0,"name":"서빙고로71길","oneway":false},"geometry":{"type":"LineString","coordinates":[[126.99476,37.52155],[126.99531,37.52174],[126.99533,37.52181],[126.99555,37.52187]]}},{"type":"Feature","properties":{"class":"alley","highway":"living_street","sidewalk":"unknown","lanes":0,"name":"서빙고로67길","oneway":false},"geometry":{"type":"LineString","coordinates":[[126.9941,37.52149],[126.99432,37.52151],[126.9944,37.52142],[126.99455,37.52148],[126.99466,37.5214],[126.99482,37.52143]]}},{"type":"Feature","properties":{"class":"alley","highway":"living_street","sidewalk":"unknown","lanes":0,"name":"서빙고로71길","oneway":false},"geometry":{"type":"LineString","coordinates":[[126.99618,37.52114],[126.9963,37.52123],[126.99647,37.52133]]}},{"type":"Feature","properties":{"class":"alley","highway":"living_street","sidewalk":"unknown","lanes":0,"name":"서빙고로73길","oneway":false},"geometry":{"type":"LineString","coordinates":[[126.99552,37.52254],[126.99577,37.52254],[126.9958,37.52252],[126.99575,37.52242],[126.99581,37.52209],[126.99581,37.52196],[126.99591,37.52174],[126.99617,37.52163],[126.99635,37.52148],[126.99647,37.52133],[126.99669,37.52101],[126.99675,37.52091]]}},{"type":"Feature","properties":{"class":"alley","highway":"living_street","sidewalk":"unknown","lanes":0,"name":"서빙고로75가길","oneway":false},"geometry":{"type":"LineString","coordinates":[[126.99659,37.52393],[126.99662,37.52355],[126.99662,37.52331],[126.99664,37.52314],[126.99668,37.52296]]}},{"type":"Feature","properties":{"class":"alley","highway":"living_street","sidewalk":"unknown","lanes":0,"name":"서빙고로75가길","oneway":false},"geometry":{"type":"LineString","coordinates":[[126.99687,37.52207],[126.99675,37.5221],[126.99666,37.52215],[126.99652,37.52216]]}},{"type":"Feature","properties":{"class":"alley","highway":"living_street","sidewalk":"unknown","lanes":0,"name":"서빙고로75가길","oneway":false},"geometry":{"type":"LineString","coordinates":[[126.99652,37.52216],[126.99659,37.52256],[126.99662,37.52261],[126.99666,37.52282],[126.99668,37.52296]]}},{"type":"Feature","properties":{"class":"alley","highway":"living_street","sidewalk":"unknown","lanes":0,"name":"서빙고로73길","oneway":false},"geometry":{"type":"LineString","coordinates":[[126.99555,37.52187],[126.99581,37.52196],[126.99601,37.522],[126.99623,37.52209],[126.99638,37.52213]]}},{"type":"Feature","properties":{"class":"alley","highway":"living_street","sidewalk":"unknown","lanes":0,"name":"서빙고로73길","oneway":false},"geometry":{"type":"LineString","coordinates":[[126.9964,37.52238],[126.99638,37.52213],[126.99646,37.52213]]}},{"type":"Feature","properties":{"class":"alley","highway":"living_street","sidewalk":"unknown","lanes":0,"name":"서빙고로79길","oneway":false},"geometry":{"type":"LineString","coordinates":[[126.99684,37.52192],[126.99738,37.52185],[126.99767,37.5217],[126.9978,37.52149]]}},{"type":"Feature","properties":{"class":"alley","highway":"living_street","sidewalk":"unknown","lanes":0,"name":"서빙고로91나길","oneway":false},"geometry":{"type":"LineString","coordinates":[[126.99768,37.52303],[126.99776,37.52317],[126.9978,37.52337],[126.99789,37.52344]]}},{"type":"Feature","properties":{"class":"alley","highway":"living_street","sidewalk":"unknown","lanes":0,"name":"서빙고로91나길","oneway":false},"geometry":{"type":"LineString","coordinates":[[126.99721,37.52294],[126.99749,37.52302],[126.99768,37.52303],[126.99789,37.52294]]}},{"type":"Feature","properties":{"class":"alley","highway":"living_street","sidewalk":"unknown","lanes":0,"name":"서빙고로75길","oneway":false},"geometry":{"type":"LineString","coordinates":[[126.99694,37.52233],[126.99728,37.52224],[126.99752,37.52223]]}},{"type":"Feature","properties":{"class":"alley","highway":"living_street","sidewalk":"unknown","lanes":0,"name":"서빙고로91길","oneway":false},"geometry":{"type":"LineString","coordinates":[[126.99988,37.52237],[126.99981,37.52257],[126.9997,37.52262],[126.99947,37.52266],[126.99933,37.5227]]}},{"type":"Feature","properties":{"class":"alley","highway":"living_street","sidewalk":"unknown","lanes":0,"name":"서빙고로91나길","oneway":false},"geometry":{"type":"LineString","coordinates":[[126.99789,37.52344],[126.99802,37.5235],[126.99833,37.5232],[126.99841,37.52318],[126.9985,37.5232],[126.99872,37.52302]]}},{"type":"Feature","properties":{"class":"alley","highway":"living_street","sidewalk":"unknown","lanes":0,"name":"서빙고로91가길","oneway":false},"geometry":{"type":"LineString","coordinates":[[126.99872,37.52302],[126.99897,37.52292],[126.99905,37.52288],[126.99915,37.52273],[126.99924,37.52268],[126.99928,37.52269],[126.99933,37.5227],[126.9995,37.52284],[126.99976,37.52279]]}},{"type":"Feature","properties":{"class":"alley","highway":"living_street","sidewalk":"unknown","lanes":0,"name":"서빙고로91나길","oneway":false},"geometry":{"type":"LineString","coordinates":[[126.99809,37.52242],[126.9983,37.52238],[126.99846,37.5224],[126.99859,37.52247],[126.99867,37.52255],[126.9987,37.52273],[126.99872,37.52302]]}},{"type":"Feature","properties":{"class":"alley","highway":"living_street","sidewalk":"unknown","lanes":0,"name":"서빙고로91가길","oneway":false},"geometry":{"type":"LineString","coordinates":[[126.99928,37.52269],[126.99922,37.52258],[126.99958,37.52223]]}},{"type":"Feature","properties":{"class":"alley","highway":"service","sidewalk":"unknown","lanes":0,"name":"","oneway":false},"geometry":{"type":"LineString","coordinates":[[127.00022,37.5258],[127.00018,37.52536],[127.00004,37.52523],[126.9997,37.52521],[126.99892,37.5253],[126.99873,37.52521],[126.99862,37.52496],[126.99866,37.52471],[126.99875,37.52422],[126.99888,37.5236],[126.999,37.52321],[126.99971,37.52316],[126.99999,37.5228],[127.00017,37.52271],[127.00033,37.52277],[127.00067,37.52296],[127.00079,37.52296]]}},{"type":"Feature","properties":{"class":"minor","highway":"residential","sidewalk":"unknown","lanes":0,"name":"서빙고로91라길","oneway":false},"geometry":{"type":"LineString","coordinates":[[126.99659,37.52547],[126.99669,37.52533]]}},{"type":"Feature","properties":{"class":"minor","highway":"residential","sidewalk":"unknown","lanes":0,"name":"서빙고로91라길","oneway":false},"geometry":{"type":"LineString","coordinates":[[126.99621,37.52508],[126.99646,37.52482],[126.99673,37.52506],[126.99679,37.52525]]}},{"type":"Feature","properties":{"class":"minor","highway":"residential","sidewalk":"unknown","lanes":0,"name":"서빙고로91라길","oneway":false},"geometry":{"type":"LineString","coordinates":[[126.99764,37.52507],[126.99783,37.52483],[126.99825,37.52465]]}},{"type":"Feature","properties":{"class":"minor","highway":"residential","sidewalk":"unknown","lanes":0,"name":"보광로7길","oneway":false},"geometry":{"type":"LineString","coordinates":[[126.99854,37.52566],[126.99837,37.52526],[126.99816,37.5249]]}},{"type":"Feature","properties":{"class":"major","highway":"tertiary_link","sidewalk":"likely","lanes":0,"name":"","oneway":true},"geometry":{"type":"LineString","coordinates":[[126.99268,37.52455],[126.99274,37.52467],[126.99277,37.52473],[126.99278,37.52478],[126.99279,37.52481],[126.99279,37.52482],[126.99287,37.52488],[126.99297,37.5249],[126.993,37.52493]]}},{"type":"Feature","properties":{"class":"minor","highway":"residential","sidewalk":"unknown","lanes":0,"name":"장문로","oneway":false},"geometry":{"type":"LineString","coordinates":[[126.99668,37.52629],[126.99646,37.52616],[126.99621,37.52608],[126.9961,37.526]]}},{"type":"Feature","properties":{"class":"major","highway":"secondary_link","sidewalk":"likely","lanes":0,"name":"","oneway":true},"geometry":{"type":"LineString","coordinates":[[126.99165,37.52531],[126.99182,37.52533],[126.99191,37.5253],[126.99204,37.52527],[126.99218,37.52523]]}},{"type":"Feature","properties":{"class":"alley","highway":"service","sidewalk":"unknown","lanes":0,"name":"","oneway":false},"geometry":{"type":"LineString","coordinates":[[126.98729,37.52186],[126.98731,37.52189],[126.98731,37.52192],[126.98729,37.52194],[126.98727,37.52196],[126.98723,37.52197],[126.9872,37.52198],[126.98716,37.52196],[126.98714,37.52194],[126.98712,37.52192],[126.98712,37.52189],[126.98714,37.52186],[126.98716,37.52184],[126.9872,37.52183],[126.98723,37.52183],[126.98727,37.52184],[126.98729,37.52186]]}},{"type":"Feature","properties":{"class":"alley","highway":"service","sidewalk":"unknown","lanes":0,"name":"","oneway":false},"geometry":{"type":"LineString","coordinates":[[126.98515,37.52625],[126.98518,37.52602],[126.98509,37.52562],[126.98493,37.52476],[126.98481,37.52412],[126.98479,37.52402],[126.98473,37.52354],[126.98485,37.52336],[126.98494,37.52329],[126.98566,37.52286],[126.9864,37.52241],[126.98712,37.52195],[126.98714,37.52194]]}},{"type":"Feature","properties":{"class":"alley","highway":"service","sidewalk":"unknown","lanes":0,"name":"","oneway":false},"geometry":{"type":"LineString","coordinates":[[126.9866,37.52357],[126.98776,37.52312]]}},{"type":"Feature","properties":{"class":"alley","highway":"service","sidewalk":"unknown","lanes":0,"name":"","oneway":false},"geometry":{"type":"LineString","coordinates":[[126.98611,37.52582],[126.98691,37.52575]]}},{"type":"Feature","properties":{"class":"alley","highway":"living_street","sidewalk":"unknown","lanes":0,"name":"서빙고로73길","oneway":false},"geometry":{"type":"LineString","coordinates":[[126.99647,37.52133],[126.99679,37.52145]]}},{"type":"Feature","properties":{"class":"minor","highway":"residential","sidewalk":"unknown","lanes":0,"name":"보광로21길","oneway":false},"geometry":{"type":"LineString","coordinates":[[126.9993,37.52791],[126.99907,37.52778],[126.99906,37.52767],[126.99894,37.52757],[126.99886,37.52748],[126.99873,37.52746],[126.99833,37.52739],[126.9981,37.52726],[126.99796,37.52718],[126.99787,37.52716]]}},{"type":"Feature","properties":{"class":"minor","highway":"residential","sidewalk":"unknown","lanes":0,"name":"보광로19길","oneway":false},"geometry":{"type":"LineString","coordinates":[[126.9997,37.52749],[126.9995,37.5274],[126.99935,37.52726]]}},{"type":"Feature","properties":{"class":"minor","highway":"residential","sidewalk":"unknown","lanes":0,"name":"보광로19길","oneway":false},"geometry":{"type":"LineString","coordinates":[[126.99952,37.52723],[126.99935,37.52726],[126.99927,37.52733],[126.99913,37.52738],[126.99909,37.52738],[126.99888,37.52738],[126.99873,37.52746]]}},{"type":"Feature","properties":{"class":"minor","highway":"residential","sidewalk":"unknown","lanes":0,"name":"장문로17길","oneway":false},"geometry":{"type":"LineString","coordinates":[[126.99888,37.52738],[126.99893,37.52719],[126.99895,37.52714],[126.99898,37.52706],[126.99895,37.527],[126.99905,37.52688]]}},{"type":"Feature","properties":{"class":"minor","highway":"residential","sidewalk":"unknown","lanes":0,"name":"장문로27길","oneway":false},"geometry":{"type":"LineString","coordinates":[[126.99909,37.52738],[126.99909,37.52732],[126.99913,37.52726],[126.99915,37.5271],[126.99926,37.52702],[126.99927,37.52695],[126.99948,37.52666],[126.99964,37.52643],[126.99944,37.52633],[126.99941,37.52629],[126.99941,37.52607]]}},{"type":"Feature","properties":{"class":"minor","highway":"residential","sidewalk":"unknown","lanes":0,"name":"장문로19길","oneway":false},"geometry":{"type":"LineString","coordinates":[[126.99944,37.52633],[126.99872,37.52628],[126.99781,37.52617],[126.99762,37.5261],[126.99752,37.52598]]}},{"type":"Feature","properties":{"class":"minor","highway":"residential","sidewalk":"unknown","lanes":0,"name":"장문로","oneway":false},"geometry":{"type":"LineString","coordinates":[[126.99872,37.52628],[126.99878,37.52604],[126.99883,37.52563]]}},{"type":"Feature","properties":{"class":"minor","highway":"residential","sidewalk":"unknown","lanes":0,"name":"보광로7길","oneway":false},"geometry":{"type":"LineString","coordinates":[[126.99973,37.52575],[126.9998,37.5253]]}},{"type":"Feature","properties":{"class":"minor","highway":"residential","sidewalk":"unknown","lanes":0,"name":"장문로15길","oneway":false},"geometry":{"type":"LineString","coordinates":[[126.99668,37.52629],[126.99694,37.52665],[126.99706,37.52683],[126.9972,37.52702],[126.99725,37.52709]]}},{"type":"Feature","properties":{"class":"minor","highway":"residential","sidewalk":"unknown","lanes":0,"name":"보광로23길","oneway":false},"geometry":{"type":"LineString","coordinates":[[126.99751,37.52787],[126.99757,37.5277],[126.99766,37.5277],[126.99769,37.52771],[126.99781,37.52771],[126.99795,37.5277],[126.99805,37.52772],[126.99815,37.52775],[126.99827,37.52783],[126.99834,37.5279],[126.99838,37.52794],[126.99846,37.52785],[126.99858,37.52772]]}},{"type":"Feature","properties":{"class":"minor","highway":"residential","sidewalk":"unknown","lanes":0,"name":"장문로15가길","oneway":false},"geometry":{"type":"LineString","coordinates":[[126.99754,37.52632],[126.99747,37.52643],[126.9974,37.52664],[126.99735,37.52678],[126.99735,37.5268],[126.99736,37.52689],[126.9973,37.52697],[126.9972,37.52702]]}},{"type":"Feature","properties":{"class":"minor","highway":"residential","sidewalk":"unknown","lanes":0,"name":"보광로31길","oneway":false},"geometry":{"type":"LineString","coordinates":[[126.99728,37.52828],[126.99747,37.52815],[126.9976,37.52801],[126.99761,37.52795],[126.99751,37.52787]]}},{"type":"Feature","properties":{"class":"minor","highway":"residential","sidewalk":"unknown","lanes":0,"name":"보광로31길","oneway":false},"geometry":{"type":"LineString","coordinates":[[126.99704,37.52727],[126.99735,37.52733],[126.9974,37.52735],[126.99752,37.52735]]}},{"type":"Feature","properties":{"class":"minor","highway":"residential","sidewalk":"unknown","lanes":0,"name":"장문로15나길","oneway":false},"geometry":{"type":"LineString","coordinates":[[126.99725,37.52709],[126.99738,37.52718],[126.99748,37.52728],[126.99752,37.52735],[126.99755,37.52736],[126.99767,37.52735],[126.99767,37.5273],[126.99769,37.52715],[126.99789,37.52702],[126.99825,37.52704],[126.99851,37.52706],[126.99865,37.52708],[126.99884,37.52712],[126.99895,37.52714]]}},{"type":"Feature","properties":{"class":"minor","highway":"residential","sidewalk":"unknown","lanes":0,"name":"보광로31길","oneway":false},"geometry":{"type":"LineString","coordinates":[[126.99725,37.52709],[126.99726,37.52714],[126.99722,37.5272],[126.99716,37.52724],[126.99706,37.52726],[126.99704,37.52727],[126.997,37.5273],[126.99694,37.52737],[126.99692,37.52744],[126.99696,37.52755],[126.99706,37.52767],[126.99717,37.52774],[126.99728,37.5278],[126.99751,37.52787]]}},{"type":"Feature","properties":{"class":"minor","highway":"residential","sidewalk":"unknown","lanes":0,"name":"장문로15가길","oneway":false},"geometry":{"type":"LineString","coordinates":[[126.99769,37.52715],[126.99762,37.52704],[126.9977,37.52688],[126.99735,37.52678]]}},{"type":"Feature","properties":{"class":"minor","highway":"residential","sidewalk":"unknown","lanes":0,"name":"장문로15가길","oneway":false},"geometry":{"type":"LineString","coordinates":[[126.9974,37.52664],[126.9982,37.52686],[126.99834,37.5269]]}},{"type":"Feature","properties":{"class":"minor","highway":"residential","sidewalk":"unknown","lanes":0,"name":"보광로23길","oneway":false},"geometry":{"type":"LineString","coordinates":[[126.99766,37.5277],[126.99761,37.52753],[126.99752,37.52748]]}},{"type":"Feature","properties":{"class":"minor","highway":"residential","sidewalk":"unknown","lanes":0,"name":"보광로23길","oneway":false},"geometry":{"type":"LineString","coordinates":[[126.99752,37.52735],[126.99752,37.52748],[126.99746,37.52755],[126.99738,37.52754],[126.9974,37.52735]]}},{"type":"Feature","properties":{"class":"minor","highway":"residential","sidewalk":"unknown","lanes":0,"name":"보광로21길","oneway":false},"geometry":{"type":"LineString","coordinates":[[126.99767,37.52735],[126.99776,37.52738],[126.9979,37.52737],[126.99801,37.5274],[126.9981,37.52726]]}},{"type":"Feature","properties":{"class":"minor","highway":"residential","sidewalk":"unknown","lanes":0,"name":"보광로23길","oneway":false},"geometry":{"type":"LineString","coordinates":[[126.99824,37.52752],[126.99833,37.52739]]}},{"type":"Feature","properties":{"class":"minor","highway":"residential","sidewalk":"unknown","lanes":0,"name":"장문로27길","oneway":false},"geometry":{"type":"LineString","coordinates":[[126.99948,37.52666],[126.9991,37.52651],[126.99889,37.52646],[126.9987,37.52638]]}},{"type":"Feature","properties":{"class":"minor","highway":"residential","sidewalk":"unknown","lanes":0,"name":"장문로9길","oneway":false},"geometry":{"type":"LineString","coordinates":[[126.99642,37.52648],[126.99657,37.52665],[126.99664,37.52682],[126.99665,37.5269],[126.99663,37.527],[126.99659,37.52705],[126.99636,37.52723],[126.99624,37.52733],[126.9952,37.52806],[126.99493,37.52819],[126.99457,37.52831],[126.99442,37.52818],[126.9942,37.52788]]}},{"type":"Feature","properties":{"class":"minor","highway":"residential","sidewalk":"unknown","lanes":0,"name":"장문로9가길","oneway":true},"geometry":{"type":"LineString","coordinates":[[126.99457,37.52831],[126.99476,37.52845],[126.99485,37.52851],[126.99503,37.52846],[126.99546,37.52827],[126.99662,37.52745],[126.99636,37.52723]]}},{"type":"Feature","properties":{"class":"major","highway":"secondary","sidewalk":"likely","lanes":0,"name":"보광로","oneway":false},"geometry":{"type":"LineString","coordinates":[[126.99913,37.52806],[126.9993,37.52791],[126.99939,37.52781],[126.9997,37.52749],[126.9998,37.52738],[127.0,37.52716],[127.00023,37.5269],[127.00045,37.52666],[127.00062,37.5265],[127.00091,37.52617]]}},{"type":"Feature","properties":{"class":"alley","highway":"service","sidewalk":"unknown","lanes":0,"name":"","oneway":false},"geometry":{"type":"LineString","coordinates":[[126.98791,37.52316],[126.98789,37.52317],[126.98788,37.52317],[126.98784,37.52317],[126.98781,37.52316],[126.98778,37.52315],[126.98776,37.52312],[126.98776,37.5231],[126.98776,37.52307],[126.98777,37.52305],[126.98779,37.52303],[126.98782,37.52302],[126.98785,37.52301],[126.98788,37.52301],[126.98791,37.52302],[126.98794,37.52304],[126.98795,37.52306],[126.98796,37.52309],[126.98795,37.52312],[126.98794,37.52314],[126.98791,37.52316]]}},{"type":"Feature","properties":{"class":"major","highway":"trunk","sidewalk":"likely","lanes":4,"name":"강변북로","oneway":true},"geometry":{"type":"LineString","coordinates":[[126.99794,37.52094],[126.99675,37.52053],[126.99585,37.52018],[126.99545,37.52002],[126.99509,37.51988]]}},{"type":"Feature","properties":{"class":"major","highway":"primary_link","sidewalk":"likely","lanes":1,"name":"","oneway":true},"geometry":{"type":"LineString","coordinates":[[126.99353,37.52215],[126.99361,37.52191]]}},{"type":"Feature","properties":{"class":"major","highway":"primary","sidewalk":"likely","lanes":6,"name":"서빙고로","oneway":true},"geometry":{"type":"LineString","coordinates":[[126.98721,37.52002],[126.98878,37.52012]]}},{"type":"Feature","properties":{"class":"major","highway":"primary","sidewalk":"likely","lanes":0,"name":"서빙고로","oneway":true},"geometry":{"type":"LineString","coordinates":[[126.99386,37.52009],[126.99367,37.52006],[126.99353,37.52006],[126.99348,37.52006],[126.99303,37.52006],[126.99255,37.5201],[126.99211,37.52016]]}},{"type":"Feature","properties":{"class":"major","highway":"primary","sidewalk":"likely","lanes":0,"name":"서빙고로","oneway":true},"geometry":{"type":"LineString","coordinates":[[126.99067,37.52012],[126.9921,37.51992]]}},{"type":"Feature","properties":{"class":"major","highway":"primary_link","sidewalk":"no","lanes":1,"name":"","oneway":true},"geometry":{"type":"LineString","coordinates":[[126.99255,37.5201],[126.99242,37.52008],[126.99238,37.52004],[126.99238,37.52],[126.99244,37.51995],[126.99256,37.5199]]}},{"type":"Feature","properties":{"class":"major","highway":"primary_link","sidewalk":"no","lanes":1,"name":"","oneway":true},"geometry":{"type":"LineString","coordinates":[[126.9921,37.51992],[126.9922,37.51997],[126.99223,37.52],[126.99224,37.52006],[126.99222,37.52011],[126.99211,37.52016]]}},{"type":"Feature","properties":{"class":"major","highway":"tertiary","sidewalk":"likely","lanes":2,"name":"녹사평대로","oneway":false},"geometry":{"type":"LineString","coordinates":[[126.99368,37.52181],[126.99371,37.52162],[126.99378,37.52105],[126.99393,37.5204],[126.99401,37.52014],[126.99407,37.51981],[126.99433,37.51907],[126.99437,37.51897]]}},{"type":"Feature","properties":{"class":"major","highway":"primary_link","sidewalk":"likely","lanes":1,"name":"","oneway":true},"geometry":{"type":"LineString","coordinates":[[126.99371,37.52192],[126.99377,37.52219]]}},{"type":"Feature","properties":{"class":"major","highway":"trunk","sidewalk":"likely","lanes":4,"name":"강변북로","oneway":true},"geometry":{"type":"LineString","coordinates":[[126.99935,37.52146],[126.99834,37.52107],[126.99794,37.52094]]}},{"type":"Feature","properties":{"class":"alley","highway":"service","sidewalk":"unknown","lanes":0,"name":"","oneway":false},"geometry":{"type":"LineString","coordinates":[[126.99038,37.52711],[126.99041,37.52704],[126.99042,37.52699],[126.99043,37.52696],[126.99043,37.52692],[126.99043,37.52689],[126.99041,37.52686],[126.9904,37.52684],[126.99038,37.52681],[126.99034,37.52677]]}},{"type":"Feature","properties":{"class":"alley","highway":"service","sidewalk":"unknown","lanes":0,"name":"","oneway":false},"geometry":{"type":"LineString","coordinates":[[126.9898,37.52715],[126.98972,37.52707],[126.9897,37.52705],[126.98969,37.52703],[126.98968,37.52701],[126.98968,37.52697],[126.98971,37.52673]]}},{"type":"Feature","properties":{"class":"alley","highway":"service","sidewalk":"unknown","lanes":0,"name":"","oneway":false},"geometry":{"type":"LineString","coordinates":[[126.98779,37.52695],[126.98782,37.5269],[126.98784,37.52685],[126.98786,37.52681],[126.98787,37.52677],[126.98788,37.52668],[126.98788,37.52654],[126.98789,37.52622],[126.9879,37.52619],[126.98788,37.5259],[126.98789,37.52585],[126.98792,37.52582],[126.98796,37.52581],[126.988,37.52581],[126.98805,37.52582],[126.98808,37.52584]]}},{"type":"Feature","properties":{"class":"alley","highway":"service","sidewalk":"unknown","lanes":0,"name":"","oneway":false},"geometry":{"type":"LineString","coordinates":[[126.98969,37.52672],[126.98964,37.52663],[126.98889,37.52658],[126.98823,37.52655]]}},{"type":"Feature","properties":{"class":"alley","highway":"service","sidewalk":"unknown","lanes":0,"name":"","oneway":false},"geometry":{"type":"LineString","coordinates":[[126.98969,37.52672],[126.98965,37.52679],[126.98896,37.52674],[126.98821,37.52671]]}},{"type":"Feature","properties":{"class":"alley","highway":"service","sidewalk":"unknown","lanes":0,"name":"","oneway":false},"geometry":{"type":"LineString","coordinates":[[126.98965,37.52679],[126.98958,37.52692],[126.98819,37.52686]]}},{"type":"Feature","properties":{"class":"alley","highway":"service","sidewalk":"unknown","lanes":0,"name":"","oneway":false},"geometry":{"type":"LineString","coordinates":[[126.98808,37.52584],[126.98804,37.52676],[126.98806,37.52679],[126.98809,37.52682],[126.98814,37.52684],[126.98819,37.52686]]}},{"type":"Feature","properties":{"class":"alley","highway":"service","sidewalk":"unknown","lanes":0,"name":"","oneway":false},"geometry":{"type":"LineString","coordinates":[[126.98808,37.52584],[126.98811,37.52583],[126.98816,37.52583],[126.98821,37.52585],[126.98823,37.52589],[126.9882,37.5262],[126.98823,37.52655],[126.98821,37.52671],[126.98819,37.52686]]}},{"type":"Feature","properties":{"class":"alley","highway":"service","sidewalk":"unknown","lanes":0,"name":"","oneway":false},"geometry":{"type":"LineString","coordinates":[[126.99064,37.52679],[126.99062,37.52665],[126.99058,37.52661],[126.99069,37.52648],[126.99071,37.52644],[126.99074,37.52596],[126.99087,37.52571],[126.99089,37.52529],[126.99103,37.52494]]}},{"type":"Feature","properties":{"class":"alley","highway":"service","sidewalk":"unknown","lanes":0,"name":"","oneway":false},"geometry":{"type":"LineString","coordinates":[[126.99069,37.52648],[126.98986,37.52644],[126.98986,37.52629],[126.98973,37.52614],[126.98968,37.52586],[126.98976,37.52462]]}},{"type":"Feature","properties":{"class":"alley","highway":"service","sidewalk":"unknown","lanes":0,"name":"","oneway":false},"geometry":{"type":"LineString","coordinates":[[126.99123,37.52593],[126.99129,37.52571],[126.99129,37.52561],[126.99127,37.52553],[126.99125,37.52543],[126.99121,37.5253],[126.99116,37.52516],[126.99108,37.52503],[126.99103,37.52494],[126.99102,37.52491],[126.99094,37.52476],[126.99089,37.5247],[126.99081,37.52467],[126.99077,37.52466],[126.99073,37.52466],[126.99061,37.52465],[126.99058,37.52465],[126.99044,37.52465],[126.99028,37.52466],[126.99018,37.52466],[126.99006,37.52466],[126.98999,37.52466],[126.98997,37.52466],[126.98988,37.52464],[126.98976,37.52462],[126.98963,37.5246],[126.98945,37.52458],[126.98927,37.52456],[126.98922,37.52456],[126.98913,37.52455],[126.98899,37.52453],[126.98888,37.52452],[126.98885,37.52452],[126.9887,37.52452],[126.98855,37.52452],[126.98851,37.52452],[126.98841,37.52453],[126.98837,37.52453],[126.98831,37.52453],[126.98826,37.52456],[126.98823,37.5246],[126.98821,37.52467]]}},{"type":"Feature","properties":{"class":"alley","highway":"service","sidewalk":"unknown","lanes":0,"name":"","oneway":false},"geometry":{"type":"LineString","coordinates":[[126.99032,37.52775],[126.99061,37.5277]]}},{"type":"Feature","properties":{"class":"alley","highway":"service","sidewalk":"unknown","lanes":0,"name":"","oneway":false},"geometry":{"type":"LineString","coordinates":[[126.99061,37.5277],[126.99062,37.52751],[126.99113,37.52754],[126.99112,37.5277],[126.99061,37.5277]]}},{"type":"Feature","properties":{"class":"alley","highway":"service","sidewalk":"unknown","lanes":0,"name":"","oneway":false},"geometry":{"type":"LineString","coordinates":[[126.98703,37.52766],[126.98702,37.52764],[126.98701,37.52762],[126.987,37.52759],[126.987,37.52749],[126.98701,37.52746],[126.98702,37.52743],[126.98704,37.52741],[126.98706,37.52739],[126.98711,37.52735],[126.98715,37.52732],[126.9872,37.5273],[126.98725,37.5273],[126.98731,37.52729],[126.98751,37.52729],[126.98756,37.52729],[126.9876,37.52728],[126.98763,37.52726],[126.98766,37.52724],[126.98768,37.5272],[126.9877,37.52718],[126.98772,37.52716],[126.98775,37.52715],[126.98779,37.52715],[126.98782,37.52715],[126.98803,37.5272]]}},{"type":"Feature","properties":{"class":"alley","highway":"service","sidewalk":"unknown","lanes":0,"name":"","oneway":false},"geometry":{"type":"LineString","coordinates":[[126.98498,37.52718],[126.98492,37.52698],[126.98488,37.52696],[126.98483,37.52694],[126.98478,37.52691],[126.98474,37.52689],[126.98469,37.52685],[126.98465,37.5268],[126.98459,37.52676],[126.98455,37.52671],[126.9845,37.52665],[126.98448,37.52662],[126.98464,37.52658]]}},{"type":"Feature","properties":{"class":"alley","highway":"service","sidewalk":"unknown","lanes":0,"name":"","oneway":false},"geometry":{"type":"LineString","coordinates":[[126.98492,37.52698],[126.98513,37.52692]]}},{"type":"Feature","properties":{"class":"alley","highway":"service","sidewalk":"unknown","lanes":0,"name":"","oneway":false},"geometry":{"type":"LineString","coordinates":[[126.98513,37.52692],[126.9851,37.52687],[126.98541,37.52677],[126.98548,37.5269],[126.98516,37.52699],[126.98513,37.52692]]}},{"type":"Feature","properties":{"class":"alley","highway":"service","sidewalk":"unknown","lanes":0,"name":"","oneway":false},"geometry":{"type":"LineString","coordinates":[[126.9853,37.5277],[126.9857,37.52759]]}},{"type":"Feature","properties":{"class":"alley","highway":"service","sidewalk":"unknown","lanes":0,"name":"","oneway":false},"geometry":{"type":"LineString","coordinates":[[126.98545,37.52802],[126.98532,37.52805],[126.98512,37.52764],[126.98525,37.5276]]}},{"type":"Feature","properties":{"class":"alley","highway":"service","sidewalk":"unknown","lanes":0,"name":"","oneway":false},"geometry":{"type":"LineString","coordinates":[[126.98657,37.52772],[126.98613,37.52758]]}},{"type":"Feature","properties":{"class":"alley","highway":"service","sidewalk":"unknown","lanes":0,"name":"","oneway":false},"geometry":{"type":"LineString","coordinates":[[126.9834,37.52781],[126.9836,37.52783],[126.98362,37.52783],[126.98363,37.52779],[126.98364,37.52777],[126.98365,37.52775],[126.98367,37.52774],[126.9837,37.52773],[126.98372,37.52773],[126.9838,37.52773]]}},{"type":"Feature","properties":{"class":"alley","highway":"service","sidewalk":"unknown","lanes":0,"name":"","oneway":false},"geometry":{"type":"LineString","coordinates":[[126.9836,37.52783],[126.98369,37.52791]]}},{"type":"Feature","properties":{"class":"alley","highway":"service","sidewalk":"unknown","lanes":0,"name":"","oneway":false},"geometry":{"type":"LineString","coordinates":[[126.98012,37.52797],[126.98101,37.52794],[126.98143,37.52793],[126.98149,37.52792],[126.98151,37.52792],[126.98155,37.52791],[126.98161,37.5279],[126.98167,37.5279],[126.98181,37.52789],[126.98184,37.52789]]}},{"type":"Feature","properties":{"class":"alley","highway":"service","sidewalk":"unknown","lanes":0,"name":"","oneway":false},"geometry":{"type":"LineString","coordinates":[[126.98101,37.52794],[126.98087,37.52779],[126.98066,37.52779],[126.98037,37.5278]]}},{"type":"Feature","properties":{"class":"alley","highway":"service","sidewalk":"unknown","lanes":0,"name":"","oneway":true},"geometry":{"type":"LineString","coordinates":[[126.98066,37.52779],[126.98032,37.52736]]}},{"type":"Feature","properties":{"class":"alley","highway":"service","sidewalk":"unknown","lanes":0,"name":"","oneway":true},"geometry":{"type":"LineString","coordinates":[[126.98032,37.52736],[126.98034,37.5276],[126.98037,37.5278]]}},{"type":"Feature","properties":{"class":"alley","highway":"service","sidewalk":"unknown","lanes":0,"name":"","oneway":true},"geometry":{"type":"LineString","coordinates":[[126.98087,37.52779],[126.98088,37.52769],[126.98042,37.52724],[126.98032,37.52736]]}},{"type":"Feature","properties":{"class":"alley","highway":"service","sidewalk":"unknown","lanes":0,"name":"","oneway":false},"geometry":{"type":"LineString","coordinates":[[126.98125,37.52621],[126.98128,37.52656],[126.98129,37.52674],[126.9813,37.52678],[126.98131,37.5268],[126.98132,37.52682],[126.98139,37.52692],[126.98141,37.52693],[126.98142,37.52696],[126.98149,37.52727],[126.98151,37.52732],[126.98153,37.52735],[126.98156,37.52739],[126.9816,37.52742],[126.98164,37.52745],[126.98168,37.52749],[126.98171,37.52753],[126.98175,37.52757],[126.98178,37.5276]]}},{"type":"Feature","properties":{"class":"alley","highway":"service","sidewalk":"unknown","lanes":0,"name":"","oneway":false},"geometry":{"type":"LineString","coordinates":[[126.98178,37.5276],[126.98177,37.52751],[126.98178,37.52747],[126.98179,37.52743],[126.9818,37.52739],[126.98184,37.52735],[126.98189,37.52733],[126.98193,37.52732]]}},{"type":"Feature","properties":{"class":"alley","highway":"service","sidewalk":"unknown","lanes":0,"name":"","oneway":false},"geometry":{"type":"LineString","coordinates":[[126.98184,37.52735],[126.98233,37.52734],[126.98232,37.52701]]}},{"type":"Feature","properties":{"class":"alley","highway":"service","sidewalk":"unknown","lanes":0,"name":"","oneway":false},"geometry":{"type":"LineString","coordinates":[[126.98193,37.52732],[126.98189,37.52678]]}},{"type":"Feature","properties":{"class":"alley","highway":"service","sidewalk":"unknown","lanes":0,"name":"","oneway":false},"geometry":{"type":"LineString","coordinates":[[126.98131,37.5268],[126.98176,37.52679],[126.98189,37.52678]]}},{"type":"Feature","properties":{"class":"alley","highway":"service","sidewalk":"unknown","lanes":0,"name":"","oneway":true},"geometry":{"type":"LineString","coordinates":[[126.98176,37.52679],[126.98175,37.5264],[126.98197,37.52639],[126.98198,37.52678],[126.98189,37.52678]]}},{"type":"Feature","properties":{"class":"alley","highway":"service","sidewalk":"unknown","lanes":0,"name":"","oneway":false},"geometry":{"type":"LineString","coordinates":[[126.98129,37.52674],[126.98102,37.52687],[126.98098,37.52687],[126.98092,37.52687],[126.98085,37.52686],[126.98082,37.52683],[126.9807,37.52669],[126.98065,37.5267]]}},{"type":"Feature","properties":{"class":"alley","highway":"service","sidewalk":"unknown","lanes":0,"name":"","oneway":false},"geometry":{"type":"LineString","coordinates":[[126.98042,37.52724],[126.98045,37.52717],[126.98047,37.52712],[126.98051,37.52708],[126.98056,37.52702],[126.98062,37.52698],[126.98069,37.52692],[126.98077,37.52688]]}},{"type":"Feature","properties":{"class":"alley","highway":"service","sidewalk":"unknown","lanes":0,"name":"","oneway":false},"geometry":{"type":"LineString","coordinates":[[126.98178,37.5276],[126.98179,37.52764],[126.9818,37.52766],[126.9818,37.52767],[126.98181,37.52789]]}},{"type":"Feature","properties":{"class":"alley","highway":"service","sidewalk":"unknown","lanes":0,"name":"","oneway":false},"geometry":{"type":"LineString","coordinates":[[126.98184,37.52789],[126.9819,37.52793],[126.98194,37.52796],[126.98197,37.52797],[126.98199,37.52798],[126.98201,37.52798],[126.98201,37.52808],[126.98201,37.52834]]}},{"type":"Feature","properties":{"class":"alley","highway":"service","sidewalk":"unknown","lanes":0,"name":"","oneway":false},"geometry":{"type":"LineString","coordinates":[[126.98374,37.52709],[126.9837,37.5264],[126.9837,37.52637],[126.98369,37.52635],[126.98367,37.52633],[126.98364,37.52631],[126.9836,37.5263],[126.98357,37.5263],[126.98347,37.5263]]}},{"type":"Feature","properties":{"class":"alley","highway":"service","sidewalk":"unknown","lanes":0,"name":"","oneway":false},"geometry":{"type":"LineString","coordinates":[[126.98351,37.52707],[126.98335,37.52706],[126.98328,37.52705],[126.98325,37.52704],[126.98321,37.52704],[126.98314,37.52702],[126.98308,37.527],[126.983,37.52698],[126.98297,37.52695],[126.98296,37.52692],[126.98295,37.52664],[126.98323,37.52664],[126.98338,37.52664],[126.98341,37.52664],[126.98343,37.52666],[126.98345,37.52667],[126.9835,37.52672]]}},{"type":"Feature","properties":{"class":"alley","highway":"service","sidewalk":"unknown","lanes":0,"name":"","oneway":false},"geometry":{"type":"LineString","coordinates":[[126.98295,37.52664],[126.98282,37.52664]]}},{"type":"Feature","properties":{"class":"alley","highway":"service","sidewalk":"unknown","lanes":0,"name":"","oneway":false},"geometry":{"type":"LineString","coordinates":[[126.98325,37.52704],[126.98323,37.52664]]}},{"type":"Feature","properties":{"class":"alley","highway":"service","sidewalk":"unknown","lanes":0,"name":"","oneway":false},"geometry":{"type":"LineString","coordinates":[[126.98407,37.52609],[126.98409,37.52584],[126.98409,37.52581],[126.98408,37.5258],[126.98407,37.52579],[126.98405,37.52578]]}},{"type":"Feature","properties":{"class":"alley","highway":"service","sidewalk":"unknown","lanes":0,"name":"","oneway":true},"geometry":{"type":"LineString","coordinates":[[126.98405,37.52578],[126.98399,37.52578],[126.98395,37.52578],[126.98391,37.52578],[126.98388,37.52578],[126.98385,37.52577],[126.98382,37.52575],[126.98381,37.52574],[126.98361,37.52538],[126.9836,37.52537],[126.98359,37.52535],[126.98359,37.52533],[126.98358,37.5253],[126.98359,37.52503],[126.98359,37.52501],[126.9836,37.52499],[126.98362,37.52498],[126.98364,37.52496],[126.98367,37.52496],[126.9837,37.52495],[126.98374,37.52495],[126.98377,37.52496],[126.98379,37.52497],[126.98381,37.52498],[126.98382,37.525],[126.9838,37.5253],[126.9838,37.52532],[126.98377,37.52532],[126.98361,37.52538]]}},{"type":"Feature","properties":{"class":"alley","highway":"service","sidewalk":"unknown","lanes":0,"name":"","oneway":true},"geometry":{"type":"LineString","coordinates":[[126.98377,37.52532],[126.9838,37.52533],[126.98382,37.52534],[126.98384,37.52536],[126.98405,37.52572],[126.98405,37.52574],[126.98405,37.52576],[126.98405,37.52578]]}},{"type":"Feature","properties":{"class":"alley","highway":"service","sidewalk":"unknown","lanes":0,"name":"","oneway":true},"geometry":{"type":"LineString","coordinates":[[126.98405,37.52578],[126.98439,37.5258],[126.98444,37.52581],[126.98447,37.52582],[126.98449,37.52584],[126.98451,37.52585],[126.98452,37.52587],[126.98457,37.52603],[126.98457,37.52605],[126.98455,37.52607],[126.98448,37.52611]]}},{"type":"Feature","properties":{"class":"alley","highway":"service","sidewalk":"unknown","lanes":0,"name":"","oneway":false},"geometry":{"type":"LineString","coordinates":[[126.98364,37.52496],[126.98355,37.52498],[126.98349,37.52499],[126.98344,37.52499],[126.98336,37.52501],[126.9833,37.52501],[126.98323,37.52502],[126.98315,37.52502],[126.98296,37.52504],[126.98274,37.52505],[126.98263,37.52505],[126.98253,37.52506],[126.98243,37.52506],[126.98232,37.52506],[126.98223,37.52505],[126.98216,37.52506],[126.98209,37.52506],[126.98201,37.52507],[126.98186,37.52507],[126.98179,37.52507],[126.98171,37.52507],[126.98165,37.52508],[126.98159,37.52508],[126.98149,37.52509],[126.98141,37.52509],[126.98132,37.5251],[126.98123,37.52511],[126.98115,37.52511],[126.98109,37.52512],[126.98101,37.52512],[126.98093,37.52512],[126.98084,37.52512],[126.98076,37.52512],[126.9807,37.52512],[126.9806,37.52512],[126.98054,37.52512],[126.98046,37.52512],[126.98037,37.52512],[126.98029,37.52512],[126.98025,37.52513],[126.9802,37.52516],[126.98015,37.52517],[126.98008,37.52518],[126.98001,37.5252],[126.97992,37.5252],[126.97988,37.52519],[126.97983,37.52518],[126.97977,37.52517],[126.97966,37.52517],[126.97958,37.52517],[126.97952,37.52518],[126.97944,37.52519],[126.97935,37.5252],[126.97929,37.52521],[126.97919,37.52522],[126.97913,37.52523],[126.97907,37.52523],[126.97901,37.52523],[126.97895,37.52524],[126.97889,37.52524],[126.97883,37.52524],[126.97878,37.52524],[126.97871,37.52525],[126.97866,37.52526],[126.97859,37.52527],[126.97853,37.52528],[126.97849,37.52528],[126.97844,37.52529],[126.9784,37.52528],[126.97837,37.52528],[126.97834,37.52528],[126.97832,37.52528],[126.97829,37.52529],[126.97826,37.5253],[126.97824,37.52529],[126.9782,37.52529],[126.97817,37.52528],[126.9781,37.52529],[126.97779,37.52531]]}},{"type":"Feature","properties":{"class":"alley","highway":"service","sidewalk":"unknown","lanes":0,"name":"","oneway":false},"geometry":{"type":"LineString","coordinates":[[126.98128,37.52656],[126.98115,37.52651],[126.98108,37.52639],[126.98087,37.52639]]}},{"type":"Feature","properties":{"class":"alley","highway":"service","sidewalk":"unknown","lanes":0,"name":"","oneway":false},"geometry":{"type":"LineString","coordinates":[[126.98314,37.52653],[126.98323,37.52653],[126.98334,37.52653]]}},{"type":"Feature","properties":{"class":"alley","highway":"service","sidewalk":"unknown","lanes":0,"name":"","oneway":false},"geometry":{"type":"LineString","coordinates":[[126.98323,37.52653],[126.98323,37.52642],[126.98323,37.5264],[126.98326,37.52638],[126.98328,37.52637],[126.98331,37.52636],[126.98335,37.52635],[126.98347,37.52634]]}},{"type":"Feature","properties":{"class":"alley","highway":"service","sidewalk":"unknown","lanes":0,"name":"","oneway":false},"geometry":{"type":"LineString","coordinates":[[126.98481,37.52412],[126.98498,37.52404]]}},{"type":"Feature","properties":{"class":"alley","highway":"service","sidewalk":"unknown","lanes":0,"name":"","oneway":false},"geometry":{"type":"LineString","coordinates":[[126.98664,37.52387],[126.98651,37.5239],[126.98644,37.52392],[126.98638,37.52394],[126.98634,37.52396],[126.98631,37.52398],[126.98627,37.52401],[126.98622,37.52405]]}},{"type":"Feature","properties":{"class":"alley","highway":"service","sidewalk":"unknown","lanes":0,"name":"","oneway":false},"geometry":{"type":"LineString","coordinates":[[126.98585,37.52405],[126.98569,37.52398]]}},{"type":"Feature","properties":{"class":"alley","highway":"service","sidewalk":"unknown","lanes":0,"name":"","oneway":false},"geometry":{"type":"LineString","coordinates":[[126.99081,37.52671],[126.991,37.52678],[126.99097,37.52707]]}},{"type":"Feature","properties":{"class":"alley","highway":"service","sidewalk":"unknown","lanes":0,"name":"","oneway":false},"geometry":{"type":"LineString","coordinates":[[126.991,37.52678],[126.99106,37.52673],[126.99131,37.52673],[126.99132,37.52659]]}},{"type":"Feature","properties":{"class":"alley","highway":"service","sidewalk":"unknown","lanes":0,"name":"","oneway":false},"geometry":{"type":"LineString","coordinates":[[126.98992,37.52674],[126.98993,37.5266]]}},{"type":"Feature","properties":{"class":"alley","highway":"service","sidewalk":"unknown","lanes":0,"name":"","oneway":false},"geometry":{"type":"LineString","coordinates":[[126.99094,37.52476],[126.99088,37.52455],[126.99066,37.52405],[126.99051,37.52402]]}},{"type":"Feature","properties":{"class":"alley","highway":"service","sidewalk":"unknown","lanes":0,"name":"","oneway":false},"geometry":{"type":"LineString","coordinates":[[126.99077,37.52466],[126.99054,37.52417],[126.99053,37.52416],[126.99051,37.52402]]}},{"type":"Feature","properties":{"class":"alley","highway":"service","sidewalk":"unknown","lanes":0,"name":"","oneway":false},"geometry":{"type":"LineString","coordinates":[[126.99058,37.52465],[126.99054,37.52446],[126.99054,37.52417]]}},{"type":"Feature","properties":{"class":"alley","highway":"service","sidewalk":"unknown","lanes":0,"name":"","oneway":false},"geometry":{"type":"LineString","coordinates":[[126.99051,37.52402],[126.99046,37.52397],[126.9904,37.52392],[126.99034,37.52389],[126.99029,37.52387],[126.99024,37.52385],[126.99017,37.52385],[126.98972,37.52379],[126.98937,37.52375],[126.98908,37.52372],[126.98901,37.52372],[126.98896,37.52372],[126.98891,37.52374],[126.98888,37.52376],[126.98885,37.52379],[126.9888,37.52432],[126.9888,37.52437],[126.98881,37.52442],[126.98883,37.52447],[126.98885,37.5245],[126.98888,37.52452]]}},{"type":"Feature","properties":{"class":"alley","highway":"service","sidewalk":"unknown","lanes":0,"name":"","oneway":false},"geometry":{"type":"LineString","coordinates":[[126.98922,37.52456],[126.98937,37.52375]]}},{"type":"Feature","properties":{"class":"alley","highway":"service","sidewalk":"unknown","lanes":0,"name":"","oneway":false},"geometry":{"type":"LineString","coordinates":[[126.9896,37.52344],[126.98978,37.52345],[126.9902,37.52348]]}},{"type":"Feature","properties":{"class":"alley","highway":"service","sidewalk":"unknown","lanes":0,"name":"","oneway":false},"geometry":{"type":"LineString","coordinates":[[126.98978,37.52345],[126.98972,37.52379]]}},{"type":"Feature","properties":{"class":"alley","highway":"service","sidewalk":"unknown","lanes":0,"name":"","oneway":false},"geometry":{"type":"LineString","coordinates":[[126.98993,37.52437],[126.99005,37.52438],[126.99034,37.52441]]}},{"type":"Feature","properties":{"class":"alley","highway":"service","sidewalk":"unknown","lanes":0,"name":"","oneway":false},"geometry":{"type":"LineString","coordinates":[[126.99005,37.52438],[126.98999,37.52466]]}},{"type":"Feature","properties":{"class":"alley","highway":"service","sidewalk":"unknown","lanes":0,"name":"","oneway":false},"geometry":{"type":"LineString","coordinates":[[126.98825,37.52516],[126.98829,37.52517],[126.98836,37.52521],[126.98839,37.52525],[126.98842,37.52529],[126.98841,37.52539],[126.98837,37.52547],[126.98835,37.52549],[126.98832,37.5255],[126.98807,37.52547],[126.98804,37.52546],[126.98802,37.52543],[126.98802,37.52536],[126.98804,37.52523],[126.98807,37.5252],[126.98815,37.52518],[126.98825,37.52516]]}},{"type":"Feature","properties":{"class":"alley","highway":"service","sidewalk":"unknown","lanes":0,"name":"","oneway":false},"geometry":{"type":"LineString","coordinates":[[126.98821,37.52467],[126.98813,37.52468],[126.98807,37.52468],[126.98786,37.52468],[126.98786,37.52507],[126.98784,37.52515],[126.98778,37.52522]]}},{"type":"Feature","properties":{"class":"alley","highway":"service","sidewalk":"unknown","lanes":0,"name":"","oneway":false},"geometry":{"type":"LineString","coordinates":[[126.98813,37.52468],[126.98808,37.52424]]}},{"type":"Feature","properties":{"class":"alley","highway":"service","sidewalk":"unknown","lanes":0,"name":"","oneway":false},"geometry":{"type":"LineString","coordinates":[[126.98888,37.52376],[126.98863,37.52374],[126.9886,37.52374],[126.98847,37.52373]]}},{"type":"Feature","properties":{"class":"alley","highway":"service","sidewalk":"unknown","lanes":0,"name":"","oneway":false},"geometry":{"type":"LineString","coordinates":[[126.98782,37.52428],[126.98788,37.52424],[126.98793,37.52422],[126.98797,37.5242],[126.98805,37.52419],[126.98815,37.52417],[126.98823,37.52416],[126.98827,37.52414],[126.9883,37.52412],[126.98833,37.5241],[126.98836,37.52407],[126.98839,37.52402],[126.98843,37.52395],[126.98843,37.5239],[126.98845,37.52382],[126.98847,37.52373],[126.98849,37.52367],[126.9885,37.52362],[126.9885,37.52358],[126.9885,37.52352]]}},{"type":"Feature","properties":{"class":"alley","highway":"service","sidewalk":"unknown","lanes":0,"name":"","oneway":false},"geometry":{"type":"LineString","coordinates":[[126.98837,37.52453],[126.98837,37.5243],[126.98836,37.52419],[126.9883,37.52412]]}},{"type":"Feature","properties":{"class":"alley","highway":"service","sidewalk":"unknown","lanes":0,"name":"","oneway":false},"geometry":{"type":"LineString","coordinates":[[126.98913,37.52323],[126.98914,37.5232],[126.98916,37.52316],[126.98918,37.52314],[126.98922,37.52312],[126.98925,37.52312],[126.98949,37.52311],[126.98952,37.52326]]}},{"type":"Feature","properties":{"class":"alley","highway":"service","sidewalk":"unknown","lanes":0,"name":"","oneway":false},"geometry":{"type":"LineString","coordinates":[[126.98876,37.5228],[126.98925,37.5228]]}},{"type":"Feature","properties":{"class":"alley","highway":"service","sidewalk":"unknown","lanes":0,"name":"","oneway":false},"geometry":{"type":"LineString","coordinates":[[126.98853,37.52223],[126.98886,37.52214],[126.98935,37.52226]]}},{"type":"Feature","properties":{"class":"alley","highway":"service","sidewalk":"unknown","lanes":0,"name":"","oneway":false},"geometry":{"type":"LineString","coordinates":[[126.98853,37.5218],[126.98852,37.52176],[126.98847,37.52166],[126.9887,37.52159],[126.98877,37.52174],[126.98853,37.5218]]}},{"type":"Feature","properties":{"class":"alley","highway":"service","sidewalk":"unknown","lanes":0,"name":"","oneway":false},"geometry":{"type":"LineString","coordinates":[[126.98852,37.52176],[126.98834,37.52181]]}},{"type":"Feature","properties":{"class":"alley","highway":"service","sidewalk":"unknown","lanes":0,"name":"","oneway":false},"geometry":{"type":"LineString","coordinates":[[126.98841,37.52096],[126.98903,37.52082],[126.98889,37.52049]]}},{"type":"Feature","properties":{"class":"alley","highway":"service","sidewalk":"unknown","lanes":0,"name":"","oneway":false},"geometry":{"type":"LineString","coordinates":[[126.98952,37.52136],[126.98977,37.52115],[126.98985,37.52121],[126.9899,37.52126],[126.98966,37.52146],[126.98952,37.52136]]}},{"type":"Feature","properties":{"class":"alley","highway":"service","sidewalk":"unknown","lanes":0,"name":"","oneway":false},"geometry":{"type":"LineString","coordinates":[[126.98985,37.52121],[126.99,37.52108]]}},{"type":"Feature","properties":{"class":"alley","highway":"service","sidewalk":"unknown","lanes":0,"name":"","oneway":false},"geometry":{"type":"LineString","coordinates":[[126.9901,37.52218],[126.9901,37.52204],[126.99035,37.52204],[126.99035,37.5221],[126.99035,37.52218],[126.9901,37.52218]]}},{"type":"Feature","properties":{"class":"alley","highway":"service","sidewalk":"unknown","lanes":0,"name":"","oneway":false},"geometry":{"type":"LineString","coordinates":[[126.99035,37.5221],[126.99053,37.52209]]}},{"type":"Feature","properties":{"class":"alley","highway":"service","sidewalk":"unknown","lanes":0,"name":"","oneway":false},"geometry":{"type":"LineString","coordinates":[[126.98825,37.52516],[126.98821,37.52511],[126.98818,37.52508],[126.98814,37.52504],[126.98812,37.525],[126.98812,37.52493],[126.98813,37.52483],[126.98815,37.52478],[126.98818,37.52472],[126.98821,37.52467],[126.98826,37.52468],[126.9883,37.5247],[126.98832,37.52472],[126.98832,37.52475],[126.98831,37.52506],[126.98829,37.52509],[126.98828,37.52511],[126.98825,37.52516]]}},{"type":"Feature","properties":{"class":"alley","highway":"service","sidewalk":"unknown","lanes":0,"name":"","oneway":false},"geometry":{"type":"LineString","coordinates":[[126.99159,37.52728],[126.99172,37.52728],[126.99175,37.52728],[126.99185,37.52729],[126.99194,37.5273],[126.99201,37.52731],[126.99214,37.52733],[126.99225,37.52736],[126.99234,37.52736],[126.99236,37.52735],[126.99244,37.52733],[126.99251,37.52731],[126.99256,37.5273],[126.99274,37.52725],[126.9928,37.52724],[126.9929,37.52721],[126.99298,37.52718],[126.99302,37.52714],[126.99304,37.52709],[126.99307,37.52696],[126.99309,37.52675],[126.99311,37.52659],[126.99311,37.52651],[126.99312,37.52643],[126.99311,37.5264],[126.99311,37.52637]]}},{"type":"Feature","properties":{"class":"alley","highway":"service","sidewalk":"unknown","lanes":0,"name":"","oneway":false},"geometry":{"type":"LineString","coordinates":[[126.99236,37.52735],[126.99236,37.52745],[126.99232,37.52795],[126.9923,37.528],[126.99227,37.52803],[126.99223,37.52806],[126.99219,37.52807],[126.99214,37.52808],[126.99207,37.52809],[126.99202,37.52809]]}},{"type":"Feature","properties":{"class":"alley","highway":"service","sidewalk":"unknown","lanes":0,"name":"","oneway":false},"geometry":{"type":"LineString","coordinates":[[126.9919,37.52808],[126.99192,37.52784]]}},{"type":"Feature","properties":{"class":"alley","highway":"service","sidewalk":"unknown","lanes":0,"name":"","oneway":false},"geometry":{"type":"LineString","coordinates":[[126.99198,37.52741],[126.99236,37.52745]]}},{"type":"Feature","properties":{"class":"alley","highway":"service","sidewalk":"unknown","lanes":0,"name":"","oneway":true},"geometry":{"type":"LineString","coordinates":[[126.99194,37.5273],[126.99196,37.52718],[126.99202,37.52674]]}},{"type":"Feature","properties":{"class":"alley","highway":"service","sidewalk":"unknown","lanes":0,"name":"","oneway":false},"geometry":{"type":"LineString","coordinates":[[126.99187,37.52713],[126.99187,37.5271],[126.99193,37.52658],[126.99205,37.52659]]}},{"type":"Feature","properties":{"class":"alley","highway":"service","sidewalk":"unknown","lanes":0,"name":"","oneway":false},"geometry":{"type":"LineString","coordinates":[[126.99249,37.52678],[126.99244,37.52733]]}},{"type":"Feature","properties":{"class":"alley","highway":"service","sidewalk":"unknown","lanes":0,"name":"","oneway":true},"geometry":{"type":"LineString","coordinates":[[126.99202,37.52674],[126.99216,37.52675],[126.99233,37.52677]]}},{"type":"Feature","properties":{"class":"alley","highway":"service","sidewalk":"unknown","lanes":0,"name":"","oneway":false},"geometry":{"type":"LineString","coordinates":[[126.99265,37.52648],[126.99256,37.5273]]}},{"type":"Feature","properties":{"class":"alley","highway":"service","sidewalk":"unknown","lanes":0,"name":"","oneway":false},"geometry":{"type":"LineString","coordinates":[[126.99286,37.52649],[126.9928,37.52724]]}},{"type":"Feature","properties":{"class":"alley","highway":"service","sidewalk":"unknown","lanes":0,"name":"","oneway":false},"geometry":{"type":"LineString","coordinates":[[126.99207,37.52644],[126.99219,37.52645],[126.99252,37.52647],[126.99265,37.52648],[126.99286,37.52649],[126.99311,37.52651]]}},{"type":"Feature","properties":{"class":"alley","highway":"service","sidewalk":"unknown","lanes":0,"name":"","oneway":false},"geometry":{"type":"LineString","coordinates":[[126.99311,37.5264],[126.99318,37.52637],[126.99321,37.52635],[126.99323,37.52631],[126.9933,37.52572]]}},{"type":"Feature","properties":{"class":"alley","highway":"service","sidewalk":"unknown","lanes":0,"name":"","oneway":true},"geometry":{"type":"LineString","coordinates":[[126.99416,37.52645],[126.99391,37.52643],[126.99365,37.52641],[126.99346,37.5264],[126.99342,37.5264],[126.99318,37.52637]]}},{"type":"Feature","properties":{"class":"alley","highway":"service","sidewalk":"unknown","lanes":0,"name":"","oneway":true},"geometry":{"type":"LineString","coordinates":[[126.99354,37.52574],[126.99353,37.52577],[126.99353,37.52581],[126.99348,37.52632],[126.99347,37.52635],[126.99345,37.52637],[126.99342,37.5264]]}},{"type":"Feature","properties":{"class":"alley","highway":"service","sidewalk":"unknown","lanes":0,"name":"","oneway":true},"geometry":{"type":"LineString","coordinates":[[126.99375,37.52576],[126.99375,37.52577],[126.99374,37.52579],[126.99367,37.52636],[126.99366,37.52638],[126.99365,37.52641]]}},{"type":"Feature","properties":{"class":"alley","highway":"service","sidewalk":"unknown","lanes":0,"name":"","oneway":true},"geometry":{"type":"LineString","coordinates":[[126.99401,37.52577],[126.99394,37.52634],[126.99393,37.52639],[126.99391,37.52643]]}},{"type":"Feature","properties":{"class":"alley","highway":"service","sidewalk":"unknown","lanes":0,"name":"","oneway":true},"geometry":{"type":"LineString","coordinates":[[126.99423,37.52579],[126.99427,37.52584],[126.99427,37.52587],[126.99427,37.5259],[126.99421,37.52639],[126.9942,37.52642],[126.99416,37.52645]]}},{"type":"Feature","properties":{"class":"alley","highway":"service","sidewalk":"unknown","lanes":0,"name":"","oneway":false},"geometry":{"type":"LineString","coordinates":[[126.9933,37.52572],[126.99354,37.52574],[126.99373,37.52575],[126.99375,37.52576],[126.99401,37.52577],[126.99423,37.52579],[126.99432,37.5258],[126.99435,37.52559]]}},{"type":"Feature","properties":{"class":"alley","highway":"service","sidewalk":"unknown","lanes":0,"name":"","oneway":false},"geometry":{"type":"LineString","coordinates":[[126.99373,37.52575],[126.99375,37.52558]]}},{"type":"Feature","properties":{"class":"alley","highway":"service","sidewalk":"unknown","lanes":0,"name":"","oneway":false},"geometry":{"type":"LineString","coordinates":[[126.99311,37.52637],[126.9931,37.52636],[126.99308,37.52634],[126.99306,37.52633],[126.99301,37.52631],[126.99295,37.5263],[126.99294,37.5263],[126.99289,37.52629],[126.99241,37.52626],[126.9921,37.52623]]}},{"type":"Feature","properties":{"class":"alley","highway":"service","sidewalk":"unknown","lanes":0,"name":"","oneway":false},"geometry":{"type":"LineString","coordinates":[[126.99241,37.52626],[126.99237,37.5262],[126.99218,37.52599],[126.99222,37.5259],[126.99224,37.52584],[126.99227,37.52578],[126.99231,37.52573],[126.99236,37.52567],[126.9924,37.52563],[126.99248,37.52558],[126.99253,37.52556],[126.99258,37.52555],[126.99265,37.52555],[126.99267,37.52555],[126.99298,37.52558],[126.99303,37.5256],[126.99305,37.52563],[126.99307,37.52565],[126.99309,37.52568],[126.99309,37.5257]]}},{"type":"Feature","properties":{"class":"alley","highway":"service","sidewalk":"unknown","lanes":0,"name":"","oneway":false},"geometry":{"type":"LineString","coordinates":[[126.9933,37.52572],[126.99326,37.52572],[126.99323,37.52571],[126.99319,37.52571],[126.99315,37.5257],[126.99309,37.5257],[126.99306,37.52571],[126.99304,37.52574],[126.99303,37.52577],[126.99302,37.52583],[126.99294,37.5263]]}},{"type":"Feature","properties":{"class":"alley","highway":"service","sidewalk":"unknown","lanes":0,"name":"","oneway":false},"geometry":{"type":"LineString","coordinates":[[126.99237,37.5262],[126.99256,37.52613],[126.99267,37.52555]]}},{"type":"Feature","properties":{"class":"alley","highway":"service","sidewalk":"unknown","lanes":0,"name":"","oneway":false},"geometry":{"type":"LineString","coordinates":[[126.99305,37.52563],[126.99307,37.52548]]}},{"type":"Feature","properties":{"class":"alley","highway":"service","sidewalk":"unknown","lanes":0,"name":"","oneway":false},"geometry":{"type":"LineString","coordinates":[[126.9929,37.52721],[126.99301,37.52721],[126.99312,37.52721],[126.99323,37.52721],[126.99332,37.5272],[126.9934,37.5272],[126.99353,37.5272],[126.99393,37.52722]]}},{"type":"Feature","properties":{"class":"alley","highway":"service","sidewalk":"unknown","lanes":0,"name":"","oneway":false},"geometry":{"type":"LineString","coordinates":[[126.99323,37.52721],[126.99326,37.52719],[126.99329,37.52717],[126.9933,37.52716],[126.99333,37.52713],[126.99334,37.5271],[126.99334,37.52707],[126.99335,37.52702],[126.99336,37.52691],[126.99337,37.52689],[126.99338,37.52687],[126.99339,37.52686],[126.99343,37.52686],[126.99394,37.52689]]}},{"type":"Feature","properties":{"class":"alley","highway":"service","sidewalk":"unknown","lanes":0,"name":"","oneway":false},"geometry":{"type":"LineString","coordinates":[[126.99335,37.52702],[126.99417,37.52708],[126.99423,37.52709],[126.99429,37.5271],[126.99434,37.52711],[126.99438,37.52713],[126.99441,37.52714],[126.99444,37.52715],[126.99446,37.52716],[126.99451,37.52716]]}},{"type":"Feature","properties":{"class":"alley","highway":"service","sidewalk":"unknown","lanes":0,"name":"","oneway":false},"geometry":{"type":"LineString","coordinates":[[126.99428,37.52737],[126.99447,37.52733],[126.99451,37.52716]]}},{"type":"Feature","properties":{"class":"alley","highway":"service","sidewalk":"unknown","lanes":0,"name":"","oneway":false},"geometry":{"type":"LineString","coordinates":[[126.99446,37.52716],[126.99448,37.52679]]}},{"type":"Feature","properties":{"class":"alley","highway":"service","sidewalk":"unknown","lanes":0,"name":"","oneway":false},"geometry":{"type":"LineString","coordinates":[[126.98345,37.52755],[126.98352,37.52756],[126.98356,37.52756],[126.98359,37.52758],[126.98363,37.5276],[126.98365,37.52761],[126.98366,37.52763],[126.98367,37.52766],[126.98367,37.52768],[126.98367,37.5277],[126.98367,37.52774]]}},{"type":"Feature","properties":{"class":"alley","highway":"living_street","sidewalk":"unknown","lanes":0,"name":"","oneway":false},"geometry":{"type":"LineString","coordinates":[[126.99081,37.52226],[126.99089,37.52226],[126.99193,37.5223],[126.99241,37.52243],[126.9924,37.52332],[126.99098,37.52349],[126.9909,37.5235]]}},{"type":"Feature","properties":{"class":"minor","highway":"residential","sidewalk":"unknown","lanes":0,"name":"","oneway":true},"geometry":{"type":"LineString","coordinates":[[126.99077,37.52166],[126.99066,37.52158],[126.99066,37.52157],[126.99059,37.52147],[126.99047,37.52133],[126.99032,37.52118],[126.99011,37.52101],[126.9899,37.52086],[126.98976,37.52074],[126.98965,37.52064],[126.98945,37.52041],[126.98932,37.52033]]}},{"type":"Feature","properties":{"class":"major","highway":"primary","sidewalk":"likely","lanes":0,"name":"서빙고로","oneway":true},"geometry":{"type":"LineString","coordinates":[[126.99935,37.52205],[126.99836,37.52164],[126.99751,37.52133],[126.99702,37.52114],[126.99669,37.52101],[126.99638,37.52088],[126.99544,37.52053],[126.99454,37.5202],[126.99445,37.52018],[126.99414,37.52011],[126.99386,37.52009]]}},{"type":"Feature","properties":{"class":"alley","highway":"service","sidewalk":"unknown","lanes":0,"name":"","oneway":false},"geometry":{"type":"LineString","coordinates":[[126.99073,37.52088],[126.99082,37.52088],[126.99092,37.52087],[126.99095,37.52084],[126.99102,37.52079],[126.99111,37.52072],[126.99116,37.52069],[126.99119,37.52067],[126.99122,37.52065],[126.99125,37.52065],[126.99129,37.52064],[126.99181,37.5206],[126.9921,37.5206],[126.99228,37.52061],[126.99248,37.52061],[126.99254,37.52061],[126.99257,37.52062],[126.99258,37.52063],[126.99259,37.52065],[126.99261,37.52082],[126.99116,37.52087]]}},{"type":"Feature","properties":{"class":"alley","highway":"service","sidewalk":"unknown","lanes":0,"name":"서빙고로57길","oneway":false},"geometry":{"type":"LineString","coordinates":[[126.99088,37.52041],[126.99092,37.52041],[126.99112,37.52041],[126.99141,37.5204],[126.99158,37.52038],[126.99177,37.52037],[126.99198,37.52034],[126.99233,37.52029],[126.99261,37.52026],[126.99301,37.52022],[126.99332,37.5202],[126.99346,37.52021]]}},{"type":"Feature","properties":{"class":"alley","highway":"service","sidewalk":"unknown","lanes":0,"name":"서빙고로59길","oneway":false},"geometry":{"type":"LineString","coordinates":[[126.99341,37.52043],[126.99328,37.5204],[126.99297,37.52041],[126.9923,37.52048]]}},{"type":"Feature","properties":{"class":"alley","highway":"service","sidewalk":"unknown","lanes":0,"name":"서빙고로59길","oneway":false},"geometry":{"type":"LineString","coordinates":[[126.99346,37.52016],[126.99346,37.52021],[126.99341,37.52043],[126.9934,37.52056],[126.99329,37.52099]]}},{"type":"Feature","properties":{"class":"major","highway":"primary_link","sidewalk":"likely","lanes":0,"name":"녹사평대로","oneway":true},"geometry":{"type":"LineString","coordinates":[[126.99352,37.52323],[126.99331,37.52379],[126.99312,37.52408],[126.99309,37.52414],[126.99276,37.52444]]}},{"type":"Feature","properties":{"class":"major","highway":"primary_link","sidewalk":"likely","lanes":0,"name":"녹사평대로","oneway":true},"geometry":{"type":"LineString","coordinates":[[126.99303,37.52408],[126.99311,37.52371],[126.9933,37.52321]]}},{"type":"Feature","properties":{"class":"major","highway":"primary_link","sidewalk":"likely","lanes":1,"name":"","oneway":true},"geometry":{"type":"LineString","coordinates":[[126.99361,37.52191],[126.99365,37.52185],[126.99368,37.52181]]}},{"type":"Feature","properties":{"class":"major","highway":"primary_link","sidewalk":"likely","lanes":1,"name":"","oneway":true},"geometry":{"type":"LineString","coordinates":[[126.99368,37.52181],[126.99371,37.52192]]}},{"type":"Feature","properties":{"class":"alley","highway":"service","sidewalk":"unknown","lanes":0,"name":"","oneway":true},"geometry":{"type":"LineString","coordinates":[[126.9885,37.5203],[126.98837,37.52034],[126.9883,37.5204],[126.9883,37.52041],[126.98827,37.52049],[126.98826,37.52054],[126.98826,37.52061]]}},{"type":"Feature","properties":{"class":"alley","highway":"service","sidewalk":"unknown","lanes":0,"name":"","oneway":true},"geometry":{"type":"LineString","coordinates":[[126.98819,37.52065],[126.98819,37.52058],[126.98817,37.52054],[126.98817,37.52052],[126.98817,37.52043],[126.98816,37.5204],[126.98813,37.52035],[126.98808,37.52032],[126.98803,37.52029]]}},{"type":"Feature","properties":{"class":"minor","highway":"unclassified","sidewalk":"unknown","lanes":0,"name":"X Corps Boulevard","oneway":false},"geometry":{"type":"LineString","coordinates":[[126.99131,37.52726],[126.99092,37.52724],[126.9907,37.52722],[126.99039,37.5272],[126.99027,37.5272],[126.99014,37.52718],[126.9898,37.52715],[126.98969,37.52714],[126.98843,37.52707],[126.98816,37.52704],[126.98782,37.52696],[126.98779,37.52695],[126.98703,37.52673],[126.98694,37.52671],[126.9862,37.52651],[126.98536,37.5263],[126.98525,37.52628],[126.98515,37.52625],[126.98499,37.52621],[126.98461,37.52614],[126.98448,37.52611],[126.98424,37.52609],[126.98407,37.52609],[126.98393,37.52609],[126.98346,37.52611],[126.98322,37.52612],[126.98239,37.52615],[126.98155,37.5262],[126.98125,37.52621],[126.98014,37.52622],[126.98006,37.52622]]}},{"type":"Feature","properties":{"class":"alley","highway":"service","sidewalk":"unknown","lanes":0,"name":"","oneway":false},"geometry":{"type":"LineString","coordinates":[[126.99018,37.52731],[126.99018,37.52728],[126.9902,37.52725],[126.99023,37.52722],[126.99027,37.5272]]}},{"type":"Feature","properties":{"class":"major","highway":"primary","sidewalk":"likely","lanes":4,"name":"녹사평대로","oneway":true},"geometry":{"type":"LineString","coordinates":[[126.99352,37.52276],[126.99404,37.51985],[126.99418,37.51937],[126.99431,37.51902],[126.99454,37.51848],[126.99548,37.51653],[126.99605,37.51533]]}},{"type":"Feature","properties":{"class":"major","highway":"primary","sidewalk":"likely","lanes":4,"name":"녹사평대로","oneway":true},"geometry":{"type":"LineString","coordinates":[[126.99615,37.51538],[126.9946,37.51862],[126.99447,37.51891],[126.99435,37.51917],[126.99424,37.51941],[126.9942,37.51952],[126.99411,37.51994],[126.9936,37.52277]]}},{"type":"Feature","properties":{"class":"alley","highway":"pedestrian","sidewalk":"unknown","lanes":0,"name":"","oneway":false},"geometry":{"type":"LineString","coordinates":[[126.97941,37.52323],[126.97941,37.52328],[126.97944,37.52363],[126.97963,37.52362],[126.98005,37.52359],[126.98004,37.52351],[126.98176,37.52343],[126.98176,37.5234],[126.98176,37.52338],[126.97998,37.52334],[126.97998,37.52328],[126.97998,37.52324],[126.97941,37.52323]]}},{"type":"Feature","properties":{"class":"major","highway":"primary","sidewalk":"likely","lanes":5,"name":"서빙고로","oneway":true},"geometry":{"type":"LineString","coordinates":[[126.99069,37.52033],[126.99031,37.52034],[126.99005,37.52034],[126.98973,37.52034]]}},{"type":"Feature","properties":{"class":"major","highway":"primary","sidewalk":"likely","lanes":5,"name":"서빙고로","oneway":true},"geometry":{"type":"LineString","coordinates":[[126.98939,37.52015],[126.99031,37.52015],[126.99067,37.52012]]}},{"type":"Feature","properties":{"class":"alley","highway":"service","sidewalk":"unknown","lanes":0,"name":"","oneway":false},"geometry":{"type":"LineString","coordinates":[[126.99205,37.52659],[126.99207,37.52644],[126.9921,37.52623]]}},{"type":"Feature","properties":{"class":"alley","highway":"service","sidewalk":"unknown","lanes":0,"name":"","oneway":false},"geometry":{"type":"LineString","coordinates":[[126.99249,37.52678],[126.99252,37.52647]]}},{"type":"Feature","properties":{"class":"alley","highway":"service","sidewalk":"unknown","lanes":0,"name":"","oneway":true},"geometry":{"type":"LineString","coordinates":[[126.99233,37.52677],[126.99225,37.52731],[126.99225,37.52736]]}},{"type":"Feature","properties":{"class":"alley","highway":"service","sidewalk":"unknown","lanes":0,"name":"","oneway":false},"geometry":{"type":"LineString","coordinates":[[126.99233,37.52677],[126.99249,37.52678]]}},{"type":"Feature","properties":{"class":"alley","highway":"service","sidewalk":"unknown","lanes":0,"name":"","oneway":false},"geometry":{"type":"LineString","coordinates":[[126.99194,37.52763],[126.99198,37.52741]]}},{"type":"Feature","properties":{"class":"alley","highway":"service","sidewalk":"unknown","lanes":0,"name":"","oneway":false},"geometry":{"type":"LineString","coordinates":[[126.99159,37.52728],[126.99145,37.52727],[126.99131,37.52726]]}},{"type":"Feature","properties":{"class":"alley","highway":"service","sidewalk":"unknown","lanes":0,"name":"녹사평대로11가길","oneway":false},"geometry":{"type":"LineString","coordinates":[[126.99354,37.52207],[126.99349,37.52206],[126.99345,37.52205],[126.99333,37.52203],[126.99321,37.522],[126.9931,37.52194],[126.993,37.52188],[126.99293,37.52185],[126.99288,37.52188],[126.99293,37.52201],[126.99296,37.52214],[126.99299,37.52235]]}},{"type":"Feature","properties":{"class":"major","highway":"primary","sidewalk":"likely","lanes":4,"name":"녹사평대로","oneway":true},"geometry":{"type":"LineString","coordinates":[[126.9936,37.52277],[126.99353,37.52302],[126.99341,37.52337],[126.99331,37.5236],[126.99323,37.52369]]}},{"type":"Feature","properties":{"class":"major","highway":"primary","sidewalk":"likely","lanes":4,"name":"녹사평대로","oneway":true},"geometry":{"type":"LineString","coordinates":[[126.99323,37.52369],[126.99323,37.52361],[126.99337,37.52325],[126.99348,37.52289],[126.99352,37.52276]]}},{"type":"Feature","properties":{"class":"major","highway":"trunk_link","sidewalk":"likely","lanes":0,"name":"","oneway":true},"geometry":{"type":"LineString","coordinates":[[126.99693,37.52076],[126.9965,37.52059],[126.99596,37.52035],[126.99546,37.52015],[126.99509,37.51988]]}},{"type":"Feature","properties":{"class":"major","highway":"trunk_link","sidewalk":"likely","lanes":0,"name":"","oneway":true},"geometry":{"type":"LineString","coordinates":[[126.99601,37.52014],[126.99645,37.52027],[126.9968,37.52038],[126.9971,37.52049]]}},{"type":"Feature","properties":{"class":"major","highway":"trunk_link","sidewalk":"likely","lanes":0,"name":"","oneway":true},"geometry":{"type":"LineString","coordinates":[[126.99961,37.52175],[126.99942,37.52167],[126.99912,37.52155],[126.99889,37.52143],[126.99853,37.52124]]}},{"type":"Feature","properties":{"class":"major","highway":"trunk_link","sidewalk":"likely","lanes":1,"name":"","oneway":true},"geometry":{"type":"LineString","coordinates":[[126.99569,37.51968],[126.99598,37.51988],[126.99636,37.52005],[126.99674,37.52022]]}},{"type":"Feature","properties":{"class":"major","highway":"trunk_link","sidewalk":"likely","lanes":1,"name":"","oneway":true},"geometry":{"type":"LineString","coordinates":[[126.99795,37.52074],[126.99839,37.52089]]}},{"type":"Feature","properties":{"class":"major","highway":"trunk_link","sidewalk":"likely","lanes":0,"name":"","oneway":true},"geometry":{"type":"LineString","coordinates":[[126.99601,37.52014],[126.99636,37.52019],[126.99649,37.52022],[126.9966,37.52024],[126.99671,37.52027],[126.99708,37.52041],[126.99734,37.52049]]}},{"type":"Feature","properties":{"class":"major","highway":"trunk_link","sidewalk":"likely","lanes":0,"name":"","oneway":true},"geometry":{"type":"LineString","coordinates":[[126.99531,37.51988],[126.99556,37.51999],[126.99575,37.52006],[126.99588,37.52011],[126.99601,37.52014]]}},{"type":"Feature","properties":{"class":"major","highway":"trunk_link","sidewalk":"likely","lanes":0,"name":"","oneway":true},"geometry":{"type":"LineString","coordinates":[[126.99674,37.52022],[126.99734,37.52049],[126.99795,37.52074]]}},{"type":"Feature","properties":{"class":"major","highway":"primary","sidewalk":"likely","lanes":6,"name":"서빙고로","oneway":true},"geometry":{"type":"LineString","coordinates":[[126.98932,37.52033],[126.9885,37.5203]]}},{"type":"Feature","properties":{"class":"major","highway":"primary","sidewalk":"likely","lanes":5,"name":"서빙고로","oneway":true},"geometry":{"type":"LineString","coordinates":[[126.98878,37.52012],[126.98939,37.52015]]}},{"type":"Feature","properties":{"class":"major","highway":"primary","sidewalk":"likely","lanes":1,"name":"서빙고로","oneway":true},"geometry":{"type":"LineString","coordinates":[[126.98878,37.52012],[126.98913,37.52023],[126.99005,37.52025],[126.99008,37.52026],[126.99009,37.52028],[126.99009,37.5203],[126.99008,37.52032],[126.99005,37.52034]]}},{"type":"Feature","properties":{"class":"major","highway":"primary","sidewalk":"likely","lanes":6,"name":"서빙고로","oneway":true},"geometry":{"type":"LineString","coordinates":[[126.9885,37.5203],[126.98803,37.52029]]}},{"type":"Feature","properties":{"class":"major","highway":"primary","sidewalk":"likely","lanes":4,"name":"서빙고로","oneway":true},"geometry":{"type":"LineString","coordinates":[[126.98973,37.52034],[126.98932,37.52033]]}},{"type":"Feature","properties":{"class":"alley","highway":"service","sidewalk":"unknown","lanes":0,"name":"서빙고로59길","oneway":false},"geometry":{"type":"LineString","coordinates":[[126.99348,37.52006],[126.99346,37.52016]]}},{"type":"Feature","properties":{"class":"alley","highway":"service","sidewalk":"unknown","lanes":0,"name":"서빙고로57길","oneway":false},"geometry":{"type":"LineString","coordinates":[[126.9907,37.52041],[126.99088,37.52041]]}},{"type":"Feature","properties":{"class":"alley","highway":"pedestrian","sidewalk":"unknown","lanes":0,"name":"","oneway":false},"geometry":{"type":"LineString","coordinates":[[126.99385,37.52148],[126.99396,37.52085],[126.99403,37.52045]]}},{"type":"Feature","properties":{"class":"alley","highway":"pedestrian","sidewalk":"unknown","lanes":0,"name":"","oneway":false},"geometry":{"type":"LineString","coordinates":[[126.99403,37.52045],[126.99421,37.51969]]}},{"type":"Feature","properties":{"class":"alley","highway":"pedestrian","sidewalk":"unknown","lanes":0,"name":"","oneway":false},"geometry":{"type":"LineString","coordinates":[[126.99392,37.52149],[126.99398,37.52149],[126.99394,37.52182],[126.99398,37.52199],[126.99393,37.52239],[126.99385,37.52284],[126.99377,37.52305],[126.9937,37.52323],[126.99368,37.52336],[126.99361,37.52349],[126.99358,37.5236],[126.99361,37.52364]]}},{"type":"Feature","properties":{"class":"major","highway":"trunk_link","sidewalk":"likely","lanes":0,"name":"","oneway":true},"geometry":{"type":"LineString","coordinates":[[126.99795,37.52074],[126.99835,37.52095]]}},{"type":"Feature","properties":{"class":"minor","highway":"residential","sidewalk":"unknown","lanes":0,"name":"이태원로27다길","oneway":false},"geometry":{"type":"LineString","coordinates":[[126.99512,37.53649],[126.99469,37.53623],[126.99447,37.53622],[126.99414,37.53626],[126.99381,37.5363],[126.99344,37.5363],[126.99309,37.53632],[126.99267,37.53642],[126.99239,37.53651],[126.99208,37.53668],[126.99195,37.53685],[126.99183,37.53704]]}},{"type":"Feature","properties":{"class":"minor","highway":"residential","sidewalk":"unknown","lanes":0,"name":"이태원로27길","oneway":false},"geometry":{"type":"LineString","coordinates":[[126.99561,37.53456],[126.9956,37.53462],[126.99532,37.53509]]}},{"type":"Feature","properties":{"class":"minor","highway":"residential","sidewalk":"unknown","lanes":0,"name":"이태원로27길","oneway":false},"geometry":{"type":"LineString","coordinates":[[126.99268,37.53574],[126.99285,37.53564],[126.9931,37.53562],[126.99337,37.53569],[126.99378,37.53572],[126.99397,37.53572]]}},{"type":"Feature","properties":{"class":"minor","highway":"residential","sidewalk":"unknown","lanes":0,"name":"이태원로27길","oneway":false},"geometry":{"type":"LineString","coordinates":[[126.99617,37.53518],[126.99605,37.53539],[126.9959,37.53552],[126.9956,37.53579],[126.99554,37.53581],[126.99504,37.5361]]}},{"type":"Feature","properties":{"class":"minor","highway":"residential","sidewalk":"unknown","lanes":0,"name":"이태원로27나길","oneway":false},"geometry":{"type":"LineString","coordinates":[[126.99658,37.53519],[126.99644,37.53531],[126.99641,37.53548],[126.99626,37.53569],[126.99584,37.536],[126.99536,37.53631]]}},{"type":"Feature","properties":{"class":"minor","highway":"residential","sidewalk":"unknown","lanes":0,"name":"이태원로27라길","oneway":false},"geometry":{"type":"LineString","coordinates":[[126.99275,37.53723],[126.99287,37.53704],[126.99334,37.53692],[126.99408,37.53695],[126.99429,37.53696],[126.9944,37.53699],[126.99447,37.53705],[126.99467,37.53725]]}},{"type":"Feature","properties":{"class":"minor","highway":"residential","sidewalk":"unknown","lanes":0,"name":"이태원로55길","oneway":false},"geometry":{"type":"LineString","coordinates":[[126.99599,37.53685],[126.99595,37.53702],[126.99584,37.53723],[126.99583,37.53734],[126.99585,37.53745],[126.99588,37.53755],[126.99603,37.53776],[126.99615,37.53788],[126.99625,37.53801]]}},{"type":"Feature","properties":{"class":"alley","highway":"service","sidewalk":"unknown","lanes":0,"name":"이태원로55길","oneway":false},"geometry":{"type":"LineString","coordinates":[[126.99537,37.53745],[126.99536,37.53764],[126.99532,37.53792]]}},{"type":"Feature","properties":{"class":"minor","highway":"residential","sidewalk":"unknown","lanes":0,"name":"이태원로55길","oneway":false},"geometry":{"type":"LineString","coordinates":[[126.99641,37.5361],[126.99652,37.53612],[126.99665,37.53618],[126.99673,37.53625],[126.99676,37.53628]]}},{"type":"Feature","properties":{"class":"minor","highway":"residential","sidewalk":"unknown","lanes":0,"name":"이태원로55길","oneway":false},"geometry":{"type":"LineString","coordinates":[[126.99746,37.53529],[126.99739,37.53554],[126.99747,37.53574],[126.99756,37.53598],[126.99754,37.53602],[126.99676,37.53628]]}},{"type":"Feature","properties":{"class":"minor","highway":"residential","sidewalk":"unknown","lanes":0,"name":"이태원로45길","oneway":false},"geometry":{"type":"LineString","coordinates":[[126.99765,37.53666],[126.9975,37.53687],[126.9975,37.53694],[126.99752,37.537],[126.99763,37.53713],[126.99791,37.53742],[126.99804,37.53754],[126.99816,37.53771],[126.99818,37.5379]]}},{"type":"Feature","properties":{"class":"minor","highway":"residential","sidewalk":"unknown","lanes":0,"name":"이태원로55길","oneway":false},"geometry":{"type":"LineString","coordinates":[[126.99539,37.5394],[126.99684,37.53863],[126.99731,37.53837],[126.99748,37.53837],[126.99839,37.53855]]}},{"type":"Feature","properties":{"class":"minor","highway":"residential","sidewalk":"unknown","lanes":0,"name":"이태원로55길","oneway":false},"geometry":{"type":"LineString","coordinates":[[126.99978,37.5378],[126.99971,37.53809],[127.00031,37.53848],[127.00045,37.53851],[127.00056,37.53848],[127.0008,37.53834]]}},{"type":"Feature","properties":{"class":"minor","highway":"residential","sidewalk":"unknown","lanes":0,"name":"이태원로55길","oneway":false},"geometry":{"type":"LineString","coordinates":[[126.99971,37.53809],[126.99919,37.53827],[126.99887,37.53837],[126.99864,37.53837],[126.99823,37.53826]]}},{"type":"Feature","properties":{"class":"minor","highway":"residential","sidewalk":"unknown","lanes":0,"name":"이태원로45길","oneway":false},"geometry":{"type":"LineString","coordinates":[[126.99961,37.53597],[126.99954,37.53602],[126.99922,37.53617],[126.999,37.53626]]}},{"type":"Feature","properties":{"class":"minor","highway":"residential","sidewalk":"unknown","lanes":0,"name":"이태원로55다길","oneway":false},"geometry":{"type":"LineString","coordinates":[[126.99795,37.53672],[126.99791,37.53687],[126.99793,37.53705],[126.99828,37.53739],[126.99881,37.53797]]}},{"type":"Feature","properties":{"class":"minor","highway":"residential","sidewalk":"unknown","lanes":0,"name":"이태원로55나길","oneway":false},"geometry":{"type":"LineString","coordinates":[[126.99814,37.53672],[126.99856,37.53725],[126.99918,37.5379]]}},{"type":"Feature","properties":{"class":"minor","highway":"residential","sidewalk":"no","lanes":0,"name":"이태원로49길","oneway":false},"geometry":{"type":"LineString","coordinates":[[126.99804,37.53754],[126.99828,37.53739],[126.99856,37.53725],[126.99882,37.53709],[126.99911,37.53698],[126.99994,37.53717],[127.00018,37.53704],[127.00048,37.53689],[127.00054,37.53686]]}},{"type":"Feature","properties":{"class":"minor","highway":"residential","sidewalk":"no","lanes":0,"name":"이태원로49길","oneway":false},"geometry":{"type":"LineString","coordinates":[[126.99847,37.53669],[126.99882,37.53709],[126.99948,37.53781]]}},{"type":"Feature","properties":{"class":"minor","highway":"residential","sidewalk":"no","lanes":0,"name":"이태원로49길","oneway":false},"geometry":{"type":"LineString","coordinates":[[126.99883,37.5366],[126.99911,37.53698],[126.9996,37.53749],[126.99983,37.53759]]}},{"type":"Feature","properties":{"class":"alley","highway":"service","sidewalk":"unknown","lanes":0,"name":"UN Boulevard","oneway":false},"geometry":{"type":"LineString","coordinates":[[126.98476,37.53677],[126.9845,37.53674],[126.9834,37.53665],[126.98327,37.53665],[126.98288,37.53662],[126.98247,37.53658],[126.98214,37.53654],[126.98198,37.53652],[126.98142,37.53648],[126.98104,37.53646],[126.9806,37.53643]]}},{"type":"Feature","properties":{"class":"alley","highway":"service","sidewalk":"unknown","lanes":0,"name":"","oneway":false},"geometry":{"type":"LineString","coordinates":[[126.98189,37.53802],[126.9819,37.5379]]}},{"type":"Feature","properties":{"class":"alley","highway":"service","sidewalk":"unknown","lanes":0,"name":"","oneway":false},"geometry":{"type":"LineString","coordinates":[[126.9845,37.53674],[126.98449,37.53694],[126.98448,37.53709],[126.98446,37.53725],[126.98444,37.53759],[126.98444,37.5376],[126.98421,37.53759],[126.98396,37.53758],[126.98366,37.53756],[126.98341,37.53755],[126.98322,37.53754],[126.9832,37.53754],[126.98325,37.53689],[126.98327,37.53665]]}},{"type":"Feature","properties":{"class":"alley","highway":"service","sidewalk":"unknown","lanes":0,"name":"","oneway":false},"geometry":{"type":"LineString","coordinates":[[126.98487,37.5367],[126.98488,37.5366],[126.98488,37.53649],[126.9849,37.53599],[126.9849,37.53595],[126.9849,37.53582],[126.9849,37.53579],[126.9849,37.53568],[126.98488,37.53559],[126.98483,37.53551],[126.98472,37.53535],[126.9847,37.53527],[126.98469,37.53521],[126.98468,37.53506],[126.98468,37.53501],[126.98467,37.53493],[126.98468,37.53484],[126.98469,37.53478]]}},{"type":"Feature","properties":{"class":"minor","highway":"residential","sidewalk":"unknown","lanes":0,"name":"우사단로","oneway":false},"geometry":{"type":"LineString","coordinates":[[126.99689,37.53024],[126.99682,37.53068],[126.99672,37.53129],[126.99671,37.53137]]}},{"type":"Feature","properties":{"class":"minor","highway":"residential","sidewalk":"unknown","lanes":0,"name":"우사단로10길","oneway":false},"geometry":{"type":"LineString","coordinates":[[126.99778,37.53426],[126.99783,37.5341],[126.99786,37.53399],[126.99785,37.53385],[126.99785,37.53372],[126.99793,37.53356],[126.99808,37.53341],[126.99815,37.53338],[126.99811,37.53333],[126.99803,37.53322],[126.99794,37.53308],[126.99788,37.53301]]}},{"type":"Feature","properties":{"class":"minor","highway":"residential","sidewalk":"unknown","lanes":0,"name":"녹사평대로","oneway":true},"geometry":{"type":"LineString","coordinates":[[126.9893,37.53281],[126.98931,37.53297],[126.98935,37.53303],[126.9894,37.53306],[126.98948,37.53307],[126.99059,37.53304]]}},{"type":"Feature","properties":{"class":"minor","highway":"residential","sidewalk":"unknown","lanes":0,"name":"녹사평대로32길","oneway":false},"geometry":{"type":"LineString","coordinates":[[126.99172,37.53147],[126.9914,37.53161],[126.99105,37.53208],[126.99059,37.53304]]}},{"type":"Feature","properties":{"class":"minor","highway":"residential","sidewalk":"unknown","lanes":0,"name":"이태원로26길","oneway":false},"geometry":{"type":"LineString","coordinates":[[126.99312,37.53392],[126.99342,37.53366],[126.99361,37.53346],[126.99372,37.53328],[126.99377,37.53305],[126.99373,37.53291],[126.99363,37.53269],[126.9937,37.53247],[126.99365,37.53235],[126.99357,37.53225]]}},{"type":"Feature","properties":{"class":"minor","highway":"residential","sidewalk":"unknown","lanes":0,"name":"이태원로20길","oneway":false},"geometry":{"type":"LineString","coordinates":[[126.99283,37.53258],[126.99253,37.53296],[126.99241,37.53316],[126.99231,37.53333],[126.9923,37.53334],[126.99219,37.53355],[126.99201,37.53377],[126.992,37.5338],[126.99201,37.53386]]}},{"type":"Feature","properties":{"class":"minor","highway":"residential","sidewalk":"unknown","lanes":0,"name":"보광로59길","oneway":false},"geometry":{"type":"LineString","coordinates":[[126.99037,37.53352],[126.9906,37.53361],[126.9909,37.53381],[126.99105,37.53382],[126.99162,37.53384],[126.99201,37.53386],[126.99226,37.5339],[126.99243,37.53391],[126.99289,37.53393],[126.99312,37.53392],[126.99407,37.53396]]}},{"type":"Feature","properties":{"class":"minor","highway":"residential","sidewalk":"unknown","lanes":0,"name":"녹사평대로26나길","oneway":false},"geometry":{"type":"LineString","coordinates":[[126.9937,37.53247],[126.99383,37.53242],[126.99397,37.53221],[126.99314,37.53167]]}},{"type":"Feature","properties":{"class":"alley","highway":"service","sidewalk":"unknown","lanes":0,"name":"Owen Avenue","oneway":false},"geometry":{"type":"LineString","coordinates":[[126.9906,37.52853],[126.9902,37.52861],[126.98981,37.52869],[126.98969,37.52873],[126.98946,37.52878],[126.98932,37.52881],[126.98921,37.52885],[126.98912,37.52892],[126.98904,37.52899],[126.98898,37.52905],[126.98893,37.52911],[126.98888,37.52917],[126.98884,37.52924],[126.98879,37.52936],[126.98878,37.52938],[126.98873,37.52948],[126.98863,37.52972],[126.98853,37.52988],[126.9885,37.52992],[126.98846,37.52999]]}},{"type":"Feature","properties":{"class":"major","highway":"primary","sidewalk":"likely","lanes":0,"name":"녹사평대로","oneway":false},"geometry":{"type":"LineString","coordinates":[[126.99132,37.52991],[126.99122,37.53004],[126.99091,37.53047],[126.9905,37.53104],[126.98993,37.53182]]}},{"type":"Feature","properties":{"class":"major","highway":"secondary","sidewalk":"likely","lanes":0,"name":"보광로","oneway":false},"geometry":{"type":"LineString","coordinates":[[126.99387,37.53445],[126.99407,37.53396],[126.99441,37.53305],[126.99464,37.53243],[126.99482,37.53194],[126.99493,37.53174],[126.99495,37.5317],[126.99506,37.53152]]}},{"type":"Feature","properties":{"class":"minor","highway":"residential","sidewalk":"unknown","lanes":0,"name":"녹사평대로26길","oneway":false},"geometry":{"type":"LineString","coordinates":[[126.99138,37.53055],[126.99147,37.53099],[126.99172,37.53147],[126.99214,37.53188],[126.99227,37.53187],[126.99295,37.53173],[126.99314,37.53167],[126.99333,37.5316],[126.9937,37.53147],[126.99389,37.53145],[126.99404,37.53143],[126.99506,37.53152]]}},{"type":"Feature","properties":{"class":"major","highway":"tertiary","sidewalk":"likely","lanes":0,"name":"신흥로","oneway":false},"geometry":{"type":"LineString","coordinates":[[126.98682,37.53842],[126.98673,37.53865],[126.98668,37.53881],[126.98662,37.53914],[126.98661,37.5392],[126.98653,37.53952],[126.98654,37.53971],[126.98657,37.53992],[126.98661,37.54004],[126.98668,37.5402],[126.9869,37.54069],[126.98703,37.54107],[126.98704,37.5411],[126.98716,37.54137],[126.98727,37.54169],[126.98735,37.54195],[126.98748,37.54242],[126.98751,37.5425],[126.98763,37.54283],[126.98767,37.54295],[126.98775,37.54325],[126.98776,37.5433],[126.98774,37.54339],[126.98769,37.54342],[126.98759,37.54353],[126.98744,37.54367],[126.98729,37.54387],[126.98721,37.54399],[126.98695,37.54415],[126.98687,37.54432],[126.9868,37.54442],[126.98671,37.54457]]}},{"type":"Feature","properties":{"class":"major","highway":"secondary","sidewalk":"likely","lanes":0,"name":"회나무로","oneway":false},"geometry":{"type":"LineString","coordinates":[[126.98682,37.53842],[126.98695,37.53837],[126.98705,37.53837],[126.9872,37.53837],[126.9878,37.53857],[126.98856,37.53883],[126.98857,37.53884],[126.98862,37.53887],[126.98926,37.53924],[126.98934,37.53931],[126.98949,37.53941],[126.98956,37.53944],[126.98968,37.53948],[126.99006,37.53963],[126.99009,37.53964],[126.99011,37.53964],[126.99023,37.53966],[126.99046,37.53971],[126.99058,37.53972],[126.99069,37.53972],[126.99085,37.53971],[126.99149,37.53972],[126.9916,37.53978],[126.99197,37.5399]]}},{"type":"Feature","properties":{"class":"minor","highway":"residential","sidewalk":"unknown","lanes":0,"name":"우사단로10가길","oneway":false},"geometry":{"type":"LineString","coordinates":[[126.997,37.53425],[126.99703,37.53406],[126.99703,37.53401],[126.99703,37.53391],[126.997,37.53376],[126.99699,37.5337],[126.997,37.53356],[126.99706,37.53322]]}},{"type":"Feature","properties":{"class":"minor","highway":"residential","sidewalk":"unknown","lanes":0,"name":"우사단로12길","oneway":false},"geometry":{"type":"LineString","coordinates":[[126.99562,37.53356],[126.99699,37.5337]]}},{"type":"Feature","properties":{"class":"minor","highway":"residential","sidewalk":"unknown","lanes":0,"name":"우사단로10길","oneway":true},"geometry":{"type":"LineString","coordinates":[[126.99705,37.53193],[126.99702,37.5321],[126.99708,37.53224],[126.99711,37.53239],[126.99711,37.53257],[126.99714,37.5327],[126.99721,37.53281],[126.99734,37.53312]]}},{"type":"Feature","properties":{"class":"minor","highway":"residential","sidewalk":"unknown","lanes":0,"name":"이태원로14길","oneway":false},"geometry":{"type":"LineString","coordinates":[[126.99012,37.53424],[126.99014,37.53418],[126.99032,37.53378],[126.99047,37.53372],[126.9906,37.53361],[126.99083,37.53331],[126.99107,37.5332],[126.99123,37.53306],[126.99125,37.53295],[126.99126,37.53292],[126.99128,37.53269],[126.99132,37.53257],[126.99136,37.53247],[126.99156,37.53228],[126.99178,37.53213],[126.99185,37.532],[126.99195,37.5319],[126.99214,37.53188]]}},{"type":"Feature","properties":{"class":"major","highway":"primary_link","sidewalk":"likely","lanes":0,"name":"","oneway":true},"geometry":{"type":"LineString","coordinates":[[126.98777,37.53423],[126.98758,37.53435],[126.98749,37.53444],[126.98737,37.53458],[126.98734,37.53463],[126.98727,37.53478]]}},{"type":"Feature","properties":{"class":"minor","highway":"residential","sidewalk":"unknown","lanes":0,"name":"녹사평대로40길","oneway":true},"geometry":{"type":"LineString","coordinates":[[126.98675,37.5371],[126.98693,37.53677],[126.98701,37.53666],[126.98704,37.53644],[126.98713,37.53573],[126.98716,37.53549],[126.9872,37.53531],[126.98726,37.53512],[126.9873,37.53504],[126.98731,37.53502],[126.98736,37.53492],[126.98747,37.53478],[126.98759,37.53465],[126.98771,37.53453],[126.98789,37.53439],[126.988,37.53446],[126.98801,37.53449],[126.98829,37.53448],[126.98844,37.53448],[126.98875,37.53437],[126.98892,37.53441],[126.98948,37.53433],[126.9895,37.53425],[126.98944,37.5342]]}},{"type":"Feature","properties":{"class":"major","highway":"primary","sidewalk":"likely","lanes":8,"name":"녹사평대로","oneway":false},"geometry":{"type":"LineString","coordinates":[[126.98682,37.53842],[126.98674,37.53805],[126.98673,37.53801],[126.98673,37.53795],[126.98672,37.53786],[126.98672,37.5378],[126.98671,37.53771],[126.98672,37.53756],[126.98675,37.5371],[126.98681,37.53648]]}},{"type":"Feature","properties":{"class":"major","highway":"secondary","sidewalk":"likely","lanes":0,"name":"이태원로","oneway":false},"geometry":{"type":"LineString","coordinates":[[126.98815,37.53413],[126.98888,37.53419],[126.98944,37.5342],[126.98992,37.53423],[126.99012,37.53424],[126.99024,37.53425],[126.99088,37.5343],[126.99123,37.53433],[126.99193,37.53436],[126.99201,37.53437],[126.99214,37.53437],[126.99251,37.5344],[126.99285,37.53441],[126.99343,37.53443],[126.9938,37.53445],[126.99387,37.53445]]}},{"type":"Feature","properties":{"class":"major","highway":"secondary","sidewalk":"likely","lanes":0,"name":"이태원로","oneway":false},"geometry":{"type":"LineString","coordinates":[[126.98756,37.53432],[126.98777,37.53423],[126.98796,37.53416],[126.98815,37.53413]]}},{"type":"Feature","properties":{"class":"minor","highway":"residential","sidewalk":"unknown","lanes":0,"name":"회나무로6길","oneway":false},"geometry":{"type":"LineString","coordinates":[[126.98862,37.53887],[126.98862,37.53879],[126.98863,37.53852],[126.98864,37.53841],[126.98878,37.53794],[126.98882,37.53785]]}},{"type":"Feature","properties":{"class":"minor","highway":"residential","sidewalk":"unknown","lanes":0,"name":"회나무로44길","oneway":false},"geometry":{"type":"LineString","coordinates":[[126.99071,37.53677],[126.99081,37.53685],[126.99136,37.53691],[126.99183,37.53704],[126.99207,37.53714],[126.99235,37.53716],[126.99275,37.53723],[126.9931,37.53735],[126.99342,37.53751],[126.99421,37.53782],[126.99449,37.538],[126.99477,37.53808],[126.99502,37.53814],[126.99521,37.53834],[126.99531,37.53852],[126.99534,37.53871],[126.99535,37.53883],[126.9953,37.53919],[126.99532,37.53933],[126.99539,37.5394],[126.99554,37.53957],[126.99588,37.53983],[126.99597,37.53988],[126.99674,37.54037],[126.99683,37.54046],[126.99684,37.54057],[126.99684,37.54089]]}},{"type":"Feature","properties":{"class":"minor","highway":"residential","sidewalk":"unknown","lanes":0,"name":"회나무로13길","oneway":false},"geometry":{"type":"LineString","coordinates":[[126.98981,37.54331],[126.99019,37.54304],[126.99024,37.54287],[126.9901,37.54238],[126.98997,37.54198],[126.9899,37.54174],[126.98983,37.5415],[126.98981,37.54145],[126.98978,37.5413],[126.98976,37.54124],[126.9897,37.54097],[126.98965,37.54076],[126.98963,37.54066],[126.98964,37.54057],[126.98964,37.54054],[126.98961,37.54043],[126.98957,37.5401],[126.98952,37.5399],[126.98943,37.53949],[126.98934,37.53931]]}},{"type":"Feature","properties":{"class":"minor","highway":"residential","sidewalk":"unknown","lanes":0,"name":"녹사평대로46길","oneway":false},"geometry":{"type":"LineString","coordinates":[[126.98672,37.53756],[126.98726,37.53738],[126.98772,37.53728],[126.9881,37.5372],[126.98825,37.53724],[126.98842,37.53733],[126.98854,37.5375],[126.98857,37.53754],[126.98882,37.53785],[126.98891,37.5379],[126.98958,37.538],[126.98991,37.53803],[126.99023,37.53791],[126.99042,37.53777],[126.99049,37.53761],[126.99059,37.53707],[126.99071,37.53677]]}},{"type":"Feature","properties":{"class":"major","highway":"primary","sidewalk":"likely","lanes":0,"name":"녹사평대로","oneway":false},"geometry":{"type":"LineString","coordinates":[[126.98716,37.53476],[126.98732,37.5345],[126.98828,37.53373]]}},{"type":"Feature","properties":{"class":"major","highway":"primary","sidewalk":"likely","lanes":0,"name":"녹사평대로","oneway":false},"geometry":{"type":"LineString","coordinates":[[126.98828,37.53373],[126.98879,37.53327],[126.98906,37.53296],[126.98993,37.53182]]}},{"type":"Feature","properties":{"class":"major","highway":"primary_link","sidewalk":"likely","lanes":0,"name":"","oneway":true},"geometry":{"type":"LineString","coordinates":[[126.98993,37.53182],[126.98949,37.53253],[126.9893,37.53281],[126.9889,37.53336],[126.9887,37.53358],[126.98865,37.53363],[126.98833,37.53389],[126.98815,37.53413]]}},{"type":"Feature","properties":{"class":"major","highway":"primary_link","sidewalk":"likely","lanes":0,"name":"","oneway":true},"geometry":{"type":"LineString","coordinates":[[126.98681,37.53648],[126.98675,37.53612]]}},{"type":"Feature","properties":{"class":"major","highway":"primary_link","sidewalk":"likely","lanes":0,"name":"","oneway":true},"geometry":{"type":"LineString","coordinates":[[126.98709,37.53455],[126.9872,37.53459],[126.98725,37.53463],[126.98727,37.53467],[126.98727,37.53478]]}},{"type":"Feature","properties":{"class":"major","highway":"primary_link","sidewalk":"likely","lanes":0,"name":"","oneway":true},"geometry":{"type":"LineString","coordinates":[[126.98815,37.53413],[126.98808,37.53395],[126.98807,37.53383],[126.98808,37.53378]]}},{"type":"Feature","properties":{"class":"major","highway":"primary_link","sidewalk":"likely","lanes":0,"name":"","oneway":true},"geometry":{"type":"LineString","coordinates":[[126.98675,37.53612],[126.98681,37.53534],[126.98683,37.53515],[126.98689,37.53499],[126.98702,37.53474],[126.98709,37.53455]]}},{"type":"Feature","properties":{"class":"major","highway":"primary_link","sidewalk":"likely","lanes":0,"name":"","oneway":true},"geometry":{"type":"LineString","coordinates":[[126.98709,37.53455],[126.98752,37.53422],[126.98808,37.53378],[126.98811,37.53373],[126.9882,37.53361],[126.98866,37.53323],[126.98894,37.5329],[126.98913,37.53268],[126.98935,37.53241],[126.98993,37.53182]]}},{"type":"Feature","properties":{"class":"alley","highway":"pedestrian","sidewalk":"unknown","lanes":0,"name":"","oneway":false},"geometry":{"type":"LineString","coordinates":[[126.98644,37.53492],[126.98664,37.53485],[126.98689,37.53477],[126.98692,37.53477],[126.98693,37.53477],[126.98694,37.53478],[126.98694,37.5348],[126.98691,37.53482],[126.9869,37.5349],[126.98679,37.53486],[126.98663,37.53488],[126.98662,37.53496],[126.98666,37.53497],[126.98668,37.53499],[126.98668,37.53501],[126.98654,37.53498],[126.98641,37.53512],[126.98635,37.53509],[126.98631,37.5351],[126.98633,37.53503],[126.98634,37.53495],[126.98644,37.53492]]}},{"type":"Feature","properties":{"class":"minor","highway":"residential","sidewalk":"unknown","lanes":0,"name":"","oneway":false},"geometry":{"type":"LineString","coordinates":[[126.99289,37.53393],[126.99279,37.53398],[126.99264,37.53403],[126.99237,37.53409]]}},{"type":"Feature","properties":{"class":"minor","highway":"residential","sidewalk":"unknown","lanes":0,"name":"이태원로15길","oneway":false},"geometry":{"type":"LineString","coordinates":[[126.99012,37.53424],[126.99016,37.53431],[126.9902,37.53437],[126.99041,37.53442],[126.99048,37.53447],[126.99051,37.53454],[126.99046,37.53476],[126.99037,37.53496],[126.99017,37.53548],[126.99008,37.53553],[126.98981,37.53565]]}},{"type":"Feature","properties":{"class":"minor","highway":"residential","sidewalk":"unknown","lanes":0,"name":"이태원로27길","oneway":false},"geometry":{"type":"LineString","coordinates":[[126.99378,37.53572],[126.99378,37.53573],[126.99375,37.53584],[126.99371,37.53605],[126.99332,37.53599],[126.99313,37.53599],[126.99288,37.53604],[126.99272,37.53611],[126.99262,37.53621],[126.99267,37.53642]]}},{"type":"Feature","properties":{"class":"minor","highway":"residential","sidewalk":"unknown","lanes":0,"name":"녹사평대로40길","oneway":false},"geometry":{"type":"LineString","coordinates":[[126.98992,37.53423],[126.98989,37.53428],[126.98986,37.53434],[126.98976,37.53451],[126.98967,37.53457],[126.98943,37.53464],[126.98927,37.53467],[126.98913,37.53463],[126.98905,37.53455],[126.98894,37.53448],[126.98892,37.53441],[126.98885,37.53452],[126.98884,37.53462],[126.98896,37.53472],[126.98911,37.53482],[126.98907,37.53488],[126.98892,37.53489],[126.98889,37.53493],[126.98882,37.53502]]}},{"type":"Feature","properties":{"class":"minor","highway":"residential","sidewalk":"unknown","lanes":0,"name":"보광로55길","oneway":false},"geometry":{"type":"LineString","coordinates":[[126.99253,37.53296],[126.99333,37.53302],[126.99377,37.53305]]}},{"type":"Feature","properties":{"class":"minor","highway":"residential","sidewalk":"unknown","lanes":0,"name":"이태원로16길","oneway":false},"geometry":{"type":"LineString","coordinates":[[126.99088,37.5343],[126.99089,37.53424],[126.99091,37.53411],[126.99105,37.53382],[126.99119,37.53363],[126.99139,37.5335],[126.99146,37.53343],[126.99157,37.53327],[126.99158,37.53326],[126.99152,37.53321],[126.99162,37.53299],[126.99179,37.53295],[126.9918,37.53267],[126.99179,37.53256],[126.99194,37.53228],[126.99194,37.53228],[126.99178,37.53213]]}},{"type":"Feature","properties":{"class":"minor","highway":"residential","sidewalk":"unknown","lanes":0,"name":"녹사평대로","oneway":false},"geometry":{"type":"LineString","coordinates":[[126.9889,37.53336],[126.98925,37.53334],[126.99054,37.53328]]}},{"type":"Feature","properties":{"class":"minor","highway":"residential","sidewalk":"unknown","lanes":0,"name":"녹사평대로","oneway":false},"geometry":{"type":"LineString","coordinates":[[126.98993,37.53182],[126.99051,37.5319],[126.99105,37.53208],[126.99156,37.53228]]}},{"type":"Feature","properties":{"class":"minor","highway":"residential","sidewalk":"unknown","lanes":0,"name":"이태원로26길","oneway":false},"geometry":{"type":"LineString","coordinates":[[126.99333,37.53302],[126.99329,37.53319],[126.99328,37.5333],[126.99329,37.53347],[126.99333,37.53357]]}},{"type":"Feature","properties":{"class":"minor","highway":"residential","sidewalk":"unknown","lanes":0,"name":"","oneway":false},"geometry":{"type":"LineString","coordinates":[[126.99241,37.53316],[126.99214,37.53309],[126.99203,37.53311],[126.99183,37.53302],[126.99179,37.53295]]}},{"type":"Feature","properties":{"class":"minor","highway":"residential","sidewalk":"unknown","lanes":0,"name":"대사관로5길","oneway":false},"geometry":{"type":"LineString","coordinates":[[126.99998,37.53575],[127.00023,37.53544],[127.00061,37.53505],[127.00076,37.53486],[127.00077,37.53471],[127.00073,37.5346],[127.00045,37.53433]]}},{"type":"Feature","properties":{"class":"minor","highway":"residential","sidewalk":"unknown","lanes":0,"name":"이태원로55가길","oneway":false},"geometry":{"type":"LineString","coordinates":[[126.99978,37.5378],[126.99983,37.53759],[126.99994,37.53717]]}},{"type":"Feature","properties":{"class":"minor","highway":"residential","sidewalk":"unknown","lanes":0,"name":"이태원로42길","oneway":false},"geometry":{"type":"LineString","coordinates":[[126.99887,37.53537],[126.99901,37.53531],[126.99911,37.53533],[126.99998,37.53575],[127.00084,37.53657],[127.0012,37.53703],[127.00193,37.53796]]}},{"type":"Feature","properties":{"class":"minor","highway":"residential","sidewalk":"unknown","lanes":0,"name":"이태원로19길","oneway":false},"geometry":{"type":"LineString","coordinates":[[126.99241,37.53618],[126.99224,37.5362],[126.99197,37.5363],[126.99185,37.5363],[126.99172,37.53639],[126.99145,37.53647],[126.9912,37.53657],[126.99071,37.53677]]}},{"type":"Feature","properties":{"class":"minor","highway":"residential","sidewalk":"unknown","lanes":0,"name":"이태원로45길","oneway":false},"geometry":{"type":"LineString","coordinates":[[126.9969,37.53637],[126.99676,37.53628]]}},{"type":"Feature","properties":{"class":"minor","highway":"residential","sidewalk":"unknown","lanes":0,"name":"이태원로27길","oneway":false},"geometry":{"type":"LineString","coordinates":[[126.9941,37.53556],[126.99498,37.53561],[126.99519,37.53561],[126.99536,37.53553],[126.99546,37.53548],[126.99557,37.53539],[126.99567,37.53529],[126.99572,37.53519]]}},{"type":"Feature","properties":{"class":"minor","highway":"residential","sidewalk":"unknown","lanes":0,"name":"이태원로55가길","oneway":false},"geometry":{"type":"LineString","coordinates":[[127.00061,37.53826],[127.00055,37.53798],[127.00021,37.53751],[126.99994,37.53717]]}},{"type":"Feature","properties":{"class":"minor","highway":"residential","sidewalk":"unknown","lanes":0,"name":"이태원로","oneway":false},"geometry":{"type":"LineString","coordinates":[[126.99532,37.53509],[126.99443,37.53501],[126.99448,37.53454],[126.99449,37.53449]]}},{"type":"Feature","properties":{"class":"minor","highway":"residential","sidewalk":"unknown","lanes":0,"name":"이태원로27가길","oneway":false},"geometry":{"type":"LineString","coordinates":[[126.99185,37.53487],[126.99224,37.53492],[126.99243,37.53494],[126.99265,37.53494],[126.99269,37.53494],[126.99336,37.53498],[126.99443,37.53501]]}},{"type":"Feature","properties":{"class":"minor","highway":"residential","sidewalk":"unknown","lanes":0,"name":"이태원로19길","oneway":false},"geometry":{"type":"LineString","coordinates":[[126.99193,37.53436],[126.99192,37.53443],[126.99185,37.53487],[126.99181,37.5352],[126.99172,37.53539],[126.99165,37.53558],[126.99163,37.53561],[126.99142,37.53577]]}},{"type":"Feature","properties":{"class":"minor","highway":"residential","sidewalk":"no","lanes":1,"name":"이태원로","oneway":false},"geometry":{"type":"LineString","coordinates":[[126.99343,37.53443],[126.99342,37.53449],[126.99336,37.53498]]}},{"type":"Feature","properties":{"class":"alley","highway":"service","sidewalk":"unknown","lanes":0,"name":"1st Corps Boulevard","oneway":false},"geometry":{"type":"LineString","coordinates":[[126.974,37.53778],[126.97437,37.53779],[126.9745,37.53779],[126.97527,37.53782],[126.97575,37.53783],[126.97766,37.53789],[126.97846,37.53792],[126.97861,37.53793],[126.97907,37.53794],[126.97927,37.53795],[126.98022,37.53798],[126.98051,37.53798]]}},{"type":"Feature","properties":{"class":"alley","highway":"service","sidewalk":"unknown","lanes":0,"name":"","oneway":false},"geometry":{"type":"LineString","coordinates":[[126.97997,37.54037],[126.98009,37.54042],[126.9803,37.5406],[126.98036,37.54063],[126.98044,37.54068],[126.98048,37.54068],[126.98065,37.5407],[126.98071,37.54071],[126.9812,37.54077],[126.98164,37.54083],[126.98172,37.54083],[126.98203,37.54085],[126.98209,37.54085],[126.98219,37.54083],[126.98222,37.54083],[126.98245,37.54084],[126.98249,37.54084],[126.98253,37.54084],[126.98257,37.54082],[126.9826,37.54081],[126.98261,37.54079],[126.98261,37.54077],[126.98262,37.54076],[126.98262,37.54074],[126.98262,37.54071],[126.98262,37.54068],[126.98261,37.54064],[126.98259,37.5406],[126.98257,37.54056],[126.98252,37.54046],[126.98249,37.54041],[126.98247,37.54037],[126.98244,37.54034],[126.98238,37.54025],[126.98229,37.54016],[126.9822,37.54007],[126.98213,37.53989],[126.98216,37.53956],[126.98221,37.53933],[126.98226,37.53919],[126.98233,37.53907],[126.98239,37.53895],[126.98244,37.53888],[126.9825,37.53881]]}},{"type":"Feature","properties":{"class":"alley","highway":"service","sidewalk":"unknown","lanes":0,"name":"Ellison Street","oneway":false},"geometry":{"type":"LineString","coordinates":[[126.98046,37.53868],[126.98077,37.53872],[126.98112,37.53876],[126.98156,37.53879],[126.9825,37.53881],[126.98273,37.53882]]}},{"type":"Feature","properties":{"class":"alley","highway":"service","sidewalk":"unknown","lanes":0,"name":"","oneway":false},"geometry":{"type":"LineString","coordinates":[[126.98647,37.53555],[126.98645,37.53566],[126.98642,37.53572],[126.9864,37.53587],[126.98638,37.536],[126.98637,37.53605],[126.98634,37.53638],[126.98632,37.53679],[126.98631,37.53687],[126.98627,37.53693],[126.98614,37.53707],[126.98613,37.53708],[126.98596,37.5372],[126.98586,37.53724],[126.98578,37.53728]]}},{"type":"Feature","properties":{"class":"alley","highway":"service","sidewalk":"unknown","lanes":0,"name":"","oneway":false},"geometry":{"type":"LineString","coordinates":[[126.98009,37.54042],[126.98017,37.54035],[126.98025,37.54026],[126.98037,37.54005],[126.98043,37.53997],[126.98048,37.53983],[126.98056,37.53962],[126.98062,37.53938],[126.98063,37.53934],[126.98071,37.53927],[126.98082,37.53924],[126.98142,37.53928],[126.98221,37.53933]]}},{"type":"Feature","properties":{"class":"alley","highway":"service","sidewalk":"unknown","lanes":0,"name":"","oneway":false},"geometry":{"type":"LineString","coordinates":[[126.98043,37.53997],[126.98099,37.53988],[126.98213,37.53989]]}},{"type":"Feature","properties":{"class":"alley","highway":"service","sidewalk":"unknown","lanes":0,"name":"Flopes Street","oneway":false},"geometry":{"type":"LineString","coordinates":[[126.98571,37.53925],[126.98551,37.53932],[126.98523,37.53941],[126.98517,37.53942],[126.98511,37.53943],[126.98501,37.53942],[126.98494,37.53942],[126.98484,37.53945],[126.98465,37.53953],[126.98454,37.53954],[126.98431,37.53949],[126.98414,37.53948]]}},{"type":"Feature","properties":{"class":"alley","highway":"service","sidewalk":"unknown","lanes":0,"name":"","oneway":false},"geometry":{"type":"LineString","coordinates":[[126.98494,37.53942],[126.98482,37.53927],[126.98479,37.53926],[126.98443,37.53923]]}},{"type":"Feature","properties":{"class":"alley","highway":"service","sidewalk":"unknown","lanes":0,"name":"","oneway":false},"geometry":{"type":"LineString","coordinates":[[126.98368,37.53908],[126.9832,37.53909],[126.98272,37.53907]]}},{"type":"Feature","properties":{"class":"alley","highway":"service","sidewalk":"unknown","lanes":0,"name":"","oneway":false},"geometry":{"type":"LineString","coordinates":[[126.98135,37.53746],[126.98142,37.53648]]}},{"type":"Feature","properties":{"class":"alley","highway":"service","sidewalk":"unknown","lanes":0,"name":"IX Corps Boulevard","oneway":false},"geometry":{"type":"LineString","coordinates":[[126.98023,37.53042],[126.98067,37.53048],[126.98141,37.53059],[126.98169,37.53064],[126.98184,37.53066],[126.98188,37.53067],[126.98207,37.53072],[126.98227,37.53082],[126.9828,37.53108],[126.98342,37.53139],[126.98396,37.53166],[126.98408,37.53173],[126.98436,37.5319],[126.98456,37.53202],[126.98511,37.53244],[126.98542,37.53267],[126.98546,37.5327],[126.9855,37.53273],[126.98551,37.53276],[126.98553,37.53279],[126.98554,37.53283],[126.98557,37.53287],[126.98558,37.53291]]}},{"type":"Feature","properties":{"class":"alley","highway":"service","sidewalk":"unknown","lanes":0,"name":"","oneway":false},"geometry":{"type":"LineString","coordinates":[[126.98337,37.53216],[126.98373,37.53206],[126.98387,37.53205],[126.9842,37.53206],[126.98425,37.53204],[126.98429,37.53199],[126.98436,37.5319]]}},{"type":"Feature","properties":{"class":"alley","highway":"service","sidewalk":"unknown","lanes":0,"name":"","oneway":false},"geometry":{"type":"LineString","coordinates":[[126.98333,37.53241],[126.98494,37.53254],[126.98501,37.53252],[126.98511,37.53244]]}},{"type":"Feature","properties":{"class":"alley","highway":"service","sidewalk":"unknown","lanes":0,"name":"","oneway":false},"geometry":{"type":"LineString","coordinates":[[126.98333,37.53241],[126.98321,37.53239],[126.98311,37.53234],[126.98249,37.53199],[126.9824,37.53196],[126.98226,37.53197],[126.98215,37.53202],[126.98189,37.53228]]}},{"type":"Feature","properties":{"class":"alley","highway":"service","sidewalk":"unknown","lanes":0,"name":"Moor Street","oneway":false},"geometry":{"type":"LineString","coordinates":[[126.98744,37.52958],[126.98669,37.52989],[126.98637,37.52998],[126.98623,37.53],[126.98596,37.52997],[126.98588,37.52997],[126.98511,37.52991],[126.98499,37.52991],[126.98491,37.52994],[126.98483,37.53],[126.98479,37.53016]]}},{"type":"Feature","properties":{"class":"alley","highway":"service","sidewalk":"unknown","lanes":0,"name":"","oneway":false},"geometry":{"type":"LineString","coordinates":[[126.98408,37.53173],[126.98426,37.53138],[126.98433,37.53134],[126.98437,37.53134],[126.98444,37.53134],[126.98458,37.53141],[126.98462,37.53149],[126.98459,37.53159],[126.98456,37.53164],[126.98436,37.5319]]}},{"type":"Feature","properties":{"class":"alley","highway":"service","sidewalk":"unknown","lanes":2,"name":"","oneway":false},"geometry":{"type":"LineString","coordinates":[[126.98437,37.53134],[126.98434,37.53114],[126.98428,37.53081],[126.98429,37.53073],[126.98434,37.53062],[126.98438,37.53043],[126.98439,37.53039],[126.98441,37.53036],[126.98443,37.53033],[126.98446,37.5303],[126.98449,37.53026],[126.98454,37.53023],[126.9846,37.53021],[126.98465,37.53019],[126.98479,37.53016],[126.98572,37.53023],[126.98594,37.53037],[126.986,37.53047],[126.98607,37.53054],[126.98618,37.53056],[126.98631,37.53056],[126.98731,37.53036],[126.98739,37.53036],[126.98745,37.53039],[126.98747,37.53045],[126.98752,37.53061],[126.98753,37.53069],[126.98751,37.53076]]}},{"type":"Feature","properties":{"class":"alley","highway":"service","sidewalk":"unknown","lanes":0,"name":"","oneway":false},"geometry":{"type":"LineString","coordinates":[[126.98596,37.52997],[126.98598,37.52979],[126.98598,37.52957],[126.98571,37.52872]]}},{"type":"Feature","properties":{"class":"alley","highway":"service","sidewalk":"unknown","lanes":0,"name":"","oneway":false},"geometry":{"type":"LineString","coordinates":[[126.98293,37.53387],[126.9828,37.53387],[126.98272,37.53385],[126.98267,37.53385],[126.98225,37.5338],[126.98216,37.53379]]}},{"type":"Feature","properties":{"class":"alley","highway":"service","sidewalk":"unknown","lanes":0,"name":"Jensen Street","oneway":false},"geometry":{"type":"LineString","coordinates":[[126.98293,37.53387],[126.98388,37.53383],[126.98389,37.53383],[126.98412,37.53383],[126.98475,37.53388]]}},{"type":"Feature","properties":{"class":"alley","highway":"service","sidewalk":"unknown","lanes":0,"name":"8th Army Drive","oneway":false},"geometry":{"type":"LineString","coordinates":[[126.97961,37.5413],[126.97968,37.54111],[126.9798,37.5408],[126.97997,37.54037],[126.98011,37.54003],[126.9803,37.53943],[126.98043,37.53906],[126.98046,37.53868],[126.98046,37.53863],[126.98047,37.53851],[126.98051,37.53798],[126.98053,37.53766],[126.98057,37.53705],[126.9806,37.53647],[126.9806,37.53643],[126.98061,37.53641],[126.98064,37.53585]]}},{"type":"Feature","properties":{"class":"alley","highway":"service","sidewalk":"unknown","lanes":0,"name":"Dunn Street","oneway":false},"geometry":{"type":"LineString","coordinates":[[126.98601,37.54014],[126.98579,37.54023],[126.98575,37.54024],[126.98552,37.54031],[126.98518,37.54039],[126.985,37.5404],[126.98482,37.54041],[126.98475,37.54035],[126.9847,37.54031],[126.9846,37.54031],[126.98419,37.54029],[126.98411,37.54024],[126.98407,37.54019],[126.98395,37.54014],[126.98389,37.54013],[126.98377,37.54011],[126.98373,37.54011],[126.98347,37.54009],[126.98336,37.54006],[126.98317,37.54001],[126.98278,37.53993],[126.98271,37.53991],[126.98268,37.53985],[126.9827,37.53965],[126.9827,37.53945],[126.98271,37.53928],[126.98272,37.53907],[126.98273,37.53882],[126.98274,37.53872],[126.98279,37.53821]]}},{"type":"Feature","properties":{"class":"alley","highway":"service","sidewalk":"unknown","lanes":0,"name":"Gaines Ave","oneway":false},"geometry":{"type":"LineString","coordinates":[[126.98578,37.53728],[126.98574,37.53733],[126.98573,37.53739],[126.98573,37.53742],[126.98571,37.53763],[126.9857,37.53788],[126.98568,37.53803]]}},{"type":"Feature","properties":{"class":"alley","highway":"service","sidewalk":"unknown","lanes":0,"name":"","oneway":false},"geometry":{"type":"LineString","coordinates":[[126.98517,37.53337],[126.98474,37.53319],[126.98442,37.53319],[126.98403,37.53331],[126.98358,37.53332],[126.98325,37.53328],[126.98311,37.53317]]}},{"type":"Feature","properties":{"class":"alley","highway":"service","sidewalk":"unknown","lanes":0,"name":"7th Division Road","oneway":false},"geometry":{"type":"LineString","coordinates":[[126.9865,37.53216],[126.98649,37.53212],[126.98648,37.53208],[126.98647,37.53202],[126.98647,37.53195],[126.98648,37.53192],[126.98649,37.53189],[126.98651,37.53186],[126.98655,37.53185],[126.9866,37.53185],[126.98665,37.53187],[126.98667,37.5319],[126.98668,37.53194],[126.98666,37.53198],[126.98662,37.53204],[126.98658,37.5321],[126.9865,37.53216],[126.98648,37.53221],[126.98646,37.53225],[126.98644,37.53228],[126.98641,37.53232],[126.98638,37.53234],[126.98635,37.53235],[126.98631,37.53236],[126.98624,37.53237],[126.98618,37.53237],[126.98611,37.53237],[126.98607,37.53237],[126.98605,37.53238],[126.98603,37.53238],[126.98599,37.53241],[126.98596,37.53245],[126.9859,37.53258],[126.98579,37.53272],[126.98568,37.53285],[126.98563,37.53288],[126.98558,37.53291],[126.98555,37.53294],[126.9855,37.53298],[126.98545,37.53302],[126.98542,37.53304],[126.98539,37.53305],[126.98536,37.53306],[126.98533,37.53307],[126.9853,37.53313],[126.98529,37.53318],[126.98528,37.53324],[126.98527,37.53329],[126.98524,37.53333],[126.9852,37.53336],[126.98517,37.53337],[126.98501,37.53353],[126.98497,37.5336],[126.98481,37.5338],[126.98475,37.53388]]}},{"type":"Feature","properties":{"class":"alley","highway":"service","sidewalk":"unknown","lanes":0,"name":"Malloy Road","oneway":false},"geometry":{"type":"LineString","coordinates":[[126.98678,37.52825],[126.98622,37.52845],[126.98568,37.52864],[126.98503,37.52886],[126.98502,37.52886],[126.98477,37.52894],[126.98451,37.52908],[126.98443,37.52913],[126.98362,37.52966],[126.98347,37.52976],[126.98342,37.52979],[126.98314,37.53004],[126.98312,37.53005],[126.98277,37.53035],[126.98265,37.53046],[126.98243,37.53065],[126.98241,37.53067],[126.98236,37.5307],[126.98227,37.53082]]}},{"type":"Feature","properties":{"class":"alley","highway":"service","sidewalk":"unknown","lanes":0,"name":"","oneway":false},"geometry":{"type":"LineString","coordinates":[[126.98932,37.52881],[126.98934,37.52872],[126.98945,37.52854],[126.98946,37.52851],[126.98945,37.52849],[126.98944,37.52845],[126.98943,37.52843],[126.98941,37.52842],[126.98939,37.52841],[126.98937,37.5284],[126.98885,37.52826]]}},{"type":"Feature","properties":{"class":"alley","highway":"service","sidewalk":"unknown","lanes":0,"name":"","oneway":false},"geometry":{"type":"LineString","coordinates":[[126.98846,37.52999],[126.98855,37.53024],[126.98854,37.53036],[126.98848,37.53046],[126.98809,37.53072],[126.98806,37.53074],[126.98794,37.53076],[126.98758,37.53078],[126.98751,37.53076]]}},{"type":"Feature","properties":{"class":"alley","highway":"service","sidewalk":"unknown","lanes":0,"name":"","oneway":false},"geometry":{"type":"LineString","coordinates":[[126.98846,37.52999],[126.98833,37.52996],[126.98818,37.52999],[126.98756,37.5303],[126.98745,37.53039]]}},{"type":"Feature","properties":{"class":"alley","highway":"service","sidewalk":"unknown","lanes":0,"name":"Johnson Street","oneway":false},"geometry":{"type":"LineString","coordinates":[[126.9847,37.53451],[126.98387,37.53444],[126.98359,37.53438],[126.98334,37.53437],[126.98309,37.53435],[126.9829,37.53437]]}},{"type":"Feature","properties":{"class":"alley","highway":"service","sidewalk":"unknown","lanes":0,"name":"Mayo Street","oneway":false},"geometry":{"type":"LineString","coordinates":[[126.98011,37.53176],[126.97946,37.53174],[126.97896,37.53171],[126.97865,37.53168],[126.97861,37.53168],[126.97858,37.53166],[126.97855,37.53164],[126.97852,37.5316]]}},{"type":"Feature","properties":{"class":"alley","highway":"service","sidewalk":"unknown","lanes":0,"name":"","oneway":false},"geometry":{"type":"LineString","coordinates":[[126.9851,37.53559],[126.98514,37.53555],[126.98517,37.53553],[126.98522,37.5355],[126.98525,37.53548],[126.98528,37.53545],[126.98531,37.53541],[126.98532,37.53536],[126.98533,37.53524],[126.98534,37.53521],[126.98536,37.5352],[126.98539,37.53519],[126.98545,37.5352],[126.98583,37.53521],[126.98586,37.53523],[126.98589,37.53525],[126.9859,37.53528],[126.9859,37.53532],[126.9859,37.53535],[126.98587,37.53579],[126.98582,37.53587],[126.98577,37.53587],[126.98541,37.53584],[126.98531,37.53583],[126.98511,37.53582],[126.9851,37.53582]]}},{"type":"Feature","properties":{"class":"minor","highway":"residential","sidewalk":"unknown","lanes":0,"name":"이태원로27길","oneway":false},"geometry":{"type":"LineString","coordinates":[[126.99425,37.53543],[126.9936,37.53536]]}},{"type":"Feature","properties":{"class":"minor","highway":"residential","sidewalk":"unknown","lanes":0,"name":"","oneway":false},"geometry":{"type":"LineString","coordinates":[[126.99208,37.53223],[126.99194,37.53228]]}},{"type":"Feature","properties":{"class":"minor","highway":"residential","sidewalk":"unknown","lanes":0,"name":"녹사평대로26가길","oneway":false},"geometry":{"type":"LineString","coordinates":[[126.99283,37.53258],[126.99249,37.53243],[126.99208,37.53223],[126.99215,37.53216],[126.99221,37.53195],[126.99214,37.53188]]}},{"type":"Feature","properties":{"class":"alley","highway":"service","sidewalk":"unknown","lanes":0,"name":"이태원로20길","oneway":false},"geometry":{"type":"LineString","coordinates":[[126.99201,37.53386],[126.99206,37.53392],[126.99205,37.53404],[126.99201,37.53413],[126.99203,37.53415]]}},{"type":"Feature","properties":{"class":"alley","highway":"pedestrian","sidewalk":"unknown","lanes":0,"name":"보광로51길","oneway":false},"geometry":{"type":"LineString","coordinates":[[126.99397,37.53221],[126.99409,37.53218],[126.99422,37.53215],[126.99432,37.53208],[126.99435,37.53202],[126.99443,37.53188],[126.99453,37.53182],[126.99463,37.53183],[126.9947,37.53183],[126.99479,37.53177],[126.99493,37.53174]]}},{"type":"Feature","properties":{"class":"minor","highway":"residential","sidewalk":"unknown","lanes":0,"name":"보광로55길","oneway":false},"geometry":{"type":"LineString","coordinates":[[126.99377,37.53305],[126.99393,37.53303]]}},{"type":"Feature","properties":{"class":"minor","highway":"residential","sidewalk":"unknown","lanes":0,"name":"보광로55길","oneway":false},"geometry":{"type":"LineString","coordinates":[[126.99425,37.53304],[126.99441,37.53305]]}},{"type":"Feature","properties":{"class":"minor","highway":"residential","sidewalk":"unknown","lanes":0,"name":"보광로55길","oneway":false},"geometry":{"type":"LineString","coordinates":[[126.99425,37.53304],[126.99424,37.53292],[126.99419,37.53281],[126.99406,37.53254]]}},{"type":"Feature","properties":{"class":"minor","highway":"residential","sidewalk":"unknown","lanes":0,"name":"회나무로12나길","oneway":false},"geometry":{"type":"LineString","coordinates":[[126.99062,37.53865],[126.99067,37.53833],[126.99091,37.53819],[126.99101,37.53816],[126.9911,37.53817],[126.99128,37.5381],[126.99149,37.5381],[126.99156,37.53811],[126.9916,37.53808],[126.99197,37.53778],[126.99203,37.53778]]}},{"type":"Feature","properties":{"class":"minor","highway":"residential","sidewalk":"unknown","lanes":0,"name":"회나무로28길","oneway":false},"geometry":{"type":"LineString","coordinates":[[126.99175,37.5396],[126.99178,37.53935],[126.99197,37.53927]]}},{"type":"Feature","properties":{"class":"minor","highway":"residential","sidewalk":"unknown","lanes":0,"name":"회나무로44나길","oneway":false},"geometry":{"type":"LineString","coordinates":[[126.99392,37.5383],[126.99246,37.53738],[126.99207,37.53714]]}},{"type":"Feature","properties":{"class":"minor","highway":"residential","sidewalk":"unknown","lanes":0,"name":"녹사평대로","oneway":false},"geometry":{"type":"LineString","coordinates":[[126.98704,37.53644],[126.98714,37.53647],[126.98752,37.53648]]}},{"type":"Feature","properties":{"class":"minor","highway":"residential","sidewalk":"unknown","lanes":0,"name":"녹사평대로46길","oneway":false},"geometry":{"type":"LineString","coordinates":[[126.98733,37.53697],[126.98738,37.53718],[126.98731,37.53726],[126.98726,37.53738]]}},{"type":"Feature","properties":{"class":"minor","highway":"residential","sidewalk":"unknown","lanes":0,"name":"회나무로26길","oneway":false},"geometry":{"type":"LineString","coordinates":[[126.98958,37.538],[126.98976,37.53824],[126.98995,37.53862],[126.99007,37.53882],[126.99036,37.53903],[126.99055,37.53912],[126.99056,37.53913],[126.99072,37.53919],[126.99097,37.53926],[126.99124,37.53934],[126.99131,37.53936],[126.99175,37.5396],[126.9916,37.53978]]}},{"type":"Feature","properties":{"class":"minor","highway":"residential","sidewalk":"unknown","lanes":0,"name":"녹사평대로40다길","oneway":false},"geometry":{"type":"LineString","coordinates":[[126.98832,37.53505],[126.98853,37.53505],[126.98882,37.53502],[126.98904,37.53512],[126.98918,37.53523],[126.98941,37.53548],[126.9896,37.53558],[126.98981,37.53565],[126.99008,37.53595],[126.99034,37.53638],[126.9905,37.53647],[126.99071,37.53677]]}},{"type":"Feature","properties":{"class":"minor","highway":"residential","sidewalk":"unknown","lanes":0,"name":"녹사평대로40나길","oneway":false},"geometry":{"type":"LineString","coordinates":[[126.98958,37.538],[126.98942,37.5377],[126.98923,37.53745],[126.98869,37.53667],[126.98866,37.53655],[126.98866,37.53626],[126.98866,37.53607],[126.98867,37.53579],[126.98833,37.53531],[126.98832,37.53505],[126.9883,37.535],[126.98801,37.53449]]}},{"type":"Feature","properties":{"class":"minor","highway":"residential","sidewalk":"unknown","lanes":0,"name":"녹사평대로42길","oneway":false},"geometry":{"type":"LineString","coordinates":[[126.98866,37.53655],[126.98851,37.53649],[126.98766,37.53684],[126.98733,37.53697],[126.98717,37.53698],[126.98715,37.53696],[126.98715,37.53672],[126.98711,37.53669],[126.98701,37.53666]]}},{"type":"Feature","properties":{"class":"alley","highway":"service","sidewalk":"unknown","lanes":0,"name":"","oneway":false},"geometry":{"type":"LineString","coordinates":[[126.9873,37.53504],[126.98732,37.53505],[126.98735,37.53511],[126.98756,37.53527],[126.98769,37.53544],[126.98775,37.53598],[126.98772,37.53616],[126.98787,37.53644]]}},{"type":"Feature","properties":{"class":"minor","highway":"residential","sidewalk":"unknown","lanes":0,"name":"이태원로17길","oneway":false},"geometry":{"type":"LineString","coordinates":[[126.99123,37.53433],[126.99122,37.53439],[126.99122,37.5344],[126.99133,37.53472],[126.99144,37.53487],[126.99145,37.53495],[126.99143,37.53509],[126.99145,37.53517],[126.99148,37.53542],[126.99163,37.53561]]}},{"type":"Feature","properties":{"class":"minor","highway":"residential","sidewalk":"unknown","lanes":0,"name":"이태원로15길","oneway":false},"geometry":{"type":"LineString","coordinates":[[126.99142,37.53577],[126.99115,37.53576],[126.99076,37.53567]]}},{"type":"Feature","properties":{"class":"minor","highway":"residential","sidewalk":"unknown","lanes":0,"name":"이태원로19길","oneway":false},"geometry":{"type":"LineString","coordinates":[[126.99142,37.53577],[126.99155,37.536],[126.99185,37.5363]]}},{"type":"Feature","properties":{"class":"minor","highway":"residential","sidewalk":"unknown","lanes":0,"name":"이태원로55가길","oneway":false},"geometry":{"type":"LineString","coordinates":[[126.99994,37.53717],[126.99924,37.53648],[126.999,37.53626]]}},{"type":"Feature","properties":{"class":"minor","highway":"residential","sidewalk":"unknown","lanes":0,"name":"이태원로55길","oneway":false},"geometry":{"type":"LineString","coordinates":[[126.99818,37.5379],[126.99822,37.538],[126.99823,37.53826]]}},{"type":"Feature","properties":{"class":"minor","highway":"residential","sidewalk":"unknown","lanes":0,"name":"이태원로45길","oneway":false},"geometry":{"type":"LineString","coordinates":[[126.99924,37.53648],[126.99883,37.5366],[126.99847,37.53669],[126.99814,37.53672],[126.99795,37.53672],[126.99765,37.53666],[126.99743,37.53655]]}},{"type":"Feature","properties":{"class":"minor","highway":"residential","sidewalk":"unknown","lanes":0,"name":"이태원로45길","oneway":false},"geometry":{"type":"LineString","coordinates":[[126.9973,37.53651],[126.99722,37.53648],[126.99715,37.53646]]}},{"type":"Feature","properties":{"class":"minor","highway":"residential","sidewalk":"yes","lanes":0,"name":"이태원로55길","oneway":false},"geometry":{"type":"LineString","coordinates":[[126.99676,37.53628],[126.99679,37.53633],[126.9968,37.53638],[126.99677,37.5365],[126.99676,37.53669],[126.99679,37.53696],[126.99684,37.53709],[126.99693,37.53719],[126.997,37.53729],[126.99734,37.53755],[126.99765,37.5377],[126.9978,37.53777],[126.9979,37.53781],[126.99818,37.5379],[126.99881,37.53797],[126.99918,37.5379],[126.99948,37.53781],[126.99978,37.5378],[127.00006,37.53792],[127.00049,37.53821],[127.00061,37.53826],[127.0008,37.53834],[127.00142,37.53835],[127.00147,37.53833],[127.00161,37.53829]]}},{"type":"Feature","properties":{"class":"minor","highway":"residential","sidewalk":"unknown","lanes":0,"name":"이태원로27길","oneway":false},"geometry":{"type":"LineString","coordinates":[[126.99617,37.53518],[126.99572,37.53519],[126.99559,37.53516]]}},{"type":"Feature","properties":{"class":"minor","highway":"residential","sidewalk":"unknown","lanes":0,"name":"이태원로27길","oneway":false},"geometry":{"type":"LineString","coordinates":[[126.99532,37.53509],[126.99517,37.53525],[126.99505,37.53529],[126.99459,37.5353],[126.99445,37.53534],[126.99425,37.53543],[126.9941,37.53556],[126.99404,37.53558],[126.99399,37.53565],[126.99397,37.53572],[126.99398,37.53576],[126.99402,37.53582],[126.99411,37.53586],[126.99419,37.53587],[126.99433,37.53585],[126.99446,37.53583],[126.99461,37.53584],[126.99504,37.5361],[126.99536,37.53631],[126.99512,37.53649],[126.99498,37.53668],[126.99486,37.53687],[126.99475,37.53706],[126.99467,37.53725],[126.99494,37.53747],[126.99518,37.53762],[126.9951,37.53805],[126.99502,37.53814]]}},{"type":"Feature","properties":{"class":"minor","highway":"residential","sidewalk":"unknown","lanes":0,"name":"녹사평대로46길","oneway":false},"geometry":{"type":"LineString","coordinates":[[126.98772,37.53728],[126.98782,37.5372],[126.98791,37.53701],[126.98776,37.53695],[126.98766,37.53684]]}},{"type":"Feature","properties":{"class":"minor","highway":"residential","sidewalk":"unknown","lanes":0,"name":"녹사평대로46가길","oneway":false},"geometry":{"type":"LineString","coordinates":[[126.98842,37.53733],[126.98847,37.53727],[126.98837,37.53712],[126.98827,37.53699]]}},{"type":"Feature","properties":{"class":"minor","highway":"residential","sidewalk":"unknown","lanes":0,"name":"회나무로12길","oneway":false},"geometry":{"type":"LineString","coordinates":[[126.98926,37.53924],[126.9893,37.53922],[126.98953,37.53907],[126.99007,37.53882],[126.99018,37.53869],[126.99031,37.53864],[126.99062,37.53865],[126.99092,37.53864]]}},{"type":"Feature","properties":{"class":"minor","highway":"residential","sidewalk":"unknown","lanes":0,"name":"회나무로","oneway":false},"geometry":{"type":"LineString","coordinates":[[126.99366,37.5402],[126.99366,37.54003],[126.994,37.53982]]}},{"type":"Feature","properties":{"class":"minor","highway":"residential","sidewalk":"unknown","lanes":0,"name":"회나무로42길","oneway":false},"geometry":{"type":"LineString","coordinates":[[126.99418,37.53929],[126.99441,37.53929],[126.99464,37.53954],[126.9943,37.53995]]}},{"type":"Feature","properties":{"class":"minor","highway":"residential","sidewalk":"unknown","lanes":0,"name":"회나무로44길","oneway":false},"geometry":{"type":"LineString","coordinates":[[126.99508,37.53973],[126.99503,37.53963],[126.99521,37.53955],[126.99512,37.53941],[126.99532,37.53933]]}},{"type":"Feature","properties":{"class":"minor","highway":"residential","sidewalk":"unknown","lanes":0,"name":"회나무로44다길","oneway":false},"geometry":{"type":"LineString","coordinates":[[126.99341,37.53833],[126.99224,37.53761]]}},{"type":"Feature","properties":{"class":"minor","highway":"residential","sidewalk":"unknown","lanes":0,"name":"회나무로42길","oneway":false},"geometry":{"type":"LineString","coordinates":[[126.99612,37.54088],[126.99598,37.54068],[126.99568,37.54057],[126.9947,37.54014],[126.9943,37.53995],[126.994,37.53982],[126.99374,37.53977],[126.99348,37.53972],[126.99349,37.53962],[126.99335,37.53953],[126.99332,37.5395],[126.99314,37.53931]]}},{"type":"Feature","properties":{"class":"minor","highway":"residential","sidewalk":"unknown","lanes":0,"name":"회나무로28가길","oneway":false},"geometry":{"type":"LineString","coordinates":[[126.99267,37.53821],[126.99248,37.53842],[126.99245,37.53846],[126.99234,37.53867],[126.99212,37.53879]]}},{"type":"Feature","properties":{"class":"minor","highway":"residential","sidewalk":"unknown","lanes":0,"name":"회나무로28길","oneway":false},"geometry":{"type":"LineString","coordinates":[[126.99392,37.5383],[126.99421,37.53849],[126.99426,37.53868],[126.99407,37.53879],[126.99401,37.53881],[126.99374,37.53887],[126.9936,37.53886],[126.99314,37.53931],[126.99308,37.53935],[126.99295,37.53943],[126.99277,37.53942],[126.99245,37.53924],[126.99241,37.53921],[126.99214,37.5392],[126.99205,37.53923],[126.99197,37.53927],[126.99207,37.53949],[126.99197,37.5399]]}},{"type":"Feature","properties":{"class":"minor","highway":"residential","sidewalk":"unknown","lanes":0,"name":"회나무로44가길","oneway":false},"geometry":{"type":"LineString","coordinates":[[126.99059,37.53707],[126.99119,37.53729],[126.99203,37.53778]]}},{"type":"Feature","properties":{"class":"minor","highway":"residential","sidewalk":"unknown","lanes":0,"name":"회나무로28길","oneway":false},"geometry":{"type":"LineString","coordinates":[[126.99308,37.53935],[126.99302,37.53913],[126.99299,37.53873]]}},{"type":"Feature","properties":{"class":"minor","highway":"residential","sidewalk":"unknown","lanes":0,"name":"회나무로42길","oneway":false},"geometry":{"type":"LineString","coordinates":[[126.9947,37.54014],[126.99491,37.53984],[126.99508,37.53973]]}},{"type":"Feature","properties":{"class":"minor","highway":"residential","sidewalk":"unknown","lanes":0,"name":"회나무로42길","oneway":false},"geometry":{"type":"LineString","coordinates":[[126.99363,37.53949],[126.99358,37.53958],[126.99349,37.53962]]}},{"type":"Feature","properties":{"class":"minor","highway":"residential","sidewalk":"unknown","lanes":0,"name":"회나무로32길","oneway":false},"geometry":{"type":"LineString","coordinates":[[126.99234,37.54002],[126.99242,37.53988],[126.99272,37.53982],[126.99295,37.53974],[126.99316,37.53968],[126.99329,37.53961],[126.99335,37.53953],[126.9936,37.53931],[126.99362,37.5392],[126.99375,37.53913],[126.99393,37.53899],[126.99409,37.539],[126.99416,37.53895],[126.99421,37.53891],[126.99436,37.53884],[126.99448,37.53872],[126.99476,37.5386]]}},{"type":"Feature","properties":{"class":"minor","highway":"residential","sidewalk":"unknown","lanes":0,"name":"회나무로28길","oneway":false},"geometry":{"type":"LineString","coordinates":[[126.9936,37.53886],[126.99341,37.53833]]}},{"type":"Feature","properties":{"class":"alley","highway":"service","sidewalk":"unknown","lanes":0,"name":"회나무로13길","oneway":false},"geometry":{"type":"LineString","coordinates":[[126.98952,37.5399],[126.9896,37.53999],[126.98973,37.54001],[126.99019,37.54009],[126.99068,37.53983]]}},{"type":"Feature","properties":{"class":"alley","highway":"service","sidewalk":"unknown","lanes":0,"name":"회나무로","oneway":false},"geometry":{"type":"LineString","coordinates":[[126.99085,37.53971],[126.99086,37.53965],[126.99086,37.53959],[126.99092,37.53942],[126.99096,37.5393],[126.99097,37.53926]]}},{"type":"Feature","properties":{"class":"alley","highway":"service","sidewalk":"unknown","lanes":0,"name":"회나무로","oneway":false},"geometry":{"type":"LineString","coordinates":[[126.99011,37.53964],[126.99015,37.53957],[126.99033,37.53935],[126.99044,37.53923],[126.99055,37.53912]]}},{"type":"Feature","properties":{"class":"alley","highway":"service","sidewalk":"unknown","lanes":0,"name":"회나무로21길","oneway":false},"geometry":{"type":"LineString","coordinates":[[126.99068,37.53983],[126.99068,37.53977],[126.99069,37.53972]]}},{"type":"Feature","properties":{"class":"alley","highway":"service","sidewalk":"unknown","lanes":0,"name":"회나무로25길","oneway":false},"geometry":{"type":"LineString","coordinates":[[126.9916,37.53978],[126.99156,37.53993],[126.99151,37.54006],[126.9914,37.54024]]}},{"type":"Feature","properties":{"class":"alley","highway":"service","sidewalk":"unknown","lanes":0,"name":"회나무로","oneway":false},"geometry":{"type":"LineString","coordinates":[[126.99046,37.53971],[126.99072,37.53919]]}},{"type":"Feature","properties":{"class":"minor","highway":"residential","sidewalk":"unknown","lanes":0,"name":"이태원로23길","oneway":false},"geometry":{"type":"LineString","coordinates":[[126.99263,37.53531],[126.99255,37.53537],[126.99236,37.53549],[126.99224,37.53554],[126.99204,37.53558],[126.99196,37.53558],[126.99165,37.53558]]}},{"type":"Feature","properties":{"class":"minor","highway":"residential","sidewalk":"unknown","lanes":0,"name":"이태원로15길","oneway":false},"geometry":{"type":"LineString","coordinates":[[126.99017,37.53548],[126.99048,37.53554],[126.99065,37.53557],[126.99074,37.53561],[126.99076,37.53567],[126.99065,37.53606]]}},{"type":"Feature","properties":{"class":"alley","highway":"service","sidewalk":"unknown","lanes":0,"name":"이태원로23길","oneway":false},"geometry":{"type":"LineString","coordinates":[[126.99204,37.53558],[126.99206,37.53569],[126.99196,37.53581]]}},{"type":"Feature","properties":{"class":"minor","highway":"residential","sidewalk":"unknown","lanes":0,"name":"이태원로19길","oneway":false},"geometry":{"type":"LineString","coordinates":[[126.99008,37.53595],[126.99065,37.53606],[126.991,37.53623],[126.9912,37.53657]]}},{"type":"Feature","properties":{"class":"alley","highway":"service","sidewalk":"unknown","lanes":0,"name":"녹사평대로40나길","oneway":false},"geometry":{"type":"LineString","coordinates":[[126.98866,37.53626],[126.98851,37.53632],[126.98847,37.53634],[126.98851,37.53649]]}},{"type":"Feature","properties":{"class":"alley","highway":"service","sidewalk":"unknown","lanes":0,"name":"녹사평대로40나길","oneway":false},"geometry":{"type":"LineString","coordinates":[[126.9896,37.53558],[126.98932,37.53583],[126.98927,37.53593],[126.98926,37.53609],[126.9891,37.53616],[126.98884,37.53619],[126.98866,37.53607]]}},{"type":"Feature","properties":{"class":"alley","highway":"service","sidewalk":"unknown","lanes":0,"name":"녹사평대로40나길","oneway":false},"geometry":{"type":"LineString","coordinates":[[126.98866,37.53655],[126.98925,37.53653],[126.98935,37.53653],[126.98937,37.53668]]}},{"type":"Feature","properties":{"class":"alley","highway":"service","sidewalk":"unknown","lanes":0,"name":"","oneway":false},"geometry":{"type":"LineString","coordinates":[[126.98057,37.53705],[126.98039,37.53705],[126.98037,37.53704],[126.98024,37.53704],[126.97993,37.53701],[126.97989,37.537],[126.97986,37.53698],[126.97912,37.53694]]}},{"type":"Feature","properties":{"class":"alley","highway":"service","sidewalk":"unknown","lanes":0,"name":"","oneway":false},"geometry":{"type":"LineString","coordinates":[[126.9806,37.53647],[126.98042,37.53647],[126.98032,37.53646],[126.98028,37.53646],[126.98019,37.53642],[126.97943,37.5364],[126.97926,37.53639],[126.9791,37.53639]]}},{"type":"Feature","properties":{"class":"alley","highway":"service","sidewalk":"unknown","lanes":0,"name":"","oneway":false},"geometry":{"type":"LineString","coordinates":[[126.98112,37.53876],[126.98117,37.53868],[126.98119,37.53866],[126.98122,37.53864],[126.98126,37.53863],[126.98193,37.53863],[126.98198,37.53863],[126.98201,37.53863],[126.98203,37.53862],[126.98206,37.53862],[126.98215,37.53862]]}},{"type":"Feature","properties":{"class":"alley","highway":"service","sidewalk":"unknown","lanes":0,"name":"","oneway":false},"geometry":{"type":"LineString","coordinates":[[126.98104,37.53646],[126.98106,37.53636],[126.98109,37.5358],[126.98111,37.53551],[126.98111,37.53547],[126.98117,37.53544],[126.98123,37.53545],[126.98131,37.53543],[126.98137,37.5354],[126.98142,37.53535],[126.98147,37.53528],[126.98151,37.53522],[126.98154,37.53514],[126.98158,37.53506],[126.98234,37.53508],[126.98336,37.5351],[126.98387,37.53512],[126.98438,37.53514]]}},{"type":"Feature","properties":{"class":"alley","highway":"service","sidewalk":"unknown","lanes":0,"name":"","oneway":false},"geometry":{"type":"LineString","coordinates":[[126.98077,37.53477],[126.98077,37.53488],[126.98077,37.53523]]}},{"type":"Feature","properties":{"class":"alley","highway":"service","sidewalk":"unknown","lanes":0,"name":"","oneway":false},"geometry":{"type":"LineString","coordinates":[[126.97985,37.53553],[126.98036,37.53555],[126.98035,37.53569],[126.98027,37.5357],[126.97984,37.53569],[126.97978,37.53567],[126.97971,37.53567],[126.97953,37.53566],[126.97916,37.53565],[126.97917,37.5355],[126.97954,37.53551],[126.97953,37.53566]]}},{"type":"Feature","properties":{"class":"alley","highway":"service","sidewalk":"unknown","lanes":0,"name":"","oneway":false},"geometry":{"type":"LineString","coordinates":[[126.98027,37.5357],[126.98026,37.53598],[126.98035,37.53599]]}},{"type":"Feature","properties":{"class":"alley","highway":"service","sidewalk":"unknown","lanes":0,"name":"","oneway":true},"geometry":{"type":"LineString","coordinates":[[126.98024,37.53704],[126.98028,37.53646]]}},{"type":"Feature","properties":{"class":"alley","highway":"service","sidewalk":"unknown","lanes":0,"name":"","oneway":true},"geometry":{"type":"LineString","coordinates":[[126.98042,37.53647],[126.98037,37.53704]]}},{"type":"Feature","properties":{"class":"alley","highway":"service","sidewalk":"unknown","lanes":0,"name":"","oneway":false},"geometry":{"type":"LineString","coordinates":[[126.98022,37.53798],[126.98023,37.53787],[126.97948,37.53784],[126.97948,37.53768]]}},{"type":"Feature","properties":{"class":"alley","highway":"service","sidewalk":"unknown","lanes":0,"name":"","oneway":false},"geometry":{"type":"LineString","coordinates":[[126.97909,37.53766],[126.97948,37.53768],[126.98006,37.53772]]}},{"type":"Feature","properties":{"class":"alley","highway":"service","sidewalk":"unknown","lanes":0,"name":"","oneway":false},"geometry":{"type":"LineString","coordinates":[[126.98621,37.53903],[126.98622,37.53896],[126.98628,37.53857],[126.98629,37.53851],[126.98629,37.53845],[126.98629,37.53842],[126.98623,37.53821]]}},{"type":"Feature","properties":{"class":"alley","highway":"service","sidewalk":"unknown","lanes":0,"name":"","oneway":true},"geometry":{"type":"LineString","coordinates":[[126.98035,37.53298],[126.9804,37.53312],[126.98043,37.53321],[126.98057,37.53369],[126.98062,37.5339],[126.98066,37.53403],[126.98074,37.53459]]}},{"type":"Feature","properties":{"class":"alley","highway":"service","sidewalk":"unknown","lanes":0,"name":"","oneway":true},"geometry":{"type":"LineString","coordinates":[[126.98051,37.53459],[126.98048,37.53439],[126.98047,37.53434],[126.98041,37.53425],[126.98039,37.53404],[126.98036,37.53385]]}},{"type":"Feature","properties":{"class":"alley","highway":"service","sidewalk":"unknown","lanes":0,"name":"","oneway":false},"geometry":{"type":"LineString","coordinates":[[126.98048,37.53439],[126.98038,37.53441],[126.98031,37.53442],[126.98029,37.53442],[126.98027,37.53441],[126.98026,37.53441],[126.98025,37.5344],[126.98024,37.5344],[126.98023,37.53439],[126.98015,37.53399]]}},{"type":"Feature","properties":{"class":"alley","highway":"service","sidewalk":"unknown","lanes":0,"name":"","oneway":false},"geometry":{"type":"LineString","coordinates":[[126.98047,37.53434],[126.98039,37.53429],[126.98038,37.53428],[126.98035,37.53427],[126.98034,37.53426],[126.98032,37.53425],[126.9803,37.53425],[126.98029,37.53424],[126.98027,37.53423],[126.98026,37.53422],[126.98026,37.53421],[126.98025,37.53416],[126.98023,37.53404],[126.98023,37.53402],[126.98024,37.53401],[126.98029,37.53398]]}},{"type":"Feature","properties":{"class":"alley","highway":"service","sidewalk":"unknown","lanes":0,"name":"","oneway":false},"geometry":{"type":"LineString","coordinates":[[126.98032,37.53425],[126.98029,37.53398]]}},{"type":"Feature","properties":{"class":"alley","highway":"service","sidewalk":"unknown","lanes":0,"name":"","oneway":false},"geometry":{"type":"LineString","coordinates":[[126.98017,37.5291],[126.98087,37.52909],[126.98114,37.52908],[126.98183,37.52924],[126.98213,37.52933],[126.98269,37.5295],[126.98342,37.52979]]}},{"type":"Feature","properties":{"class":"alley","highway":"pedestrian","sidewalk":"unknown","lanes":0,"name":"","oneway":false},"geometry":{"type":"LineString","coordinates":[[126.99651,37.5317],[126.9963,37.53163]]}},{"type":"Feature","properties":{"class":"alley","highway":"service","sidewalk":"unknown","lanes":0,"name":"Porter St","oneway":false},"geometry":{"type":"LineString","coordinates":[[126.98477,37.52894],[126.98451,37.52866],[126.98435,37.52848],[126.98435,37.52848],[126.98431,37.52845],[126.98427,37.52845],[126.98423,37.52845]]}},{"type":"Feature","properties":{"class":"alley","highway":"service","sidewalk":"unknown","lanes":0,"name":"","oneway":false},"geometry":{"type":"LineString","coordinates":[[126.98064,37.53585],[126.98067,37.53495],[126.98067,37.53472],[126.98064,37.53455],[126.98055,37.5341],[126.98037,37.53321]]}},{"type":"Feature","properties":{"class":"major","highway":"primary_link","sidewalk":"likely","lanes":0,"name":"녹사평대로26길","oneway":true},"geometry":{"type":"LineString","coordinates":[[126.99138,37.53055],[126.9913,37.53041],[126.99122,37.53036],[126.99113,37.53034],[126.99091,37.53047]]}},{"type":"Feature","properties":{"class":"major","highway":"tertiary","sidewalk":"likely","lanes":0,"name":"","oneway":true},"geometry":{"type":"LineString","coordinates":[[126.99138,37.52939],[126.99175,37.5292],[126.99188,37.52916]]}},{"type":"Feature","properties":{"class":"major","highway":"primary_link","sidewalk":"likely","lanes":0,"name":"","oneway":true},"geometry":{"type":"LineString","coordinates":[[126.99146,37.52873],[126.9915,37.52896],[126.99161,37.52909],[126.9917,37.52916],[126.99175,37.5292]]}},{"type":"Feature","properties":{"class":"major","highway":"tertiary","sidewalk":"likely","lanes":0,"name":"장문로","oneway":true},"geometry":{"type":"LineString","coordinates":[[126.99188,37.52916],[126.9918,37.52932],[126.9917,37.52946],[126.99152,37.52971],[126.99141,37.52984],[126.99132,37.52991]]}},{"type":"Feature","properties":{"class":"minor","highway":"residential","sidewalk":"unknown","lanes":0,"name":"이태원로55라길","oneway":false},"geometry":{"type":"LineString","coordinates":[[126.99823,37.53826],[126.99738,37.53793],[126.99713,37.53783],[126.99684,37.53767],[126.9967,37.53756],[126.99658,37.53745],[126.99652,37.53733],[126.99636,37.53691],[126.99649,37.53665],[126.99654,37.5366],[126.99661,37.53656],[126.99677,37.5365]]}},{"type":"Feature","properties":{"class":"minor","highway":"residential","sidewalk":"unknown","lanes":0,"name":"이태원로55길","oneway":false},"geometry":{"type":"LineString","coordinates":[[126.99823,37.53826],[126.9983,37.53841],[126.99839,37.53855],[126.99926,37.53884],[126.99941,37.53894],[126.99974,37.53892],[126.99989,37.53901],[127.00041,37.53919],[127.00056,37.53924]]}},{"type":"Feature","properties":{"class":"minor","highway":"residential","sidewalk":"unknown","lanes":0,"name":"이태원로","oneway":false},"geometry":{"type":"LineString","coordinates":[[126.999,37.53626],[126.99844,37.53575],[126.99829,37.53568],[126.99823,37.53566],[126.9979,37.53546],[126.99746,37.53529],[126.99687,37.53521],[126.99658,37.53519]]}},{"type":"Feature","properties":{"class":"minor","highway":"residential","sidewalk":"unknown","lanes":0,"name":"이태원로45길","oneway":false},"geometry":{"type":"LineString","coordinates":[[126.999,37.53626],[126.99871,37.53632],[126.99786,37.53651],[126.99765,37.53666]]}},{"type":"Feature","properties":{"class":"minor","highway":"residential","sidewalk":"unknown","lanes":0,"name":"이태원로","oneway":false},"geometry":{"type":"LineString","coordinates":[[126.99887,37.53537],[126.99879,37.53544],[126.99844,37.53575]]}},{"type":"Feature","properties":{"class":"minor","highway":"residential","sidewalk":"unknown","lanes":0,"name":"이태원로55길","oneway":false},"geometry":{"type":"LineString","coordinates":[[126.99536,37.53631],[126.99559,37.53635],[126.99569,37.53637],[126.99578,37.53636],[126.99592,37.53632],[126.99611,37.53625]]}},{"type":"Feature","properties":{"class":"alley","highway":"service","sidewalk":"unknown","lanes":0,"name":"이태원로55라길","oneway":false},"geometry":{"type":"LineString","coordinates":[[126.99556,37.53803],[126.99575,37.53799],[126.99594,37.53797],[126.99608,37.53795],[126.99625,37.53801]]}},{"type":"Feature","properties":{"class":"minor","highway":"residential","sidewalk":"unknown","lanes":0,"name":"이태원로55라길","oneway":false},"geometry":{"type":"LineString","coordinates":[[126.99625,37.53801],[126.99684,37.53863]]}},{"type":"Feature","properties":{"class":"minor","highway":"residential","sidewalk":"unknown","lanes":0,"name":"이태원로55라길","oneway":false},"geometry":{"type":"LineString","coordinates":[[126.99625,37.53801],[126.99658,37.53745]]}},{"type":"Feature","properties":{"class":"alley","highway":"service","sidewalk":"unknown","lanes":0,"name":"","oneway":false},"geometry":{"type":"LineString","coordinates":[[126.99611,37.53625],[126.99584,37.536],[126.9956,37.53579]]}},{"type":"Feature","properties":{"class":"minor","highway":"residential","sidewalk":"unknown","lanes":0,"name":"이태원로55길","oneway":false},"geometry":{"type":"LineString","coordinates":[[126.99611,37.53625],[126.99615,37.53621],[126.9962,37.53617],[126.9963,37.53613],[126.99641,37.5361],[126.99668,37.53574],[126.99677,37.5355],[126.99687,37.53521]]}},{"type":"Feature","properties":{"class":"minor","highway":"residential","sidewalk":"unknown","lanes":0,"name":"이태원로55길","oneway":false},"geometry":{"type":"LineString","coordinates":[[126.99518,37.53762],[126.99537,37.53745],[126.99562,37.53722],[126.9959,37.53694],[126.99599,37.53685],[126.99609,37.53669],[126.99615,37.53657],[126.99615,37.53649],[126.99614,37.53635],[126.99611,37.53625]]}},{"type":"Feature","properties":{"class":"alley","highway":"service","sidewalk":"unknown","lanes":0,"name":"이태원로27길","oneway":false},"geometry":{"type":"LineString","coordinates":[[126.9951,37.53805],[126.99524,37.53818],[126.99538,37.5384]]}},{"type":"Feature","properties":{"class":"minor","highway":"residential","sidewalk":"unknown","lanes":0,"name":"녹사평대로46가길","oneway":false},"geometry":{"type":"LineString","coordinates":[[126.9881,37.5372],[126.98807,37.5371],[126.98827,37.53699],[126.9884,37.53689],[126.98854,37.53682],[126.98858,37.53676],[126.98869,37.53667],[126.9893,37.53668],[126.98937,37.53668],[126.98965,37.53667],[126.9902,37.53645],[126.99034,37.53638]]}},{"type":"Feature","properties":{"class":"minor","highway":"residential","sidewalk":"unknown","lanes":0,"name":"회나무로44나길","oneway":false},"geometry":{"type":"LineString","coordinates":[[126.99224,37.53761],[126.99246,37.53738]]}},{"type":"Feature","properties":{"class":"minor","highway":"residential","sidewalk":"unknown","lanes":0,"name":"회나무로44다길","oneway":false},"geometry":{"type":"LineString","coordinates":[[126.99203,37.53778],[126.99224,37.53761]]}},{"type":"Feature","properties":{"class":"minor","highway":"residential","sidewalk":"unknown","lanes":0,"name":"회나무로44가길","oneway":false},"geometry":{"type":"LineString","coordinates":[[126.99203,37.53778],[126.99267,37.53821],[126.99292,37.53838],[126.99341,37.53833],[126.99378,37.53831],[126.99392,37.5383],[126.99423,37.53817],[126.99457,37.53836],[126.99476,37.5386],[126.9951,37.5391],[126.9952,37.5392],[126.99532,37.53933]]}},{"type":"Feature","properties":{"class":"minor","highway":"residential","sidewalk":"unknown","lanes":0,"name":"회나무로28가길","oneway":false},"geometry":{"type":"LineString","coordinates":[[126.99214,37.5392],[126.99218,37.5391],[126.99218,37.53894],[126.99216,37.53887],[126.99212,37.53879],[126.99193,37.53855],[126.99183,37.53846],[126.9916,37.53839],[126.99139,37.53834],[126.99123,37.53826],[126.99119,37.53821],[126.9911,37.53817]]}},{"type":"Feature","properties":{"class":"minor","highway":"residential","sidewalk":"unknown","lanes":0,"name":"회나무로28길","oneway":false},"geometry":{"type":"LineString","coordinates":[[126.99426,37.53868],[126.99421,37.53891]]}},{"type":"Feature","properties":{"class":"alley","highway":"service","sidewalk":"unknown","lanes":0,"name":"회나무로21길","oneway":false},"geometry":{"type":"LineString","coordinates":[[126.99068,37.53983],[126.99116,37.53994],[126.9913,37.54019],[126.9914,37.54024],[126.9916,37.54029],[126.99202,37.54041],[126.99205,37.54038],[126.99219,37.54039],[126.99231,37.54044],[126.99237,37.54053],[126.99245,37.54053],[126.99294,37.54053],[126.99314,37.54047],[126.99328,37.54061],[126.99345,37.54086]]}},{"type":"Feature","properties":{"class":"alley","highway":"service","sidewalk":"unknown","lanes":0,"name":"","oneway":false},"geometry":{"type":"LineString","coordinates":[[126.99689,37.53024],[126.9968,37.53005],[126.99656,37.52977],[126.99644,37.52953],[126.99637,37.52936],[126.99622,37.52888]]}},{"type":"Feature","properties":{"class":"minor","highway":"residential","sidewalk":"unknown","lanes":0,"name":"보광로31길","oneway":false},"geometry":{"type":"LineString","coordinates":[[126.99777,37.52822],[126.99785,37.52831],[126.99804,37.52822],[126.99822,37.52811],[126.99834,37.52798],[126.99838,37.52794]]}},{"type":"Feature","properties":{"class":"minor","highway":"residential","sidewalk":"unknown","lanes":0,"name":"보광로31길","oneway":false},"geometry":{"type":"LineString","coordinates":[[126.99744,37.52838],[126.99768,37.52831],[126.99777,37.52822],[126.9978,37.5282],[126.99784,37.52808]]}},{"type":"Feature","properties":{"class":"minor","highway":"residential","sidewalk":"unknown","lanes":0,"name":"보광로25길","oneway":false},"geometry":{"type":"LineString","coordinates":[[126.99788,37.52851],[126.99846,37.52836],[126.99872,37.52853]]}},{"type":"Feature","properties":{"class":"minor","highway":"residential","sidewalk":"unknown","lanes":0,"name":"보광로25길","oneway":false},"geometry":{"type":"LineString","coordinates":[[126.99846,37.52836],[126.99853,37.5282]]}},{"type":"Feature","properties":{"class":"minor","highway":"residential","sidewalk":"unknown","lanes":0,"name":"보광로31길","oneway":false},"geometry":{"type":"LineString","coordinates":[[126.99711,37.52834],[126.99728,37.52828]]}},{"type":"Feature","properties":{"class":"minor","highway":"residential","sidewalk":"unknown","lanes":0,"name":"보광로31길","oneway":false},"geometry":{"type":"LineString","coordinates":[[126.99706,37.52856],[126.99746,37.52847],[126.99756,37.52848]]}},{"type":"Feature","properties":{"class":"minor","highway":"residential","sidewalk":"unknown","lanes":0,"name":"보광로31길","oneway":false},"geometry":{"type":"LineString","coordinates":[[126.9973,37.52882],[126.99742,37.52879],[126.99754,37.52874],[126.99766,37.52869]]}},{"type":"Feature","properties":{"class":"alley","highway":"service","sidewalk":"unknown","lanes":0,"name":"이태원로20가길","oneway":false},"geometry":{"type":"LineString","coordinates":[[126.99219,37.53355],[126.99264,37.53359],[126.99268,37.53361],[126.99278,37.53371],[126.99297,37.53366]]}},{"type":"Feature","properties":{"class":"minor","highway":"residential","sidewalk":"unknown","lanes":0,"name":"이태원로20가길","oneway":false},"geometry":{"type":"LineString","coordinates":[[126.99226,37.5339],[126.99251,37.53375],[126.99268,37.53361]]}},{"type":"Feature","properties":{"class":"minor","highway":"residential","sidewalk":"unknown","lanes":0,"name":"이태원로20가길","oneway":false},"geometry":{"type":"LineString","coordinates":[[126.99268,37.53361],[126.99287,37.53354],[126.99329,37.53347]]}},{"type":"Feature","properties":{"class":"minor","highway":"residential","sidewalk":"unknown","lanes":0,"name":"이태원로16길","oneway":false},"geometry":{"type":"LineString","coordinates":[[126.99139,37.5335],[126.99144,37.53363],[126.99149,37.53368],[126.99173,37.53373],[126.99178,37.53371],[126.99184,37.53371],[126.99201,37.53377]]}},{"type":"Feature","properties":{"class":"minor","highway":"residential","sidewalk":"unknown","lanes":0,"name":"이태원로16길","oneway":false},"geometry":{"type":"LineString","coordinates":[[126.99157,37.53327],[126.99176,37.53334],[126.99197,37.53336],[126.99217,37.5333],[126.9923,37.53334]]}},{"type":"Feature","properties":{"class":"minor","highway":"residential","sidewalk":"unknown","lanes":0,"name":"이태원로16길","oneway":false},"geometry":{"type":"LineString","coordinates":[[126.9918,37.53267],[126.99234,37.53276]]}},{"type":"Feature","properties":{"class":"minor","highway":"residential","sidewalk":"unknown","lanes":0,"name":"이태원로14길","oneway":false},"geometry":{"type":"LineString","coordinates":[[126.99125,37.53295],[126.99144,37.53303],[126.99152,37.53298],[126.99162,37.53299]]}},{"type":"Feature","properties":{"class":"minor","highway":"residential","sidewalk":"unknown","lanes":0,"name":"녹사평대로26가길","oneway":false},"geometry":{"type":"LineString","coordinates":[[126.99217,37.53263],[126.99234,37.53265],[126.99249,37.53243]]}},{"type":"Feature","properties":{"class":"minor","highway":"residential","sidewalk":"unknown","lanes":0,"name":"보광로60길","oneway":false},"geometry":{"type":"LineString","coordinates":[[126.99566,37.53401],[126.99501,37.53398],[126.99407,37.53396]]}},{"type":"Feature","properties":{"class":"minor","highway":"residential","sidewalk":"unknown","lanes":0,"name":"보광로60길","oneway":false},"geometry":{"type":"LineString","coordinates":[[126.99501,37.53398],[126.99506,37.53335]]}},{"type":"Feature","properties":{"class":"minor","highway":"residential","sidewalk":"no","lanes":0,"name":"이태원로36길","oneway":true},"geometry":{"type":"LineString","coordinates":[[126.99906,37.53501],[126.99909,37.53494],[126.99955,37.53448],[126.99958,37.53442]]}},{"type":"Feature","properties":{"class":"minor","highway":"residential","sidewalk":"unknown","lanes":0,"name":"보광로50길","oneway":false},"geometry":{"type":"LineString","coordinates":[[126.99646,37.53177],[126.99627,37.53175],[126.99616,37.53181],[126.99604,37.53187],[126.99586,37.53201],[126.99558,37.53197],[126.99549,37.53193],[126.99495,37.5317]]}},{"type":"Feature","properties":{"class":"minor","highway":"residential","sidewalk":"unknown","lanes":0,"name":"보광로48길","oneway":false},"geometry":{"type":"LineString","coordinates":[[126.99526,37.53134],[126.99536,37.53143],[126.99555,37.53151],[126.99573,37.53161],[126.99581,37.53163],[126.99591,37.53158],[126.99605,37.53169],[126.99616,37.53181]]}},{"type":"Feature","properties":{"class":"minor","highway":"residential","sidewalk":"unknown","lanes":0,"name":"보광로46길","oneway":false},"geometry":{"type":"LineString","coordinates":[[126.99539,37.53122],[126.99552,37.5313],[126.99611,37.53103]]}},{"type":"Feature","properties":{"class":"minor","highway":"residential","sidewalk":"unknown","lanes":0,"name":"보광로46길","oneway":false},"geometry":{"type":"LineString","coordinates":[[126.99672,37.53129],[126.99658,37.53125],[126.99634,37.53129],[126.99618,37.53102],[126.99611,37.53103]]}},{"type":"Feature","properties":{"class":"minor","highway":"residential","sidewalk":"unknown","lanes":0,"name":"우사단로","oneway":false},"geometry":{"type":"LineString","coordinates":[[126.99569,37.53292],[126.99524,37.53282],[126.99526,37.53272],[126.99514,37.53269],[126.99516,37.53261]]}},{"type":"Feature","properties":{"class":"minor","highway":"residential","sidewalk":"unknown","lanes":0,"name":"보광로54길","oneway":false},"geometry":{"type":"LineString","coordinates":[[126.99549,37.53193],[126.9954,37.53205],[126.99549,37.53212],[126.99534,37.53246],[126.99516,37.53261],[126.9949,37.53253],[126.99491,37.53245],[126.99464,37.53243]]}},{"type":"Feature","properties":{"class":"alley","highway":"service","sidewalk":"unknown","lanes":0,"name":"","oneway":false},"geometry":{"type":"LineString","coordinates":[[126.99755,37.53324],[126.99784,37.53333],[126.9979,37.53336],[126.99763,37.53392],[126.99786,37.53399]]}},{"type":"Feature","properties":{"class":"alley","highway":"service","sidewalk":"unknown","lanes":0,"name":"","oneway":false},"geometry":{"type":"LineString","coordinates":[[126.99526,37.53134],[126.99507,37.5312],[126.99491,37.53105],[126.99493,37.53087],[126.99499,37.53047],[126.99483,37.53032],[126.99488,37.52997],[126.99468,37.52971],[126.99418,37.52906],[126.99402,37.52887]]}},{"type":"Feature","properties":{"class":"alley","highway":"service","sidewalk":"unknown","lanes":0,"name":"","oneway":false},"geometry":{"type":"LineString","coordinates":[[126.99369,37.52949],[126.99402,37.52887],[126.99393,37.52871],[126.99389,37.52866],[126.99349,37.52809]]}},{"type":"Feature","properties":{"class":"alley","highway":"service","sidewalk":"unknown","lanes":0,"name":"","oneway":false},"geometry":{"type":"LineString","coordinates":[[126.99393,37.52871],[126.99424,37.52864]]}},{"type":"Feature","properties":{"class":"alley","highway":"service","sidewalk":"unknown","lanes":0,"name":"","oneway":false},"geometry":{"type":"LineString","coordinates":[[126.99424,37.52864],[126.99446,37.52869],[126.99517,37.52947]]}},{"type":"Feature","properties":{"class":"alley","highway":"service","sidewalk":"unknown","lanes":0,"name":"","oneway":false},"geometry":{"type":"LineString","coordinates":[[126.99468,37.52971],[126.99517,37.52947],[126.99568,37.52944],[126.99584,37.52963],[126.99623,37.53037],[126.99507,37.5312]]}},{"type":"Feature","properties":{"class":"minor","highway":"unclassified","sidewalk":"unknown","lanes":0,"name":"","oneway":false},"geometry":{"type":"LineString","coordinates":[[126.99555,37.52987],[126.99513,37.52989]]}},{"type":"Feature","properties":{"class":"minor","highway":"unclassified","sidewalk":"unknown","lanes":0,"name":"","oneway":false},"geometry":{"type":"LineString","coordinates":[[126.99389,37.52866],[126.99365,37.52874],[126.99324,37.52961],[126.99394,37.52998],[126.99467,37.53021]]}},{"type":"Feature","properties":{"class":"alley","highway":"service","sidewalk":"unknown","lanes":0,"name":"","oneway":false},"geometry":{"type":"LineString","coordinates":[[126.99483,37.53032],[126.9946,37.53046],[126.99453,37.53095]]}},{"type":"Feature","properties":{"class":"major","highway":"primary","sidewalk":"likely","lanes":0,"name":"녹사평대로","oneway":false},"geometry":{"type":"LineString","coordinates":[[126.98682,37.53842],[126.98693,37.53873],[126.98694,37.53877],[126.98707,37.5391],[126.98719,37.53945],[126.98738,37.54011],[126.98741,37.54017],[126.98752,37.54048]]}},{"type":"Feature","properties":{"class":"alley","highway":"pedestrian","sidewalk":"unknown","lanes":0,"name":"녹사평대로52길","oneway":false},"geometry":{"type":"LineString","coordinates":[[126.98862,37.53887],[126.98858,37.53894],[126.98822,37.53896],[126.98802,37.53898],[126.98787,37.539]]}},{"type":"Feature","properties":{"class":"minor","highway":"residential","sidewalk":"unknown","lanes":0,"name":"녹사평대로54길","oneway":false},"geometry":{"type":"LineString","coordinates":[[126.98719,37.53945],[126.98732,37.53942],[126.98786,37.53929]]}},{"type":"Feature","properties":{"class":"major","highway":"tertiary","sidewalk":"likely","lanes":0,"name":"장문로","oneway":false},"geometry":{"type":"LineString","coordinates":[[126.99239,37.52867],[126.992,37.52903],[126.99188,37.52916]]}},{"type":"Feature","properties":{"class":"major","highway":"secondary","sidewalk":"likely","lanes":0,"name":"보광로","oneway":false},"geometry":{"type":"LineString","coordinates":[[126.99506,37.53152],[126.99526,37.53134],[126.99539,37.53122],[126.99572,37.53099],[126.99633,37.53059],[126.99669,37.53042],[126.99677,37.53036],[126.99689,37.53024]]}},{"type":"Feature","properties":{"class":"major","highway":"secondary","sidewalk":"likely","lanes":0,"name":"보광로","oneway":false},"geometry":{"type":"LineString","coordinates":[[126.99689,37.53024],[126.99698,37.53015],[126.99712,37.53001],[126.99733,37.5298],[126.99763,37.52947],[126.9979,37.52927],[126.998,37.52921],[126.99804,37.52919],[126.99808,37.52916],[126.99812,37.52913],[126.99818,37.52909],[126.99819,37.52907],[126.99826,37.52899],[126.9985,37.52875],[126.99871,37.52854],[126.99872,37.52853],[126.99888,37.52836],[126.99913,37.52806]]}},{"type":"Feature","properties":{"class":"minor","highway":"residential","sidewalk":"unknown","lanes":0,"name":"우사단로","oneway":false},"geometry":{"type":"LineString","coordinates":[[126.99671,37.53137],[126.99659,37.53155],[126.99651,37.5317],[126.99646,37.53177],[126.99599,37.53237],[126.99569,37.53292],[126.99561,37.53306]]}},{"type":"Feature","properties":{"class":"minor","highway":"residential","sidewalk":"unknown","lanes":0,"name":"우사단로","oneway":false},"geometry":{"type":"LineString","coordinates":[[126.99561,37.53306],[126.99559,37.53324],[126.99562,37.53356],[126.99566,37.53401],[126.99566,37.53418],[126.99562,37.53451],[126.99561,37.53456]]}},{"type":"Feature","properties":{"class":"major","highway":"secondary","sidewalk":"likely","lanes":0,"name":"이태원로","oneway":false},"geometry":{"type":"LineString","coordinates":[[126.99561,37.53456],[126.99568,37.53457],[126.99724,37.53467],[126.99765,37.53471],[126.99794,37.53479],[126.9982,37.53491],[126.99845,37.53507],[126.99859,37.53517],[126.99867,37.53523],[126.99876,37.53529]]}},{"type":"Feature","properties":{"class":"major","highway":"secondary","sidewalk":"likely","lanes":0,"name":"이태원로","oneway":false},"geometry":{"type":"LineString","coordinates":[[126.99876,37.53529],[126.99887,37.53537],[126.99899,37.53546],[126.99929,37.5357],[126.99961,37.53597],[126.99966,37.53602],[127.00028,37.53658],[127.00046,37.53677],[127.00054,37.53686]]}},{"type":"Feature","properties":{"class":"major","highway":"primary","sidewalk":"likely","lanes":0,"name":"녹사평대로","oneway":false},"geometry":{"type":"LineString","coordinates":[[126.98681,37.53648],[126.98691,37.53555],[126.98696,37.53521],[126.987,37.53504],[126.98709,37.53488],[126.98716,37.53476]]}},{"type":"Feature","properties":{"class":"major","highway":"primary_link","sidewalk":"likely","lanes":0,"name":"","oneway":true},"geometry":{"type":"LineString","coordinates":[[126.98675,37.53612],[126.98675,37.53571],[126.98674,37.53561],[126.98672,37.53552],[126.98669,37.53544],[126.98664,37.53537],[126.98659,37.53532],[126.98654,37.53525],[126.98647,37.5352],[126.98641,37.53516],[126.98633,37.53511],[126.98624,37.53506],[126.98615,37.53502],[126.98603,37.53499],[126.98594,37.53497],[126.98582,37.53495],[126.98569,37.53493]]}},{"type":"Feature","properties":{"class":"major","highway":"secondary","sidewalk":"likely","lanes":0,"name":"이태원로","oneway":false},"geometry":{"type":"LineString","coordinates":[[126.98569,37.53493],[126.98617,37.53485],[126.98656,37.53474],[126.98689,37.53462],[126.98709,37.53455]]}},{"type":"Feature","properties":{"class":"major","highway":"secondary","sidewalk":"likely","lanes":0,"name":"이태원로","oneway":false},"geometry":{"type":"LineString","coordinates":[[126.98709,37.53455],[126.98756,37.53432]]}},{"type":"Feature","properties":{"class":"major","highway":"primary_link","sidewalk":"likely","lanes":0,"name":"","oneway":true},"geometry":{"type":"LineString","coordinates":[[126.98727,37.53478],[126.98725,37.53481],[126.9871,37.53515],[126.98702,37.53545],[126.98692,37.53634],[126.98681,37.53648]]}},{"type":"Feature","properties":{"class":"major","highway":"secondary","sidewalk":"likely","lanes":0,"name":"이태원로","oneway":false},"geometry":{"type":"LineString","coordinates":[[126.99387,37.53445],[126.99395,37.53446],[126.99449,37.53449],[126.99554,37.53456],[126.99561,37.53456]]}},{"type":"Feature","properties":{"class":"alley","highway":"service","sidewalk":"unknown","lanes":2,"name":"","oneway":false},"geometry":{"type":"LineString","coordinates":[[126.98751,37.53076],[126.98738,37.53089],[126.98726,37.53098],[126.98721,37.53105],[126.98718,37.53111],[126.98718,37.5312],[126.98726,37.53128],[126.98736,37.53135],[126.98787,37.53164],[126.98793,37.53166],[126.988,37.53168],[126.98818,37.53172],[126.98838,37.53173],[126.98857,37.53172],[126.98912,37.53208]]}},{"type":"Feature","properties":{"class":"alley","highway":"service","sidewalk":"unknown","lanes":0,"name":"","oneway":false},"geometry":{"type":"LineString","coordinates":[[126.98475,37.53388],[126.98473,37.5341],[126.98471,37.53447],[126.9847,37.53451],[126.98469,37.53472],[126.98469,37.53478]]}},{"type":"Feature","properties":{"class":"alley","highway":"service","sidewalk":"unknown","lanes":0,"name":"","oneway":false},"geometry":{"type":"LineString","coordinates":[[126.98487,37.5367],[126.98476,37.53677],[126.98449,37.53694]]}},{"type":"Feature","properties":{"class":"alley","highway":"service","sidewalk":"unknown","lanes":0,"name":"","oneway":false},"geometry":{"type":"LineString","coordinates":[[126.98446,37.53725],[126.98466,37.53726],[126.98528,37.53729],[126.98531,37.53732],[126.98535,37.53737],[126.98573,37.53739]]}},{"type":"Feature","properties":{"class":"alley","highway":"service","sidewalk":"unknown","lanes":0,"name":"이태원로55길","oneway":false},"geometry":{"type":"LineString","coordinates":[[126.99722,37.53648],[126.9971,37.53681],[126.99717,37.53705],[126.99744,37.53737],[126.99742,37.53745],[126.99734,37.53755]]}},{"type":"Feature","properties":{"class":"alley","highway":"service","sidewalk":"unknown","lanes":0,"name":"","oneway":false},"geometry":{"type":"LineString","coordinates":[[126.99759,37.54014],[126.99756,37.5402],[126.99751,37.54024],[126.99744,37.54027],[126.99737,37.54028],[126.9973,37.54028],[126.99723,37.54025],[126.99717,37.54021],[126.99714,37.54015],[126.99713,37.54009],[126.99715,37.54003],[126.99719,37.53998],[126.99725,37.53994],[126.99732,37.53992],[126.9974,37.53992],[126.99747,37.53994],[126.99753,37.53997],[126.99757,37.54002],[126.99759,37.54007],[126.99759,37.54014]]}},{"type":"Feature","properties":{"class":"alley","highway":"service","sidewalk":"unknown","lanes":0,"name":"이태원로20길","oneway":false},"geometry":{"type":"LineString","coordinates":[[126.99231,37.53333],[126.9929,37.53333]]}},{"type":"Feature","properties":{"class":"alley","highway":"service","sidewalk":"unknown","lanes":0,"name":"녹사평대로26가길","oneway":false},"geometry":{"type":"LineString","coordinates":[[126.99283,37.53258],[126.99293,37.53252],[126.99294,37.5323]]}},{"type":"Feature","properties":{"class":"alley","highway":"service","sidewalk":"unknown","lanes":0,"name":"녹사평대로26가길","oneway":false},"geometry":{"type":"LineString","coordinates":[[126.99283,37.53258],[126.99322,37.53261],[126.99324,37.53217],[126.99345,37.53214],[126.99342,37.53231]]}},{"type":"Feature","properties":{"class":"alley","highway":"service","sidewalk":"unknown","lanes":0,"name":"","oneway":false},"geometry":{"type":"LineString","coordinates":[[126.98895,37.54171],[126.98885,37.54142],[126.98877,37.54119],[126.98876,37.54116],[126.98868,37.54093],[126.98866,37.54088],[126.98856,37.54061],[126.98848,37.54039],[126.98845,37.54031],[126.98841,37.54019],[126.98844,37.54011],[126.98864,37.54006],[126.9892,37.53993]]}},{"type":"Feature","properties":{"class":"alley","highway":"service","sidewalk":"unknown","lanes":0,"name":"","oneway":false},"geometry":{"type":"LineString","coordinates":[[126.98864,37.54006],[126.98856,37.53979],[126.9885,37.53958],[126.98853,37.53951],[126.98888,37.53943]]}},{"type":"Feature","properties":{"class":"alley","highway":"service","sidewalk":"unknown","lanes":0,"name":"","oneway":false},"geometry":{"type":"LineString","coordinates":[[126.98856,37.53979],[126.98903,37.53969]]}},{"type":"Feature","properties":{"class":"alley","highway":"service","sidewalk":"unknown","lanes":0,"name":"","oneway":false},"geometry":{"type":"LineString","coordinates":[[126.99499,37.53047],[126.99504,37.53044],[126.99525,37.53064],[126.99493,37.53087]]}},{"type":"Feature","properties":{"class":"alley","highway":"service","sidewalk":"unknown","lanes":0,"name":"","oneway":false},"geometry":{"type":"LineString","coordinates":[[126.99584,37.52963],[126.99555,37.52987],[126.99573,37.53027]]}},{"type":"Feature","properties":{"class":"alley","highway":"service","sidewalk":"unknown","lanes":0,"name":"","oneway":false},"geometry":{"type":"LineString","coordinates":[[126.99041,37.528],[126.99088,37.52799],[126.99122,37.52806]]}},{"type":"Feature","properties":{"class":"alley","highway":"service","sidewalk":"unknown","lanes":0,"name":"","oneway":false},"geometry":{"type":"LineString","coordinates":[[126.99061,37.52856],[126.99106,37.52856],[126.9911,37.52822]]}},{"type":"Feature","properties":{"class":"alley","highway":"service","sidewalk":"unknown","lanes":0,"name":"","oneway":false},"geometry":{"type":"LineString","coordinates":[[126.98885,37.52826],[126.98872,37.52825],[126.9884,37.52828],[126.98827,37.52826],[126.98812,37.52819]]}},{"type":"Feature","properties":{"class":"alley","highway":"service","sidewalk":"unknown","lanes":0,"name":"","oneway":false},"geometry":{"type":"LineString","coordinates":[[126.98945,37.52854],[126.98954,37.5284],[126.9896,37.52826],[126.98964,37.52815],[126.98938,37.52808],[126.98934,37.52809],[126.9893,37.52819],[126.9896,37.52826]]}},{"type":"Feature","properties":{"class":"alley","highway":"service","sidewalk":"unknown","lanes":0,"name":"","oneway":false},"geometry":{"type":"LineString","coordinates":[[126.98921,37.52885],[126.98939,37.52906],[126.98963,37.52903]]}},{"type":"Feature","properties":{"class":"alley","highway":"service","sidewalk":"unknown","lanes":0,"name":"","oneway":false},"geometry":{"type":"LineString","coordinates":[[126.98812,37.52819],[126.988,37.52826]]}},{"type":"Feature","properties":{"class":"alley","highway":"service","sidewalk":"unknown","lanes":0,"name":"","oneway":false},"geometry":{"type":"LineString","coordinates":[[126.98812,37.52819],[126.98808,37.52814],[126.98807,37.52809],[126.98806,37.52805],[126.98803,37.52802],[126.98801,37.528],[126.98798,37.52798],[126.98795,37.52796],[126.98793,37.52795],[126.9879,37.52793],[126.98786,37.52793],[126.98781,37.52794],[126.98776,37.52795],[126.98771,37.52796],[126.98766,37.52799]]}},{"type":"Feature","properties":{"class":"alley","highway":"service","sidewalk":"unknown","lanes":0,"name":"","oneway":false},"geometry":{"type":"LineString","coordinates":[[126.98878,37.52938],[126.98857,37.52934],[126.98855,37.52934],[126.98851,37.52934],[126.98844,37.52936],[126.98837,37.52938],[126.98829,37.52942]]}},{"type":"Feature","properties":{"class":"alley","highway":"service","sidewalk":"unknown","lanes":0,"name":"","oneway":false},"geometry":{"type":"LineString","coordinates":[[126.98855,37.52934],[126.9886,37.52897],[126.9886,37.52896],[126.9886,37.52893],[126.98859,37.52891],[126.98858,37.5289],[126.98853,37.52885]]}},{"type":"Feature","properties":{"class":"alley","highway":"service","sidewalk":"unknown","lanes":0,"name":"","oneway":false},"geometry":{"type":"LineString","coordinates":[[126.9886,37.52897],[126.98874,37.52898]]}},{"type":"Feature","properties":{"class":"alley","highway":"service","sidewalk":"unknown","lanes":0,"name":"","oneway":false},"geometry":{"type":"LineString","coordinates":[[126.98841,37.5289],[126.98853,37.52885],[126.98861,37.52882]]}},{"type":"Feature","properties":{"class":"alley","highway":"service","sidewalk":"unknown","lanes":0,"name":"","oneway":false},"geometry":{"type":"LineString","coordinates":[[126.9885,37.52992],[126.98858,37.52995],[126.98866,37.52997],[126.9887,37.52997]]}},{"type":"Feature","properties":{"class":"alley","highway":"service","sidewalk":"unknown","lanes":0,"name":"","oneway":false},"geometry":{"type":"LineString","coordinates":[[126.9887,37.52997],[126.9888,37.52971],[126.98891,37.52977],[126.98898,37.52987],[126.98887,37.53017],[126.98873,37.53018],[126.98866,37.52997]]}},{"type":"Feature","properties":{"class":"alley","highway":"service","sidewalk":"unknown","lanes":0,"name":"","oneway":false},"geometry":{"type":"LineString","coordinates":[[126.98879,37.52936],[126.98885,37.52939],[126.98891,37.52942],[126.98894,37.52945],[126.98897,37.52948],[126.989,37.52951],[126.98902,37.52954],[126.98905,37.52957],[126.98908,37.52959],[126.98911,37.52962],[126.98916,37.52964],[126.9892,37.52966],[126.98925,37.52967],[126.98929,37.5297],[126.98931,37.52972],[126.98932,37.52974],[126.98934,37.52976],[126.98936,37.52978],[126.9894,37.52979],[126.98943,37.5298]]}},{"type":"Feature","properties":{"class":"alley","highway":"service","sidewalk":"unknown","lanes":0,"name":"","oneway":false},"geometry":{"type":"LineString","coordinates":[[126.98931,37.52972],[126.98927,37.52974],[126.98924,37.52976],[126.98922,37.5298],[126.98921,37.52984],[126.98921,37.52987],[126.98921,37.52989],[126.9892,37.52992],[126.98919,37.52996],[126.98916,37.53003]]}},{"type":"Feature","properties":{"class":"alley","highway":"service","sidewalk":"unknown","lanes":0,"name":"","oneway":false},"geometry":{"type":"LineString","coordinates":[[126.98809,37.53072],[126.98822,37.53111],[126.9883,37.53134],[126.98832,37.53137]]}},{"type":"Feature","properties":{"class":"alley","highway":"service","sidewalk":"unknown","lanes":0,"name":"","oneway":false},"geometry":{"type":"LineString","coordinates":[[126.98747,37.53045],[126.9874,37.53051],[126.98736,37.53053],[126.98729,37.53054],[126.98695,37.53058],[126.9869,37.5306],[126.98688,37.53061],[126.98685,37.53063],[126.98683,37.53065],[126.98682,37.53068],[126.98682,37.53071],[126.98681,37.53075],[126.98681,37.53078],[126.98682,37.53081],[126.98691,37.53093],[126.98691,37.53095],[126.98689,37.53098],[126.98688,37.53102],[126.98689,37.53103],[126.98694,37.53104]]}},{"type":"Feature","properties":{"class":"alley","highway":"service","sidewalk":"unknown","lanes":0,"name":"","oneway":false},"geometry":{"type":"LineString","coordinates":[[126.99023,37.53076],[126.99011,37.53073],[126.98975,37.53058]]}},{"type":"Feature","properties":{"class":"alley","highway":"service","sidewalk":"unknown","lanes":0,"name":"","oneway":false},"geometry":{"type":"LineString","coordinates":[[126.98975,37.53058],[126.98967,37.53061],[126.98963,37.53065],[126.9896,37.53069],[126.98946,37.53087],[126.98942,37.5309],[126.98937,37.53095],[126.98931,37.531],[126.98926,37.53103],[126.98922,37.53107],[126.98918,37.53114],[126.98904,37.53147],[126.98893,37.53145]]}},{"type":"Feature","properties":{"class":"alley","highway":"service","sidewalk":"unknown","lanes":0,"name":"","oneway":false},"geometry":{"type":"LineString","coordinates":[[126.98975,37.53058],[126.9898,37.53055],[126.98984,37.53051],[126.99022,37.52997],[126.99024,37.52993],[126.99025,37.52988],[126.99027,37.5298],[126.99031,37.5296]]}},{"type":"Feature","properties":{"class":"alley","highway":"service","sidewalk":"unknown","lanes":0,"name":"","oneway":false},"geometry":{"type":"LineString","coordinates":[[126.98793,37.53166],[126.98781,37.53186],[126.98808,37.53198],[126.98818,37.53206],[126.98813,37.53214],[126.98791,37.5322],[126.98744,37.53202]]}},{"type":"Feature","properties":{"class":"alley","highway":"service","sidewalk":"unknown","lanes":0,"name":"","oneway":false},"geometry":{"type":"LineString","coordinates":[[126.98868,37.53274],[126.98863,37.53272],[126.9886,37.5327],[126.98858,37.53269],[126.98857,37.53267],[126.98855,37.53265],[126.98854,37.53263],[126.98853,37.5326],[126.98853,37.53257],[126.98853,37.53245],[126.98852,37.53241],[126.9885,37.53238],[126.98849,37.53237],[126.98847,37.53236],[126.98844,37.53235],[126.98832,37.5323],[126.98829,37.53229],[126.98826,37.53229],[126.98822,37.53229],[126.98816,37.5323],[126.98811,37.53231],[126.98805,37.53233],[126.98795,37.53238],[126.98772,37.53263],[126.98756,37.53254],[126.9877,37.53236],[126.98773,37.53235],[126.98776,37.53232],[126.98778,37.5323],[126.98795,37.53238]]}},{"type":"Feature","properties":{"class":"alley","highway":"service","sidewalk":"unknown","lanes":0,"name":"","oneway":false},"geometry":{"type":"LineString","coordinates":[[126.98848,37.53305],[126.98791,37.53274]]}},{"type":"Feature","properties":{"class":"alley","highway":"service","sidewalk":"unknown","lanes":0,"name":"","oneway":false},"geometry":{"type":"LineString","coordinates":[[126.98836,37.53321],[126.98787,37.53298],[126.98785,37.53298],[126.98783,37.53299],[126.98779,37.533],[126.98774,37.53303],[126.98771,37.53304],[126.98767,37.53304],[126.98761,37.53302],[126.98753,37.53299]]}},{"type":"Feature","properties":{"class":"alley","highway":"service","sidewalk":"unknown","lanes":0,"name":"","oneway":false},"geometry":{"type":"LineString","coordinates":[[126.98753,37.53299],[126.98754,37.53306],[126.98757,37.53309],[126.98764,37.53314],[126.98753,37.5332]]}},{"type":"Feature","properties":{"class":"alley","highway":"service","sidewalk":"unknown","lanes":0,"name":"","oneway":false},"geometry":{"type":"LineString","coordinates":[[126.98753,37.53299],[126.98753,37.53297],[126.98753,37.53294],[126.98753,37.53292],[126.98752,37.53289],[126.9875,37.53286],[126.98749,37.53283],[126.98747,37.5328],[126.98745,37.53278],[126.98719,37.53262],[126.98718,37.5326],[126.98717,37.53258],[126.98716,37.53255],[126.98715,37.53252],[126.98714,37.53249],[126.98712,37.53246],[126.98711,37.53244],[126.9871,37.53243],[126.98707,37.53241],[126.98691,37.53258]]}},{"type":"Feature","properties":{"class":"alley","highway":"service","sidewalk":"unknown","lanes":0,"name":"","oneway":false},"geometry":{"type":"LineString","coordinates":[[126.98711,37.53244],[126.98713,37.53239],[126.98715,37.53235],[126.98715,37.53231],[126.98717,37.53228],[126.98718,37.53225]]}},{"type":"Feature","properties":{"class":"alley","highway":"service","sidewalk":"unknown","lanes":0,"name":"","oneway":false},"geometry":{"type":"LineString","coordinates":[[126.98622,37.52845],[126.98631,37.52863],[126.98616,37.52882],[126.98618,37.52893]]}},{"type":"Feature","properties":{"class":"alley","highway":"service","sidewalk":"unknown","lanes":0,"name":"","oneway":false},"geometry":{"type":"LineString","coordinates":[[126.98692,37.52852],[126.98643,37.52867]]}},{"type":"Feature","properties":{"class":"alley","highway":"service","sidewalk":"unknown","lanes":0,"name":"","oneway":false},"geometry":{"type":"LineString","coordinates":[[126.98435,37.52848],[126.98445,37.52841]]}},{"type":"Feature","properties":{"class":"alley","highway":"service","sidewalk":"unknown","lanes":0,"name":"","oneway":false},"geometry":{"type":"LineString","coordinates":[[126.98326,37.52922],[126.98312,37.52923],[126.98248,37.52901],[126.9824,37.52899],[126.9823,37.52898],[126.98223,37.52898]]}},{"type":"Feature","properties":{"class":"alley","highway":"service","sidewalk":"unknown","lanes":0,"name":"","oneway":false},"geometry":{"type":"LineString","coordinates":[[126.9833,37.52934],[126.98333,37.52933],[126.98335,37.52932],[126.98338,37.52931],[126.98356,37.52914]]}},{"type":"Feature","properties":{"class":"alley","highway":"service","sidewalk":"unknown","lanes":0,"name":"","oneway":false},"geometry":{"type":"LineString","coordinates":[[126.98503,37.52886],[126.98519,37.52918],[126.9852,37.52922],[126.9852,37.52927],[126.98521,37.52936],[126.98521,37.52947],[126.98521,37.52952],[126.98521,37.52958],[126.9852,37.52967],[126.98519,37.52976],[126.98518,37.52983]]}},{"type":"Feature","properties":{"class":"alley","highway":"service","sidewalk":"unknown","lanes":0,"name":"","oneway":false},"geometry":{"type":"LineString","coordinates":[[126.98443,37.52913],[126.98449,37.52918],[126.98452,37.52921],[126.98456,37.52925],[126.98458,37.52929],[126.9846,37.52934],[126.98461,37.52938],[126.98461,37.52943],[126.98452,37.52951],[126.9845,37.52954],[126.98447,37.52957],[126.98445,37.5296],[126.98442,37.52963],[126.98439,37.52965],[126.98435,37.52968],[126.98433,37.52969],[126.9843,37.52971],[126.98423,37.52974],[126.98418,37.52976],[126.98412,37.52978],[126.98408,37.52979],[126.98403,37.5298],[126.98399,37.52982],[126.98385,37.52986],[126.98365,37.52983],[126.98362,37.52981],[126.9836,37.52979],[126.98359,37.52978],[126.98359,37.52975],[126.98359,37.52973],[126.98362,37.52966]]}},{"type":"Feature","properties":{"class":"alley","highway":"service","sidewalk":"unknown","lanes":0,"name":"","oneway":false},"geometry":{"type":"LineString","coordinates":[[126.98346,37.53033],[126.98374,37.53036],[126.98377,37.53036],[126.98379,37.53037],[126.98381,37.53038],[126.98383,37.5304],[126.98383,37.53042],[126.98383,37.53045],[126.98384,37.53051],[126.98385,37.53053],[126.98386,37.53055],[126.98388,37.53056],[126.98391,37.53056],[126.98416,37.53057],[126.9842,37.53058],[126.98424,37.53059],[126.98427,37.5306],[126.98434,37.53062]]}},{"type":"Feature","properties":{"class":"alley","highway":"service","sidewalk":"unknown","lanes":0,"name":"","oneway":false},"geometry":{"type":"LineString","coordinates":[[126.98237,37.53063],[126.98218,37.53056]]}},{"type":"Feature","properties":{"class":"alley","highway":"service","sidewalk":"unknown","lanes":0,"name":"","oneway":false},"geometry":{"type":"LineString","coordinates":[[126.98237,37.53063],[126.98262,37.53014],[126.98241,37.53008],[126.9821,37.5301],[126.98199,37.53009]]}},{"type":"Feature","properties":{"class":"alley","highway":"service","sidewalk":"unknown","lanes":0,"name":"","oneway":false},"geometry":{"type":"LineString","coordinates":[[126.98237,37.53063],[126.98241,37.53067]]}},{"type":"Feature","properties":{"class":"alley","highway":"service","sidewalk":"unknown","lanes":0,"name":"","oneway":false},"geometry":{"type":"LineString","coordinates":[[126.98354,37.53109],[126.98382,37.53108],[126.98387,37.53104],[126.98387,37.531]]}},{"type":"Feature","properties":{"class":"alley","highway":"service","sidewalk":"unknown","lanes":0,"name":"","oneway":false},"geometry":{"type":"LineString","coordinates":[[126.98456,37.53164],[126.98468,37.53168],[126.98478,37.53169],[126.98487,37.53169],[126.9849,37.53169]]}},{"type":"Feature","properties":{"class":"alley","highway":"service","sidewalk":"unknown","lanes":0,"name":"","oneway":false},"geometry":{"type":"LineString","coordinates":[[126.98542,37.53267],[126.9855,37.5326],[126.98548,37.53256],[126.98522,37.53232]]}},{"type":"Feature","properties":{"class":"alley","highway":"service","sidewalk":"unknown","lanes":0,"name":"","oneway":false},"geometry":{"type":"LineString","coordinates":[[126.98605,37.53238],[126.98604,37.53232],[126.98601,37.5323],[126.98598,37.53229],[126.98593,37.53228],[126.98568,37.53227]]}},{"type":"Feature","properties":{"class":"alley","highway":"service","sidewalk":"unknown","lanes":0,"name":"","oneway":false},"geometry":{"type":"LineString","coordinates":[[126.98604,37.53232],[126.98606,37.5323],[126.98608,37.53226],[126.98615,37.532]]}},{"type":"Feature","properties":{"class":"alley","highway":"service","sidewalk":"unknown","lanes":0,"name":"","oneway":false},"geometry":{"type":"LineString","coordinates":[[126.98501,37.53252],[126.98493,37.5326],[126.98487,37.53268],[126.98483,37.53277],[126.98483,37.53279],[126.98497,37.5328]]}},{"type":"Feature","properties":{"class":"alley","highway":"service","sidewalk":"unknown","lanes":0,"name":"","oneway":false},"geometry":{"type":"LineString","coordinates":[[126.9828,37.53108],[126.98264,37.53126],[126.98231,37.5311]]}},{"type":"Feature","properties":{"class":"alley","highway":"service","sidewalk":"unknown","lanes":0,"name":"","oneway":false},"geometry":{"type":"LineString","coordinates":[[126.98326,37.53283],[126.98386,37.53283]]}},{"type":"Feature","properties":{"class":"alley","highway":"service","sidewalk":"unknown","lanes":0,"name":"","oneway":false},"geometry":{"type":"LineString","coordinates":[[126.98483,37.5335],[126.98481,37.5338]]}},{"type":"Feature","properties":{"class":"alley","highway":"service","sidewalk":"unknown","lanes":0,"name":"","oneway":false},"geometry":{"type":"LineString","coordinates":[[126.98389,37.53383],[126.98385,37.53432]]}},{"type":"Feature","properties":{"class":"alley","highway":"service","sidewalk":"unknown","lanes":0,"name":"","oneway":false},"geometry":{"type":"LineString","coordinates":[[126.98471,37.53447],[126.98513,37.53449],[126.98547,37.53449],[126.98548,37.53425],[126.98544,37.53421]]}},{"type":"Feature","properties":{"class":"alley","highway":"service","sidewalk":"unknown","lanes":0,"name":"","oneway":false},"geometry":{"type":"LineString","coordinates":[[126.98473,37.5341],[126.98515,37.53411],[126.98572,37.53412]]}},{"type":"Feature","properties":{"class":"alley","highway":"service","sidewalk":"unknown","lanes":0,"name":"","oneway":false},"geometry":{"type":"LineString","coordinates":[[126.98515,37.53411],[126.98521,37.534],[126.98544,37.534]]}},{"type":"Feature","properties":{"class":"alley","highway":"service","sidewalk":"unknown","lanes":0,"name":"","oneway":false},"geometry":{"type":"LineString","coordinates":[[126.98385,37.53293],[126.98386,37.53283],[126.98387,37.53269]]}},{"type":"Feature","properties":{"class":"alley","highway":"service","sidewalk":"unknown","lanes":0,"name":"","oneway":false},"geometry":{"type":"LineString","coordinates":[[126.98312,37.53005],[126.98291,37.52999],[126.98289,37.52981],[126.98269,37.52974]]}},{"type":"Feature","properties":{"class":"alley","highway":"service","sidewalk":"unknown","lanes":0,"name":"","oneway":false},"geometry":{"type":"LineString","coordinates":[[126.98213,37.52933],[126.98204,37.52948],[126.98152,37.52931]]}},{"type":"Feature","properties":{"class":"alley","highway":"service","sidewalk":"unknown","lanes":0,"name":"","oneway":false},"geometry":{"type":"LineString","coordinates":[[126.98201,37.52808],[126.98222,37.52808],[126.98225,37.52808],[126.98227,37.52809],[126.98228,37.52809],[126.98229,37.5281],[126.98229,37.52812],[126.98229,37.52852]]}},{"type":"Feature","properties":{"class":"alley","highway":"service","sidewalk":"unknown","lanes":0,"name":"","oneway":false},"geometry":{"type":"LineString","coordinates":[[126.98201,37.52834],[126.98203,37.52836],[126.98206,37.52839],[126.98208,37.52842],[126.98209,37.52844],[126.98211,37.52847],[126.98212,37.5285],[126.98212,37.52853],[126.98212,37.52856],[126.98212,37.52859],[126.98211,37.52862],[126.98209,37.52865],[126.98207,37.52869]]}},{"type":"Feature","properties":{"class":"alley","highway":"service","sidewalk":"unknown","lanes":0,"name":"","oneway":true},"geometry":{"type":"LineString","coordinates":[[126.98127,37.52845],[126.98126,37.52844],[126.98125,37.52843],[126.98123,37.52842],[126.98122,37.52841],[126.9812,37.52841],[126.98118,37.52841],[126.98115,37.52841],[126.98112,37.52841],[126.9811,37.52842],[126.98108,37.52842],[126.98106,37.52843],[126.98105,37.52844],[126.98104,37.52846],[126.98104,37.52848],[126.98103,37.5285],[126.98103,37.52851],[126.98104,37.52853],[126.98105,37.52854],[126.98107,37.52855],[126.98108,37.52856],[126.9811,37.52857],[126.98113,37.52857],[126.98115,37.52857],[126.98118,37.52857],[126.9812,37.52856],[126.98122,37.52855],[126.98123,37.52854],[126.98125,37.52852],[126.98127,37.52845],[126.98129,37.52839],[126.9813,37.52837],[126.98131,37.52836],[126.98133,37.52835],[126.98135,37.52833],[126.98138,37.52832],[126.98142,37.52831],[126.98146,37.52829],[126.98148,37.52828],[126.9815,37.52828],[126.98153,37.52827],[126.98156,37.52827],[126.98175,37.52827],[126.98183,37.52827],[126.98187,37.52827],[126.98191,37.52828],[126.98193,37.52828],[126.98195,37.52829],[126.98197,37.5283],[126.98199,37.52832],[126.98201,37.52834]]}},{"type":"Feature","properties":{"class":"alley","highway":"service","sidewalk":"unknown","lanes":0,"name":"","oneway":false},"geometry":{"type":"LineString","coordinates":[[126.9815,37.52828],[126.98151,37.52792]]}},{"type":"Feature","properties":{"class":"alley","highway":"service","sidewalk":"unknown","lanes":0,"name":"","oneway":false},"geometry":{"type":"LineString","coordinates":[[126.98175,37.52827],[126.98175,37.52801]]}},{"type":"Feature","properties":{"class":"alley","highway":"service","sidewalk":"unknown","lanes":0,"name":"","oneway":false},"geometry":{"type":"LineString","coordinates":[[126.98014,37.52848],[126.9802,37.52849],[126.98024,37.5285],[126.98028,37.52851],[126.98031,37.52852],[126.98033,37.52853],[126.98034,37.52854],[126.98035,37.52857],[126.98035,37.5286],[126.98035,37.52862],[126.98034,37.52863],[126.98032,37.52865],[126.98029,37.52866],[126.98026,37.52868],[126.98022,37.5287],[126.98015,37.52874]]}},{"type":"Feature","properties":{"class":"alley","highway":"service","sidewalk":"unknown","lanes":0,"name":"Hartell Road","oneway":false},"geometry":{"type":"LineString","coordinates":[[126.98018,37.53219],[126.98016,37.53221],[126.98014,37.53225],[126.98014,37.53232],[126.98011,37.53257],[126.9801,37.53262],[126.98009,37.53266],[126.98007,37.53271],[126.98004,37.53276],[126.98001,37.5328],[126.97996,37.53283],[126.97992,37.53285],[126.97986,37.53288],[126.97979,37.5329],[126.97974,37.5329],[126.9797,37.53289],[126.97957,37.53278],[126.9794,37.53292]]}},{"type":"Feature","properties":{"class":"alley","highway":"service","sidewalk":"unknown","lanes":0,"name":"","oneway":false},"geometry":{"type":"LineString","coordinates":[[126.98087,37.52909],[126.98088,37.52952]]}},{"type":"Feature","properties":{"class":"alley","highway":"service","sidewalk":"unknown","lanes":0,"name":"","oneway":false},"geometry":{"type":"LineString","coordinates":[[126.98241,37.53008],[126.98235,37.52999],[126.98197,37.52985],[126.98181,37.52963],[126.98179,37.52961],[126.98176,37.52959],[126.98174,37.52957],[126.9817,37.52956],[126.98167,37.52954],[126.98164,37.52953],[126.9816,37.52952],[126.98155,37.52951],[126.98151,37.5295],[126.98145,37.52949],[126.9814,37.52948],[126.98135,37.52948],[126.9813,37.52948],[126.98128,37.52949],[126.98125,37.52949],[126.98123,37.5295],[126.98122,37.52951],[126.98122,37.52952]]}},{"type":"Feature","properties":{"class":"alley","highway":"service","sidewalk":"unknown","lanes":0,"name":"","oneway":false},"geometry":{"type":"LineString","coordinates":[[126.9802,37.52976],[126.98033,37.52975],[126.98041,37.52984],[126.9807,37.52983],[126.98071,37.52982],[126.98073,37.52981],[126.98076,37.52981],[126.98078,37.52981],[126.98097,37.5298],[126.98099,37.5298],[126.98101,37.52979],[126.98103,37.52978],[126.98104,37.52977],[126.98104,37.52976],[126.98105,37.52974],[126.98105,37.52973],[126.98104,37.52956],[126.98104,37.52955],[126.98102,37.52953],[126.98099,37.52952],[126.98088,37.52952]]}},{"type":"Feature","properties":{"class":"alley","highway":"service","sidewalk":"unknown","lanes":0,"name":"","oneway":false},"geometry":{"type":"LineString","coordinates":[[126.98033,37.52975],[126.98036,37.52975],[126.98037,37.52975],[126.98038,37.52974],[126.98038,37.52972],[126.98038,37.52961],[126.98038,37.5296],[126.98038,37.52959],[126.98039,37.52958],[126.9804,37.52957],[126.98041,37.52957],[126.98041,37.52953],[126.98088,37.52952]]}},{"type":"Feature","properties":{"class":"alley","highway":"service","sidewalk":"unknown","lanes":0,"name":"","oneway":false},"geometry":{"type":"LineString","coordinates":[[126.98099,37.52952],[126.98111,37.52952],[126.98122,37.52952]]}},{"type":"Feature","properties":{"class":"alley","highway":"service","sidewalk":"unknown","lanes":0,"name":"","oneway":false},"geometry":{"type":"LineString","coordinates":[[126.98111,37.52952],[126.98112,37.52979],[126.9813,37.52979],[126.98131,37.52978],[126.98132,37.52977],[126.98132,37.52976],[126.98132,37.52956],[126.98122,37.52951]]}},{"type":"Feature","properties":{"class":"alley","highway":"service","sidewalk":"unknown","lanes":0,"name":"","oneway":false},"geometry":{"type":"LineString","coordinates":[[126.9807,37.52983],[126.9807,37.52993],[126.98057,37.5303],[126.98039,37.53027]]}},{"type":"Feature","properties":{"class":"alley","highway":"service","sidewalk":"unknown","lanes":0,"name":"","oneway":true},"geometry":{"type":"LineString","coordinates":[[126.98039,37.53027],[126.98036,37.5299],[126.98036,37.52988],[126.98037,37.52987],[126.98038,37.52986],[126.98038,37.52985],[126.98041,37.52984]]}},{"type":"Feature","properties":{"class":"alley","highway":"service","sidewalk":"unknown","lanes":0,"name":"","oneway":false},"geometry":{"type":"LineString","coordinates":[[126.98057,37.5303],[126.98064,37.53032],[126.9807,37.53035],[126.98071,37.53036]]}},{"type":"Feature","properties":{"class":"alley","highway":"service","sidewalk":"unknown","lanes":0,"name":"","oneway":false},"geometry":{"type":"LineString","coordinates":[[126.98071,37.53036],[126.98073,37.53034],[126.98074,37.53033],[126.98076,37.53032],[126.98078,37.53032],[126.9808,37.53031],[126.98082,37.53032],[126.98092,37.53033],[126.98167,37.53047],[126.98169,37.53048],[126.98171,37.5305],[126.98172,37.53051],[126.98172,37.53053],[126.98172,37.53056],[126.98169,37.53064]]}},{"type":"Feature","properties":{"class":"alley","highway":"service","sidewalk":"unknown","lanes":0,"name":"","oneway":true},"geometry":{"type":"LineString","coordinates":[[126.9807,37.53035],[126.98084,37.52994],[126.98104,37.52999],[126.98092,37.53033]]}},{"type":"Feature","properties":{"class":"alley","highway":"service","sidewalk":"unknown","lanes":0,"name":"","oneway":false},"geometry":{"type":"LineString","coordinates":[[126.98071,37.53036],[126.98067,37.53048]]}},{"type":"Feature","properties":{"class":"alley","highway":"service","sidewalk":"unknown","lanes":0,"name":"","oneway":false},"geometry":{"type":"LineString","coordinates":[[126.98004,37.52947],[126.9796,37.52949],[126.97928,37.5295],[126.97923,37.52951],[126.9792,37.52952],[126.97919,37.52953],[126.97917,37.52955],[126.97915,37.52958],[126.97914,37.52962],[126.97914,37.52964],[126.97914,37.53001],[126.97873,37.53012],[126.9782,37.53012]]}},{"type":"Feature","properties":{"class":"alley","highway":"service","sidewalk":"unknown","lanes":0,"name":"","oneway":false},"geometry":{"type":"LineString","coordinates":[[126.97988,37.53122],[126.9801,37.53121],[126.98009,37.53101],[126.98008,37.53083],[126.97985,37.53085]]}},{"type":"Feature","properties":{"class":"alley","highway":"service","sidewalk":"unknown","lanes":0,"name":"","oneway":false},"geometry":{"type":"LineString","coordinates":[[126.97986,37.53103],[126.98009,37.53101]]}},{"type":"Feature","properties":{"class":"alley","highway":"service","sidewalk":"unknown","lanes":0,"name":"","oneway":false},"geometry":{"type":"LineString","coordinates":[[126.98188,37.53067],[126.98178,37.53078],[126.98173,37.53082],[126.9817,37.53085],[126.98167,37.53087],[126.98165,37.53088],[126.98163,37.53088],[126.9816,37.53089],[126.98133,37.53089],[126.98112,37.53088],[126.98111,37.53088]]}},{"type":"Feature","properties":{"class":"alley","highway":"service","sidewalk":"unknown","lanes":0,"name":"","oneway":false},"geometry":{"type":"LineString","coordinates":[[126.98112,37.53088],[126.98098,37.53103],[126.98074,37.53103],[126.98055,37.53089],[126.98051,37.53086],[126.98051,37.53073],[126.98098,37.53073],[126.98111,37.53083],[126.98111,37.53088],[126.98055,37.53089]]}},{"type":"Feature","properties":{"class":"alley","highway":"service","sidewalk":"unknown","lanes":0,"name":"","oneway":false},"geometry":{"type":"LineString","coordinates":[[126.98133,37.53089],[126.98132,37.5307],[126.98132,37.53067],[126.98132,37.53065],[126.98134,37.53063],[126.98141,37.53059]]}},{"type":"Feature","properties":{"class":"alley","highway":"service","sidewalk":"unknown","lanes":0,"name":"","oneway":false},"geometry":{"type":"LineString","coordinates":[[126.98132,37.5307],[126.98116,37.5307]]}},{"type":"Feature","properties":{"class":"alley","highway":"service","sidewalk":"unknown","lanes":0,"name":"","oneway":false},"geometry":{"type":"LineString","coordinates":[[126.98029,37.53157],[126.98067,37.53156],[126.98067,37.53178]]}},{"type":"Feature","properties":{"class":"alley","highway":"service","sidewalk":"unknown","lanes":0,"name":"","oneway":false},"geometry":{"type":"LineString","coordinates":[[126.9831,37.53419],[126.98335,37.5342],[126.98359,37.53421]]}},{"type":"Feature","properties":{"class":"alley","highway":"service","sidewalk":"unknown","lanes":0,"name":"","oneway":false},"geometry":{"type":"LineString","coordinates":[[126.98334,37.53437],[126.98335,37.5342]]}},{"type":"Feature","properties":{"class":"alley","highway":"service","sidewalk":"unknown","lanes":0,"name":"","oneway":false},"geometry":{"type":"LineString","coordinates":[[126.9829,37.53437],[126.98279,37.53439],[126.98247,37.5344],[126.9824,37.53439],[126.98232,37.53438],[126.98227,37.53438],[126.98219,37.53437],[126.98212,37.53437],[126.98204,37.53437],[126.98191,37.53437],[126.98191,37.53429],[126.98193,37.53423],[126.98195,37.5342]]}},{"type":"Feature","properties":{"class":"alley","highway":"service","sidewalk":"unknown","lanes":0,"name":"","oneway":false},"geometry":{"type":"LineString","coordinates":[[126.98247,37.5344],[126.98247,37.53445],[126.98247,37.53452],[126.98247,37.53466]]}},{"type":"Feature","properties":{"class":"alley","highway":"service","sidewalk":"unknown","lanes":0,"name":"","oneway":false},"geometry":{"type":"LineString","coordinates":[[126.98267,37.53385],[126.98261,37.53387],[126.98257,37.5339],[126.98254,37.53393],[126.98251,37.53397],[126.98249,37.53398],[126.98239,37.53398],[126.98233,37.53397],[126.98227,37.53397]]}},{"type":"Feature","properties":{"class":"alley","highway":"service","sidewalk":"unknown","lanes":0,"name":"","oneway":false},"geometry":{"type":"LineString","coordinates":[[126.98111,37.53236],[126.98114,37.53238],[126.98124,37.53244],[126.98132,37.5325],[126.98136,37.53254],[126.98139,37.53258],[126.98145,37.53267],[126.98151,37.53276],[126.98153,37.53281],[126.98156,37.53286],[126.98159,37.53296],[126.98159,37.53298]]}},{"type":"Feature","properties":{"class":"alley","highway":"service","sidewalk":"unknown","lanes":0,"name":"","oneway":true},"geometry":{"type":"LineString","coordinates":[[126.98111,37.53236],[126.98116,37.53236],[126.98122,37.53235],[126.98181,37.5323],[126.98189,37.53228]]}},{"type":"Feature","properties":{"class":"alley","highway":"service","sidewalk":"unknown","lanes":0,"name":"","oneway":true},"geometry":{"type":"LineString","coordinates":[[126.98189,37.53228],[126.98193,37.53244],[126.98136,37.53254]]}},{"type":"Feature","properties":{"class":"alley","highway":"service","sidewalk":"unknown","lanes":0,"name":"","oneway":true},"geometry":{"type":"LineString","coordinates":[[126.98153,37.53281],[126.98209,37.53264],[126.98217,37.5328],[126.98177,37.5329],[126.9817,37.53293],[126.98164,37.53295],[126.98159,37.53298]]}},{"type":"Feature","properties":{"class":"alley","highway":"service","sidewalk":"unknown","lanes":0,"name":"","oneway":false},"geometry":{"type":"LineString","coordinates":[[126.98266,37.53352],[126.98298,37.53356]]}},{"type":"Feature","properties":{"class":"alley","highway":"service","sidewalk":"unknown","lanes":0,"name":"","oneway":false},"geometry":{"type":"LineString","coordinates":[[126.9825,37.53333],[126.9825,37.5333],[126.98248,37.5332],[126.98256,37.53313]]}},{"type":"Feature","properties":{"class":"alley","highway":"service","sidewalk":"unknown","lanes":0,"name":"","oneway":false},"geometry":{"type":"LineString","coordinates":[[126.9825,37.5333],[126.98256,37.53324],[126.98262,37.53319],[126.98267,37.53314],[126.98272,37.5331],[126.98278,37.53307],[126.98285,37.53303],[126.98291,37.53299],[126.98301,37.53295],[126.98304,37.53294],[126.98307,37.53294],[126.98309,37.53294],[126.98311,37.53295],[126.98314,37.53296],[126.9832,37.53299]]}},{"type":"Feature","properties":{"class":"alley","highway":"service","sidewalk":"unknown","lanes":0,"name":"","oneway":false},"geometry":{"type":"LineString","coordinates":[[126.98066,37.53403],[126.9807,37.53402],[126.98087,37.534],[126.9812,37.53389],[126.98119,37.53387],[126.98116,37.53374],[126.98114,37.53364],[126.98112,37.53347],[126.98109,37.53317]]}},{"type":"Feature","properties":{"class":"alley","highway":"service","sidewalk":"unknown","lanes":0,"name":"","oneway":false},"geometry":{"type":"LineString","coordinates":[[126.98119,37.53387],[126.98133,37.53385],[126.98149,37.53384],[126.98169,37.53382],[126.9818,37.53381],[126.98186,37.53379],[126.98189,37.53377],[126.98192,37.53371],[126.98193,37.53365],[126.98193,37.53361],[126.9819,37.53359],[126.98185,37.53357],[126.98177,37.53358],[126.98142,37.53364],[126.98137,37.53368],[126.98131,37.53371],[126.98123,37.53373],[126.98116,37.53374]]}},{"type":"Feature","properties":{"class":"alley","highway":"service","sidewalk":"unknown","lanes":0,"name":"","oneway":false},"geometry":{"type":"LineString","coordinates":[[126.98109,37.53317],[126.98113,37.53313],[126.98119,37.5331],[126.98123,37.53308],[126.98125,37.53308],[126.98151,37.53303],[126.98155,37.53302],[126.98157,37.533],[126.98159,37.53298]]}},{"type":"Feature","properties":{"class":"alley","highway":"service","sidewalk":"unknown","lanes":0,"name":"","oneway":false},"geometry":{"type":"LineString","coordinates":[[126.98125,37.53308],[126.98092,37.53259],[126.98088,37.53253]]}},{"type":"Feature","properties":{"class":"alley","highway":"service","sidewalk":"unknown","lanes":0,"name":"","oneway":false},"geometry":{"type":"LineString","coordinates":[[126.98109,37.53317],[126.98102,37.53311],[126.98069,37.53262],[126.98067,37.53257],[126.98067,37.53254],[126.98068,37.5325],[126.9807,37.53246],[126.98072,37.53244],[126.98075,37.53244],[126.98081,37.53245],[126.98085,37.53247],[126.98088,37.53253]]}},{"type":"Feature","properties":{"class":"alley","highway":"service","sidewalk":"unknown","lanes":0,"name":"","oneway":false},"geometry":{"type":"LineString","coordinates":[[126.98111,37.53236],[126.98101,37.53248],[126.98092,37.53259]]}},{"type":"Feature","properties":{"class":"alley","highway":"service","sidewalk":"unknown","lanes":0,"name":"","oneway":false},"geometry":{"type":"LineString","coordinates":[[126.98101,37.53248],[126.98111,37.53255],[126.98117,37.5326],[126.98123,37.53267],[126.98142,37.53296]]}},{"type":"Feature","properties":{"class":"alley","highway":"service","sidewalk":"unknown","lanes":0,"name":"","oneway":false},"geometry":{"type":"LineString","coordinates":[[126.98341,37.53055],[126.9836,37.53056]]}},{"type":"Feature","properties":{"class":"alley","highway":"service","sidewalk":"unknown","lanes":0,"name":"","oneway":true},"geometry":{"type":"LineString","coordinates":[[126.98036,37.53385],[126.98029,37.53322],[126.98035,37.53298]]}},{"type":"Feature","properties":{"class":"alley","highway":"service","sidewalk":"unknown","lanes":0,"name":"","oneway":false},"geometry":{"type":"LineString","coordinates":[[126.99202,37.52809],[126.9919,37.52808],[126.99185,37.52841],[126.99209,37.52846],[126.99214,37.52841],[126.99217,37.52837],[126.9922,37.52832],[126.99223,37.52828],[126.99226,37.52821],[126.99227,37.52814],[126.99232,37.52795]]}},{"type":"Feature","properties":{"class":"alley","highway":"service","sidewalk":"unknown","lanes":0,"name":"","oneway":false},"geometry":{"type":"LineString","coordinates":[[126.98104,37.53534],[126.98105,37.5352]]}},{"type":"Feature","properties":{"class":"alley","highway":"service","sidewalk":"unknown","lanes":0,"name":"","oneway":false},"geometry":{"type":"LineString","coordinates":[[126.98131,37.53543],[126.98221,37.53546]]}},{"type":"Feature","properties":{"class":"alley","highway":"service","sidewalk":"unknown","lanes":0,"name":"","oneway":false},"geometry":{"type":"LineString","coordinates":[[126.98109,37.5358],[126.98211,37.53583],[126.98216,37.53584],[126.98218,37.53585],[126.98219,37.53588],[126.98219,37.53589],[126.98217,37.5364],[126.98214,37.53654]]}},{"type":"Feature","properties":{"class":"alley","highway":"service","sidewalk":"unknown","lanes":0,"name":"","oneway":false},"geometry":{"type":"LineString","coordinates":[[126.98219,37.53589],[126.98222,37.53587],[126.98227,37.53587],[126.98232,37.53587],[126.98238,37.53588],[126.98244,37.53589],[126.98248,37.5359],[126.98251,37.53591],[126.98255,37.53594],[126.98351,37.53595],[126.98349,37.53635],[126.98346,37.53636],[126.98344,37.53638],[126.98342,37.53641],[126.98342,37.53646],[126.9834,37.53665]]}},{"type":"Feature","properties":{"class":"alley","highway":"service","sidewalk":"unknown","lanes":0,"name":"","oneway":false},"geometry":{"type":"LineString","coordinates":[[126.98248,37.53638],[126.9829,37.53639],[126.98342,37.53641]]}},{"type":"Feature","properties":{"class":"alley","highway":"service","sidewalk":"unknown","lanes":0,"name":"","oneway":true},"geometry":{"type":"LineString","coordinates":[[126.98288,37.53662],[126.9829,37.53639]]}},{"type":"Feature","properties":{"class":"alley","highway":"service","sidewalk":"unknown","lanes":0,"name":"","oneway":false},"geometry":{"type":"LineString","coordinates":[[126.98106,37.53636],[126.98125,37.53636],[126.98135,37.53636],[126.9815,37.53637],[126.98164,37.53637],[126.98175,37.53637],[126.9819,37.53638],[126.98205,37.53639],[126.98212,37.53639],[126.98217,37.5364]]}},{"type":"Feature","properties":{"class":"alley","highway":"service","sidewalk":"unknown","lanes":0,"name":"","oneway":false},"geometry":{"type":"LineString","coordinates":[[126.98456,37.5356],[126.98462,37.5356],[126.98461,37.53556],[126.9846,37.5355],[126.98459,37.53543],[126.98458,37.53539]]}},{"type":"Feature","properties":{"class":"alley","highway":"service","sidewalk":"unknown","lanes":0,"name":"","oneway":false},"geometry":{"type":"LineString","coordinates":[[126.9849,37.53595],[126.98454,37.53594],[126.98456,37.5356],[126.98423,37.53559],[126.98418,37.53555],[126.98384,37.53554],[126.98383,37.53551],[126.98387,37.53512]]}},{"type":"Feature","properties":{"class":"alley","highway":"service","sidewalk":"unknown","lanes":0,"name":"","oneway":false},"geometry":{"type":"LineString","coordinates":[[126.9851,37.53582],[126.9851,37.53559]]}},{"type":"Feature","properties":{"class":"alley","highway":"service","sidewalk":"unknown","lanes":0,"name":"","oneway":true},"geometry":{"type":"LineString","coordinates":[[126.9851,37.53559],[126.98509,37.53556],[126.98507,37.53554],[126.98505,37.53551],[126.98502,37.5355]]}},{"type":"Feature","properties":{"class":"alley","highway":"service","sidewalk":"unknown","lanes":0,"name":"","oneway":false},"geometry":{"type":"LineString","coordinates":[[126.98531,37.53583],[126.98532,37.53559],[126.98524,37.53559]]}},{"type":"Feature","properties":{"class":"alley","highway":"service","sidewalk":"unknown","lanes":0,"name":"","oneway":false},"geometry":{"type":"LineString","coordinates":[[126.9851,37.53582],[126.98506,37.53586],[126.98501,37.53591],[126.98497,37.53595],[126.98496,37.53596],[126.98494,37.53597],[126.9849,37.53599]]}},{"type":"Feature","properties":{"class":"alley","highway":"service","sidewalk":"unknown","lanes":0,"name":"","oneway":false},"geometry":{"type":"LineString","coordinates":[[126.98494,37.53597],[126.98502,37.53602],[126.98507,37.53605],[126.98512,37.53607],[126.98515,37.53607],[126.98518,37.53608],[126.98535,37.53608]]}},{"type":"Feature","properties":{"class":"alley","highway":"service","sidewalk":"unknown","lanes":0,"name":"","oneway":false},"geometry":{"type":"LineString","coordinates":[[126.98515,37.53607],[126.98512,37.53675]]}},{"type":"Feature","properties":{"class":"alley","highway":"service","sidewalk":"unknown","lanes":0,"name":"","oneway":false},"geometry":{"type":"LineString","coordinates":[[126.98535,37.53608],[126.98532,37.53679]]}},{"type":"Feature","properties":{"class":"alley","highway":"service","sidewalk":"unknown","lanes":0,"name":"","oneway":false},"geometry":{"type":"LineString","coordinates":[[126.98488,37.5366],[126.9843,37.53658],[126.98426,37.53653],[126.98413,37.53653],[126.98364,37.5365]]}},{"type":"Feature","properties":{"class":"alley","highway":"service","sidewalk":"unknown","lanes":0,"name":"","oneway":false},"geometry":{"type":"LineString","coordinates":[[126.98413,37.53653],[126.98407,37.53644],[126.98488,37.53649]]}},{"type":"Feature","properties":{"class":"alley","highway":"service","sidewalk":"unknown","lanes":0,"name":"","oneway":false},"geometry":{"type":"LineString","coordinates":[[126.98053,37.53766],[126.98082,37.53766],[126.98096,37.53766],[126.98106,37.53765],[126.98113,37.53764],[126.98114,37.53762],[126.98116,37.53748],[126.98129,37.53748],[126.98131,37.53747],[126.98133,37.53746],[126.98135,37.53746]]}},{"type":"Feature","properties":{"class":"alley","highway":"service","sidewalk":"unknown","lanes":0,"name":"","oneway":false},"geometry":{"type":"LineString","coordinates":[[126.97943,37.5364],[126.97952,37.53629],[126.98003,37.53631],[126.98021,37.53634],[126.98025,37.53635],[126.98032,37.53646]]}},{"type":"Feature","properties":{"class":"alley","highway":"service","sidewalk":"unknown","lanes":0,"name":"","oneway":false},"geometry":{"type":"LineString","coordinates":[[126.9819,37.5379],[126.98192,37.53749],[126.98192,37.53748],[126.98196,37.53694],[126.98196,37.53693],[126.98197,37.53679],[126.98198,37.53665],[126.98198,37.53652]]}},{"type":"Feature","properties":{"class":"alley","highway":"service","sidewalk":"unknown","lanes":0,"name":"","oneway":true},"geometry":{"type":"LineString","coordinates":[[126.98196,37.53693],[126.98153,37.53692],[126.98153,37.53677],[126.98197,37.53679]]}},{"type":"Feature","properties":{"class":"alley","highway":"service","sidewalk":"unknown","lanes":0,"name":"","oneway":false},"geometry":{"type":"LineString","coordinates":[[126.98153,37.53677],[126.98154,37.53672],[126.98158,37.53663],[126.98198,37.53665]]}},{"type":"Feature","properties":{"class":"alley","highway":"service","sidewalk":"unknown","lanes":0,"name":"","oneway":false},"geometry":{"type":"LineString","coordinates":[[126.98366,37.53756],[126.98365,37.53787]]}},{"type":"Feature","properties":{"class":"alley","highway":"service","sidewalk":"unknown","lanes":0,"name":"","oneway":false},"geometry":{"type":"LineString","coordinates":[[126.98325,37.53689],[126.98345,37.53702]]}},{"type":"Feature","properties":{"class":"alley","highway":"service","sidewalk":"unknown","lanes":0,"name":"","oneway":false},"geometry":{"type":"LineString","coordinates":[[126.98345,37.53702],[126.98341,37.53755]]}},{"type":"Feature","properties":{"class":"alley","highway":"service","sidewalk":"unknown","lanes":0,"name":"","oneway":false},"geometry":{"type":"LineString","coordinates":[[126.98345,37.53702],[126.98372,37.53704],[126.98403,37.53706],[126.98426,37.53708],[126.98448,37.53709]]}},{"type":"Feature","properties":{"class":"alley","highway":"service","sidewalk":"unknown","lanes":0,"name":"","oneway":false},"geometry":{"type":"LineString","coordinates":[[126.98366,37.53756],[126.98372,37.53704]]}},{"type":"Feature","properties":{"class":"alley","highway":"service","sidewalk":"unknown","lanes":0,"name":"","oneway":false},"geometry":{"type":"LineString","coordinates":[[126.98396,37.53758],[126.98403,37.53706]]}},{"type":"Feature","properties":{"class":"alley","highway":"service","sidewalk":"unknown","lanes":0,"name":"","oneway":false},"geometry":{"type":"LineString","coordinates":[[126.98421,37.53759],[126.98426,37.53708]]}},{"type":"Feature","properties":{"class":"alley","highway":"service","sidewalk":"unknown","lanes":0,"name":"","oneway":false},"geometry":{"type":"LineString","coordinates":[[126.98568,37.53803],[126.98567,37.53819]]}},{"type":"Feature","properties":{"class":"alley","highway":"service","sidewalk":"unknown","lanes":0,"name":"Gaines Avenue","oneway":false},"geometry":{"type":"LineString","coordinates":[[126.98567,37.53819],[126.98566,37.53841],[126.98566,37.53849],[126.98566,37.5386],[126.98564,37.53906],[126.98565,37.53908],[126.98568,37.53921],[126.98571,37.53925],[126.98595,37.53971],[126.98607,37.54004],[126.98607,37.54012],[126.98601,37.54014]]}},{"type":"Feature","properties":{"class":"alley","highway":"service","sidewalk":"unknown","lanes":0,"name":"","oneway":false},"geometry":{"type":"LineString","coordinates":[[126.98444,37.53759],[126.9845,37.5376],[126.98463,37.53761],[126.98528,37.53763],[126.98531,37.53732]]}},{"type":"Feature","properties":{"class":"alley","highway":"service","sidewalk":"unknown","lanes":0,"name":"","oneway":false},"geometry":{"type":"LineString","coordinates":[[126.98463,37.53761],[126.98466,37.53726]]}},{"type":"Feature","properties":{"class":"alley","highway":"service","sidewalk":"unknown","lanes":0,"name":"","oneway":false},"geometry":{"type":"LineString","coordinates":[[126.9857,37.53788],[126.98614,37.5379]]}},{"type":"Feature","properties":{"class":"alley","highway":"service","sidewalk":"unknown","lanes":0,"name":"","oneway":false},"geometry":{"type":"LineString","coordinates":[[126.98571,37.53763],[126.98575,37.53762],[126.98578,37.5376],[126.98582,37.53759],[126.98584,37.53758],[126.98588,37.53757],[126.98593,37.53757],[126.98631,37.5376]]}},{"type":"Feature","properties":{"class":"alley","highway":"service","sidewalk":"unknown","lanes":0,"name":"","oneway":false},"geometry":{"type":"LineString","coordinates":[[126.98573,37.53742],[126.98613,37.53744],[126.98618,37.53744],[126.98623,37.53743],[126.98626,37.53742],[126.9863,37.5374],[126.98633,37.53738],[126.98635,37.53736],[126.98638,37.53734]]}},{"type":"Feature","properties":{"class":"alley","highway":"service","sidewalk":"unknown","lanes":0,"name":"","oneway":false},"geometry":{"type":"LineString","coordinates":[[126.98586,37.53724],[126.98612,37.53725],[126.98613,37.53708]]}},{"type":"Feature","properties":{"class":"alley","highway":"service","sidewalk":"unknown","lanes":0,"name":"","oneway":false},"geometry":{"type":"LineString","coordinates":[[126.98039,37.53705],[126.98038,37.53714]]}},{"type":"Feature","properties":{"class":"alley","highway":"service","sidewalk":"unknown","lanes":0,"name":"","oneway":true},"geometry":{"type":"LineString","coordinates":[[126.98077,37.53523],[126.98077,37.53526],[126.98077,37.53529],[126.98079,37.53531],[126.98081,37.53532],[126.98083,37.53533],[126.98087,37.53533],[126.98092,37.53533],[126.98097,37.53533],[126.98101,37.53534],[126.98104,37.53534],[126.98105,37.53535],[126.98108,37.53537],[126.9811,37.53539],[126.98111,37.53543],[126.98111,37.53547]]}},{"type":"Feature","properties":{"class":"alley","highway":"service","sidewalk":"unknown","lanes":0,"name":"","oneway":true},"geometry":{"type":"LineString","coordinates":[[126.98111,37.53547],[126.98109,37.53545],[126.98107,37.53544],[126.98104,37.53543],[126.98102,37.53542],[126.98099,37.53542],[126.98095,37.53542],[126.98089,37.53542],[126.98084,37.53541],[126.9808,37.5354],[126.98079,37.53538],[126.98077,37.53537],[126.98076,37.53535],[126.98076,37.53532],[126.98075,37.5353],[126.98075,37.53528],[126.98076,37.53526],[126.98077,37.53523]]}},{"type":"Feature","properties":{"class":"alley","highway":"service","sidewalk":"unknown","lanes":0,"name":"","oneway":false},"geometry":{"type":"LineString","coordinates":[[126.98196,37.53694],[126.98209,37.53695]]}},{"type":"Feature","properties":{"class":"alley","highway":"service","sidewalk":"unknown","lanes":0,"name":"","oneway":false},"geometry":{"type":"LineString","coordinates":[[126.98192,37.53749],[126.98204,37.53749],[126.98205,37.53744],[126.98314,37.53752],[126.98313,37.53756],[126.98321,37.53756],[126.98322,37.53754]]}},{"type":"Feature","properties":{"class":"alley","highway":"service","sidewalk":"unknown","lanes":0,"name":"","oneway":false},"geometry":{"type":"LineString","coordinates":[[126.98047,37.53851],[126.98103,37.53854]]}},{"type":"Feature","properties":{"class":"alley","highway":"service","sidewalk":"unknown","lanes":0,"name":"","oneway":false},"geometry":{"type":"LineString","coordinates":[[126.98215,37.53868],[126.98215,37.53862],[126.98216,37.53851],[126.98217,37.53847]]}},{"type":"Feature","properties":{"class":"alley","highway":"service","sidewalk":"unknown","lanes":0,"name":"","oneway":false},"geometry":{"type":"LineString","coordinates":[[126.98217,37.53847],[126.98213,37.53844],[126.98214,37.5383],[126.98221,37.5383],[126.98223,37.53831],[126.9823,37.53831],[126.98229,37.53845],[126.98216,37.53851]]}},{"type":"Feature","properties":{"class":"alley","highway":"service","sidewalk":"unknown","lanes":0,"name":"","oneway":false},"geometry":{"type":"LineString","coordinates":[[126.98274,37.53872],[126.98336,37.53873],[126.98346,37.53873],[126.98363,37.53874],[126.98374,37.53874],[126.98382,37.53865],[126.98384,37.53845],[126.98366,37.53844],[126.98349,37.53843],[126.98339,37.53843],[126.98336,37.53873]]}},{"type":"Feature","properties":{"class":"alley","highway":"service","sidewalk":"unknown","lanes":0,"name":"","oneway":false},"geometry":{"type":"LineString","coordinates":[[126.98346,37.53873],[126.98349,37.53843]]}},{"type":"Feature","properties":{"class":"alley","highway":"service","sidewalk":"unknown","lanes":0,"name":"","oneway":false},"geometry":{"type":"LineString","coordinates":[[126.98363,37.53874],[126.98366,37.53844]]}},{"type":"Feature","properties":{"class":"alley","highway":"service","sidewalk":"unknown","lanes":0,"name":"","oneway":false},"geometry":{"type":"LineString","coordinates":[[126.98451,37.53815],[126.98449,37.53836],[126.98445,37.53837],[126.98443,37.53838],[126.98441,37.53839],[126.98439,37.53842],[126.98438,37.53844],[126.98437,37.53844],[126.98435,37.53845],[126.98432,37.53846],[126.98426,37.53846],[126.98401,37.53845],[126.98398,37.53873],[126.98442,37.53878],[126.98458,37.5388],[126.98481,37.53881],[126.98481,37.53877],[126.98493,37.53877],[126.98496,37.53845],[126.98474,37.53844],[126.9847,37.53844],[126.98469,37.53844],[126.98465,37.53842],[126.98462,37.5384],[126.98459,37.53839],[126.98457,37.53838],[126.98454,37.53837],[126.98451,37.53836],[126.98449,37.53836]]}},{"type":"Feature","properties":{"class":"alley","highway":"service","sidewalk":"unknown","lanes":0,"name":"","oneway":false},"geometry":{"type":"LineString","coordinates":[[126.98437,37.53844],[126.98438,37.53846],[126.98441,37.53847],[126.98444,37.53848],[126.98446,37.53848],[126.9845,37.53848],[126.98453,37.53848],[126.98456,37.53848],[126.98459,37.53847],[126.98462,37.53846],[126.98466,37.53845],[126.9847,37.53844]]}},{"type":"Feature","properties":{"class":"alley","highway":"service","sidewalk":"unknown","lanes":0,"name":"","oneway":true},"geometry":{"type":"LineString","coordinates":[[126.98566,37.5386],[126.98546,37.53859],[126.98548,37.5384],[126.98566,37.53841]]}},{"type":"Feature","properties":{"class":"alley","highway":"service","sidewalk":"unknown","lanes":0,"name":"","oneway":false},"geometry":{"type":"LineString","coordinates":[[126.98566,37.53841],[126.98574,37.53841],[126.98623,37.53842],[126.98629,37.53842]]}},{"type":"Feature","properties":{"class":"alley","highway":"service","sidewalk":"unknown","lanes":0,"name":"","oneway":false},"geometry":{"type":"LineString","coordinates":[[126.98628,37.53857],[126.98633,37.53853],[126.98638,37.5385],[126.98641,37.53849],[126.98644,37.53849],[126.98649,37.53849],[126.98654,37.53849],[126.98656,37.5385],[126.98659,37.53852],[126.9866,37.53853]]}},{"type":"Feature","properties":{"class":"alley","highway":"service","sidewalk":"unknown","lanes":0,"name":"","oneway":false},"geometry":{"type":"LineString","coordinates":[[126.98622,37.53896],[126.98585,37.53895]]}},{"type":"Feature","properties":{"class":"alley","highway":"service","sidewalk":"unknown","lanes":0,"name":"","oneway":false},"geometry":{"type":"LineString","coordinates":[[126.98621,37.53903],[126.98621,37.53911],[126.9862,37.53913],[126.98619,37.53914],[126.98618,37.53915],[126.98618,37.53919]]}},{"type":"Feature","properties":{"class":"alley","highway":"service","sidewalk":"unknown","lanes":0,"name":"","oneway":false},"geometry":{"type":"LineString","coordinates":[[126.98565,37.53908],[126.98523,37.53906],[126.98522,37.5392]]}},{"type":"Feature","properties":{"class":"alley","highway":"service","sidewalk":"unknown","lanes":0,"name":"","oneway":false},"geometry":{"type":"LineString","coordinates":[[126.98523,37.53906],[126.98523,37.53901]]}},{"type":"Feature","properties":{"class":"alley","highway":"service","sidewalk":"unknown","lanes":0,"name":"","oneway":false},"geometry":{"type":"LineString","coordinates":[[126.98414,37.53948],[126.984,37.53947],[126.98388,37.53946],[126.9839,37.53929],[126.98402,37.5393],[126.984,37.53947]]}},{"type":"Feature","properties":{"class":"alley","highway":"service","sidewalk":"unknown","lanes":0,"name":"","oneway":false},"geometry":{"type":"LineString","coordinates":[[126.98336,37.54006],[126.98354,37.53988]]}},{"type":"Feature","properties":{"class":"alley","highway":"service","sidewalk":"unknown","lanes":0,"name":"","oneway":false},"geometry":{"type":"LineString","coordinates":[[126.98271,37.53928],[126.98307,37.53929]]}},{"type":"Feature","properties":{"class":"alley","highway":"service","sidewalk":"unknown","lanes":0,"name":"","oneway":false},"geometry":{"type":"LineString","coordinates":[[126.98142,37.53928],[126.98144,37.53896]]}},{"type":"Feature","properties":{"class":"alley","highway":"service","sidewalk":"unknown","lanes":0,"name":"","oneway":false},"geometry":{"type":"LineString","coordinates":[[126.98046,37.53863],[126.98004,37.53863]]}},{"type":"Feature","properties":{"class":"alley","highway":"service","sidewalk":"unknown","lanes":0,"name":"","oneway":false},"geometry":{"type":"LineString","coordinates":[[126.9803,37.53943],[126.98023,37.53944],[126.98019,37.53945],[126.98017,37.53946],[126.98014,37.53947],[126.98011,37.53948],[126.98007,37.53948],[126.97993,37.53947],[126.9799,37.53944],[126.97988,37.5394],[126.97987,37.53937],[126.97987,37.53925],[126.97987,37.53916],[126.97986,37.53908],[126.97986,37.53901],[126.97986,37.53895],[126.97987,37.53892],[126.97987,37.5389],[126.97985,37.5388],[126.97986,37.53878],[126.97986,37.53875],[126.97985,37.53872],[126.97984,37.53868],[126.97984,37.53865],[126.97984,37.53862],[126.97986,37.5386],[126.97988,37.53858],[126.97992,37.53857],[126.97995,37.53857],[126.97998,37.53857],[126.98001,37.53858],[126.98003,37.53858]]}},{"type":"Feature","properties":{"class":"alley","highway":"service","sidewalk":"unknown","lanes":0,"name":"","oneway":false},"geometry":{"type":"LineString","coordinates":[[126.97987,37.53925],[126.98015,37.53925]]}},{"type":"Feature","properties":{"class":"alley","highway":"service","sidewalk":"unknown","lanes":0,"name":"","oneway":false},"geometry":{"type":"LineString","coordinates":[[126.97987,37.53892],[126.98006,37.53892]]}},{"type":"Feature","properties":{"class":"alley","highway":"service","sidewalk":"unknown","lanes":0,"name":"","oneway":false},"geometry":{"type":"LineString","coordinates":[[126.98006,37.53772],[126.98007,37.53774],[126.9801,37.53776],[126.98013,37.53777],[126.98016,37.53777],[126.98017,37.53779],[126.98018,37.5378],[126.98042,37.53782]]}},{"type":"Feature","properties":{"class":"alley","highway":"service","sidewalk":"unknown","lanes":0,"name":"","oneway":false},"geometry":{"type":"LineString","coordinates":[[126.98023,37.53787],[126.98028,37.53789],[126.98039,37.5379]]}},{"type":"Feature","properties":{"class":"alley","highway":"service","sidewalk":"unknown","lanes":0,"name":"","oneway":false},"geometry":{"type":"LineString","coordinates":[[126.98705,37.53837],[126.98717,37.53828],[126.98719,37.53828],[126.98723,37.53828],[126.9873,37.53829],[126.98739,37.5383],[126.98744,37.5383],[126.98747,37.53829],[126.98749,37.53829],[126.98752,37.53827],[126.98754,37.53825],[126.98756,37.53822]]}},{"type":"Feature","properties":{"class":"alley","highway":"service","sidewalk":"unknown","lanes":0,"name":"","oneway":false},"geometry":{"type":"LineString","coordinates":[[126.98756,37.53822],[126.98755,37.5382],[126.98753,37.53818],[126.98751,37.53817],[126.98747,37.53816],[126.98732,37.53813],[126.98728,37.53812],[126.98725,37.53811],[126.98724,37.5381],[126.98723,37.53808],[126.98723,37.53806],[126.98723,37.53804],[126.98739,37.53761],[126.9874,37.53758],[126.98741,37.53756],[126.98742,37.53754],[126.98744,37.53753],[126.98745,37.53753],[126.98747,37.53752],[126.98749,37.53753],[126.98751,37.53753],[126.98752,37.53754]]}},{"type":"Feature","properties":{"class":"alley","highway":"service","sidewalk":"unknown","lanes":0,"name":"","oneway":false},"geometry":{"type":"LineString","coordinates":[[126.98747,37.53829],[126.98764,37.53834]]}},{"type":"Feature","properties":{"class":"alley","highway":"service","sidewalk":"unknown","lanes":0,"name":"","oneway":false},"geometry":{"type":"LineString","coordinates":[[126.98756,37.53822],[126.98759,37.53821],[126.98761,37.5382],[126.98762,37.53818],[126.98765,37.53814],[126.98787,37.53755],[126.98789,37.53753],[126.98791,37.53751],[126.98794,37.53751],[126.98798,37.53752],[126.98836,37.53761],[126.98848,37.53771],[126.98848,37.53773],[126.98848,37.53776],[126.9884,37.538],[126.98837,37.5381],[126.9883,37.5383]]}},{"type":"Feature","properties":{"class":"alley","highway":"service","sidewalk":"unknown","lanes":0,"name":"","oneway":false},"geometry":{"type":"LineString","coordinates":[[126.98837,37.5381],[126.98852,37.53813]]}},{"type":"Feature","properties":{"class":"alley","highway":"service","sidewalk":"unknown","lanes":0,"name":"","oneway":false},"geometry":{"type":"LineString","coordinates":[[126.98265,37.53046],[126.98272,37.53052],[126.98341,37.53056]]}},{"type":"Feature","properties":{"class":"alley","highway":"service","sidewalk":"unknown","lanes":0,"name":"","oneway":false},"geometry":{"type":"LineString","coordinates":[[126.99784,37.53333],[126.99787,37.53327],[126.9978,37.53321]]}},{"type":"Feature","properties":{"class":"alley","highway":"service","sidewalk":"unknown","lanes":0,"name":"이태원로45길","oneway":false},"geometry":{"type":"LineString","coordinates":[[126.99922,37.53617],[127.00018,37.53704]]}},{"type":"Feature","properties":{"class":"alley","highway":"service","sidewalk":"unknown","lanes":0,"name":"","oneway":false},"geometry":{"type":"LineString","coordinates":[[126.99536,37.53553],[126.99517,37.53525]]}},{"type":"Feature","properties":{"class":"alley","highway":"service","sidewalk":"unknown","lanes":0,"name":"이태원로27길","oneway":false},"geometry":{"type":"LineString","coordinates":[[126.99554,37.53581],[126.99536,37.53553]]}},{"type":"Feature","properties":{"class":"alley","highway":"service","sidewalk":"unknown","lanes":0,"name":"이태원로45길","oneway":false},"geometry":{"type":"LineString","coordinates":[[126.99744,37.53737],[126.99791,37.53742]]}},{"type":"Feature","properties":{"class":"alley","highway":"service","sidewalk":"unknown","lanes":0,"name":"이태원로19길","oneway":false},"geometry":{"type":"LineString","coordinates":[[126.99196,37.53581],[126.99172,37.53573],[126.99142,37.53577]]}},{"type":"Feature","properties":{"class":"minor","highway":"residential","sidewalk":"unknown","lanes":0,"name":"회나무로44길","oneway":false},"geometry":{"type":"LineString","coordinates":[[126.99508,37.53973],[126.99521,37.53981],[126.99554,37.53957]]}},{"type":"Feature","properties":{"class":"minor","highway":"residential","sidewalk":"unknown","lanes":0,"name":"회나무로42길","oneway":false},"geometry":{"type":"LineString","coordinates":[[126.99374,37.53977],[126.99384,37.53948]]}},{"type":"Feature","properties":{"class":"minor","highway":"residential","sidewalk":"unknown","lanes":0,"name":"회나무로28길","oneway":false},"geometry":{"type":"LineString","coordinates":[[126.99284,37.53906],[126.99278,37.53913],[126.99245,37.53924]]}},{"type":"Feature","properties":{"class":"minor","highway":"residential","sidewalk":"unknown","lanes":0,"name":"녹사평대로54길","oneway":false},"geometry":{"type":"LineString","coordinates":[[126.98795,37.53962],[126.9879,37.53944],[126.98786,37.53929]]}},{"type":"Feature","properties":{"class":"alley","highway":"pedestrian","sidewalk":"unknown","lanes":0,"name":"녹사평대로54길","oneway":false},"geometry":{"type":"LineString","coordinates":[[126.98786,37.53929],[126.98809,37.53923],[126.98835,37.53915],[126.98861,37.53907],[126.98858,37.53894]]}},{"type":"Feature","properties":{"class":"minor","highway":"residential","sidewalk":"unknown","lanes":0,"name":"녹사평대로52길","oneway":false},"geometry":{"type":"LineString","coordinates":[[126.98787,37.539],[126.98722,37.53908],[126.98707,37.5391]]}},{"type":"Feature","properties":{"class":"alley","highway":"pedestrian","sidewalk":"unknown","lanes":0,"name":"녹사평대로54길","oneway":false},"geometry":{"type":"LineString","coordinates":[[126.98809,37.53923],[126.98811,37.53925],[126.98857,37.53922],[126.98866,37.53921],[126.98884,37.53922]]}},{"type":"Feature","properties":{"class":"alley","highway":"pedestrian","sidewalk":"unknown","lanes":0,"name":"보광로51길","oneway":false},"geometry":{"type":"LineString","coordinates":[[126.99333,37.5316],[126.99372,37.53184],[126.99393,37.53186],[126.99419,37.53201],[126.99422,37.53202],[126.99435,37.53202]]}},{"type":"Feature","properties":{"class":"minor","highway":"residential","sidewalk":"unknown","lanes":0,"name":"","oneway":true},"geometry":{"type":"LineString","coordinates":[[126.99906,37.53501],[126.99916,37.53496],[126.9998,37.53466],[127.00001,37.53457],[127.00008,37.53465],[126.99921,37.53506],[126.99904,37.53511]]}},{"type":"Feature","properties":{"class":"major","highway":"tertiary","sidewalk":"likely","lanes":2,"name":"대사관로","oneway":false},"geometry":{"type":"LineString","coordinates":[[126.99987,37.53468],[126.99916,37.53502],[126.99904,37.53511],[126.99892,37.53519],[126.99876,37.53529]]}},{"type":"Feature","properties":{"class":"major","highway":"tertiary","sidewalk":"likely","lanes":0,"name":"대사관로","oneway":false},"geometry":{"type":"LineString","coordinates":[[127.0002,37.53451],[126.99987,37.53468]]}},{"type":"Feature","properties":{"class":"alley","highway":"service","sidewalk":"unknown","lanes":0,"name":"","oneway":false},"geometry":{"type":"LineString","coordinates":[[126.99901,37.53531],[126.99906,37.53523],[126.99985,37.53485],[127.00006,37.53478]]}},{"type":"Feature","properties":{"class":"minor","highway":"residential","sidewalk":"unknown","lanes":0,"name":"이태원로55길","oneway":false},"geometry":{"type":"LineString","coordinates":[[126.99747,37.53574],[126.99768,37.5357],[126.99769,37.53571],[126.99773,37.53573],[126.99813,37.53591],[126.99819,37.53588]]}},{"type":"Feature","properties":{"class":"alley","highway":"service","sidewalk":"unknown","lanes":0,"name":"이태원로55길","oneway":false},"geometry":{"type":"LineString","coordinates":[[126.99819,37.53588],[126.99856,37.5362]]}},{"type":"Feature","properties":{"class":"alley","highway":"service","sidewalk":"unknown","lanes":0,"name":"","oneway":false},"geometry":{"type":"LineString","coordinates":[[126.98349,37.53016],[126.98343,37.53015],[126.98337,37.53014],[126.98333,37.53013],[126.98326,37.53011],[126.9832,37.53007],[126.98314,37.53004]]}},{"type":"Feature","properties":{"class":"major","highway":"primary_link","sidewalk":"likely","lanes":0,"name":"","oneway":true},"geometry":{"type":"LineString","coordinates":[[126.98865,37.53363],[126.98859,37.53363],[126.98852,37.53366],[126.98845,37.53372],[126.98837,37.53378],[126.98835,37.53378],[126.9883,37.53377],[126.98825,37.53374],[126.98822,37.53369],[126.9882,37.53361]]}},{"type":"Feature","properties":{"class":"minor","highway":"residential","sidewalk":"unknown","lanes":0,"name":"녹사평대로26길","oneway":true},"geometry":{"type":"LineString","coordinates":[[126.99132,37.52991],[126.99132,37.53022],[126.99138,37.53055]]}},{"type":"Feature","properties":{"class":"alley","highway":"service","sidewalk":"unknown","lanes":0,"name":"","oneway":false},"geometry":{"type":"LineString","coordinates":[[126.99201,37.53413],[126.99196,37.53412],[126.99163,37.53397],[126.99162,37.53384]]}},{"type":"Feature","properties":{"class":"alley","highway":"service","sidewalk":"unknown","lanes":0,"name":"","oneway":false},"geometry":{"type":"LineString","coordinates":[[126.99237,37.53409],[126.99243,37.53391]]}},{"type":"Feature","properties":{"class":"alley","highway":"service","sidewalk":"unknown","lanes":0,"name":"","oneway":false},"geometry":{"type":"LineString","coordinates":[[126.99391,37.5296],[126.99418,37.52906]]}},{"type":"Feature","properties":{"class":"minor","highway":"residential","sidewalk":"unknown","lanes":0,"name":"","oneway":false},"geometry":{"type":"LineString","coordinates":[[126.98685,37.53878],[126.98668,37.53881]]}},{"type":"Feature","properties":{"class":"minor","highway":"residential","sidewalk":"unknown","lanes":0,"name":"","oneway":false},"geometry":{"type":"LineString","coordinates":[[126.98685,37.53878],[126.98694,37.53877]]}},{"type":"Feature","properties":{"class":"alley","highway":"service","sidewalk":"unknown","lanes":0,"name":"","oneway":false},"geometry":{"type":"LineString","coordinates":[[126.99116,37.53994],[126.99134,37.53987],[126.99146,37.53975],[126.99149,37.53972]]}},{"type":"Feature","properties":{"class":"minor","highway":"residential","sidewalk":"unknown","lanes":0,"name":"","oneway":false},"geometry":{"type":"LineString","coordinates":[[126.99143,37.53886],[126.99165,37.53894],[126.99181,37.53904],[126.99205,37.53923]]}},{"type":"Feature","properties":{"class":"minor","highway":"residential","sidewalk":"unknown","lanes":0,"name":"","oneway":false},"geometry":{"type":"LineString","coordinates":[[126.99124,37.53934],[126.99127,37.53924],[126.99138,37.53895],[126.99143,37.53886],[126.99147,37.53869],[126.99152,37.53853]]}},{"type":"Feature","properties":{"class":"minor","highway":"residential","sidewalk":"unknown","lanes":0,"name":"","oneway":false},"geometry":{"type":"LineString","coordinates":[[126.99299,37.53873],[126.99281,37.53864],[126.99257,37.53852],[126.99245,37.53846],[126.992,37.53831],[126.9916,37.53808]]}},{"type":"Feature","properties":{"class":"minor","highway":"residential","sidewalk":"unknown","lanes":0,"name":"","oneway":false},"geometry":{"type":"LineString","coordinates":[[126.99128,37.5381],[126.99127,37.53795],[126.99128,37.53769],[126.99119,37.53729]]}},{"type":"Feature","properties":{"class":"minor","highway":"residential","sidewalk":"unknown","lanes":0,"name":"","oneway":false},"geometry":{"type":"LineString","coordinates":[[126.98942,37.5377],[126.98951,37.53765],[126.9896,37.53756],[126.99001,37.5373],[126.9905,37.53711],[126.99059,37.53707]]}},{"type":"Feature","properties":{"class":"alley","highway":"service","sidewalk":"unknown","lanes":0,"name":"","oneway":false},"geometry":{"type":"LineString","coordinates":[[126.98927,37.53593],[126.98888,37.5358],[126.98872,37.53575],[126.98867,37.53579]]}},{"type":"Feature","properties":{"class":"alley","highway":"service","sidewalk":"unknown","lanes":0,"name":"","oneway":false},"geometry":{"type":"LineString","coordinates":[[126.9891,37.53616],[126.98926,37.53635],[126.98925,37.53653]]}},{"type":"Feature","properties":{"class":"minor","highway":"residential","sidewalk":"unknown","lanes":0,"name":"","oneway":false},"geometry":{"type":"LineString","coordinates":[[126.98923,37.53745],[126.98878,37.53745],[126.98857,37.53754]]}},{"type":"Feature","properties":{"class":"minor","highway":"residential","sidewalk":"unknown","lanes":0,"name":"","oneway":false},"geometry":{"type":"LineString","coordinates":[[126.98923,37.53745],[126.98945,37.53737],[126.98945,37.53723],[126.98932,37.53691],[126.9893,37.53668]]}},{"type":"Feature","properties":{"class":"minor","highway":"residential","sidewalk":"unknown","lanes":0,"name":"","oneway":false},"geometry":{"type":"LineString","coordinates":[[126.98945,37.53737],[126.98951,37.53747],[126.9896,37.53756]]}},{"type":"Feature","properties":{"class":"minor","highway":"residential","sidewalk":"unknown","lanes":0,"name":"","oneway":false},"geometry":{"type":"LineString","coordinates":[[126.99426,37.53664],[126.9941,37.53662],[126.99404,37.53668],[126.99401,37.53675],[126.99408,37.53695]]}},{"type":"Feature","properties":{"class":"minor","highway":"residential","sidewalk":"unknown","lanes":0,"name":"","oneway":false},"geometry":{"type":"LineString","coordinates":[[126.99378,37.53831],[126.99382,37.53841],[126.9939,37.5386],[126.99401,37.53881]]}},{"type":"Feature","properties":{"class":"minor","highway":"residential","sidewalk":"unknown","lanes":0,"name":"","oneway":false},"geometry":{"type":"LineString","coordinates":[[126.99441,37.53929],[126.99416,37.53895],[126.99401,37.53881]]}},{"type":"Feature","properties":{"class":"alley","highway":"service","sidewalk":"unknown","lanes":0,"name":"","oneway":true},"geometry":{"type":"LineString","coordinates":[[126.99815,37.54013],[126.99822,37.53999],[126.99834,37.53979],[126.99836,37.53978],[126.99883,37.53994],[126.99883,37.53997],[126.99873,37.54016],[126.9987,37.54015],[126.99822,37.53999]]}},{"type":"Feature","properties":{"class":"alley","highway":"service","sidewalk":"unknown","lanes":0,"name":"","oneway":true},"geometry":{"type":"LineString","coordinates":[[126.98074,37.53459],[126.98075,37.53467],[126.98077,37.53477]]}},{"type":"Feature","properties":{"class":"alley","highway":"service","sidewalk":"unknown","lanes":0,"name":"","oneway":true},"geometry":{"type":"LineString","coordinates":[[126.98054,37.53476],[126.98052,37.53466],[126.98051,37.53459]]}},{"type":"Feature","properties":{"class":"alley","highway":"service","sidewalk":"unknown","lanes":0,"name":"1st Corps Boulevard","oneway":false},"geometry":{"type":"LineString","coordinates":[[126.98051,37.53798],[126.98091,37.53799],[126.98189,37.53802],[126.98279,37.53804],[126.98434,37.53811],[126.9845,37.53815],[126.98451,37.53815],[126.98567,37.53819],[126.98623,37.53821]]}},{"type":"Feature","properties":{"class":"alley","highway":"service","sidewalk":"unknown","lanes":0,"name":"","oneway":false},"geometry":{"type":"LineString","coordinates":[[126.98037,37.53321],[126.98035,37.53298]]}},{"type":"Feature","properties":{"class":"alley","highway":"service","sidewalk":"unknown","lanes":0,"name":"","oneway":true},"geometry":{"type":"LineString","coordinates":[[126.98074,37.53222],[126.98077,37.53216],[126.98082,37.53211],[126.9809,37.5321],[126.98101,37.53215],[126.98104,37.5322],[126.98103,37.53225],[126.981,37.53229]]}},{"type":"Feature","properties":{"class":"minor","highway":"unclassified","sidewalk":"unknown","lanes":0,"name":"","oneway":false},"geometry":{"type":"LineString","coordinates":[[126.98032,37.53218],[126.98037,37.53219],[126.9805,37.53219],[126.98067,37.53221],[126.98074,37.53222],[126.9808,37.53223],[126.9809,37.53225],[126.981,37.53229],[126.98111,37.53236]]}},{"type":"Feature","properties":{"class":"major","highway":"secondary","sidewalk":"likely","lanes":0,"name":"회나무로","oneway":false},"geometry":{"type":"LineString","coordinates":[[126.99197,37.5399],[126.99234,37.54002],[126.99258,37.5401],[126.99301,37.54017],[126.99366,37.5402],[126.99391,37.54021],[126.99453,37.54041],[126.99503,37.54063],[126.99523,37.54071],[126.99546,37.54077],[126.99574,37.54081],[126.99612,37.54088],[126.99621,37.54091],[126.99684,37.54089]]}},{"type":"Feature","properties":{"class":"minor","highway":"residential","sidewalk":"unknown","lanes":0,"name":"녹사평대로32길","oneway":true},"geometry":{"type":"LineString","coordinates":[[126.99059,37.53304],[126.99054,37.53328],[126.99049,37.53342],[126.99037,37.53352],[126.99021,37.53354],[126.98959,37.53358],[126.98893,37.5336],[126.9887,37.53358]]}},{"type":"Feature","properties":{"class":"alley","highway":"service","sidewalk":"unknown","lanes":0,"name":"","oneway":false},"geometry":{"type":"LineString","coordinates":[[126.99047,37.53204],[126.99051,37.5319]]}},{"type":"Feature","properties":{"class":"minor","highway":"residential","sidewalk":"no","lanes":0,"name":"이태원로36길","oneway":true},"geometry":{"type":"LineString","coordinates":[[126.99867,37.53523],[126.99878,37.53515],[126.99906,37.53501]]}},{"type":"Feature","properties":{"class":"alley","highway":"service","sidewalk":"unknown","lanes":0,"name":"","oneway":false},"geometry":{"type":"LineString","coordinates":[[126.99387,37.53445],[126.99387,37.53451],[126.99387,37.53473],[126.9943,37.53475]]}},{"type":"Feature","properties":{"class":"alley","highway":"service","sidewalk":"unknown","lanes":0,"name":"","oneway":false},"geometry":{"type":"LineString","coordinates":[[126.99597,37.53988],[126.99587,37.54011]]}},{"type":"Feature","properties":{"class":"minor","highway":"residential","sidewalk":"unknown","lanes":0,"name":"Hoenamu-ro 44da-gil","oneway":false},"geometry":{"type":"LineString","coordinates":[[126.99224,37.53761],[126.99186,37.53736]]}},{"type":"Feature","properties":{"class":"minor","highway":"residential","sidewalk":"unknown","lanes":0,"name":"우사단로14길","oneway":false},"geometry":{"type":"LineString","coordinates":[[126.99778,37.53426],[126.99757,37.53433],[126.99728,37.53438],[126.99715,37.53437],[126.997,37.53425],[126.99652,37.53415],[126.99639,37.53409],[126.99566,37.53401]]}},{"type":"Feature","properties":{"class":"minor","highway":"residential","sidewalk":"unknown","lanes":0,"name":"우사단로10길","oneway":false},"geometry":{"type":"LineString","coordinates":[[126.99788,37.53301],[126.99734,37.53312],[126.99706,37.53322],[126.99692,37.53322],[126.99674,37.5332],[126.99628,37.53311],[126.99595,37.53306],[126.99561,37.53306]]}},{"type":"Feature","properties":{"class":"minor","highway":"residential","sidewalk":"unknown","lanes":0,"name":"우사단로6길","oneway":true},"geometry":{"type":"LineString","coordinates":[[126.99659,37.53155],[126.99675,37.53168],[126.99705,37.53193]]}},{"type":"Feature","properties":{"class":"major","highway":"secondary","sidewalk":"likely","lanes":0,"name":"이태원로","oneway":false},"geometry":{"type":"LineString","coordinates":[[126.97937,37.53471],[126.98054,37.53476],[126.98077,37.53477],[126.98086,37.53478],[126.98206,37.53483]]}},{"type":"Feature","properties":{"class":"major","highway":"secondary","sidewalk":"likely","lanes":0,"name":"이태원로","oneway":false},"geometry":{"type":"LineString","coordinates":[[126.98206,37.53483],[126.9846,37.53492],[126.98467,37.53493],[126.98569,37.53493]]}},{"type":"Feature","properties":{"class":"minor","highway":"residential","sidewalk":"unknown","lanes":0,"name":"","oneway":false},"geometry":{"type":"LineString","coordinates":[[126.99703,37.53391],[126.99682,37.5339]]}},{"type":"Feature","properties":{"class":"minor","highway":"residential","sidewalk":"unknown","lanes":0,"name":"","oneway":false},"geometry":{"type":"LineString","coordinates":[[126.99703,37.53401],[126.9967,37.534]]}}]}