{"type":"FeatureCollection","features":[{"type":"Feature","properties":{"class":"major","highway":"tertiary","sidewalk":"likely","lanes":0,"name":"공항대로41길","oneway":false},"geometry":{"type":"LineString","coordinates":[[126.84436,37.5579],[126.84449,37.55804]]}},{"type":"Feature","properties":{"class":"major","highway":"tertiary","sidewalk":"likely","lanes":0,"name":"우현로","oneway":false},"geometry":{"type":"LineString","coordinates":[[126.84531,37.5465],[126.84468,37.54676],[126.84455,37.54681],[126.84442,37.54688],[126.84429,37.54695],[126.84401,37.5471],[126.8436,37.54732],[126.84344,37.54741],[126.84331,37.54748],[126.84292,37.54767],[126.84264,37.54778],[126.84258,37.5478],[126.84235,37.54785],[126.84212,37.54791],[126.84165,37.54797],[126.84078,37.54797],[126.83953,37.54797],[126.83935,37.54797],[126.83929,37.54797],[126.83928,37.54797],[126.83911,37.54797],[126.83875,37.54797],[126.83868,37.54797],[126.83864,37.54797],[126.83779,37.54797],[126.83751,37.54797],[126.83698,37.54797],[126.83653,37.54797],[126.83632,37.54797]]}},{"type":"Feature","properties":{"class":"major","highway":"tertiary","sidewalk":"likely","lanes":0,"name":"우장산로","oneway":false},"geometry":{"type":"LineString","coordinates":[[126.85076,37.55311],[126.85011,37.55315],[126.84952,37.55318],[126.84909,37.55321],[126.84825,37.55326],[126.84756,37.5533],[126.84743,37.55324],[126.84709,37.55308],[126.84693,37.55302],[126.8463,37.55279],[126.84618,37.55275],[126.84571,37.55258],[126.84551,37.55257],[126.8452,37.55258],[126.84486,37.55264],[126.84466,37.5527],[126.84454,37.55275],[126.84444,37.55282],[126.84432,37.55298]]}},{"type":"Feature","properties":{"class":"major","highway":"tertiary","sidewalk":"likely","lanes":0,"name":"양천로59길","oneway":false},"geometry":{"type":"LineString","coordinates":[[126.85816,37.55948],[126.85828,37.55957],[126.85829,37.55958],[126.85888,37.56019],[126.85912,37.56044],[126.85926,37.56061],[126.85932,37.56071],[126.85961,37.561],[126.8597,37.5611],[126.86015,37.56163]]}},{"type":"Feature","properties":{"class":"major","highway":"secondary","sidewalk":"likely","lanes":6,"name":"강서로","oneway":false},"geometry":{"type":"LineString","coordinates":[[126.84043,37.54165],[126.84029,37.54182],[126.84025,37.54188],[126.84006,37.54207]]}},{"type":"Feature","properties":{"class":"major","highway":"tertiary","sidewalk":"likely","lanes":2,"name":"까치산로","oneway":false},"geometry":{"type":"LineString","coordinates":[[126.84152,37.54025],[126.84198,37.54088],[126.84221,37.5412],[126.84226,37.54125],[126.84261,37.54166],[126.84276,37.54178],[126.84291,37.54189],[126.84351,37.5423],[126.84381,37.54251],[126.84415,37.54274],[126.84481,37.54321],[126.84507,37.5434],[126.84508,37.54341],[126.84523,37.54352],[126.8454,37.54365],[126.84545,37.54369],[126.84606,37.54416]]}},{"type":"Feature","properties":{"class":"alley","highway":"service","sidewalk":"unknown","lanes":0,"name":"화곡로","oneway":false},"geometry":{"type":"LineString","coordinates":[[126.84276,37.54178],[126.84272,37.54181],[126.84245,37.54206],[126.84218,37.54231],[126.84209,37.54239],[126.84207,37.54241]]}},{"type":"Feature","properties":{"class":"minor","highway":"residential","sidewalk":"unknown","lanes":0,"name":"화곡로","oneway":false},"geometry":{"type":"LineString","coordinates":[[126.84274,37.54303],[126.84286,37.54295],[126.84301,37.54285],[126.84332,37.54272],[126.84367,37.54258],[126.84374,37.54255],[126.84381,37.54251]]}},{"type":"Feature","properties":{"class":"minor","highway":"residential","sidewalk":"unknown","lanes":0,"name":"화곡로","oneway":false},"geometry":{"type":"LineString","coordinates":[[126.84198,37.54088],[126.84194,37.54093],[126.84128,37.54182],[126.84119,37.54193]]}},{"type":"Feature","properties":{"class":"minor","highway":"residential","sidewalk":"unknown","lanes":0,"name":"화곡로31길","oneway":false},"geometry":{"type":"LineString","coordinates":[[126.83782,37.5443],[126.83823,37.54432],[126.83878,37.54437],[126.83884,37.54437],[126.83917,37.54439],[126.83921,37.54439],[126.83934,37.5444],[126.83945,37.54441],[126.83998,37.54445],[126.84001,37.54445],[126.84034,37.54447],[126.84048,37.54448],[126.8408,37.5445],[126.84097,37.54451],[126.84106,37.54452],[126.84136,37.54453],[126.84146,37.54453],[126.84152,37.54453],[126.8417,37.54447],[126.84208,37.54424],[126.84226,37.54415],[126.84238,37.54408],[126.84244,37.54405],[126.84251,37.54401],[126.84262,37.54395],[126.84267,37.54393],[126.8427,37.54391],[126.84283,37.54384],[126.84299,37.54375],[126.84327,37.54361]]}},{"type":"Feature","properties":{"class":"minor","highway":"residential","sidewalk":"unknown","lanes":0,"name":"까치산로","oneway":false},"geometry":{"type":"LineString","coordinates":[[126.84305,37.54151],[126.84281,37.54174],[126.84276,37.54178]]}},{"type":"Feature","properties":{"class":"minor","highway":"residential","sidewalk":"unknown","lanes":0,"name":"강서로34길","oneway":true},"geometry":{"type":"LineString","coordinates":[[126.83984,37.54229],[126.83998,37.54239],[126.84014,37.54248],[126.84031,37.54257],[126.84035,37.54261],[126.84042,37.54265],[126.84062,37.54278],[126.8407,37.54283],[126.84092,37.54297],[126.84112,37.5431],[126.84125,37.54321],[126.84137,37.54331],[126.84145,37.54342],[126.84156,37.54355],[126.84159,37.5436],[126.84168,37.5437],[126.84173,37.54375],[126.84183,37.54385],[126.84185,37.54387],[126.84196,37.544],[126.8421,37.54416],[126.84208,37.54424]]}},{"type":"Feature","properties":{"class":"minor","highway":"residential","sidewalk":"unknown","lanes":0,"name":"화곡로27길","oneway":false},"geometry":{"type":"LineString","coordinates":[[126.84107,37.54188],[126.84104,37.54192],[126.84066,37.5423],[126.84035,37.54261],[126.84007,37.5429],[126.83947,37.5435],[126.83917,37.54388],[126.83903,37.54405],[126.83878,37.54437]]}},{"type":"Feature","properties":{"class":"minor","highway":"residential","sidewalk":"unknown","lanes":0,"name":"까치산로4나길","oneway":false},"geometry":{"type":"LineString","coordinates":[[126.84389,37.53961],[126.84374,37.53994],[126.84338,37.54071],[126.8433,37.54088],[126.84325,37.54105],[126.84327,37.54117],[126.84336,37.54124],[126.84342,37.54129],[126.84376,37.54151],[126.84383,37.54155],[126.8444,37.54195]]}},{"type":"Feature","properties":{"class":"minor","highway":"residential","sidewalk":"unknown","lanes":0,"name":"우현로","oneway":false},"geometry":{"type":"LineString","coordinates":[[126.84235,37.54785],[126.84242,37.54816],[126.84245,37.54832],[126.8425,37.54855],[126.84252,37.54861],[126.84258,37.54894]]}},{"type":"Feature","properties":{"class":"minor","highway":"residential","sidewalk":"unknown","lanes":0,"name":"우장산로6길","oneway":false},"geometry":{"type":"LineString","coordinates":[[126.83736,37.55319],[126.83775,37.55314],[126.83822,37.55308],[126.8384,37.55305],[126.83871,37.55301],[126.8388,37.553],[126.83914,37.55295],[126.83942,37.55293],[126.83952,37.55292],[126.83957,37.55292],[126.8397,37.55292],[126.83974,37.55292],[126.8398,37.55294],[126.83989,37.55297],[126.83994,37.55299],[126.84002,37.55302],[126.84013,37.5531],[126.8402,37.55319],[126.84026,37.55328],[126.8403,37.55339],[126.84044,37.55373],[126.84055,37.55401],[126.84058,37.55408],[126.84072,37.55444]]}},{"type":"Feature","properties":{"class":"minor","highway":"residential","sidewalk":"unknown","lanes":0,"name":"화곡로43가길","oneway":false},"geometry":{"type":"LineString","coordinates":[[126.84233,37.54899],[126.84234,37.54916]]}},{"type":"Feature","properties":{"class":"minor","highway":"residential","sidewalk":"unknown","lanes":0,"name":"공항대로42길","oneway":false},"geometry":{"type":"LineString","coordinates":[[126.84436,37.5579],[126.84422,37.55778],[126.84407,37.5576],[126.84399,37.55751],[126.84388,37.55738],[126.84384,37.55733],[126.84377,37.55723],[126.84372,37.55717],[126.84364,37.55702],[126.84362,37.55699],[126.84354,37.55681],[126.84348,37.55666],[126.84338,37.55643],[126.84334,37.5563],[126.84332,37.55621],[126.84331,37.55617],[126.84321,37.55597],[126.84311,37.55579],[126.84295,37.5556],[126.84252,37.55508],[126.84189,37.55432]]}},{"type":"Feature","properties":{"class":"alley","highway":"service","sidewalk":"unknown","lanes":0,"name":"","oneway":false},"geometry":{"type":"LineString","coordinates":[[126.8421,37.55308],[126.84206,37.55295],[126.84203,37.55279],[126.84211,37.5526],[126.84227,37.55249],[126.84242,37.55248],[126.84268,37.55256],[126.84281,37.55267],[126.84295,37.55272],[126.84309,37.55278],[126.84326,37.55278],[126.84334,37.5527],[126.84336,37.55268],[126.8434,37.55264],[126.84345,37.55259],[126.84336,37.55244],[126.84331,37.55229],[126.84326,37.55211],[126.84328,37.55194],[126.84334,37.55178],[126.84345,37.55159],[126.84356,37.55142],[126.84365,37.55124],[126.84371,37.55101],[126.8437,37.55081],[126.84368,37.55061],[126.84365,37.55036],[126.84358,37.55017],[126.84353,37.55007],[126.84335,37.55002],[126.84314,37.55006],[126.84295,37.5502],[126.84277,37.55032],[126.84259,37.55043],[126.84239,37.55044],[126.84214,37.5504],[126.84193,37.55035],[126.84177,37.55039],[126.84172,37.55055],[126.84178,37.55068],[126.84187,37.55087],[126.84201,37.55109],[126.84217,37.55129],[126.84237,37.55129]]}},{"type":"Feature","properties":{"class":"alley","highway":"service","sidewalk":"unknown","lanes":0,"name":"","oneway":false},"geometry":{"type":"LineString","coordinates":[[126.83778,37.54904],[126.83814,37.54904],[126.83829,37.54904],[126.83845,37.54904],[126.8387,37.54904],[126.839,37.54904],[126.83924,37.54904],[126.83993,37.54904],[126.84013,37.54896],[126.84035,37.54887],[126.84048,37.54883],[126.84078,37.54872],[126.84078,37.54838],[126.84078,37.54797]]}},{"type":"Feature","properties":{"class":"alley","highway":"service","sidewalk":"unknown","lanes":0,"name":"","oneway":false},"geometry":{"type":"LineString","coordinates":[[126.84565,37.55706],[126.84562,37.55691],[126.84558,37.5568],[126.84548,37.55681],[126.84532,37.55675],[126.84513,37.55666],[126.84512,37.55654],[126.84509,37.55649],[126.84501,37.55636],[126.84495,37.55627],[126.84481,37.55615],[126.84464,37.55601],[126.84437,37.55581],[126.84418,37.55562],[126.8441,37.55542],[126.84406,37.5552],[126.84403,37.55496],[126.84398,37.55482],[126.84389,37.55465],[126.84377,37.55454],[126.84362,37.55435],[126.84349,37.5541]]}},{"type":"Feature","properties":{"class":"alley","highway":"service","sidewalk":"unknown","lanes":0,"name":"","oneway":false},"geometry":{"type":"LineString","coordinates":[[126.84481,37.55615],[126.8448,37.55595],[126.84476,37.55581],[126.84473,37.55562],[126.84471,37.55542],[126.84468,37.55523],[126.8447,37.55503],[126.84471,37.55484],[126.84472,37.55461],[126.84473,37.55441],[126.84477,37.55427],[126.84489,37.55414],[126.84502,37.55405],[126.84517,37.55401],[126.84534,37.5539],[126.84553,37.55382],[126.84577,37.55383],[126.84589,37.55398],[126.846,37.5542],[126.84609,37.55446],[126.84604,37.55455],[126.84578,37.55454],[126.84564,37.55449]]}},{"type":"Feature","properties":{"class":"minor","highway":"residential","sidewalk":"unknown","lanes":0,"name":"강서로31길","oneway":true},"geometry":{"type":"LineString","coordinates":[[126.83677,37.53845],[126.83711,37.53858],[126.83735,37.53867],[126.83758,37.53876],[126.83766,37.53879],[126.8378,37.53884],[126.83839,37.53907],[126.83896,37.53929],[126.83997,37.53968],[126.8404,37.54005],[126.84058,37.54019]]}},{"type":"Feature","properties":{"class":"minor","highway":"residential","sidewalk":"unknown","lanes":0,"name":"강서로31길","oneway":false},"geometry":{"type":"LineString","coordinates":[[126.83984,37.54085],[126.8404,37.54005]]}},{"type":"Feature","properties":{"class":"minor","highway":"residential","sidewalk":"unknown","lanes":0,"name":"화곡로26가길","oneway":true},"geometry":{"type":"LineString","coordinates":[[126.84002,37.5409],[126.83984,37.54085],[126.83926,37.54069],[126.83827,37.54043],[126.83767,37.54026],[126.83642,37.53992]]}},{"type":"Feature","properties":{"class":"major","highway":"primary","sidewalk":"likely","lanes":4,"name":"공항대로","oneway":true},"geometry":{"type":"LineString","coordinates":[[126.85927,37.55346],[126.8598,37.55323],[126.86031,37.55301],[126.86098,37.55272],[126.86136,37.55258],[126.86147,37.55253]]}},{"type":"Feature","properties":{"class":"major","highway":"primary","sidewalk":"likely","lanes":4,"name":"공항대로","oneway":true},"geometry":{"type":"LineString","coordinates":[[126.85728,37.5543],[126.85706,37.55441],[126.85633,37.55468],[126.85596,37.55481],[126.85511,37.55509],[126.85481,37.55518]]}},{"type":"Feature","properties":{"class":"major","highway":"secondary","sidewalk":"likely","lanes":6,"name":"강서로","oneway":false},"geometry":{"type":"LineString","coordinates":[[126.84152,37.54025],[126.84197,37.5395],[126.84217,37.53918]]}},{"type":"Feature","properties":{"class":"major","highway":"primary","sidewalk":"likely","lanes":6,"name":"화곡로","oneway":false},"geometry":{"type":"LineString","coordinates":[[126.8523,37.55586],[126.85234,37.55594],[126.85235,37.55595],[126.85238,37.556]]}},{"type":"Feature","properties":{"class":"major","highway":"secondary","sidewalk":"likely","lanes":6,"name":"강서로","oneway":false},"geometry":{"type":"LineString","coordinates":[[126.84043,37.54165],[126.84055,37.5415],[126.84071,37.5413]]}},{"type":"Feature","properties":{"class":"major","highway":"primary","sidewalk":"likely","lanes":4,"name":"공항대로","oneway":true},"geometry":{"type":"LineString","coordinates":[[126.85472,37.55505],[126.85501,37.55492],[126.85556,37.55473],[126.85591,37.55463],[126.85927,37.55346]]}},{"type":"Feature","properties":{"class":"major","highway":"primary","sidewalk":"likely","lanes":4,"name":"공항대로","oneway":true},"geometry":{"type":"LineString","coordinates":[[126.85238,37.556],[126.85218,37.55612],[126.85189,37.55622],[126.8512,37.55646],[126.85055,37.5567],[126.8502,37.55681],[126.84988,37.55689],[126.84967,37.55695]]}},{"type":"Feature","properties":{"class":"minor","highway":"residential","sidewalk":"unknown","lanes":0,"name":"화곡로26길","oneway":true},"geometry":{"type":"LineString","coordinates":[[126.84102,37.53984],[126.84058,37.54019],[126.84046,37.54036],[126.84003,37.54088],[126.84002,37.5409],[126.83997,37.54097],[126.8398,37.54121],[126.83966,37.54144]]}},{"type":"Feature","properties":{"class":"minor","highway":"residential","sidewalk":"unknown","lanes":0,"name":"우장산로8길","oneway":false},"geometry":{"type":"LineString","coordinates":[[126.84189,37.55432],[126.84149,37.55381],[126.84136,37.55365],[126.84108,37.55325],[126.84105,37.55321],[126.84084,37.55291],[126.84077,37.55285],[126.84056,37.55264],[126.84049,37.55258],[126.84039,37.55253],[126.84025,37.55247],[126.83993,37.55235]]}},{"type":"Feature","properties":{"class":"major","highway":"primary","sidewalk":"likely","lanes":4,"name":"공항대로","oneway":true},"geometry":{"type":"LineString","coordinates":[[126.83823,37.55852],[126.83843,37.55847],[126.83869,37.55844],[126.83892,37.55841],[126.84032,37.5583],[126.84199,37.55815],[126.84211,37.55812],[126.84288,37.55802],[126.84415,37.5579]]}},{"type":"Feature","properties":{"class":"minor","highway":"residential","sidewalk":"unknown","lanes":0,"name":"까치산로26길","oneway":false},"geometry":{"type":"LineString","coordinates":[[126.85235,37.551],[126.85258,37.55091],[126.85292,37.55047],[126.85316,37.55017],[126.8533,37.55],[126.85352,37.54981],[126.85377,37.54954],[126.85415,37.54918],[126.85428,37.54906]]}},{"type":"Feature","properties":{"class":"minor","highway":"residential","sidewalk":"unknown","lanes":0,"name":"까치산로","oneway":false},"geometry":{"type":"LineString","coordinates":[[126.8535,37.55311],[126.85432,37.55255]]}},{"type":"Feature","properties":{"class":"major","highway":"tertiary","sidewalk":"likely","lanes":0,"name":"화곡로58길","oneway":false},"geometry":{"type":"LineString","coordinates":[[126.85076,37.55311],[126.85095,37.55309],[126.85154,37.55304],[126.85215,37.55291],[126.85248,37.55283],[126.85267,37.55279],[126.85282,37.55276],[126.85327,37.55269],[126.85432,37.55255],[126.85458,37.55235],[126.85475,37.55222],[126.85489,37.55217],[126.85515,37.55214],[126.85522,37.55213],[126.85577,37.55192],[126.85718,37.55112],[126.85729,37.55104],[126.85753,37.55085]]}},{"type":"Feature","properties":{"class":"minor","highway":"residential","sidewalk":"unknown","lanes":0,"name":"까치산로28길","oneway":false},"geometry":{"type":"LineString","coordinates":[[126.8539,37.55379],[126.85482,37.55344]]}},{"type":"Feature","properties":{"class":"minor","highway":"residential","sidewalk":"unknown","lanes":0,"name":"공항대로48길","oneway":false},"geometry":{"type":"LineString","coordinates":[[126.85556,37.55473],[126.85482,37.55344],[126.85457,37.55298],[126.85432,37.55255],[126.85416,37.55225],[126.85412,37.55218],[126.85388,37.55173],[126.85362,37.55124],[126.85345,37.55094]]}},{"type":"Feature","properties":{"class":"minor","highway":"residential","sidewalk":"unknown","lanes":0,"name":"까치산로24가길","oneway":false},"geometry":{"type":"LineString","coordinates":[[126.8533,37.55],[126.85296,37.54959],[126.8526,37.54915]]}},{"type":"Feature","properties":{"class":"minor","highway":"residential","sidewalk":"unknown","lanes":0,"name":"까치산로24가길","oneway":false},"geometry":{"type":"LineString","coordinates":[[126.85296,37.54959],[126.85401,37.5488]]}},{"type":"Feature","properties":{"class":"minor","highway":"residential","sidewalk":"unknown","lanes":0,"name":"까치산로22길","oneway":false},"geometry":{"type":"LineString","coordinates":[[126.85108,37.5493],[126.85153,37.54906],[126.852,37.54881],[126.85215,37.54874],[126.85222,37.54872],[126.85242,37.5486],[126.85258,37.54851],[126.85285,37.54836],[126.85305,37.54824]]}},{"type":"Feature","properties":{"class":"minor","highway":"residential","sidewalk":"unknown","lanes":0,"name":"까치산로22길","oneway":false},"geometry":{"type":"LineString","coordinates":[[126.85222,37.54872],[126.8526,37.54915]]}},{"type":"Feature","properties":{"class":"minor","highway":"residential","sidewalk":"unknown","lanes":0,"name":"화곡로56길","oneway":false},"geometry":{"type":"LineString","coordinates":[[126.85222,37.55076],[126.85177,37.55112],[126.85102,37.5517],[126.85063,37.55184],[126.85001,37.55202],[126.84987,37.55207]]}},{"type":"Feature","properties":{"class":"minor","highway":"residential","sidewalk":"unknown","lanes":0,"name":"까치산로24길","oneway":false},"geometry":{"type":"LineString","coordinates":[[126.85292,37.55047],[126.85279,37.55041],[126.85267,37.55024],[126.85228,37.54968],[126.8521,37.54942]]}},{"type":"Feature","properties":{"class":"minor","highway":"residential","sidewalk":"unknown","lanes":0,"name":"화곡로54길","oneway":false},"geometry":{"type":"LineString","coordinates":[[126.84892,37.55097],[126.84906,37.55089],[126.84927,37.55077],[126.84947,37.5507],[126.8501,37.55047]]}},{"type":"Feature","properties":{"class":"minor","highway":"residential","sidewalk":"unknown","lanes":0,"name":"공항대로46길","oneway":false},"geometry":{"type":"LineString","coordinates":[[126.85396,37.55529],[126.85365,37.55475]]}},{"type":"Feature","properties":{"class":"minor","highway":"residential","sidewalk":"unknown","lanes":0,"name":"공항대로46길","oneway":false},"geometry":{"type":"LineString","coordinates":[[126.85359,37.55464],[126.8528,37.5544],[126.85213,37.5542]]}},{"type":"Feature","properties":{"class":"minor","highway":"residential","sidewalk":"unknown","lanes":0,"name":"화곡로60길","oneway":false},"geometry":{"type":"LineString","coordinates":[[126.85122,37.55392],[126.85188,37.5537],[126.85246,37.5535],[126.85279,37.55338],[126.85299,37.55331],[126.85311,37.55328],[126.85352,37.55314]]}},{"type":"Feature","properties":{"class":"minor","highway":"residential","sidewalk":"unknown","lanes":0,"name":"화곡로44나길","oneway":false},"geometry":{"type":"LineString","coordinates":[[126.85102,37.55001],[126.85065,37.5496],[126.85054,37.5495],[126.8502,37.5492],[126.84986,37.5489],[126.84948,37.54857],[126.84916,37.5483],[126.84882,37.548],[126.84854,37.54775],[126.84846,37.54768],[126.8484,37.5476],[126.84831,37.5475]]}},{"type":"Feature","properties":{"class":"minor","highway":"residential","sidewalk":"unknown","lanes":0,"name":"까치산로18다길","oneway":false},"geometry":{"type":"LineString","coordinates":[[126.85401,37.5488],[126.85374,37.54855],[126.85305,37.54824],[126.85264,37.54787],[126.85247,37.54774],[126.85201,37.54736],[126.85184,37.54722],[126.8518,37.5472],[126.85138,37.54698],[126.85106,37.54676],[126.85092,37.54666],[126.85084,37.54661]]}},{"type":"Feature","properties":{"class":"minor","highway":"residential","sidewalk":"unknown","lanes":0,"name":"까치산로26길","oneway":false},"geometry":{"type":"LineString","coordinates":[[126.85428,37.54906],[126.85401,37.5488]]}},{"type":"Feature","properties":{"class":"minor","highway":"residential","sidewalk":"unknown","lanes":0,"name":"까치산로24길","oneway":false},"geometry":{"type":"LineString","coordinates":[[126.85374,37.54855],[126.85324,37.54881],[126.85295,37.54897],[126.85266,37.54912],[126.8526,37.54915],[126.85235,37.54928],[126.8521,37.54942],[126.85179,37.54959],[126.85153,37.54975]]}},{"type":"Feature","properties":{"class":"minor","highway":"residential","sidewalk":"unknown","lanes":0,"name":"화곡로58길","oneway":false},"geometry":{"type":"LineString","coordinates":[[126.85267,37.55279],[126.85213,37.55178]]}},{"type":"Feature","properties":{"class":"minor","highway":"residential","sidewalk":"unknown","lanes":0,"name":"까치산로27길","oneway":false},"geometry":{"type":"LineString","coordinates":[[126.85267,37.55159],[126.85213,37.55178],[126.8516,37.55196],[126.85089,37.5522]]}},{"type":"Feature","properties":{"class":"minor","highway":"residential","sidewalk":"unknown","lanes":0,"name":"공항대로58가길","oneway":false},"geometry":{"type":"LineString","coordinates":[[126.86288,37.5516],[126.86266,37.55154],[126.86257,37.55144],[126.86256,37.55143],[126.86232,37.5512],[126.8623,37.55118],[126.86216,37.55105],[126.86206,37.55091],[126.86197,37.5508],[126.86139,37.55064],[126.86085,37.55051],[126.86004,37.55039],[126.85982,37.55036],[126.85935,37.5503],[126.85926,37.55023],[126.85927,37.55012],[126.85913,37.54967]]}},{"type":"Feature","properties":{"class":"alley","highway":"service","sidewalk":"unknown","lanes":0,"name":"등촌로39가길","oneway":false},"geometry":{"type":"LineString","coordinates":[[126.85836,37.54633],[126.85884,37.54566],[126.85912,37.54528]]}},{"type":"Feature","properties":{"class":"alley","highway":"service","sidewalk":"unknown","lanes":0,"name":"등촌로51마길","oneway":true},"geometry":{"type":"LineString","coordinates":[[126.85822,37.54933],[126.85897,37.54917],[126.85938,37.54909],[126.86062,37.54885]]}},{"type":"Feature","properties":{"class":"minor","highway":"residential","sidewalk":"unknown","lanes":0,"name":"등촌로39길","oneway":false},"geometry":{"type":"LineString","coordinates":[[126.85953,37.54749],[126.8597,37.54722],[126.85999,37.54678],[126.86031,37.54633],[126.86052,37.54602],[126.86061,37.54599],[126.8609,37.54576],[126.861,37.54572],[126.86125,37.54568],[126.86168,37.54561],[126.86225,37.54548],[126.86236,37.54546]]}},{"type":"Feature","properties":{"class":"alley","highway":"service","sidewalk":"unknown","lanes":0,"name":"등촌로39다길","oneway":true},"geometry":{"type":"LineString","coordinates":[[126.85884,37.54566],[126.85914,37.54581],[126.85969,37.54605],[126.86031,37.54633]]}},{"type":"Feature","properties":{"class":"alley","highway":"service","sidewalk":"unknown","lanes":0,"name":"등촌로39마길","oneway":true},"geometry":{"type":"LineString","coordinates":[[126.85999,37.54678],[126.85937,37.54649],[126.85933,37.54647],[126.85902,37.54633],[126.85836,37.54633],[126.85786,37.54633],[126.85764,37.54633],[126.85734,37.54633],[126.85734,37.54678]]}},{"type":"Feature","properties":{"class":"alley","highway":"service","sidewalk":"unknown","lanes":0,"name":"등촌로39마길","oneway":false},"geometry":{"type":"LineString","coordinates":[[126.85875,37.54678],[126.85902,37.54633]]}},{"type":"Feature","properties":{"class":"alley","highway":"service","sidewalk":"unknown","lanes":0,"name":"등촌로39가길","oneway":true},"geometry":{"type":"LineString","coordinates":[[126.86061,37.54599],[126.85918,37.54534],[126.85912,37.54528]]}},{"type":"Feature","properties":{"class":"minor","highway":"residential","sidewalk":"unknown","lanes":0,"name":"양천로60길","oneway":false},"geometry":{"type":"LineString","coordinates":[[126.85655,37.55791],[126.85843,37.55697],[126.85958,37.55637],[126.85955,37.55634],[126.86008,37.55607]]}},{"type":"Feature","properties":{"class":"minor","highway":"residential","sidewalk":"unknown","lanes":0,"name":"화곡로64길","oneway":false},"geometry":{"type":"LineString","coordinates":[[126.85323,37.55755],[126.85394,37.55731],[126.8543,37.55718],[126.85539,37.55679],[126.85649,37.55625],[126.85738,37.55581],[126.85744,37.55578],[126.85791,37.55555],[126.85849,37.55526],[126.85866,37.55518]]}},{"type":"Feature","properties":{"class":"major","highway":"tertiary","sidewalk":"likely","lanes":0,"name":"공항대로45길","oneway":false},"geometry":{"type":"LineString","coordinates":[[126.85406,37.55545],[126.85417,37.5556],[126.85431,37.55576],[126.85443,37.55587],[126.85459,37.55602],[126.85539,37.55679],[126.85613,37.55751],[126.85655,37.55791],[126.85714,37.55847],[126.85745,37.55878],[126.85769,37.55902],[126.85803,37.55935],[126.85816,37.55948]]}},{"type":"Feature","properties":{"class":"minor","highway":"residential","sidewalk":"unknown","lanes":0,"name":"양천로60길","oneway":false},"geometry":{"type":"LineString","coordinates":[[126.85975,37.55858],[126.85957,37.55837],[126.85941,37.55816],[126.85897,37.55762],[126.85891,37.55756],[126.85843,37.55697],[126.85803,37.55649],[126.85744,37.55578]]}},{"type":"Feature","properties":{"class":"minor","highway":"residential","sidewalk":"unknown","lanes":0,"name":"공항대로45가길","oneway":false},"geometry":{"type":"LineString","coordinates":[[126.85394,37.55731],[126.85368,37.5568],[126.85362,37.5567],[126.85382,37.55628],[126.85443,37.55587]]}},{"type":"Feature","properties":{"class":"alley","highway":"service","sidewalk":"unknown","lanes":0,"name":"공항대로58나길","oneway":false},"geometry":{"type":"LineString","coordinates":[[126.85888,37.55097],[126.85911,37.55082],[126.85947,37.55059]]}},{"type":"Feature","properties":{"class":"alley","highway":"service","sidewalk":"unknown","lanes":0,"name":"공항대로58가길","oneway":false},"geometry":{"type":"LineString","coordinates":[[126.8577,37.55004],[126.85853,37.55016],[126.85862,37.55015],[126.85926,37.55023]]}},{"type":"Feature","properties":{"class":"alley","highway":"service","sidewalk":"unknown","lanes":0,"name":"공항대로58나길","oneway":false},"geometry":{"type":"LineString","coordinates":[[126.85847,37.55072],[126.8585,37.55069],[126.85855,37.55044]]}},{"type":"Feature","properties":{"class":"alley","highway":"service","sidewalk":"unknown","lanes":0,"name":"공항대로58나길","oneway":false},"geometry":{"type":"LineString","coordinates":[[126.85753,37.55085],[126.85983,37.5512],[126.8599,37.55093],[126.85997,37.55066]]}},{"type":"Feature","properties":{"class":"alley","highway":"service","sidewalk":"unknown","lanes":0,"name":"공항대로58나길","oneway":false},"geometry":{"type":"LineString","coordinates":[[126.85758,37.55059],[126.85766,37.5506],[126.85847,37.55072],[126.85911,37.55082],[126.8599,37.55093],[126.86072,37.55105],[126.86162,37.55118],[126.8619,37.55111],[126.86216,37.55105]]}},{"type":"Feature","properties":{"class":"minor","highway":"residential","sidewalk":"unknown","lanes":1,"name":"공항대로43길","oneway":true},"geometry":{"type":"LineString","coordinates":[[126.84899,37.55782],[126.84921,37.55826]]}},{"type":"Feature","properties":{"class":"minor","highway":"residential","sidewalk":"unknown","lanes":0,"name":"공항대로","oneway":false},"geometry":{"type":"LineString","coordinates":[[126.84681,37.55884],[126.84676,37.55839],[126.84668,37.55781]]}},{"type":"Feature","properties":{"class":"minor","highway":"residential","sidewalk":"unknown","lanes":0,"name":"공항대로","oneway":false},"geometry":{"type":"LineString","coordinates":[[126.85106,37.5576],[126.85082,37.55719],[126.85055,37.5567]]}},{"type":"Feature","properties":{"class":"minor","highway":"residential","sidewalk":"unknown","lanes":0,"name":"강서로56나길","oneway":false},"geometry":{"type":"LineString","coordinates":[[126.8443,37.56553],[126.84394,37.56502],[126.84379,37.56479],[126.84373,37.56474],[126.84348,37.5645],[126.84295,37.56408],[126.84295,37.56408],[126.84281,37.56397],[126.84267,37.56381],[126.84259,37.56364],[126.84251,37.56344],[126.84242,37.56315],[126.84227,37.56272],[126.84212,37.56226],[126.84175,37.56109],[126.84148,37.56023],[126.84122,37.55939]]}},{"type":"Feature","properties":{"class":"minor","highway":"residential","sidewalk":"unknown","lanes":0,"name":"공항대로39길","oneway":false},"geometry":{"type":"LineString","coordinates":[[126.84714,37.56415],[126.84671,37.56349],[126.84656,37.56332],[126.84642,37.5632],[126.84638,37.56317],[126.84615,37.56303],[126.846,37.56295],[126.84571,37.5628],[126.84547,37.56266],[126.84534,37.56249],[126.84526,37.56237],[126.84499,37.56194],[126.84458,37.56132],[126.84431,37.56093],[126.84428,37.56087],[126.8441,37.56057],[126.84391,37.56002],[126.84366,37.55924],[126.84365,37.55915],[126.84357,37.55872],[126.84352,37.55823],[126.8435,37.55816]]}},{"type":"Feature","properties":{"class":"major","highway":"tertiary","sidewalk":"likely","lanes":0,"name":"화곡로65길","oneway":false},"geometry":{"type":"LineString","coordinates":[[126.84671,37.56126],[126.84682,37.56117],[126.84684,37.56117],[126.84716,37.56103],[126.84827,37.56057],[126.84885,37.56032],[126.84929,37.5601],[126.84966,37.55984],[126.84995,37.55964],[126.85007,37.55956],[126.85014,37.55952],[126.85045,37.55931],[126.85051,37.55928],[126.85076,37.55916],[126.8509,37.55911],[126.85172,37.55881],[126.85182,37.55877],[126.85196,37.55867],[126.85353,37.5581]]}},{"type":"Feature","properties":{"class":"minor","highway":"residential","sidewalk":"unknown","lanes":0,"name":"강서로54길","oneway":false},"geometry":{"type":"LineString","coordinates":[[126.83846,37.55922],[126.83858,37.55921],[126.83873,37.55919],[126.8392,37.55915],[126.84041,37.55903],[126.84201,37.55887],[126.84357,37.55872],[126.84475,37.5586]]}},{"type":"Feature","properties":{"class":"minor","highway":"residential","sidewalk":"unknown","lanes":1,"name":"화곡로69길","oneway":false},"geometry":{"type":"LineString","coordinates":[[126.85325,37.5612],[126.85316,37.56105],[126.85239,37.55974],[126.85237,37.55971],[126.85188,37.55884],[126.85186,37.55879],[126.85182,37.55877]]}},{"type":"Feature","properties":{"class":"minor","highway":"residential","sidewalk":"unknown","lanes":0,"name":"공항대로","oneway":false},"geometry":{"type":"LineString","coordinates":[[126.84209,37.55931],[126.84201,37.55887],[126.84193,37.55839],[126.84192,37.55829]]}},{"type":"Feature","properties":{"class":"minor","highway":"residential","sidewalk":"unknown","lanes":0,"name":"공항대로38길","oneway":false},"geometry":{"type":"LineString","coordinates":[[126.8379,37.5575],[126.8387,37.55741],[126.83942,37.55733],[126.84014,37.55726],[126.84194,37.55706],[126.84259,37.55699],[126.84364,37.55702]]}},{"type":"Feature","properties":{"class":"minor","highway":"residential","sidewalk":"unknown","lanes":0,"name":"공항대로","oneway":false},"geometry":{"type":"LineString","coordinates":[[126.84049,37.55947],[126.84041,37.55903],[126.84033,37.55853],[126.84032,37.55844]]}},{"type":"Feature","properties":{"class":"minor","highway":"residential","sidewalk":"unknown","lanes":0,"name":"공항대로","oneway":false},"geometry":{"type":"LineString","coordinates":[[126.84032,37.5583],[126.84022,37.5577],[126.84014,37.55726]]}},{"type":"Feature","properties":{"class":"minor","highway":"residential","sidewalk":"unknown","lanes":0,"name":"화곡로63가길","oneway":false},"geometry":{"type":"LineString","coordinates":[[126.84942,37.56304],[126.84936,37.56295],[126.84914,37.56261],[126.84901,37.5624],[126.84889,37.56219],[126.84883,37.56202],[126.84879,37.56186],[126.84875,37.56169],[126.84874,37.5616],[126.84869,37.56136],[126.84864,37.56116],[126.84854,37.56095],[126.84827,37.56057],[126.84779,37.55986],[126.84761,37.55959],[126.84709,37.55881]]}},{"type":"Feature","properties":{"class":"minor","highway":"residential","sidewalk":"unknown","lanes":0,"name":"강서로52길","oneway":false},"geometry":{"type":"LineString","coordinates":[[126.83804,37.55793],[126.83881,37.55785],[126.84022,37.5577],[126.84201,37.55752],[126.84384,37.55733]]}},{"type":"Feature","properties":{"class":"minor","highway":"residential","sidewalk":"unknown","lanes":0,"name":"공항대로","oneway":false},"geometry":{"type":"LineString","coordinates":[[126.84211,37.55812],[126.84201,37.55752],[126.84194,37.55706]]}},{"type":"Feature","properties":{"class":"minor","highway":"residential","sidewalk":"unknown","lanes":0,"name":"우장산로15길","oneway":false},"geometry":{"type":"LineString","coordinates":[[126.85148,37.55559],[126.85137,37.55553],[126.85117,37.55515],[126.85101,37.55488],[126.85082,37.55454],[126.85072,37.55436],[126.85062,37.55418],[126.85011,37.55315]]}},{"type":"Feature","properties":{"class":"minor","highway":"residential","sidewalk":"unknown","lanes":0,"name":"화곡로51길","oneway":false},"geometry":{"type":"LineString","coordinates":[[126.84668,37.55078],[126.84673,37.55077],[126.84731,37.55057],[126.84768,37.55036],[126.84815,37.5501]]}},{"type":"Feature","properties":{"class":"minor","highway":"residential","sidewalk":"unknown","lanes":0,"name":"화곡로49길","oneway":false},"geometry":{"type":"LineString","coordinates":[[126.84748,37.54933],[126.84679,37.54972],[126.84594,37.55018]]}},{"type":"Feature","properties":{"class":"minor","highway":"residential","sidewalk":"unknown","lanes":0,"name":"화곡로53길","oneway":false},"geometry":{"type":"LineString","coordinates":[[126.84892,37.55097],[126.84845,37.55123],[126.84805,37.55145],[126.84776,37.55151],[126.84745,37.55158],[126.84693,37.55169],[126.84588,37.55193],[126.84583,37.55194],[126.84455,37.55223]]}},{"type":"Feature","properties":{"class":"minor","highway":"residential","sidewalk":"unknown","lanes":0,"name":"화곡로59길","oneway":false},"geometry":{"type":"LineString","coordinates":[[126.84857,37.55373],[126.84908,37.55471]]}},{"type":"Feature","properties":{"class":"alley","highway":"service","sidewalk":"unknown","lanes":0,"name":"화곡로53가길","oneway":false},"geometry":{"type":"LineString","coordinates":[[126.84765,37.55097],[126.84761,37.55103],[126.84753,37.55108],[126.84741,37.55114],[126.8468,37.55128]]}},{"type":"Feature","properties":{"class":"minor","highway":"residential","sidewalk":"unknown","lanes":0,"name":"화곡로59길","oneway":false},"geometry":{"type":"LineString","coordinates":[[126.84958,37.55454],[126.84913,37.55371],[126.84857,37.55373],[126.84818,37.55375],[126.84785,37.55376]]}},{"type":"Feature","properties":{"class":"minor","highway":"residential","sidewalk":"unknown","lanes":0,"name":"화곡로53가길","oneway":false},"geometry":{"type":"LineString","coordinates":[[126.84635,37.54922],[126.84638,37.54924],[126.84679,37.54972],[126.84701,37.55009],[126.8471,37.55023],[126.84713,37.55029],[126.84731,37.55057],[126.84765,37.55097],[126.84805,37.55145]]}},{"type":"Feature","properties":{"class":"minor","highway":"residential","sidewalk":"unknown","lanes":0,"name":"화곡로55길","oneway":false},"geometry":{"type":"LineString","coordinates":[[126.84987,37.55207],[126.8494,37.55231],[126.84899,37.55254],[126.84839,37.55286],[126.84815,37.55298],[126.84756,37.5533]]}},{"type":"Feature","properties":{"class":"minor","highway":"residential","sidewalk":"unknown","lanes":0,"name":"화곡로53길","oneway":false},"geometry":{"type":"LineString","coordinates":[[126.84588,37.55193],[126.84594,37.55195],[126.84711,37.55229],[126.84737,37.55228],[126.84752,37.55226],[126.84775,37.55252],[126.84815,37.55298]]}},{"type":"Feature","properties":{"class":"minor","highway":"residential","sidewalk":"unknown","lanes":0,"name":"화곡로53길","oneway":false},"geometry":{"type":"LineString","coordinates":[[126.84583,37.55194],[126.84579,37.5518],[126.84581,37.5516],[126.8459,37.55142],[126.84662,37.55099]]}},{"type":"Feature","properties":{"class":"minor","highway":"residential","sidewalk":"unknown","lanes":0,"name":"화곡로53길","oneway":false},"geometry":{"type":"LineString","coordinates":[[126.84711,37.55229],[126.84693,37.55169]]}},{"type":"Feature","properties":{"class":"minor","highway":"residential","sidewalk":"unknown","lanes":0,"name":"화곡로59길","oneway":false},"geometry":{"type":"LineString","coordinates":[[126.84756,37.5533],[126.84785,37.55376],[126.84791,37.55385],[126.84822,37.55434],[126.84824,37.55436],[126.84882,37.5548],[126.84908,37.55471],[126.84936,37.55461],[126.84958,37.55454],[126.85007,37.55437],[126.85062,37.55418],[126.85122,37.55392]]}},{"type":"Feature","properties":{"class":"minor","highway":"residential","sidewalk":"unknown","lanes":0,"name":"까치산로18길","oneway":false},"geometry":{"type":"LineString","coordinates":[[126.85025,37.54517],[126.85034,37.54515],[126.85045,37.54517],[126.85168,37.54592]]}},{"type":"Feature","properties":{"class":"minor","highway":"residential","sidewalk":"unknown","lanes":0,"name":"까치산로17길","oneway":false},"geometry":{"type":"LineString","coordinates":[[126.84788,37.54894],[126.84916,37.5483],[126.84926,37.54787],[126.84928,37.5478],[126.84928,37.54776]]}},{"type":"Feature","properties":{"class":"minor","highway":"residential","sidewalk":"unknown","lanes":0,"name":"까치산로18길","oneway":false},"geometry":{"type":"LineString","coordinates":[[126.84928,37.54776],[126.84935,37.5477],[126.84969,37.54745],[126.85006,37.54718],[126.85033,37.54698],[126.85043,37.54691],[126.8506,37.54679],[126.85084,37.54661],[126.85114,37.54636],[126.85143,37.54613],[126.85168,37.54592],[126.85194,37.5457],[126.85199,37.54566]]}},{"type":"Feature","properties":{"class":"minor","highway":"residential","sidewalk":"unknown","lanes":0,"name":"화곡로52길","oneway":true},"geometry":{"type":"LineString","coordinates":[[126.84855,37.55056],[126.84872,37.55048],[126.84882,37.55043],[126.84911,37.55027],[126.85054,37.5495],[126.85061,37.54947],[126.85103,37.54926]]}},{"type":"Feature","properties":{"class":"minor","highway":"residential","sidewalk":"unknown","lanes":0,"name":"화곡로44가길","oneway":false},"geometry":{"type":"LineString","coordinates":[[126.84883,37.54993],[126.8502,37.5492]]}},{"type":"Feature","properties":{"class":"minor","highway":"residential","sidewalk":"unknown","lanes":0,"name":"까치산로15길","oneway":false},"geometry":{"type":"LineString","coordinates":[[126.84669,37.54741],[126.84786,37.54682],[126.84818,37.54667],[126.8482,37.54666],[126.84823,37.54664]]}},{"type":"Feature","properties":{"class":"minor","highway":"residential","sidewalk":"unknown","lanes":0,"name":"화곡로44길","oneway":false},"geometry":{"type":"LineString","coordinates":[[126.8466,37.54831],[126.84677,37.54823],[126.84717,37.54803],[126.84831,37.5475],[126.84836,37.54747],[126.8487,37.54732],[126.84874,37.5473]]}},{"type":"Feature","properties":{"class":"alley","highway":"service","sidewalk":"unknown","lanes":0,"name":"화곡로42나길","oneway":false},"geometry":{"type":"LineString","coordinates":[[126.84694,37.54773],[126.84811,37.54715]]}},{"type":"Feature","properties":{"class":"alley","highway":"service","sidewalk":"unknown","lanes":0,"name":"화곡로44가길","oneway":false},"geometry":{"type":"LineString","coordinates":[[126.84825,37.54925],[126.84948,37.54857]]}},{"type":"Feature","properties":{"class":"minor","highway":"residential","sidewalk":"unknown","lanes":0,"name":"화곡로42길","oneway":false},"geometry":{"type":"LineString","coordinates":[[126.84554,37.54687],[126.84569,37.5468],[126.84607,37.54661],[126.8469,37.54619],[126.84723,37.54602],[126.84756,37.54587],[126.8476,37.54585]]}},{"type":"Feature","properties":{"class":"minor","highway":"residential","sidewalk":"unknown","lanes":0,"name":"까치산로20길","oneway":false},"geometry":{"type":"LineString","coordinates":[[126.852,37.54881],[126.85154,37.54843],[126.85109,37.54805]]}},{"type":"Feature","properties":{"class":"minor","highway":"residential","sidewalk":"unknown","lanes":0,"name":"화곡로50길","oneway":true},"geometry":{"type":"LineString","coordinates":[[126.84986,37.5489],[126.84853,37.54958],[126.84813,37.54979],[126.84796,37.54988]]}},{"type":"Feature","properties":{"class":"minor","highway":"residential","sidewalk":"unknown","lanes":0,"name":"초록마을로3길","oneway":false},"geometry":{"type":"LineString","coordinates":[[126.84836,37.54747],[126.84811,37.54715],[126.84786,37.54682],[126.84765,37.54655],[126.84723,37.54602],[126.84677,37.54543],[126.84655,37.54514],[126.84635,37.54489],[126.84631,37.54485],[126.84606,37.54465],[126.84576,37.54441]]}},{"type":"Feature","properties":{"class":"minor","highway":"residential","sidewalk":"unknown","lanes":0,"name":"","oneway":false},"geometry":{"type":"LineString","coordinates":[[126.84495,37.54591],[126.84507,37.54587],[126.84541,37.54573],[126.84546,37.5457]]}},{"type":"Feature","properties":{"class":"minor","highway":"residential","sidewalk":"unknown","lanes":0,"name":"까치산로12길","oneway":false},"geometry":{"type":"LineString","coordinates":[[126.84764,37.5438],[126.8475,37.54409],[126.84742,37.54427],[126.84745,37.54432],[126.84767,37.54458]]}},{"type":"Feature","properties":{"class":"minor","highway":"residential","sidewalk":"unknown","lanes":0,"name":"까치산로14길","oneway":false},"geometry":{"type":"LineString","coordinates":[[126.84977,37.54495],[126.84872,37.54461]]}},{"type":"Feature","properties":{"class":"alley","highway":"service","sidewalk":"unknown","lanes":0,"name":"까치산로14가길","oneway":false},"geometry":{"type":"LineString","coordinates":[[126.84839,37.5453],[126.84842,37.54532],[126.8487,37.54537],[126.84873,37.54532],[126.84886,37.54501],[126.84966,37.54522]]}},{"type":"Feature","properties":{"class":"minor","highway":"residential","sidewalk":"unknown","lanes":0,"name":"초록마을로5길","oneway":false},"geometry":{"type":"LineString","coordinates":[[126.84727,37.54271],[126.84725,37.54328],[126.84727,37.54345],[126.84732,37.54357],[126.84743,37.54369],[126.84759,37.54377],[126.84764,37.5438],[126.8477,37.54384],[126.8482,37.54401],[126.84889,37.54424]]}},{"type":"Feature","properties":{"class":"minor","highway":"residential","sidewalk":"unknown","lanes":0,"name":"초록마을로14길","oneway":false},"geometry":{"type":"LineString","coordinates":[[126.84783,37.54073],[126.84838,37.54096],[126.8487,37.54109],[126.84953,37.54142],[126.85039,37.54176]]}},{"type":"Feature","properties":{"class":"minor","highway":"residential","sidewalk":"unknown","lanes":0,"name":"초록마을로26길","oneway":false},"geometry":{"type":"LineString","coordinates":[[126.8487,37.54109],[126.84887,37.54082],[126.84903,37.54055],[126.84922,37.54025],[126.84937,37.54],[126.84954,37.53972],[126.84959,37.53964],[126.84973,37.53943],[126.84991,37.53915],[126.8501,37.53886],[126.85027,37.53859],[126.85045,37.53831],[126.85059,37.53809],[126.8506,37.53807],[126.85081,37.53773]]}},{"type":"Feature","properties":{"class":"minor","highway":"residential","sidewalk":"unknown","lanes":0,"name":"까치산로4길","oneway":false},"geometry":{"type":"LineString","coordinates":[[126.84533,37.54168],[126.84498,37.54144],[126.84463,37.5412],[126.84442,37.54105],[126.84436,37.54101],[126.84427,37.54094],[126.84427,37.54089],[126.84463,37.54007]]}},{"type":"Feature","properties":{"class":"minor","highway":"residential","sidewalk":"unknown","lanes":0,"name":"초록마을로22길","oneway":false},"geometry":{"type":"LineString","coordinates":[[126.84634,37.53811],[126.84718,37.53844],[126.84726,37.53847],[126.84808,37.53878],[126.84846,37.53893],[126.84887,37.5391],[126.84973,37.53943],[126.85014,37.5396],[126.85058,37.53978],[126.85099,37.53994],[126.85143,37.54012]]}},{"type":"Feature","properties":{"class":"minor","highway":"residential","sidewalk":"unknown","lanes":0,"name":"까치산로10길","oneway":true},"geometry":{"type":"LineString","coordinates":[[126.84507,37.5434],[126.84626,37.54232],[126.84653,37.54206],[126.847,37.54164],[126.84709,37.54159],[126.8473,37.54145],[126.84742,37.54137],[126.84749,37.54129],[126.84783,37.54073],[126.84815,37.54026],[126.84824,37.54024],[126.84847,37.54033]]}},{"type":"Feature","properties":{"class":"minor","highway":"residential","sidewalk":"unknown","lanes":0,"name":"까치산로4다길","oneway":false},"geometry":{"type":"LineString","coordinates":[[126.84254,37.53859],[126.84322,37.53884],[126.84358,37.53894],[126.84413,37.53923],[126.84471,37.53948],[126.84488,37.53956],[126.84551,37.53983],[126.84634,37.54016]]}},{"type":"Feature","properties":{"class":"minor","highway":"residential","sidewalk":"unknown","lanes":0,"name":"까치산로2길","oneway":false},"geometry":{"type":"LineString","coordinates":[[126.84383,37.53709],[126.84356,37.53765],[126.84342,37.53815],[126.84333,37.53846],[126.84322,37.53884],[126.84315,37.53907],[126.84299,37.5394],[126.84286,37.53971],[126.84284,37.53975],[126.84269,37.54013],[126.84253,37.5405],[126.84249,37.54059],[126.8423,37.54103],[126.84227,37.5412],[126.84226,37.54125]]}},{"type":"Feature","properties":{"class":"minor","highway":"residential","sidewalk":"unknown","lanes":0,"name":"초록마을로6길","oneway":false},"geometry":{"type":"LineString","coordinates":[[126.84706,37.54044],[126.8469,37.54073],[126.84637,37.5412]]}},{"type":"Feature","properties":{"class":"minor","highway":"residential","sidewalk":"unknown","lanes":0,"name":"초록마을로18길","oneway":false},"geometry":{"type":"LineString","coordinates":[[126.84946,37.54071],[126.84948,37.54066],[126.85014,37.5396]]}},{"type":"Feature","properties":{"class":"minor","highway":"residential","sidewalk":"unknown","lanes":0,"name":"초록마을로10길","oneway":false},"geometry":{"type":"LineString","coordinates":[[126.84904,37.54227],[126.84908,37.54215],[126.84919,37.54198],[126.84936,37.5417],[126.84953,37.54142],[126.84971,37.54115],[126.84988,37.54088],[126.85005,37.54061],[126.85023,37.54033],[126.85058,37.53978]]}},{"type":"Feature","properties":{"class":"minor","highway":"residential","sidewalk":"unknown","lanes":0,"name":"초록마을로12길","oneway":false},"geometry":{"type":"LineString","coordinates":[[126.84794,37.54126],[126.84833,37.54131],[126.84841,37.54132],[126.84936,37.5417],[126.85,37.54197],[126.85003,37.54205]]}},{"type":"Feature","properties":{"class":"minor","highway":"residential","sidewalk":"unknown","lanes":0,"name":"까치산로8길","oneway":false},"geometry":{"type":"LineString","coordinates":[[126.84637,37.5412],[126.84591,37.54161],[126.84626,37.54187]]}},{"type":"Feature","properties":{"class":"minor","highway":"residential","sidewalk":"unknown","lanes":0,"name":"까치산로6길","oneway":false},"geometry":{"type":"LineString","coordinates":[[126.84415,37.54274],[126.84445,37.54247],[126.84473,37.54221],[126.84533,37.54168],[126.84606,37.54099]]}},{"type":"Feature","properties":{"class":"minor","highway":"residential","sidewalk":"unknown","lanes":0,"name":"강서로26길","oneway":false},"geometry":{"type":"LineString","coordinates":[[126.84217,37.53918],[126.84231,37.53922],[126.84262,37.5393],[126.84299,37.5394],[126.84389,37.53961],[126.84425,37.53984],[126.84463,37.54007],[126.84498,37.54029],[126.84538,37.54054],[126.84572,37.54075]]}},{"type":"Feature","properties":{"class":"minor","highway":"residential","sidewalk":"unknown","lanes":0,"name":"강서로26길","oneway":false},"geometry":{"type":"LineString","coordinates":[[126.84262,37.5393],[126.84217,37.54042]]}},{"type":"Feature","properties":{"class":"minor","highway":"residential","sidewalk":"unknown","lanes":0,"name":"강서로26길","oneway":false},"geometry":{"type":"LineString","coordinates":[[126.84463,37.5412],[126.84492,37.54094],[126.84538,37.54054],[126.84566,37.54029]]}},{"type":"Feature","properties":{"class":"minor","highway":"residential","sidewalk":"unknown","lanes":0,"name":"강서로26길","oneway":false},"geometry":{"type":"LineString","coordinates":[[126.84425,37.53984],[126.84381,37.54083],[126.84377,37.54095],[126.84378,37.54102],[126.84383,37.54109],[126.84414,37.54129]]}},{"type":"Feature","properties":{"class":"alley","highway":"service","sidewalk":"unknown","lanes":0,"name":"까치산로4나길","oneway":false},"geometry":{"type":"LineString","coordinates":[[126.84383,37.54155],[126.84414,37.54129],[126.84442,37.54105]]}},{"type":"Feature","properties":{"class":"minor","highway":"residential","sidewalk":"unknown","lanes":0,"name":"화곡로","oneway":false},"geometry":{"type":"LineString","coordinates":[[126.84301,37.54285],[126.84245,37.54206],[126.84204,37.54144],[126.842,37.54137]]}},{"type":"Feature","properties":{"class":"minor","highway":"residential","sidewalk":"unknown","lanes":0,"name":"까치산로4가길","oneway":false},"geometry":{"type":"LineString","coordinates":[[126.84328,37.53982],[126.84297,37.54061],[126.84283,37.54093],[126.8428,37.54106],[126.84285,37.54126],[126.8429,37.54135],[126.84299,37.54144],[126.84305,37.54151],[126.84311,37.54155],[126.8441,37.54223]]}},{"type":"Feature","properties":{"class":"minor","highway":"residential","sidewalk":"unknown","lanes":0,"name":"초록마을로2길","oneway":false},"geometry":{"type":"LineString","coordinates":[[126.84372,37.5433],[126.84397,37.54354],[126.84426,37.54407],[126.84449,37.54443],[126.84472,37.54475],[126.84495,37.54508]]}},{"type":"Feature","properties":{"class":"minor","highway":"residential","sidewalk":"unknown","lanes":0,"name":"화곡로34길","oneway":false},"geometry":{"type":"LineString","coordinates":[[126.84381,37.54431],[126.84395,37.54424],[126.84426,37.54407],[126.8448,37.54365],[126.84504,37.54345],[126.84508,37.54341]]}},{"type":"Feature","properties":{"class":"minor","highway":"residential","sidewalk":"unknown","lanes":0,"name":"초록마을로4길","oneway":false},"geometry":{"type":"LineString","coordinates":[[126.8441,37.54316],[126.8448,37.54365],[126.84514,37.54389],[126.84515,37.5439],[126.84545,37.54415],[126.84576,37.54441]]}},{"type":"Feature","properties":{"class":"alley","highway":"service","sidewalk":"unknown","lanes":0,"name":"초록마을로3길","oneway":false},"geometry":{"type":"LineString","coordinates":[[126.84555,37.54527],[126.84569,37.54522],[126.84601,37.54503],[126.84631,37.54485]]}},{"type":"Feature","properties":{"class":"alley","highway":"service","sidewalk":"unknown","lanes":0,"name":"초록마을로2길","oneway":false},"geometry":{"type":"LineString","coordinates":[[126.84545,37.54415],[126.84472,37.54475]]}},{"type":"Feature","properties":{"class":"alley","highway":"service","sidewalk":"unknown","lanes":0,"name":"초록마을로4길","oneway":false},"geometry":{"type":"LineString","coordinates":[[126.84545,37.54369],[126.84541,37.54371],[126.84515,37.5439],[126.84449,37.54443]]}},{"type":"Feature","properties":{"class":"alley","highway":"service","sidewalk":"unknown","lanes":0,"name":"화곡로35길","oneway":false},"geometry":{"type":"LineString","coordinates":[[126.84431,37.54518],[126.84378,37.54543],[126.84305,37.54579],[126.84274,37.54598]]}},{"type":"Feature","properties":{"class":"alley","highway":"service","sidewalk":"unknown","lanes":0,"name":"화곡로44가길","oneway":false},"geometry":{"type":"LineString","coordinates":[[126.8474,37.54832],[126.84745,37.54831],[126.84854,37.54775]]}},{"type":"Feature","properties":{"class":"minor","highway":"residential","sidewalk":"unknown","lanes":0,"name":"","oneway":false},"geometry":{"type":"LineString","coordinates":[[126.84606,37.54465],[126.84635,37.54446],[126.8464,37.54443]]}},{"type":"Feature","properties":{"class":"minor","highway":"residential","sidewalk":"unknown","lanes":0,"name":"우현로","oneway":false},"geometry":{"type":"LineString","coordinates":[[126.84331,37.54748],[126.84355,37.54778],[126.84365,37.54791],[126.8437,37.54797],[126.8438,37.54807],[126.84405,37.54829]]}},{"type":"Feature","properties":{"class":"alley","highway":"service","sidewalk":"unknown","lanes":0,"name":"화곡로41길","oneway":false},"geometry":{"type":"LineString","coordinates":[[126.84344,37.54741],[126.84328,37.54719],[126.84314,37.54701],[126.84493,37.54611],[126.84506,37.54608]]}},{"type":"Feature","properties":{"class":"alley","highway":"service","sidewalk":"unknown","lanes":0,"name":"까치산로14길","oneway":false},"geometry":{"type":"LineString","coordinates":[[126.84754,37.54507],[126.84765,37.545],[126.84799,37.54484],[126.84854,37.54499]]}},{"type":"Feature","properties":{"class":"minor","highway":"residential","sidewalk":"unknown","lanes":0,"name":"초록마을로","oneway":false},"geometry":{"type":"LineString","coordinates":[[126.84674,37.54355],[126.84709,37.54397],[126.8475,37.54409]]}},{"type":"Feature","properties":{"class":"minor","highway":"residential","sidewalk":"unknown","lanes":0,"name":"화곡로","oneway":false},"geometry":{"type":"LineString","coordinates":[[126.84459,37.54789],[126.84459,37.54781],[126.84472,37.54766],[126.84488,37.54753],[126.84495,37.54748],[126.84502,37.54743],[126.84528,37.54725],[126.84539,37.54717],[126.84554,37.54712],[126.84567,37.54708]]}},{"type":"Feature","properties":{"class":"minor","highway":"residential","sidewalk":"unknown","lanes":0,"name":"까치산로","oneway":false},"geometry":{"type":"LineString","coordinates":[[126.84802,37.54639],[126.8484,37.5462],[126.84799,37.54565]]}},{"type":"Feature","properties":{"class":"minor","highway":"residential","sidewalk":"unknown","lanes":0,"name":"우현로","oneway":false},"geometry":{"type":"LineString","coordinates":[[126.84455,37.54681],[126.84502,37.54743],[126.84515,37.5476]]}},{"type":"Feature","properties":{"class":"alley","highway":"service","sidewalk":"unknown","lanes":0,"name":"화곡로33길","oneway":false},"geometry":{"type":"LineString","coordinates":[[126.84381,37.54431],[126.84322,37.54516],[126.84292,37.54503],[126.84334,37.5444],[126.84352,37.54415],[126.84364,37.54409]]}},{"type":"Feature","properties":{"class":"minor","highway":"residential","sidewalk":"unknown","lanes":0,"name":"화곡로43가길","oneway":false},"geometry":{"type":"LineString","coordinates":[[126.84565,37.54733],[126.84515,37.5476],[126.84505,37.54766],[126.84471,37.54787],[126.84459,37.54789],[126.84449,37.54801],[126.84439,37.54814],[126.84436,37.54817],[126.84433,37.54819],[126.8443,37.54821],[126.84425,37.54822],[126.84405,37.54829],[126.84393,37.54835],[126.84388,37.54838],[126.84382,37.54841],[126.84374,37.54852],[126.84368,37.5486],[126.84363,37.54866],[126.84352,37.54877],[126.84343,37.54883],[126.8431,37.54904],[126.84273,37.54894],[126.84258,37.54894],[126.84245,37.54897],[126.84233,37.54899],[126.84221,37.54899],[126.84215,37.54897]]}},{"type":"Feature","properties":{"class":"alley","highway":"service","sidewalk":"unknown","lanes":0,"name":"화곡로39길","oneway":false},"geometry":{"type":"LineString","coordinates":[[126.84299,37.54671],[126.84337,37.54646],[126.84362,37.54631],[126.84482,37.54572]]}},{"type":"Feature","properties":{"class":"minor","highway":"residential","sidewalk":"unknown","lanes":0,"name":"화곡로46길","oneway":false},"geometry":{"type":"LineString","coordinates":[[126.84709,37.54888],[126.84725,37.54879],[126.84761,37.54859],[126.84769,37.54858],[126.84882,37.548]]}},{"type":"Feature","properties":{"class":"minor","highway":"residential","sidewalk":"unknown","lanes":0,"name":"까치산로18가길","oneway":false},"geometry":{"type":"LineString","coordinates":[[126.84866,37.54642],[126.84872,37.54649],[126.84944,37.54723],[126.84969,37.54745]]}},{"type":"Feature","properties":{"class":"minor","highway":"residential","sidewalk":"unknown","lanes":0,"name":"까치산로20길","oneway":false},"geometry":{"type":"LineString","coordinates":[[126.85117,37.54872],[126.85154,37.54843]]}},{"type":"Feature","properties":{"class":"minor","highway":"residential","sidewalk":"unknown","lanes":0,"name":"까치산로18라길","oneway":false},"geometry":{"type":"LineString","coordinates":[[126.8518,37.5472],[126.8518,37.54712],[126.85182,37.54698],[126.8519,37.54688],[126.85207,37.54678],[126.85238,37.54649],[126.85265,37.54626],[126.85289,37.54613],[126.85304,37.54607],[126.85331,37.54608],[126.85349,37.54616]]}},{"type":"Feature","properties":{"class":"minor","highway":"residential","sidewalk":"unknown","lanes":0,"name":"까치산로18다길","oneway":false},"geometry":{"type":"LineString","coordinates":[[126.85106,37.54676],[126.85134,37.54657],[126.85179,37.54622]]}},{"type":"Feature","properties":{"class":"minor","highway":"residential","sidewalk":"unknown","lanes":0,"name":"까치산로18라길","oneway":false},"geometry":{"type":"LineString","coordinates":[[126.8518,37.54712],[126.85172,37.54684],[126.85173,37.54679],[126.85211,37.54642],[126.85237,37.54616],[126.85282,37.54582]]}},{"type":"Feature","properties":{"class":"alley","highway":"service","sidewalk":"unknown","lanes":0,"name":"강서로34길","oneway":false},"geometry":{"type":"LineString","coordinates":[[126.83973,37.54367],[126.84062,37.54278]]}},{"type":"Feature","properties":{"class":"minor","highway":"residential","sidewalk":"unknown","lanes":0,"name":"까치산로","oneway":false},"geometry":{"type":"LineString","coordinates":[[126.85267,37.55159],[126.85275,37.55157],[126.85362,37.55124]]}},{"type":"Feature","properties":{"class":"minor","highway":"residential","sidewalk":"unknown","lanes":0,"name":"까치산로","oneway":false},"geometry":{"type":"LineString","coordinates":[[126.85318,37.55254],[126.85324,37.55251],[126.85412,37.55218]]}},{"type":"Feature","properties":{"class":"alley","highway":"service","sidewalk":"unknown","lanes":0,"name":"화곡로43길","oneway":false},"geometry":{"type":"LineString","coordinates":[[126.84505,37.54766],[126.84537,37.54803],[126.84591,37.54772]]}},{"type":"Feature","properties":{"class":"alley","highway":"service","sidewalk":"unknown","lanes":0,"name":"강서로34길","oneway":false},"geometry":{"type":"LineString","coordinates":[[126.84004,37.54387],[126.84092,37.54297]]}},{"type":"Feature","properties":{"class":"alley","highway":"service","sidewalk":"unknown","lanes":0,"name":"화곡로53가길","oneway":false},"geometry":{"type":"LineString","coordinates":[[126.84644,37.55053],[126.84649,37.55052],[126.84713,37.55029]]}},{"type":"Feature","properties":{"class":"minor","highway":"residential","sidewalk":"unknown","lanes":0,"name":"공항대로46길","oneway":false},"geometry":{"type":"LineString","coordinates":[[126.85359,37.55464],[126.85361,37.55454],[126.85299,37.55331]]}},{"type":"Feature","properties":{"class":"minor","highway":"residential","sidewalk":"unknown","lanes":0,"name":"강서로36길","oneway":false},"geometry":{"type":"LineString","coordinates":[[126.83894,37.54319],[126.8392,37.54334],[126.83947,37.5435],[126.83955,37.54356],[126.83973,37.54367],[126.83986,37.54375],[126.84004,37.54387],[126.84039,37.54408],[126.84036,37.54431],[126.84034,37.54447]]}},{"type":"Feature","properties":{"class":"minor","highway":"residential","sidewalk":"unknown","lanes":0,"name":"화곡로","oneway":false},"geometry":{"type":"LineString","coordinates":[[126.84701,37.55009],[126.84779,37.54968]]}},{"type":"Feature","properties":{"class":"minor","highway":"residential","sidewalk":"unknown","lanes":0,"name":"까치산로","oneway":false},"geometry":{"type":"LineString","coordinates":[[126.85293,37.55207],[126.85388,37.55173]]}},{"type":"Feature","properties":{"class":"minor","highway":"residential","sidewalk":"unknown","lanes":0,"name":"까치산로18길","oneway":false},"geometry":{"type":"LineString","coordinates":[[126.85043,37.54691],[126.85049,37.54696],[126.85147,37.54777]]}},{"type":"Feature","properties":{"class":"alley","highway":"service","sidewalk":"unknown","lanes":0,"name":"강서로34길","oneway":false},"geometry":{"type":"LineString","coordinates":[[126.8408,37.5445],[126.84086,37.54434],[126.84098,37.54422],[126.84159,37.5436]]}},{"type":"Feature","properties":{"class":"minor","highway":"residential","sidewalk":"unknown","lanes":0,"name":"화곡로27가길","oneway":false},"geometry":{"type":"LineString","coordinates":[[126.84066,37.5423],[126.84075,37.54234],[126.84141,37.54274],[126.8416,37.54286],[126.84183,37.54306],[126.84203,37.54328],[126.84216,37.54344],[126.8422,37.54348],[126.84262,37.54395]]}},{"type":"Feature","properties":{"class":"alley","highway":"service","sidewalk":"unknown","lanes":0,"name":"화곡로","oneway":false},"geometry":{"type":"LineString","coordinates":[[126.84183,37.54306],[126.84239,37.54268]]}},{"type":"Feature","properties":{"class":"minor","highway":"residential","sidewalk":"unknown","lanes":0,"name":"공항대로45나길","oneway":false},"geometry":{"type":"LineString","coordinates":[[126.85459,37.55602],[126.8554,37.55544],[126.85551,37.55542],[126.85594,37.55578],[126.85634,37.55612],[126.85649,37.55625]]}},{"type":"Feature","properties":{"class":"minor","highway":"residential","sidewalk":"unknown","lanes":0,"name":"공항대로51길","oneway":false},"geometry":{"type":"LineString","coordinates":[[126.85791,37.55555],[126.85766,37.55521],[126.85737,37.55484],[126.85706,37.55441]]}},{"type":"Feature","properties":{"class":"minor","highway":"residential","sidewalk":"unknown","lanes":0,"name":"공항대로51길","oneway":false},"geometry":{"type":"LineString","coordinates":[[126.85634,37.55612],[126.85656,37.55595],[126.85678,37.55565],[126.85748,37.5553],[126.85766,37.55521]]}},{"type":"Feature","properties":{"class":"minor","highway":"residential","sidewalk":"unknown","lanes":0,"name":"공항대로53길","oneway":false},"geometry":{"type":"LineString","coordinates":[[126.86062,37.55518],[126.8602,37.55466],[126.85976,37.55411],[126.85939,37.55356]]}},{"type":"Feature","properties":{"class":"minor","highway":"residential","sidewalk":"unknown","lanes":0,"name":"공항대로53나길","oneway":false},"geometry":{"type":"LineString","coordinates":[[126.85886,37.55546],[126.85893,37.55541],[126.85899,37.55521],[126.85904,37.55495],[126.85913,37.55482],[126.85921,37.55473],[126.85924,37.55461],[126.8595,37.55465],[126.85975,37.55471],[126.85996,37.55471],[126.8602,37.55466]]}},{"type":"Feature","properties":{"class":"minor","highway":"residential","sidewalk":"unknown","lanes":0,"name":"공항대로53나길","oneway":false},"geometry":{"type":"LineString","coordinates":[[126.85944,37.55521],[126.85963,37.5551],[126.85973,37.5549],[126.85975,37.55471]]}},{"type":"Feature","properties":{"class":"alley","highway":"service","sidewalk":"unknown","lanes":0,"name":"양천로","oneway":false},"geometry":{"type":"LineString","coordinates":[[126.85547,37.55907],[126.85557,37.55926],[126.8557,37.5595],[126.85575,37.55961],[126.8558,37.5598],[126.8559,37.55999],[126.85598,37.56015],[126.85616,37.56031],[126.85624,37.56043],[126.85632,37.56048]]}},{"type":"Feature","properties":{"class":"minor","highway":"residential","sidewalk":"unknown","lanes":0,"name":"양천로","oneway":true},"geometry":{"type":"LineString","coordinates":[[126.86066,37.5581],[126.86047,37.55787],[126.86028,37.55764],[126.86019,37.55752],[126.86001,37.55732],[126.85984,37.55709]]}},{"type":"Feature","properties":{"class":"minor","highway":"residential","sidewalk":"unknown","lanes":0,"name":"양천로62길","oneway":false},"geometry":{"type":"LineString","coordinates":[[126.86059,37.55671],[126.86041,37.55648],[126.86015,37.55614],[126.86008,37.55607],[126.85989,37.55586],[126.85975,37.55562]]}},{"type":"Feature","properties":{"class":"alley","highway":"service","sidewalk":"unknown","lanes":0,"name":"","oneway":false},"geometry":{"type":"LineString","coordinates":[[126.85622,37.55881],[126.8564,37.55915],[126.85645,37.55924],[126.85649,37.55932],[126.85665,37.55962],[126.85628,37.55975],[126.85635,37.5599]]}},{"type":"Feature","properties":{"class":"alley","highway":"service","sidewalk":"unknown","lanes":0,"name":"","oneway":false},"geometry":{"type":"LineString","coordinates":[[126.85953,37.54749],[126.85949,37.54751],[126.85826,37.5481]]}},{"type":"Feature","properties":{"class":"alley","highway":"service","sidewalk":"unknown","lanes":0,"name":"까치산로24길","oneway":false},"geometry":{"type":"LineString","coordinates":[[126.85374,37.54855],[126.85413,37.54835],[126.85526,37.5478],[126.85562,37.5482],[126.85562,37.54839]]}},{"type":"Feature","properties":{"class":"alley","highway":"service","sidewalk":"unknown","lanes":0,"name":"","oneway":false},"geometry":{"type":"LineString","coordinates":[[126.85413,37.54835],[126.85459,37.54879]]}},{"type":"Feature","properties":{"class":"major","highway":"primary","sidewalk":"likely","lanes":6,"name":"화곡로","oneway":false},"geometry":{"type":"LineString","coordinates":[[126.85215,37.55559],[126.85222,37.55572],[126.8523,37.55586]]}},{"type":"Feature","properties":{"class":"alley","highway":"service","sidewalk":"unknown","lanes":0,"name":"","oneway":false},"geometry":{"type":"LineString","coordinates":[[126.86134,37.54519],[126.8609,37.54519],[126.86024,37.54519],[126.86011,37.54514],[126.85965,37.54496],[126.85931,37.54482],[126.85865,37.54459],[126.85839,37.54457],[126.85821,37.54449],[126.85804,37.54434],[126.85801,37.5442],[126.85802,37.54417],[126.85818,37.54388],[126.85835,37.54394],[126.85853,37.54401],[126.85835,37.54431],[126.85827,37.54443]]}},{"type":"Feature","properties":{"class":"alley","highway":"service","sidewalk":"unknown","lanes":0,"name":"","oneway":false},"geometry":{"type":"LineString","coordinates":[[126.85802,37.54417],[126.85819,37.54424],[126.85835,37.54431]]}},{"type":"Feature","properties":{"class":"alley","highway":"service","sidewalk":"unknown","lanes":0,"name":"","oneway":false},"geometry":{"type":"LineString","coordinates":[[126.85819,37.54424],[126.85835,37.54394]]}},{"type":"Feature","properties":{"class":"alley","highway":"service","sidewalk":"unknown","lanes":0,"name":"","oneway":false},"geometry":{"type":"LineString","coordinates":[[126.85865,37.54459],[126.85894,37.5441],[126.85911,37.54381],[126.85919,37.54368],[126.85932,37.54345],[126.85938,37.54335],[126.85945,37.54331]]}},{"type":"Feature","properties":{"class":"alley","highway":"service","sidewalk":"unknown","lanes":0,"name":"","oneway":false},"geometry":{"type":"LineString","coordinates":[[126.85919,37.54368],[126.85906,37.54363],[126.85878,37.54351],[126.8589,37.5433],[126.85919,37.54342],[126.85906,37.54363]]}},{"type":"Feature","properties":{"class":"alley","highway":"service","sidewalk":"unknown","lanes":0,"name":"","oneway":false},"geometry":{"type":"LineString","coordinates":[[126.85855,37.54394],[126.85875,37.54402],[126.85894,37.5441]]}},{"type":"Feature","properties":{"class":"alley","highway":"service","sidewalk":"unknown","lanes":0,"name":"","oneway":false},"geometry":{"type":"LineString","coordinates":[[126.85875,37.54402],[126.85847,37.54451]]}},{"type":"Feature","properties":{"class":"alley","highway":"service","sidewalk":"unknown","lanes":0,"name":"","oneway":false},"geometry":{"type":"LineString","coordinates":[[126.85931,37.54482],[126.85947,37.54458],[126.85964,37.54431],[126.85966,37.54428],[126.85985,37.54398],[126.85986,37.54396],[126.86026,37.54335],[126.86031,37.54327],[126.86032,37.54324],[126.86036,37.54323],[126.86047,37.54318],[126.86053,37.54317],[126.8607,37.54315],[126.86077,37.54318],[126.86109,37.54329],[126.86113,37.54333],[126.8615,37.54368],[126.86162,37.54378],[126.86173,37.54388],[126.86199,37.54397],[126.86208,37.54399]]}},{"type":"Feature","properties":{"class":"major","highway":"secondary","sidewalk":"likely","lanes":6,"name":"강서로","oneway":false},"geometry":{"type":"LineString","coordinates":[[126.8412,37.54067],[126.84151,37.54026],[126.84152,37.54025]]}},{"type":"Feature","properties":{"class":"major","highway":"primary","sidewalk":"likely","lanes":6,"name":"화곡로","oneway":false},"geometry":{"type":"LineString","coordinates":[[126.84107,37.54188],[126.84119,37.54193]]}},{"type":"Feature","properties":{"class":"major","highway":"primary","sidewalk":"likely","lanes":6,"name":"화곡로","oneway":false},"geometry":{"type":"LineString","coordinates":[[126.84092,37.54182],[126.84107,37.54188]]}},{"type":"Feature","properties":{"class":"minor","highway":"residential","sidewalk":"unknown","lanes":0,"name":"화곡로29길","oneway":false},"geometry":{"type":"LineString","coordinates":[[126.84207,37.54241],[126.84201,37.54246],[126.84184,37.54261],[126.8416,37.54286],[126.84128,37.54318],[126.84125,37.54321],[126.84093,37.54353],[126.84039,37.54408]]}},{"type":"Feature","properties":{"class":"major","highway":"primary","sidewalk":"likely","lanes":6,"name":"화곡로","oneway":false},"geometry":{"type":"LineString","coordinates":[[126.84119,37.54193],[126.84152,37.54207],[126.84207,37.54241]]}},{"type":"Feature","properties":{"class":"major","highway":"primary","sidewalk":"likely","lanes":6,"name":"화곡로","oneway":false},"geometry":{"type":"LineString","coordinates":[[126.84207,37.54241],[126.84239,37.54268]]}},{"type":"Feature","properties":{"class":"major","highway":"primary","sidewalk":"likely","lanes":6,"name":"화곡로","oneway":false},"geometry":{"type":"LineString","coordinates":[[126.84239,37.54268],[126.84249,37.54277],[126.84265,37.54294],[126.84269,37.54298],[126.84274,37.54303]]}},{"type":"Feature","properties":{"class":"minor","highway":"residential","sidewalk":"unknown","lanes":0,"name":"까치산로4길","oneway":false},"geometry":{"type":"LineString","coordinates":[[126.84692,37.54039],[126.84698,37.54032],[126.84715,37.54004],[126.84719,37.53983]]}},{"type":"Feature","properties":{"class":"minor","highway":"residential","sidewalk":"unknown","lanes":0,"name":"까치산로10길","oneway":false},"geometry":{"type":"LineString","coordinates":[[126.84653,37.54206],[126.84693,37.54237],[126.84728,37.54238],[126.84766,37.54238],[126.84764,37.5421],[126.84763,37.54194],[126.8475,37.54168],[126.8473,37.54145]]}},{"type":"Feature","properties":{"class":"minor","highway":"residential","sidewalk":"unknown","lanes":0,"name":"까치산로8길","oneway":false},"geometry":{"type":"LineString","coordinates":[[126.84481,37.54321],[126.84511,37.54293],[126.84539,37.54266],[126.84597,37.54212],[126.84626,37.54187],[126.84672,37.54145]]}},{"type":"Feature","properties":{"class":"minor","highway":"residential","sidewalk":"unknown","lanes":0,"name":"초록마을로21길","oneway":false},"geometry":{"type":"LineString","coordinates":[[126.85143,37.54012],[126.85256,37.54056],[126.85376,37.54104],[126.85329,37.54122]]}},{"type":"Feature","properties":{"class":"minor","highway":"residential","sidewalk":"unknown","lanes":0,"name":"초록마을로","oneway":true},"geometry":{"type":"LineString","coordinates":[[126.84626,37.54232],[126.84681,37.54268]]}},{"type":"Feature","properties":{"class":"minor","highway":"residential","sidewalk":"unknown","lanes":0,"name":"초록마을로8길","oneway":false},"geometry":{"type":"LineString","coordinates":[[126.84808,37.53878],[126.84803,37.53887],[126.848,37.53894],[126.84798,37.53904],[126.848,37.53911],[126.84815,37.5394],[126.84828,37.5397],[126.84836,37.53992],[126.84848,37.54013],[126.84847,37.54033],[126.84838,37.54096],[126.84833,37.54131],[126.84829,37.54161],[126.84825,37.54195],[126.84815,37.54267],[126.84817,37.54274]]}},{"type":"Feature","properties":{"class":"minor","highway":"residential","sidewalk":"unknown","lanes":0,"name":"초록마을로26길","oneway":false},"geometry":{"type":"LineString","coordinates":[[126.84937,37.54],[126.84852,37.53967]]}},{"type":"Feature","properties":{"class":"minor","highway":"residential","sidewalk":"unknown","lanes":0,"name":"초록마을로8길","oneway":false},"geometry":{"type":"LineString","coordinates":[[126.84922,37.54025],[126.84836,37.53992]]}},{"type":"Feature","properties":{"class":"minor","highway":"residential","sidewalk":"unknown","lanes":0,"name":"초록마을로","oneway":false},"geometry":{"type":"LineString","coordinates":[[126.85005,37.54061],[126.85091,37.54095]]}},{"type":"Feature","properties":{"class":"minor","highway":"residential","sidewalk":"unknown","lanes":0,"name":"초록마을로","oneway":false},"geometry":{"type":"LineString","coordinates":[[126.85023,37.54033],[126.85108,37.54067],[126.85182,37.54095]]}},{"type":"Feature","properties":{"class":"minor","highway":"residential","sidewalk":"unknown","lanes":0,"name":"초록마을로19길","oneway":false},"geometry":{"type":"LineString","coordinates":[[126.85124,37.54041],[126.85235,37.54085],[126.85329,37.54122]]}},{"type":"Feature","properties":{"class":"minor","highway":"residential","sidewalk":"unknown","lanes":0,"name":"초록마을로19길","oneway":false},"geometry":{"type":"LineString","coordinates":[[126.85235,37.54085],[126.85256,37.54056]]}},{"type":"Feature","properties":{"class":"minor","highway":"residential","sidewalk":"unknown","lanes":0,"name":"초록마을로16길","oneway":false},"geometry":{"type":"LineString","coordinates":[[126.84887,37.54082],[126.84971,37.54115],[126.85057,37.54149]]}},{"type":"Feature","properties":{"class":"minor","highway":"residential","sidewalk":"unknown","lanes":0,"name":"초록마을로15길","oneway":false},"geometry":{"type":"LineString","coordinates":[[126.85057,37.54149],[126.85098,37.54164],[126.85261,37.54204],[126.85294,37.54212],[126.85334,37.542],[126.85397,37.54191],[126.85432,37.54188],[126.85457,37.54185],[126.85486,37.54196],[126.85503,37.54203]]}},{"type":"Feature","properties":{"class":"minor","highway":"residential","sidewalk":"unknown","lanes":0,"name":"초록마을로10길","oneway":false},"geometry":{"type":"LineString","coordinates":[[126.84829,37.54161],[126.84919,37.54198]]}},{"type":"Feature","properties":{"class":"minor","highway":"residential","sidewalk":"unknown","lanes":0,"name":"초록마을로10길","oneway":false},"geometry":{"type":"LineString","coordinates":[[126.84825,37.54195],[126.84904,37.54227]]}},{"type":"Feature","properties":{"class":"minor","highway":"residential","sidewalk":"unknown","lanes":0,"name":"초록마을로8길","oneway":false},"geometry":{"type":"LineString","coordinates":[[126.8479,37.54155],[126.84829,37.54161]]}},{"type":"Feature","properties":{"class":"minor","highway":"residential","sidewalk":"unknown","lanes":0,"name":"초록마을로8길","oneway":false},"geometry":{"type":"LineString","coordinates":[[126.8479,37.54189],[126.84819,37.54193],[126.84825,37.54195]]}},{"type":"Feature","properties":{"class":"minor","highway":"residential","sidewalk":"unknown","lanes":0,"name":"초록마을로18길","oneway":false},"geometry":{"type":"LineString","coordinates":[[126.84847,37.54033],[126.84903,37.54055],[126.84946,37.54071],[126.84988,37.54088],[126.85074,37.54121]]}},{"type":"Feature","properties":{"class":"minor","highway":"residential","sidewalk":"unknown","lanes":0,"name":"까치산로4길","oneway":false},"geometry":{"type":"LineString","coordinates":[[126.84381,37.54251],[126.8441,37.54223],[126.8444,37.54195],[126.84498,37.54144],[126.84572,37.54075],[126.84619,37.54033],[126.84634,37.54016],[126.84648,37.53986],[126.84653,37.53976],[126.84666,37.53945],[126.84669,37.53939],[126.8468,37.53915],[126.84691,37.53889],[126.84704,37.53866],[126.84718,37.53844]]}},{"type":"Feature","properties":{"class":"minor","highway":"residential","sidewalk":"unknown","lanes":0,"name":"초록마을로6길","oneway":false},"geometry":{"type":"LineString","coordinates":[[126.84572,37.54075],[126.84606,37.54099],[126.84637,37.5412],[126.84672,37.54145],[126.847,37.54164],[126.84713,37.54181],[126.84721,37.54194],[126.84728,37.54216],[126.84728,37.54232],[126.84728,37.54238],[126.84727,37.54271]]}},{"type":"Feature","properties":{"class":"minor","highway":"residential","sidewalk":"unknown","lanes":0,"name":"까치산로4길","oneway":false},"geometry":{"type":"LineString","coordinates":[[126.84634,37.54016],[126.84692,37.54039],[126.84706,37.54044]]}},{"type":"Feature","properties":{"class":"minor","highway":"residential","sidewalk":"unknown","lanes":0,"name":"강서로26길","oneway":false},"geometry":{"type":"LineString","coordinates":[[126.84463,37.54007],[126.84488,37.53956]]}},{"type":"Feature","properties":{"class":"minor","highway":"residential","sidewalk":"unknown","lanes":0,"name":"까치산로6길","oneway":false},"geometry":{"type":"LineString","coordinates":[[126.84533,37.54168],[126.84564,37.54189],[126.84597,37.54212]]}},{"type":"Feature","properties":{"class":"minor","highway":"residential","sidewalk":"unknown","lanes":0,"name":"까치산로2길","oneway":false},"geometry":{"type":"LineString","coordinates":[[126.84217,37.54042],[126.84253,37.5405]]}},{"type":"Feature","properties":{"class":"minor","highway":"residential","sidewalk":"unknown","lanes":0,"name":"까치산로4길","oneway":false},"geometry":{"type":"LineString","coordinates":[[126.8441,37.54223],[126.84445,37.54247]]}},{"type":"Feature","properties":{"class":"minor","highway":"residential","sidewalk":"unknown","lanes":0,"name":"까치산로6길","oneway":false},"geometry":{"type":"LineString","coordinates":[[126.84445,37.54247],[126.84511,37.54293]]}},{"type":"Feature","properties":{"class":"minor","highway":"residential","sidewalk":"unknown","lanes":0,"name":"까치산로4나길","oneway":false},"geometry":{"type":"LineString","coordinates":[[126.84338,37.54071],[126.84381,37.54083]]}},{"type":"Feature","properties":{"class":"minor","highway":"residential","sidewalk":"unknown","lanes":0,"name":"까치산로4가길","oneway":false},"geometry":{"type":"LineString","coordinates":[[126.84253,37.5405],[126.84297,37.54061],[126.84338,37.54071]]}},{"type":"Feature","properties":{"class":"minor","highway":"residential","sidewalk":"unknown","lanes":0,"name":"강서로26길","oneway":false},"geometry":{"type":"LineString","coordinates":[[126.84492,37.54094],[126.84464,37.54073],[126.84498,37.54029]]}},{"type":"Feature","properties":{"class":"major","highway":"tertiary","sidewalk":"likely","lanes":0,"name":"강서로29길","oneway":false},"geometry":{"type":"LineString","coordinates":[[126.8369,37.53792],[126.83882,37.53866],[126.83899,37.53873],[126.83924,37.53883],[126.83948,37.53892],[126.84026,37.53922],[126.84102,37.53984],[126.84152,37.54025]]}},{"type":"Feature","properties":{"class":"alley","highway":"service","sidewalk":"unknown","lanes":0,"name":"화곡로32길","oneway":false},"geometry":{"type":"LineString","coordinates":[[126.84327,37.54361],[126.84337,37.54354],[126.84372,37.5433],[126.84369,37.54313],[126.84385,37.54299],[126.84409,37.54279],[126.84415,37.54274]]}},{"type":"Feature","properties":{"class":"minor","highway":"residential","sidewalk":"unknown","lanes":0,"name":"까치산로14길","oneway":false},"geometry":{"type":"LineString","coordinates":[[126.8476,37.54585],[126.84799,37.54565],[126.84819,37.54554],[126.8483,37.54541],[126.84839,37.5453],[126.84854,37.54499],[126.84872,37.54461],[126.84889,37.54424],[126.84905,37.54393],[126.84918,37.54368],[126.84944,37.54377]]}},{"type":"Feature","properties":{"class":"minor","highway":"residential","sidewalk":"unknown","lanes":0,"name":"까치산로12길","oneway":false},"geometry":{"type":"LineString","coordinates":[[126.84691,37.54495],[126.8473,37.54476],[126.84767,37.54458],[126.84804,37.5444],[126.8482,37.54401],[126.84834,37.54369],[126.84859,37.54312],[126.84868,37.5429]]}},{"type":"Feature","properties":{"class":"minor","highway":"residential","sidewalk":"unknown","lanes":0,"name":"까치산로11길","oneway":false},"geometry":{"type":"LineString","coordinates":[[126.84546,37.5457],[126.84655,37.54514],[126.84686,37.54498],[126.84691,37.54495]]}},{"type":"Feature","properties":{"class":"minor","highway":"residential","sidewalk":"unknown","lanes":0,"name":"까치산로16길","oneway":false},"geometry":{"type":"LineString","coordinates":[[126.84823,37.54664],[126.84829,37.54661],[126.84859,37.54647],[126.84866,37.54642],[126.84869,37.54638],[126.84875,37.5463],[126.84876,37.54618],[126.84873,37.54604],[126.84867,37.5459],[126.8483,37.54541]]}},{"type":"Feature","properties":{"class":"minor","highway":"residential","sidewalk":"unknown","lanes":0,"name":"까치산로20길","oneway":false},"geometry":{"type":"LineString","coordinates":[[126.85029,37.54862],[126.85071,37.54832],[126.85109,37.54805],[126.85134,37.54786],[126.85147,37.54777],[126.85155,37.5477],[126.85201,37.54736]]}},{"type":"Feature","properties":{"class":"minor","highway":"residential","sidewalk":"unknown","lanes":0,"name":"까치산로","oneway":false},"geometry":{"type":"LineString","coordinates":[[126.8464,37.54443],[126.84676,37.54419],[126.84709,37.54397]]}},{"type":"Feature","properties":{"class":"alley","highway":"service","sidewalk":"unknown","lanes":0,"name":"초록마을로","oneway":false},"geometry":{"type":"LineString","coordinates":[[126.84569,37.54522],[126.84522,37.54485]]}},{"type":"Feature","properties":{"class":"alley","highway":"service","sidewalk":"unknown","lanes":0,"name":"초록마을로","oneway":false},"geometry":{"type":"LineString","coordinates":[[126.84601,37.54503],[126.84551,37.54461]]}},{"type":"Feature","properties":{"class":"minor","highway":"residential","sidewalk":"unknown","lanes":0,"name":"까치산로12길","oneway":false},"geometry":{"type":"LineString","coordinates":[[126.84799,37.54565],[126.84775,37.54534],[126.84754,37.54507],[126.8473,37.54476],[126.84676,37.54419]]}},{"type":"Feature","properties":{"class":"minor","highway":"residential","sidewalk":"unknown","lanes":0,"name":"초록마을로7길","oneway":false},"geometry":{"type":"LineString","coordinates":[[126.84817,37.54274],[126.84813,37.54282],[126.84805,37.54298],[126.84779,37.5435],[126.84764,37.5438]]}},{"type":"Feature","properties":{"class":"minor","highway":"residential","sidewalk":"unknown","lanes":0,"name":"초록마을로9길","oneway":false},"geometry":{"type":"LineString","coordinates":[[126.84817,37.54274],[126.84868,37.5429],[126.84931,37.54306],[126.84942,37.54306]]}},{"type":"Feature","properties":{"class":"minor","highway":"residential","sidewalk":"unknown","lanes":0,"name":"초록마을로11길","oneway":false},"geometry":{"type":"LineString","coordinates":[[126.84921,37.54223],[126.84941,37.54282],[126.84942,37.54306],[126.84943,37.54333],[126.84944,37.54377]]}},{"type":"Feature","properties":{"class":"minor","highway":"residential","sidewalk":"unknown","lanes":0,"name":"초록마을로7가길","oneway":false},"geometry":{"type":"LineString","coordinates":[[126.84805,37.54298],[126.84853,37.54312],[126.84859,37.54312],[126.84865,37.54313],[126.84926,37.54334],[126.84943,37.54333]]}},{"type":"Feature","properties":{"class":"minor","highway":"residential","sidewalk":"unknown","lanes":0,"name":"까치산로12길","oneway":false},"geometry":{"type":"LineString","coordinates":[[126.84779,37.5435],[126.84834,37.54369],[126.84905,37.54393]]}},{"type":"Feature","properties":{"class":"minor","highway":"residential","sidewalk":"unknown","lanes":0,"name":"까치산로14길","oneway":false},"geometry":{"type":"LineString","coordinates":[[126.84905,37.54393],[126.85004,37.54427],[126.85005,37.54432],[126.84993,37.54459],[126.84977,37.54495],[126.84975,37.545],[126.84977,37.54504],[126.84981,37.54505],[126.84989,37.54502],[126.84995,37.54504],[126.85017,37.5451],[126.85025,37.54517]]}},{"type":"Feature","properties":{"class":"minor","highway":"residential","sidewalk":"unknown","lanes":0,"name":"까치산로14길","oneway":false},"geometry":{"type":"LineString","coordinates":[[126.84889,37.54424],[126.84993,37.54459]]}},{"type":"Feature","properties":{"class":"minor","highway":"residential","sidewalk":"unknown","lanes":0,"name":"까치산로12길","oneway":false},"geometry":{"type":"LineString","coordinates":[[126.84872,37.54461],[126.84804,37.5444]]}},{"type":"Feature","properties":{"class":"alley","highway":"service","sidewalk":"unknown","lanes":0,"name":"까치산로12길","oneway":false},"geometry":{"type":"LineString","coordinates":[[126.84805,37.54518],[126.84775,37.54534]]}},{"type":"Feature","properties":{"class":"alley","highway":"service","sidewalk":"unknown","lanes":0,"name":"까치산로14가길","oneway":false},"geometry":{"type":"LineString","coordinates":[[126.84873,37.54532],[126.84951,37.54557]]}},{"type":"Feature","properties":{"class":"minor","highway":"residential","sidewalk":"unknown","lanes":0,"name":"까치산로18길","oneway":false},"geometry":{"type":"LineString","coordinates":[[126.85143,37.54613],[126.85139,37.54611],[126.85018,37.54538],[126.85015,37.54535]]}},{"type":"Feature","properties":{"class":"minor","highway":"residential","sidewalk":"unknown","lanes":0,"name":"까치산로18길","oneway":false},"geometry":{"type":"LineString","coordinates":[[126.85114,37.54636],[126.84996,37.54568]]}},{"type":"Feature","properties":{"class":"alley","highway":"service","sidewalk":"unknown","lanes":0,"name":"까치산로18나길","oneway":false},"geometry":{"type":"LineString","coordinates":[[126.84986,37.54585],[126.8504,37.54619]]}},{"type":"Feature","properties":{"class":"alley","highway":"service","sidewalk":"unknown","lanes":0,"name":"까치산로18나길","oneway":false},"geometry":{"type":"LineString","coordinates":[[126.84963,37.54596],[126.85026,37.54634],[126.85041,37.54637]]}},{"type":"Feature","properties":{"class":"alley","highway":"service","sidewalk":"unknown","lanes":0,"name":"까치산로18길","oneway":false},"geometry":{"type":"LineString","coordinates":[[126.85033,37.54698],[126.85001,37.54663],[126.85003,37.54651],[126.84944,37.54614]]}},{"type":"Feature","properties":{"class":"minor","highway":"residential","sidewalk":"unknown","lanes":0,"name":"까치산로18길","oneway":false},"geometry":{"type":"LineString","coordinates":[[126.84969,37.54745],[126.85071,37.54832]]}},{"type":"Feature","properties":{"class":"minor","highway":"residential","sidewalk":"unknown","lanes":0,"name":"까치산로20길","oneway":false},"geometry":{"type":"LineString","coordinates":[[126.85071,37.54832],[126.85117,37.54872],[126.85153,37.54906]]}},{"type":"Feature","properties":{"class":"minor","highway":"residential","sidewalk":"unknown","lanes":0,"name":"까치산로18길","oneway":false},"geometry":{"type":"LineString","coordinates":[[126.85109,37.54805],[126.85006,37.54718]]}},{"type":"Feature","properties":{"class":"minor","highway":"residential","sidewalk":"unknown","lanes":0,"name":"까치산로18나길","oneway":false},"geometry":{"type":"LineString","coordinates":[[126.85006,37.54718],[126.84923,37.54635],[126.84944,37.54614],[126.84959,37.54598],[126.84963,37.54596],[126.84986,37.54585],[126.84996,37.54568],[126.84997,37.54566],[126.85015,37.54535],[126.85025,37.54517]]}},{"type":"Feature","properties":{"class":"minor","highway":"residential","sidewalk":"unknown","lanes":0,"name":"까치산로20가길","oneway":false},"geometry":{"type":"LineString","coordinates":[[126.85154,37.54843],[126.8517,37.54831],[126.85179,37.54824],[126.85191,37.54815],[126.85203,37.54806],[126.85247,37.54774]]}},{"type":"Feature","properties":{"class":"minor","highway":"residential","sidewalk":"unknown","lanes":0,"name":"까치산로20길","oneway":false},"geometry":{"type":"LineString","coordinates":[[126.85179,37.54824],[126.85134,37.54786]]}},{"type":"Feature","properties":{"class":"minor","highway":"residential","sidewalk":"unknown","lanes":0,"name":"까치산로20길","oneway":false},"geometry":{"type":"LineString","coordinates":[[126.85203,37.54806],[126.85155,37.5477]]}},{"type":"Feature","properties":{"class":"minor","highway":"residential","sidewalk":"unknown","lanes":0,"name":"까치산로22길","oneway":false},"geometry":{"type":"LineString","coordinates":[[126.85215,37.54874],[126.8517,37.54831]]}},{"type":"Feature","properties":{"class":"minor","highway":"residential","sidewalk":"unknown","lanes":0,"name":"까치산로22길","oneway":false},"geometry":{"type":"LineString","coordinates":[[126.85242,37.5486],[126.85191,37.54815]]}},{"type":"Feature","properties":{"class":"minor","highway":"residential","sidewalk":"unknown","lanes":0,"name":"까치산로22길","oneway":false},"geometry":{"type":"LineString","coordinates":[[126.85295,37.54897],[126.85258,37.54851]]}},{"type":"Feature","properties":{"class":"minor","highway":"residential","sidewalk":"unknown","lanes":0,"name":"까치산로22길","oneway":false},"geometry":{"type":"LineString","coordinates":[[126.85324,37.54881],[126.85285,37.54836]]}},{"type":"Feature","properties":{"class":"minor","highway":"residential","sidewalk":"unknown","lanes":0,"name":"까치산로24길","oneway":false},"geometry":{"type":"LineString","coordinates":[[126.85228,37.54968],[126.85255,37.54956],[126.85235,37.54928]]}},{"type":"Feature","properties":{"class":"minor","highway":"residential","sidewalk":"unknown","lanes":0,"name":"공항대로48길","oneway":false},"geometry":{"type":"LineString","coordinates":[[126.85416,37.55225],[126.85452,37.55206],[126.85423,37.55157],[126.85395,37.5511],[126.85389,37.55099]]}},{"type":"Feature","properties":{"class":"minor","highway":"residential","sidewalk":"unknown","lanes":0,"name":"공항대로48길","oneway":false},"geometry":{"type":"LineString","coordinates":[[126.85362,37.55124],[126.85395,37.5511]]}},{"type":"Feature","properties":{"class":"minor","highway":"residential","sidewalk":"unknown","lanes":0,"name":"공항대로48길","oneway":false},"geometry":{"type":"LineString","coordinates":[[126.85388,37.55173],[126.85423,37.55157]]}},{"type":"Feature","properties":{"class":"minor","highway":"residential","sidewalk":"unknown","lanes":0,"name":"까치산로","oneway":false},"geometry":{"type":"LineString","coordinates":[[126.8536,37.55329],[126.85457,37.55298]]}},{"type":"Feature","properties":{"class":"minor","highway":"residential","sidewalk":"unknown","lanes":0,"name":"공항대로46길","oneway":false},"geometry":{"type":"LineString","coordinates":[[126.8528,37.5544],[126.85287,37.55425],[126.85246,37.5535]]}},{"type":"Feature","properties":{"class":"major","highway":"primary_link","sidewalk":"likely","lanes":0,"name":"","oneway":true},"geometry":{"type":"LineString","coordinates":[[126.85168,37.5547],[126.85194,37.5549],[126.85212,37.55499],[126.85238,37.5551],[126.85255,37.55516],[126.85268,37.5552],[126.85307,37.55531],[126.85331,37.55534],[126.85352,37.55535],[126.85375,37.55536]]}},{"type":"Feature","properties":{"class":"major","highway":"primary_link","sidewalk":"likely","lanes":0,"name":"","oneway":true},"geometry":{"type":"LineString","coordinates":[[126.85273,37.55571],[126.85292,37.55553],[126.85295,37.55547],[126.85294,37.55542],[126.85291,37.55537],[126.85283,37.55532],[126.85236,37.55518],[126.85228,37.55519],[126.85221,37.55524],[126.85218,37.55534],[126.85215,37.55559]]}},{"type":"Feature","properties":{"class":"major","highway":"primary_link","sidewalk":"likely","lanes":0,"name":"","oneway":true},"geometry":{"type":"LineString","coordinates":[[126.85106,37.55628],[126.8511,37.55623],[126.85117,37.55615],[126.85134,37.55588],[126.85148,37.55559],[126.85159,37.55536],[126.85166,37.55515],[126.85167,37.55497],[126.85168,37.5547]]}},{"type":"Feature","properties":{"class":"major","highway":"primary_link","sidewalk":"likely","lanes":0,"name":"","oneway":true},"geometry":{"type":"LineString","coordinates":[[126.85215,37.55559],[126.8519,37.5554],[126.85181,37.55537],[126.85172,37.55538],[126.85165,37.55546],[126.85147,37.55586],[126.85149,37.55592],[126.85155,37.55596],[126.85163,37.55598],[126.85185,37.55599]]}},{"type":"Feature","properties":{"class":"major","highway":"primary_link","sidewalk":"likely","lanes":0,"name":"","oneway":true},"geometry":{"type":"LineString","coordinates":[[126.85365,37.5556],[126.8536,37.55567],[126.85342,37.55589],[126.85327,37.55611],[126.8531,37.55646],[126.85298,37.55681],[126.8529,37.55693]]}},{"type":"Feature","properties":{"class":"major","highway":"primary_link","sidewalk":"likely","lanes":0,"name":"","oneway":true},"geometry":{"type":"LineString","coordinates":[[126.8529,37.55693],[126.85281,37.55691],[126.85274,37.55689],[126.85248,37.55679],[126.85223,37.5567],[126.85201,37.55663],[126.85175,37.55656],[126.8515,37.55649],[126.85134,37.55647],[126.8512,37.55646]]}},{"type":"Feature","properties":{"class":"major","highway":"primary_link","sidewalk":"likely","lanes":0,"name":"","oneway":true},"geometry":{"type":"LineString","coordinates":[[126.85254,37.55629],[126.85257,37.55631],[126.85277,37.55641],[126.85291,37.55645],[126.85299,37.55643],[126.85305,37.55635],[126.85318,37.55607],[126.85319,37.55601],[126.85315,37.55595],[126.8531,37.55592],[126.85301,37.5559],[126.85277,37.55588]]}},{"type":"Feature","properties":{"class":"major","highway":"primary_link","sidewalk":"likely","lanes":0,"name":"","oneway":true},"geometry":{"type":"LineString","coordinates":[[126.85189,37.55622],[126.85184,37.55629],[126.85181,37.55636],[126.85179,37.55641],[126.85184,37.55651],[126.85234,37.55666],[126.85242,37.55665],[126.85249,37.5566],[126.8525,37.55655],[126.85254,37.55629]]}},{"type":"Feature","properties":{"class":"minor","highway":"residential","sidewalk":"unknown","lanes":0,"name":"공항대로46길","oneway":false},"geometry":{"type":"LineString","coordinates":[[126.85365,37.55475],[126.85269,37.55507],[126.85255,37.55516]]}},{"type":"Feature","properties":{"class":"minor","highway":"residential","sidewalk":"unknown","lanes":0,"name":"화곡로","oneway":false},"geometry":{"type":"LineString","coordinates":[[126.85255,37.55516],[126.85255,37.55499],[126.85213,37.5542]]}},{"type":"Feature","properties":{"class":"minor","highway":"residential","sidewalk":"unknown","lanes":0,"name":"까치산로","oneway":false},"geometry":{"type":"LineString","coordinates":[[126.85365,37.55475],[126.85435,37.55452]]}},{"type":"Feature","properties":{"class":"minor","highway":"residential","sidewalk":"unknown","lanes":0,"name":"화곡로58길","oneway":false},"geometry":{"type":"LineString","coordinates":[[126.85246,37.5535],[126.85215,37.55291],[126.8516,37.55196]]}},{"type":"Feature","properties":{"class":"minor","highway":"residential","sidewalk":"unknown","lanes":0,"name":"화곡로56길","oneway":false},"geometry":{"type":"LineString","coordinates":[[126.85213,37.55178],[126.85177,37.55112]]}},{"type":"Feature","properties":{"class":"minor","highway":"residential","sidewalk":"unknown","lanes":0,"name":"화곡로58길","oneway":false},"geometry":{"type":"LineString","coordinates":[[126.85279,37.55338],[126.85248,37.55283]]}},{"type":"Feature","properties":{"class":"minor","highway":"residential","sidewalk":"unknown","lanes":0,"name":"화곡로44가길","oneway":false},"geometry":{"type":"LineString","coordinates":[[126.84911,37.55027],[126.84883,37.54993],[126.84853,37.54958],[126.8483,37.54931],[126.84825,37.54925],[126.84788,37.54894],[126.84761,37.54859],[126.8474,37.54832],[126.84717,37.54803]]}},{"type":"Feature","properties":{"class":"minor","highway":"residential","sidewalk":"unknown","lanes":0,"name":"화곡로42나길","oneway":false},"geometry":{"type":"LineString","coordinates":[[126.84717,37.54803],[126.84694,37.54773],[126.84669,37.54741],[126.84648,37.54714],[126.84733,37.54671],[126.84765,37.54655]]}},{"type":"Feature","properties":{"class":"minor","highway":"residential","sidewalk":"unknown","lanes":0,"name":"화곡로42나길","oneway":false},"geometry":{"type":"LineString","coordinates":[[126.84648,37.54714],[126.84626,37.54686],[126.84607,37.54661]]}},{"type":"Feature","properties":{"class":"alley","highway":"service","sidewalk":"unknown","lanes":0,"name":"화곡로42길","oneway":false},"geometry":{"type":"LineString","coordinates":[[126.84733,37.54671],[126.84712,37.54646],[126.8469,37.54619]]}},{"type":"Feature","properties":{"class":"alley","highway":"service","sidewalk":"unknown","lanes":0,"name":"화곡로42나길","oneway":false},"geometry":{"type":"LineString","coordinates":[[126.84712,37.54646],[126.84626,37.54686]]}},{"type":"Feature","properties":{"class":"minor","highway":"residential","sidewalk":"unknown","lanes":0,"name":"화곡로42가길","oneway":false},"geometry":{"type":"LineString","coordinates":[[126.84607,37.54661],[126.8458,37.54629],[126.84559,37.54604],[126.84571,37.54599],[126.84647,37.54559],[126.84677,37.54543]]}},{"type":"Feature","properties":{"class":"minor","highway":"residential","sidewalk":"unknown","lanes":0,"name":"화곡로42가길","oneway":false},"geometry":{"type":"LineString","coordinates":[[126.84546,37.5457],[126.84571,37.54599]]}},{"type":"Feature","properties":{"class":"alley","highway":"service","sidewalk":"unknown","lanes":0,"name":"","oneway":false},"geometry":{"type":"LineString","coordinates":[[126.85813,37.54707],[126.85813,37.54678]]}},{"type":"Feature","properties":{"class":"alley","highway":"service","sidewalk":"unknown","lanes":0,"name":"등촌로39길","oneway":true},"geometry":{"type":"LineString","coordinates":[[126.85734,37.54678],[126.85772,37.54678],[126.85813,37.54678],[126.85875,37.54678],[126.85901,37.54689],[126.85909,37.54693],[126.8597,37.54722],[126.86035,37.54751],[126.8605,37.54758],[126.86082,37.54773],[126.86101,37.54781]]}},{"type":"Feature","properties":{"class":"alley","highway":"service","sidewalk":"unknown","lanes":0,"name":"등촌로39바길","oneway":true},"geometry":{"type":"LineString","coordinates":[[126.86133,37.54737],[126.86128,37.54735],[126.8608,37.54714],[126.86065,37.54707],[126.86007,37.54681],[126.85999,37.54678]]}},{"type":"Feature","properties":{"class":"alley","highway":"service","sidewalk":"unknown","lanes":0,"name":"등촌로39마길","oneway":false},"geometry":{"type":"LineString","coordinates":[[126.85901,37.54689],[126.85933,37.54647]]}},{"type":"Feature","properties":{"class":"minor","highway":"residential","sidewalk":"unknown","lanes":0,"name":"등촌로51길","oneway":false},"geometry":{"type":"LineString","coordinates":[[126.85753,37.55085],[126.85758,37.55059],[126.85765,37.55029],[126.8577,37.55004],[126.85777,37.54971],[126.85791,37.54973],[126.85825,37.54978]]}},{"type":"Feature","properties":{"class":"alley","highway":"service","sidewalk":"unknown","lanes":0,"name":"등촌로51다길","oneway":false},"geometry":{"type":"LineString","coordinates":[[126.85825,37.54978],[126.85818,37.54951],[126.85903,37.54934],[126.86067,37.54901]]}},{"type":"Feature","properties":{"class":"alley","highway":"service","sidewalk":"unknown","lanes":0,"name":"등촌로51나길","oneway":false},"geometry":{"type":"LineString","coordinates":[[126.85938,37.54909],[126.85927,37.54876],[126.85961,37.54864],[126.8605,37.54846]]}},{"type":"Feature","properties":{"class":"minor","highway":"residential","sidewalk":"unknown","lanes":0,"name":"등촌로51길","oneway":false},"geometry":{"type":"LineString","coordinates":[[126.85913,37.54967],[126.85903,37.54934],[126.85897,37.54917]]}},{"type":"Feature","properties":{"class":"minor","highway":"residential","sidewalk":"unknown","lanes":0,"name":"등촌로53길","oneway":false},"geometry":{"type":"LineString","coordinates":[[126.85927,37.55012],[126.86012,37.54995],[126.86027,37.54991],[126.8609,37.54977],[126.86166,37.54965],[126.86168,37.54962],[126.86171,37.54964],[126.86222,37.54954],[126.86287,37.5494],[126.86356,37.54926]]}},{"type":"Feature","properties":{"class":"minor","highway":"residential","sidewalk":"unknown","lanes":0,"name":"공항대로58다길","oneway":false},"geometry":{"type":"LineString","coordinates":[[126.85765,37.55029],[126.85855,37.55044],[126.85947,37.55059],[126.85997,37.55066],[126.86077,37.55078],[126.86172,37.55096],[126.86206,37.55091]]}},{"type":"Feature","properties":{"class":"alley","highway":"service","sidewalk":"unknown","lanes":0,"name":"공항대로58가길","oneway":false},"geometry":{"type":"LineString","coordinates":[[126.85997,37.55066],[126.86004,37.55039]]}},{"type":"Feature","properties":{"class":"alley","highway":"service","sidewalk":"unknown","lanes":0,"name":"공항대로58다길","oneway":false},"geometry":{"type":"LineString","coordinates":[[126.85855,37.55044],[126.85862,37.55015]]}},{"type":"Feature","properties":{"class":"alley","highway":"service","sidewalk":"unknown","lanes":0,"name":"공항대로58다길","oneway":false},"geometry":{"type":"LineString","coordinates":[[126.85947,37.55059],[126.85982,37.55036]]}},{"type":"Feature","properties":{"class":"alley","highway":"service","sidewalk":"unknown","lanes":0,"name":"화곡로","oneway":false},"geometry":{"type":"LineString","coordinates":[[126.84203,37.54328],[126.84265,37.54294]]}},{"type":"Feature","properties":{"class":"alley","highway":"service","sidewalk":"unknown","lanes":0,"name":"강서로34길","oneway":false},"geometry":{"type":"LineString","coordinates":[[126.84185,37.54387],[126.84123,37.54434],[126.84098,37.54422]]}},{"type":"Feature","properties":{"class":"alley","highway":"service","sidewalk":"unknown","lanes":0,"name":"화곡로35길","oneway":false},"geometry":{"type":"LineString","coordinates":[[126.84283,37.54553],[126.84239,37.54579]]}},{"type":"Feature","properties":{"class":"alley","highway":"service","sidewalk":"unknown","lanes":0,"name":"화곡로33길","oneway":false},"geometry":{"type":"LineString","coordinates":[[126.84334,37.5444],[126.843,37.54427],[126.84272,37.5447]]}},{"type":"Feature","properties":{"class":"minor","highway":"residential","sidewalk":"unknown","lanes":0,"name":"화곡로37길","oneway":false},"geometry":{"type":"LineString","coordinates":[[126.84459,37.54539],[126.844,37.5457],[126.84329,37.54607],[126.84311,37.54617],[126.84307,37.54619]]}},{"type":"Feature","properties":{"class":"minor","highway":"residential","sidewalk":"unknown","lanes":0,"name":"화곡로37길","oneway":false},"geometry":{"type":"LineString","coordinates":[[126.84329,37.54607],[126.84305,37.54579]]}},{"type":"Feature","properties":{"class":"minor","highway":"residential","sidewalk":"unknown","lanes":0,"name":"화곡로35길","oneway":false},"geometry":{"type":"LineString","coordinates":[[126.84305,37.54579],[126.84283,37.54553],[126.84264,37.5453],[126.84261,37.54527],[126.84249,37.54523],[126.8423,37.54522],[126.84202,37.54524]]}},{"type":"Feature","properties":{"class":"alley","highway":"service","sidewalk":"unknown","lanes":0,"name":"화곡로","oneway":false},"geometry":{"type":"LineString","coordinates":[[126.84378,37.54543],[126.84359,37.54518],[126.84421,37.54486]]}},{"type":"Feature","properties":{"class":"alley","highway":"service","sidewalk":"unknown","lanes":0,"name":"화곡로37길","oneway":false},"geometry":{"type":"LineString","coordinates":[[126.844,37.5457],[126.84378,37.54543]]}},{"type":"Feature","properties":{"class":"alley","highway":"service","sidewalk":"unknown","lanes":0,"name":"화곡로43가길","oneway":false},"geometry":{"type":"LineString","coordinates":[[126.8425,37.54855],[126.84343,37.54883]]}},{"type":"Feature","properties":{"class":"alley","highway":"service","sidewalk":"unknown","lanes":0,"name":"화곡로43가길","oneway":false},"geometry":{"type":"LineString","coordinates":[[126.84215,37.54897],[126.84209,37.54866]]}},{"type":"Feature","properties":{"class":"alley","highway":"service","sidewalk":"unknown","lanes":0,"name":"화곡로43가길","oneway":false},"geometry":{"type":"LineString","coordinates":[[126.84449,37.54801],[126.84402,37.54776]]}},{"type":"Feature","properties":{"class":"alley","highway":"service","sidewalk":"unknown","lanes":0,"name":"화곡로43가길","oneway":false},"geometry":{"type":"LineString","coordinates":[[126.84425,37.54822],[126.84384,37.54786]]}},{"type":"Feature","properties":{"class":"alley","highway":"service","sidewalk":"unknown","lanes":0,"name":"화곡로","oneway":false},"geometry":{"type":"LineString","coordinates":[[126.84472,37.54766],[126.84439,37.54747]]}},{"type":"Feature","properties":{"class":"alley","highway":"service","sidewalk":"unknown","lanes":0,"name":"우현로","oneway":false},"geometry":{"type":"LineString","coordinates":[[126.84401,37.5471],[126.84426,37.54735],[126.84458,37.54717],[126.84429,37.54695]]}},{"type":"Feature","properties":{"class":"alley","highway":"service","sidewalk":"unknown","lanes":0,"name":"화곡로43가길","oneway":false},"geometry":{"type":"LineString","coordinates":[[126.84439,37.54814],[126.84454,37.54817],[126.8448,37.54829]]}},{"type":"Feature","properties":{"class":"alley","highway":"service","sidewalk":"unknown","lanes":0,"name":"화곡로43길","oneway":false},"geometry":{"type":"LineString","coordinates":[[126.84574,37.54836],[126.84581,37.54832],[126.84623,37.5481]]}},{"type":"Feature","properties":{"class":"minor","highway":"residential","sidewalk":"unknown","lanes":0,"name":"우장산로14길","oneway":false},"geometry":{"type":"LineString","coordinates":[[126.84805,37.55145],[126.8484,37.55186],[126.84899,37.55254],[126.84952,37.55318]]}},{"type":"Feature","properties":{"class":"minor","highway":"residential","sidewalk":"unknown","lanes":0,"name":"우장산로15길","oneway":false},"geometry":{"type":"LineString","coordinates":[[126.85083,37.55572],[126.85137,37.55553]]}},{"type":"Feature","properties":{"class":"minor","highway":"residential","sidewalk":"unknown","lanes":0,"name":"공항대로44길","oneway":false},"geometry":{"type":"LineString","coordinates":[[126.84952,37.55318],[126.85007,37.55437],[126.85011,37.55445],[126.85012,37.55445],[126.85026,37.5547],[126.85047,37.55508],[126.85062,37.55535],[126.85083,37.55572],[126.8511,37.55623]]}},{"type":"Feature","properties":{"class":"minor","highway":"residential","sidewalk":"unknown","lanes":0,"name":"화곡로53길","oneway":false},"geometry":{"type":"LineString","coordinates":[[126.84845,37.55123],[126.84768,37.55036]]}},{"type":"Feature","properties":{"class":"minor","highway":"residential","sidewalk":"unknown","lanes":0,"name":"우장산로16길","oneway":false},"geometry":{"type":"LineString","coordinates":[[126.85011,37.55315],[126.8494,37.55231],[126.84845,37.55123]]}},{"type":"Feature","properties":{"class":"minor","highway":"residential","sidewalk":"unknown","lanes":0,"name":"우장산로14길","oneway":false},"geometry":{"type":"LineString","coordinates":[[126.84752,37.55226],[126.8478,37.55215],[126.84811,37.55199],[126.8484,37.55186]]}},{"type":"Feature","properties":{"class":"minor","highway":"residential","sidewalk":"unknown","lanes":0,"name":"화곡로53나길","oneway":false},"geometry":{"type":"LineString","coordinates":[[126.84693,37.55169],[126.8468,37.55128],[126.84673,37.55109],[126.84662,37.55099],[126.84665,37.55094],[126.84666,37.55088],[126.84668,37.55078],[126.84659,37.55063],[126.84644,37.55053],[126.84594,37.55018],[126.84586,37.55013],[126.84584,37.55008],[126.84597,37.54978],[126.84619,37.54954],[126.84627,37.54939],[126.84635,37.54922]]}},{"type":"Feature","properties":{"class":"alley","highway":"service","sidewalk":"unknown","lanes":0,"name":"우장산로","oneway":false},"geometry":{"type":"LineString","coordinates":[[126.84709,37.55308],[126.84747,37.55265],[126.84775,37.55252]]}},{"type":"Feature","properties":{"class":"minor","highway":"residential","sidewalk":"unknown","lanes":0,"name":"우장산로","oneway":false},"geometry":{"type":"LineString","coordinates":[[126.84913,37.55371],[126.84909,37.55321]]}},{"type":"Feature","properties":{"class":"minor","highway":"residential","sidewalk":"unknown","lanes":0,"name":"공항대로42길","oneway":false},"geometry":{"type":"LineString","coordinates":[[126.84259,37.55699],[126.84249,37.55638],[126.84244,37.55606],[126.84238,37.55567],[126.84295,37.5556]]}},{"type":"Feature","properties":{"class":"minor","highway":"residential","sidewalk":"unknown","lanes":0,"name":"강서로50길","oneway":false},"geometry":{"type":"LineString","coordinates":[[126.84072,37.55444],[126.841,37.55482],[126.84105,37.55492],[126.84099,37.55498],[126.83982,37.55511],[126.83938,37.55516],[126.83905,37.55519],[126.83802,37.5553],[126.83723,37.55539]]}},{"type":"Feature","properties":{"class":"alley","highway":"service","sidewalk":"unknown","lanes":0,"name":"우장산로8길","oneway":false},"geometry":{"type":"LineString","coordinates":[[126.84056,37.55264],[126.83994,37.55299]]}},{"type":"Feature","properties":{"class":"alley","highway":"service","sidewalk":"unknown","lanes":0,"name":"우장산로8길","oneway":false},"geometry":{"type":"LineString","coordinates":[[126.84108,37.55325],[126.8403,37.55339]]}},{"type":"Feature","properties":{"class":"alley","highway":"service","sidewalk":"unknown","lanes":0,"name":"우장산로8길","oneway":false},"geometry":{"type":"LineString","coordinates":[[126.84149,37.55381],[126.84055,37.55401]]}},{"type":"Feature","properties":{"class":"minor","highway":"residential","sidewalk":"unknown","lanes":0,"name":"화곡로63길","oneway":false},"geometry":{"type":"LineString","coordinates":[[126.84522,37.559],[126.84573,37.55895],[126.8467,37.55885],[126.84681,37.55884],[126.84709,37.55881]]}},{"type":"Feature","properties":{"class":"minor","highway":"residential","sidewalk":"unknown","lanes":0,"name":"화곡로61길","oneway":false},"geometry":{"type":"LineString","coordinates":[[126.84506,37.55857],[126.84489,37.55859]]}},{"type":"Feature","properties":{"class":"minor","highway":"residential","sidewalk":"unknown","lanes":0,"name":"화곡로68길","oneway":false},"geometry":{"type":"LineString","coordinates":[[126.86223,37.55565],[126.86118,37.55643],[126.86059,37.55671],[126.86053,37.55674],[126.85984,37.55709],[126.85974,37.55714],[126.85939,37.55732],[126.8591,37.55747],[126.85891,37.55756],[126.85879,37.55762],[126.85714,37.55847],[126.85702,37.55853],[126.85622,37.55881],[126.85547,37.55907],[126.85531,37.55912],[126.85473,37.55933],[126.85431,37.55947]]}},{"type":"Feature","properties":{"class":"minor","highway":"residential","sidewalk":"unknown","lanes":0,"name":"화곡로66길","oneway":false},"geometry":{"type":"LineString","coordinates":[[126.85575,37.55765],[126.85596,37.55758],[126.85613,37.55751],[126.85642,37.55732],[126.85803,37.55649],[126.85881,37.5561]]}},{"type":"Feature","properties":{"class":"minor","highway":"residential","sidewalk":"unknown","lanes":0,"name":"공항대로45가길","oneway":false},"geometry":{"type":"LineString","coordinates":[[126.85368,37.5568],[126.85404,37.55668],[126.8543,37.55718]]}},{"type":"Feature","properties":{"class":"minor","highway":"residential","sidewalk":"unknown","lanes":0,"name":"화곡로","oneway":false},"geometry":{"type":"LineString","coordinates":[[126.85368,37.5568],[126.85295,37.55701]]}},{"type":"Feature","properties":{"class":"minor","highway":"residential","sidewalk":"unknown","lanes":0,"name":"공항대로49길","oneway":false},"geometry":{"type":"LineString","coordinates":[[126.85633,37.55468],[126.85652,37.55497],[126.85668,37.55501],[126.857,37.55497],[126.85704,37.55501],[126.8571,37.55512],[126.85724,37.55522],[126.85748,37.5553]]}},{"type":"Feature","properties":{"class":"minor","highway":"residential","sidewalk":"unknown","lanes":0,"name":"공항대로49길","oneway":false},"geometry":{"type":"LineString","coordinates":[[126.85652,37.55497],[126.85644,37.55503],[126.85594,37.55578]]}},{"type":"Feature","properties":{"class":"minor","highway":"residential","sidewalk":"unknown","lanes":0,"name":"공항대로51길","oneway":false},"geometry":{"type":"LineString","coordinates":[[126.85737,37.55484],[126.85762,37.55485],[126.85779,37.55496],[126.85797,37.55509],[126.85842,37.55522],[126.85849,37.55526]]}},{"type":"Feature","properties":{"class":"minor","highway":"residential","sidewalk":"unknown","lanes":0,"name":"공항대로","oneway":false},"geometry":{"type":"LineString","coordinates":[[126.85779,37.55496],[126.85802,37.55476],[126.85794,37.55461],[126.85825,37.55442],[126.85856,37.55429]]}},{"type":"Feature","properties":{"class":"minor","highway":"residential","sidewalk":"unknown","lanes":0,"name":"공항대로","oneway":false},"geometry":{"type":"LineString","coordinates":[[126.8587,37.55456],[126.85856,37.55429],[126.85837,37.55392]]}},{"type":"Feature","properties":{"class":"minor","highway":"residential","sidewalk":"unknown","lanes":0,"name":"공항대로55길","oneway":false},"geometry":{"type":"LineString","coordinates":[[126.85976,37.55411],[126.86081,37.55367]]}},{"type":"Feature","properties":{"class":"minor","highway":"residential","sidewalk":"unknown","lanes":0,"name":"공항대로53가길","oneway":false},"geometry":{"type":"LineString","coordinates":[[126.85918,37.55591],[126.85886,37.55546],[126.85885,37.55544],[126.85866,37.55518],[126.85832,37.55472],[126.8587,37.55456],[126.8591,37.55439],[126.85976,37.55411]]}},{"type":"Feature","properties":{"class":"minor","highway":"residential","sidewalk":"unknown","lanes":0,"name":"공항대로53가길","oneway":false},"geometry":{"type":"LineString","coordinates":[[126.85924,37.55461],[126.8591,37.55439]]}},{"type":"Feature","properties":{"class":"alley","highway":"service","sidewalk":"unknown","lanes":0,"name":"화곡로66길","oneway":false},"geometry":{"type":"LineString","coordinates":[[126.85955,37.55634],[126.85918,37.55591]]}},{"type":"Feature","properties":{"class":"minor","highway":"residential","sidewalk":"unknown","lanes":0,"name":"","oneway":false},"geometry":{"type":"LineString","coordinates":[[126.85045,37.54517],[126.85055,37.54497],[126.85045,37.54489],[126.85047,37.54479],[126.85041,37.54477],[126.85042,37.54473],[126.85046,37.5447],[126.85051,37.54474],[126.85047,37.54479]]}},{"type":"Feature","properties":{"class":"minor","highway":"residential","sidewalk":"unknown","lanes":0,"name":"","oneway":false},"geometry":{"type":"LineString","coordinates":[[126.84661,37.56027],[126.84634,37.55985],[126.84613,37.55955],[126.84594,37.55926],[126.84573,37.55895]]}},{"type":"Feature","properties":{"class":"minor","highway":"residential","sidewalk":"unknown","lanes":0,"name":"","oneway":false},"geometry":{"type":"LineString","coordinates":[[126.84572,37.5597],[126.84561,37.55975],[126.84532,37.55987],[126.8458,37.56061],[126.84631,37.56139]]}},{"type":"Feature","properties":{"class":"minor","highway":"residential","sidewalk":"unknown","lanes":0,"name":"","oneway":false},"geometry":{"type":"LineString","coordinates":[[126.84572,37.5597],[126.84581,37.55967],[126.84613,37.55955]]}},{"type":"Feature","properties":{"class":"major","highway":"tertiary","sidewalk":"likely","lanes":0,"name":"화곡로31가길","oneway":false},"geometry":{"type":"LineString","coordinates":[[126.84208,37.54424],[126.84203,37.54507],[126.84202,37.54524],[126.84195,37.54546],[126.84186,37.54553],[126.84173,37.54558],[126.84142,37.54561],[126.8413,37.54557],[126.84121,37.54552],[126.8411,37.54543],[126.84103,37.54541],[126.83999,37.54551]]}},{"type":"Feature","properties":{"class":"alley","highway":"service","sidewalk":"unknown","lanes":0,"name":"","oneway":false},"geometry":{"type":"LineString","coordinates":[[126.83932,37.5566],[126.84001,37.55682],[126.8404,37.55679],[126.84057,37.55677],[126.84126,37.5567],[126.84142,37.55669],[126.84148,37.55668]]}},{"type":"Feature","properties":{"class":"alley","highway":"service","sidewalk":"unknown","lanes":0,"name":"","oneway":false},"geometry":{"type":"LineString","coordinates":[[126.83914,37.5558],[126.84024,37.55569],[126.84039,37.55567],[126.84108,37.5556],[126.84141,37.55557],[126.84158,37.55555],[126.84169,37.55558],[126.84173,37.55565],[126.84175,37.55572],[126.84176,37.55584],[126.84181,37.55614],[126.84183,37.55633],[126.84183,37.5564],[126.84179,37.55651],[126.84173,37.55657],[126.84166,37.55662],[126.8416,37.55665],[126.84148,37.55668]]}},{"type":"Feature","properties":{"class":"alley","highway":"service","sidewalk":"unknown","lanes":0,"name":"","oneway":false},"geometry":{"type":"LineString","coordinates":[[126.84175,37.55572],[126.84221,37.55568],[126.84238,37.55567]]}},{"type":"Feature","properties":{"class":"alley","highway":"service","sidewalk":"unknown","lanes":0,"name":"","oneway":false},"geometry":{"type":"LineString","coordinates":[[126.84141,37.55557],[126.84138,37.55546],[126.84141,37.55537],[126.84163,37.55532],[126.84167,37.55524],[126.84163,37.55501],[126.8416,37.55488],[126.84154,37.5548],[126.84139,37.55476],[126.84124,37.55478]]}},{"type":"Feature","properties":{"class":"minor","highway":"residential","sidewalk":"unknown","lanes":0,"name":"공항대로42길","oneway":false},"geometry":{"type":"LineString","coordinates":[[126.84399,37.55751],[126.84448,37.55737],[126.84452,37.55736],[126.84466,37.55732]]}},{"type":"Feature","properties":{"class":"major","highway":"primary_link","sidewalk":"likely","lanes":0,"name":"","oneway":true},"geometry":{"type":"LineString","coordinates":[[126.84071,37.5413],[126.84081,37.54155],[126.84092,37.54182]]}},{"type":"Feature","properties":{"class":"alley","highway":"service","sidewalk":"unknown","lanes":0,"name":"","oneway":false},"geometry":{"type":"LineString","coordinates":[[126.84566,37.56074],[126.84554,37.56057],[126.84539,37.56035],[126.84522,37.5601],[126.84508,37.55989],[126.84497,37.55973]]}},{"type":"Feature","properties":{"class":"alley","highway":"service","sidewalk":"unknown","lanes":0,"name":"","oneway":false},"geometry":{"type":"LineString","coordinates":[[126.84522,37.5601],[126.84487,37.56025],[126.84456,37.56038],[126.84441,37.56017],[126.84473,37.56004],[126.84508,37.55989]]}},{"type":"Feature","properties":{"class":"alley","highway":"service","sidewalk":"unknown","lanes":0,"name":"","oneway":false},"geometry":{"type":"LineString","coordinates":[[126.84391,37.56002],[126.84444,37.5598],[126.84472,37.55968],[126.84479,37.55965],[126.84487,37.55966],[126.84494,37.55969],[126.84497,37.55973]]}},{"type":"Feature","properties":{"class":"alley","highway":"service","sidewalk":"unknown","lanes":0,"name":"","oneway":false},"geometry":{"type":"LineString","coordinates":[[126.84472,37.55968],[126.84451,37.55936],[126.84434,37.55943],[126.8445,37.55967],[126.84438,37.55972],[126.84444,37.5598]]}},{"type":"Feature","properties":{"class":"minor","highway":"residential","sidewalk":"unknown","lanes":0,"name":"까치산로18라길","oneway":false},"geometry":{"type":"LineString","coordinates":[[126.85349,37.54625],[126.8534,37.54636],[126.85326,37.54631],[126.85315,37.54629],[126.85288,37.54641],[126.85279,37.54649]]}},{"type":"Feature","properties":{"class":"minor","highway":"residential","sidewalk":"unknown","lanes":0,"name":"까치산로18라길","oneway":false},"geometry":{"type":"LineString","coordinates":[[126.85282,37.54582],[126.85287,37.54575]]}},{"type":"Feature","properties":{"class":"minor","highway":"residential","sidewalk":"unknown","lanes":0,"name":"","oneway":false},"geometry":{"type":"LineString","coordinates":[[126.85179,37.54622],[126.85185,37.54616],[126.85218,37.54588]]}},{"type":"Feature","properties":{"class":"minor","highway":"residential","sidewalk":"unknown","lanes":0,"name":"화곡로","oneway":false},"geometry":{"type":"LineString","coordinates":[[126.8483,37.54931],[126.84791,37.54954],[126.84775,37.54964]]}},{"type":"Feature","properties":{"class":"alley","highway":"service","sidewalk":"unknown","lanes":0,"name":"","oneway":false},"geometry":{"type":"LineString","coordinates":[[126.84061,37.5468],[126.84068,37.54677],[126.84076,37.54672],[126.84108,37.54671]]}},{"type":"Feature","properties":{"class":"alley","highway":"service","sidewalk":"unknown","lanes":0,"name":"","oneway":false},"geometry":{"type":"LineString","coordinates":[[126.84077,37.54739],[126.84127,37.54739],[126.84133,37.54738],[126.84137,37.54735],[126.84139,37.54732],[126.84139,37.54728],[126.84137,37.54725],[126.84133,37.54722],[126.84127,37.54721],[126.84102,37.54721],[126.84097,37.54723],[126.84094,37.54726],[126.84094,37.5473]]}},{"type":"Feature","properties":{"class":"alley","highway":"service","sidewalk":"unknown","lanes":0,"name":"","oneway":false},"geometry":{"type":"LineString","coordinates":[[126.84299,37.54671],[126.84314,37.54701]]}},{"type":"Feature","properties":{"class":"alley","highway":"service","sidewalk":"unknown","lanes":0,"name":"화곡로35길","oneway":false},"geometry":{"type":"LineString","coordinates":[[126.84264,37.5453],[126.84232,37.54548]]}},{"type":"Feature","properties":{"class":"alley","highway":"service","sidewalk":"unknown","lanes":0,"name":"화곡로31가길","oneway":false},"geometry":{"type":"LineString","coordinates":[[126.84208,37.54557],[126.84195,37.54546]]}},{"type":"Feature","properties":{"class":"alley","highway":"service","sidewalk":"unknown","lanes":0,"name":"까치산로18길","oneway":false},"geometry":{"type":"LineString","coordinates":[[126.8506,37.54679],[126.85034,37.54654],[126.85019,37.54656],[126.85011,37.54651]]}},{"type":"Feature","properties":{"class":"alley","highway":"service","sidewalk":"unknown","lanes":0,"name":"","oneway":false},"geometry":{"type":"LineString","coordinates":[[126.8604,37.54816],[126.86038,37.54814],[126.86026,37.54806],[126.86023,37.54803],[126.85995,37.54767],[126.85984,37.54763],[126.85971,37.54769]]}},{"type":"Feature","properties":{"class":"major","highway":"primary","sidewalk":"likely","lanes":6,"name":"화곡로","oneway":false},"geometry":{"type":"LineString","coordinates":[[126.84043,37.54165],[126.84067,37.54173],[126.84092,37.54182]]}},{"type":"Feature","properties":{"class":"major","highway":"secondary","sidewalk":"likely","lanes":6,"name":"강서로","oneway":false},"geometry":{"type":"LineString","coordinates":[[126.84071,37.5413],[126.84087,37.54109],[126.84107,37.54084],[126.8412,37.54067]]}},{"type":"Feature","properties":{"class":"major","highway":"primary_link","sidewalk":"likely","lanes":0,"name":"","oneway":true},"geometry":{"type":"LineString","coordinates":[[126.84006,37.54207],[126.84008,37.54184],[126.84004,37.54175],[126.84,37.54166],[126.83992,37.54151]]}},{"type":"Feature","properties":{"class":"major","highway":"primary","sidewalk":"likely","lanes":7,"name":"화곡로","oneway":false},"geometry":{"type":"LineString","coordinates":[[126.84327,37.54361],[126.84337,37.54374]]}},{"type":"Feature","properties":{"class":"major","highway":"primary","sidewalk":"likely","lanes":7,"name":"화곡로","oneway":false},"geometry":{"type":"LineString","coordinates":[[126.84274,37.54303],[126.84288,37.54319],[126.84305,37.54337],[126.84327,37.54361]]}},{"type":"Feature","properties":{"class":"major","highway":"primary","sidewalk":"likely","lanes":7,"name":"화곡로","oneway":false},"geometry":{"type":"LineString","coordinates":[[126.84337,37.54374],[126.84345,37.54385],[126.84364,37.54409]]}},{"type":"Feature","properties":{"class":"major","highway":"primary","sidewalk":"likely","lanes":7,"name":"화곡로","oneway":false},"geometry":{"type":"LineString","coordinates":[[126.84364,37.54409],[126.84381,37.54431]]}},{"type":"Feature","properties":{"class":"major","highway":"primary","sidewalk":"likely","lanes":6,"name":"화곡로","oneway":false},"geometry":{"type":"LineString","coordinates":[[126.84381,37.54431],[126.84421,37.54486]]}},{"type":"Feature","properties":{"class":"major","highway":"primary","sidewalk":"likely","lanes":6,"name":"화곡로","oneway":false},"geometry":{"type":"LineString","coordinates":[[126.84421,37.54486],[126.84426,37.54494],[126.84441,37.54514]]}},{"type":"Feature","properties":{"class":"major","highway":"primary","sidewalk":"likely","lanes":6,"name":"화곡로","oneway":false},"geometry":{"type":"LineString","coordinates":[[126.84441,37.54514],[126.84452,37.54528]]}},{"type":"Feature","properties":{"class":"major","highway":"primary","sidewalk":"likely","lanes":6,"name":"화곡로","oneway":false},"geometry":{"type":"LineString","coordinates":[[126.84452,37.54528],[126.84459,37.54539]]}},{"type":"Feature","properties":{"class":"major","highway":"primary","sidewalk":"likely","lanes":7,"name":"화곡로","oneway":false},"geometry":{"type":"LineString","coordinates":[[126.84459,37.54539],[126.84482,37.54572]]}},{"type":"Feature","properties":{"class":"major","highway":"primary","sidewalk":"likely","lanes":7,"name":"화곡로","oneway":false},"geometry":{"type":"LineString","coordinates":[[126.84495,37.54591],[126.84506,37.54608]]}},{"type":"Feature","properties":{"class":"major","highway":"primary","sidewalk":"likely","lanes":7,"name":"화곡로","oneway":false},"geometry":{"type":"LineString","coordinates":[[126.84482,37.54572],[126.84489,37.54582],[126.84495,37.54591]]}},{"type":"Feature","properties":{"class":"alley","highway":"service","sidewalk":"unknown","lanes":0,"name":"","oneway":false},"geometry":{"type":"LineString","coordinates":[[126.84078,37.54872],[126.84123,37.54872],[126.8413,37.54872],[126.84133,37.54872]]}},{"type":"Feature","properties":{"class":"alley","highway":"service","sidewalk":"unknown","lanes":0,"name":"","oneway":false},"geometry":{"type":"LineString","coordinates":[[126.84123,37.54872],[126.84123,37.54845]]}},{"type":"Feature","properties":{"class":"alley","highway":"service","sidewalk":"unknown","lanes":0,"name":"","oneway":false},"geometry":{"type":"LineString","coordinates":[[126.83795,37.54871],[126.83795,37.54844],[126.83815,37.54844],[126.8382,37.54844],[126.83824,37.54844],[126.83827,37.54843],[126.83829,37.54842],[126.83831,37.54841],[126.83832,37.54839],[126.83833,37.54837],[126.83833,37.54835],[126.83833,37.54828],[126.83833,37.54826],[126.83834,37.54825],[126.83836,37.54823],[126.83838,37.54823],[126.83841,37.54822],[126.83865,37.54822],[126.83868,37.54822],[126.83876,37.54822],[126.83902,37.54822],[126.83904,37.54823],[126.83907,37.54824],[126.83908,37.54825],[126.83909,37.54827],[126.8391,37.54829],[126.8391,37.54838],[126.83911,37.5484],[126.83912,37.54841],[126.83914,37.54842],[126.83917,37.54843],[126.83925,37.54843],[126.83974,37.54843],[126.84003,37.54843],[126.84029,37.54843],[126.84034,37.54844],[126.84037,37.54846],[126.84038,37.54849],[126.84039,37.54852],[126.84039,37.54868],[126.84038,37.54871],[126.84037,37.54873],[126.84034,37.54875]]}},{"type":"Feature","properties":{"class":"alley","highway":"service","sidewalk":"unknown","lanes":0,"name":"","oneway":false},"geometry":{"type":"LineString","coordinates":[[126.84003,37.54843],[126.84003,37.54876],[126.84003,37.54879],[126.84005,37.54882],[126.84013,37.54896]]}},{"type":"Feature","properties":{"class":"alley","highway":"service","sidewalk":"unknown","lanes":0,"name":"우장산로10길","oneway":false},"geometry":{"type":"LineString","coordinates":[[126.84349,37.5541],[126.84336,37.55389],[126.84334,37.55387],[126.84318,37.55367],[126.84304,37.55355],[126.84293,37.55348],[126.84278,37.55338],[126.84251,37.55325],[126.84227,37.55311],[126.8421,37.55308],[126.84192,37.55305],[126.84166,37.55303],[126.84151,37.55297],[126.84127,37.55279],[126.84095,37.55251],[126.84089,37.55246],[126.8407,37.5523],[126.84045,37.55209],[126.84027,37.55189],[126.84017,37.55169],[126.84014,37.55144],[126.84017,37.55128],[126.84022,37.55109],[126.84021,37.5509],[126.84016,37.55072],[126.84012,37.55051],[126.84014,37.55035],[126.8402,37.55006],[126.84034,37.54984],[126.84053,37.54962],[126.84074,37.54942],[126.84099,37.54928],[126.84126,37.54919],[126.84157,37.54916],[126.84195,37.54916],[126.84234,37.54916],[126.84243,37.54916],[126.84304,37.54917],[126.84353,37.54916],[126.84386,37.54924],[126.84409,37.54935],[126.84423,37.54948],[126.84433,37.54962],[126.8444,37.54977],[126.84443,37.54995],[126.84443,37.54998],[126.84443,37.55027],[126.84444,37.55064],[126.84446,37.55093],[126.84448,37.55119],[126.8445,37.55143],[126.84449,37.55165],[126.84447,37.55175],[126.84436,37.55186],[126.84429,37.55207],[126.84426,37.5523],[126.84426,37.55234],[126.84431,37.55253],[126.84437,37.55273],[126.84444,37.55282]]}},{"type":"Feature","properties":{"class":"minor","highway":"residential","sidewalk":"unknown","lanes":0,"name":"화곡로43가길","oneway":false},"geometry":{"type":"LineString","coordinates":[[126.84215,37.54897],[126.84155,37.54884],[126.8416,37.54874]]}},{"type":"Feature","properties":{"class":"minor","highway":"residential","sidewalk":"unknown","lanes":0,"name":"화곡로43가길","oneway":false},"geometry":{"type":"LineString","coordinates":[[126.84215,37.54897],[126.8421,37.549],[126.84199,37.54901],[126.84173,37.54898],[126.84165,37.54899],[126.84158,37.54906],[126.84157,37.54916]]}},{"type":"Feature","properties":{"class":"alley","highway":"service","sidewalk":"unknown","lanes":0,"name":"우현로","oneway":false},"geometry":{"type":"LineString","coordinates":[[126.84252,37.54861],[126.84209,37.54866]]}},{"type":"Feature","properties":{"class":"alley","highway":"service","sidewalk":"unknown","lanes":0,"name":"우현로","oneway":false},"geometry":{"type":"LineString","coordinates":[[126.84245,37.54832],[126.84208,37.54836]]}},{"type":"Feature","properties":{"class":"alley","highway":"pedestrian","sidewalk":"unknown","lanes":0,"name":"","oneway":false},"geometry":{"type":"LineString","coordinates":[[126.84455,37.55223],[126.84426,37.5523]]}},{"type":"Feature","properties":{"class":"minor","highway":"residential","sidewalk":"unknown","lanes":0,"name":"","oneway":false},"geometry":{"type":"LineString","coordinates":[[126.84234,37.54916],[126.84234,37.54945]]}},{"type":"Feature","properties":{"class":"alley","highway":"service","sidewalk":"unknown","lanes":0,"name":"","oneway":false},"geometry":{"type":"LineString","coordinates":[[126.84157,37.54916],[126.84157,37.5496]]}},{"type":"Feature","properties":{"class":"alley","highway":"service","sidewalk":"unknown","lanes":0,"name":"","oneway":false},"geometry":{"type":"LineString","coordinates":[[126.84386,37.54924],[126.84373,37.54928],[126.8437,37.5493],[126.84367,37.54931],[126.84365,37.54936],[126.84365,37.54962],[126.84312,37.54962],[126.84258,37.54962],[126.84247,37.54951],[126.84243,37.54949],[126.8424,37.54947],[126.84234,37.54945],[126.84226,37.54947],[126.8422,37.5495],[126.84208,37.54961],[126.84157,37.5496],[126.84127,37.5496]]}},{"type":"Feature","properties":{"class":"alley","highway":"service","sidewalk":"unknown","lanes":0,"name":"","oneway":false},"geometry":{"type":"LineString","coordinates":[[126.84258,37.54962],[126.84263,37.54967],[126.84265,37.54971],[126.84265,37.54988]]}},{"type":"Feature","properties":{"class":"alley","highway":"service","sidewalk":"unknown","lanes":0,"name":"","oneway":false},"geometry":{"type":"LineString","coordinates":[[126.84208,37.54961],[126.84201,37.54968],[126.84199,37.54974],[126.84198,37.54995],[126.8417,37.54995]]}},{"type":"Feature","properties":{"class":"alley","highway":"service","sidewalk":"unknown","lanes":0,"name":"","oneway":false},"geometry":{"type":"LineString","coordinates":[[126.84127,37.5496],[126.84127,37.54971],[126.84119,37.54971],[126.84119,37.54983],[126.8414,37.54983]]}},{"type":"Feature","properties":{"class":"alley","highway":"service","sidewalk":"unknown","lanes":0,"name":"","oneway":false},"geometry":{"type":"LineString","coordinates":[[126.84312,37.54962],[126.84312,37.54937]]}},{"type":"Feature","properties":{"class":"alley","highway":"service","sidewalk":"unknown","lanes":0,"name":"","oneway":false},"geometry":{"type":"LineString","coordinates":[[126.8437,37.5493],[126.84367,37.54926],[126.84362,37.54924],[126.84356,37.54923],[126.84311,37.54923]]}},{"type":"Feature","properties":{"class":"alley","highway":"service","sidewalk":"unknown","lanes":0,"name":"","oneway":false},"geometry":{"type":"LineString","coordinates":[[126.84365,37.54962],[126.84384,37.54962]]}},{"type":"Feature","properties":{"class":"alley","highway":"service","sidewalk":"unknown","lanes":0,"name":"","oneway":false},"geometry":{"type":"LineString","coordinates":[[126.84243,37.54949],[126.8426,37.54941],[126.843,37.54941],[126.843,37.54927],[126.8426,37.54926],[126.8426,37.54941]]}},{"type":"Feature","properties":{"class":"alley","highway":"service","sidewalk":"unknown","lanes":0,"name":"","oneway":false},"geometry":{"type":"LineString","coordinates":[[126.843,37.54927],[126.84311,37.54923]]}},{"type":"Feature","properties":{"class":"alley","highway":"service","sidewalk":"unknown","lanes":0,"name":"","oneway":false},"geometry":{"type":"LineString","coordinates":[[126.84709,37.54888],[126.84696,37.54895],[126.84656,37.54916]]}},{"type":"Feature","properties":{"class":"alley","highway":"service","sidewalk":"unknown","lanes":0,"name":"","oneway":false},"geometry":{"type":"LineString","coordinates":[[126.84673,37.54846],[126.84658,37.54854]]}},{"type":"Feature","properties":{"class":"alley","highway":"service","sidewalk":"unknown","lanes":0,"name":"","oneway":false},"geometry":{"type":"LineString","coordinates":[[126.84664,37.54836],[126.84631,37.54852],[126.84624,37.54856],[126.84613,37.5486],[126.84605,37.54862],[126.8458,37.54862],[126.84582,37.54892],[126.84585,37.54905],[126.84603,37.54927],[126.84588,37.54936],[126.84602,37.54953]]}},{"type":"Feature","properties":{"class":"major","highway":"tertiary","sidewalk":"likely","lanes":0,"name":"우장산로","oneway":false},"geometry":{"type":"LineString","coordinates":[[126.84432,37.55298],[126.84422,37.55311]]}},{"type":"Feature","properties":{"class":"major","highway":"tertiary","sidewalk":"likely","lanes":0,"name":"우장산로","oneway":false},"geometry":{"type":"LineString","coordinates":[[126.84422,37.55311],[126.84386,37.55373],[126.84363,37.55402],[126.84349,37.5541],[126.84328,37.55418],[126.84215,37.55429],[126.84189,37.55432],[126.84102,37.55441],[126.84072,37.55444],[126.83998,37.55451],[126.83971,37.55454],[126.83921,37.55459],[126.83871,37.55464],[126.83787,37.55473],[126.83747,37.55477],[126.83726,37.5548],[126.83704,37.55482]]}},{"type":"Feature","properties":{"class":"alley","highway":"service","sidewalk":"unknown","lanes":0,"name":"","oneway":false},"geometry":{"type":"LineString","coordinates":[[126.84334,37.55387],[126.84342,37.55382],[126.84345,37.55377],[126.84344,37.55369],[126.8434,37.55364],[126.84322,37.55348],[126.84304,37.55336],[126.84293,37.55348]]}},{"type":"Feature","properties":{"class":"alley","highway":"service","sidewalk":"unknown","lanes":0,"name":"","oneway":false},"geometry":{"type":"LineString","coordinates":[[126.8434,37.55264],[126.84366,37.55274]]}},{"type":"Feature","properties":{"class":"alley","highway":"service","sidewalk":"unknown","lanes":0,"name":"","oneway":false},"geometry":{"type":"LineString","coordinates":[[126.84423,37.55136],[126.84437,37.55123],[126.84443,37.55116],[126.84439,37.55075],[126.84444,37.55064]]}},{"type":"Feature","properties":{"class":"alley","highway":"service","sidewalk":"unknown","lanes":0,"name":"우장산로10길","oneway":false},"geometry":{"type":"LineString","coordinates":[[126.84447,37.55175],[126.84489,37.5513],[126.84503,37.55114],[126.84508,37.55103]]}},{"type":"Feature","properties":{"class":"alley","highway":"service","sidewalk":"unknown","lanes":0,"name":"","oneway":false},"geometry":{"type":"LineString","coordinates":[[126.84443,37.54998],[126.84454,37.54994],[126.8446,37.54991],[126.84466,37.5499],[126.84475,37.54988],[126.84481,37.54986],[126.84489,37.54981],[126.84496,37.54975]]}},{"type":"Feature","properties":{"class":"alley","highway":"service","sidewalk":"unknown","lanes":0,"name":"","oneway":false},"geometry":{"type":"LineString","coordinates":[[126.84491,37.54972],[126.84493,37.54974],[126.84496,37.54975],[126.84499,37.54975],[126.84502,37.54974],[126.84505,37.54973],[126.84507,37.54971],[126.84507,37.54969],[126.84507,37.54966],[126.84506,37.54964],[126.84505,37.54962]]}},{"type":"Feature","properties":{"class":"alley","highway":"service","sidewalk":"unknown","lanes":0,"name":"","oneway":false},"geometry":{"type":"LineString","coordinates":[[126.84505,37.54962],[126.84502,37.54961],[126.84499,37.5496],[126.84496,37.5496],[126.84493,37.54961]]}},{"type":"Feature","properties":{"class":"alley","highway":"service","sidewalk":"unknown","lanes":0,"name":"","oneway":false},"geometry":{"type":"LineString","coordinates":[[126.84493,37.54961],[126.8449,37.54963],[126.84489,37.54965],[126.84489,37.54968],[126.84489,37.5497],[126.84491,37.54972]]}},{"type":"Feature","properties":{"class":"alley","highway":"service","sidewalk":"unknown","lanes":0,"name":"","oneway":false},"geometry":{"type":"LineString","coordinates":[[126.8438,37.54807],[126.84346,37.5482]]}},{"type":"Feature","properties":{"class":"alley","highway":"service","sidewalk":"unknown","lanes":0,"name":"","oneway":false},"geometry":{"type":"LineString","coordinates":[[126.84294,37.54851],[126.84303,37.54848],[126.84344,37.54833],[126.84347,37.54831],[126.84348,37.54829],[126.84349,37.54827],[126.84349,37.54824],[126.84346,37.5482]]}},{"type":"Feature","properties":{"class":"alley","highway":"service","sidewalk":"unknown","lanes":0,"name":"","oneway":false},"geometry":{"type":"LineString","coordinates":[[126.84242,37.54816],[126.84258,37.54814],[126.84278,37.54807],[126.84327,37.54788],[126.8434,37.5481],[126.84346,37.5482]]}},{"type":"Feature","properties":{"class":"alley","highway":"service","sidewalk":"unknown","lanes":0,"name":"","oneway":false},"geometry":{"type":"LineString","coordinates":[[126.84347,37.54782],[126.84345,37.54782]]}},{"type":"Feature","properties":{"class":"alley","highway":"service","sidewalk":"unknown","lanes":0,"name":"","oneway":false},"geometry":{"type":"LineString","coordinates":[[126.84388,37.54838],[126.8439,37.54846]]}},{"type":"Feature","properties":{"class":"alley","highway":"service","sidewalk":"unknown","lanes":0,"name":"","oneway":false},"geometry":{"type":"LineString","coordinates":[[126.84374,37.54852],[126.8439,37.54857]]}},{"type":"Feature","properties":{"class":"alley","highway":"service","sidewalk":"unknown","lanes":0,"name":"","oneway":false},"geometry":{"type":"LineString","coordinates":[[126.84384,37.54872],[126.8439,37.54857],[126.84396,37.54845]]}},{"type":"Feature","properties":{"class":"alley","highway":"service","sidewalk":"unknown","lanes":0,"name":"화곡로43가길","oneway":false},"geometry":{"type":"LineString","coordinates":[[126.84433,37.54819],[126.84435,37.54828],[126.84436,37.54833],[126.84435,37.5484]]}},{"type":"Feature","properties":{"class":"minor","highway":"residential","sidewalk":"unknown","lanes":0,"name":"화곡로43길","oneway":true},"geometry":{"type":"LineString","coordinates":[[126.8466,37.54831],[126.84658,37.54833],[126.84649,37.54837],[126.84623,37.5481],[126.84591,37.54772],[126.84565,37.54733],[126.84554,37.54712]]}},{"type":"Feature","properties":{"class":"alley","highway":"service","sidewalk":"unknown","lanes":0,"name":"","oneway":false},"geometry":{"type":"LineString","coordinates":[[126.8448,37.54829],[126.84485,37.54831],[126.8452,37.54845],[126.84519,37.54852],[126.84548,37.54865]]}},{"type":"Feature","properties":{"class":"alley","highway":"service","sidewalk":"unknown","lanes":0,"name":"","oneway":false},"geometry":{"type":"LineString","coordinates":[[126.84485,37.54831],[126.84502,37.54818],[126.84536,37.54832],[126.8454,37.5484],[126.84558,37.54848]]}},{"type":"Feature","properties":{"class":"alley","highway":"service","sidewalk":"unknown","lanes":0,"name":"화곡로43가길","oneway":false},"geometry":{"type":"LineString","coordinates":[[126.84459,37.54781],[126.84414,37.54759]]}},{"type":"Feature","properties":{"class":"alley","highway":"service","sidewalk":"unknown","lanes":0,"name":"화곡로43가길","oneway":false},"geometry":{"type":"LineString","coordinates":[[126.84414,37.54759],[126.84402,37.54776],[126.84399,37.54779],[126.84384,37.54786],[126.8437,37.54797]]}},{"type":"Feature","properties":{"class":"alley","highway":"service","sidewalk":"unknown","lanes":0,"name":"","oneway":false},"geometry":{"type":"LineString","coordinates":[[126.84365,37.54791],[126.84381,37.54782],[126.8439,37.54778]]}},{"type":"Feature","properties":{"class":"alley","highway":"service","sidewalk":"unknown","lanes":0,"name":"","oneway":false},"geometry":{"type":"LineString","coordinates":[[126.8436,37.54732],[126.84376,37.54751],[126.84398,37.5474],[126.84403,37.54741],[126.84413,37.54753]]}},{"type":"Feature","properties":{"class":"alley","highway":"service","sidewalk":"unknown","lanes":0,"name":"화곡로43가길","oneway":false},"geometry":{"type":"LineString","coordinates":[[126.84368,37.5486],[126.84351,37.54855]]}},{"type":"Feature","properties":{"class":"alley","highway":"service","sidewalk":"unknown","lanes":0,"name":"화곡로","oneway":false},"geometry":{"type":"LineString","coordinates":[[126.84495,37.54748],[126.84477,37.54739]]}},{"type":"Feature","properties":{"class":"alley","highway":"service","sidewalk":"unknown","lanes":0,"name":"화곡로","oneway":false},"geometry":{"type":"LineString","coordinates":[[126.84528,37.54725],[126.84508,37.54705]]}},{"type":"Feature","properties":{"class":"alley","highway":"service","sidewalk":"unknown","lanes":0,"name":"화곡로43가길","oneway":false},"geometry":{"type":"LineString","coordinates":[[126.84471,37.54787],[126.84487,37.54796]]}},{"type":"Feature","properties":{"class":"alley","highway":"service","sidewalk":"unknown","lanes":0,"name":"화곡로43길","oneway":false},"geometry":{"type":"LineString","coordinates":[[126.84581,37.54832],[126.84569,37.54817]]}},{"type":"Feature","properties":{"class":"alley","highway":"service","sidewalk":"unknown","lanes":0,"name":"","oneway":false},"geometry":{"type":"LineString","coordinates":[[126.84468,37.54676],[126.84473,37.54683]]}},{"type":"Feature","properties":{"class":"alley","highway":"service","sidewalk":"unknown","lanes":0,"name":"","oneway":false},"geometry":{"type":"LineString","coordinates":[[126.84473,37.54683],[126.84484,37.54699]]}},{"type":"Feature","properties":{"class":"alley","highway":"service","sidewalk":"unknown","lanes":0,"name":"","oneway":false},"geometry":{"type":"LineString","coordinates":[[126.84484,37.54699],[126.84486,37.54702],[126.84497,37.54697],[126.84499,37.54696],[126.84501,37.54694],[126.84503,37.54692],[126.84503,37.5469],[126.84503,37.54688]]}},{"type":"Feature","properties":{"class":"alley","highway":"service","sidewalk":"unknown","lanes":0,"name":"","oneway":false},"geometry":{"type":"LineString","coordinates":[[126.83961,37.54676],[126.84042,37.54677],[126.84052,37.54678],[126.84061,37.5468],[126.84068,37.54686],[126.84071,37.5469],[126.84074,37.54694],[126.84076,37.54698],[126.84078,37.54702],[126.84078,37.54708],[126.84077,37.54739],[126.84077,37.54746],[126.84077,37.54781],[126.84078,37.54797]]}},{"type":"Feature","properties":{"class":"alley","highway":"service","sidewalk":"unknown","lanes":0,"name":"","oneway":false},"geometry":{"type":"LineString","coordinates":[[126.84215,37.55429],[126.84214,37.55422],[126.84213,37.55418],[126.84188,37.55386]]}},{"type":"Feature","properties":{"class":"alley","highway":"service","sidewalk":"unknown","lanes":0,"name":"","oneway":false},"geometry":{"type":"LineString","coordinates":[[126.84214,37.55422],[126.84237,37.5542]]}},{"type":"Feature","properties":{"class":"minor","highway":"residential","sidewalk":"unknown","lanes":0,"name":"초록마을로","oneway":false},"geometry":{"type":"LineString","coordinates":[[126.85159,37.53878],[126.85159,37.53884],[126.8516,37.53903],[126.8518,37.53954],[126.85143,37.54012],[126.85124,37.54041],[126.85108,37.54067],[126.85091,37.54095],[126.85074,37.54121],[126.85057,37.54149],[126.85039,37.54176],[126.85029,37.54193],[126.85012,37.54203],[126.85003,37.54205],[126.84952,37.54216],[126.84921,37.54223],[126.84904,37.54227],[126.84897,37.54229]]}},{"type":"Feature","properties":{"class":"minor","highway":"residential","sidewalk":"unknown","lanes":0,"name":"초록마을로","oneway":false},"geometry":{"type":"LineString","coordinates":[[126.84606,37.54416],[126.84601,37.54419],[126.84576,37.54441],[126.84551,37.54461],[126.84522,37.54485],[126.84495,37.54508],[126.84493,37.5451],[126.84465,37.54522],[126.84452,37.54528]]}},{"type":"Feature","properties":{"class":"major","highway":"tertiary","sidewalk":"likely","lanes":2,"name":"까치산로","oneway":false},"geometry":{"type":"LineString","coordinates":[[126.84606,37.54416],[126.84636,37.54439],[126.8464,37.54443],[126.84691,37.54495],[126.8476,37.54585],[126.84792,37.54627],[126.84802,37.54639],[126.84823,37.54664],[126.84874,37.5473],[126.84928,37.54776],[126.85029,37.54862],[126.85103,37.54926],[126.85108,37.5493],[126.85153,37.54975]]}},{"type":"Feature","properties":{"class":"major","highway":"tertiary","sidewalk":"likely","lanes":2,"name":"까치산로","oneway":false},"geometry":{"type":"LineString","coordinates":[[126.85153,37.54975],[126.85178,37.55],[126.85222,37.55076],[126.85234,37.55097],[126.85235,37.551],[126.85267,37.55159],[126.85293,37.55207],[126.85313,37.55245],[126.85318,37.55254],[126.85327,37.55269],[126.8535,37.55311],[126.85352,37.55314],[126.8536,37.55329],[126.8539,37.55379],[126.85421,37.55432],[126.85435,37.55452]]}},{"type":"Feature","properties":{"class":"minor","highway":"residential","sidewalk":"unknown","lanes":0,"name":"화곡로54길","oneway":false},"geometry":{"type":"LineString","coordinates":[[126.8501,37.55047],[126.85102,37.55001],[126.85153,37.54975]]}},{"type":"Feature","properties":{"class":"minor","highway":"residential","sidewalk":"unknown","lanes":0,"name":"공항대로46길","oneway":false},"geometry":{"type":"LineString","coordinates":[[126.85365,37.55475],[126.85359,37.55464]]}},{"type":"Feature","properties":{"class":"major","highway":"tertiary","sidewalk":"likely","lanes":2,"name":"까치산로","oneway":false},"geometry":{"type":"LineString","coordinates":[[126.85435,37.55452],[126.85463,37.55493],[126.85472,37.55505],[126.85481,37.55518]]}},{"type":"Feature","properties":{"class":"major","highway":"secondary","sidewalk":"likely","lanes":0,"name":"양천로","oneway":false},"geometry":{"type":"LineString","coordinates":[[126.85816,37.55948],[126.8583,37.5594],[126.85975,37.55858],[126.86005,37.55842],[126.86066,37.5581],[126.86072,37.55807],[126.86088,37.55798],[126.86142,37.5577],[126.86295,37.55693],[126.86311,37.55685],[126.86326,37.55677],[126.8643,37.5562],[126.86454,37.55606],[126.86517,37.55556],[126.86565,37.55517],[126.86574,37.5551],[126.86575,37.55509],[126.8662,37.55474],[126.86645,37.5546],[126.86681,37.5544],[126.86718,37.55424],[126.86732,37.55418]]}},{"type":"Feature","properties":{"class":"major","highway":"primary","sidewalk":"likely","lanes":4,"name":"공항대로","oneway":true},"geometry":{"type":"LineString","coordinates":[[126.85406,37.55545],[126.85365,37.5556]]}},{"type":"Feature","properties":{"class":"major","highway":"primary","sidewalk":"likely","lanes":4,"name":"공항대로","oneway":true},"geometry":{"type":"LineString","coordinates":[[126.85365,37.5556],[126.85277,37.55588],[126.85264,37.55592],[126.85238,37.556]]}},{"type":"Feature","properties":{"class":"major","highway":"primary","sidewalk":"likely","lanes":8,"name":"화곡로","oneway":false},"geometry":{"type":"LineString","coordinates":[[126.8529,37.55693],[126.85285,37.55684],[126.85282,37.55678],[126.85254,37.55629]]}},{"type":"Feature","properties":{"class":"major","highway":"secondary","sidewalk":"likely","lanes":0,"name":"양천로","oneway":false},"geometry":{"type":"LineString","coordinates":[[126.85632,37.56048],[126.85641,37.56043],[126.85741,37.55988],[126.85749,37.55983],[126.85795,37.55959],[126.85816,37.55948]]}},{"type":"Feature","properties":{"class":"minor","highway":"residential","sidewalk":"unknown","lanes":0,"name":"강서로56길","oneway":false},"geometry":{"type":"LineString","coordinates":[[126.8396,37.55955],[126.84049,37.55947],[126.84122,37.55939],[126.84209,37.55931],[126.84245,37.55927],[126.84355,37.55916],[126.84365,37.55915],[126.84375,37.55914],[126.84522,37.559]]}},{"type":"Feature","properties":{"class":"minor","highway":"residential","sidewalk":"unknown","lanes":0,"name":"화곡로63길","oneway":false},"geometry":{"type":"LineString","coordinates":[[126.84709,37.55881],[126.84775,37.55875],[126.84793,37.55871],[126.84826,37.55859],[126.84921,37.55826],[126.84931,37.55822],[126.85106,37.5576],[126.8528,37.55698],[126.85291,37.55694]]}},{"type":"Feature","properties":{"class":"major","highway":"primary","sidewalk":"likely","lanes":7,"name":"화곡로","oneway":false},"geometry":{"type":"LineString","coordinates":[[126.85486,37.56051],[126.85464,37.56007],[126.85455,37.55989],[126.85431,37.55947]]}},{"type":"Feature","properties":{"class":"major","highway":"primary","sidewalk":"likely","lanes":7,"name":"화곡로","oneway":false},"geometry":{"type":"LineString","coordinates":[[126.84506,37.54608],[126.84511,37.54616],[126.84531,37.5465],[126.84539,37.54662],[126.84554,37.54687],[126.84567,37.54708],[126.84578,37.54725],[126.84587,37.54739],[126.84608,37.54767],[126.8466,37.54831],[126.84664,37.54836],[126.84673,37.54846],[126.84709,37.54888],[126.84748,37.54933],[126.84763,37.5495],[126.84775,37.54964],[126.84779,37.54968],[126.84796,37.54988],[126.84815,37.5501],[126.84834,37.55032],[126.84855,37.55056],[126.84892,37.55097],[126.84987,37.55207],[126.85037,37.55264],[126.85046,37.55275],[126.85062,37.55293],[126.85076,37.55311]]}},{"type":"Feature","properties":{"class":"major","highway":"secondary","sidewalk":"likely","lanes":6,"name":"강서로","oneway":false},"geometry":{"type":"LineString","coordinates":[[126.84006,37.54207],[126.83998,37.54215],[126.83996,37.54217],[126.83984,37.54229],[126.83927,37.54286],[126.83894,37.54319],[126.83886,37.54327],[126.83844,37.54368],[126.8382,37.54392],[126.83793,37.54419],[126.83782,37.5443],[126.83767,37.54445],[126.83737,37.54475],[126.83715,37.54499],[126.83701,37.54516],[126.83696,37.54523],[126.8367,37.54566],[126.83662,37.5458],[126.83655,37.54597],[126.83646,37.54617],[126.83645,37.54622],[126.8364,37.54642],[126.83639,37.54646],[126.83638,37.54652],[126.83634,37.54676],[126.83633,37.54702],[126.83632,37.54717],[126.83632,37.5475],[126.83632,37.54777],[126.83632,37.54797]]}},{"type":"Feature","properties":{"class":"major","highway":"primary","sidewalk":"likely","lanes":6,"name":"화곡로","oneway":false},"geometry":{"type":"LineString","coordinates":[[126.83992,37.54151],[126.8402,37.54159],[126.84043,37.54165]]}},{"type":"Feature","properties":{"class":"alley","highway":"service","sidewalk":"unknown","lanes":0,"name":"","oneway":false},"geometry":{"type":"LineString","coordinates":[[126.84532,37.55987],[126.84522,37.55983]]}},{"type":"Feature","properties":{"class":"alley","highway":"service","sidewalk":"unknown","lanes":0,"name":"강서로","oneway":false},"geometry":{"type":"LineString","coordinates":[[126.83997,37.54097],[126.84056,37.54125],[126.84071,37.5413]]}},{"type":"Feature","properties":{"class":"major","highway":"primary","sidewalk":"likely","lanes":4,"name":"공항대로","oneway":true},"geometry":{"type":"LineString","coordinates":[[126.84418,37.55807],[126.8435,37.55816],[126.84192,37.55829],[126.84103,37.55837],[126.84032,37.55844],[126.83882,37.5586],[126.83848,37.55864],[126.83827,37.55865]]}},{"type":"Feature","properties":{"class":"major","highway":"primary","sidewalk":"likely","lanes":4,"name":"공항대로","oneway":true},"geometry":{"type":"LineString","coordinates":[[126.84415,37.5579],[126.84436,37.5579]]}},{"type":"Feature","properties":{"class":"minor","highway":"residential","sidewalk":"unknown","lanes":0,"name":"강서로54길","oneway":false},"geometry":{"type":"LineString","coordinates":[[126.84475,37.5586],[126.84489,37.55859]]}},{"type":"Feature","properties":{"class":"minor","highway":"residential","sidewalk":"unknown","lanes":0,"name":"화곡로61길","oneway":false},"geometry":{"type":"LineString","coordinates":[[126.84506,37.55857],[126.84545,37.55853],[126.84571,37.5585],[126.84595,37.55848],[126.84676,37.55839],[126.8476,37.5583],[126.84899,37.55782]]}},{"type":"Feature","properties":{"class":"major","highway":"tertiary","sidewalk":"likely","lanes":0,"name":"공항대로41길","oneway":false},"geometry":{"type":"LineString","coordinates":[[126.84489,37.55859],[126.84522,37.559],[126.84566,37.55962],[126.84572,37.5597],[126.84576,37.55976],[126.8462,37.56042],[126.84663,37.56113],[126.84671,37.56126]]}},{"type":"Feature","properties":{"class":"minor","highway":"residential","sidewalk":"unknown","lanes":0,"name":"화곡로61길","oneway":false},"geometry":{"type":"LineString","coordinates":[[126.84899,37.55782],[126.84938,37.55768],[126.85008,37.55744],[126.85082,37.55719],[126.85142,37.55698],[126.85223,37.5567]]}},{"type":"Feature","properties":{"class":"minor","highway":"residential","sidewalk":"unknown","lanes":1,"name":"공항대로43길","oneway":true},"geometry":{"type":"LineString","coordinates":[[126.84871,37.55733],[126.84899,37.55782]]}},{"type":"Feature","properties":{"class":"major","highway":"primary","sidewalk":"likely","lanes":7,"name":"화곡로","oneway":false},"geometry":{"type":"LineString","coordinates":[[126.85291,37.55694],[126.8529,37.55693]]}},{"type":"Feature","properties":{"class":"major","highway":"primary","sidewalk":"likely","lanes":7,"name":"화곡로","oneway":false},"geometry":{"type":"LineString","coordinates":[[126.85295,37.55701],[126.85291,37.55694]]}},{"type":"Feature","properties":{"class":"major","highway":"primary","sidewalk":"likely","lanes":6,"name":"화곡로","oneway":false},"geometry":{"type":"LineString","coordinates":[[126.85254,37.55629],[126.85247,37.55616],[126.85238,37.556]]}},{"type":"Feature","properties":{"class":"major","highway":"primary","sidewalk":"likely","lanes":8,"name":"화곡로","oneway":false},"geometry":{"type":"LineString","coordinates":[[126.85168,37.5547],[126.85215,37.55559]]}},{"type":"Feature","properties":{"class":"major","highway":"primary","sidewalk":"likely","lanes":7,"name":"화곡로","oneway":false},"geometry":{"type":"LineString","coordinates":[[126.85122,37.55392],[126.85144,37.55429],[126.85168,37.5547]]}},{"type":"Feature","properties":{"class":"major","highway":"primary","sidewalk":"likely","lanes":7,"name":"화곡로","oneway":false},"geometry":{"type":"LineString","coordinates":[[126.85323,37.55755],[126.85311,37.55732],[126.85295,37.55701]]}},{"type":"Feature","properties":{"class":"major","highway":"primary","sidewalk":"likely","lanes":7,"name":"화곡로","oneway":false},"geometry":{"type":"LineString","coordinates":[[126.85353,37.5581],[126.85323,37.55755]]}},{"type":"Feature","properties":{"class":"minor","highway":"residential","sidewalk":"unknown","lanes":0,"name":"","oneway":true},"geometry":{"type":"LineString","coordinates":[[126.85575,37.55765],[126.85569,37.55783]]}},{"type":"Feature","properties":{"class":"minor","highway":"residential","sidewalk":"unknown","lanes":0,"name":"","oneway":true},"geometry":{"type":"LineString","coordinates":[[126.8556,37.55771],[126.85566,37.55782],[126.85569,37.55783]]}},{"type":"Feature","properties":{"class":"minor","highway":"residential","sidewalk":"unknown","lanes":0,"name":"","oneway":true},"geometry":{"type":"LineString","coordinates":[[126.85564,37.55855],[126.85579,37.55832],[126.8558,37.55823],[126.85562,37.55789]]}},{"type":"Feature","properties":{"class":"minor","highway":"residential","sidewalk":"unknown","lanes":0,"name":"","oneway":true},"geometry":{"type":"LineString","coordinates":[[126.85562,37.55789],[126.85557,37.55785],[126.85551,37.55782],[126.85545,37.55782],[126.85531,37.55781]]}},{"type":"Feature","properties":{"class":"minor","highway":"residential","sidewalk":"unknown","lanes":0,"name":"화곡로66길","oneway":false},"geometry":{"type":"LineString","coordinates":[[126.85555,37.55773],[126.85531,37.55781]]}},{"type":"Feature","properties":{"class":"minor","highway":"residential","sidewalk":"unknown","lanes":0,"name":"화곡로66길","oneway":false},"geometry":{"type":"LineString","coordinates":[[126.85531,37.55781],[126.85387,37.55832],[126.85368,37.55838]]}},{"type":"Feature","properties":{"class":"minor","highway":"residential","sidewalk":"unknown","lanes":0,"name":"화곡로66길","oneway":false},"geometry":{"type":"LineString","coordinates":[[126.8556,37.55771],[126.85555,37.55773]]}},{"type":"Feature","properties":{"class":"minor","highway":"residential","sidewalk":"unknown","lanes":0,"name":"화곡로66길","oneway":false},"geometry":{"type":"LineString","coordinates":[[126.85575,37.55765],[126.8556,37.55771]]}},{"type":"Feature","properties":{"class":"minor","highway":"residential","sidewalk":"unknown","lanes":0,"name":"","oneway":true},"geometry":{"type":"LineString","coordinates":[[126.85569,37.55783],[126.85584,37.55811],[126.85585,37.55819],[126.85586,37.5583],[126.85568,37.5586]]}},{"type":"Feature","properties":{"class":"minor","highway":"residential","sidewalk":"unknown","lanes":0,"name":"","oneway":true},"geometry":{"type":"LineString","coordinates":[[126.85562,37.55789],[126.85562,37.55785],[126.85555,37.55773]]}},{"type":"Feature","properties":{"class":"alley","highway":"service","sidewalk":"unknown","lanes":0,"name":"","oneway":false},"geometry":{"type":"LineString","coordinates":[[126.8484,37.55721],[126.84836,37.55715],[126.84826,37.55708],[126.84824,37.55707],[126.84809,37.55711],[126.84754,37.55728],[126.84722,37.5574],[126.8468,37.55742],[126.84664,37.55733],[126.84655,37.55723],[126.84654,37.55705],[126.84678,37.55667],[126.84693,37.55654],[126.84718,37.5565],[126.84751,37.55648],[126.84769,37.55639],[126.84785,37.55623],[126.84808,37.55616],[126.84828,37.55617],[126.84938,37.55648],[126.84944,37.55651],[126.84958,37.55679]]}},{"type":"Feature","properties":{"class":"alley","highway":"service","sidewalk":"unknown","lanes":0,"name":"","oneway":false},"geometry":{"type":"LineString","coordinates":[[126.84826,37.55708],[126.84849,37.55697],[126.84921,37.55672],[126.84933,37.55665],[126.84939,37.55657],[126.84938,37.55648]]}},{"type":"Feature","properties":{"class":"alley","highway":"service","sidewalk":"unknown","lanes":0,"name":"","oneway":true},"geometry":{"type":"LineString","coordinates":[[126.84967,37.55695],[126.84964,37.55687],[126.84958,37.55679]]}},{"type":"Feature","properties":{"class":"major","highway":"primary","sidewalk":"likely","lanes":4,"name":"공항대로","oneway":true},"geometry":{"type":"LineString","coordinates":[[126.84967,37.55695],[126.84871,37.55733]]}},{"type":"Feature","properties":{"class":"major","highway":"primary","sidewalk":"likely","lanes":4,"name":"공항대로","oneway":true},"geometry":{"type":"LineString","coordinates":[[126.84958,37.55679],[126.8498,37.55674],[126.85106,37.55628],[126.85185,37.55599],[126.85207,37.55594],[126.85228,37.55587],[126.8523,37.55586]]}},{"type":"Feature","properties":{"class":"minor","highway":"residential","sidewalk":"unknown","lanes":0,"name":"공항대로","oneway":false},"geometry":{"type":"LineString","coordinates":[[126.8512,37.55646],[126.85142,37.55698]]}},{"type":"Feature","properties":{"class":"major","highway":"primary","sidewalk":"likely","lanes":4,"name":"공항대로","oneway":true},"geometry":{"type":"LineString","coordinates":[[126.84871,37.55733],[126.84828,37.55747],[126.84789,37.55759],[126.84753,37.55769],[126.84717,37.55776],[126.84677,37.5578],[126.84668,37.55781],[126.84536,37.55798],[126.84483,37.55802],[126.84449,37.55804]]}},{"type":"Feature","properties":{"class":"major","highway":"primary","sidewalk":"likely","lanes":4,"name":"공항대로","oneway":true},"geometry":{"type":"LineString","coordinates":[[126.8484,37.55721],[126.84949,37.55683],[126.84958,37.55679]]}},{"type":"Feature","properties":{"class":"major","highway":"primary","sidewalk":"likely","lanes":4,"name":"공항대로","oneway":true},"geometry":{"type":"LineString","coordinates":[[126.84436,37.5579],[126.8448,37.55785],[126.84571,37.55776],[126.84688,37.55766],[126.84726,37.55759],[126.84765,37.55751],[126.8484,37.55721]]}},{"type":"Feature","properties":{"class":"alley","highway":"service","sidewalk":"unknown","lanes":0,"name":"","oneway":false},"geometry":{"type":"LineString","coordinates":[[126.85239,37.55974],[126.85234,37.55977],[126.85198,37.55996],[126.85126,37.56025],[126.85156,37.56069],[126.85189,37.56122],[126.85177,37.56126],[126.85126,37.56147],[126.85074,37.56168]]}},{"type":"Feature","properties":{"class":"alley","highway":"service","sidewalk":"unknown","lanes":0,"name":"","oneway":false},"geometry":{"type":"LineString","coordinates":[[126.85111,37.56032],[126.85088,37.55994]]}},{"type":"Feature","properties":{"class":"alley","highway":"service","sidewalk":"unknown","lanes":0,"name":"","oneway":false},"geometry":{"type":"LineString","coordinates":[[126.85427,37.55941],[126.85387,37.55955],[126.85362,37.55963],[126.85342,37.5597],[126.85325,37.55937],[126.85275,37.55954]]}},{"type":"Feature","properties":{"class":"alley","highway":"service","sidewalk":"unknown","lanes":0,"name":"","oneway":false},"geometry":{"type":"LineString","coordinates":[[126.85325,37.55937],[126.85346,37.5593],[126.85362,37.55963]]}},{"type":"Feature","properties":{"class":"major","highway":"primary","sidewalk":"likely","lanes":7,"name":"화곡로","oneway":false},"geometry":{"type":"LineString","coordinates":[[126.85427,37.55941],[126.85421,37.5593],[126.85378,37.55856],[126.85368,37.55838],[126.85353,37.5581]]}},{"type":"Feature","properties":{"class":"major","highway":"primary","sidewalk":"likely","lanes":7,"name":"화곡로","oneway":false},"geometry":{"type":"LineString","coordinates":[[126.85431,37.55947],[126.85427,37.55941]]}},{"type":"Feature","properties":{"class":"alley","highway":"service","sidewalk":"unknown","lanes":0,"name":"","oneway":false},"geometry":{"type":"LineString","coordinates":[[126.85362,37.55963],[126.85377,37.5599],[126.85378,37.55992],[126.85388,37.5601]]}},{"type":"Feature","properties":{"class":"alley","highway":"service","sidewalk":"unknown","lanes":0,"name":"","oneway":false},"geometry":{"type":"LineString","coordinates":[[126.8467,37.55885],[126.84688,37.5591],[126.84699,37.5591],[126.84716,37.55917],[126.84725,37.55932],[126.84759,37.55985],[126.84763,37.5599],[126.84776,37.5601],[126.84777,37.56019],[126.84767,37.56026],[126.84771,37.56032],[126.84774,37.56036],[126.84792,37.56034],[126.84804,37.56044]]}},{"type":"Feature","properties":{"class":"alley","highway":"service","sidewalk":"unknown","lanes":0,"name":"","oneway":false},"geometry":{"type":"LineString","coordinates":[[126.84688,37.5591],[126.84674,37.5592],[126.84641,37.55926],[126.8463,37.5591]]}},{"type":"Feature","properties":{"class":"alley","highway":"service","sidewalk":"unknown","lanes":0,"name":"","oneway":false},"geometry":{"type":"LineString","coordinates":[[126.84725,37.55932],[126.84706,37.55939],[126.84663,37.55957],[126.84673,37.55972],[126.84715,37.55953],[126.84712,37.55948],[126.84706,37.55939]]}},{"type":"Feature","properties":{"class":"alley","highway":"service","sidewalk":"unknown","lanes":0,"name":"","oneway":false},"geometry":{"type":"LineString","coordinates":[[126.84759,37.55985],[126.84743,37.55992],[126.84738,37.55999],[126.84701,37.56013],[126.84693,37.56002],[126.84701,37.55999]]}},{"type":"Feature","properties":{"class":"alley","highway":"service","sidewalk":"unknown","lanes":0,"name":"","oneway":false},"geometry":{"type":"LineString","coordinates":[[126.84761,37.55959],[126.84789,37.55946],[126.84774,37.55925],[126.84831,37.559]]}},{"type":"Feature","properties":{"class":"alley","highway":"service","sidewalk":"unknown","lanes":0,"name":"","oneway":false},"geometry":{"type":"LineString","coordinates":[[126.84789,37.55946],[126.84804,37.55949],[126.84812,37.55963],[126.84827,37.55989],[126.84841,37.5601],[126.84859,37.56002],[126.84845,37.55981],[126.84827,37.55989]]}},{"type":"Feature","properties":{"class":"alley","highway":"service","sidewalk":"unknown","lanes":0,"name":"","oneway":false},"geometry":{"type":"LineString","coordinates":[[126.84845,37.55981],[126.84877,37.55969]]}},{"type":"Feature","properties":{"class":"alley","highway":"service","sidewalk":"unknown","lanes":0,"name":"","oneway":false},"geometry":{"type":"LineString","coordinates":[[126.84812,37.55963],[126.84846,37.55949],[126.84839,37.55935],[126.84804,37.55949]]}},{"type":"Feature","properties":{"class":"alley","highway":"service","sidewalk":"unknown","lanes":0,"name":"","oneway":false},"geometry":{"type":"LineString","coordinates":[[126.84763,37.5599],[126.84779,37.55986]]}},{"type":"Feature","properties":{"class":"alley","highway":"service","sidewalk":"unknown","lanes":0,"name":"","oneway":false},"geometry":{"type":"LineString","coordinates":[[126.84826,37.55859],[126.8487,37.55925],[126.84879,37.55938],[126.84905,37.55977]]}},{"type":"Feature","properties":{"class":"alley","highway":"service","sidewalk":"unknown","lanes":0,"name":"","oneway":false},"geometry":{"type":"LineString","coordinates":[[126.84966,37.55893],[126.8492,37.55912],[126.84908,37.5591],[126.8487,37.55925]]}},{"type":"Feature","properties":{"class":"alley","highway":"service","sidewalk":"unknown","lanes":0,"name":"","oneway":false},"geometry":{"type":"LineString","coordinates":[[126.8509,37.55911],[126.85093,37.55917],[126.85094,37.5592]]}},{"type":"Feature","properties":{"class":"alley","highway":"service","sidewalk":"unknown","lanes":0,"name":"","oneway":false},"geometry":{"type":"LineString","coordinates":[[126.85051,37.55928],[126.85057,37.55936]]}},{"type":"Feature","properties":{"class":"alley","highway":"pedestrian","sidewalk":"unknown","lanes":0,"name":"","oneway":false},"geometry":{"type":"LineString","coordinates":[[126.8425,37.55952],[126.84245,37.55927]]}},{"type":"Feature","properties":{"class":"alley","highway":"pedestrian","sidewalk":"unknown","lanes":0,"name":"","oneway":false},"geometry":{"type":"LineString","coordinates":[[126.84159,37.55973],[126.84159,37.55976],[126.84166,37.55993],[126.84176,37.5602],[126.84208,37.56013],[126.84215,37.56012],[126.84217,37.56009],[126.8422,37.56005],[126.84222,37.56001],[126.84222,37.55997],[126.8422,37.5599],[126.84217,37.55988],[126.84214,37.55986],[126.84205,37.55984],[126.84198,37.55985],[126.84166,37.55993]]}},{"type":"Feature","properties":{"class":"alley","highway":"pedestrian","sidewalk":"unknown","lanes":0,"name":"","oneway":false},"geometry":{"type":"LineString","coordinates":[[126.84156,37.55955],[126.84155,37.55952],[126.84154,37.55944]]}},{"type":"Feature","properties":{"class":"alley","highway":"pedestrian","sidewalk":"unknown","lanes":0,"name":"","oneway":false},"geometry":{"type":"LineString","coordinates":[[126.84149,37.55965],[126.84146,37.55966],[126.84138,37.55967]]}},{"type":"Feature","properties":{"class":"alley","highway":"pedestrian","sidewalk":"unknown","lanes":0,"name":"","oneway":false},"geometry":{"type":"LineString","coordinates":[[126.84253,37.55981],[126.84267,37.55999],[126.84296,37.56055]]}},{"type":"Feature","properties":{"class":"alley","highway":"pedestrian","sidewalk":"unknown","lanes":0,"name":"","oneway":false},"geometry":{"type":"LineString","coordinates":[[126.84171,37.55968],[126.84176,37.55968],[126.84233,37.55957]]}},{"type":"Feature","properties":{"class":"alley","highway":"pedestrian","sidewalk":"unknown","lanes":0,"name":"","oneway":false},"geometry":{"type":"LineString","coordinates":[[126.84157,37.55951],[126.84162,37.55951],[126.84168,37.55952],[126.84171,37.55954],[126.84175,37.55957],[126.84176,37.55961],[126.84177,37.55964],[126.84176,37.55968],[126.84171,37.55973],[126.84166,37.55975],[126.84161,37.55976],[126.84159,37.55976],[126.84156,37.55975],[126.84149,37.55972],[126.84146,37.55968],[126.84146,37.55966],[126.84145,37.55964],[126.84145,37.5596],[126.84147,37.55956],[126.84151,37.55954],[126.84155,37.55952],[126.84157,37.55951]]}},{"type":"Feature","properties":{"class":"alley","highway":"pedestrian","sidewalk":"unknown","lanes":0,"name":"","oneway":false},"geometry":{"type":"LineString","coordinates":[[126.84259,37.5598],[126.84254,37.55981],[126.84253,37.55981],[126.8424,37.55983],[126.8424,37.55981],[126.8424,37.5598],[126.84246,37.55976],[126.84248,37.5597],[126.84247,37.55965],[126.84244,37.55961],[126.84239,37.55959],[126.84234,37.55958],[126.84233,37.55958],[126.84233,37.55957],[126.84232,37.55954],[126.8425,37.55952],[126.84252,37.55952],[126.84259,37.5598]]}},{"type":"Feature","properties":{"class":"alley","highway":"pedestrian","sidewalk":"unknown","lanes":0,"name":"","oneway":false},"geometry":{"type":"LineString","coordinates":[[126.84222,37.56001],[126.84232,37.55998],[126.84239,37.55992],[126.8424,37.55988],[126.84239,37.55984],[126.8424,37.55981],[126.84217,37.55988]]}},{"type":"Feature","properties":{"class":"alley","highway":"service","sidewalk":"unknown","lanes":0,"name":"","oneway":true},"geometry":{"type":"LineString","coordinates":[[126.85957,37.55837],[126.85961,37.55827],[126.85964,37.55823],[126.85982,37.55815],[126.86005,37.55842]]}},{"type":"Feature","properties":{"class":"alley","highway":"service","sidewalk":"unknown","lanes":0,"name":"","oneway":false},"geometry":{"type":"LineString","coordinates":[[126.85738,37.55581],[126.85729,37.55569]]}},{"type":"Feature","properties":{"class":"major","highway":"tertiary","sidewalk":"likely","lanes":0,"name":"공항대로41길","oneway":false},"geometry":{"type":"LineString","coordinates":[[126.84449,37.55804],[126.84455,37.55809],[126.84458,37.55814],[126.84489,37.55859]]}},{"type":"Feature","properties":{"class":"minor","highway":"residential","sidewalk":"unknown","lanes":0,"name":"","oneway":false},"geometry":{"type":"LineString","coordinates":[[126.84595,37.55848],[126.8459,37.55821]]}},{"type":"Feature","properties":{"class":"minor","highway":"residential","sidewalk":"unknown","lanes":0,"name":"화곡로66길","oneway":true},"geometry":{"type":"LineString","coordinates":[[126.85881,37.5561],[126.85918,37.55591],[126.85965,37.55567],[126.85975,37.55562],[126.86062,37.55518],[126.86152,37.55472],[126.86354,37.55381]]}},{"type":"Feature","properties":{"class":"major","highway":"primary","sidewalk":"likely","lanes":4,"name":"공항대로","oneway":true},"geometry":{"type":"LineString","coordinates":[[126.84449,37.55804],[126.84418,37.55807]]}},{"type":"Feature","properties":{"class":"alley","highway":"pedestrian","sidewalk":"unknown","lanes":0,"name":"","oneway":false},"geometry":{"type":"LineString","coordinates":[[126.84985,37.5581],[126.85021,37.55868],[126.85018,37.55893],[126.85037,37.55924]]}},{"type":"Feature","properties":{"class":"minor","highway":"residential","sidewalk":"unknown","lanes":0,"name":"초록마을로","oneway":false},"geometry":{"type":"LineString","coordinates":[[126.84897,37.54229],[126.84817,37.54274],[126.84727,37.54271],[126.84681,37.54268],[126.84674,37.54355],[126.84606,37.54416]]}},{"type":"Feature","properties":{"class":"minor","highway":"residential","sidewalk":"unknown","lanes":0,"name":"화곡로50길","oneway":false},"geometry":{"type":"LineString","coordinates":[[126.84986,37.5489],[126.85029,37.54862]]}},{"type":"Feature","properties":{"class":"minor","highway":"residential","sidewalk":"unknown","lanes":0,"name":"까치산로14길","oneway":false},"geometry":{"type":"LineString","coordinates":[[126.84944,37.54377],[126.84968,37.54385]]}},{"type":"Feature","properties":{"class":"major","highway":"tertiary","sidewalk":"likely","lanes":0,"name":"등촌로51길","oneway":false},"geometry":{"type":"LineString","coordinates":[[126.85825,37.54978],[126.8584,37.54981],[126.85913,37.54967],[126.86078,37.54934],[126.86184,37.54914],[126.86215,37.54907],[126.86272,37.54896],[126.86335,37.54882],[126.86342,37.54881]]}},{"type":"Feature","properties":{"class":"major","highway":"primary","sidewalk":"likely","lanes":7,"name":"화곡로","oneway":false},"geometry":{"type":"LineString","coordinates":[[126.85076,37.55311],[126.85085,37.55324],[126.8511,37.5537],[126.85122,37.55392]]}},{"type":"Feature","properties":{"class":"alley","highway":"service","sidewalk":"unknown","lanes":0,"name":"","oneway":false},"geometry":{"type":"LineString","coordinates":[[126.85867,37.55122],[126.85768,37.55107],[126.85753,37.55085]]}},{"type":"Feature","properties":{"class":"alley","highway":"service","sidewalk":"unknown","lanes":0,"name":"화곡로58길","oneway":false},"geometry":{"type":"LineString","coordinates":[[126.85493,37.55285],[126.85481,37.55261],[126.85458,37.55235]]}},{"type":"Feature","properties":{"class":"minor","highway":"residential","sidewalk":"unknown","lanes":0,"name":"화곡로58길","oneway":false},"geometry":{"type":"LineString","coordinates":[[126.85282,37.55276],[126.85301,37.55309],[126.85311,37.55328]]}},{"type":"Feature","properties":{"class":"alley","highway":"service","sidewalk":"unknown","lanes":0,"name":"까치산로28길","oneway":false},"geometry":{"type":"LineString","coordinates":[[126.85482,37.55344],[126.85514,37.55334],[126.8552,37.55327],[126.85532,37.55308],[126.8554,37.55288],[126.85537,37.5527],[126.85533,37.55256],[126.85542,37.55243],[126.85515,37.55214]]}},{"type":"Feature","properties":{"class":"major","highway":"tertiary","sidewalk":"likely","lanes":0,"name":"공항대로46길","oneway":false},"geometry":{"type":"LineString","coordinates":[[126.85213,37.5542],[126.85188,37.5537],[126.85154,37.55304],[126.85151,37.55298],[126.85089,37.5522],[126.85063,37.55184]]}},{"type":"Feature","properties":{"class":"alley","highway":"service","sidewalk":"unknown","lanes":0,"name":"","oneway":false},"geometry":{"type":"LineString","coordinates":[[126.8604,37.54816],[126.85995,37.54832]]}},{"type":"Feature","properties":{"class":"minor","highway":"residential","sidewalk":"unknown","lanes":0,"name":"공항대로46길","oneway":false},"geometry":{"type":"LineString","coordinates":[[126.85063,37.55184],[126.85078,37.55132],[126.85048,37.55095],[126.8501,37.55047]]}},{"type":"Feature","properties":{"class":"minor","highway":"residential","sidewalk":"unknown","lanes":2,"name":"공항대로43길","oneway":false},"geometry":{"type":"LineString","coordinates":[[126.84921,37.55826],[126.84966,37.55893],[126.84969,37.55897],[126.84999,37.55943],[126.85007,37.55956],[126.85013,37.55965],[126.8503,37.5599],[126.8504,37.56007],[126.85046,37.56031],[126.85057,37.56092],[126.8506,37.56106],[126.85066,37.56141],[126.85071,37.56163],[126.85074,37.56168],[126.85079,37.56179],[126.8509,37.56196],[126.8511,37.56223],[126.8517,37.56289]]}},{"type":"Feature","properties":{"class":"alley","highway":"service","sidewalk":"unknown","lanes":0,"name":"","oneway":false},"geometry":{"type":"LineString","coordinates":[[126.85008,37.55744],[126.85005,37.55752],[126.84995,37.55758]]}},{"type":"Feature","properties":{"class":"alley","highway":"service","sidewalk":"unknown","lanes":0,"name":"","oneway":false},"geometry":{"type":"LineString","coordinates":[[126.84959,37.55768],[126.84948,37.55772],[126.84938,37.55768]]}},{"type":"Feature","properties":{"class":"minor","highway":"residential","sidewalk":"unknown","lanes":0,"name":"공항대로","oneway":false},"geometry":{"type":"LineString","coordinates":[[126.84536,37.55798],[126.84545,37.55853]]}},{"type":"Feature","properties":{"class":"minor","highway":"residential","sidewalk":"unknown","lanes":0,"name":"초록마을로","oneway":false},"geometry":{"type":"LineString","coordinates":[[126.84495,37.54508],[126.84546,37.5457]]}},{"type":"Feature","properties":{"class":"alley","highway":"pedestrian","sidewalk":"unknown","lanes":0,"name":"","oneway":false},"geometry":{"type":"LineString","coordinates":[[126.8441,37.54316],[126.84385,37.54299]]}},{"type":"Feature","properties":{"class":"minor","highway":"residential","sidewalk":"unknown","lanes":0,"name":"까치산로","oneway":false},"geometry":{"type":"LineString","coordinates":[[126.84336,37.54124],[126.84305,37.54151]]}},{"type":"Feature","properties":{"class":"minor","highway":"residential","sidewalk":"unknown","lanes":0,"name":"강서로31길","oneway":false},"geometry":{"type":"LineString","coordinates":[[126.84058,37.54019],[126.8411,37.54062],[126.8412,37.54067]]}},{"type":"Feature","properties":{"class":"alley","highway":"service","sidewalk":"unknown","lanes":0,"name":"","oneway":false},"geometry":{"type":"LineString","coordinates":[[126.84539,37.54266],[126.84503,37.54242],[126.84473,37.54221]]}},{"type":"Feature","properties":{"class":"alley","highway":"service","sidewalk":"unknown","lanes":0,"name":"","oneway":false},"geometry":{"type":"LineString","coordinates":[[126.84564,37.54189],[126.84503,37.54242]]}},{"type":"Feature","properties":{"class":"alley","highway":"service","sidewalk":"unknown","lanes":0,"name":"","oneway":false},"geometry":{"type":"LineString","coordinates":[[126.84667,37.54587],[126.8458,37.54629]]}},{"type":"Feature","properties":{"class":"alley","highway":"service","sidewalk":"unknown","lanes":0,"name":"","oneway":false},"geometry":{"type":"LineString","coordinates":[[126.84647,37.54559],[126.84667,37.54587],[126.8469,37.54619]]}},{"type":"Feature","properties":{"class":"alley","highway":"service","sidewalk":"unknown","lanes":0,"name":"","oneway":false},"geometry":{"type":"LineString","coordinates":[[126.84964,37.54328],[126.85008,37.54318]]}},{"type":"Feature","properties":{"class":"alley","highway":"service","sidewalk":"unknown","lanes":0,"name":"","oneway":false},"geometry":{"type":"LineString","coordinates":[[126.84973,37.54347],[126.8501,37.54337]]}},{"type":"Feature","properties":{"class":"alley","highway":"service","sidewalk":"unknown","lanes":0,"name":"","oneway":false},"geometry":{"type":"LineString","coordinates":[[126.84952,37.54295],[126.85004,37.54284]]}},{"type":"Feature","properties":{"class":"alley","highway":"service","sidewalk":"unknown","lanes":0,"name":"","oneway":false},"geometry":{"type":"LineString","coordinates":[[126.84948,37.54278],[126.85009,37.54265]]}},{"type":"Feature","properties":{"class":"alley","highway":"service","sidewalk":"unknown","lanes":0,"name":"","oneway":false},"geometry":{"type":"LineString","coordinates":[[126.84944,37.5426],[126.84959,37.54257],[126.85034,37.5424]]}},{"type":"Feature","properties":{"class":"alley","highway":"service","sidewalk":"unknown","lanes":0,"name":"","oneway":false},"geometry":{"type":"LineString","coordinates":[[126.85038,37.54218],[126.84959,37.54236],[126.84948,37.5424],[126.84946,37.54241],[126.84944,37.54242],[126.84944,37.54244],[126.84944,37.54248],[126.84944,37.5426],[126.84948,37.54278],[126.8495,37.54286],[126.84952,37.54295],[126.84954,37.54308],[126.84958,37.54315],[126.84964,37.54328],[126.84973,37.54347],[126.84982,37.54364],[126.85007,37.54357]]}},{"type":"Feature","properties":{"class":"alley","highway":"service","sidewalk":"unknown","lanes":0,"name":"","oneway":false},"geometry":{"type":"LineString","coordinates":[[126.84952,37.54216],[126.84959,37.54236]]}},{"type":"Feature","properties":{"class":"minor","highway":"residential","sidewalk":"unknown","lanes":0,"name":"","oneway":false},"geometry":{"type":"LineString","coordinates":[[126.84745,37.55158],[126.84747,37.55168],[126.84752,37.55176],[126.84755,37.55181],[126.8477,37.55201],[126.8478,37.55215],[126.84795,37.55235],[126.84839,37.55286]]}},{"type":"Feature","properties":{"class":"alley","highway":"service","sidewalk":"unknown","lanes":0,"name":"","oneway":false},"geometry":{"type":"LineString","coordinates":[[126.84776,37.55151],[126.84781,37.55158],[126.84789,37.5517],[126.84798,37.55183],[126.84811,37.55199]]}},{"type":"Feature","properties":{"class":"minor","highway":"residential","sidewalk":"unknown","lanes":0,"name":"등촌로39가길","oneway":false},"geometry":{"type":"LineString","coordinates":[[126.85912,37.54528],[126.85907,37.5452],[126.85896,37.54513],[126.85889,37.5451],[126.85869,37.545],[126.85864,37.54496],[126.85868,37.54483],[126.85863,37.54478],[126.85828,37.54468],[126.85824,37.54463],[126.85796,37.54436],[126.85782,37.54409]]}},{"type":"Feature","properties":{"class":"alley","highway":"service","sidewalk":"unknown","lanes":0,"name":"","oneway":false},"geometry":{"type":"LineString","coordinates":[[126.85869,37.545],[126.85853,37.54502],[126.85835,37.54508],[126.85817,37.54516],[126.85809,37.54524],[126.85806,37.54529],[126.85799,37.54543],[126.85791,37.5456],[126.85789,37.54574],[126.85786,37.54633]]}},{"type":"Feature","properties":{"class":"minor","highway":"residential","sidewalk":"unknown","lanes":0,"name":"","oneway":false},"geometry":{"type":"LineString","coordinates":[[126.85082,37.55454],[126.85097,37.55448],[126.85144,37.55429]]}},{"type":"Feature","properties":{"class":"alley","highway":"pedestrian","sidewalk":"unknown","lanes":0,"name":"","oneway":false},"geometry":{"type":"LineString","coordinates":[[126.84152,37.5597],[126.84155,37.55972],[126.84159,37.55973],[126.84162,37.55973],[126.84166,37.55972],[126.84169,37.55971],[126.84171,37.55968],[126.84173,37.55966],[126.84173,37.55963],[126.84172,37.5596],[126.8417,37.55957],[126.84167,37.55955],[126.84164,37.55954],[126.8416,37.55954],[126.84156,37.55955],[126.84153,37.55956],[126.8415,37.55959],[126.84149,37.55962],[126.84149,37.55965],[126.8415,37.55968],[126.84152,37.5597]]}},{"type":"Feature","properties":{"class":"minor","highway":"residential","sidewalk":"unknown","lanes":0,"name":"까치산로18라길","oneway":false},"geometry":{"type":"LineString","coordinates":[[126.85349,37.54616],[126.85355,37.54618],[126.85349,37.54625]]}},{"type":"Feature","properties":{"class":"alley","highway":"service","sidewalk":"unknown","lanes":0,"name":"","oneway":false},"geometry":{"type":"LineString","coordinates":[[126.85062,37.55535],[126.85117,37.55515]]}},{"type":"Feature","properties":{"class":"alley","highway":"service","sidewalk":"unknown","lanes":0,"name":"","oneway":false},"geometry":{"type":"LineString","coordinates":[[126.84606,37.5565],[126.84665,37.55668],[126.84692,37.55642],[126.84707,37.55632],[126.8472,37.55632],[126.84748,37.55639],[126.84773,37.55617],[126.8479,37.55602],[126.84819,37.5561],[126.84875,37.55625],[126.84955,37.55647],[126.8497,37.55656],[126.8498,37.55674]]}},{"type":"Feature","properties":{"class":"alley","highway":"service","sidewalk":"unknown","lanes":0,"name":"","oneway":false},"geometry":{"type":"LineString","coordinates":[[126.84875,37.55625],[126.84889,37.55586],[126.84892,37.55578],[126.84899,37.55562],[126.84907,37.55545],[126.84913,37.55532],[126.84916,37.55527],[126.8494,37.55498],[126.8495,37.55485],[126.84942,37.55472],[126.84936,37.55461]]}},{"type":"Feature","properties":{"class":"alley","highway":"service","sidewalk":"unknown","lanes":0,"name":"","oneway":false},"geometry":{"type":"LineString","coordinates":[[126.84899,37.55562],[126.84925,37.55571],[126.84957,37.5556]]}},{"type":"Feature","properties":{"class":"alley","highway":"service","sidewalk":"unknown","lanes":0,"name":"","oneway":false},"geometry":{"type":"LineString","coordinates":[[126.8495,37.55485],[126.84971,37.5549],[126.85,37.55481]]}},{"type":"Feature","properties":{"class":"alley","highway":"service","sidewalk":"unknown","lanes":0,"name":"","oneway":false},"geometry":{"type":"LineString","coordinates":[[126.84955,37.55647],[126.8496,37.55634],[126.84996,37.55621]]}},{"type":"Feature","properties":{"class":"alley","highway":"service","sidewalk":"unknown","lanes":0,"name":"","oneway":false},"geometry":{"type":"LineString","coordinates":[[126.85,37.55481],[126.85008,37.5548],[126.85016,37.55482],[126.85023,37.55495]]}},{"type":"Feature","properties":{"class":"alley","highway":"service","sidewalk":"unknown","lanes":0,"name":"","oneway":false},"geometry":{"type":"LineString","coordinates":[[126.84916,37.55527],[126.84897,37.5552]]}},{"type":"Feature","properties":{"class":"alley","highway":"service","sidewalk":"unknown","lanes":0,"name":"","oneway":false},"geometry":{"type":"LineString","coordinates":[[126.84957,37.5556],[126.84963,37.55559],[126.84969,37.55561],[126.84972,37.55566]]}},{"type":"Feature","properties":{"class":"alley","highway":"service","sidewalk":"unknown","lanes":0,"name":"","oneway":false},"geometry":{"type":"LineString","coordinates":[[126.8479,37.55602],[126.84784,37.55598],[126.84773,37.55595]]}},{"type":"Feature","properties":{"class":"alley","highway":"service","sidewalk":"unknown","lanes":0,"name":"","oneway":false},"geometry":{"type":"LineString","coordinates":[[126.84606,37.5565],[126.84599,37.55649],[126.84593,37.55652],[126.8459,37.55658]]}},{"type":"Feature","properties":{"class":"alley","highway":"service","sidewalk":"unknown","lanes":0,"name":"","oneway":false},"geometry":{"type":"LineString","coordinates":[[126.84988,37.55689],[126.84984,37.5568],[126.8498,37.55674]]}},{"type":"Feature","properties":{"class":"alley","highway":"service","sidewalk":"unknown","lanes":0,"name":"","oneway":false},"geometry":{"type":"LineString","coordinates":[[126.84743,37.55324],[126.84743,37.55335],[126.84757,37.55357],[126.8478,37.55394],[126.84797,37.55423],[126.84791,37.55434],[126.84752,37.55446],[126.84741,37.55459]]}},{"type":"Feature","properties":{"class":"alley","highway":"service","sidewalk":"unknown","lanes":0,"name":"","oneway":false},"geometry":{"type":"LineString","coordinates":[[126.8478,37.55394],[126.84736,37.55409]]}},{"type":"Feature","properties":{"class":"alley","highway":"service","sidewalk":"unknown","lanes":0,"name":"","oneway":false},"geometry":{"type":"LineString","coordinates":[[126.84757,37.55357],[126.84717,37.5537],[126.84713,37.55371],[126.84697,37.55368],[126.84686,37.55363]]}},{"type":"Feature","properties":{"class":"alley","highway":"service","sidewalk":"unknown","lanes":0,"name":"","oneway":false},"geometry":{"type":"LineString","coordinates":[[126.84791,37.55385],[126.8478,37.55389]]}},{"type":"Feature","properties":{"class":"alley","highway":"service","sidewalk":"unknown","lanes":0,"name":"","oneway":false},"geometry":{"type":"LineString","coordinates":[[126.85097,37.55448],[126.85111,37.55474]]}},{"type":"Feature","properties":{"class":"minor","highway":"residential","sidewalk":"unknown","lanes":0,"name":"우장산로15길","oneway":false},"geometry":{"type":"LineString","coordinates":[[126.85047,37.55508],[126.85101,37.55488]]}},{"type":"Feature","properties":{"class":"alley","highway":"service","sidewalk":"unknown","lanes":0,"name":"","oneway":false},"geometry":{"type":"LineString","coordinates":[[126.85072,37.55436],[126.85055,37.55442]]}},{"type":"Feature","properties":{"class":"alley","highway":"service","sidewalk":"unknown","lanes":0,"name":"","oneway":false},"geometry":{"type":"LineString","coordinates":[[126.85026,37.5547],[126.85039,37.55466]]}},{"type":"Feature","properties":{"class":"minor","highway":"residential","sidewalk":"unknown","lanes":0,"name":"화곡로59길","oneway":false},"geometry":{"type":"LineString","coordinates":[[126.84818,37.55375],[126.84838,37.55409]]}},{"type":"Feature","properties":{"class":"alley","highway":"service","sidewalk":"unknown","lanes":0,"name":"","oneway":false},"geometry":{"type":"LineString","coordinates":[[126.84743,37.55992],[126.84735,37.55992],[126.8472,37.55998]]}},{"type":"Feature","properties":{"class":"alley","highway":"service","sidewalk":"unknown","lanes":0,"name":"","oneway":false},"geometry":{"type":"LineString","coordinates":[[126.84712,37.55948],[126.84691,37.55957]]}},{"type":"Feature","properties":{"class":"alley","highway":"service","sidewalk":"unknown","lanes":0,"name":"","oneway":false},"geometry":{"type":"LineString","coordinates":[[126.84879,37.55938],[126.84899,37.5593],[126.84903,37.55927],[126.84904,37.55924]]}},{"type":"Feature","properties":{"class":"alley","highway":"service","sidewalk":"unknown","lanes":0,"name":"","oneway":false},"geometry":{"type":"LineString","coordinates":[[126.84693,37.55302],[126.84713,37.55266],[126.84635,37.5524],[126.84583,37.55224],[126.84594,37.55195]]}},{"type":"Feature","properties":{"class":"alley","highway":"service","sidewalk":"unknown","lanes":0,"name":"","oneway":false},"geometry":{"type":"LineString","coordinates":[[126.84618,37.55275],[126.84635,37.5524]]}},{"type":"Feature","properties":{"class":"alley","highway":"service","sidewalk":"unknown","lanes":0,"name":"","oneway":false},"geometry":{"type":"LineString","coordinates":[[126.84713,37.55266],[126.84716,37.5526],[126.84717,37.55252]]}},{"type":"Feature","properties":{"class":"alley","highway":"service","sidewalk":"unknown","lanes":0,"name":"","oneway":false},"geometry":{"type":"LineString","coordinates":[[126.83999,37.54551],[126.84013,37.5452],[126.84013,37.54493]]}},{"type":"Feature","properties":{"class":"alley","highway":"service","sidewalk":"unknown","lanes":0,"name":"","oneway":false},"geometry":{"type":"LineString","coordinates":[[126.84103,37.54541],[126.84098,37.54527],[126.84085,37.54511],[126.84072,37.54501],[126.84058,37.54496],[126.84033,37.54493],[126.84013,37.54493]]}},{"type":"Feature","properties":{"class":"alley","highway":"service","sidewalk":"unknown","lanes":0,"name":"","oneway":false},"geometry":{"type":"LineString","coordinates":[[126.84163,37.55501],[126.84143,37.55503],[126.84129,37.55503],[126.84122,37.55499]]}},{"type":"Feature","properties":{"class":"alley","highway":"service","sidewalk":"unknown","lanes":0,"name":"","oneway":false},"geometry":{"type":"LineString","coordinates":[[126.84024,37.55569],[126.84021,37.55552],[126.8402,37.55543],[126.83971,37.55549],[126.83974,37.55563]]}},{"type":"Feature","properties":{"class":"alley","highway":"service","sidewalk":"unknown","lanes":0,"name":"","oneway":false},"geometry":{"type":"LineString","coordinates":[[126.84108,37.5556],[126.84105,37.55543],[126.84104,37.55534],[126.84055,37.5554],[126.84057,37.55554]]}},{"type":"Feature","properties":{"class":"alley","highway":"service","sidewalk":"unknown","lanes":0,"name":"","oneway":false},"geometry":{"type":"LineString","coordinates":[[126.84021,37.55552],[126.83994,37.55555]]}},{"type":"Feature","properties":{"class":"alley","highway":"service","sidewalk":"unknown","lanes":0,"name":"","oneway":false},"geometry":{"type":"LineString","coordinates":[[126.84105,37.55543],[126.84076,37.55547]]}},{"type":"Feature","properties":{"class":"alley","highway":"service","sidewalk":"unknown","lanes":0,"name":"","oneway":false},"geometry":{"type":"LineString","coordinates":[[126.84142,37.55669],[126.84147,37.55703]]}},{"type":"Feature","properties":{"class":"alley","highway":"service","sidewalk":"unknown","lanes":0,"name":"","oneway":false},"geometry":{"type":"LineString","coordinates":[[126.84147,37.55703],[126.84063,37.55712],[126.83941,37.55725],[126.83865,37.55733]]}},{"type":"Feature","properties":{"class":"alley","highway":"service","sidewalk":"unknown","lanes":0,"name":"","oneway":false},"geometry":{"type":"LineString","coordinates":[[126.8404,37.55679],[126.84038,37.55667],[126.84036,37.55655],[126.83989,37.5566]]}},{"type":"Feature","properties":{"class":"alley","highway":"service","sidewalk":"unknown","lanes":0,"name":"","oneway":false},"geometry":{"type":"LineString","coordinates":[[126.84126,37.5567],[126.84125,37.55658],[126.84123,37.55647],[126.84072,37.55652],[126.84075,37.55667]]}},{"type":"Feature","properties":{"class":"alley","highway":"service","sidewalk":"unknown","lanes":0,"name":"","oneway":false},"geometry":{"type":"LineString","coordinates":[[126.84038,37.55667],[126.8401,37.5567]]}},{"type":"Feature","properties":{"class":"alley","highway":"service","sidewalk":"unknown","lanes":0,"name":"","oneway":false},"geometry":{"type":"LineString","coordinates":[[126.84125,37.55658],[126.84098,37.55661]]}},{"type":"Feature","properties":{"class":"alley","highway":"service","sidewalk":"unknown","lanes":0,"name":"","oneway":false},"geometry":{"type":"LineString","coordinates":[[126.84332,37.55621],[126.84281,37.55632]]}},{"type":"Feature","properties":{"class":"alley","highway":"service","sidewalk":"unknown","lanes":0,"name":"","oneway":false},"geometry":{"type":"LineString","coordinates":[[126.84263,37.55636],[126.84266,37.55658],[126.8427,37.55677]]}},{"type":"Feature","properties":{"class":"alley","highway":"service","sidewalk":"unknown","lanes":0,"name":"","oneway":false},"geometry":{"type":"LineString","coordinates":[[126.84252,37.55508],[126.84287,37.55489],[126.84274,37.55472],[126.84263,37.55457],[126.84278,37.55449],[126.84291,37.55463],[126.84274,37.55472]]}},{"type":"Feature","properties":{"class":"minor","highway":"residential","sidewalk":"unknown","lanes":0,"name":"공항대로42길","oneway":false},"geometry":{"type":"LineString","coordinates":[[126.84295,37.5556],[126.8433,37.55557],[126.84347,37.55556],[126.8436,37.55558],[126.84367,37.55563],[126.84376,37.55586],[126.84381,37.55599]]}},{"type":"Feature","properties":{"class":"minor","highway":"residential","sidewalk":"unknown","lanes":0,"name":"공항대로42길","oneway":false},"geometry":{"type":"LineString","coordinates":[[126.84321,37.55597],[126.84376,37.55586]]}},{"type":"Feature","properties":{"class":"minor","highway":"residential","sidewalk":"unknown","lanes":0,"name":"공항대로42길","oneway":false},"geometry":{"type":"LineString","coordinates":[[126.84354,37.55681],[126.84375,37.55667],[126.84396,37.55653],[126.84398,37.55648],[126.84396,37.55641],[126.84394,37.55633],[126.84395,37.55625],[126.844,37.5562],[126.84404,37.55621],[126.84408,37.55627],[126.84406,37.55643],[126.84408,37.55649],[126.84414,37.55656],[126.8443,37.5567]]}},{"type":"Feature","properties":{"class":"alley","highway":"service","sidewalk":"unknown","lanes":0,"name":"","oneway":false},"geometry":{"type":"LineString","coordinates":[[126.8433,37.55557],[126.84329,37.55541],[126.84322,37.55533],[126.84316,37.55526],[126.84312,37.55521]]}},{"type":"Feature","properties":{"class":"alley","highway":"service","sidewalk":"unknown","lanes":0,"name":"","oneway":false},"geometry":{"type":"LineString","coordinates":[[126.84322,37.55533],[126.84322,37.55516]]}},{"type":"Feature","properties":{"class":"alley","highway":"service","sidewalk":"unknown","lanes":0,"name":"","oneway":false},"geometry":{"type":"LineString","coordinates":[[126.85378,37.55992],[126.85403,37.55983],[126.85387,37.55955]]}},{"type":"Feature","properties":{"class":"alley","highway":"service","sidewalk":"unknown","lanes":0,"name":"","oneway":false},"geometry":{"type":"LineString","coordinates":[[126.85741,37.55988],[126.85751,37.55997],[126.8577,37.5602],[126.85784,37.56035]]}},{"type":"Feature","properties":{"class":"alley","highway":"service","sidewalk":"unknown","lanes":0,"name":"","oneway":false},"geometry":{"type":"LineString","coordinates":[[126.85473,37.55933],[126.85486,37.55957]]}},{"type":"Feature","properties":{"class":"alley","highway":"service","sidewalk":"unknown","lanes":0,"name":"","oneway":false},"geometry":{"type":"LineString","coordinates":[[126.85531,37.55912],[126.85536,37.55922]]}},{"type":"Feature","properties":{"class":"alley","highway":"service","sidewalk":"unknown","lanes":0,"name":"","oneway":false},"geometry":{"type":"LineString","coordinates":[[126.85464,37.56007],[126.85478,37.56002],[126.85492,37.55997]]}},{"type":"Feature","properties":{"class":"alley","highway":"service","sidewalk":"unknown","lanes":0,"name":"","oneway":false},"geometry":{"type":"LineString","coordinates":[[126.85655,37.55791],[126.85628,37.55799]]}},{"type":"Feature","properties":{"class":"alley","highway":"service","sidewalk":"unknown","lanes":0,"name":"","oneway":false},"geometry":{"type":"LineString","coordinates":[[126.8564,37.55915],[126.85602,37.55927],[126.85612,37.55944],[126.85649,37.55932]]}},{"type":"Feature","properties":{"class":"alley","highway":"service","sidewalk":"unknown","lanes":0,"name":"","oneway":false},"geometry":{"type":"LineString","coordinates":[[126.85645,37.55924],[126.85615,37.55934]]}},{"type":"Feature","properties":{"class":"alley","highway":"service","sidewalk":"unknown","lanes":0,"name":"","oneway":false},"geometry":{"type":"LineString","coordinates":[[126.85674,37.55907],[126.85685,37.55928],[126.85717,37.55916],[126.85711,37.55905],[126.85714,37.55896],[126.85745,37.55878]]}},{"type":"Feature","properties":{"class":"alley","highway":"service","sidewalk":"unknown","lanes":0,"name":"","oneway":false},"geometry":{"type":"LineString","coordinates":[[126.85674,37.55907],[126.85683,37.55905]]}},{"type":"Feature","properties":{"class":"alley","highway":"service","sidewalk":"unknown","lanes":0,"name":"","oneway":false},"geometry":{"type":"LineString","coordinates":[[126.85749,37.55983],[126.85711,37.55942],[126.85702,37.55947]]}},{"type":"Feature","properties":{"class":"alley","highway":"service","sidewalk":"unknown","lanes":0,"name":"","oneway":false},"geometry":{"type":"LineString","coordinates":[[126.85769,37.55902],[126.85737,37.55923]]}},{"type":"Feature","properties":{"class":"alley","highway":"service","sidewalk":"unknown","lanes":0,"name":"","oneway":false},"geometry":{"type":"LineString","coordinates":[[126.85941,37.55816],[126.85933,37.55821],[126.85926,37.55824],[126.85863,37.55859]]}},{"type":"Feature","properties":{"class":"alley","highway":"service","sidewalk":"unknown","lanes":0,"name":"","oneway":false},"geometry":{"type":"LineString","coordinates":[[126.85926,37.55824],[126.85937,37.55838]]}},{"type":"Feature","properties":{"class":"alley","highway":"service","sidewalk":"unknown","lanes":0,"name":"","oneway":false},"geometry":{"type":"LineString","coordinates":[[126.85964,37.54431],[126.8593,37.54418],[126.85925,37.54426],[126.85928,37.54433],[126.85936,37.54436]]}},{"type":"Feature","properties":{"class":"alley","highway":"service","sidewalk":"unknown","lanes":0,"name":"","oneway":false},"geometry":{"type":"LineString","coordinates":[[126.85986,37.54396],[126.85952,37.54383]]}},{"type":"Feature","properties":{"class":"alley","highway":"service","sidewalk":"unknown","lanes":0,"name":"","oneway":false},"geometry":{"type":"LineString","coordinates":[[126.84355,37.54778],[126.84347,37.54782]]}},{"type":"Feature","properties":{"class":"alley","highway":"service","sidewalk":"unknown","lanes":0,"name":"","oneway":false},"geometry":{"type":"LineString","coordinates":[[126.84452,37.55736],[126.84445,37.55718]]}},{"type":"Feature","properties":{"class":"alley","highway":"service","sidewalk":"unknown","lanes":0,"name":"","oneway":false},"geometry":{"type":"LineString","coordinates":[[126.84448,37.55737],[126.84451,37.55744],[126.8444,37.55748]]}},{"type":"Feature","properties":{"class":"alley","highway":"service","sidewalk":"unknown","lanes":0,"name":"","oneway":false},"geometry":{"type":"LineString","coordinates":[[126.84377,37.55723],[126.84402,37.5571]]}},{"type":"Feature","properties":{"class":"alley","highway":"service","sidewalk":"unknown","lanes":0,"name":"","oneway":false},"geometry":{"type":"LineString","coordinates":[[126.84266,37.55658],[126.84275,37.55657]]}},{"type":"Feature","properties":{"class":"alley","highway":"service","sidewalk":"unknown","lanes":0,"name":"","oneway":false},"geometry":{"type":"LineString","coordinates":[[126.84278,37.55449],[126.84293,37.5545]]}},{"type":"Feature","properties":{"class":"alley","highway":"service","sidewalk":"unknown","lanes":0,"name":"","oneway":false},"geometry":{"type":"LineString","coordinates":[[126.84058,37.55408],[126.84129,37.55393]]}},{"type":"Feature","properties":{"class":"alley","highway":"service","sidewalk":"unknown","lanes":0,"name":"","oneway":false},"geometry":{"type":"LineString","coordinates":[[126.84102,37.55441],[126.84099,37.55429],[126.8409,37.5543]]}},{"type":"Feature","properties":{"class":"alley","highway":"service","sidewalk":"unknown","lanes":0,"name":"","oneway":false},"geometry":{"type":"LineString","coordinates":[[126.84267,37.55635],[126.84263,37.55636],[126.84249,37.55638]]}},{"type":"Feature","properties":{"class":"alley","highway":"service","sidewalk":"unknown","lanes":0,"name":"","oneway":false},"geometry":{"type":"LineString","coordinates":[[126.84281,37.55632],[126.84267,37.55635]]}},{"type":"Feature","properties":{"class":"alley","highway":"service","sidewalk":"unknown","lanes":0,"name":"","oneway":false},"geometry":{"type":"LineString","coordinates":[[126.84044,37.55373],[126.84017,37.55379]]}},{"type":"Feature","properties":{"class":"minor","highway":"residential","sidewalk":"unknown","lanes":0,"name":"","oneway":false},"geometry":{"type":"LineString","coordinates":[[126.84334,37.5563],[126.84354,37.55626],[126.84369,37.55627]]}},{"type":"Feature","properties":{"class":"alley","highway":"service","sidewalk":"unknown","lanes":0,"name":"","oneway":false},"geometry":{"type":"LineString","coordinates":[[126.84007,37.5429],[126.83986,37.54275]]}},{"type":"Feature","properties":{"class":"alley","highway":"service","sidewalk":"unknown","lanes":0,"name":"","oneway":false},"geometry":{"type":"LineString","coordinates":[[126.84086,37.54434],[126.84065,37.54424],[126.84069,37.54417],[126.8408,37.54422]]}},{"type":"Feature","properties":{"class":"alley","highway":"service","sidewalk":"unknown","lanes":0,"name":"강서로34길","oneway":false},"geometry":{"type":"LineString","coordinates":[[126.84145,37.54342],[126.84123,37.54364]]}},{"type":"Feature","properties":{"class":"alley","highway":"service","sidewalk":"unknown","lanes":0,"name":"화곡로27가길","oneway":false},"geometry":{"type":"LineString","coordinates":[[126.84173,37.54375],[126.84202,37.54359],[126.8422,37.54348]]}},{"type":"Feature","properties":{"class":"alley","highway":"service","sidewalk":"unknown","lanes":0,"name":"화곡로31길","oneway":false},"geometry":{"type":"LineString","coordinates":[[126.84202,37.54359],[126.84244,37.54405]]}},{"type":"Feature","properties":{"class":"alley","highway":"service","sidewalk":"unknown","lanes":0,"name":"화곡로31길","oneway":false},"geometry":{"type":"LineString","coordinates":[[126.84283,37.54384],[126.84271,37.54368]]}},{"type":"Feature","properties":{"class":"alley","highway":"service","sidewalk":"unknown","lanes":0,"name":"","oneway":false},"geometry":{"type":"LineString","coordinates":[[126.84216,37.54344],[126.84232,37.54334]]}},{"type":"Feature","properties":{"class":"alley","highway":"service","sidewalk":"unknown","lanes":0,"name":"화곡로","oneway":false},"geometry":{"type":"LineString","coordinates":[[126.84267,37.54393],[126.84271,37.54397],[126.84321,37.544],[126.84345,37.54385]]}},{"type":"Feature","properties":{"class":"alley","highway":"service","sidewalk":"unknown","lanes":0,"name":"화곡로31길","oneway":false},"geometry":{"type":"LineString","coordinates":[[126.84251,37.54401],[126.84258,37.54409],[126.843,37.54411]]}},{"type":"Feature","properties":{"class":"alley","highway":"service","sidewalk":"unknown","lanes":0,"name":"화곡로31길","oneway":false},"geometry":{"type":"LineString","coordinates":[[126.84226,37.54415],[126.84232,37.54421],[126.84247,37.54422],[126.84245,37.54437],[126.84245,37.54441]]}},{"type":"Feature","properties":{"class":"alley","highway":"service","sidewalk":"unknown","lanes":0,"name":"화곡로","oneway":false},"geometry":{"type":"LineString","coordinates":[[126.84452,37.54528],[126.84438,37.54528],[126.84431,37.54518],[126.84421,37.54502],[126.84426,37.54494]]}},{"type":"Feature","properties":{"class":"alley","highway":"service","sidewalk":"unknown","lanes":0,"name":"우현로","oneway":false},"geometry":{"type":"LineString","coordinates":[[126.84442,37.54688],[126.84433,37.54675],[126.84426,37.54672],[126.84409,37.54683],[126.84328,37.54719]]}},{"type":"Feature","properties":{"class":"alley","highway":"service","sidewalk":"unknown","lanes":0,"name":"","oneway":false},"geometry":{"type":"LineString","coordinates":[[126.84203,37.54507],[126.84152,37.54507],[126.84145,37.54503],[126.84145,37.54498]]}},{"type":"Feature","properties":{"class":"major","highway":"primary","sidewalk":"likely","lanes":4,"name":"공항대로","oneway":true},"geometry":{"type":"LineString","coordinates":[[126.85288,37.55566],[126.85375,37.55536]]}},{"type":"Feature","properties":{"class":"major","highway":"primary","sidewalk":"likely","lanes":4,"name":"공항대로","oneway":true},"geometry":{"type":"LineString","coordinates":[[126.85375,37.55536],[126.85396,37.55529],[126.85456,37.55506],[126.85472,37.55505]]}},{"type":"Feature","properties":{"class":"major","highway":"primary","sidewalk":"likely","lanes":4,"name":"공항대로","oneway":true},"geometry":{"type":"LineString","coordinates":[[126.85481,37.55518],[126.85467,37.55524],[126.85406,37.55545]]}},{"type":"Feature","properties":{"class":"major","highway":"primary","sidewalk":"likely","lanes":4,"name":"공항대로","oneway":true},"geometry":{"type":"LineString","coordinates":[[126.8523,37.55586],[126.85256,37.55577],[126.85273,37.55571],[126.85288,37.55566]]}},{"type":"Feature","properties":{"class":"major","highway":"primary","sidewalk":"likely","lanes":4,"name":"공항대로","oneway":true},"geometry":{"type":"LineString","coordinates":[[126.86069,37.55305],[126.86044,37.55316],[126.85939,37.55356],[126.85837,37.55392],[126.85728,37.5543]]}},{"type":"Feature","properties":{"class":"alley","highway":"service","sidewalk":"unknown","lanes":0,"name":"","oneway":false},"geometry":{"type":"LineString","coordinates":[[126.85969,37.54605],[126.8596,37.54617],[126.85946,37.54636],[126.85937,37.54649]]}},{"type":"Feature","properties":{"class":"alley","highway":"service","sidewalk":"unknown","lanes":0,"name":"","oneway":false},"geometry":{"type":"LineString","coordinates":[[126.85057,37.55936],[126.85058,37.55938]]}}]}