{"type":"FeatureCollection","features":[{"type":"Feature","properties":{"class":"minor","highway":"residential","sidewalk":"unknown","lanes":0,"name":"백범로79길","oneway":false},"geometry":{"type":"LineString","coordinates":[[126.96491,37.54348],[126.96483,37.54335],[126.96465,37.54312],[126.96458,37.54292],[126.96469,37.54247],[126.96484,37.54174],[126.9649,37.5414],[126.96484,37.54119],[126.96475,37.54086],[126.96435,37.54035],[126.96421,37.54011],[126.96416,37.53996],[126.96416,37.5395],[126.96432,37.53919],[126.96437,37.53895],[126.9644,37.53885]]}},{"type":"Feature","properties":{"class":"minor","highway":"residential","sidewalk":"unknown","lanes":0,"name":"백범로79나길","oneway":false},"geometry":{"type":"LineString","coordinates":[[126.96619,37.54041],[126.96608,37.54057],[126.96588,37.5407],[126.96559,37.54082],[126.96475,37.54086]]}},{"type":"Feature","properties":{"class":"minor","highway":"residential","sidewalk":"unknown","lanes":0,"name":"백범로79다길","oneway":false},"geometry":{"type":"LineString","coordinates":[[126.96663,37.54138],[126.96573,37.54139],[126.9649,37.5414]]}},{"type":"Feature","properties":{"class":"minor","highway":"residential","sidewalk":"unknown","lanes":0,"name":"효창원로62길","oneway":false},"geometry":{"type":"LineString","coordinates":[[126.96179,37.5396],[126.96222,37.53967],[126.96235,37.53969],[126.96245,37.53974],[126.96251,37.54],[126.96254,37.54023]]}},{"type":"Feature","properties":{"class":"minor","highway":"residential","sidewalk":"unknown","lanes":0,"name":"백범로47길","oneway":false},"geometry":{"type":"LineString","coordinates":[[126.96083,37.54211],[126.96077,37.54208],[126.96062,37.54203],[126.96027,37.54188],[126.95992,37.54176],[126.95982,37.54168],[126.95976,37.54161],[126.95971,37.54155],[126.9597,37.54135],[126.95975,37.54124],[126.95975,37.54119],[126.95973,37.54114],[126.95967,37.54111],[126.95816,37.54077]]}},{"type":"Feature","properties":{"class":"minor","highway":"residential","sidewalk":"unknown","lanes":0,"name":"효창원로64길","oneway":false},"geometry":{"type":"LineString","coordinates":[[126.96347,37.54044],[126.96334,37.54091]]}},{"type":"Feature","properties":{"class":"minor","highway":"residential","sidewalk":"unknown","lanes":0,"name":"효창원로64길","oneway":false},"geometry":{"type":"LineString","coordinates":[[126.96428,37.5406],[126.96418,37.54108]]}},{"type":"Feature","properties":{"class":"minor","highway":"residential","sidewalk":"unknown","lanes":0,"name":"효창원로64길","oneway":false},"geometry":{"type":"LineString","coordinates":[[126.96254,37.54023],[126.963,37.54033],[126.96347,37.54044],[126.96382,37.54052]]}},{"type":"Feature","properties":{"class":"minor","highway":"residential","sidewalk":"unknown","lanes":0,"name":"효창원로69길","oneway":false},"geometry":{"type":"LineString","coordinates":[[126.96213,37.54144],[126.96181,37.54154],[126.96166,37.54162],[126.96154,37.54176],[126.96149,37.5418],[126.96141,37.54185],[126.96116,37.54196],[126.96083,37.54211],[126.96078,37.54213],[126.96075,37.54215],[126.96055,37.54227],[126.96029,37.54243],[126.96009,37.54256],[126.95976,37.54277],[126.95947,37.54277]]}},{"type":"Feature","properties":{"class":"major","highway":"tertiary","sidewalk":"likely","lanes":0,"name":"임정로","oneway":false},"geometry":{"type":"LineString","coordinates":[[126.96327,37.54664],[126.96309,37.54664],[126.96287,37.54668],[126.96226,37.54675],[126.96211,37.54677],[126.96187,37.54679],[126.96159,37.54684]]}},{"type":"Feature","properties":{"class":"minor","highway":"residential","sidewalk":"unknown","lanes":0,"name":"효창원로70길","oneway":false},"geometry":{"type":"LineString","coordinates":[[126.96469,37.54247],[126.96411,37.54225],[126.96406,37.5419],[126.96398,37.54185],[126.96354,37.54175],[126.96311,37.54166],[126.96265,37.54161],[126.96214,37.5415]]}},{"type":"Feature","properties":{"class":"minor","highway":"residential","sidewalk":"unknown","lanes":0,"name":"효창원로64길","oneway":false},"geometry":{"type":"LineString","coordinates":[[126.96382,37.54052],[126.96373,37.54098]]}},{"type":"Feature","properties":{"class":"minor","highway":"residential","sidewalk":"unknown","lanes":0,"name":"효창원로64길","oneway":false},"geometry":{"type":"LineString","coordinates":[[126.96307,37.54011],[126.963,37.54033],[126.96286,37.54082]]}},{"type":"Feature","properties":{"class":"minor","highway":"residential","sidewalk":"unknown","lanes":0,"name":"원효로77길","oneway":false},"geometry":{"type":"LineString","coordinates":[[126.96694,37.53845],[126.96609,37.53886],[126.96561,37.53908],[126.96525,37.53936],[126.96495,37.53958],[126.96468,37.53977],[126.96421,37.54011]]}},{"type":"Feature","properties":{"class":"minor","highway":"residential","sidewalk":"unknown","lanes":0,"name":"백범로79나길","oneway":false},"geometry":{"type":"LineString","coordinates":[[126.96573,37.54139],[126.96559,37.54082]]}},{"type":"Feature","properties":{"class":"minor","highway":"residential","sidewalk":"unknown","lanes":0,"name":"청파로47길","oneway":false},"geometry":{"type":"LineString","coordinates":[[126.96356,37.54498],[126.9636,37.54498],[126.96466,37.54515],[126.96486,37.54515],[126.96499,37.54516],[126.9653,37.54516],[126.9655,37.54512],[126.96598,37.54503],[126.966,37.54503],[126.96668,37.54491],[126.96673,37.5449],[126.96693,37.54487],[126.96734,37.54478],[126.96747,37.54476],[126.96781,37.5447]]}},{"type":"Feature","properties":{"class":"major","highway":"tertiary","sidewalk":"likely","lanes":0,"name":"손기정로","oneway":false},"geometry":{"type":"LineString","coordinates":[[126.9604,37.5579],[126.96047,37.55784]]}},{"type":"Feature","properties":{"class":"alley","highway":"service","sidewalk":"unknown","lanes":0,"name":"","oneway":false},"geometry":{"type":"LineString","coordinates":[[126.96345,37.55565],[126.96354,37.5557],[126.96356,37.55572],[126.96372,37.55581],[126.96394,37.55581],[126.96414,37.55597],[126.96438,37.55605],[126.96491,37.55636],[126.96518,37.55637],[126.96525,37.55639],[126.96528,37.55641],[126.96528,37.55643],[126.96527,37.55652],[126.96519,37.55656],[126.96482,37.55657],[126.96452,37.5566],[126.96447,37.55665],[126.96414,37.55666],[126.96405,37.55665],[126.96356,37.55668]]}},{"type":"Feature","properties":{"class":"minor","highway":"residential","sidewalk":"unknown","lanes":0,"name":"효창목길","oneway":false},"geometry":{"type":"LineString","coordinates":[[126.96159,37.54684],[126.96117,37.54706],[126.96109,37.54709],[126.96108,37.5471],[126.96068,37.54727]]}},{"type":"Feature","properties":{"class":"minor","highway":"residential","sidewalk":"unknown","lanes":0,"name":"효창목4길","oneway":false},"geometry":{"type":"LineString","coordinates":[[126.95918,37.54727],[126.95989,37.54727],[126.95997,37.54726],[126.96046,37.54726],[126.96068,37.54727]]}},{"type":"Feature","properties":{"class":"minor","highway":"residential","sidewalk":"unknown","lanes":0,"name":"환일길","oneway":false},"geometry":{"type":"LineString","coordinates":[[126.96047,37.55784],[126.96007,37.55731],[126.95996,37.55708],[126.95993,37.55684],[126.95991,37.55666],[126.95994,37.55656],[126.96048,37.55611],[126.96059,37.55602],[126.96063,37.55596],[126.96071,37.55586],[126.96073,37.55576],[126.96078,37.55542],[126.96081,37.55525],[126.96085,37.55495],[126.96092,37.55437],[126.96093,37.55434],[126.96096,37.5542],[126.96097,37.55416],[126.9611,37.55366],[126.96114,37.55357],[126.96126,37.55328],[126.96139,37.55306],[126.96146,37.55293],[126.9616,37.55267],[126.9616,37.55266],[126.96169,37.55249],[126.96176,37.55239],[126.96179,37.55237],[126.96182,37.55233],[126.9619,37.55227],[126.96196,37.55221],[126.96205,37.55211],[126.9621,37.55201],[126.96214,37.55188],[126.96224,37.55175],[126.96234,37.55164],[126.96246,37.55155],[126.96253,37.5515]]}},{"type":"Feature","properties":{"class":"minor","highway":"residential","sidewalk":"unknown","lanes":0,"name":"손기정로6길","oneway":false},"geometry":{"type":"LineString","coordinates":[[126.96093,37.55644],[126.96103,37.55651],[126.96126,37.55669],[126.96159,37.55694]]}},{"type":"Feature","properties":{"class":"minor","highway":"residential","sidewalk":"unknown","lanes":0,"name":"서소문로6길","oneway":false},"geometry":{"type":"LineString","coordinates":[[126.96831,37.55988],[126.96774,37.55972],[126.96742,37.55967],[126.96703,37.55965],[126.96663,37.5597],[126.96621,37.55983],[126.96602,37.56002],[126.96583,37.56021],[126.96571,37.56033],[126.96561,37.56042]]}},{"type":"Feature","properties":{"class":"minor","highway":"residential","sidewalk":"unknown","lanes":0,"name":"청파로89길","oneway":false},"geometry":{"type":"LineString","coordinates":[[126.96527,37.55376],[126.9656,37.55346],[126.96566,37.5534],[126.9657,37.55336],[126.96611,37.55321],[126.96629,37.5532]]}},{"type":"Feature","properties":{"class":"minor","highway":"residential","sidewalk":"unknown","lanes":0,"name":"청파로71길","oneway":false},"geometry":{"type":"LineString","coordinates":[[126.96504,37.54929],[126.96572,37.54927],[126.96619,37.54925],[126.96646,37.54928],[126.96682,37.54931],[126.96689,37.54932],[126.96732,37.54938],[126.96737,37.54939],[126.96776,37.54945],[126.9681,37.54973]]}},{"type":"Feature","properties":{"class":"minor","highway":"residential","sidewalk":"unknown","lanes":0,"name":"청파로93길","oneway":false},"geometry":{"type":"LineString","coordinates":[[126.9656,37.55346],[126.96602,37.55375],[126.96621,37.55372],[126.96642,37.55378],[126.96665,37.55382],[126.96704,37.5539],[126.96757,37.55414],[126.96768,37.55418],[126.96788,37.55426],[126.96793,37.55428],[126.96806,37.55433],[126.96857,37.55435],[126.96864,37.55435],[126.96893,37.55435],[126.969,37.55435]]}},{"type":"Feature","properties":{"class":"minor","highway":"residential","sidewalk":"unknown","lanes":0,"name":"효창원로98길","oneway":false},"geometry":{"type":"LineString","coordinates":[[126.96356,37.54968],[126.96383,37.54965],[126.96387,37.54964],[126.96419,37.5495],[126.96432,37.54939],[126.96437,37.54935],[126.96453,37.54923],[126.96461,37.54915],[126.96472,37.54905],[126.96477,37.54901],[126.96502,37.54896],[126.96527,37.54897],[126.96546,37.54897],[126.96548,37.54897],[126.96562,37.54894],[126.96583,37.54889],[126.96585,37.54888],[126.96618,37.54886]]}},{"type":"Feature","properties":{"class":"major","highway":"tertiary","sidewalk":"likely","lanes":0,"name":"효창원로","oneway":true},"geometry":{"type":"LineString","coordinates":[[126.9623,37.5437],[126.96212,37.54404],[126.96194,37.54421],[126.96172,37.54439],[126.96141,37.54451],[126.9613,37.54455],[126.96104,37.54456],[126.96087,37.54456],[126.96076,37.54453],[126.96068,37.5445],[126.96055,37.54442],[126.96033,37.54426],[126.96018,37.54408],[126.96013,37.54393],[126.96011,37.54379],[126.96023,37.54336]]}},{"type":"Feature","properties":{"class":"alley","highway":"service","sidewalk":"unknown","lanes":0,"name":"","oneway":false},"geometry":{"type":"LineString","coordinates":[[126.96045,37.54481],[126.96038,37.54473],[126.96019,37.54442],[126.95972,37.5437],[126.95968,37.54356],[126.95973,37.54341],[126.95973,37.54339]]}},{"type":"Feature","properties":{"class":"minor","highway":"residential","sidewalk":"unknown","lanes":0,"name":"손기정로5길","oneway":false},"geometry":{"type":"LineString","coordinates":[[126.96181,37.55758],[126.96209,37.55759],[126.96221,37.55759],[126.9625,37.55757],[126.96253,37.55758],[126.96268,37.55759],[126.96312,37.55761]]}},{"type":"Feature","properties":{"class":"minor","highway":"residential","sidewalk":"unknown","lanes":0,"name":"환일8길","oneway":false},"geometry":{"type":"LineString","coordinates":[[126.96038,37.55328],[126.96061,37.55337],[126.96114,37.55357]]}},{"type":"Feature","properties":{"class":"alley","highway":"service","sidewalk":"unknown","lanes":0,"name":"손기정로5길","oneway":false},"geometry":{"type":"LineString","coordinates":[[126.96268,37.55759],[126.96268,37.55734]]}},{"type":"Feature","properties":{"class":"minor","highway":"residential","sidewalk":"unknown","lanes":0,"name":"손기정로4길","oneway":false},"geometry":{"type":"LineString","coordinates":[[126.96105,37.55738],[126.96041,37.55696]]}},{"type":"Feature","properties":{"class":"minor","highway":"residential","sidewalk":"unknown","lanes":0,"name":"마포대로24길","oneway":false},"geometry":{"type":"LineString","coordinates":[[126.96063,37.55307],[126.96126,37.55328]]}},{"type":"Feature","properties":{"class":"minor","highway":"residential","sidewalk":"unknown","lanes":0,"name":"마포대로24안길","oneway":false},"geometry":{"type":"LineString","coordinates":[[126.96013,37.55437],[126.96054,37.55398]]}},{"type":"Feature","properties":{"class":"minor","highway":"residential","sidewalk":"unknown","lanes":0,"name":"서소문로2길","oneway":false},"geometry":{"type":"LineString","coordinates":[[126.96283,37.55843],[126.96299,37.55828],[126.96313,37.55824],[126.96313,37.55818],[126.96312,37.55761]]}},{"type":"Feature","properties":{"class":"minor","highway":"residential","sidewalk":"unknown","lanes":0,"name":"손기정로4안길","oneway":false},"geometry":{"type":"LineString","coordinates":[[126.96103,37.55651],[126.96124,37.55626],[126.96142,37.55606],[126.9615,37.55592],[126.96186,37.55567]]}},{"type":"Feature","properties":{"class":"minor","highway":"residential","sidewalk":"unknown","lanes":0,"name":"손기정로3길","oneway":false},"geometry":{"type":"LineString","coordinates":[[126.96253,37.55758],[126.96255,37.55819]]}},{"type":"Feature","properties":{"class":"minor","highway":"residential","sidewalk":"unknown","lanes":0,"name":"손기정로1길","oneway":false},"geometry":{"type":"LineString","coordinates":[[126.96209,37.55759],[126.96209,37.55819],[126.96212,37.55849],[126.96216,37.55894]]}},{"type":"Feature","properties":{"class":"minor","highway":"residential","sidewalk":"unknown","lanes":0,"name":"서소문로2길","oneway":false},"geometry":{"type":"LineString","coordinates":[[126.96277,37.55903],[126.96283,37.55843]]}},{"type":"Feature","properties":{"class":"alley","highway":"service","sidewalk":"unknown","lanes":0,"name":"손기정로7길","oneway":false},"geometry":{"type":"LineString","coordinates":[[126.96174,37.55739],[126.96209,37.55735],[126.96231,37.55726],[126.96214,37.55705],[126.96209,37.55699],[126.96201,37.5569],[126.9618,37.55677]]}},{"type":"Feature","properties":{"class":"alley","highway":"service","sidewalk":"unknown","lanes":0,"name":"중림로2길","oneway":false},"geometry":{"type":"LineString","coordinates":[[126.96422,37.55846],[126.96395,37.55844],[126.96348,37.55851]]}},{"type":"Feature","properties":{"class":"minor","highway":"residential","sidewalk":"unknown","lanes":0,"name":"중림로2길","oneway":false},"geometry":{"type":"LineString","coordinates":[[126.96372,37.55759],[126.96384,37.55783],[126.96387,37.55803]]}},{"type":"Feature","properties":{"class":"minor","highway":"residential","sidewalk":"unknown","lanes":0,"name":"중림로2길","oneway":false},"geometry":{"type":"LineString","coordinates":[[126.96349,37.55761],[126.9635,37.55791],[126.96347,37.55812],[126.96348,37.55851],[126.96348,37.55862],[126.96361,37.55862],[126.96364,37.55881],[126.96366,37.5589],[126.96368,37.55901],[126.96368,37.55903],[126.9637,37.55913]]}},{"type":"Feature","properties":{"class":"minor","highway":"residential","sidewalk":"unknown","lanes":0,"name":"만리재옛길","oneway":false},"geometry":{"type":"LineString","coordinates":[[126.96156,37.55119],[126.96118,37.55151],[126.96083,37.55163],[126.96077,37.55165],[126.96007,37.5519],[126.95985,37.55191],[126.95957,37.55194],[126.95933,37.55203]]}},{"type":"Feature","properties":{"class":"minor","highway":"residential","sidewalk":"unknown","lanes":0,"name":"손기정로4길","oneway":false},"geometry":{"type":"LineString","coordinates":[[126.96143,37.55551],[126.96133,37.55572],[126.96127,37.55584],[126.9612,37.55597],[126.96081,37.55635]]}},{"type":"Feature","properties":{"class":"minor","highway":"residential","sidewalk":"unknown","lanes":0,"name":"중림로5길","oneway":false},"geometry":{"type":"LineString","coordinates":[[126.96621,37.55983],[126.96591,37.55965],[126.96579,37.55958],[126.96573,37.5594],[126.96554,37.55897],[126.96551,37.5589]]}},{"type":"Feature","properties":{"class":"alley","highway":"service","sidewalk":"unknown","lanes":0,"name":"서소문로","oneway":false},"geometry":{"type":"LineString","coordinates":[[126.96591,37.55965],[126.96572,37.55983],[126.96537,37.56012],[126.96527,37.56021]]}},{"type":"Feature","properties":{"class":"minor","highway":"residential","sidewalk":"unknown","lanes":0,"name":"서소문로","oneway":false},"geometry":{"type":"LineString","coordinates":[[126.96442,37.55908],[126.96444,37.55915],[126.96446,37.55937],[126.96457,37.55941],[126.96464,37.55947],[126.96464,37.55971],[126.96459,37.55978]]}},{"type":"Feature","properties":{"class":"minor","highway":"residential","sidewalk":"unknown","lanes":0,"name":"중림로","oneway":false},"geometry":{"type":"LineString","coordinates":[[126.96525,37.55898],[126.96529,37.55904],[126.96536,37.55917],[126.96533,37.55933],[126.96563,37.55939],[126.96573,37.5594]]}},{"type":"Feature","properties":{"class":"minor","highway":"residential","sidewalk":"unknown","lanes":0,"name":"만리재로","oneway":false},"geometry":{"type":"LineString","coordinates":[[126.96579,37.55409],[126.96602,37.55375]]}},{"type":"Feature","properties":{"class":"minor","highway":"residential","sidewalk":"unknown","lanes":0,"name":"청파로85길","oneway":false},"geometry":{"type":"LineString","coordinates":[[126.96532,37.55229],[126.96551,37.55245],[126.96563,37.55253],[126.96586,37.55268],[126.96631,37.55287],[126.96632,37.55279],[126.96668,37.55272],[126.9667,37.55271],[126.96687,37.5527],[126.967,37.55269],[126.96724,37.55263],[126.96732,37.55264],[126.9674,37.55264],[126.96759,37.55265],[126.96781,37.55268],[126.96821,37.55265],[126.9686,37.55258],[126.96888,37.55263],[126.9691,37.55267],[126.96919,37.55268]]}},{"type":"Feature","properties":{"class":"alley","highway":"service","sidewalk":"unknown","lanes":0,"name":"청파로71길","oneway":false},"geometry":{"type":"LineString","coordinates":[[126.96504,37.54929],[126.96495,37.5493],[126.96503,37.54936],[126.96512,37.54947],[126.96504,37.54952],[126.96494,37.5496]]}},{"type":"Feature","properties":{"class":"minor","highway":"residential","sidewalk":"unknown","lanes":0,"name":"청파로71길","oneway":false},"geometry":{"type":"LineString","coordinates":[[126.9648,37.54941],[126.96453,37.54923]]}},{"type":"Feature","properties":{"class":"major","highway":"secondary","sidewalk":"likely","lanes":2,"name":"경기대로","oneway":false},"geometry":{"type":"LineString","coordinates":[[126.96205,37.5595],[126.96197,37.55956],[126.96195,37.55958],[126.96192,37.55961],[126.96189,37.55977],[126.96188,37.5599],[126.96187,37.56018],[126.96186,37.56041],[126.96186,37.56053],[126.96184,37.56119],[126.96185,37.56141],[126.96185,37.56149],[126.96186,37.56163],[126.96186,37.56165],[126.96186,37.56168],[126.96181,37.56192],[126.96181,37.56207],[126.9618,37.56222],[126.96181,37.56234],[126.96184,37.56242],[126.96194,37.5627],[126.96197,37.56276],[126.96199,37.56282],[126.96206,37.56294],[126.96212,37.56304],[126.96226,37.5633],[126.9623,37.56335],[126.96244,37.56351],[126.96256,37.56367],[126.96262,37.5637],[126.96337,37.56413],[126.96387,37.56446]]}},{"type":"Feature","properties":{"class":"alley","highway":"service","sidewalk":"unknown","lanes":0,"name":"","oneway":false},"geometry":{"type":"LineString","coordinates":[[126.96549,37.54586],[126.96546,37.54585],[126.96543,37.54585],[126.96541,37.54585],[126.96538,37.54585],[126.96536,37.54587],[126.96534,37.54588],[126.96533,37.5459],[126.96533,37.54592],[126.96534,37.54594],[126.96535,37.54596],[126.96537,37.54598],[126.96539,37.54599],[126.96541,37.54599],[126.96544,37.54599],[126.96547,37.54598],[126.96549,37.54597],[126.96551,37.54595],[126.96552,37.54593],[126.96551,37.5459],[126.9655,37.54588],[126.96549,37.54586]]}},{"type":"Feature","properties":{"class":"minor","highway":"residential","sidewalk":"unknown","lanes":0,"name":"효창원로86길","oneway":false},"geometry":{"type":"LineString","coordinates":[[126.96746,37.54634],[126.96689,37.54654],[126.96682,37.54656],[126.96669,37.54656],[126.96657,37.54655],[126.96628,37.54651],[126.96603,37.54648],[126.96585,37.54646],[126.9657,37.54645],[126.9653,37.54671],[126.96505,37.54687],[126.96494,37.54687],[126.96427,37.54688],[126.96357,37.54655],[126.96351,37.54655]]}},{"type":"Feature","properties":{"class":"minor","highway":"residential","sidewalk":"unknown","lanes":0,"name":"효창원로","oneway":false},"geometry":{"type":"LineString","coordinates":[[126.96342,37.54668],[126.96343,37.54699],[126.96341,37.54732],[126.96343,37.54787],[126.96343,37.54799],[126.96344,37.54842],[126.96345,37.54863],[126.96347,37.54883],[126.96355,37.54955],[126.96355,37.54956],[126.96356,37.54968],[126.96356,37.5498],[126.96358,37.55001],[126.96358,37.55006],[126.96358,37.55009],[126.96371,37.55054],[126.96374,37.55076],[126.96373,37.55079],[126.96373,37.55082],[126.96371,37.55092],[126.96366,37.55096],[126.96355,37.55104],[126.96322,37.55129],[126.96309,37.55138],[126.96306,37.55146],[126.96311,37.55169],[126.96311,37.55175],[126.96306,37.55184],[126.96301,37.55188]]}},{"type":"Feature","properties":{"class":"alley","highway":"pedestrian","sidewalk":"unknown","lanes":0,"name":"","oneway":false},"geometry":{"type":"LineString","coordinates":[[126.96444,37.54466],[126.96443,37.54467],[126.96442,37.54469],[126.96443,37.5447],[126.96444,37.54472],[126.96445,37.54473],[126.96447,37.54474],[126.96449,37.54474],[126.96451,37.54474],[126.96453,37.54473],[126.96454,37.54471],[126.96455,37.5447],[126.96455,37.54468],[126.96455,37.54466],[126.96453,37.54465],[126.96452,37.54464],[126.96449,37.54464],[126.96447,37.54464],[126.96445,37.54465],[126.96444,37.54466]]}},{"type":"Feature","properties":{"class":"alley","highway":"pedestrian","sidewalk":"unknown","lanes":0,"name":"","oneway":false},"geometry":{"type":"LineString","coordinates":[[126.9644,37.54443],[126.96444,37.54444],[126.96445,37.54441],[126.96456,37.54441],[126.96456,37.54444],[126.96461,37.54444],[126.96462,37.54416],[126.96459,37.54412],[126.96455,37.5441],[126.9645,37.54409],[126.96445,37.54411],[126.96441,37.54414],[126.9644,37.54443]]}},{"type":"Feature","properties":{"class":"alley","highway":"service","sidewalk":"unknown","lanes":0,"name":"","oneway":false},"geometry":{"type":"LineString","coordinates":[[126.96499,37.54516],[126.96499,37.54513],[126.96499,37.54502],[126.96537,37.54474],[126.96563,37.54456],[126.96573,37.54455]]}},{"type":"Feature","properties":{"class":"alley","highway":"service","sidewalk":"unknown","lanes":0,"name":"","oneway":false},"geometry":{"type":"LineString","coordinates":[[126.96541,37.54599],[126.96532,37.54636],[126.9653,37.54671]]}},{"type":"Feature","properties":{"class":"minor","highway":"residential","sidewalk":"unknown","lanes":0,"name":"효창목4길","oneway":false},"geometry":{"type":"LineString","coordinates":[[126.96046,37.54726],[126.96047,37.54709],[126.96049,37.54686]]}},{"type":"Feature","properties":{"class":"minor","highway":"residential","sidewalk":"unknown","lanes":0,"name":"청파로47다길","oneway":false},"geometry":{"type":"LineString","coordinates":[[126.96702,37.54568],[126.9667,37.54567],[126.96639,37.54556],[126.96633,37.54554],[126.96621,37.54547],[126.96596,37.54546],[126.96565,37.54545],[126.9656,37.54544],[126.96549,37.54545],[126.96546,37.54553]]}},{"type":"Feature","properties":{"class":"minor","highway":"residential","sidewalk":"unknown","lanes":0,"name":"만리재로16안길","oneway":false},"geometry":{"type":"LineString","coordinates":[[126.96251,37.54883],[126.96249,37.54909],[126.96252,37.54931],[126.9626,37.54957],[126.96268,37.54976],[126.96269,37.54978],[126.96273,37.54988],[126.96282,37.55006],[126.96283,37.55009],[126.96284,37.55015],[126.96284,37.55024]]}},{"type":"Feature","properties":{"class":"minor","highway":"residential","sidewalk":"unknown","lanes":0,"name":"효창원로97길","oneway":false},"geometry":{"type":"LineString","coordinates":[[126.96355,37.54956],[126.96347,37.54956],[126.96332,37.5495],[126.96317,37.54942],[126.96312,37.54936],[126.96308,37.5493],[126.96306,37.54924],[126.96307,37.54914],[126.9631,37.54901],[126.96312,37.54895],[126.96314,37.54883]]}},{"type":"Feature","properties":{"class":"minor","highway":"residential","sidewalk":"unknown","lanes":0,"name":"효창원로98길","oneway":false},"geometry":{"type":"LineString","coordinates":[[126.96383,37.54965],[126.96373,37.54925],[126.96371,37.5492],[126.96371,37.549],[126.96378,37.54885]]}},{"type":"Feature","properties":{"class":"minor","highway":"residential","sidewalk":"unknown","lanes":0,"name":"만리재로12길","oneway":false},"geometry":{"type":"LineString","coordinates":[[126.96057,37.54868],[126.9607,37.54869],[126.96073,37.54881],[126.96075,37.54898],[126.96078,37.54903],[126.96089,37.54913],[126.961,37.54928],[126.96105,37.54938],[126.96108,37.5495],[126.96109,37.54958],[126.96106,37.54975],[126.96098,37.54992],[126.96094,37.55007],[126.96091,37.55016],[126.96089,37.55017],[126.96086,37.5502]]}},{"type":"Feature","properties":{"class":"minor","highway":"residential","sidewalk":"unknown","lanes":0,"name":"만리재로10길","oneway":false},"geometry":{"type":"LineString","coordinates":[[126.96074,37.54804],[126.96071,37.54848],[126.96062,37.54862],[126.96057,37.54868],[126.96051,37.54871],[126.96043,37.54882],[126.96026,37.54904],[126.96026,37.54905],[126.9602,37.54919],[126.96013,37.54925],[126.96009,37.54927]]}},{"type":"Feature","properties":{"class":"minor","highway":"residential","sidewalk":"unknown","lanes":0,"name":"만리재로10길","oneway":false},"geometry":{"type":"LineString","coordinates":[[126.96013,37.54925],[126.96018,37.5493],[126.96052,37.54937],[126.96103,37.54957],[126.96109,37.54958]]}},{"type":"Feature","properties":{"class":"minor","highway":"residential","sidewalk":"unknown","lanes":0,"name":"효창원로104길","oneway":false},"geometry":{"type":"LineString","coordinates":[[126.96643,37.55037],[126.96634,37.55038],[126.96587,37.55038],[126.96548,37.55039],[126.96542,37.55039],[126.96537,37.5504],[126.96509,37.5505],[126.96503,37.55052],[126.96469,37.55058],[126.96463,37.5506],[126.96453,37.55062],[126.96423,37.55076],[126.96413,37.55078],[126.96406,37.5508],[126.96395,37.55077],[126.96378,37.55078],[126.96373,37.55079]]}},{"type":"Feature","properties":{"class":"minor","highway":"residential","sidewalk":"unknown","lanes":0,"name":"만리재로24길","oneway":false},"geometry":{"type":"LineString","coordinates":[[126.96367,37.55242],[126.96393,37.55226]]}},{"type":"Feature","properties":{"class":"minor","highway":"residential","sidewalk":"unknown","lanes":0,"name":"만리재로14길","oneway":false},"geometry":{"type":"LineString","coordinates":[[126.96135,37.55049],[126.96147,37.55021],[126.96153,37.55009],[126.9616,37.54993],[126.96193,37.54968],[126.96199,37.54964],[126.96208,37.5496],[126.96221,37.54957],[126.96235,37.54959],[126.96244,37.5496],[126.96251,37.5496],[126.9626,37.54957],[126.96272,37.54953],[126.96291,37.54945],[126.96312,37.54936]]}},{"type":"Feature","properties":{"class":"minor","highway":"residential","sidewalk":"unknown","lanes":0,"name":"효창원로95길","oneway":false},"geometry":{"type":"LineString","coordinates":[[126.96133,37.54809],[126.96132,37.54852],[126.96141,37.5486],[126.96144,37.54863],[126.9616,37.54873],[126.96168,37.54876],[126.96178,37.54879],[126.96203,37.54882],[126.96209,37.54882],[126.96237,37.54883],[126.96251,37.54883],[126.9627,37.54884],[126.96305,37.54883],[126.96314,37.54883],[126.96328,37.54883],[126.96347,37.54883]]}},{"type":"Feature","properties":{"class":"minor","highway":"residential","sidewalk":"unknown","lanes":0,"name":"효창원로104나길","oneway":false},"geometry":{"type":"LineString","coordinates":[[126.96463,37.5506],[126.96469,37.55103],[126.96473,37.55114],[126.96493,37.55143],[126.96498,37.5515],[126.96515,37.55158],[126.96521,37.5516],[126.96529,37.55163],[126.96546,37.55168],[126.96558,37.5517],[126.96565,37.5517],[126.96556,37.55216]]}},{"type":"Feature","properties":{"class":"minor","highway":"residential","sidewalk":"unknown","lanes":0,"name":"만리재로24길","oneway":false},"geometry":{"type":"LineString","coordinates":[[126.96586,37.55222],[126.96556,37.55216],[126.96542,37.55213],[126.96485,37.55193],[126.96473,37.5519],[126.96463,37.55189]]}},{"type":"Feature","properties":{"class":"minor","highway":"residential","sidewalk":"unknown","lanes":0,"name":"만리재로26길","oneway":false},"geometry":{"type":"LineString","coordinates":[[126.96563,37.55253],[126.96555,37.55258],[126.96551,37.55263],[126.96546,37.55275],[126.96543,37.55283],[126.96538,37.55284],[126.96529,37.55282],[126.96527,37.5528],[126.96521,37.55274],[126.96512,37.55267],[126.96508,37.55264],[126.96499,37.55257],[126.96478,37.5525],[126.9647,37.55249],[126.96465,37.55248],[126.9645,37.55253],[126.96435,37.55256],[126.96429,37.55257]]}},{"type":"Feature","properties":{"class":"alley","highway":"service","sidewalk":"unknown","lanes":0,"name":"효창목5길","oneway":false},"geometry":{"type":"LineString","coordinates":[[126.96104,37.54806],[126.96106,37.54788]]}},{"type":"Feature","properties":{"class":"minor","highway":"residential","sidewalk":"unknown","lanes":0,"name":"만리재로8길","oneway":false},"geometry":{"type":"LineString","coordinates":[[126.96023,37.5484],[126.96004,37.54823]]}},{"type":"Feature","properties":{"class":"alley","highway":"service","sidewalk":"unknown","lanes":0,"name":"","oneway":false},"geometry":{"type":"LineString","coordinates":[[126.96027,37.54874],[126.96043,37.54882]]}},{"type":"Feature","properties":{"class":"alley","highway":"service","sidewalk":"unknown","lanes":0,"name":"만리재로12나길","oneway":false},"geometry":{"type":"LineString","coordinates":[[126.96224,37.54918],[126.96227,37.54898]]}},{"type":"Feature","properties":{"class":"minor","highway":"residential","sidewalk":"unknown","lanes":0,"name":"만리재로8길","oneway":false},"geometry":{"type":"LineString","coordinates":[[126.95969,37.54876],[126.96007,37.54862],[126.96008,37.54855],[126.96023,37.5484],[126.96037,37.54841],[126.96053,37.54836],[126.96056,37.54828],[126.96059,37.54804]]}},{"type":"Feature","properties":{"class":"minor","highway":"residential","sidewalk":"unknown","lanes":0,"name":"효창원로86나길","oneway":false},"geometry":{"type":"LineString","coordinates":[[126.96547,37.54775],[126.96618,37.54771]]}},{"type":"Feature","properties":{"class":"minor","highway":"residential","sidewalk":"unknown","lanes":0,"name":"효창원로94다길","oneway":false},"geometry":{"type":"LineString","coordinates":[[126.96472,37.54905],[126.96444,37.54884]]}},{"type":"Feature","properties":{"class":"alley","highway":"service","sidewalk":"unknown","lanes":0,"name":"효창원로86길","oneway":false},"geometry":{"type":"LineString","coordinates":[[126.96585,37.54646],[126.96596,37.54695]]}},{"type":"Feature","properties":{"class":"alley","highway":"service","sidewalk":"unknown","lanes":0,"name":"효창원로95길","oneway":false},"geometry":{"type":"LineString","coordinates":[[126.96304,37.54841],[126.96305,37.54868]]}},{"type":"Feature","properties":{"class":"minor","highway":"residential","sidewalk":"unknown","lanes":0,"name":"효창원로95길","oneway":false},"geometry":{"type":"LineString","coordinates":[[126.96204,37.54921],[126.96209,37.54882]]}},{"type":"Feature","properties":{"class":"minor","highway":"residential","sidewalk":"unknown","lanes":0,"name":"효창원로94나길","oneway":false},"geometry":{"type":"LineString","coordinates":[[126.96413,37.54855],[126.96451,37.54873]]}},{"type":"Feature","properties":{"class":"alley","highway":"service","sidewalk":"unknown","lanes":0,"name":"만리재로26가길","oneway":false},"geometry":{"type":"LineString","coordinates":[[126.96477,37.55222],[126.9647,37.55249]]}},{"type":"Feature","properties":{"class":"minor","highway":"residential","sidewalk":"unknown","lanes":0,"name":"만리재로16길","oneway":false},"geometry":{"type":"LineString","coordinates":[[126.9624,37.54996],[126.96203,37.55027],[126.96202,37.55035],[126.96222,37.55059]]}},{"type":"Feature","properties":{"class":"minor","highway":"residential","sidewalk":"unknown","lanes":0,"name":"효창원로94가길","oneway":false},"geometry":{"type":"LineString","coordinates":[[126.96378,37.54885],[126.96372,37.54832]]}},{"type":"Feature","properties":{"class":"minor","highway":"residential","sidewalk":"unknown","lanes":0,"name":"효창원로86다길","oneway":false},"geometry":{"type":"LineString","coordinates":[[126.96582,37.54837],[126.96583,37.54889]]}},{"type":"Feature","properties":{"class":"minor","highway":"residential","sidewalk":"unknown","lanes":0,"name":"","oneway":false},"geometry":{"type":"LineString","coordinates":[[126.961,37.54873],[126.96073,37.54881]]}},{"type":"Feature","properties":{"class":"minor","highway":"residential","sidewalk":"unknown","lanes":0,"name":"임정로29길","oneway":false},"geometry":{"type":"LineString","coordinates":[[126.96179,37.54724],[126.96178,37.54736],[126.96186,37.54757]]}},{"type":"Feature","properties":{"class":"minor","highway":"residential","sidewalk":"unknown","lanes":0,"name":"만리재로10안길","oneway":false},"geometry":{"type":"LineString","coordinates":[[126.96151,37.54892],[126.96167,37.54925]]}},{"type":"Feature","properties":{"class":"minor","highway":"residential","sidewalk":"unknown","lanes":0,"name":"청파로47다길","oneway":false},"geometry":{"type":"LineString","coordinates":[[126.9656,37.54544],[126.96561,37.54531],[126.9655,37.54512]]}},{"type":"Feature","properties":{"class":"minor","highway":"residential","sidewalk":"unknown","lanes":0,"name":"만리재로10길","oneway":false},"geometry":{"type":"LineString","coordinates":[[126.96069,37.54863],[126.96097,37.54854]]}},{"type":"Feature","properties":{"class":"minor","highway":"residential","sidewalk":"unknown","lanes":0,"name":"만리재로12길","oneway":false},"geometry":{"type":"LineString","coordinates":[[126.96098,37.54992],[126.96135,37.55003],[126.96153,37.55009]]}},{"type":"Feature","properties":{"class":"minor","highway":"residential","sidewalk":"unknown","lanes":0,"name":"만리재로16길","oneway":false},"geometry":{"type":"LineString","coordinates":[[126.96266,37.55028],[126.9624,37.54996],[126.96199,37.54964]]}},{"type":"Feature","properties":{"class":"minor","highway":"residential","sidewalk":"unknown","lanes":0,"name":"만리재로18길","oneway":false},"geometry":{"type":"LineString","coordinates":[[126.96231,37.55077],[126.96248,37.55085],[126.96274,37.55107]]}},{"type":"Feature","properties":{"class":"minor","highway":"residential","sidewalk":"unknown","lanes":0,"name":"만리재로","oneway":false},"geometry":{"type":"LineString","coordinates":[[126.96103,37.54957],[126.96095,37.54969],[126.96086,37.54985],[126.96082,37.54991],[126.96078,37.54993],[126.96074,37.55001],[126.96071,37.55002]]}},{"type":"Feature","properties":{"class":"alley","highway":"service","sidewalk":"unknown","lanes":0,"name":"","oneway":false},"geometry":{"type":"LineString","coordinates":[[126.96006,37.54893],[126.96027,37.54874],[126.96046,37.54866]]}},{"type":"Feature","properties":{"class":"minor","highway":"residential","sidewalk":"unknown","lanes":0,"name":"효창원로94다길","oneway":false},"geometry":{"type":"LineString","coordinates":[[126.96419,37.54909],[126.96419,37.54928],[126.96432,37.54939]]}},{"type":"Feature","properties":{"class":"alley","highway":"service","sidewalk":"unknown","lanes":0,"name":"","oneway":false},"geometry":{"type":"LineString","coordinates":[[126.95998,37.54677],[126.96014,37.54677],[126.9602,37.54679]]}},{"type":"Feature","properties":{"class":"minor","highway":"residential","sidewalk":"unknown","lanes":0,"name":"효창목길","oneway":false},"geometry":{"type":"LineString","coordinates":[[126.96007,37.54821],[126.95987,37.54803],[126.95987,37.54795],[126.95991,37.54789]]}},{"type":"Feature","properties":{"class":"minor","highway":"residential","sidewalk":"unknown","lanes":0,"name":"효창원로86나길","oneway":false},"geometry":{"type":"LineString","coordinates":[[126.96542,37.54733],[126.96547,37.54775],[126.9655,37.54795]]}},{"type":"Feature","properties":{"class":"minor","highway":"residential","sidewalk":"unknown","lanes":0,"name":"만리재로16안길","oneway":false},"geometry":{"type":"LineString","coordinates":[[126.96269,37.54978],[126.96291,37.54971],[126.96332,37.5495]]}},{"type":"Feature","properties":{"class":"minor","highway":"residential","sidewalk":"unknown","lanes":0,"name":"효창원로86다길","oneway":false},"geometry":{"type":"LineString","coordinates":[[126.96546,37.54897],[126.96547,37.54884],[126.96546,37.54837]]}},{"type":"Feature","properties":{"class":"minor","highway":"residential","sidewalk":"unknown","lanes":0,"name":"효창원로104다길","oneway":false},"geometry":{"type":"LineString","coordinates":[[126.96509,37.5505],[126.96513,37.55107],[126.96519,37.55113]]}},{"type":"Feature","properties":{"class":"alley","highway":"service","sidewalk":"unknown","lanes":0,"name":"효창원로110길","oneway":false},"geometry":{"type":"LineString","coordinates":[[126.96311,37.55169],[126.96331,37.55167],[126.96345,37.55182],[126.96409,37.55149]]}},{"type":"Feature","properties":{"class":"minor","highway":"residential","sidewalk":"unknown","lanes":0,"name":"만리재로14길","oneway":false},"geometry":{"type":"LineString","coordinates":[[126.96153,37.55009],[126.96203,37.55027]]}},{"type":"Feature","properties":{"class":"minor","highway":"residential","sidewalk":"unknown","lanes":0,"name":"만리재로16안길","oneway":false},"geometry":{"type":"LineString","coordinates":[[126.96356,37.5498],[126.96331,37.54991],[126.96309,37.55001],[126.96283,37.55009]]}},{"type":"Feature","properties":{"class":"minor","highway":"residential","sidewalk":"unknown","lanes":0,"name":"효창목4길","oneway":false},"geometry":{"type":"LineString","coordinates":[[126.95998,37.5469],[126.96012,37.5469],[126.96015,37.54707],[126.96047,37.54709]]}},{"type":"Feature","properties":{"class":"minor","highway":"residential","sidewalk":"unknown","lanes":0,"name":"","oneway":false},"geometry":{"type":"LineString","coordinates":[[126.95999,37.54886],[126.96006,37.54893]]}},{"type":"Feature","properties":{"class":"minor","highway":"residential","sidewalk":"unknown","lanes":0,"name":"효창원로104가길","oneway":false},"geometry":{"type":"LineString","coordinates":[[126.96417,37.55146],[126.96454,37.55133],[126.96458,37.55124],[126.96459,37.55104],[126.96469,37.55103]]}},{"type":"Feature","properties":{"class":"minor","highway":"residential","sidewalk":"unknown","lanes":0,"name":"","oneway":false},"geometry":{"type":"LineString","coordinates":[[126.9607,37.54869],[126.96069,37.54863],[126.9607,37.54855],[126.96071,37.54848]]}},{"type":"Feature","properties":{"class":"minor","highway":"residential","sidewalk":"unknown","lanes":0,"name":"효창원로86나길","oneway":false},"geometry":{"type":"LineString","coordinates":[[126.9669,37.54707],[126.96671,37.54706],[126.96653,37.54712],[126.96608,37.54728],[126.96542,37.54733],[126.96501,37.54736]]}},{"type":"Feature","properties":{"class":"minor","highway":"residential","sidewalk":"unknown","lanes":0,"name":"효창원로","oneway":false},"geometry":{"type":"LineString","coordinates":[[126.96287,37.55097],[126.96312,37.55109],[126.96328,37.55109],[126.96347,37.55102],[126.9635,37.55102],[126.96355,37.55104]]}},{"type":"Feature","properties":{"class":"minor","highway":"residential","sidewalk":"unknown","lanes":0,"name":"효창목5안길","oneway":false},"geometry":{"type":"LineString","coordinates":[[126.9614,37.5496],[126.96139,37.5495],[126.9613,37.54926],[126.96114,37.54896],[126.96118,37.54884],[126.96116,37.54884],[126.961,37.54873],[126.96096,37.54859],[126.96097,37.54854],[126.96102,37.54806]]}},{"type":"Feature","properties":{"class":"minor","highway":"residential","sidewalk":"unknown","lanes":0,"name":"만리재로6길","oneway":false},"geometry":{"type":"LineString","coordinates":[[126.95934,37.54807],[126.95978,37.54844],[126.96004,37.54823],[126.96007,37.54821],[126.96024,37.54809],[126.96027,37.548]]}},{"type":"Feature","properties":{"class":"minor","highway":"residential","sidewalk":"unknown","lanes":0,"name":"만리재로12나길","oneway":false},"geometry":{"type":"LineString","coordinates":[[126.961,37.54928],[126.9613,37.54926],[126.96167,37.54925],[126.96204,37.54921],[126.96224,37.54918],[126.9624,37.54915],[126.96249,37.54909],[126.96288,37.54903],[126.9631,37.54901]]}},{"type":"Feature","properties":{"class":"minor","highway":"residential","sidewalk":"unknown","lanes":0,"name":"청파로71길","oneway":false},"geometry":{"type":"LineString","coordinates":[[126.96572,37.54927],[126.9656,37.54967],[126.96523,37.55002]]}},{"type":"Feature","properties":{"class":"alley","highway":"service","sidewalk":"unknown","lanes":0,"name":"만리재로26길","oneway":false},"geometry":{"type":"LineString","coordinates":[[126.96445,37.55221],[126.96445,37.55229],[126.96436,37.55229],[126.96436,37.55242],[126.96429,37.55257],[126.96422,37.55263],[126.96407,37.5526]]}},{"type":"Feature","properties":{"class":"minor","highway":"residential","sidewalk":"unknown","lanes":0,"name":"효창원로104가길","oneway":false},"geometry":{"type":"LineString","coordinates":[[126.96413,37.55078],[126.96416,37.55139],[126.96417,37.55146],[126.96418,37.55153],[126.96429,37.55184]]}},{"type":"Feature","properties":{"class":"minor","highway":"residential","sidewalk":"unknown","lanes":0,"name":"효창원로86가길","oneway":false},"geometry":{"type":"LineString","coordinates":[[126.96494,37.54687],[126.96501,37.54736],[126.9651,37.54795],[126.9651,37.54814],[126.9651,37.54837],[126.9651,37.54861],[126.96547,37.54884]]}},{"type":"Feature","properties":{"class":"minor","highway":"residential","sidewalk":"unknown","lanes":0,"name":"만리재로20길","oneway":false},"geometry":{"type":"LineString","coordinates":[[126.96303,37.55026],[126.96316,37.55044],[126.96318,37.5506],[126.96304,37.55082],[126.96287,37.55097],[126.96284,37.55099],[126.96274,37.55107],[126.96256,37.55122]]}},{"type":"Feature","properties":{"class":"alley","highway":"service","sidewalk":"unknown","lanes":0,"name":"만리재로26길","oneway":false},"geometry":{"type":"LineString","coordinates":[[126.96512,37.55267],[126.96469,37.55292],[126.96478,37.55301],[126.96484,37.55304]]}},{"type":"Feature","properties":{"class":"minor","highway":"residential","sidewalk":"unknown","lanes":0,"name":"만리재로18길","oneway":false},"geometry":{"type":"LineString","coordinates":[[126.96206,37.55115],[126.9621,37.55109],[126.96231,37.55077],[126.9624,37.55063],[126.96245,37.55057],[126.96263,37.55048],[126.96309,37.55046],[126.96316,37.55044]]}},{"type":"Feature","properties":{"class":"minor","highway":"residential","sidewalk":"unknown","lanes":0,"name":"임정로29길","oneway":false},"geometry":{"type":"LineString","coordinates":[[126.96226,37.54675],[126.96226,37.54704]]}},{"type":"Feature","properties":{"class":"minor","highway":"residential","sidewalk":"unknown","lanes":0,"name":"효창원로94다길","oneway":false},"geometry":{"type":"LineString","coordinates":[[126.96373,37.54925],[126.96419,37.54909],[126.96441,37.54888],[126.96444,37.54884],[126.96448,37.54877],[126.96451,37.54873],[126.96465,37.54849],[126.96467,37.54844],[126.9647,37.5482]]}},{"type":"Feature","properties":{"class":"minor","highway":"residential","sidewalk":"unknown","lanes":0,"name":"효창목5길","oneway":false},"geometry":{"type":"LineString","coordinates":[[126.9618,37.54757],[126.96171,37.54811],[126.96133,37.54809],[126.96104,37.54806],[126.96102,37.54806],[126.96074,37.54804],[126.96059,37.54804],[126.96033,37.54802],[126.96027,37.548],[126.96024,37.54793]]}},{"type":"Feature","properties":{"class":"minor","highway":"residential","sidewalk":"unknown","lanes":0,"name":"만리재로16길","oneway":false},"geometry":{"type":"LineString","coordinates":[[126.96358,37.55006],[126.96303,37.55026],[126.96297,37.55028],[126.96284,37.55024],[126.96266,37.55028],[126.96263,37.55028],[126.9624,37.55045],[126.96222,37.55059],[126.9618,37.55087],[126.96174,37.55091]]}},{"type":"Feature","properties":{"class":"minor","highway":"residential","sidewalk":"unknown","lanes":0,"name":"효창목5안길","oneway":false},"geometry":{"type":"LineString","coordinates":[[126.96141,37.5486],[126.96136,37.54879],[126.96122,37.54884],[126.96118,37.54884]]}},{"type":"Feature","properties":{"class":"minor","highway":"residential","sidewalk":"unknown","lanes":0,"name":"만리재로","oneway":false},"geometry":{"type":"LineString","coordinates":[[126.95982,37.54893],[126.95999,37.54886],[126.96003,37.54881],[126.96026,37.54861],[126.96032,37.54859],[126.96046,37.54866],[126.96051,37.54871]]}},{"type":"Feature","properties":{"class":"minor","highway":"residential","sidewalk":"unknown","lanes":0,"name":"만리재로10안길","oneway":false},"geometry":{"type":"LineString","coordinates":[[126.96026,37.54905],[126.96038,37.54909],[126.96059,37.54909],[126.96078,37.54903],[126.96114,37.54896],[126.96151,37.54892],[126.96161,37.54883],[126.96168,37.54876]]}},{"type":"Feature","properties":{"class":"minor","highway":"residential","sidewalk":"unknown","lanes":0,"name":"만리재로28길","oneway":false},"geometry":{"type":"LineString","coordinates":[[126.96566,37.5534],[126.96536,37.55323],[126.96525,37.55321],[126.96516,37.55323],[126.96499,37.55315],[126.96484,37.55304],[126.96458,37.55323]]}},{"type":"Feature","properties":{"class":"minor","highway":"residential","sidewalk":"unknown","lanes":0,"name":"경기대로","oneway":false},"geometry":{"type":"LineString","coordinates":[[126.9615,37.55971],[126.96163,37.56014],[126.96187,37.56018]]}},{"type":"Feature","properties":{"class":"minor","highway":"residential","sidewalk":"unknown","lanes":0,"name":"북아현로4마길","oneway":false},"geometry":{"type":"LineString","coordinates":[[126.96002,37.55994],[126.96038,37.55983]]}},{"type":"Feature","properties":{"class":"minor","highway":"residential","sidewalk":"unknown","lanes":0,"name":"북아현로4마길","oneway":false},"geometry":{"type":"LineString","coordinates":[[126.95958,37.55992],[126.95995,37.55979],[126.96047,37.55966],[126.96058,37.55966]]}},{"type":"Feature","properties":{"class":"minor","highway":"residential","sidewalk":"unknown","lanes":0,"name":"북아현로4마길","oneway":false},"geometry":{"type":"LineString","coordinates":[[126.95989,37.55964],[126.96038,37.55946],[126.96058,37.55966],[126.96061,37.55984],[126.96075,37.55986],[126.96075,37.55999],[126.96076,37.5601],[126.96076,37.56047],[126.96071,37.56068],[126.96069,37.56071],[126.96064,37.56077],[126.96061,37.5608],[126.96032,37.56092],[126.96004,37.56097]]}},{"type":"Feature","properties":{"class":"minor","highway":"residential","sidewalk":"unknown","lanes":0,"name":"북아현로4가길","oneway":false},"geometry":{"type":"LineString","coordinates":[[126.95972,37.55865],[126.95979,37.55862],[126.95982,37.5586],[126.95989,37.55859],[126.9601,37.55861],[126.96024,37.55865]]}},{"type":"Feature","properties":{"class":"major","highway":"primary_link","sidewalk":"likely","lanes":0,"name":"","oneway":true},"geometry":{"type":"LineString","coordinates":[[126.96307,37.55931],[126.96287,37.55934],[126.96276,37.55942],[126.96271,37.55949],[126.96268,37.55958],[126.96268,37.55965],[126.96272,37.55975],[126.96278,37.55989]]}},{"type":"Feature","properties":{"class":"minor","highway":"residential","sidewalk":"unknown","lanes":0,"name":"신촌로","oneway":false},"geometry":{"type":"LineString","coordinates":[[126.95981,37.55833],[126.95983,37.55824],[126.9599,37.55809],[126.95997,37.558],[126.96007,37.55791]]}},{"type":"Feature","properties":{"class":"minor","highway":"residential","sidewalk":"unknown","lanes":0,"name":"신촌로","oneway":false},"geometry":{"type":"LineString","coordinates":[[126.96013,37.55838],[126.96019,37.5583],[126.96035,37.55813]]}},{"type":"Feature","properties":{"class":"minor","highway":"residential","sidewalk":"unknown","lanes":0,"name":"손기정로3길","oneway":false},"geometry":{"type":"LineString","coordinates":[[126.96126,37.55792],[126.96145,37.55815],[126.96153,37.55817],[126.96167,37.55819],[126.96209,37.55819],[126.96255,37.55819]]}},{"type":"Feature","properties":{"class":"minor","highway":"residential","sidewalk":"unknown","lanes":0,"name":"손기정로3길","oneway":false},"geometry":{"type":"LineString","coordinates":[[126.96105,37.55738],[126.96126,37.55792]]}},{"type":"Feature","properties":{"class":"minor","highway":"residential","sidewalk":"unknown","lanes":0,"name":"중림로4길","oneway":false},"geometry":{"type":"LineString","coordinates":[[126.96407,37.55909],[126.96407,37.55903],[126.96408,37.55887],[126.96423,37.55883],[126.96424,37.55877],[126.96424,37.55864],[126.96422,37.5585],[126.96422,37.55846],[126.96426,37.55835],[126.96429,37.55821],[126.96428,37.55817],[126.96411,37.55808],[126.96407,37.55803],[126.96407,37.55798],[126.9641,37.5579],[126.96417,37.55778],[126.96416,37.55763],[126.96412,37.55751],[126.9641,37.55748],[126.96407,37.55744],[126.96399,37.5573],[126.96395,37.55715]]}},{"type":"Feature","properties":{"class":"minor","highway":"residential","sidewalk":"unknown","lanes":0,"name":"중림로2길","oneway":false},"geometry":{"type":"LineString","coordinates":[[126.96313,37.55824],[126.96317,37.55823],[126.96338,37.55815],[126.96347,37.55812],[126.96355,37.55809],[126.96376,37.55804],[126.96387,37.55803],[126.96392,37.55803],[126.96407,37.55803]]}},{"type":"Feature","properties":{"class":"major","highway":"primary","sidewalk":"likely","lanes":0,"name":"충정로","oneway":true},"geometry":{"type":"LineString","coordinates":[[126.96213,37.55932],[126.96218,37.55936],[126.9624,37.55953],[126.96252,37.55964],[126.96278,37.55989]]}},{"type":"Feature","properties":{"class":"minor","highway":"residential","sidewalk":"unknown","lanes":0,"name":"만리재로31길","oneway":false},"geometry":{"type":"LineString","coordinates":[[126.96579,37.55409],[126.96574,37.55416],[126.96545,37.55442],[126.96542,37.55444],[126.96538,37.55447],[126.96514,37.55469],[126.96494,37.55493]]}},{"type":"Feature","properties":{"class":"minor","highway":"residential","sidewalk":"unknown","lanes":0,"name":"효창원로76길","oneway":false},"geometry":{"type":"LineString","coordinates":[[126.96226,37.54285],[126.96287,37.54291],[126.96365,37.54311],[126.96372,37.54317]]}},{"type":"Feature","properties":{"class":"alley","highway":"living_street","sidewalk":"unknown","lanes":0,"name":"신촌로37길","oneway":false},"geometry":{"type":"LineString","coordinates":[[126.95687,37.55786],[126.95722,37.55785],[126.95758,37.55795],[126.95775,37.558],[126.95807,37.55807],[126.95843,37.55816],[126.9586,37.55819],[126.95877,37.55823],[126.95891,37.55824],[126.95937,37.55828],[126.95973,37.55832],[126.95981,37.55833],[126.95998,37.55836],[126.96013,37.55838],[126.96048,37.55848],[126.9607,37.55853],[126.9609,37.55858]]}},{"type":"Feature","properties":{"class":"minor","highway":"residential","sidewalk":"unknown","lanes":0,"name":"북아현로4마길","oneway":false},"geometry":{"type":"LineString","coordinates":[[126.95982,37.56028],[126.96008,37.56013],[126.96027,37.56006],[126.96047,37.55999]]}},{"type":"Feature","properties":{"class":"minor","highway":"residential","sidewalk":"unknown","lanes":0,"name":"북아현로4가길","oneway":false},"geometry":{"type":"LineString","coordinates":[[126.96024,37.55865],[126.9602,37.55878]]}},{"type":"Feature","properties":{"class":"minor","highway":"residential","sidewalk":"unknown","lanes":0,"name":"북아현로4마길","oneway":false},"geometry":{"type":"LineString","coordinates":[[126.95979,37.5595],[126.96021,37.55934]]}},{"type":"Feature","properties":{"class":"minor","highway":"residential","sidewalk":"unknown","lanes":0,"name":"","oneway":false},"geometry":{"type":"LineString","coordinates":[[126.96028,37.55913],[126.96041,37.55909],[126.9604,37.5592],[126.96035,37.55921]]}},{"type":"Feature","properties":{"class":"minor","highway":"residential","sidewalk":"unknown","lanes":0,"name":"북아현로4마길","oneway":false},"geometry":{"type":"LineString","coordinates":[[126.96028,37.55913],[126.96035,37.55921],[126.96043,37.5593]]}},{"type":"Feature","properties":{"class":"minor","highway":"residential","sidewalk":"unknown","lanes":0,"name":"북아현로4가길","oneway":false},"geometry":{"type":"LineString","coordinates":[[126.95974,37.55883],[126.96,37.55902],[126.96008,37.5591],[126.96015,37.55918]]}},{"type":"Feature","properties":{"class":"minor","highway":"residential","sidewalk":"unknown","lanes":0,"name":"북아현로4가길","oneway":false},"geometry":{"type":"LineString","coordinates":[[126.96008,37.5591],[126.96019,37.559]]}},{"type":"Feature","properties":{"class":"minor","highway":"residential","sidewalk":"unknown","lanes":0,"name":"손기정로5길","oneway":false},"geometry":{"type":"LineString","coordinates":[[126.96159,37.55694],[126.96174,37.55739],[126.96181,37.55758]]}},{"type":"Feature","properties":{"class":"minor","highway":"residential","sidewalk":"unknown","lanes":0,"name":"손기정로3길","oneway":false},"geometry":{"type":"LineString","coordinates":[[126.96181,37.55758],[126.96169,37.55771],[126.96154,37.5578],[126.96126,37.55792],[126.96096,37.55821]]}},{"type":"Feature","properties":{"class":"minor","highway":"residential","sidewalk":"unknown","lanes":0,"name":"손기정로1길","oneway":false},"geometry":{"type":"LineString","coordinates":[[126.96047,37.55784],[126.96076,37.55805],[126.96096,37.55821],[126.96138,37.55854],[126.96144,37.55859],[126.96172,37.55876],[126.96185,37.55883],[126.96195,37.55888],[126.96216,37.55894],[126.96238,37.55899],[126.96277,37.55903]]}},{"type":"Feature","properties":{"class":"minor","highway":"residential","sidewalk":"unknown","lanes":0,"name":"서소문로2길","oneway":false},"geometry":{"type":"LineString","coordinates":[[126.96395,37.55715],[126.9637,37.55721],[126.96344,37.55729],[126.9632,37.55738],[126.96314,37.55745],[126.96313,37.5575],[126.96312,37.55761]]}},{"type":"Feature","properties":{"class":"minor","highway":"residential","sidewalk":"unknown","lanes":0,"name":"서소문로2길","oneway":false},"geometry":{"type":"LineString","coordinates":[[126.96312,37.55761],[126.96349,37.55761],[126.96372,37.55759],[126.96381,37.55756],[126.96392,37.55752],[126.96407,37.55744]]}},{"type":"Feature","properties":{"class":"minor","highway":"residential","sidewalk":"unknown","lanes":0,"name":"서소문로2길","oneway":false},"geometry":{"type":"LineString","coordinates":[[126.96283,37.55843],[126.96267,37.55827],[126.96255,37.55819]]}},{"type":"Feature","properties":{"class":"minor","highway":"residential","sidewalk":"unknown","lanes":0,"name":"만리재로37길","oneway":false},"geometry":{"type":"LineString","coordinates":[[126.96686,37.55665],[126.96675,37.5567],[126.96643,37.55705],[126.96617,37.5571],[126.96565,37.55713],[126.96568,37.55686],[126.96512,37.55674],[126.96521,37.55664],[126.96508,37.55664],[126.96507,37.55665]]}},{"type":"Feature","properties":{"class":"minor","highway":"residential","sidewalk":"unknown","lanes":0,"name":"서소문로2길","oneway":false},"geometry":{"type":"LineString","coordinates":[[126.96395,37.55715],[126.96423,37.55717],[126.96449,37.55706],[126.96489,37.55686],[126.96501,37.55679],[126.96507,37.55665]]}},{"type":"Feature","properties":{"class":"minor","highway":"residential","sidewalk":"unknown","lanes":0,"name":"손기정로6길","oneway":false},"geometry":{"type":"LineString","coordinates":[[126.96126,37.55669],[126.96147,37.55654],[126.96187,37.55619]]}},{"type":"Feature","properties":{"class":"minor","highway":"residential","sidewalk":"unknown","lanes":0,"name":"손기정로10길","oneway":false},"geometry":{"type":"LineString","coordinates":[[126.96214,37.55649],[126.96187,37.55619]]}},{"type":"Feature","properties":{"class":"minor","highway":"residential","sidewalk":"unknown","lanes":0,"name":"손기정로10길","oneway":false},"geometry":{"type":"LineString","coordinates":[[126.96187,37.55619],[126.96175,37.55604],[126.96165,37.55596],[126.9615,37.55592]]}},{"type":"Feature","properties":{"class":"minor","highway":"residential","sidewalk":"unknown","lanes":0,"name":"손기정로12길","oneway":false},"geometry":{"type":"LineString","coordinates":[[126.96186,37.55567],[126.9624,37.55588],[126.96276,37.556]]}},{"type":"Feature","properties":{"class":"minor","highway":"residential","sidewalk":"unknown","lanes":0,"name":"손기정로4길","oneway":false},"geometry":{"type":"LineString","coordinates":[[126.9612,37.55597],[126.96142,37.55606]]}},{"type":"Feature","properties":{"class":"minor","highway":"residential","sidewalk":"unknown","lanes":0,"name":"손기정로12길","oneway":false},"geometry":{"type":"LineString","coordinates":[[126.96186,37.55567],[126.96162,37.55556],[126.96143,37.55551],[126.96129,37.55547],[126.96112,37.55545],[126.96092,37.55543],[126.96078,37.55542]]}},{"type":"Feature","properties":{"class":"minor","highway":"residential","sidewalk":"unknown","lanes":0,"name":"환일7길","oneway":false},"geometry":{"type":"LineString","coordinates":[[126.96093,37.55434],[126.96114,37.55434],[126.96112,37.55451],[126.96112,37.55471],[126.96113,37.55485],[126.96121,37.55508],[126.96132,37.55518],[126.96161,37.55531],[126.96191,37.55545],[126.96186,37.55567]]}},{"type":"Feature","properties":{"class":"minor","highway":"residential","sidewalk":"unknown","lanes":0,"name":"환일7안길","oneway":false},"geometry":{"type":"LineString","coordinates":[[126.96114,37.55434],[126.96117,37.55424],[126.96123,37.55409],[126.96127,37.55397],[126.96128,37.55395]]}},{"type":"Feature","properties":{"class":"minor","highway":"residential","sidewalk":"unknown","lanes":0,"name":"환일7길","oneway":false},"geometry":{"type":"LineString","coordinates":[[126.96191,37.55545],[126.962,37.55533],[126.96202,37.55514],[126.96206,37.55486],[126.96208,37.55465],[126.96213,37.55446]]}},{"type":"Feature","properties":{"class":"minor","highway":"residential","sidewalk":"unknown","lanes":0,"name":"마포대로24길","oneway":false},"geometry":{"type":"LineString","coordinates":[[126.95737,37.55454],[126.95769,37.55444],[126.95814,37.5543],[126.95818,37.55428],[126.95838,37.55423],[126.95847,37.5542],[126.95852,37.55418],[126.95896,37.55404],[126.95905,37.55401],[126.95921,37.55394],[126.95948,37.55383],[126.95967,37.55376],[126.95975,37.55373],[126.96019,37.55342]]}},{"type":"Feature","properties":{"class":"minor","highway":"residential","sidewalk":"unknown","lanes":0,"name":"마포대로24길","oneway":false},"geometry":{"type":"LineString","coordinates":[[126.96019,37.55342],[126.96038,37.55328],[126.96063,37.55307],[126.96076,37.55297],[126.96086,37.55289],[126.96185,37.55208],[126.96189,37.55195],[126.96184,37.5517],[126.96225,37.5514]]}},{"type":"Feature","properties":{"class":"minor","highway":"residential","sidewalk":"unknown","lanes":0,"name":"환일길","oneway":false},"geometry":{"type":"LineString","coordinates":[[126.96097,37.55416],[126.96077,37.5541],[126.96054,37.55398],[126.96045,37.55395],[126.96042,37.55394],[126.9601,37.55385]]}},{"type":"Feature","properties":{"class":"minor","highway":"residential","sidewalk":"unknown","lanes":0,"name":"환일8길","oneway":false},"geometry":{"type":"LineString","coordinates":[[126.95987,37.55403],[126.95994,37.554],[126.9601,37.55385],[126.96026,37.5537],[126.96031,37.55365],[126.96041,37.55356],[126.96042,37.55355],[126.96061,37.55337]]}},{"type":"Feature","properties":{"class":"minor","highway":"residential","sidewalk":"unknown","lanes":0,"name":"환일8길","oneway":false},"geometry":{"type":"LineString","coordinates":[[126.96019,37.55342],[126.96042,37.55355]]}},{"type":"Feature","properties":{"class":"minor","highway":"residential","sidewalk":"unknown","lanes":0,"name":"마포대로20길","oneway":false},"geometry":{"type":"LineString","coordinates":[[126.95933,37.55203],[126.95962,37.55249],[126.95963,37.5525],[126.95964,37.55252],[126.95988,37.55289],[126.96019,37.55342]]}},{"type":"Feature","properties":{"class":"minor","highway":"residential","sidewalk":"unknown","lanes":0,"name":"마포대로24안길","oneway":false},"geometry":{"type":"LineString","coordinates":[[126.95975,37.55373],[126.95987,37.55403],[126.95988,37.55406],[126.96013,37.55437],[126.96014,37.55438],[126.96023,37.55446],[126.96048,37.55467],[126.9605,37.55469],[126.96085,37.55495]]}},{"type":"Feature","properties":{"class":"minor","highway":"residential","sidewalk":"unknown","lanes":0,"name":"효창원로69가길","oneway":false},"geometry":{"type":"LineString","coordinates":[[126.96181,37.54154],[126.96151,37.54158],[126.96129,37.54156],[126.96111,37.5416],[126.96079,37.54152],[126.96074,37.54147]]}},{"type":"Feature","properties":{"class":"alley","highway":"service","sidewalk":"unknown","lanes":0,"name":"효창원로59길","oneway":false},"geometry":{"type":"LineString","coordinates":[[126.96076,37.53958],[126.96078,37.53966],[126.96079,37.53969],[126.96082,37.5398],[126.96087,37.53995],[126.961,37.54005],[126.96114,37.53989],[126.96124,37.53973],[126.96137,37.53955],[126.96138,37.53954],[126.96149,37.53946]]}},{"type":"Feature","properties":{"class":"minor","highway":"residential","sidewalk":"unknown","lanes":0,"name":"백범로51길","oneway":false},"geometry":{"type":"LineString","coordinates":[[126.95875,37.54043],[126.95886,37.54045],[126.95949,37.54057],[126.95964,37.54063],[126.95987,37.54073],[126.96006,37.54078],[126.96021,37.54081],[126.96024,37.54082],[126.96039,37.54098],[126.96052,37.54111],[126.96055,37.54117],[126.96056,37.5412],[126.96074,37.54147]]}},{"type":"Feature","properties":{"class":"alley","highway":"service","sidewalk":"unknown","lanes":0,"name":"백범로51길","oneway":false},"geometry":{"type":"LineString","coordinates":[[126.96021,37.54081],[126.96028,37.54075],[126.9604,37.54071],[126.96054,37.54071],[126.96076,37.54079],[126.96079,37.54088],[126.96066,37.54109],[126.96055,37.54117]]}},{"type":"Feature","properties":{"class":"minor","highway":"residential","sidewalk":"unknown","lanes":0,"name":"효창원로69나길","oneway":false},"geometry":{"type":"LineString","coordinates":[[126.95976,37.54161],[126.96003,37.54157],[126.96026,37.54161],[126.96034,37.54163],[126.96054,37.54171],[126.96116,37.54196]]}},{"type":"Feature","properties":{"class":"minor","highway":"residential","sidewalk":"unknown","lanes":0,"name":"효창원로69가길","oneway":false},"geometry":{"type":"LineString","coordinates":[[126.96034,37.54163],[126.96049,37.54147],[126.96074,37.54147]]}},{"type":"Feature","properties":{"class":"minor","highway":"residential","sidewalk":"unknown","lanes":0,"name":"효창원로69가길","oneway":false},"geometry":{"type":"LineString","coordinates":[[126.96003,37.54157],[126.95995,37.54138],[126.96044,37.54123],[126.96056,37.5412]]}},{"type":"Feature","properties":{"class":"minor","highway":"residential","sidewalk":"unknown","lanes":0,"name":"효창원로69길","oneway":false},"geometry":{"type":"LineString","coordinates":[[126.96055,37.54227],[126.96086,37.54266]]}},{"type":"Feature","properties":{"class":"minor","highway":"residential","sidewalk":"unknown","lanes":0,"name":"효창원로69길","oneway":false},"geometry":{"type":"LineString","coordinates":[[126.96154,37.54176],[126.96157,37.54201],[126.96165,37.5423]]}},{"type":"Feature","properties":{"class":"minor","highway":"residential","sidewalk":"unknown","lanes":0,"name":"백범로77길","oneway":false},"geometry":{"type":"LineString","coordinates":[[126.96677,37.54085],[126.96671,37.54081],[126.9664,37.54057],[126.96619,37.54041],[126.96601,37.54028],[126.96585,37.54018],[126.96527,37.53984],[126.96495,37.53958],[126.96458,37.53908],[126.9644,37.53885],[126.96427,37.53865],[126.96422,37.53857]]}},{"type":"Feature","properties":{"class":"minor","highway":"residential","sidewalk":"unknown","lanes":0,"name":"청파로47가길","oneway":false},"geometry":{"type":"LineString","coordinates":[[126.96693,37.54487],[126.96684,37.54462],[126.9668,37.54446],[126.9668,37.54444],[126.96671,37.54426],[126.96662,37.5441],[126.96659,37.54408],[126.96654,37.54404],[126.96642,37.54394],[126.96625,37.54377],[126.96603,37.54363],[126.96582,37.54355],[126.96551,37.5435],[126.96546,37.5435],[126.96499,37.54348],[126.96491,37.54348],[126.96472,37.54347],[126.96441,37.54346],[126.96388,37.54349],[126.9638,37.54319]]}},{"type":"Feature","properties":{"class":"minor","highway":"residential","sidewalk":"unknown","lanes":0,"name":"효창원로76길","oneway":false},"geometry":{"type":"LineString","coordinates":[[126.96372,37.54317],[126.9638,37.54319],[126.96414,37.54308],[126.96458,37.54292]]}},{"type":"Feature","properties":{"class":"minor","highway":"residential","sidewalk":"unknown","lanes":0,"name":"효창원로76길","oneway":false},"geometry":{"type":"LineString","coordinates":[[126.96339,37.54336],[126.96366,37.54327],[126.9638,37.54319]]}},{"type":"Feature","properties":{"class":"minor","highway":"residential","sidewalk":"unknown","lanes":0,"name":"효창원로76길","oneway":false},"geometry":{"type":"LineString","coordinates":[[126.96414,37.54308],[126.96463,37.54326],[126.96472,37.54347]]}},{"type":"Feature","properties":{"class":"minor","highway":"residential","sidewalk":"unknown","lanes":0,"name":"효창원로","oneway":false},"geometry":{"type":"LineString","coordinates":[[126.96228,37.54127],[126.96272,37.54132],[126.96318,37.54143],[126.9636,37.5415],[126.96405,37.54158]]}},{"type":"Feature","properties":{"class":"minor","highway":"residential","sidewalk":"unknown","lanes":0,"name":"효창원로72길","oneway":false},"geometry":{"type":"LineString","coordinates":[[126.96215,37.54174],[126.96243,37.54186],[126.96249,37.54209],[126.96274,37.54214],[126.96309,37.5423],[126.96339,37.54245],[126.964,37.54257],[126.96411,37.54225]]}},{"type":"Feature","properties":{"class":"minor","highway":"residential","sidewalk":"unknown","lanes":0,"name":"효창원로66길","oneway":false},"geometry":{"type":"LineString","coordinates":[[126.9619,37.54063],[126.96207,37.54066],[126.96248,37.54073],[126.96286,37.54082],[126.96334,37.54091],[126.96373,37.54098],[126.96418,37.54108],[126.96484,37.54119]]}},{"type":"Feature","properties":{"class":"minor","highway":"residential","sidewalk":"unknown","lanes":0,"name":"효창원로64길","oneway":false},"geometry":{"type":"LineString","coordinates":[[126.96173,37.54008],[126.96186,37.5401],[126.96215,37.54017],[126.96254,37.54023]]}},{"type":"Feature","properties":{"class":"minor","highway":"residential","sidewalk":"unknown","lanes":0,"name":"효창원로64길","oneway":false},"geometry":{"type":"LineString","coordinates":[[126.96382,37.54052],[126.96428,37.5406]]}},{"type":"Feature","properties":{"class":"minor","highway":"residential","sidewalk":"unknown","lanes":0,"name":"효창원로62길","oneway":false},"geometry":{"type":"LineString","coordinates":[[126.96251,37.54],[126.96276,37.54003],[126.96307,37.54011],[126.9634,37.54017]]}},{"type":"Feature","properties":{"class":"minor","highway":"residential","sidewalk":"unknown","lanes":0,"name":"원효로77가길","oneway":false},"geometry":{"type":"LineString","coordinates":[[126.96468,37.53977],[126.96479,37.53988],[126.9649,37.53998],[126.96502,37.54008],[126.96514,37.54015],[126.96525,37.54022],[126.96542,37.54026],[126.96558,37.54026],[126.96578,37.54023],[126.96601,37.54028]]}},{"type":"Feature","properties":{"class":"minor","highway":"residential","sidewalk":"unknown","lanes":0,"name":"효창원로64길","oneway":false},"geometry":{"type":"LineString","coordinates":[[126.96254,37.54023],[126.96248,37.54073]]}},{"type":"Feature","properties":{"class":"minor","highway":"residential","sidewalk":"unknown","lanes":0,"name":"효창원로62길","oneway":false},"geometry":{"type":"LineString","coordinates":[[126.96276,37.54003],[126.96281,37.53982]]}},{"type":"Feature","properties":{"class":"minor","highway":"residential","sidewalk":"unknown","lanes":0,"name":"효창원로64길","oneway":false},"geometry":{"type":"LineString","coordinates":[[126.96207,37.54066],[126.96215,37.54017]]}},{"type":"Feature","properties":{"class":"minor","highway":"residential","sidewalk":"unknown","lanes":0,"name":"효창원로66길","oneway":false},"geometry":{"type":"LineString","coordinates":[[126.96248,37.54073],[126.96236,37.54111],[126.96228,37.54127],[126.96209,37.54127]]}},{"type":"Feature","properties":{"class":"minor","highway":"residential","sidewalk":"unknown","lanes":0,"name":"효창원로66길","oneway":false},"geometry":{"type":"LineString","coordinates":[[126.96286,37.54082],[126.96272,37.54132],[126.96265,37.54161]]}},{"type":"Feature","properties":{"class":"minor","highway":"residential","sidewalk":"unknown","lanes":0,"name":"효창원로66길","oneway":false},"geometry":{"type":"LineString","coordinates":[[126.96334,37.54091],[126.96318,37.54143],[126.96311,37.54166]]}},{"type":"Feature","properties":{"class":"minor","highway":"residential","sidewalk":"unknown","lanes":0,"name":"효창원로66길","oneway":false},"geometry":{"type":"LineString","coordinates":[[126.96373,37.54098],[126.9636,37.5415],[126.96354,37.54175]]}},{"type":"Feature","properties":{"class":"minor","highway":"residential","sidewalk":"unknown","lanes":0,"name":"효창원로66길","oneway":false},"geometry":{"type":"LineString","coordinates":[[126.96418,37.54108],[126.96405,37.54158],[126.96398,37.54185]]}},{"type":"Feature","properties":{"class":"minor","highway":"residential","sidewalk":"unknown","lanes":0,"name":"만리재로26가길","oneway":false},"geometry":{"type":"LineString","coordinates":[[126.96393,37.55226],[126.964,37.5522],[126.96415,37.55219],[126.96426,37.55218],[126.96437,37.5522],[126.96445,37.55221],[126.96462,37.55221],[126.96467,37.55221],[126.96477,37.55222],[126.96482,37.55223],[126.96507,37.55236],[126.96526,37.55241],[126.96545,37.55253],[126.96555,37.55258]]}},{"type":"Feature","properties":{"class":"minor","highway":"residential","sidewalk":"unknown","lanes":0,"name":"만리재로24길","oneway":false},"geometry":{"type":"LineString","coordinates":[[126.96429,37.55184],[126.96435,37.55198],[126.96462,37.55221]]}},{"type":"Feature","properties":{"class":"alley","highway":"pedestrian","sidewalk":"unknown","lanes":0,"name":"효창원로104다길","oneway":false},"geometry":{"type":"LineString","coordinates":[[126.96519,37.55113],[126.96524,37.55117],[126.9654,37.55124],[126.96551,37.55127],[126.96557,37.55131]]}},{"type":"Feature","properties":{"class":"minor","highway":"residential","sidewalk":"unknown","lanes":0,"name":"효창원로104다길","oneway":false},"geometry":{"type":"LineString","coordinates":[[126.96565,37.5517],[126.96579,37.55162],[126.9658,37.55159],[126.96576,37.55153],[126.96562,37.55137],[126.96557,37.55131]]}},{"type":"Feature","properties":{"class":"minor","highway":"residential","sidewalk":"unknown","lanes":0,"name":"효창원로104다길","oneway":false},"geometry":{"type":"LineString","coordinates":[[126.96603,37.55162],[126.9658,37.55159]]}},{"type":"Feature","properties":{"class":"minor","highway":"residential","sidewalk":"unknown","lanes":0,"name":"효창원로104라길","oneway":false},"geometry":{"type":"LineString","coordinates":[[126.96557,37.55131],[126.96573,37.55119],[126.96581,37.5511],[126.96582,37.55104],[126.96575,37.55097],[126.96562,37.55087],[126.96555,37.55075],[126.96548,37.5506],[126.96543,37.55049],[126.96542,37.55039]]}},{"type":"Feature","properties":{"class":"minor","highway":"residential","sidewalk":"unknown","lanes":0,"name":"효창원로104길","oneway":false},"geometry":{"type":"LineString","coordinates":[[126.96587,37.55038],[126.96586,37.55081],[126.96624,37.55083],[126.96634,37.55038]]}},{"type":"Feature","properties":{"class":"minor","highway":"residential","sidewalk":"unknown","lanes":0,"name":"만리재로12가길","oneway":false},"geometry":{"type":"LineString","coordinates":[[126.96109,37.54958],[126.96129,37.54961],[126.9614,37.5496],[126.9615,37.5496],[126.96157,37.54958],[126.96168,37.54953],[126.9618,37.54948],[126.96221,37.54939],[126.96236,37.54935],[126.96252,37.54931],[126.9629,37.54925],[126.96306,37.54924]]}},{"type":"Feature","properties":{"class":"minor","highway":"residential","sidewalk":"unknown","lanes":0,"name":"효창원로94길","oneway":false},"geometry":{"type":"LineString","coordinates":[[126.96344,37.54842],[126.96372,37.54832],[126.96388,37.54827],[126.96431,37.54823],[126.9647,37.5482],[126.9651,37.54814]]}},{"type":"Feature","properties":{"class":"minor","highway":"residential","sidewalk":"unknown","lanes":0,"name":"효창원로93길","oneway":false},"geometry":{"type":"LineString","coordinates":[[126.96109,37.54709],[126.96123,37.54726],[126.96136,37.54738],[126.96151,37.54751],[126.96161,37.54755],[126.9618,37.54757],[126.96186,37.54757],[126.96203,37.54774],[126.96223,37.54793],[126.96233,37.54805],[126.96237,37.54825],[126.96242,37.54833],[126.96249,37.54845],[126.96265,37.54848],[126.96288,37.54842],[126.96299,37.54841],[126.96304,37.54841],[126.96344,37.54842]]}},{"type":"Feature","properties":{"class":"minor","highway":"residential","sidewalk":"unknown","lanes":0,"name":"만리재옛12길","oneway":false},"geometry":{"type":"LineString","coordinates":[[126.95946,37.55],[126.95954,37.54988],[126.95968,37.5499],[126.96031,37.54998]]}},{"type":"Feature","properties":{"class":"minor","highway":"residential","sidewalk":"unknown","lanes":0,"name":"효창원로94나길","oneway":false},"geometry":{"type":"LineString","coordinates":[[126.96378,37.54885],[126.9638,37.54881],[126.96397,37.54869],[126.96406,37.54863],[126.96413,37.54855],[126.96432,37.54834],[126.96431,37.54823]]}},{"type":"Feature","properties":{"class":"minor","highway":"residential","sidewalk":"unknown","lanes":0,"name":"효창원로104마길","oneway":false},"geometry":{"type":"LineString","coordinates":[[126.96419,37.5495],[126.96436,37.54953],[126.96448,37.54957],[126.96457,37.5496],[126.96474,37.54971],[126.96485,37.5498],[126.96496,37.54986],[126.96511,37.54989],[126.96523,37.55002],[126.96537,37.5502],[126.96545,37.55024],[126.96548,37.55039]]}},{"type":"Feature","properties":{"class":"minor","highway":"residential","sidewalk":"unknown","lanes":0,"name":"효창원로86다길","oneway":false},"geometry":{"type":"LineString","coordinates":[[126.96657,37.54837],[126.96618,37.54837],[126.96582,37.54837],[126.96546,37.54837],[126.9651,37.54837]]}},{"type":"Feature","properties":{"class":"minor","highway":"residential","sidewalk":"unknown","lanes":0,"name":"청파로73길","oneway":false},"geometry":{"type":"LineString","coordinates":[[126.96813,37.5521],[126.96786,37.55211],[126.96761,37.55212],[126.96718,37.55215],[126.96681,37.55218],[126.96664,37.5522],[126.96644,37.55225],[126.96634,37.55234],[126.96623,37.55242],[126.96613,37.55245],[126.96595,37.55241],[126.96585,37.5523],[126.96586,37.55222],[126.96595,37.5521],[126.96596,37.55209],[126.96603,37.55206],[126.96625,37.55199],[126.96631,37.55198],[126.96668,37.55189]]}},{"type":"Feature","properties":{"class":"minor","highway":"residential","sidewalk":"unknown","lanes":0,"name":"만리재로28길","oneway":false},"geometry":{"type":"LineString","coordinates":[[126.96484,37.55304],[126.96515,37.55284],[126.9652,37.55284],[126.96527,37.5528]]}},{"type":"Feature","properties":{"class":"minor","highway":"residential","sidewalk":"unknown","lanes":0,"name":"효창원로95길","oneway":false},"geometry":{"type":"LineString","coordinates":[[126.96097,37.54854],[126.96132,37.54852]]}},{"type":"Feature","properties":{"class":"major","highway":"tertiary","sidewalk":"likely","lanes":0,"name":"임정로","oneway":true},"geometry":{"type":"LineString","coordinates":[[126.96159,37.54684],[126.96105,37.54669],[126.96069,37.5465],[126.95997,37.54616],[126.95988,37.54612],[126.9592,37.54583],[126.95885,37.5457],[126.95851,37.54548],[126.95815,37.54521],[126.95806,37.545],[126.95794,37.54473],[126.95783,37.54446],[126.95779,37.54438],[126.95774,37.5442],[126.95771,37.54411],[126.95766,37.54391],[126.95768,37.54379],[126.95779,37.5436],[126.95799,37.54345],[126.95813,37.54335],[126.95838,37.54326],[126.95855,37.54326],[126.95869,37.54326]]}},{"type":"Feature","properties":{"class":"major","highway":"primary","sidewalk":"likely","lanes":3,"name":"서소문로","oneway":true},"geometry":{"type":"LineString","coordinates":[[126.96431,37.5596],[126.96413,37.55959],[126.96401,37.55953],[126.96391,37.55948],[126.96375,37.5594],[126.96354,37.55934],[126.96342,37.55932],[126.96329,37.55931],[126.96307,37.55931]]}},{"type":"Feature","properties":{"class":"major","highway":"primary","sidewalk":"likely","lanes":0,"name":"서소문로","oneway":false},"geometry":{"type":"LineString","coordinates":[[126.96431,37.5596],[126.96459,37.55978]]}},{"type":"Feature","properties":{"class":"major","highway":"primary","sidewalk":"likely","lanes":0,"name":"신촌로","oneway":true},"geometry":{"type":"LineString","coordinates":[[126.96155,37.55908],[126.9609,37.55858],[126.96035,37.55813],[126.96007,37.55791],[126.9597,37.55761]]}},{"type":"Feature","properties":{"class":"major","highway":"tertiary","sidewalk":"likely","lanes":0,"name":"손기정로","oneway":false},"geometry":{"type":"LineString","coordinates":[[126.96276,37.556],[126.96289,37.55593],[126.96345,37.55565],[126.96356,37.55556],[126.96374,37.55529],[126.96391,37.55507],[126.96403,37.55496],[126.9642,37.55493],[126.96434,37.5549],[126.96467,37.55492],[126.96494,37.55493]]}},{"type":"Feature","properties":{"class":"major","highway":"primary","sidewalk":"likely","lanes":0,"name":"만리재로","oneway":true},"geometry":{"type":"LineString","coordinates":[[126.96294,37.55193],[126.96246,37.55155]]}},{"type":"Feature","properties":{"class":"major","highway":"tertiary","sidewalk":"likely","lanes":0,"name":"만리재옛길","oneway":false},"geometry":{"type":"LineString","coordinates":[[126.95706,37.54817],[126.9573,37.54843],[126.95739,37.54854],[126.95771,37.54891],[126.95787,37.54908],[126.95806,37.5493],[126.95831,37.54941],[126.95846,37.54949],[126.95861,37.54957],[126.95888,37.54971],[126.95946,37.55],[126.96009,37.55042],[126.96021,37.55049],[126.96027,37.55054],[126.96032,37.55057],[126.96113,37.55104],[126.96131,37.55112],[126.96156,37.55119],[126.96164,37.55121]]}},{"type":"Feature","properties":{"class":"minor","highway":"residential","sidewalk":"unknown","lanes":0,"name":"효창목길","oneway":false},"geometry":{"type":"LineString","coordinates":[[126.96068,37.54727],[126.96061,37.54745],[126.96059,37.54772],[126.96056,37.54777],[126.96053,37.54781],[126.96049,37.54785],[126.96044,37.54789],[126.96038,37.54791],[126.96032,37.54793],[126.96024,37.54793],[126.96012,37.54792],[126.96001,37.54792],[126.95991,37.54789],[126.95986,37.54786],[126.9598,37.54782],[126.95974,37.54777],[126.95969,37.54773],[126.95956,37.54759],[126.95939,37.54744],[126.95918,37.54727]]}},{"type":"Feature","properties":{"class":"major","highway":"tertiary","sidewalk":"likely","lanes":0,"name":"임정로","oneway":true},"geometry":{"type":"LineString","coordinates":[[126.95869,37.54326],[126.95877,37.54326],[126.95908,37.54333],[126.95951,37.54338],[126.95973,37.54339],[126.96023,37.54336],[126.96041,37.54311],[126.96057,37.54291],[126.96064,37.54283],[126.96073,37.54276],[126.96079,37.5427],[126.96086,37.54266],[126.96115,37.54251],[126.96165,37.5423],[126.96214,37.54209]]}},{"type":"Feature","properties":{"class":"major","highway":"tertiary","sidewalk":"likely","lanes":0,"name":"효창원로","oneway":false},"geometry":{"type":"LineString","coordinates":[[126.96142,37.53931],[126.96149,37.53946],[126.96155,37.5396],[126.96156,37.53962],[126.96173,37.54008],[126.9619,37.54063],[126.96197,37.54081],[126.96202,37.54098],[126.96209,37.54127],[126.96213,37.54144],[126.96214,37.5415],[126.96215,37.54174],[126.96214,37.54209],[126.96215,37.54255],[126.96226,37.54285],[126.96234,37.5433],[126.96233,37.54341],[126.9623,37.5437],[126.96315,37.54386],[126.96349,37.54395],[126.96371,37.54418],[126.96379,37.54448],[126.96356,37.54498]]}},{"type":"Feature","properties":{"class":"major","highway":"primary","sidewalk":"likely","lanes":2,"name":"만리재로","oneway":true},"geometry":{"type":"LineString","coordinates":[[126.96892,37.55528],[126.96875,37.55528],[126.96861,37.55528],[126.96848,37.55527],[126.96836,37.55524],[126.96826,37.55519],[126.96804,37.55507],[126.96786,37.55497],[126.96765,37.55486],[126.96745,37.55475],[126.96723,37.55465],[126.96698,37.55455],[126.96665,37.55444],[126.96636,37.55438],[126.96613,37.55431],[126.9659,37.55424],[126.96574,37.55416],[126.96552,37.55402],[126.96529,37.55388],[126.9652,37.55381],[126.96473,37.55347],[126.96453,37.55329],[126.96439,37.55317],[126.96397,37.55279],[126.96356,37.55244],[126.96294,37.55193]]}},{"type":"Feature","properties":{"class":"major","highway":"tertiary","sidewalk":"likely","lanes":0,"name":"효창원로","oneway":false},"geometry":{"type":"LineString","coordinates":[[126.96356,37.54498],[126.96319,37.5456],[126.96319,37.54562],[126.96316,37.54569],[126.96313,37.54578],[126.96317,37.54599],[126.96329,37.54625],[126.96332,37.54631],[126.96334,37.54644],[126.96334,37.54648]]}},{"type":"Feature","properties":{"class":"major","highway":"tertiary","sidewalk":"likely","lanes":0,"name":"중림로","oneway":false},"geometry":{"type":"LineString","coordinates":[[126.96897,37.55694],[126.96877,37.55705],[126.96874,37.55706],[126.96842,37.55723],[126.96803,37.55751],[126.96731,37.55794],[126.96726,37.55797],[126.96683,37.55821],[126.96658,37.55836],[126.96637,37.55848],[126.96629,37.55852],[126.96624,37.55854],[126.96551,37.5589],[126.96531,37.55897],[126.96525,37.55898],[126.9652,37.55899],[126.96513,37.559],[126.96442,37.55908],[126.96411,37.55909],[126.9641,37.5591],[126.96407,37.55909],[126.9637,37.55913]]}},{"type":"Feature","properties":{"class":"major","highway":"tertiary","sidewalk":"likely","lanes":0,"name":"손기정로","oneway":false},"geometry":{"type":"LineString","coordinates":[[126.96047,37.55784],[126.96105,37.55738],[126.96159,37.55694],[126.9618,37.55677],[126.96214,37.55649],[126.96236,37.55632],[126.96276,37.556]]}},{"type":"Feature","properties":{"class":"minor","highway":"residential","sidewalk":"unknown","lanes":0,"name":"","oneway":true},"geometry":{"type":"LineString","coordinates":[[126.96337,37.54669],[126.96333,37.54668],[126.9633,37.54667],[126.96327,37.54664],[126.96325,37.54661],[126.96325,37.54658],[126.96325,37.54655],[126.96327,37.54652],[126.9633,37.54649],[126.96334,37.54648],[126.96338,37.54648],[126.96342,37.54648],[126.96346,37.5465],[126.96349,37.54652],[126.96351,37.54655],[126.96351,37.54659],[126.96351,37.54662],[126.96349,37.54665],[126.96345,37.54667],[126.96342,37.54668],[126.96337,37.54669]]}},{"type":"Feature","properties":{"class":"alley","highway":"service","sidewalk":"unknown","lanes":0,"name":"","oneway":false},"geometry":{"type":"LineString","coordinates":[[126.96629,37.54193],[126.9654,37.54208],[126.96532,37.54211],[126.96508,37.54222],[126.96524,37.54299],[126.96536,37.54299],[126.96542,37.54334],[126.96546,37.5435]]}},{"type":"Feature","properties":{"class":"major","highway":"primary","sidewalk":"likely","lanes":0,"name":"충정로","oneway":true},"geometry":{"type":"LineString","coordinates":[[126.96278,37.55989],[126.96297,37.56016],[126.96336,37.56074],[126.96355,37.56106],[126.96357,37.5611],[126.96373,37.56138],[126.96412,37.56206],[126.9643,37.56232],[126.96432,37.56236]]}},{"type":"Feature","properties":{"class":"major","highway":"primary","sidewalk":"likely","lanes":0,"name":"서소문로","oneway":true},"geometry":{"type":"LineString","coordinates":[[126.96307,37.55931],[126.96235,37.55933],[126.96213,37.55932],[126.96187,37.55926],[126.96155,37.55908]]}},{"type":"Feature","properties":{"class":"major","highway":"primary","sidewalk":"likely","lanes":0,"name":"신촌로","oneway":true},"geometry":{"type":"LineString","coordinates":[[126.96153,37.55883],[126.96185,37.55912],[126.96213,37.55932]]}},{"type":"Feature","properties":{"class":"major","highway":"primary","sidewalk":"likely","lanes":0,"name":"신촌로","oneway":true},"geometry":{"type":"LineString","coordinates":[[126.95948,37.55717],[126.9604,37.5579],[126.96153,37.55883]]}},{"type":"Feature","properties":{"class":"major","highway":"primary","sidewalk":"likely","lanes":3,"name":"서소문로","oneway":true},"geometry":{"type":"LineString","coordinates":[[126.96153,37.55883],[126.96186,37.55897],[126.96206,37.55903],[126.96215,37.55905],[126.96276,37.55912],[126.96307,37.55914],[126.9633,37.55915]]}},{"type":"Feature","properties":{"class":"alley","highway":"service","sidewalk":"unknown","lanes":0,"name":"","oneway":false},"geometry":{"type":"LineString","coordinates":[[126.96329,37.54625],[126.96339,37.5462],[126.96378,37.54623],[126.9642,37.54627],[126.96474,37.54631],[126.96532,37.54636]]}},{"type":"Feature","properties":{"class":"alley","highway":"service","sidewalk":"unknown","lanes":0,"name":"","oneway":false},"geometry":{"type":"LineString","coordinates":[[126.96378,37.54623],[126.96385,37.54575],[126.96404,37.54577],[126.96456,37.54581],[126.96479,37.54583],[126.96508,37.54585],[126.96534,37.54588]]}},{"type":"Feature","properties":{"class":"alley","highway":"service","sidewalk":"unknown","lanes":0,"name":"","oneway":false},"geometry":{"type":"LineString","coordinates":[[126.96385,37.54575],[126.96373,37.54574]]}},{"type":"Feature","properties":{"class":"alley","highway":"service","sidewalk":"unknown","lanes":0,"name":"","oneway":false},"geometry":{"type":"LineString","coordinates":[[126.96474,37.54631],[126.96479,37.54583],[126.96483,37.54547],[126.96485,37.54528],[126.96486,37.54517]]}},{"type":"Feature","properties":{"class":"alley","highway":"service","sidewalk":"unknown","lanes":0,"name":"","oneway":false},"geometry":{"type":"LineString","coordinates":[[126.96469,37.54547],[126.96483,37.54547]]}},{"type":"Feature","properties":{"class":"alley","highway":"service","sidewalk":"unknown","lanes":0,"name":"","oneway":false},"geometry":{"type":"LineString","coordinates":[[126.96417,37.54649],[126.96416,37.54654],[126.96445,37.54656],[126.96442,37.54659]]}},{"type":"Feature","properties":{"class":"alley","highway":"service","sidewalk":"unknown","lanes":0,"name":"수련교수회관-행파관","oneway":false},"geometry":{"type":"LineString","coordinates":[[126.96445,37.54656],[126.96459,37.54656]]}},{"type":"Feature","properties":{"class":"alley","highway":"service","sidewalk":"unknown","lanes":0,"name":"","oneway":false},"geometry":{"type":"LineString","coordinates":[[126.96486,37.54514],[126.96487,37.54488]]}},{"type":"Feature","properties":{"class":"alley","highway":"service","sidewalk":"unknown","lanes":0,"name":"","oneway":false},"geometry":{"type":"LineString","coordinates":[[126.96508,37.54585],[126.96506,37.54564]]}},{"type":"Feature","properties":{"class":"alley","highway":"service","sidewalk":"unknown","lanes":0,"name":"","oneway":false},"geometry":{"type":"LineString","coordinates":[[126.96474,37.54631],[126.96474,37.54635]]}},{"type":"Feature","properties":{"class":"alley","highway":"service","sidewalk":"unknown","lanes":0,"name":"","oneway":false},"geometry":{"type":"LineString","coordinates":[[126.96404,37.54577],[126.96409,37.54535],[126.96402,37.54535]]}},{"type":"Feature","properties":{"class":"alley","highway":"service","sidewalk":"unknown","lanes":0,"name":"","oneway":false},"geometry":{"type":"LineString","coordinates":[[126.96385,37.54575],[126.96383,37.54569]]}},{"type":"Feature","properties":{"class":"alley","highway":"service","sidewalk":"unknown","lanes":0,"name":"","oneway":false},"geometry":{"type":"LineString","coordinates":[[126.96456,37.54581],[126.96459,37.54559]]}},{"type":"Feature","properties":{"class":"alley","highway":"service","sidewalk":"unknown","lanes":0,"name":"","oneway":false},"geometry":{"type":"LineString","coordinates":[[126.96483,37.54547],[126.96496,37.54547]]}},{"type":"Feature","properties":{"class":"alley","highway":"service","sidewalk":"unknown","lanes":0,"name":"","oneway":false},"geometry":{"type":"LineString","coordinates":[[126.96485,37.54528],[126.96496,37.5453]]}},{"type":"Feature","properties":{"class":"alley","highway":"service","sidewalk":"unknown","lanes":0,"name":"효창원로95길","oneway":false},"geometry":{"type":"LineString","coordinates":[[126.96305,37.54868],[126.96305,37.54883]]}},{"type":"Feature","properties":{"class":"minor","highway":"residential","sidewalk":"unknown","lanes":0,"name":"만리재로12나길","oneway":false},"geometry":{"type":"LineString","coordinates":[[126.96167,37.54925],[126.9618,37.54948]]}},{"type":"Feature","properties":{"class":"minor","highway":"residential","sidewalk":"unknown","lanes":0,"name":"만리재로10길","oneway":false},"geometry":{"type":"LineString","coordinates":[[126.96006,37.54893],[126.96026,37.54904]]}},{"type":"Feature","properties":{"class":"minor","highway":"residential","sidewalk":"unknown","lanes":0,"name":"북아현로4마길","oneway":false},"geometry":{"type":"LineString","coordinates":[[126.95968,37.55935],[126.96015,37.55918],[126.96028,37.55913]]}},{"type":"Feature","properties":{"class":"alley","highway":"service","sidewalk":"unknown","lanes":0,"name":"","oneway":false},"geometry":{"type":"LineString","coordinates":[[126.95901,37.55182],[126.95914,37.55167],[126.95926,37.55154],[126.95946,37.55132],[126.95953,37.55124],[126.95964,37.55112],[126.95986,37.55088],[126.95991,37.55082],[126.96002,37.5507],[126.96021,37.55049]]}},{"type":"Feature","properties":{"class":"alley","highway":"service","sidewalk":"unknown","lanes":0,"name":"","oneway":false},"geometry":{"type":"LineString","coordinates":[[126.95964,37.54063],[126.95977,37.54058],[126.96003,37.54068],[126.96023,37.54061]]}},{"type":"Feature","properties":{"class":"alley","highway":"service","sidewalk":"unknown","lanes":0,"name":"","oneway":false},"geometry":{"type":"LineString","coordinates":[[126.9641,37.55748],[126.96427,37.55744],[126.9644,37.55744],[126.96443,37.55743],[126.96457,37.55741],[126.9646,37.55726],[126.96487,37.55723],[126.96495,37.5572]]}},{"type":"Feature","properties":{"class":"alley","highway":"service","sidewalk":"unknown","lanes":0,"name":"","oneway":false},"geometry":{"type":"LineString","coordinates":[[126.9644,37.55744],[126.96439,37.5575]]}},{"type":"Feature","properties":{"class":"alley","highway":"service","sidewalk":"unknown","lanes":0,"name":"","oneway":false},"geometry":{"type":"LineString","coordinates":[[126.9652,37.55899],[126.96515,37.55892],[126.96488,37.5586],[126.96484,37.55856],[126.96482,37.55853],[126.96473,37.55845],[126.96457,37.55846],[126.96452,37.55845],[126.96443,37.55842],[126.96438,37.55829],[126.96438,37.55824],[126.96445,37.55816],[126.96453,37.55812],[126.96465,37.55807],[126.96469,37.55805],[126.9648,37.55801],[126.96485,37.55799],[126.96497,37.55792],[126.96497,37.55775],[126.96509,37.55764],[126.96514,37.55763],[126.96526,37.55759],[126.96531,37.55761],[126.96539,37.55765],[126.96543,37.55773],[126.96544,37.55775],[126.96549,37.55781],[126.9656,37.55796],[126.96567,37.55809],[126.96577,37.55817],[126.96581,37.5582],[126.96595,37.55813],[126.96602,37.55809],[126.96606,37.55798],[126.96623,37.55786],[126.96637,37.55782],[126.9664,37.55782],[126.96655,37.55781],[126.9667,37.55799],[126.96679,37.55808],[126.96683,37.55821]]}},{"type":"Feature","properties":{"class":"alley","highway":"service","sidewalk":"unknown","lanes":0,"name":"","oneway":false},"geometry":{"type":"LineString","coordinates":[[126.96488,37.5586],[126.96502,37.55853],[126.9651,37.5585],[126.96523,37.55843],[126.96548,37.55831],[126.96551,37.55829],[126.96558,37.55826],[126.96577,37.55817]]}},{"type":"Feature","properties":{"class":"alley","highway":"service","sidewalk":"unknown","lanes":0,"name":"","oneway":false},"geometry":{"type":"LineString","coordinates":[[126.96523,37.55843],[126.96534,37.55856],[126.96558,37.55845],[126.96548,37.55831]]}},{"type":"Feature","properties":{"class":"alley","highway":"service","sidewalk":"unknown","lanes":0,"name":"","oneway":false},"geometry":{"type":"LineString","coordinates":[[126.9651,37.5585],[126.96503,37.55845]]}},{"type":"Feature","properties":{"class":"alley","highway":"service","sidewalk":"unknown","lanes":0,"name":"","oneway":false},"geometry":{"type":"LineString","coordinates":[[126.96558,37.55826],[126.96552,37.55817]]}},{"type":"Feature","properties":{"class":"alley","highway":"service","sidewalk":"unknown","lanes":0,"name":"","oneway":false},"geometry":{"type":"LineString","coordinates":[[126.96549,37.55781],[126.96567,37.55773],[126.96571,37.55771],[126.96581,37.55767]]}},{"type":"Feature","properties":{"class":"alley","highway":"service","sidewalk":"unknown","lanes":0,"name":"","oneway":false},"geometry":{"type":"LineString","coordinates":[[126.96531,37.55761],[126.96528,37.55758],[126.96525,37.55753]]}},{"type":"Feature","properties":{"class":"alley","highway":"service","sidewalk":"unknown","lanes":0,"name":"","oneway":false},"geometry":{"type":"LineString","coordinates":[[126.96528,37.55758],[126.96546,37.55749]]}},{"type":"Feature","properties":{"class":"alley","highway":"service","sidewalk":"unknown","lanes":0,"name":"","oneway":false},"geometry":{"type":"LineString","coordinates":[[126.96497,37.55775],[126.96487,37.55764],[126.96508,37.55754]]}},{"type":"Feature","properties":{"class":"alley","highway":"service","sidewalk":"unknown","lanes":0,"name":"","oneway":false},"geometry":{"type":"LineString","coordinates":[[126.9648,37.55801],[126.96466,37.55784],[126.96455,37.5577],[126.96434,37.55779]]}},{"type":"Feature","properties":{"class":"alley","highway":"service","sidewalk":"unknown","lanes":0,"name":"","oneway":false},"geometry":{"type":"LineString","coordinates":[[126.96452,37.55845],[126.96444,37.5585]]}},{"type":"Feature","properties":{"class":"minor","highway":"residential","sidewalk":"unknown","lanes":0,"name":"","oneway":false},"geometry":{"type":"LineString","coordinates":[[126.96538,37.55447],[126.96552,37.55455]]}},{"type":"Feature","properties":{"class":"alley","highway":"service","sidewalk":"unknown","lanes":0,"name":"","oneway":false},"geometry":{"type":"LineString","coordinates":[[126.96494,37.55493],[126.96508,37.55493],[126.96526,37.55499]]}},{"type":"Feature","properties":{"class":"minor","highway":"residential","sidewalk":"unknown","lanes":0,"name":"","oneway":false},"geometry":{"type":"LineString","coordinates":[[126.9642,37.55493],[126.96377,37.55467],[126.96345,37.55469]]}},{"type":"Feature","properties":{"class":"minor","highway":"residential","sidewalk":"unknown","lanes":0,"name":"","oneway":false},"geometry":{"type":"LineString","coordinates":[[126.96377,37.55467],[126.96365,37.55459],[126.96363,37.55455],[126.96364,37.5545],[126.96366,37.55446]]}},{"type":"Feature","properties":{"class":"minor","highway":"residential","sidewalk":"unknown","lanes":0,"name":"","oneway":false},"geometry":{"type":"LineString","coordinates":[[126.96345,37.55565],[126.96331,37.55542]]}},{"type":"Feature","properties":{"class":"alley","highway":"service","sidewalk":"unknown","lanes":0,"name":"","oneway":false},"geometry":{"type":"LineString","coordinates":[[126.96179,37.55237],[126.96188,37.55234],[126.96241,37.55232],[126.96244,37.55238],[126.96251,37.55254],[126.96251,37.55256],[126.96255,37.55265],[126.96262,37.55284]]}},{"type":"Feature","properties":{"class":"minor","highway":"residential","sidewalk":"unknown","lanes":0,"name":"","oneway":false},"geometry":{"type":"LineString","coordinates":[[126.96356,37.55244],[126.96337,37.55272],[126.96324,37.55295],[126.96323,37.55317]]}},{"type":"Feature","properties":{"class":"minor","highway":"residential","sidewalk":"unknown","lanes":0,"name":"","oneway":false},"geometry":{"type":"LineString","coordinates":[[126.95991,37.55082],[126.9601,37.55092],[126.96013,37.55102],[126.96025,37.55109],[126.96038,37.55117],[126.96042,37.55119],[126.96018,37.55146],[126.96027,37.55152]]}},{"type":"Feature","properties":{"class":"minor","highway":"residential","sidewalk":"unknown","lanes":0,"name":"","oneway":false},"geometry":{"type":"LineString","coordinates":[[126.96013,37.55102],[126.96008,37.55107],[126.95993,37.55124],[126.95986,37.55132]]}},{"type":"Feature","properties":{"class":"minor","highway":"residential","sidewalk":"unknown","lanes":0,"name":"","oneway":false},"geometry":{"type":"LineString","coordinates":[[126.96077,37.55165],[126.96061,37.55156],[126.96057,37.55161],[126.96047,37.55155]]}},{"type":"Feature","properties":{"class":"minor","highway":"residential","sidewalk":"unknown","lanes":0,"name":"","oneway":false},"geometry":{"type":"LineString","coordinates":[[126.96061,37.55156],[126.9605,37.55149],[126.96047,37.55148],[126.96067,37.55128],[126.96071,37.55124]]}},{"type":"Feature","properties":{"class":"minor","highway":"residential","sidewalk":"unknown","lanes":0,"name":"","oneway":false},"geometry":{"type":"LineString","coordinates":[[126.96077,37.55165],[126.96098,37.55143]]}},{"type":"Feature","properties":{"class":"minor","highway":"residential","sidewalk":"unknown","lanes":0,"name":"","oneway":false},"geometry":{"type":"LineString","coordinates":[[126.96117,37.54706],[126.96105,37.54669]]}},{"type":"Feature","properties":{"class":"major","highway":"primary_link","sidewalk":"likely","lanes":0,"name":"","oneway":true},"geometry":{"type":"LineString","coordinates":[[126.96545,37.55442],[126.96546,37.55433],[126.96549,37.55427],[126.9655,37.55421],[126.9655,37.55416],[126.96547,37.5541],[126.96542,37.55404],[126.96534,37.55396],[126.96529,37.55388]]}},{"type":"Feature","properties":{"class":"major","highway":"primary_link","sidewalk":"likely","lanes":0,"name":"","oneway":true},"geometry":{"type":"LineString","coordinates":[[126.9641,37.5591],[126.96399,37.55914],[126.96399,37.55916],[126.96396,37.55921],[126.96393,37.55926],[126.96391,37.55936]]}},{"type":"Feature","properties":{"class":"alley","highway":"service","sidewalk":"unknown","lanes":0,"name":"","oneway":false},"geometry":{"type":"LineString","coordinates":[[126.96355,37.54572],[126.96316,37.54569]]}},{"type":"Feature","properties":{"class":"alley","highway":"service","sidewalk":"unknown","lanes":0,"name":"","oneway":false},"geometry":{"type":"LineString","coordinates":[[126.96373,37.54574],[126.96355,37.54572]]}},{"type":"Feature","properties":{"class":"alley","highway":"service","sidewalk":"unknown","lanes":0,"name":"","oneway":false},"geometry":{"type":"LineString","coordinates":[[126.96568,37.54584],[126.96587,37.54584],[126.96588,37.54602]]}},{"type":"Feature","properties":{"class":"alley","highway":"service","sidewalk":"unknown","lanes":0,"name":"","oneway":false},"geometry":{"type":"LineString","coordinates":[[126.96568,37.54571],[126.96568,37.54584],[126.96569,37.54601],[126.96588,37.54602]]}},{"type":"Feature","properties":{"class":"alley","highway":"service","sidewalk":"unknown","lanes":0,"name":"","oneway":false},"geometry":{"type":"LineString","coordinates":[[126.96543,37.54585],[126.96549,37.54571],[126.96568,37.54571],[126.96601,37.5457]]}},{"type":"Feature","properties":{"class":"alley","highway":"service","sidewalk":"unknown","lanes":0,"name":"","oneway":false},"geometry":{"type":"LineString","coordinates":[[126.96419,37.54631],[126.96417,37.54649]]}},{"type":"Feature","properties":{"class":"alley","highway":"service","sidewalk":"unknown","lanes":0,"name":"","oneway":false},"geometry":{"type":"LineString","coordinates":[[126.9642,37.54627],[126.96419,37.54631]]}},{"type":"Feature","properties":{"class":"major","highway":"tertiary","sidewalk":"likely","lanes":0,"name":"중림로","oneway":true},"geometry":{"type":"LineString","coordinates":[[126.96354,37.55934],[126.96358,37.5592],[126.9636,37.55917],[126.96362,37.55915],[126.9637,37.55913]]}},{"type":"Feature","properties":{"class":"major","highway":"primary","sidewalk":"likely","lanes":0,"name":"충정로","oneway":true},"geometry":{"type":"LineString","coordinates":[[126.96315,37.56082],[126.96296,37.56053],[126.96282,37.56031],[126.9627,37.56012],[126.96253,37.55992],[126.96228,37.5597],[126.96224,37.55967],[126.96205,37.5595]]}},{"type":"Feature","properties":{"class":"minor","highway":"residential","sidewalk":"unknown","lanes":0,"name":"충정로4길","oneway":false},"geometry":{"type":"LineString","coordinates":[[126.96438,37.56018],[126.9645,37.56001],[126.96452,37.55998],[126.96467,37.55983]]}},{"type":"Feature","properties":{"class":"major","highway":"primary","sidewalk":"likely","lanes":0,"name":"서소문로","oneway":false},"geometry":{"type":"LineString","coordinates":[[126.96459,37.55978],[126.96467,37.55983]]}},{"type":"Feature","properties":{"class":"major","highway":"primary","sidewalk":"likely","lanes":2,"name":"서소문로","oneway":false},"geometry":{"type":"LineString","coordinates":[[126.96467,37.55983],[126.96527,37.56021],[126.96561,37.56042],[126.96586,37.56058]]}},{"type":"Feature","properties":{"class":"minor","highway":"residential","sidewalk":"unknown","lanes":0,"name":"","oneway":false},"geometry":{"type":"LineString","coordinates":[[126.96226,37.54704],[126.9629,37.547]]}},{"type":"Feature","properties":{"class":"minor","highway":"residential","sidewalk":"unknown","lanes":0,"name":"","oneway":false},"geometry":{"type":"LineString","coordinates":[[126.96287,37.54668],[126.9629,37.547]]}},{"type":"Feature","properties":{"class":"minor","highway":"residential","sidewalk":"unknown","lanes":0,"name":"손기정로6길","oneway":false},"geometry":{"type":"LineString","coordinates":[[126.96048,37.55611],[126.96081,37.55635]]}},{"type":"Feature","properties":{"class":"minor","highway":"residential","sidewalk":"unknown","lanes":0,"name":"손기정로4길","oneway":false},"geometry":{"type":"LineString","coordinates":[[126.96081,37.55635],[126.96046,37.55667],[126.96052,37.55676]]}},{"type":"Feature","properties":{"class":"major","highway":"primary","sidewalk":"likely","lanes":0,"name":"만리재로","oneway":true},"geometry":{"type":"LineString","coordinates":[[126.96246,37.55155],[126.96237,37.55148],[126.96225,37.5514],[126.96214,37.55131],[126.96188,37.55112],[126.96159,37.55089],[126.96129,37.55067],[126.9611,37.55052],[126.96098,37.55042],[126.96086,37.55031],[126.96078,37.55023],[126.96064,37.55006],[126.96056,37.54997],[126.9596,37.54881],[126.95932,37.54847],[126.95927,37.54842],[126.95922,37.54836],[126.95912,37.54827],[126.95887,37.54806],[126.9586,37.54785],[126.9584,37.54768],[126.9582,37.54751]]}},{"type":"Feature","properties":{"class":"major","highway":"primary","sidewalk":"likely","lanes":2,"name":"만리재로","oneway":true},"geometry":{"type":"LineString","coordinates":[[126.96301,37.55188],[126.96316,37.552],[126.96367,37.55242],[126.96412,37.55281],[126.96437,37.55304],[126.96458,37.55323],[126.96474,37.55337],[126.96491,37.55351],[126.9651,37.55364],[126.96527,37.55376],[126.96551,37.55392],[126.96564,37.554],[126.96579,37.55409],[126.96594,37.55416],[126.96616,37.55424],[126.96639,37.5543],[126.96668,37.55437],[126.96692,37.55444],[126.96715,37.55452],[126.9674,37.55463],[126.96757,37.55471],[126.96773,37.5548],[126.96792,37.55491],[126.96801,37.55496],[126.96817,37.55504],[126.96832,37.55512],[126.9684,37.55516],[126.96848,37.55519],[126.96856,37.5552],[126.96876,37.5552],[126.96892,37.5552],[126.96897,37.55519],[126.96907,37.55519],[126.9691,37.55519],[126.96911,37.55519]]}},{"type":"Feature","properties":{"class":"major","highway":"primary_link","sidewalk":"likely","lanes":0,"name":"","oneway":true},"geometry":{"type":"LineString","coordinates":[[126.96229,37.55132],[126.96228,37.55137],[126.96225,37.5514]]}},{"type":"Feature","properties":{"class":"major","highway":"primary_link","sidewalk":"likely","lanes":0,"name":"","oneway":true},"geometry":{"type":"LineString","coordinates":[[126.96551,37.55392],[126.96547,37.55394],[126.96529,37.55388]]}},{"type":"Feature","properties":{"class":"minor","highway":"residential","sidewalk":"unknown","lanes":0,"name":"효창원로","oneway":false},"geometry":{"type":"LineString","coordinates":[[126.96301,37.55188],[126.96294,37.55193]]}},{"type":"Feature","properties":{"class":"major","highway":"primary","sidewalk":"likely","lanes":0,"name":"만리재로","oneway":true},"geometry":{"type":"LineString","coordinates":[[126.95849,37.54761],[126.95904,37.54806],[126.95917,37.54818],[126.95925,37.54826],[126.95934,37.54835],[126.95944,37.54846],[126.95969,37.54876],[126.95982,37.54893],[126.95989,37.54901],[126.96009,37.54927],[126.96021,37.54942],[126.96039,37.54965],[126.96064,37.54994],[126.96071,37.55002],[126.96081,37.55014],[126.96086,37.5502],[126.96092,37.55026],[126.96101,37.55034],[126.96111,37.55043],[126.96131,37.55059],[126.96149,37.55073],[126.96165,37.55085],[126.96174,37.55091],[126.96206,37.55115],[126.96229,37.55132],[126.96244,37.55143],[126.96253,37.5515],[126.96301,37.55188]]}},{"type":"Feature","properties":{"class":"alley","highway":"service","sidewalk":"unknown","lanes":0,"name":"","oneway":true},"geometry":{"type":"LineString","coordinates":[[126.96073,37.54276],[126.96047,37.5426],[126.96029,37.54243]]}},{"type":"Feature","properties":{"class":"minor","highway":"residential","sidewalk":"unknown","lanes":0,"name":"만리재옛12길","oneway":false},"geometry":{"type":"LineString","coordinates":[[126.95954,37.54988],[126.95956,37.54967],[126.95951,37.54955],[126.95974,37.54958],[126.96004,37.54957]]}},{"type":"Feature","properties":{"class":"alley","highway":"service","sidewalk":"unknown","lanes":0,"name":"","oneway":false},"geometry":{"type":"LineString","coordinates":[[126.96096,37.5542],[126.96102,37.5542],[126.96106,37.55421],[126.96115,37.55391],[126.96122,37.55364],[126.96129,37.55356],[126.96166,37.55306],[126.96168,37.55305],[126.96173,37.55301],[126.96184,37.55305],[126.96189,37.55332],[126.96201,37.55376],[126.96255,37.55368]]}},{"type":"Feature","properties":{"class":"major","highway":"primary","sidewalk":"likely","lanes":0,"name":"충정로","oneway":true},"geometry":{"type":"LineString","coordinates":[[126.96205,37.5595],[126.96195,37.55942],[126.96155,37.55908]]}},{"type":"Feature","properties":{"class":"major","highway":"secondary","sidewalk":"likely","lanes":2,"name":"경기대로","oneway":true},"geometry":{"type":"LineString","coordinates":[[126.96223,37.55948],[126.96231,37.5595],[126.9624,37.55953]]}},{"type":"Feature","properties":{"class":"major","highway":"secondary","sidewalk":"likely","lanes":2,"name":"경기대로","oneway":true},"geometry":{"type":"LineString","coordinates":[[126.96205,37.5595],[126.96215,37.55948],[126.96223,37.55948]]}},{"type":"Feature","properties":{"class":"minor","highway":"residential","sidewalk":"unknown","lanes":0,"name":"서소문로2길","oneway":false},"geometry":{"type":"LineString","coordinates":[[126.96276,37.55912],[126.96277,37.55903]]}},{"type":"Feature","properties":{"class":"alley","highway":"service","sidewalk":"unknown","lanes":0,"name":"","oneway":false},"geometry":{"type":"LineString","coordinates":[[126.96168,37.55305],[126.96178,37.55282],[126.96202,37.55249],[126.96227,37.55242],[126.96231,37.55241],[126.96244,37.55238]]}},{"type":"Feature","properties":{"class":"minor","highway":"residential","sidewalk":"unknown","lanes":0,"name":"환일8길","oneway":false},"geometry":{"type":"LineString","coordinates":[[126.96045,37.55395],[126.96056,37.55374],[126.96062,37.55363],[126.96041,37.55356]]}},{"type":"Feature","properties":{"class":"minor","highway":"residential","sidewalk":"unknown","lanes":0,"name":"","oneway":false},"geometry":{"type":"LineString","coordinates":[[126.96014,37.55438],[126.95997,37.55448],[126.95981,37.55454],[126.95963,37.55454],[126.95922,37.55457]]}},{"type":"Feature","properties":{"class":"minor","highway":"residential","sidewalk":"unknown","lanes":0,"name":"환일2길","oneway":false},"geometry":{"type":"LineString","coordinates":[[126.95967,37.55652],[126.96008,37.55619],[126.96022,37.55607],[126.9603,37.55601],[126.96033,37.55596]]}},{"type":"Feature","properties":{"class":"major","highway":"tertiary","sidewalk":"likely","lanes":0,"name":"손기정로","oneway":false},"geometry":{"type":"LineString","coordinates":[[126.96236,37.55632],[126.96236,37.55632],[126.96264,37.55653]]}},{"type":"Feature","properties":{"class":"minor","highway":"residential","sidewalk":"unknown","lanes":0,"name":"","oneway":true},"geometry":{"type":"LineString","coordinates":[[126.96091,37.55016],[126.9611,37.5503],[126.96135,37.55049],[126.96164,37.55072],[126.96167,37.55077],[126.96165,37.55085]]}},{"type":"Feature","properties":{"class":"alley","highway":"pedestrian","sidewalk":"unknown","lanes":0,"name":"","oneway":false},"geometry":{"type":"LineString","coordinates":[[126.96245,37.55947],[126.96247,37.55949],[126.96249,37.55952],[126.96251,37.55951],[126.96255,37.55951],[126.96259,37.55951],[126.96263,37.55951],[126.96266,37.55951],[126.96267,37.55948],[126.96269,37.55946],[126.96265,37.55945],[126.96261,37.55945],[126.96257,37.55945],[126.96252,37.55945],[126.96248,37.55946],[126.96245,37.55947]]}},{"type":"Feature","properties":{"class":"alley","highway":"pedestrian","sidewalk":"unknown","lanes":0,"name":"","oneway":false},"geometry":{"type":"LineString","coordinates":[[126.96226,37.5596],[126.96226,37.55959],[126.96227,37.55958],[126.96229,37.55958],[126.96232,37.5596],[126.9624,37.55967],[126.96248,37.55973],[126.96255,37.55979],[126.9626,37.55984],[126.96265,37.55989],[126.96273,37.55999],[126.96276,37.56005],[126.96277,37.56006],[126.96277,37.56007],[126.96277,37.56009],[126.96276,37.56009],[126.96276,37.5601],[126.96275,37.56009],[126.96274,37.56008],[126.96272,37.56004],[126.96268,37.55999],[126.96263,37.55993],[126.96256,37.55985],[126.96249,37.55978],[126.96241,37.55971],[126.96231,37.55964],[126.96229,37.55963],[126.96226,37.5596]]}},{"type":"Feature","properties":{"class":"major","highway":"tertiary","sidewalk":"likely","lanes":0,"name":"만리재옛길","oneway":true},"geometry":{"type":"LineString","coordinates":[[126.96164,37.55121],[126.96173,37.55121],[126.96185,37.55122],[126.96189,37.55118],[126.96188,37.55112]]}},{"type":"Feature","properties":{"class":"major","highway":"tertiary","sidewalk":"likely","lanes":0,"name":"만리재옛길","oneway":true},"geometry":{"type":"LineString","coordinates":[[126.96214,37.55131],[126.96206,37.55131],[126.96192,37.55129],[126.96173,37.55124],[126.96164,37.55121]]}},{"type":"Feature","properties":{"class":"minor","highway":"residential","sidewalk":"unknown","lanes":0,"name":"만리재로24길","oneway":false},"geometry":{"type":"LineString","coordinates":[[126.96436,37.55185],[126.96429,37.55184],[126.96417,37.55181],[126.96404,37.55179],[126.96399,37.55182],[126.96393,37.55194],[126.96392,37.55212],[126.96393,37.55226],[126.96396,37.55233],[126.96404,37.55241],[126.96409,37.55248],[126.96409,37.55255],[126.96407,37.5526]]}},{"type":"Feature","properties":{"class":"minor","highway":"residential","sidewalk":"unknown","lanes":0,"name":"만리재로24길","oneway":false},"geometry":{"type":"LineString","coordinates":[[126.96463,37.55189],[126.96436,37.55185]]}},{"type":"Feature","properties":{"class":"major","highway":"primary","sidewalk":"likely","lanes":3,"name":"서소문로","oneway":true},"geometry":{"type":"LineString","coordinates":[[126.9633,37.55915],[126.96358,37.5592],[126.96391,37.55936],[126.96408,37.55945],[126.96421,37.55952],[126.96431,37.5596]]}},{"type":"Feature","properties":{"class":"minor","highway":"residential","sidewalk":"unknown","lanes":0,"name":"마포대로28라길","oneway":false},"geometry":{"type":"LineString","coordinates":[[126.96009,37.55488],[126.96021,37.55483],[126.96033,37.55476],[126.96042,37.55472],[126.96048,37.55467]]}},{"type":"Feature","properties":{"class":"alley","highway":"service","sidewalk":"unknown","lanes":0,"name":"","oneway":false},"geometry":{"type":"LineString","coordinates":[[126.96045,37.54481],[126.96053,37.54483],[126.96061,37.54481],[126.96087,37.54472]]}},{"type":"Feature","properties":{"class":"alley","highway":"service","sidewalk":"unknown","lanes":0,"name":"","oneway":true},"geometry":{"type":"LineString","coordinates":[[126.96087,37.54472],[126.96086,37.54466],[126.96084,37.5446],[126.96076,37.54453]]}},{"type":"Feature","properties":{"class":"alley","highway":"service","sidewalk":"unknown","lanes":0,"name":"","oneway":true},"geometry":{"type":"LineString","coordinates":[[126.9613,37.54455],[126.96112,37.54463],[126.96087,37.54472]]}},{"type":"Feature","properties":{"class":"major","highway":"tertiary","sidewalk":"likely","lanes":2,"name":"중림로","oneway":false},"geometry":{"type":"LineString","coordinates":[[126.96916,37.55686],[126.96897,37.55694]]}},{"type":"Feature","properties":{"class":"major","highway":"primary","sidewalk":"likely","lanes":0,"name":"청파로","oneway":true},"geometry":{"type":"LineString","coordinates":[[126.96911,37.55519],[126.96911,37.55528],[126.96911,37.55529],[126.96911,37.55536],[126.96912,37.55542],[126.96912,37.55546],[126.96914,37.5562],[126.96916,37.5565],[126.96916,37.55686]]}},{"type":"Feature","properties":{"class":"major","highway":"primary","sidewalk":"likely","lanes":0,"name":"청파로","oneway":true},"geometry":{"type":"LineString","coordinates":[[126.9693,37.55818],[126.96922,37.55805],[126.96909,37.5575],[126.96904,37.55736],[126.96904,37.55734],[126.96897,37.55694]]}},{"type":"Feature","properties":{"class":"major","highway":"primary","sidewalk":"likely","lanes":0,"name":"청파로","oneway":true},"geometry":{"type":"LineString","coordinates":[[126.96916,37.55686],[126.96919,37.55726],[126.9692,37.5573],[126.9692,37.55733],[126.96926,37.55759],[126.96931,37.55783],[126.96937,37.55805],[126.9693,37.55818]]}},{"type":"Feature","properties":{"class":"major","highway":"primary","sidewalk":"likely","lanes":0,"name":"청파로","oneway":true},"geometry":{"type":"LineString","coordinates":[[126.96897,37.55694],[126.96894,37.55621],[126.96893,37.55568],[126.96893,37.55543],[126.96892,37.55529],[126.96892,37.55528]]}},{"type":"Feature","properties":{"class":"minor","highway":"residential","sidewalk":"unknown","lanes":0,"name":"만리재로","oneway":true},"geometry":{"type":"LineString","coordinates":[[126.96841,37.55646],[126.96839,37.55614],[126.96838,37.55608],[126.96829,37.55595],[126.96806,37.55564],[126.96793,37.55547],[126.96769,37.55518],[126.96755,37.55502],[126.96745,37.55491],[126.96733,37.55479],[126.96724,37.55472],[126.96698,37.55455]]}},{"type":"Feature","properties":{"class":"major","highway":"secondary","sidewalk":"likely","lanes":0,"name":"칠패로","oneway":false},"geometry":{"type":"LineString","coordinates":[[126.97129,37.55959],[126.97152,37.55961]]}},{"type":"Feature","properties":{"class":"alley","highway":"pedestrian","sidewalk":"unknown","lanes":0,"name":"서울로 7017","oneway":false},"geometry":{"type":"LineString","coordinates":[[126.96988,37.55671],[126.96937,37.55683],[126.96933,37.55684],[126.96929,37.55686],[126.96926,37.55688],[126.96921,37.55694],[126.96889,37.55721],[126.96885,37.55726]]}},{"type":"Feature","properties":{"class":"alley","highway":"pedestrian","sidewalk":"unknown","lanes":0,"name":"만리재로","oneway":false},"geometry":{"type":"LineString","coordinates":[[126.96748,37.5549],[126.96753,37.55493],[126.96757,37.55497],[126.96771,37.55508],[126.96778,37.55514]]}},{"type":"Feature","properties":{"class":"major","highway":"secondary","sidewalk":"likely","lanes":0,"name":"염천교","oneway":false},"geometry":{"type":"LineString","coordinates":[[126.9711,37.55958],[126.97054,37.55954]]}},{"type":"Feature","properties":{"class":"major","highway":"secondary","sidewalk":"likely","lanes":0,"name":"칠패로","oneway":false},"geometry":{"type":"LineString","coordinates":[[126.97054,37.55954],[126.96993,37.55949],[126.96931,37.55944]]}},{"type":"Feature","properties":{"class":"major","highway":"primary_link","sidewalk":"likely","lanes":0,"name":"청파로","oneway":true},"geometry":{"type":"LineString","coordinates":[[126.9693,37.55873],[126.96929,37.55918],[126.96929,37.55932],[126.9693,37.55938],[126.96931,37.55944]]}},{"type":"Feature","properties":{"class":"minor","highway":"residential","sidewalk":"unknown","lanes":0,"name":"청파로93길","oneway":false},"geometry":{"type":"LineString","coordinates":[[126.96621,37.55372],[126.96624,37.5535],[126.96629,37.5532]]}},{"type":"Feature","properties":{"class":"minor","highway":"residential","sidewalk":"unknown","lanes":0,"name":"청파로89길","oneway":false},"geometry":{"type":"LineString","coordinates":[[126.96629,37.5532],[126.96631,37.55293],[126.96631,37.55287]]}},{"type":"Feature","properties":{"class":"minor","highway":"residential","sidewalk":"unknown","lanes":0,"name":"청파로89길","oneway":false},"geometry":{"type":"LineString","coordinates":[[126.96629,37.5532],[126.96655,37.5532],[126.96681,37.55322],[126.96701,37.55324],[126.96717,37.55325],[126.96728,37.55326],[126.96761,37.55328],[126.96763,37.55328],[126.9678,37.55328],[126.96785,37.55328],[126.96846,37.55328],[126.96855,37.55337],[126.96865,37.55348],[126.96888,37.55348],[126.96899,37.55348]]}},{"type":"Feature","properties":{"class":"major","highway":"primary","sidewalk":"likely","lanes":0,"name":"청파로","oneway":false},"geometry":{"type":"LineString","coordinates":[[126.9693,37.55873],[126.96933,37.55863],[126.96931,37.55835],[126.9693,37.55818]]}},{"type":"Feature","properties":{"class":"major","highway":"secondary","sidewalk":"likely","lanes":0,"name":"칠패로","oneway":false},"geometry":{"type":"LineString","coordinates":[[126.97129,37.55959],[126.97112,37.55958],[126.9711,37.55958]]}},{"type":"Feature","properties":{"class":"major","highway":"primary_link","sidewalk":"likely","lanes":0,"name":"칠패로","oneway":true},"geometry":{"type":"LineString","coordinates":[[126.96931,37.55944],[126.96906,37.55946],[126.96892,37.55947],[126.96859,37.55943]]}},{"type":"Feature","properties":{"class":"minor","highway":"residential","sidewalk":"unknown","lanes":0,"name":"청파로89길","oneway":false},"geometry":{"type":"LineString","coordinates":[[126.96691,37.55369],[126.9669,37.55361],[126.96697,37.55344],[126.96701,37.55324]]}},{"type":"Feature","properties":{"class":"minor","highway":"residential","sidewalk":"unknown","lanes":0,"name":"청파로","oneway":false},"geometry":{"type":"LineString","coordinates":[[126.9683,37.55408],[126.96864,37.55407],[126.9689,37.55405],[126.96899,37.55404]]}},{"type":"Feature","properties":{"class":"minor","highway":"residential","sidewalk":"unknown","lanes":0,"name":"만리재로36길","oneway":false},"geometry":{"type":"LineString","coordinates":[[126.96665,37.55382],[126.96673,37.55376],[126.96691,37.55369],[126.96695,37.55367],[126.96713,37.55371]]}},{"type":"Feature","properties":{"class":"minor","highway":"residential","sidewalk":"unknown","lanes":0,"name":"만리재로36길","oneway":false},"geometry":{"type":"LineString","coordinates":[[126.96668,37.55437],[126.96669,37.55434],[126.96675,37.55419],[126.96687,37.55401],[126.96694,37.55395],[126.96704,37.5539],[126.96713,37.55371],[126.9672,37.55367],[126.96728,37.55366],[126.96742,37.55353],[126.96761,37.55328]]}},{"type":"Feature","properties":{"class":"minor","highway":"residential","sidewalk":"unknown","lanes":0,"name":"만리재로35길","oneway":false},"geometry":{"type":"LineString","coordinates":[[126.96769,37.55518],[126.96751,37.55553],[126.96752,37.55575],[126.96752,37.55595],[126.96758,37.5566],[126.9676,37.55702],[126.96782,37.55732],[126.96803,37.55751]]}},{"type":"Feature","properties":{"class":"minor","highway":"residential","sidewalk":"unknown","lanes":0,"name":"청파로103길","oneway":false},"geometry":{"type":"LineString","coordinates":[[126.96803,37.55751],[126.96829,37.55781],[126.96836,37.55789],[126.96839,37.55792],[126.96851,37.55806],[126.96858,37.55841],[126.96859,37.5585],[126.9686,37.55854],[126.96858,37.55884],[126.96897,37.5591]]}},{"type":"Feature","properties":{"class":"major","highway":"tertiary","sidewalk":"likely","lanes":0,"name":"서소문로8길","oneway":false},"geometry":{"type":"LineString","coordinates":[[126.96931,37.55944],[126.96927,37.55955],[126.96921,37.55975],[126.96909,37.55996],[126.96874,37.56041],[126.96851,37.56087],[126.9683,37.56127],[126.96813,37.56154]]}},{"type":"Feature","properties":{"class":"major","highway":"primary","sidewalk":"likely","lanes":0,"name":"통일로","oneway":true},"geometry":{"type":"LineString","coordinates":[[126.97114,37.55982],[126.97117,37.55978],[126.9712,37.55973],[126.97129,37.55959]]}},{"type":"Feature","properties":{"class":"major","highway":"primary","sidewalk":"likely","lanes":2,"name":"통일로","oneway":true},"geometry":{"type":"LineString","coordinates":[[126.97128,37.55989],[126.97099,37.56027],[126.97073,37.56062],[126.97041,37.5611]]}},{"type":"Feature","properties":{"class":"major","highway":"primary","sidewalk":"likely","lanes":0,"name":"통일로","oneway":true},"geometry":{"type":"LineString","coordinates":[[126.97152,37.55929],[126.97146,37.55949],[126.9714,37.5597],[126.97128,37.55989]]}},{"type":"Feature","properties":{"class":"major","highway":"primary","sidewalk":"yes","lanes":0,"name":"통일로","oneway":true},"geometry":{"type":"LineString","coordinates":[[126.97129,37.55959],[126.97133,37.55943],[126.97135,37.55935],[126.97144,37.559],[126.97151,37.55853],[126.97155,37.55829],[126.97166,37.55779],[126.97177,37.55755]]}},{"type":"Feature","properties":{"class":"minor","highway":"residential","sidewalk":"unknown","lanes":0,"name":"중림로7길","oneway":false},"geometry":{"type":"LineString","coordinates":[[126.96726,37.55797],[126.96736,37.55809],[126.96743,37.55839],[126.96808,37.55851],[126.96859,37.5585]]}},{"type":"Feature","properties":{"class":"minor","highway":"residential","sidewalk":"unknown","lanes":0,"name":"청파로","oneway":false},"geometry":{"type":"LineString","coordinates":[[126.96859,37.5585],[126.96894,37.55855],[126.96912,37.55861],[126.96933,37.55863]]}},{"type":"Feature","properties":{"class":"alley","highway":"service","sidewalk":"unknown","lanes":0,"name":"","oneway":false},"geometry":{"type":"LineString","coordinates":[[126.96629,37.55852],[126.96654,37.55872],[126.9671,37.55866],[126.96738,37.55866]]}},{"type":"Feature","properties":{"class":"minor","highway":"residential","sidewalk":"unknown","lanes":0,"name":"청파로","oneway":false},"geometry":{"type":"LineString","coordinates":[[126.96855,37.55948],[126.96828,37.55935],[126.96804,37.55933]]}},{"type":"Feature","properties":{"class":"minor","highway":"residential","sidewalk":"unknown","lanes":0,"name":"중림로8길","oneway":false},"geometry":{"type":"LineString","coordinates":[[126.96593,37.55749],[126.96718,37.5576],[126.96714,37.55779],[126.96726,37.55797]]}},{"type":"Feature","properties":{"class":"minor","highway":"residential","sidewalk":"unknown","lanes":0,"name":"만리재로37길","oneway":false},"geometry":{"type":"LineString","coordinates":[[126.96686,37.55665],[126.96708,37.55665],[126.96758,37.5566],[126.96804,37.55647],[126.96841,37.55646]]}},{"type":"Feature","properties":{"class":"minor","highway":"residential","sidewalk":"unknown","lanes":0,"name":"만리재로33길","oneway":false},"geometry":{"type":"LineString","coordinates":[[126.96698,37.55455],[126.96686,37.55481],[126.96681,37.55495],[126.96696,37.55522],[126.96724,37.55557],[126.96736,37.55565],[126.96752,37.55575]]}},{"type":"Feature","properties":{"class":"minor","highway":"residential","sidewalk":"unknown","lanes":0,"name":"","oneway":false},"geometry":{"type":"LineString","coordinates":[[126.96752,37.55575],[126.96772,37.55588]]}},{"type":"Feature","properties":{"class":"minor","highway":"residential","sidewalk":"unknown","lanes":0,"name":"만리재로","oneway":false},"geometry":{"type":"LineString","coordinates":[[126.96752,37.55595],[126.96772,37.55588],[126.96783,37.55581],[126.96802,37.55572],[126.96806,37.55564]]}},{"type":"Feature","properties":{"class":"minor","highway":"residential","sidewalk":"unknown","lanes":0,"name":"만리재로","oneway":false},"geometry":{"type":"LineString","coordinates":[[126.96772,37.55588],[126.96782,37.55602],[126.96791,37.55615],[126.96809,37.55605],[126.96829,37.55595]]}},{"type":"Feature","properties":{"class":"minor","highway":"residential","sidewalk":"unknown","lanes":0,"name":"청파로89길","oneway":false},"geometry":{"type":"LineString","coordinates":[[126.96865,37.55348],[126.96834,37.55375],[126.96807,37.554],[126.96807,37.55408],[126.96774,37.55408],[126.96768,37.55418]]}},{"type":"Feature","properties":{"class":"alley","highway":"service","sidewalk":"unknown","lanes":0,"name":"청파로93길","oneway":false},"geometry":{"type":"LineString","coordinates":[[126.96788,37.55426],[126.96775,37.55434],[126.96766,37.55435],[126.96747,37.5543],[126.96727,37.5543],[126.96715,37.55432],[126.96701,37.55428]]}},{"type":"Feature","properties":{"class":"alley","highway":"service","sidewalk":"unknown","lanes":0,"name":"만리재로40길","oneway":false},"geometry":{"type":"LineString","coordinates":[[126.96773,37.5548],[126.96776,37.55477],[126.96792,37.55464]]}},{"type":"Feature","properties":{"class":"minor","highway":"residential","sidewalk":"unknown","lanes":0,"name":"청파로95길","oneway":false},"geometry":{"type":"LineString","coordinates":[[126.96792,37.55491],[126.96795,37.55488],[126.96804,37.55481],[126.96813,37.55479],[126.96859,37.55467],[126.96876,37.55463],[126.96894,37.55459],[126.96899,37.55458]]}},{"type":"Feature","properties":{"class":"alley","highway":"service","sidewalk":"unknown","lanes":0,"name":"만리재로40길","oneway":false},"geometry":{"type":"LineString","coordinates":[[126.96792,37.55449],[126.96807,37.55465]]}},{"type":"Feature","properties":{"class":"alley","highway":"service","sidewalk":"unknown","lanes":0,"name":"","oneway":false},"geometry":{"type":"LineString","coordinates":[[126.96743,37.55839],[126.96738,37.55866],[126.96736,37.5589],[126.96765,37.55894],[126.9677,37.55904],[126.96768,37.55926],[126.96718,37.55925],[126.96718,37.55903],[126.9677,37.55904]]}},{"type":"Feature","properties":{"class":"alley","highway":"service","sidewalk":"unknown","lanes":0,"name":"","oneway":false},"geometry":{"type":"LineString","coordinates":[[126.96804,37.55933],[126.96792,37.55938],[126.96773,37.55939],[126.96752,37.55936],[126.96718,37.55925]]}},{"type":"Feature","properties":{"class":"alley","highway":"service","sidewalk":"unknown","lanes":0,"name":"중림로","oneway":false},"geometry":{"type":"LineString","coordinates":[[126.96836,37.55789],[126.96852,37.55782],[126.96836,37.55757],[126.9687,37.55742],[126.96859,37.55727],[126.96842,37.55723]]}},{"type":"Feature","properties":{"class":"alley","highway":"service","sidewalk":"unknown","lanes":0,"name":"","oneway":false},"geometry":{"type":"LineString","coordinates":[[126.96738,37.55866],[126.96752,37.55866],[126.9677,37.55869],[126.96771,37.55858],[126.96754,37.55855],[126.96752,37.55866]]}},{"type":"Feature","properties":{"class":"minor","highway":"residential","sidewalk":"unknown","lanes":0,"name":"만리재로","oneway":false},"geometry":{"type":"LineString","coordinates":[[126.96842,37.55723],[126.96841,37.55712],[126.96842,37.55669],[126.96841,37.55646]]}},{"type":"Feature","properties":{"class":"alley","highway":"pedestrian","sidewalk":"unknown","lanes":0,"name":"","oneway":false},"geometry":{"type":"LineString","coordinates":[[126.96921,37.55694],[126.96918,37.55699],[126.9691,37.55708],[126.96909,37.5571],[126.9691,37.55714],[126.96912,37.5572]]}},{"type":"Feature","properties":{"class":"alley","highway":"pedestrian","sidewalk":"unknown","lanes":0,"name":"서울로 7017","oneway":false},"geometry":{"type":"LineString","coordinates":[[126.96904,37.5558],[126.96902,37.55592],[126.96901,37.55598],[126.969,37.55603],[126.96901,37.55613],[126.96901,37.55619],[126.96902,37.55624],[126.96904,37.55629],[126.96907,37.55634],[126.96911,37.5564],[126.96917,37.55645],[126.96922,37.55649],[126.96927,37.55652],[126.96933,37.55654],[126.9694,37.55657],[126.96946,37.55658],[126.96988,37.55671]]}},{"type":"Feature","properties":{"class":"alley","highway":"pedestrian","sidewalk":"unknown","lanes":0,"name":"","oneway":false},"geometry":{"type":"LineString","coordinates":[[126.96871,37.55628],[126.96865,37.55631]]}},{"type":"Feature","properties":{"class":"major","highway":"primary","sidewalk":"likely","lanes":0,"name":"청파로","oneway":true},"geometry":{"type":"LineString","coordinates":[[126.96894,37.55505],[126.96896,37.55488],[126.96899,37.55458],[126.96899,37.55455],[126.969,37.55435],[126.96899,37.55404],[126.96899,37.55393],[126.96899,37.55348],[126.969,37.55313],[126.96901,37.55302],[126.96907,37.55279],[126.9691,37.55267],[126.96919,37.55229],[126.96922,37.55219],[126.96936,37.55168],[126.96954,37.5509],[126.96959,37.5507],[126.96966,37.55028],[126.96973,37.54998],[126.96981,37.54964],[126.96991,37.54919],[126.96997,37.54882],[126.96999,37.5484]]}},{"type":"Feature","properties":{"class":"major","highway":"primary","sidewalk":"yes","lanes":3,"name":"통일로","oneway":true},"geometry":{"type":"LineString","coordinates":[[126.97152,37.55961],[126.97146,37.55972],[126.97144,37.55976],[126.97135,37.55993],[126.97102,37.56039],[126.97075,37.56074],[126.97041,37.5611],[126.96989,37.56179],[126.9698,37.56195],[126.96968,37.56212],[126.96957,37.56228],[126.96947,37.56241],[126.969,37.5631],[126.96871,37.56345],[126.96843,37.56383]]}},{"type":"Feature","properties":{"class":"major","highway":"secondary","sidewalk":"likely","lanes":0,"name":"칠패로","oneway":false},"geometry":{"type":"LineString","coordinates":[[126.96931,37.55944],[126.96912,37.55935],[126.96906,37.55932],[126.96901,37.55929],[126.96887,37.55919]]}},{"type":"Feature","properties":{"class":"alley","highway":"pedestrian","sidewalk":"unknown","lanes":0,"name":"서울로 7017","oneway":false},"geometry":{"type":"LineString","coordinates":[[126.97558,37.55713],[126.97521,37.557],[126.97489,37.55687],[126.97483,37.55685],[126.97441,37.5567],[126.97406,37.55657],[126.97391,37.55654],[126.97373,37.55653],[126.97336,37.55651],[126.97308,37.55654],[126.97205,37.55667],[126.97167,37.55668],[126.97151,37.55668],[126.97117,37.5567],[126.97081,37.5567],[126.97052,37.5567],[126.97037,37.5567],[126.97021,37.5567],[126.96988,37.55671],[126.96937,37.5567],[126.96926,37.55668],[126.96919,37.55666],[126.96913,37.55663],[126.96906,37.5566],[126.96901,37.55656],[126.96895,37.55652],[126.96889,37.55647],[126.96884,37.55642],[126.96879,37.55636],[126.96871,37.55628],[126.96835,37.55582],[126.96816,37.55559],[126.9679,37.55528],[126.96778,37.55514]]}},{"type":"Feature","properties":{"class":"alley","highway":"service","sidewalk":"unknown","lanes":0,"name":"청파로93길","oneway":false},"geometry":{"type":"LineString","coordinates":[[126.96624,37.5535],[126.96646,37.55353],[126.96644,37.55363]]}},{"type":"Feature","properties":{"class":"alley","highway":"service","sidewalk":"unknown","lanes":0,"name":"청파로93길","oneway":false},"geometry":{"type":"LineString","coordinates":[[126.96646,37.55353],[126.96649,37.55346]]}},{"type":"Feature","properties":{"class":"alley","highway":"service","sidewalk":"unknown","lanes":0,"name":"청파로93길","oneway":false},"geometry":{"type":"LineString","coordinates":[[126.96727,37.5543],[126.96729,37.55415],[126.96713,37.55412]]}},{"type":"Feature","properties":{"class":"major","highway":"primary","sidewalk":"likely","lanes":3,"name":"청파로","oneway":true},"geometry":{"type":"LineString","coordinates":[[126.97081,37.54163],[126.97086,37.5419],[126.97083,37.54248],[126.97084,37.54343],[126.9708,37.54403],[126.97078,37.54417],[126.97077,37.54433],[126.97071,37.54494],[126.97065,37.5453],[126.97056,37.54572],[126.97049,37.5461],[126.9704,37.54653],[126.97029,37.54712],[126.97023,37.54752],[126.97021,37.54766],[126.97018,37.5479],[126.97013,37.5482],[126.9701,37.54839],[126.9701,37.54841],[126.97005,37.54883],[126.97002,37.54911],[126.97002,37.54917],[126.97001,37.54919],[126.96989,37.54966],[126.96982,37.54999],[126.96967,37.55071],[126.96964,37.55091],[126.96946,37.55163],[126.96927,37.55236],[126.96919,37.55268],[126.96911,37.55299],[126.9691,37.55324],[126.96909,37.55343],[126.96909,37.55371],[126.96909,37.55393],[126.96909,37.55396],[126.96909,37.55407],[126.96909,37.55458],[126.96911,37.55505],[126.96911,37.55508],[126.96911,37.55512],[126.96911,37.55516],[126.96911,37.55519]]}},{"type":"Feature","properties":{"class":"minor","highway":"residential","sidewalk":"unknown","lanes":0,"name":"","oneway":false},"geometry":{"type":"LineString","coordinates":[[126.96834,37.55375],[126.96864,37.55407]]}},{"type":"Feature","properties":{"class":"alley","highway":"service","sidewalk":"unknown","lanes":0,"name":"청파로95길","oneway":false},"geometry":{"type":"LineString","coordinates":[[126.96797,37.55469],[126.96804,37.55481]]}},{"type":"Feature","properties":{"class":"minor","highway":"residential","sidewalk":"unknown","lanes":0,"name":"만리재로","oneway":false},"geometry":{"type":"LineString","coordinates":[[126.96813,37.55479],[126.96817,37.555],[126.96817,37.55504]]}},{"type":"Feature","properties":{"class":"alley","highway":"service","sidewalk":"unknown","lanes":0,"name":"만리재로40길","oneway":false},"geometry":{"type":"LineString","coordinates":[[126.96797,37.55469],[126.96807,37.55465],[126.96831,37.55457],[126.96838,37.5546],[126.96856,37.55459],[126.96855,37.55455],[126.96863,37.55451],[126.96865,37.55447],[126.96864,37.55435]]}},{"type":"Feature","properties":{"class":"alley","highway":"service","sidewalk":"unknown","lanes":0,"name":"","oneway":false},"geometry":{"type":"LineString","coordinates":[[126.96856,37.55459],[126.96859,37.55467]]}},{"type":"Feature","properties":{"class":"alley","highway":"service","sidewalk":"unknown","lanes":0,"name":"","oneway":false},"geometry":{"type":"LineString","coordinates":[[126.9691,37.55324],[126.96937,37.55324],[126.96945,37.55324],[126.96949,37.55324],[126.96952,37.55323],[126.96954,37.55322],[126.96955,37.55321],[126.96956,37.5532],[126.96956,37.55319],[126.96956,37.55318],[126.96956,37.55315],[126.96956,37.55313],[126.96956,37.55309],[126.96956,37.55308],[126.96957,37.55302],[126.9696,37.55286],[126.96962,37.55278],[126.96979,37.55214],[126.96979,37.55211],[126.96976,37.5521],[126.96973,37.5521],[126.96967,37.55209],[126.96949,37.55207]]}},{"type":"Feature","properties":{"class":"alley","highway":"service","sidewalk":"unknown","lanes":0,"name":"","oneway":false},"geometry":{"type":"LineString","coordinates":[[126.96923,37.55307],[126.96943,37.55311],[126.96956,37.55313]]}},{"type":"Feature","properties":{"class":"alley","highway":"service","sidewalk":"unknown","lanes":0,"name":"","oneway":false},"geometry":{"type":"LineString","coordinates":[[126.96962,37.55278],[126.96989,37.55278],[126.96994,37.55357],[126.96996,37.55378]]}},{"type":"Feature","properties":{"class":"alley","highway":"service","sidewalk":"unknown","lanes":0,"name":"","oneway":true},"geometry":{"type":"LineString","coordinates":[[126.96909,37.55371],[126.96928,37.55385],[126.96963,37.55411],[126.96981,37.5543],[126.96984,37.55439],[126.96983,37.555],[126.96981,37.55507],[126.96976,37.55516],[126.96967,37.55522],[126.96951,37.55528],[126.9694,37.5553],[126.96913,37.55529],[126.96911,37.55529]]}},{"type":"Feature","properties":{"class":"alley","highway":"service","sidewalk":"unknown","lanes":0,"name":"","oneway":false},"geometry":{"type":"LineString","coordinates":[[126.96836,37.55789],[126.96808,37.55802],[126.96787,37.55812]]}},{"type":"Feature","properties":{"class":"alley","highway":"service","sidewalk":"unknown","lanes":0,"name":"","oneway":false},"geometry":{"type":"LineString","coordinates":[[126.968,37.55817],[126.96812,37.55812],[126.96808,37.55802]]}},{"type":"Feature","properties":{"class":"major","highway":"primary","sidewalk":"yes","lanes":8,"name":"통일로","oneway":true},"geometry":{"type":"LineString","coordinates":[[126.96827,37.56374],[126.96864,37.5633],[126.96867,37.56326],[126.96889,37.56294],[126.96903,37.56275],[126.96937,37.5623],[126.96947,37.56216],[126.96952,37.56209],[126.96965,37.56191],[126.96977,37.56174],[126.9698,37.56171],[126.97072,37.5605],[126.97096,37.56016],[126.97114,37.55982]]}},{"type":"Feature","properties":{"class":"minor","highway":"residential","sidewalk":"unknown","lanes":0,"name":"","oneway":false},"geometry":{"type":"LineString","coordinates":[[126.96807,37.55408],[126.9683,37.55408]]}},{"type":"Feature","properties":{"class":"minor","highway":"residential","sidewalk":"unknown","lanes":0,"name":"","oneway":false},"geometry":{"type":"LineString","coordinates":[[126.96728,37.55366],[126.96773,37.55377],[126.96774,37.55408]]}},{"type":"Feature","properties":{"class":"alley","highway":"service","sidewalk":"unknown","lanes":0,"name":"","oneway":false},"geometry":{"type":"LineString","coordinates":[[126.96606,37.55798],[126.96599,37.55787],[126.96596,37.55784]]}},{"type":"Feature","properties":{"class":"alley","highway":"service","sidewalk":"unknown","lanes":0,"name":"","oneway":false},"geometry":{"type":"LineString","coordinates":[[126.9664,37.55782],[126.96661,37.55808]]}},{"type":"Feature","properties":{"class":"alley","highway":"service","sidewalk":"unknown","lanes":0,"name":"","oneway":false},"geometry":{"type":"LineString","coordinates":[[126.96624,37.55854],[126.96607,37.5583],[126.96595,37.55813]]}},{"type":"Feature","properties":{"class":"minor","highway":"residential","sidewalk":"unknown","lanes":0,"name":"","oneway":false},"geometry":{"type":"LineString","coordinates":[[126.96736,37.55565],[126.96719,37.55576],[126.96717,37.55578],[126.96704,37.55588],[126.96698,37.55598],[126.96704,37.55609],[126.96716,37.55612],[126.9672,37.55614],[126.96723,37.55615],[126.96731,37.55618],[126.96735,37.55619],[126.96735,37.55632],[126.96727,37.55643],[126.96714,37.55646],[126.96691,37.55641],[126.96684,37.55635],[126.96679,37.55625],[126.96668,37.55591],[126.96665,37.55586],[126.96662,37.55577],[126.96661,37.55569],[126.96666,37.55557],[126.96672,37.55553],[126.96676,37.5555]]}},{"type":"Feature","properties":{"class":"minor","highway":"residential","sidewalk":"unknown","lanes":0,"name":"","oneway":false},"geometry":{"type":"LineString","coordinates":[[126.96681,37.55495],[126.96664,37.55507],[126.96652,37.55529],[126.96631,37.55524],[126.96626,37.55512],[126.96604,37.55506]]}},{"type":"Feature","properties":{"class":"minor","highway":"residential","sidewalk":"unknown","lanes":0,"name":"","oneway":false},"geometry":{"type":"LineString","coordinates":[[126.96664,37.55507],[126.96603,37.55493],[126.96612,37.55485],[126.96621,37.55473],[126.96628,37.55458],[126.96636,37.55438]]}},{"type":"Feature","properties":{"class":"major","highway":"primary_link","sidewalk":"likely","lanes":0,"name":"","oneway":true},"geometry":{"type":"LineString","coordinates":[[126.97114,37.55982],[126.97118,37.5598],[126.9712,37.55979],[126.97123,37.55979],[126.97126,37.5598],[126.97129,37.55982],[126.97131,37.55984],[126.97132,37.55987],[126.97135,37.55993]]}},{"type":"Feature","properties":{"class":"major","highway":"primary","sidewalk":"likely","lanes":0,"name":"청파로","oneway":false},"geometry":{"type":"LineString","coordinates":[[126.96776,37.56098],[126.96831,37.55988],[126.96842,37.55967]]}},{"type":"Feature","properties":{"class":"major","highway":"primary","sidewalk":"likely","lanes":2,"name":"만리재로","oneway":true},"geometry":{"type":"LineString","coordinates":[[126.96911,37.55529],[126.96895,37.55528],[126.96892,37.55528]]}},{"type":"Feature","properties":{"class":"major","highway":"primary","sidewalk":"likely","lanes":3,"name":"청파로","oneway":true},"geometry":{"type":"LineString","coordinates":[[126.96892,37.55528],[126.96892,37.5552],[126.96893,37.55517],[126.96893,37.55511],[126.96894,37.55505]]}},{"type":"Feature","properties":{"class":"alley","highway":"service","sidewalk":"unknown","lanes":0,"name":"청파로","oneway":false},"geometry":{"type":"LineString","coordinates":[[126.96793,37.55428],[126.96811,37.55416],[126.9683,37.55408]]}},{"type":"Feature","properties":{"class":"alley","highway":"service","sidewalk":"unknown","lanes":0,"name":"","oneway":false},"geometry":{"type":"LineString","coordinates":[[126.96909,37.55407],[126.96941,37.55405],[126.96951,37.55408],[126.96957,37.55416]]}},{"type":"Feature","properties":{"class":"minor","highway":"residential","sidewalk":"unknown","lanes":0,"name":"","oneway":false},"geometry":{"type":"LineString","coordinates":[[126.96864,37.55407],[126.96864,37.55435]]}},{"type":"Feature","properties":{"class":"alley","highway":"pedestrian","sidewalk":"unknown","lanes":0,"name":"","oneway":false},"geometry":{"type":"LineString","coordinates":[[126.96946,37.55658],[126.96947,37.55632]]}},{"type":"Feature","properties":{"class":"major","highway":"primary","sidewalk":"likely","lanes":0,"name":"청파로","oneway":false},"geometry":{"type":"LineString","coordinates":[[126.96842,37.55967],[126.96848,37.55956],[126.96855,37.55948],[126.96859,37.55943],[126.96873,37.5593],[126.96887,37.55919],[126.96897,37.5591],[126.96913,37.55895],[126.96921,37.55886],[126.9693,37.55873]]}},{"type":"Feature","properties":{"class":"major","highway":"secondary","sidewalk":"likely","lanes":0,"name":"소월로3길","oneway":true},"geometry":{"type":"LineString","coordinates":[[126.97968,37.55268],[126.9795,37.55288],[126.97942,37.55305],[126.97936,37.55334],[126.97937,37.5535],[126.97948,37.55378],[126.97959,37.55395],[126.97962,37.55399],[126.97966,37.55406],[126.97984,37.55427]]}},{"type":"Feature","properties":{"class":"major","highway":"primary","sidewalk":"likely","lanes":0,"name":"한강대로","oneway":true},"geometry":{"type":"LineString","coordinates":[[126.9731,37.55575],[126.97311,37.55591]]}},{"type":"Feature","properties":{"class":"major","highway":"primary","sidewalk":"likely","lanes":3,"name":"청파로","oneway":true},"geometry":{"type":"LineString","coordinates":[[126.97055,37.54492],[126.97067,37.54433],[126.97068,37.54418],[126.9707,37.54358],[126.97068,37.54344],[126.97071,37.54279],[126.97074,37.54247],[126.97075,37.5419],[126.97075,37.54189],[126.97081,37.54163]]}},{"type":"Feature","properties":{"class":"major","highway":"secondary","sidewalk":"likely","lanes":0,"name":"후암로","oneway":false},"geometry":{"type":"LineString","coordinates":[[126.97846,37.54593],[126.97833,37.54642],[126.97833,37.54644],[126.97827,37.54666],[126.97826,37.54669],[126.97821,37.54694],[126.97801,37.54765],[126.97797,37.5478],[126.97792,37.54797],[126.9779,37.54806],[126.97787,37.54818],[126.97772,37.54874],[126.97767,37.5489]]}},{"type":"Feature","properties":{"class":"major","highway":"secondary","sidewalk":"likely","lanes":4,"name":"소월로2길","oneway":false},"geometry":{"type":"LineString","coordinates":[[126.97656,37.55426],[126.97659,37.55447],[126.97661,37.55471],[126.97663,37.55489],[126.97663,37.55496]]}},{"type":"Feature","properties":{"class":"major","highway":"primary","sidewalk":"likely","lanes":0,"name":"청파로","oneway":false},"geometry":{"type":"LineString","coordinates":[[126.97085,37.54078],[126.97087,37.53982],[126.97086,37.53939],[126.97085,37.53891],[126.97084,37.53809],[126.97083,37.53768],[126.97074,37.53702]]}},{"type":"Feature","properties":{"class":"minor","highway":"residential","sidewalk":"unknown","lanes":0,"name":"청파로43길","oneway":false},"geometry":{"type":"LineString","coordinates":[[126.96925,37.54444],[126.9692,37.54382],[126.96918,37.54357]]}},{"type":"Feature","properties":{"class":"minor","highway":"residential","sidewalk":"yes","lanes":0,"name":"원효로89길","oneway":false},"geometry":{"type":"LineString","coordinates":[[126.96905,37.54022],[126.96872,37.54044],[126.96853,37.54057],[126.96831,37.54074],[126.96823,37.54078],[126.96815,37.54082]]}},{"type":"Feature","properties":{"class":"major","highway":"secondary","sidewalk":"likely","lanes":0,"name":"소월로","oneway":true},"geometry":{"type":"LineString","coordinates":[[126.97639,37.55723],[126.9764,37.55706],[126.9764,37.557]]}},{"type":"Feature","properties":{"class":"major","highway":"primary","sidewalk":"likely","lanes":4,"name":"통일로","oneway":true},"geometry":{"type":"LineString","coordinates":[[126.97253,37.55709],[126.97236,37.55722],[126.97228,37.55728],[126.97221,37.55736],[126.97211,37.55748],[126.97194,37.55772]]}},{"type":"Feature","properties":{"class":"minor","highway":"residential","sidewalk":"unknown","lanes":0,"name":"두텁바위로","oneway":false},"geometry":{"type":"LineString","coordinates":[[126.97846,37.54593],[126.97898,37.54453],[126.97906,37.54395],[126.97919,37.54296],[126.97926,37.5425],[126.97936,37.54186],[126.97947,37.54165],[126.97961,37.5413]]}},{"type":"Feature","properties":{"class":"major","highway":"secondary","sidewalk":"likely","lanes":0,"name":"두텁바위로","oneway":false},"geometry":{"type":"LineString","coordinates":[[126.97187,37.54508],[126.97206,37.5451]]}},{"type":"Feature","properties":{"class":"major","highway":"primary","sidewalk":"likely","lanes":0,"name":"세종대로","oneway":true},"geometry":{"type":"LineString","coordinates":[[126.97284,37.55712],[126.97289,37.5573],[126.97301,37.5575],[126.97319,37.55766],[126.97346,37.55796],[126.97402,37.55859],[126.97412,37.55871],[126.97441,37.55909],[126.97448,37.55917],[126.97453,37.55931],[126.97464,37.55963],[126.97472,37.55989],[126.97476,37.55997],[126.97482,37.56005],[126.9749,37.56011],[126.97498,37.56017]]}},{"type":"Feature","properties":{"class":"alley","highway":"pedestrian","sidewalk":"unknown","lanes":0,"name":"서울로 7017","oneway":false},"geometry":{"type":"LineString","coordinates":[[126.97809,37.55836],[126.97787,37.55816],[126.97773,37.55805],[126.97762,37.55798],[126.97758,37.55795],[126.97717,37.55775],[126.9763,37.55741],[126.97586,37.55724],[126.97558,37.55713]]}},{"type":"Feature","properties":{"class":"major","highway":"primary","sidewalk":"likely","lanes":0,"name":"한강대로","oneway":true},"geometry":{"type":"LineString","coordinates":[[126.9719,37.54493],[126.97191,37.5449],[126.97194,37.54478],[126.97205,37.54433]]}},{"type":"Feature","properties":{"class":"major","highway":"primary","sidewalk":"likely","lanes":0,"name":"한강대로","oneway":true},"geometry":{"type":"LineString","coordinates":[[126.97303,37.55409],[126.97305,37.55441]]}},{"type":"Feature","properties":{"class":"major","highway":"secondary","sidewalk":"likely","lanes":0,"name":"한강대로77길","oneway":false},"geometry":{"type":"LineString","coordinates":[[126.97284,37.54204],[126.97277,37.54203],[126.97267,37.54201]]}},{"type":"Feature","properties":{"class":"major","highway":"primary_link","sidewalk":"likely","lanes":0,"name":"퇴계로","oneway":true},"geometry":{"type":"LineString","coordinates":[[126.9731,37.55575],[126.9732,37.55602],[126.97328,37.55613],[126.97341,37.55622],[126.97354,37.5563],[126.97371,37.55636]]}},{"type":"Feature","properties":{"class":"minor","highway":"residential","sidewalk":"unknown","lanes":0,"name":"청파로45길","oneway":true},"geometry":{"type":"LineString","coordinates":[[126.96781,37.5447],[126.96824,37.54462],[126.96878,37.54452],[126.96925,37.54444],[126.96955,37.54439],[126.97002,37.5443],[126.97059,37.5442],[126.97068,37.54418]]}},{"type":"Feature","properties":{"class":"minor","highway":"residential","sidewalk":"unknown","lanes":0,"name":"청파로47길","oneway":true},"geometry":{"type":"LineString","coordinates":[[126.97055,37.54492],[126.97018,37.54488],[126.96953,37.54483],[126.9694,37.54482],[126.96814,37.5447],[126.96781,37.5447]]}},{"type":"Feature","properties":{"class":"minor","highway":"residential","sidewalk":"unknown","lanes":0,"name":"한강대로76길","oneway":true},"geometry":{"type":"LineString","coordinates":[[126.97437,37.5417],[126.9741,37.54272]]}},{"type":"Feature","properties":{"class":"minor","highway":"residential","sidewalk":"unknown","lanes":0,"name":"한강대로104길","oneway":false},"geometry":{"type":"LineString","coordinates":[[126.97209,37.55035],[126.97223,37.55035],[126.97309,37.55034],[126.97318,37.55034],[126.97326,37.55034],[126.97368,37.55033],[126.97401,37.55033],[126.97409,37.55036],[126.97452,37.55043],[126.97471,37.55047],[126.97485,37.55043],[126.97507,37.55038]]}},{"type":"Feature","properties":{"class":"minor","highway":"residential","sidewalk":"unknown","lanes":0,"name":"후암로57길","oneway":false},"geometry":{"type":"LineString","coordinates":[[126.97419,37.55365],[126.97416,37.55346],[126.97413,37.55334],[126.97409,37.55322],[126.97403,37.55297],[126.97404,37.55265],[126.97402,37.55225],[126.97402,37.55206],[126.97396,37.55132],[126.97401,37.55118],[126.97401,37.55033]]}},{"type":"Feature","properties":{"class":"minor","highway":"residential","sidewalk":"unknown","lanes":0,"name":"한강대로88길","oneway":false},"geometry":{"type":"LineString","coordinates":[[126.9729,37.5452],[126.97308,37.54447]]}},{"type":"Feature","properties":{"class":"minor","highway":"residential","sidewalk":"unknown","lanes":0,"name":"원효로90길","oneway":false},"geometry":{"type":"LineString","coordinates":[[126.96905,37.54022],[126.96936,37.53999],[126.96968,37.53976],[126.97006,37.53948],[126.97044,37.53921],[126.97049,37.53917],[126.97085,37.53891]]}},{"type":"Feature","properties":{"class":"minor","highway":"residential","sidewalk":"unknown","lanes":0,"name":"청파로47나길","oneway":false},"geometry":{"type":"LineString","coordinates":[[126.96693,37.54487],[126.96694,37.54499],[126.967,37.54564],[126.96702,37.54568],[126.96746,37.54634],[126.96764,37.54665],[126.96779,37.54689],[126.96787,37.54701],[126.96788,37.54706],[126.96803,37.54765],[126.96817,37.54787],[126.96837,37.54819],[126.96837,37.5484],[126.96842,37.54857],[126.96863,37.5488],[126.9687,37.54896],[126.96908,37.54925],[126.96931,37.54943]]}},{"type":"Feature","properties":{"class":"minor","highway":"residential","sidewalk":"unknown","lanes":0,"name":"청파로71길","oneway":false},"geometry":{"type":"LineString","coordinates":[[126.96689,37.54932],[126.96687,37.54975],[126.96686,37.55016]]}},{"type":"Feature","properties":{"class":"minor","highway":"residential","sidewalk":"unknown","lanes":0,"name":"청파로71가길","oneway":false},"geometry":{"type":"LineString","coordinates":[[126.96687,37.54975],[126.96731,37.54974]]}},{"type":"Feature","properties":{"class":"major","highway":"secondary_link","sidewalk":"likely","lanes":0,"name":"","oneway":true},"geometry":{"type":"LineString","coordinates":[[126.97891,37.55339],[126.97905,37.55325],[126.97917,37.55314],[126.97926,37.55313],[126.97929,37.55315],[126.97933,37.5532],[126.97936,37.55334]]}},{"type":"Feature","properties":{"class":"major","highway":"secondary","sidewalk":"likely","lanes":0,"name":"소월로3길","oneway":true},"geometry":{"type":"LineString","coordinates":[[126.97984,37.55427],[126.98003,37.55445],[126.98028,37.5546]]}},{"type":"Feature","properties":{"class":"minor","highway":"residential","sidewalk":"unknown","lanes":0,"name":"두텁바위로1길","oneway":false},"geometry":{"type":"LineString","coordinates":[[126.97253,37.54515],[126.97258,37.54527],[126.9726,37.5453],[126.97294,37.54552],[126.97303,37.54556],[126.97315,37.54557],[126.97337,37.54557],[126.97382,37.54573],[126.97394,37.54579],[126.97395,37.54579],[126.97401,37.54584],[126.97411,37.54592],[126.97434,37.54611],[126.97449,37.54624],[126.97468,37.54636],[126.97473,37.54637],[126.97491,37.54643],[126.97515,37.5465],[126.97529,37.54657],[126.9755,37.54662]]}},{"type":"Feature","properties":{"class":"minor","highway":"residential","sidewalk":"unknown","lanes":0,"name":"두텁바위로","oneway":false},"geometry":{"type":"LineString","coordinates":[[126.97511,37.54548],[126.97491,37.54643]]}},{"type":"Feature","properties":{"class":"minor","highway":"residential","sidewalk":"unknown","lanes":0,"name":"한강대로104라길","oneway":false},"geometry":{"type":"LineString","coordinates":[[126.97539,37.55029],[126.97537,37.55024],[126.97522,37.55021],[126.97538,37.54975],[126.97537,37.54934],[126.97542,37.54916],[126.97561,37.54908],[126.97588,37.54905],[126.97612,37.54908]]}},{"type":"Feature","properties":{"class":"minor","highway":"residential","sidewalk":"unknown","lanes":0,"name":"후암로25길","oneway":false},"geometry":{"type":"LineString","coordinates":[[126.97737,37.54998],[126.97701,37.54996],[126.97689,37.54995],[126.97636,37.54992],[126.97604,37.54987]]}},{"type":"Feature","properties":{"class":"minor","highway":"residential","sidewalk":"unknown","lanes":0,"name":"한강대로104가길","oneway":false},"geometry":{"type":"LineString","coordinates":[[126.97368,37.55033],[126.97367,37.55],[126.97351,37.54981],[126.97338,37.54966],[126.97328,37.54952]]}},{"type":"Feature","properties":{"class":"minor","highway":"residential","sidewalk":"unknown","lanes":0,"name":"두텁바위로1가길","oneway":false},"geometry":{"type":"LineString","coordinates":[[126.9755,37.54662],[126.97576,37.54679],[126.97583,37.54702],[126.97596,37.54746],[126.97597,37.54757],[126.97603,37.54775],[126.97634,37.54846]]}},{"type":"Feature","properties":{"class":"major","highway":"primary","sidewalk":"likely","lanes":0,"name":"한강대로","oneway":true},"geometry":{"type":"LineString","coordinates":[[126.97267,37.54201],[126.97269,37.54191],[126.97271,37.54187],[126.97292,37.54112],[126.97312,37.54032],[126.97333,37.53962],[126.97358,37.53864],[126.97378,37.53785],[126.97384,37.53761],[126.97399,37.53698],[126.97403,37.53683]]}},{"type":"Feature","properties":{"class":"alley","highway":"service","sidewalk":"unknown","lanes":0,"name":"","oneway":false},"geometry":{"type":"LineString","coordinates":[[126.97997,37.54037],[126.98009,37.54042],[126.9803,37.5406],[126.98036,37.54063],[126.98044,37.54068],[126.98048,37.54068],[126.98065,37.5407],[126.98071,37.54071],[126.9812,37.54077],[126.98164,37.54083],[126.98172,37.54083],[126.98203,37.54085],[126.98209,37.54085],[126.98219,37.54083],[126.98222,37.54083],[126.98245,37.54084],[126.98249,37.54084],[126.98253,37.54084],[126.98257,37.54082],[126.9826,37.54081],[126.98261,37.54079],[126.98261,37.54077],[126.98262,37.54076],[126.98262,37.54074],[126.98262,37.54071],[126.98262,37.54068],[126.98261,37.54064],[126.98259,37.5406],[126.98257,37.54056],[126.98252,37.54046],[126.98249,37.54041],[126.98247,37.54037],[126.98244,37.54034],[126.98238,37.54025],[126.98229,37.54016],[126.9822,37.54007],[126.98213,37.53989],[126.98216,37.53956],[126.98221,37.53933],[126.98226,37.53919],[126.98233,37.53907],[126.98239,37.53895],[126.98244,37.53888],[126.9825,37.53881]]}},{"type":"Feature","properties":{"class":"minor","highway":"residential","sidewalk":"unknown","lanes":0,"name":"","oneway":false},"geometry":{"type":"LineString","coordinates":[[126.97968,37.54111],[126.97952,37.54119],[126.97942,37.54127],[126.97926,37.54145],[126.97912,37.54161],[126.97902,37.5417],[126.97889,37.54177],[126.97873,37.54185],[126.97851,37.54192],[126.97829,37.542],[126.9782,37.54201],[126.97804,37.54203],[126.97774,37.54205],[126.97765,37.54211],[126.97762,37.54217],[126.97753,37.54239],[126.97731,37.54337]]}},{"type":"Feature","properties":{"class":"alley","highway":"service","sidewalk":"unknown","lanes":0,"name":"","oneway":false},"geometry":{"type":"LineString","coordinates":[[126.9782,37.54201],[126.9782,37.54206],[126.97822,37.54235],[126.97823,37.54244],[126.97824,37.54246],[126.97826,37.5425],[126.97832,37.54257],[126.97818,37.54334],[126.97815,37.5435]]}},{"type":"Feature","properties":{"class":"alley","highway":"service","sidewalk":"unknown","lanes":0,"name":"","oneway":false},"geometry":{"type":"LineString","coordinates":[[126.97815,37.5435],[126.978,37.5437],[126.97777,37.54414],[126.97773,37.54429]]}},{"type":"Feature","properties":{"class":"alley","highway":"service","sidewalk":"unknown","lanes":0,"name":"","oneway":false},"geometry":{"type":"LineString","coordinates":[[126.97773,37.54429],[126.97779,37.54436],[126.97786,37.5444],[126.97799,37.54444],[126.97814,37.54448],[126.97829,37.54452],[126.97841,37.54455],[126.97847,37.54458],[126.97852,37.5446],[126.97857,37.54462],[126.97861,37.54464],[126.97866,37.54467],[126.97867,37.5447],[126.97867,37.54472],[126.97864,37.54474],[126.97859,37.54475],[126.97853,37.54476],[126.97846,37.54476]]}},{"type":"Feature","properties":{"class":"alley","highway":"service","sidewalk":"unknown","lanes":0,"name":"","oneway":false},"geometry":{"type":"LineString","coordinates":[[126.97375,37.54485],[126.97372,37.54483],[126.97372,37.54482],[126.9737,37.5448],[126.97369,37.54477],[126.97382,37.54429],[126.97386,37.54417],[126.97389,37.54412]]}},{"type":"Feature","properties":{"class":"alley","highway":"service","sidewalk":"unknown","lanes":0,"name":"","oneway":false},"geometry":{"type":"LineString","coordinates":[[126.97492,37.54502],[126.97502,37.54461],[126.97509,37.54431]]}},{"type":"Feature","properties":{"class":"minor","highway":"residential","sidewalk":"unknown","lanes":0,"name":"Atwood Avenue","oneway":false},"geometry":{"type":"LineString","coordinates":[[126.97406,37.54403],[126.97417,37.54363],[126.97421,37.54353],[126.97427,37.54338],[126.97437,37.54297],[126.97447,37.54292]]}},{"type":"Feature","properties":{"class":"alley","highway":"service","sidewalk":"unknown","lanes":0,"name":"","oneway":false},"geometry":{"type":"LineString","coordinates":[[126.97839,37.53971],[126.97819,37.53972],[126.9781,37.53978],[126.97805,37.53992],[126.97808,37.53999],[126.9781,37.54002],[126.97836,37.54045],[126.97843,37.54048],[126.97852,37.54054],[126.97857,37.54071],[126.97869,37.54073],[126.9798,37.5408]]}},{"type":"Feature","properties":{"class":"alley","highway":"service","sidewalk":"unknown","lanes":0,"name":"","oneway":false},"geometry":{"type":"LineString","coordinates":[[126.97889,37.54177],[126.97849,37.54175],[126.97836,37.54175],[126.97826,37.54173],[126.97803,37.54166],[126.978,37.54162],[126.97798,37.54156],[126.97804,37.54121],[126.97802,37.54118],[126.97798,37.54114],[126.97759,37.54111]]}},{"type":"Feature","properties":{"class":"alley","highway":"service","sidewalk":"unknown","lanes":0,"name":"Beard Street","oneway":false},"geometry":{"type":"LineString","coordinates":[[126.97427,37.54338],[126.97441,37.5434],[126.97525,37.54353],[126.97552,37.54357],[126.9759,37.54363],[126.97693,37.54378],[126.97696,37.54379],[126.97739,37.54383],[126.97746,37.54386],[126.97754,37.54392],[126.97763,37.54405],[126.97768,37.54415],[126.97768,37.54416],[126.97773,37.54429]]}},{"type":"Feature","properties":{"class":"alley","highway":"service","sidewalk":"unknown","lanes":0,"name":"","oneway":false},"geometry":{"type":"LineString","coordinates":[[126.97773,37.54429],[126.97775,37.54437],[126.97776,37.54443],[126.97774,37.54453],[126.97771,37.54463]]}},{"type":"Feature","properties":{"class":"alley","highway":"service","sidewalk":"unknown","lanes":0,"name":"","oneway":false},"geometry":{"type":"LineString","coordinates":[[126.97574,37.54438],[126.9759,37.54363]]}},{"type":"Feature","properties":{"class":"alley","highway":"service","sidewalk":"unknown","lanes":0,"name":"","oneway":false},"geometry":{"type":"LineString","coordinates":[[126.97739,37.54531],[126.97745,37.54508],[126.97758,37.54461]]}},{"type":"Feature","properties":{"class":"alley","highway":"service","sidewalk":"unknown","lanes":0,"name":"8th Army Drive","oneway":false},"geometry":{"type":"LineString","coordinates":[[126.97961,37.5413],[126.97968,37.54111],[126.9798,37.5408],[126.97997,37.54037],[126.98011,37.54003],[126.9803,37.53943],[126.98043,37.53906],[126.98046,37.53868],[126.98046,37.53863],[126.98047,37.53851],[126.98051,37.53798],[126.98053,37.53766],[126.98057,37.53705],[126.9806,37.53647],[126.9806,37.53643],[126.98061,37.53641],[126.98064,37.53585]]}},{"type":"Feature","properties":{"class":"alley","highway":"service","sidewalk":"unknown","lanes":0,"name":"Bates Street","oneway":false},"geometry":{"type":"LineString","coordinates":[[126.97509,37.54431],[126.97534,37.54434],[126.97574,37.54438],[126.97599,37.54442],[126.97641,37.54448],[126.97682,37.54453],[126.977,37.54455],[126.97709,37.54456],[126.9772,37.54456],[126.97758,37.54461],[126.97771,37.54463],[126.97836,37.54475]]}},{"type":"Feature","properties":{"class":"alley","highway":"service","sidewalk":"unknown","lanes":0,"name":"","oneway":false},"geometry":{"type":"LineString","coordinates":[[126.97389,37.54412],[126.97396,37.54408],[126.974,37.54404],[126.97406,37.54403],[126.97405,37.54407],[126.97406,37.5441],[126.97408,37.54413],[126.97411,37.54415],[126.97414,37.54417],[126.97419,37.54418],[126.97509,37.54431]]}},{"type":"Feature","properties":{"class":"alley","highway":"service","sidewalk":"unknown","lanes":0,"name":"","oneway":false},"geometry":{"type":"LineString","coordinates":[[126.97836,37.54475],[126.97846,37.54476],[126.97842,37.54486],[126.9784,37.5449],[126.97833,37.54508],[126.97823,37.54534],[126.97822,37.54537],[126.97812,37.5454]]}},{"type":"Feature","properties":{"class":"alley","highway":"service","sidewalk":"unknown","lanes":0,"name":"Allen Street","oneway":false},"geometry":{"type":"LineString","coordinates":[[126.97812,37.5454],[126.97739,37.54531],[126.97692,37.54526],[126.97662,37.54523],[126.97624,37.54519],[126.976,37.54516],[126.97579,37.54513],[126.97576,37.54513],[126.9751,37.54504],[126.97492,37.54502],[126.97485,37.54502],[126.97375,37.54485]]}},{"type":"Feature","properties":{"class":"alley","highway":"service","sidewalk":"unknown","lanes":0,"name":"Bowman Street","oneway":false},"geometry":{"type":"LineString","coordinates":[[126.97447,37.54292],[126.9745,37.54293],[126.97503,37.54301],[126.97516,37.54302],[126.97573,37.54311],[126.97638,37.54321],[126.97639,37.54321],[126.97668,37.54326],[126.97731,37.54337],[126.97764,37.54342],[126.97815,37.5435],[126.97823,37.5435],[126.97874,37.54356],[126.97888,37.5436],[126.97894,37.54367],[126.9789,37.54383],[126.97885,37.54406],[126.97877,37.5441],[126.97876,37.5441],[126.97835,37.54409],[126.97805,37.5441],[126.97801,37.5441],[126.97799,37.54411],[126.97797,37.54413],[126.97795,37.54415],[126.97793,37.5442],[126.97789,37.5443],[126.97786,37.5444]]}},{"type":"Feature","properties":{"class":"minor","highway":"residential","sidewalk":"unknown","lanes":0,"name":"청파로71나길","oneway":false},"geometry":{"type":"LineString","coordinates":[[126.96696,37.54862],[126.96735,37.54862],[126.96776,37.54861],[126.96776,37.54908],[126.96776,37.54945]]}},{"type":"Feature","properties":{"class":"minor","highway":"residential","sidewalk":"unknown","lanes":0,"name":"퇴계로2길","oneway":false},"geometry":{"type":"LineString","coordinates":[[126.9773,37.55771],[126.97734,37.5575],[126.97731,37.55703],[126.97731,37.55666],[126.97731,37.55652],[126.97731,37.55637],[126.97731,37.55632]]}},{"type":"Feature","properties":{"class":"alley","highway":"service","sidewalk":"unknown","lanes":0,"name":"소월로1길","oneway":false},"geometry":{"type":"LineString","coordinates":[[126.97731,37.55703],[126.97704,37.55704],[126.97689,37.55705],[126.97681,37.55705],[126.97674,37.55705],[126.97651,37.55705],[126.97647,37.55706],[126.9764,37.55706]]}},{"type":"Feature","properties":{"class":"alley","highway":"service","sidewalk":"unknown","lanes":0,"name":"퇴계로2길","oneway":false},"geometry":{"type":"LineString","coordinates":[[126.97682,37.55642],[126.97702,37.55646],[126.97731,37.55652]]}},{"type":"Feature","properties":{"class":"minor","highway":"residential","sidewalk":"unknown","lanes":0,"name":"퇴계로6길","oneway":false},"geometry":{"type":"LineString","coordinates":[[126.978,37.55818],[126.97819,37.55806],[126.97833,37.55795],[126.97848,37.55756],[126.9786,37.5573],[126.97864,37.55728],[126.97876,37.5572],[126.97887,37.55712],[126.97903,37.55701],[126.97906,37.55687],[126.97909,37.55679],[126.97922,37.55675],[126.97937,37.55662],[126.97951,37.55654],[126.97968,37.55646]]}},{"type":"Feature","properties":{"class":"minor","highway":"residential","sidewalk":"unknown","lanes":0,"name":"퇴계로4길","oneway":false},"geometry":{"type":"LineString","coordinates":[[126.97734,37.5575],[126.97785,37.55746],[126.97829,37.55753],[126.97848,37.55756],[126.97945,37.55757],[126.97981,37.55757],[126.98004,37.55768],[126.98014,37.55772],[126.98081,37.55802],[126.9811,37.55825]]}},{"type":"Feature","properties":{"class":"minor","highway":"residential","sidewalk":"unknown","lanes":0,"name":"퇴계로8길","oneway":false},"geometry":{"type":"LineString","coordinates":[[126.97999,37.55921],[126.97996,37.55909],[126.97994,37.55884],[126.97991,37.55876],[126.97968,37.55848],[126.97959,37.5584],[126.97945,37.55816],[126.97942,37.55801],[126.97943,37.55785],[126.97945,37.55757]]}},{"type":"Feature","properties":{"class":"minor","highway":"residential","sidewalk":"unknown","lanes":0,"name":"퇴계로8길","oneway":false},"geometry":{"type":"LineString","coordinates":[[126.97945,37.55757],[126.97952,37.55743],[126.97964,37.55731],[126.97966,37.55729],[126.97972,37.55724],[126.97975,37.55722],[126.97983,37.55697],[126.97991,37.55677],[126.97995,37.55673],[126.98006,37.55669],[126.98023,37.55669],[126.98038,37.55668],[126.98046,37.55662],[126.98053,37.55645],[126.98052,37.55641],[126.9804,37.55632],[126.98036,37.55626],[126.98036,37.55619],[126.98039,37.55608],[126.98074,37.5556],[126.9808,37.5555],[126.98086,37.55542],[126.98101,37.55534],[126.98117,37.55537],[126.98154,37.55531],[126.98171,37.55523],[126.98183,37.55524],[126.98196,37.55532],[126.98209,37.55568]]}},{"type":"Feature","properties":{"class":"minor","highway":"residential","sidewalk":"unknown","lanes":0,"name":"퇴계로6가길","oneway":false},"geometry":{"type":"LineString","coordinates":[[126.97687,37.5561],[126.97695,37.55614],[126.977,37.55617],[126.97731,37.55632],[126.97751,37.55626],[126.97762,37.55627],[126.97799,37.55628],[126.97845,37.55637],[126.97858,37.55643],[126.97868,37.55655],[126.97865,37.55674],[126.9786,37.55704],[126.9786,37.55709],[126.9786,37.5573]]}},{"type":"Feature","properties":{"class":"minor","highway":"residential","sidewalk":"unknown","lanes":0,"name":"후암로4길","oneway":false},"geometry":{"type":"LineString","coordinates":[[126.98135,37.54891],[126.98131,37.54886],[126.981,37.54863],[126.98088,37.54859],[126.98079,37.54853],[126.98053,37.54832],[126.98027,37.54806],[126.9803,37.54794],[126.98025,37.54777],[126.98024,37.54773],[126.98023,37.54769],[126.9802,37.54766],[126.98006,37.54751],[126.97991,37.5474],[126.9798,37.54734],[126.9797,37.54727],[126.97961,37.54716],[126.97955,37.54709],[126.97925,37.54707],[126.97902,37.54706],[126.9789,37.54695],[126.97833,37.54644]]}},{"type":"Feature","properties":{"class":"major","highway":"primary","sidewalk":"likely","lanes":2,"name":"한강대로","oneway":true},"geometry":{"type":"LineString","coordinates":[[126.97243,37.55678],[126.97242,37.55671]]}},{"type":"Feature","properties":{"class":"minor","highway":"residential","sidewalk":"unknown","lanes":0,"name":"청파로85가길","oneway":false},"geometry":{"type":"LineString","coordinates":[[126.96821,37.55265],[126.96815,37.55251],[126.96809,37.5522],[126.96813,37.5521]]}},{"type":"Feature","properties":{"class":"minor","highway":"residential","sidewalk":"unknown","lanes":0,"name":"청파로73길","oneway":false},"geometry":{"type":"LineString","coordinates":[[126.96668,37.55189],[126.96679,37.55186],[126.9673,37.55174],[126.96755,37.55155],[126.96755,37.55152],[126.96749,37.5513],[126.96744,37.55101],[126.96741,37.55067],[126.96764,37.55057],[126.96771,37.55054],[126.96809,37.55039],[126.96818,37.55033],[126.96865,37.55013],[126.96882,37.55006],[126.96911,37.54994],[126.9693,37.54995],[126.96947,37.54996],[126.96973,37.54998]]}},{"type":"Feature","properties":{"class":"minor","highway":"residential","sidewalk":"unknown","lanes":0,"name":"청파로73나길","oneway":false},"geometry":{"type":"LineString","coordinates":[[126.96741,37.55067],[126.96731,37.55061],[126.96721,37.55062]]}},{"type":"Feature","properties":{"class":"minor","highway":"residential","sidewalk":"unknown","lanes":0,"name":"청파로71가길","oneway":false},"geometry":{"type":"LineString","coordinates":[[126.96684,37.55104],[126.96644,37.55103]]}},{"type":"Feature","properties":{"class":"minor","highway":"residential","sidewalk":"unknown","lanes":0,"name":"청파로71가길","oneway":false},"geometry":{"type":"LineString","coordinates":[[126.96645,37.55127],[126.96644,37.55103],[126.96644,37.55062],[126.96643,37.55037],[126.96643,37.55017],[126.96686,37.55016]]}},{"type":"Feature","properties":{"class":"minor","highway":"residential","sidewalk":"unknown","lanes":0,"name":"청파로73나길","oneway":false},"geometry":{"type":"LineString","coordinates":[[126.96686,37.55016],[126.96687,37.55062],[126.96684,37.55104]]}},{"type":"Feature","properties":{"class":"major","highway":"tertiary","sidewalk":"likely","lanes":0,"name":"후암로","oneway":true},"geometry":{"type":"LineString","coordinates":[[126.97251,37.55481],[126.97256,37.55465],[126.97266,37.55435],[126.97268,37.55427],[126.97273,37.55423],[126.97291,37.55413],[126.97303,37.55409]]}},{"type":"Feature","properties":{"class":"alley","highway":"service","sidewalk":"unknown","lanes":1,"name":"","oneway":true},"geometry":{"type":"LineString","coordinates":[[126.97242,37.55671],[126.97236,37.55647],[126.97236,37.55625],[126.97227,37.55597]]}},{"type":"Feature","properties":{"class":"alley","highway":"service","sidewalk":"unknown","lanes":0,"name":"","oneway":true},"geometry":{"type":"LineString","coordinates":[[126.97242,37.55444],[126.97257,37.55427]]}},{"type":"Feature","properties":{"class":"alley","highway":"service","sidewalk":"unknown","lanes":0,"name":"","oneway":true},"geometry":{"type":"LineString","coordinates":[[126.97185,37.55428],[126.97217,37.55447],[126.97226,37.55451]]}},{"type":"Feature","properties":{"class":"alley","highway":"service","sidewalk":"unknown","lanes":1,"name":"","oneway":true},"geometry":{"type":"LineString","coordinates":[[126.97204,37.55717],[126.97212,37.55691],[126.97227,37.55632],[126.97227,37.55597]]}},{"type":"Feature","properties":{"class":"alley","highway":"service","sidewalk":"unknown","lanes":0,"name":"","oneway":true},"geometry":{"type":"LineString","coordinates":[[126.97205,37.55464],[126.97211,37.55459],[126.9722,37.55453],[126.97226,37.55451],[126.97242,37.55444]]}},{"type":"Feature","properties":{"class":"alley","highway":"service","sidewalk":"unknown","lanes":1,"name":"","oneway":true},"geometry":{"type":"LineString","coordinates":[[126.97227,37.55597],[126.97216,37.55564],[126.97215,37.55552],[126.97215,37.55515],[126.97215,37.55487],[126.97215,37.5548],[126.97216,37.55471],[126.97221,37.55462],[126.97228,37.55456],[126.97242,37.55444]]}},{"type":"Feature","properties":{"class":"alley","highway":"service","sidewalk":"unknown","lanes":2,"name":"","oneway":true},"geometry":{"type":"LineString","coordinates":[[126.97227,37.55597],[126.9721,37.55564],[126.97206,37.55545],[126.97206,37.55517],[126.97207,37.555],[126.97207,37.55496],[126.97207,37.55488],[126.97207,37.5548],[126.97207,37.55475],[126.97209,37.55467],[126.97217,37.5546],[126.97242,37.55444]]}},{"type":"Feature","properties":{"class":"major","highway":"primary","sidewalk":"likely","lanes":0,"name":"한강대로","oneway":true},"geometry":{"type":"LineString","coordinates":[[126.97305,37.55441],[126.97308,37.55459]]}},{"type":"Feature","properties":{"class":"major","highway":"primary","sidewalk":"likely","lanes":0,"name":"한강대로","oneway":true},"geometry":{"type":"LineString","coordinates":[[126.97308,37.55459],[126.97309,37.55481],[126.9731,37.55575]]}},{"type":"Feature","properties":{"class":"major","highway":"primary","sidewalk":"likely","lanes":0,"name":"퇴계로","oneway":true},"geometry":{"type":"LineString","coordinates":[[126.97789,37.55834],[126.97764,37.55812],[126.97754,37.55805],[126.97714,37.55783],[126.97685,37.55771],[126.97684,37.5577],[126.97668,37.55763],[126.97629,37.55749],[126.97605,37.5574],[126.97581,37.55731],[126.97554,37.55722],[126.97534,37.55715],[126.97426,37.55678]]}},{"type":"Feature","properties":{"class":"major","highway":"primary","sidewalk":"likely","lanes":0,"name":"한강대로","oneway":true},"geometry":{"type":"LineString","coordinates":[[126.97262,37.55371],[126.97259,37.55326],[126.97247,37.55279],[126.97232,37.55218],[126.97214,37.55138],[126.97206,37.55111],[126.97188,37.55037]]}},{"type":"Feature","properties":{"class":"minor","highway":"residential","sidewalk":"unknown","lanes":0,"name":"한강대로98나길","oneway":false},"geometry":{"type":"LineString","coordinates":[[126.97488,37.54891],[126.97474,37.5489],[126.97382,37.54846],[126.97373,37.54823]]}},{"type":"Feature","properties":{"class":"alley","highway":"service","sidewalk":"unknown","lanes":0,"name":"","oneway":false},"geometry":{"type":"LineString","coordinates":[[126.9746,37.5478],[126.97406,37.54791]]}},{"type":"Feature","properties":{"class":"minor","highway":"residential","sidewalk":"unknown","lanes":0,"name":"후암로15길","oneway":false},"geometry":{"type":"LineString","coordinates":[[126.97632,37.54849],[126.97718,37.54862]]}},{"type":"Feature","properties":{"class":"minor","highway":"residential","sidewalk":"unknown","lanes":0,"name":"한강대로102가길","oneway":false},"geometry":{"type":"LineString","coordinates":[[126.9732,37.54923],[126.97415,37.54903]]}},{"type":"Feature","properties":{"class":"minor","highway":"residential","sidewalk":"unknown","lanes":0,"name":"두텁바위로15길","oneway":false},"geometry":{"type":"LineString","coordinates":[[126.97766,37.54631],[126.97722,37.54624]]}},{"type":"Feature","properties":{"class":"minor","highway":"residential","sidewalk":"unknown","lanes":0,"name":"두텁바위로13길","oneway":false},"geometry":{"type":"LineString","coordinates":[[126.97685,37.54571],[126.97681,37.54576],[126.97677,37.54617],[126.97666,37.54663]]}},{"type":"Feature","properties":{"class":"minor","highway":"residential","sidewalk":"unknown","lanes":0,"name":"후암로5길","oneway":false},"geometry":{"type":"LineString","coordinates":[[126.97796,37.54657],[126.97763,37.54647],[126.97713,37.54668]]}},{"type":"Feature","properties":{"class":"minor","highway":"residential","sidewalk":"unknown","lanes":0,"name":"두텁바위로","oneway":false},"geometry":{"type":"LineString","coordinates":[[126.97781,37.54584],[126.97776,37.54598],[126.97766,37.54631],[126.97763,37.54647]]}},{"type":"Feature","properties":{"class":"minor","highway":"residential","sidewalk":"unknown","lanes":0,"name":"한강대로102다길","oneway":false},"geometry":{"type":"LineString","coordinates":[[126.97538,37.54856],[126.97536,37.54858],[126.97523,37.54863],[126.97483,37.54808],[126.97468,37.54805],[126.97457,37.54825],[126.97454,37.54839],[126.97475,37.54858],[126.97487,37.54885],[126.97488,37.54891],[126.97488,37.5493],[126.97492,37.54933]]}},{"type":"Feature","properties":{"class":"minor","highway":"residential","sidewalk":"unknown","lanes":0,"name":"한강대로104나길","oneway":false},"geometry":{"type":"LineString","coordinates":[[126.97485,37.55043],[126.97433,37.54988],[126.9743,37.54984],[126.97416,37.5494]]}},{"type":"Feature","properties":{"class":"minor","highway":"residential","sidewalk":"unknown","lanes":0,"name":"","oneway":false},"geometry":{"type":"LineString","coordinates":[[126.97583,37.54702],[126.97556,37.54708]]}},{"type":"Feature","properties":{"class":"minor","highway":"residential","sidewalk":"unknown","lanes":0,"name":"두텁바위로1길","oneway":false},"geometry":{"type":"LineString","coordinates":[[126.97612,37.54908],[126.97605,37.54867],[126.97605,37.54858],[126.97602,37.54852],[126.97596,37.5484],[126.97593,37.54833],[126.97585,37.54809],[126.97574,37.54776],[126.97572,37.54764],[126.97576,37.54761],[126.97573,37.54746],[126.97557,37.54712],[126.97556,37.54708],[126.97549,37.54692],[126.97527,37.54665],[126.97529,37.54657]]}},{"type":"Feature","properties":{"class":"minor","highway":"residential","sidewalk":"unknown","lanes":0,"name":"한강대로96가길","oneway":false},"geometry":{"type":"LineString","coordinates":[[126.9755,37.54775],[126.97523,37.5474],[126.9752,37.54733],[126.9752,37.54731],[126.9752,37.54722],[126.97513,37.5471],[126.97501,37.5469],[126.97498,37.54683]]}},{"type":"Feature","properties":{"class":"minor","highway":"residential","sidewalk":"unknown","lanes":0,"name":"","oneway":false},"geometry":{"type":"LineString","coordinates":[[126.97311,37.54895],[126.97356,37.54882]]}},{"type":"Feature","properties":{"class":"minor","highway":"residential","sidewalk":"unknown","lanes":0,"name":"한강대로100길","oneway":false},"geometry":{"type":"LineString","coordinates":[[126.97185,37.54922],[126.97201,37.54921],[126.97264,37.54916],[126.97264,37.54909],[126.97313,37.54902]]}},{"type":"Feature","properties":{"class":"minor","highway":"residential","sidewalk":"unknown","lanes":0,"name":"후암로13가길","oneway":false},"geometry":{"type":"LineString","coordinates":[[126.97755,37.54758],[126.97732,37.54757],[126.97674,37.54802],[126.97634,37.54846],[126.97632,37.54849],[126.97605,37.54858]]}},{"type":"Feature","properties":{"class":"minor","highway":"residential","sidewalk":"unknown","lanes":0,"name":"한강대로96길","oneway":false},"geometry":{"type":"LineString","coordinates":[[126.9729,37.54682],[126.97295,37.54723],[126.97305,37.54736]]}},{"type":"Feature","properties":{"class":"minor","highway":"residential","sidewalk":"unknown","lanes":0,"name":"두텁바위로69길","oneway":false},"geometry":{"type":"LineString","coordinates":[[126.98073,37.55173],[126.98068,37.55137],[126.98053,37.55132],[126.98031,37.55125],[126.98024,37.55118],[126.98021,37.55116],[126.97976,37.55091],[126.97909,37.55144],[126.97895,37.55161],[126.97892,37.55166]]}},{"type":"Feature","properties":{"class":"minor","highway":"residential","sidewalk":"unknown","lanes":0,"name":"소월로2나길","oneway":false},"geometry":{"type":"LineString","coordinates":[[126.97647,37.55326],[126.97693,37.55325],[126.97737,37.55356],[126.97774,37.55374],[126.97779,37.55376],[126.97797,37.55385],[126.97798,37.55386],[126.97807,37.55397]]}},{"type":"Feature","properties":{"class":"minor","highway":"residential","sidewalk":"unknown","lanes":0,"name":"후암로30길","oneway":false},"geometry":{"type":"LineString","coordinates":[[126.97726,37.55035],[126.97803,37.5503],[126.97825,37.55036],[126.97855,37.5505],[126.97895,37.55081]]}},{"type":"Feature","properties":{"class":"minor","highway":"residential","sidewalk":"unknown","lanes":0,"name":"후암로34가길","oneway":false},"geometry":{"type":"LineString","coordinates":[[126.97909,37.55144],[126.97822,37.55111],[126.97812,37.55089],[126.97795,37.55074],[126.97767,37.55058],[126.97751,37.55057],[126.97741,37.55098]]}},{"type":"Feature","properties":{"class":"minor","highway":"residential","sidewalk":"unknown","lanes":0,"name":"소월로2가길","oneway":false},"geometry":{"type":"LineString","coordinates":[[126.97807,37.55397],[126.97799,37.55406],[126.97791,37.55413],[126.9779,37.55414],[126.97776,37.55424],[126.97755,37.55429],[126.97746,37.55431],[126.97729,37.55434],[126.97724,37.55435],[126.97722,37.55435],[126.97693,37.55443],[126.97668,37.55446],[126.97659,37.55447]]}},{"type":"Feature","properties":{"class":"minor","highway":"residential","sidewalk":"unknown","lanes":0,"name":"후암로40길","oneway":false},"geometry":{"type":"LineString","coordinates":[[126.9769,37.55174],[126.97725,37.55179],[126.97753,37.55173],[126.97775,37.55178],[126.9779,37.55166]]}},{"type":"Feature","properties":{"class":"minor","highway":"residential","sidewalk":"unknown","lanes":0,"name":"후암로34길","oneway":false},"geometry":{"type":"LineString","coordinates":[[126.97985,37.55194],[126.97934,37.55178],[126.97892,37.55166],[126.97866,37.55154],[126.9783,37.55126],[126.9776,37.55112],[126.97749,37.55104],[126.97741,37.55098],[126.97711,37.55095]]}},{"type":"Feature","properties":{"class":"minor","highway":"residential","sidewalk":"unknown","lanes":0,"name":"두텁바위로","oneway":false},"geometry":{"type":"LineString","coordinates":[[126.97947,37.54165],[126.97967,37.54162],[126.97981,37.5416],[126.9799,37.54158],[126.97997,37.54156],[126.98061,37.54139],[126.9812,37.54124],[126.98134,37.54121],[126.98148,37.5412],[126.98164,37.5412],[126.98179,37.54128],[126.98217,37.54178]]}},{"type":"Feature","properties":{"class":"alley","highway":"service","sidewalk":"unknown","lanes":0,"name":"","oneway":false},"geometry":{"type":"LineString","coordinates":[[126.97573,37.54311],[126.97578,37.54292],[126.97582,37.54279],[126.97587,37.54264],[126.97589,37.54258],[126.97604,37.5418]]}},{"type":"Feature","properties":{"class":"alley","highway":"service","sidewalk":"unknown","lanes":0,"name":"","oneway":false},"geometry":{"type":"LineString","coordinates":[[126.97703,37.54066],[126.97691,37.5405],[126.97656,37.54003],[126.97643,37.53985],[126.9764,37.53985],[126.97624,37.5398],[126.97611,37.5396],[126.9757,37.53898]]}},{"type":"Feature","properties":{"class":"minor","highway":"residential","sidewalk":"unknown","lanes":0,"name":"후암로49길","oneway":false},"geometry":{"type":"LineString","coordinates":[[126.97476,37.55191],[126.97486,37.55178],[126.97505,37.55178],[126.97506,37.55183],[126.9751,37.55239],[126.97529,37.55249],[126.97556,37.55263],[126.9759,37.5528],[126.97604,37.55286],[126.97613,37.5529],[126.9763,37.55308],[126.9763,37.55313]]}},{"type":"Feature","properties":{"class":"minor","highway":"residential","sidewalk":"unknown","lanes":0,"name":"한강대로104길","oneway":false},"geometry":{"type":"LineString","coordinates":[[126.9745,37.55118],[126.97452,37.55043]]}},{"type":"Feature","properties":{"class":"alley","highway":"service","sidewalk":"unknown","lanes":0,"name":"","oneway":false},"geometry":{"type":"LineString","coordinates":[[126.97604,37.55286],[126.9761,37.55258]]}},{"type":"Feature","properties":{"class":"minor","highway":"residential","sidewalk":"unknown","lanes":0,"name":"","oneway":false},"geometry":{"type":"LineString","coordinates":[[126.97409,37.55322],[126.97522,37.55322]]}},{"type":"Feature","properties":{"class":"minor","highway":"residential","sidewalk":"unknown","lanes":0,"name":"","oneway":false},"geometry":{"type":"LineString","coordinates":[[126.97232,37.55136],[126.97246,37.55136],[126.97328,37.55137]]}},{"type":"Feature","properties":{"class":"minor","highway":"residential","sidewalk":"unknown","lanes":0,"name":"","oneway":false},"geometry":{"type":"LineString","coordinates":[[126.97326,37.55034],[126.97328,37.55137]]}},{"type":"Feature","properties":{"class":"alley","highway":"service","sidewalk":"unknown","lanes":0,"name":"","oneway":false},"geometry":{"type":"LineString","coordinates":[[126.97616,37.55054],[126.97598,37.55063],[126.97573,37.55073]]}},{"type":"Feature","properties":{"class":"alley","highway":"service","sidewalk":"unknown","lanes":0,"name":"","oneway":false},"geometry":{"type":"LineString","coordinates":[[126.97556,37.55263],[126.97559,37.55251],[126.97568,37.55236]]}},{"type":"Feature","properties":{"class":"minor","highway":"residential","sidewalk":"unknown","lanes":0,"name":"한강대로104가길","oneway":false},"geometry":{"type":"LineString","coordinates":[[126.97351,37.54981],[126.97393,37.54974],[126.97399,37.54984],[126.97433,37.54988]]}},{"type":"Feature","properties":{"class":"minor","highway":"residential","sidewalk":"unknown","lanes":0,"name":"한강대로102길","oneway":false},"geometry":{"type":"LineString","coordinates":[[126.97199,37.54985],[126.97213,37.54985],[126.97276,37.54985],[126.97328,37.54952]]}},{"type":"Feature","properties":{"class":"alley","highway":"service","sidewalk":"unknown","lanes":0,"name":"","oneway":false},"geometry":{"type":"LineString","coordinates":[[126.97472,37.55271],[126.97471,37.55284],[126.97473,37.55287],[126.97521,37.55297]]}},{"type":"Feature","properties":{"class":"minor","highway":"residential","sidewalk":"unknown","lanes":0,"name":"후암로57길","oneway":false},"geometry":{"type":"LineString","coordinates":[[126.97404,37.55265],[126.97454,37.55267],[126.97472,37.55271],[126.97506,37.55273],[126.97529,37.55249]]}},{"type":"Feature","properties":{"class":"minor","highway":"residential","sidewalk":"unknown","lanes":0,"name":"","oneway":false},"geometry":{"type":"LineString","coordinates":[[126.97599,37.55329],[126.97598,37.55324],[126.97593,37.55309],[126.97541,37.55281],[126.97521,37.55297],[126.97522,37.55309],[126.97522,37.55322],[126.97522,37.55338],[126.97525,37.55347]]}},{"type":"Feature","properties":{"class":"minor","highway":"residential","sidewalk":"unknown","lanes":0,"name":"한강대로104마길","oneway":false},"geometry":{"type":"LineString","coordinates":[[126.97576,37.55019],[126.97537,37.5506],[126.97531,37.55066],[126.97524,37.55068],[126.97513,37.5507],[126.97489,37.55071],[126.97483,37.55118],[126.97482,37.55174],[126.97476,37.55191],[126.97468,37.55196],[126.97455,37.55224],[126.97454,37.55267]]}},{"type":"Feature","properties":{"class":"minor","highway":"residential","sidewalk":"unknown","lanes":0,"name":"후암로57길","oneway":false},"geometry":{"type":"LineString","coordinates":[[126.97401,37.55118],[126.9745,37.55118],[126.97483,37.55118]]}},{"type":"Feature","properties":{"class":"minor","highway":"residential","sidewalk":"unknown","lanes":0,"name":"청파로63길","oneway":false},"geometry":{"type":"LineString","coordinates":[[126.96837,37.54819],[126.96845,37.54818],[126.96863,37.54816],[126.96881,37.54818],[126.96898,37.54816],[126.96911,37.54812],[126.96921,37.54806],[126.9693,37.54802],[126.96945,37.54796],[126.96959,37.54793],[126.96987,37.54791],[126.97005,37.54791]]}},{"type":"Feature","properties":{"class":"minor","highway":"residential","sidewalk":"unknown","lanes":0,"name":"효창원로86라길","oneway":false},"geometry":{"type":"LineString","coordinates":[[126.96695,37.54801],[126.96659,37.54802],[126.96656,37.54805],[126.96657,37.54837]]}},{"type":"Feature","properties":{"class":"minor","highway":"residential","sidewalk":"unknown","lanes":0,"name":"청파로","oneway":false},"geometry":{"type":"LineString","coordinates":[[126.96936,37.55168],[126.96908,37.55167],[126.96887,37.55162],[126.96867,37.55158]]}},{"type":"Feature","properties":{"class":"minor","highway":"residential","sidewalk":"unknown","lanes":0,"name":"청파로49길","oneway":false},"geometry":{"type":"LineString","coordinates":[[126.96734,37.54478],[126.96741,37.54493],[126.96738,37.54502],[126.96742,37.54506],[126.96748,37.54514],[126.96766,37.54525],[126.96779,37.54528],[126.96817,37.54533],[126.96832,37.54529],[126.96853,37.54537],[126.96868,37.54542],[126.96919,37.54536],[126.96928,37.54534],[126.96963,37.54528],[126.96981,37.54525],[126.97049,37.54529]]}},{"type":"Feature","properties":{"class":"alley","highway":"service","sidewalk":"unknown","lanes":0,"name":"청파로71길","oneway":false},"geometry":{"type":"LineString","coordinates":[[126.9685,37.54957],[126.96829,37.54924]]}},{"type":"Feature","properties":{"class":"alley","highway":"service","sidewalk":"unknown","lanes":0,"name":"효창원로86길","oneway":false},"geometry":{"type":"LineString","coordinates":[[126.96653,37.54712],[126.96652,37.54694]]}},{"type":"Feature","properties":{"class":"minor","highway":"residential","sidewalk":"unknown","lanes":0,"name":"청파로57길","oneway":false},"geometry":{"type":"LineString","coordinates":[[126.96848,37.54705],[126.96856,37.54751]]}},{"type":"Feature","properties":{"class":"alley","highway":"service","sidewalk":"unknown","lanes":0,"name":"효창원로86길","oneway":false},"geometry":{"type":"LineString","coordinates":[[126.96628,37.54651],[126.96623,37.54676]]}},{"type":"Feature","properties":{"class":"minor","highway":"residential","sidewalk":"unknown","lanes":0,"name":"청파로77가길","oneway":false},"geometry":{"type":"LineString","coordinates":[[126.96831,37.55143],[126.9684,37.55176]]}},{"type":"Feature","properties":{"class":"minor","highway":"residential","sidewalk":"unknown","lanes":0,"name":"효창원로86라길","oneway":false},"geometry":{"type":"LineString","coordinates":[[126.96689,37.54654],[126.96688,37.54658],[126.9669,37.54707],[126.96691,37.54719],[126.96691,37.54735],[126.96692,37.54747],[126.96693,37.54775],[126.96695,37.54801],[126.96695,37.54806],[126.96696,37.54831],[126.96696,37.54837],[126.96696,37.54862],[126.96695,37.54891]]}},{"type":"Feature","properties":{"class":"minor","highway":"residential","sidewalk":"unknown","lanes":0,"name":"효창원로86라길","oneway":false},"geometry":{"type":"LineString","coordinates":[[126.96606,37.54749],[126.96692,37.54747]]}},{"type":"Feature","properties":{"class":"alley","highway":"service","sidewalk":"unknown","lanes":0,"name":"청파로71나길","oneway":false},"geometry":{"type":"LineString","coordinates":[[126.96695,37.54897],[126.96718,37.54899],[126.96732,37.54914],[126.96736,37.54914],[126.96735,37.54862]]}},{"type":"Feature","properties":{"class":"minor","highway":"residential","sidewalk":"unknown","lanes":0,"name":"청파로53길","oneway":false},"geometry":{"type":"LineString","coordinates":[[126.96964,37.5461],[126.97033,37.5461],[126.97049,37.5461]]}},{"type":"Feature","properties":{"class":"minor","highway":"residential","sidewalk":"unknown","lanes":0,"name":"청파로49길","oneway":false},"geometry":{"type":"LineString","coordinates":[[126.96694,37.54499],[126.96738,37.54502]]}},{"type":"Feature","properties":{"class":"alley","highway":"service","sidewalk":"unknown","lanes":0,"name":"","oneway":false},"geometry":{"type":"LineString","coordinates":[[126.96739,37.54926],[126.96737,37.54939]]}},{"type":"Feature","properties":{"class":"minor","highway":"residential","sidewalk":"unknown","lanes":0,"name":"청파로45길","oneway":false},"geometry":{"type":"LineString","coordinates":[[126.96949,37.54479],[126.9701,37.54461],[126.97059,37.5442]]}},{"type":"Feature","properties":{"class":"alley","highway":"service","sidewalk":"unknown","lanes":0,"name":"청파로71가길","oneway":false},"geometry":{"type":"LineString","coordinates":[[126.96679,37.55186],[126.96675,37.5517],[126.96662,37.55128],[126.96645,37.55127]]}},{"type":"Feature","properties":{"class":"minor","highway":"residential","sidewalk":"unknown","lanes":0,"name":"청파로73길","oneway":false},"geometry":{"type":"LineString","coordinates":[[126.9693,37.54995],[126.96947,37.54977],[126.96956,37.54961]]}},{"type":"Feature","properties":{"class":"minor","highway":"residential","sidewalk":"unknown","lanes":0,"name":"효창원로86라길","oneway":false},"geometry":{"type":"LineString","coordinates":[[126.96621,37.54778],[126.96635,37.54775],[126.96693,37.54775]]}},{"type":"Feature","properties":{"class":"alley","highway":"living_street","sidewalk":"unknown","lanes":0,"name":"청파로47길","oneway":false},"geometry":{"type":"LineString","coordinates":[[126.96928,37.54534],[126.96915,37.5451],[126.9694,37.54482]]}},{"type":"Feature","properties":{"class":"alley","highway":"service","sidewalk":"unknown","lanes":0,"name":"청파로73길","oneway":false},"geometry":{"type":"LineString","coordinates":[[126.96631,37.55198],[126.96628,37.55182],[126.96675,37.5517]]}},{"type":"Feature","properties":{"class":"alley","highway":"service","sidewalk":"unknown","lanes":0,"name":"청파로57가길","oneway":false},"geometry":{"type":"LineString","coordinates":[[126.9686,37.54658],[126.96815,37.54643],[126.96815,37.54621]]}},{"type":"Feature","properties":{"class":"minor","highway":"residential","sidewalk":"unknown","lanes":0,"name":"청파로73길","oneway":false},"geometry":{"type":"LineString","coordinates":[[126.96771,37.55054],[126.96772,37.55018]]}},{"type":"Feature","properties":{"class":"minor","highway":"residential","sidewalk":"unknown","lanes":0,"name":"청파로73길","oneway":false},"geometry":{"type":"LineString","coordinates":[[126.96596,37.55209],[126.96603,37.55162]]}},{"type":"Feature","properties":{"class":"alley","highway":"service","sidewalk":"unknown","lanes":0,"name":"청파로47길","oneway":false},"geometry":{"type":"LineString","coordinates":[[126.96853,37.54537],[126.96855,37.54531],[126.9685,37.54514]]}},{"type":"Feature","properties":{"class":"minor","highway":"residential","sidewalk":"unknown","lanes":0,"name":"청파로71가길","oneway":false},"geometry":{"type":"LineString","coordinates":[[126.96686,37.55016],[126.96732,37.55017],[126.96772,37.55018],[126.9681,37.55018]]}},{"type":"Feature","properties":{"class":"alley","highway":"service","sidewalk":"unknown","lanes":0,"name":"청파로73길","oneway":false},"geometry":{"type":"LineString","coordinates":[[126.96764,37.55057],[126.96788,37.55054],[126.96803,37.55055],[126.9683,37.5505]]}},{"type":"Feature","properties":{"class":"minor","highway":"residential","sidewalk":"unknown","lanes":0,"name":"청파로71길","oneway":false},"geometry":{"type":"LineString","coordinates":[[126.96919,37.54946],[126.96931,37.54943],[126.96972,37.54922],[126.96991,37.54919],[126.97001,37.54919]]}},{"type":"Feature","properties":{"class":"minor","highway":"residential","sidewalk":"unknown","lanes":0,"name":"청파로73나길","oneway":false},"geometry":{"type":"LineString","coordinates":[[126.96731,37.55061],[126.96732,37.55017]]}},{"type":"Feature","properties":{"class":"minor","highway":"residential","sidewalk":"unknown","lanes":0,"name":"청파로47길","oneway":false},"geometry":{"type":"LineString","coordinates":[[126.96639,37.54556],[126.96659,37.54518],[126.96661,37.54508],[126.96673,37.5449]]}},{"type":"Feature","properties":{"class":"minor","highway":"residential","sidewalk":"unknown","lanes":0,"name":"청파로47길","oneway":false},"geometry":{"type":"LineString","coordinates":[[126.966,37.54503],[126.96604,37.54518],[126.96619,37.54525],[126.96621,37.54547]]}},{"type":"Feature","properties":{"class":"minor","highway":"residential","sidewalk":"unknown","lanes":0,"name":"청파로47나길","oneway":false},"geometry":{"type":"LineString","coordinates":[[126.96779,37.54689],[126.96752,37.547],[126.96746,37.54753],[126.96773,37.54774],[126.96803,37.54765]]}},{"type":"Feature","properties":{"class":"minor","highway":"residential","sidewalk":"unknown","lanes":0,"name":"청파로49길","oneway":false},"geometry":{"type":"LineString","coordinates":[[126.96742,37.54506],[126.96724,37.54514],[126.96725,37.54529],[126.96749,37.54533],[126.96769,37.54544],[126.96777,37.54538],[126.96779,37.54528]]}},{"type":"Feature","properties":{"class":"minor","highway":"residential","sidewalk":"unknown","lanes":0,"name":"청파로45길","oneway":false},"geometry":{"type":"LineString","coordinates":[[126.96878,37.54452],[126.96929,37.54463],[126.96935,37.54465],[126.96949,37.54479],[126.96953,37.54483]]}},{"type":"Feature","properties":{"class":"minor","highway":"residential","sidewalk":"unknown","lanes":0,"name":"청파로83길","oneway":false},"geometry":{"type":"LineString","coordinates":[[126.96755,37.55152],[126.96763,37.55157],[126.96771,37.55174],[126.96781,37.55198],[126.96786,37.55205],[126.96813,37.5521],[126.96835,37.55214],[126.96875,37.55215]]}},{"type":"Feature","properties":{"class":"minor","highway":"residential","sidewalk":"unknown","lanes":0,"name":"청파로57가길","oneway":false},"geometry":{"type":"LineString","coordinates":[[126.96833,37.54706],[126.96863,37.54665],[126.9686,37.54658],[126.96854,37.54633],[126.96853,37.54617]]}},{"type":"Feature","properties":{"class":"minor","highway":"residential","sidewalk":"unknown","lanes":0,"name":"청파로47나길","oneway":false},"geometry":{"type":"LineString","coordinates":[[126.96691,37.54719],[126.96711,37.5471],[126.96719,37.54689],[126.9672,37.54674],[126.96764,37.54665]]}},{"type":"Feature","properties":{"class":"minor","highway":"residential","sidewalk":"unknown","lanes":0,"name":"청파로67길","oneway":false},"geometry":{"type":"LineString","coordinates":[[126.96911,37.54812],[126.96922,37.54825],[126.96925,37.54841],[126.96931,37.54858],[126.96949,37.54878],[126.96997,37.54882]]}},{"type":"Feature","properties":{"class":"minor","highway":"residential","sidewalk":"unknown","lanes":0,"name":"청파로53길","oneway":false},"geometry":{"type":"LineString","coordinates":[[126.96854,37.54633],[126.96953,37.54622],[126.96953,37.54621],[126.96964,37.5461],[126.9697,37.54569]]}},{"type":"Feature","properties":{"class":"minor","highway":"residential","sidewalk":"unknown","lanes":0,"name":"효창원로86다길","oneway":false},"geometry":{"type":"LineString","coordinates":[[126.96696,37.54837],[126.96657,37.54837]]}},{"type":"Feature","properties":{"class":"minor","highway":"residential","sidewalk":"unknown","lanes":0,"name":"효창원로86길","oneway":false},"geometry":{"type":"LineString","coordinates":[[126.9667,37.54567],[126.96668,37.54589],[126.96664,37.54596],[126.96664,37.54617],[126.96658,37.54629],[126.96657,37.54655]]}},{"type":"Feature","properties":{"class":"minor","highway":"residential","sidewalk":"unknown","lanes":0,"name":"청파로77길","oneway":false},"geometry":{"type":"LineString","coordinates":[[126.96867,37.55158],[126.96862,37.55174],[126.96846,37.55174],[126.9684,37.55176],[126.96835,37.55176],[126.96826,37.55183],[126.96813,37.5521]]}},{"type":"Feature","properties":{"class":"minor","highway":"residential","sidewalk":"unknown","lanes":0,"name":"청파로71다길","oneway":false},"geometry":{"type":"LineString","coordinates":[[126.96619,37.54925],[126.96618,37.54886],[126.96618,37.54837],[126.96621,37.54778],[126.96618,37.54771],[126.96606,37.54749],[126.9661,37.5474],[126.96608,37.54728]]}},{"type":"Feature","properties":{"class":"minor","highway":"residential","sidewalk":"unknown","lanes":0,"name":"청파로75길","oneway":false},"geometry":{"type":"LineString","coordinates":[[126.96959,37.5507],[126.96945,37.55068],[126.96921,37.5506],[126.96908,37.55053],[126.96905,37.55043],[126.969,37.55037],[126.96885,37.55028],[126.96876,37.55022],[126.96865,37.55013]]}},{"type":"Feature","properties":{"class":"minor","highway":"residential","sidewalk":"unknown","lanes":0,"name":"청파로63가길","oneway":false},"geometry":{"type":"LineString","coordinates":[[126.96695,37.54806],[126.96771,37.54805],[126.96817,37.54787],[126.96861,37.5477],[126.96876,37.54777],[126.96893,37.54781],[126.9691,37.5477],[126.96919,37.5478],[126.96915,37.54785],[126.96923,37.54794],[126.9693,37.54802]]}},{"type":"Feature","properties":{"class":"minor","highway":"residential","sidewalk":"unknown","lanes":0,"name":"청파로57길","oneway":false},"geometry":{"type":"LineString","coordinates":[[126.96788,37.54706],[126.96833,37.54706],[126.96845,37.54706],[126.96848,37.54705],[126.96872,37.54702],[126.96879,37.54701],[126.9691,37.54689],[126.96919,37.54687],[126.96943,37.54688],[126.96974,37.5469],[126.96989,37.5469],[126.97023,37.54691]]}},{"type":"Feature","properties":{"class":"minor","highway":"residential","sidewalk":"unknown","lanes":0,"name":"","oneway":false},"geometry":{"type":"LineString","coordinates":[[126.97328,37.55137],[126.97396,37.55132]]}},{"type":"Feature","properties":{"class":"alley","highway":"service","sidewalk":"unknown","lanes":0,"name":"후암로57길","oneway":false},"geometry":{"type":"LineString","coordinates":[[126.97402,37.55225],[126.97335,37.55226],[126.97316,37.55226]]}},{"type":"Feature","properties":{"class":"alley","highway":"service","sidewalk":"unknown","lanes":0,"name":"","oneway":false},"geometry":{"type":"LineString","coordinates":[[126.97409,37.55322],[126.97339,37.55321]]}},{"type":"Feature","properties":{"class":"major","highway":"secondary","sidewalk":"likely","lanes":4,"name":"소월로","oneway":true},"geometry":{"type":"LineString","coordinates":[[126.97992,37.55252],[126.97968,37.55268]]}},{"type":"Feature","properties":{"class":"major","highway":"secondary","sidewalk":"likely","lanes":2,"name":"소월로","oneway":true},"geometry":{"type":"LineString","coordinates":[[126.97891,37.55339],[126.979,37.5532],[126.97914,37.55306],[126.9793,37.55291],[126.97948,37.55277],[126.97967,37.55267]]}},{"type":"Feature","properties":{"class":"major","highway":"secondary","sidewalk":"likely","lanes":0,"name":"소월로","oneway":true},"geometry":{"type":"LineString","coordinates":[[126.97697,37.55595],[126.97689,37.5559],[126.97685,37.55582],[126.97664,37.55547]]}},{"type":"Feature","properties":{"class":"major","highway":"secondary","sidewalk":"likely","lanes":0,"name":"소월로","oneway":true},"geometry":{"type":"LineString","coordinates":[[126.9764,37.557],[126.97642,37.55691],[126.97645,37.5568],[126.97648,37.55671],[126.97651,37.55665],[126.97668,37.55637],[126.97687,37.5561],[126.97697,37.55595]]}},{"type":"Feature","properties":{"class":"alley","highway":"service","sidewalk":"unknown","lanes":0,"name":"","oneway":true},"geometry":{"type":"LineString","coordinates":[[126.97992,37.55248],[126.9799,37.55238],[126.9799,37.55236],[126.97992,37.55232],[126.98002,37.55222],[126.98037,37.55201],[126.98049,37.552],[126.9806,37.55199],[126.98076,37.55207],[126.98082,37.55212],[126.98088,37.55217]]}},{"type":"Feature","properties":{"class":"minor","highway":"residential","sidewalk":"unknown","lanes":0,"name":"","oneway":false},"geometry":{"type":"LineString","coordinates":[[126.97574,37.54776],[126.97603,37.54775]]}},{"type":"Feature","properties":{"class":"minor","highway":"residential","sidewalk":"unknown","lanes":0,"name":"","oneway":false},"geometry":{"type":"LineString","coordinates":[[126.97557,37.54712],[126.9752,37.54722]]}},{"type":"Feature","properties":{"class":"alley","highway":"service","sidewalk":"unknown","lanes":0,"name":"","oneway":false},"geometry":{"type":"LineString","coordinates":[[126.97478,37.54753],[126.9752,37.54733]]}},{"type":"Feature","properties":{"class":"alley","highway":"service","sidewalk":"unknown","lanes":0,"name":"","oneway":false},"geometry":{"type":"LineString","coordinates":[[126.97382,37.54846],[126.97389,37.54838],[126.97398,37.54831],[126.9741,37.54809]]}},{"type":"Feature","properties":{"class":"minor","highway":"residential","sidewalk":"unknown","lanes":0,"name":"한강대로104다길","oneway":false},"geometry":{"type":"LineString","coordinates":[[126.97433,37.54937],[126.97438,37.54955],[126.97448,37.54955],[126.97473,37.54976],[126.97489,37.5499],[126.97472,37.55],[126.97485,37.55014],[126.97502,37.5503],[126.97526,37.55026],[126.97539,37.55029]]}},{"type":"Feature","properties":{"class":"alley","highway":"service","sidewalk":"unknown","lanes":0,"name":"","oneway":false},"geometry":{"type":"LineString","coordinates":[[126.97556,37.54847],[126.97559,37.54849],[126.97569,37.54859],[126.97574,37.54864]]}},{"type":"Feature","properties":{"class":"minor","highway":"residential","sidewalk":"unknown","lanes":0,"name":"한강대로104라길","oneway":false},"geometry":{"type":"LineString","coordinates":[[126.97515,37.54797],[126.97527,37.5482],[126.97538,37.54843],[126.9754,37.54848],[126.97538,37.54856],[126.9755,37.54877],[126.97561,37.54908]]}},{"type":"Feature","properties":{"class":"minor","highway":"residential","sidewalk":"unknown","lanes":0,"name":"한강대로102길","oneway":false},"geometry":{"type":"LineString","coordinates":[[126.97473,37.54976],[126.97493,37.54962],[126.97494,37.54937],[126.97492,37.54933]]}},{"type":"Feature","properties":{"class":"minor","highway":"residential","sidewalk":"unknown","lanes":0,"name":"한강대로98길","oneway":false},"geometry":{"type":"LineString","coordinates":[[126.97184,37.54821],[126.97204,37.54821],[126.97245,37.54821],[126.9727,37.54821],[126.973,37.54823]]}},{"type":"Feature","properties":{"class":"alley","highway":"service","sidewalk":"unknown","lanes":0,"name":"","oneway":false},"geometry":{"type":"LineString","coordinates":[[126.97278,37.54753],[126.97276,37.54767],[126.9727,37.54789],[126.9727,37.54821]]}},{"type":"Feature","properties":{"class":"minor","highway":"residential","sidewalk":"unknown","lanes":0,"name":"한강대로96길","oneway":false},"geometry":{"type":"LineString","coordinates":[[126.97185,37.54763],[126.97206,37.54764],[126.97244,37.54764],[126.97248,37.54764],[126.97253,37.54764],[126.97262,37.54761],[126.97278,37.54753]]}},{"type":"Feature","properties":{"class":"alley","highway":"service","sidewalk":"unknown","lanes":0,"name":"","oneway":false},"geometry":{"type":"LineString","coordinates":[[126.97248,37.54764],[126.97246,37.54804],[126.97245,37.54821]]}},{"type":"Feature","properties":{"class":"minor","highway":"residential","sidewalk":"unknown","lanes":0,"name":"","oneway":false},"geometry":{"type":"LineString","coordinates":[[126.9729,37.54746],[126.97307,37.54767]]}},{"type":"Feature","properties":{"class":"minor","highway":"residential","sidewalk":"unknown","lanes":0,"name":"한강대로96길","oneway":false},"geometry":{"type":"LineString","coordinates":[[126.97549,37.54692],[126.97498,37.54683],[126.97457,37.54681],[126.97431,37.54687],[126.97394,37.54695],[126.97358,37.54704],[126.97305,37.54736],[126.9729,37.54746],[126.97278,37.54753]]}},{"type":"Feature","properties":{"class":"alley","highway":"service","sidewalk":"unknown","lanes":0,"name":"한강대로94길","oneway":false},"geometry":{"type":"LineString","coordinates":[[126.97227,37.54683],[126.97228,37.54656],[126.97298,37.54656],[126.97306,37.54657]]}},{"type":"Feature","properties":{"class":"alley","highway":"service","sidewalk":"unknown","lanes":0,"name":"","oneway":false},"geometry":{"type":"LineString","coordinates":[[126.9742,37.54727],[126.9743,37.54711],[126.97433,37.54701],[126.97431,37.54687]]}},{"type":"Feature","properties":{"class":"minor","highway":"residential","sidewalk":"unknown","lanes":0,"name":"한강대로96가길","oneway":false},"geometry":{"type":"LineString","coordinates":[[126.97446,37.54738],[126.97513,37.5471]]}},{"type":"Feature","properties":{"class":"minor","highway":"residential","sidewalk":"unknown","lanes":0,"name":"소월로2나길","oneway":false},"geometry":{"type":"LineString","coordinates":[[126.97724,37.55435],[126.97728,37.55406],[126.97739,37.55387],[126.97725,37.55377],[126.97724,37.55373],[126.97737,37.55356]]}},{"type":"Feature","properties":{"class":"minor","highway":"residential","sidewalk":"unknown","lanes":0,"name":"소월로2다길","oneway":false},"geometry":{"type":"LineString","coordinates":[[126.97774,37.55374],[126.97788,37.55357],[126.97803,37.55339],[126.97839,37.55355],[126.97859,37.55367],[126.97871,37.5537]]}},{"type":"Feature","properties":{"class":"minor","highway":"residential","sidewalk":"unknown","lanes":0,"name":"후암로58길","oneway":false},"geometry":{"type":"LineString","coordinates":[[126.97419,37.55365],[126.97417,37.55382],[126.97446,37.55422],[126.97464,37.55432],[126.97536,37.5543],[126.97656,37.55426]]}},{"type":"Feature","properties":{"class":"minor","highway":"residential","sidewalk":"unknown","lanes":0,"name":"한강대로76길","oneway":false},"geometry":{"type":"LineString","coordinates":[[126.973,37.54146],[126.97384,37.54161],[126.97437,37.5417]]}},{"type":"Feature","properties":{"class":"minor","highway":"residential","sidewalk":"unknown","lanes":0,"name":"한강대로84길","oneway":false},"geometry":{"type":"LineString","coordinates":[[126.97247,37.54356],[126.97332,37.54368],[126.97382,37.54376]]}},{"type":"Feature","properties":{"class":"minor","highway":"residential","sidewalk":"unknown","lanes":0,"name":"후암로28바길","oneway":false},"geometry":{"type":"LineString","coordinates":[[126.97952,37.54815],[126.97977,37.54833],[126.98014,37.54892],[126.98012,37.54897],[126.98008,37.54911],[126.98011,37.54923]]}},{"type":"Feature","properties":{"class":"alley","highway":"service","sidewalk":"unknown","lanes":0,"name":"","oneway":false},"geometry":{"type":"LineString","coordinates":[[126.97976,37.55091],[126.97988,37.55085],[126.98017,37.55068],[126.98033,37.55062],[126.98044,37.55071],[126.98044,37.55089],[126.98043,37.55091],[126.98021,37.55116]]}},{"type":"Feature","properties":{"class":"minor","highway":"residential","sidewalk":"unknown","lanes":0,"name":"두텁바위로61길","oneway":false},"geometry":{"type":"LineString","coordinates":[[126.97999,37.54927],[126.98014,37.54958],[126.98023,37.54968],[126.98035,37.54981],[126.98055,37.55007],[126.98065,37.55038],[126.98092,37.55061],[126.98104,37.55076],[126.98102,37.55095]]}},{"type":"Feature","properties":{"class":"alley","highway":"pedestrian","sidewalk":"unknown","lanes":0,"name":"","oneway":false},"geometry":{"type":"LineString","coordinates":[[126.97239,37.54594],[126.97236,37.54616]]}},{"type":"Feature","properties":{"class":"minor","highway":"residential","sidewalk":"unknown","lanes":0,"name":"한강대로92길","oneway":false},"geometry":{"type":"LineString","coordinates":[[126.97195,37.54595],[126.97208,37.54592],[126.97239,37.54594],[126.97281,37.54599],[126.97297,37.54599],[126.9732,37.54613],[126.97333,37.54619],[126.97366,37.54593],[126.97382,37.54573]]}},{"type":"Feature","properties":{"class":"major","highway":"secondary_link","sidewalk":"likely","lanes":0,"name":"","oneway":true},"geometry":{"type":"LineString","coordinates":[[126.97663,37.55496],[126.97672,37.555],[126.97681,37.55504],[126.97692,37.55504],[126.97706,37.55501]]}},{"type":"Feature","properties":{"class":"minor","highway":"residential","sidewalk":"unknown","lanes":0,"name":"원효로89길","oneway":false},"geometry":{"type":"LineString","coordinates":[[126.96815,37.54082],[126.96783,37.54082],[126.96757,37.54081],[126.96677,37.54085]]}},{"type":"Feature","properties":{"class":"minor","highway":"residential","sidewalk":"yes","lanes":0,"name":"원효로93길","oneway":false},"geometry":{"type":"LineString","coordinates":[[126.96977,37.54079],[126.96952,37.54085],[126.9687,37.54078],[126.96823,37.54078]]}},{"type":"Feature","properties":{"class":"minor","highway":"residential","sidewalk":"unknown","lanes":0,"name":"원효로83길","oneway":false},"geometry":{"type":"LineString","coordinates":[[126.96718,37.53948],[126.9679,37.54006]]}},{"type":"Feature","properties":{"class":"minor","highway":"residential","sidewalk":"unknown","lanes":0,"name":"원효로83길","oneway":false},"geometry":{"type":"LineString","coordinates":[[126.96698,37.53964],[126.96768,37.54023]]}},{"type":"Feature","properties":{"class":"minor","highway":"residential","sidewalk":"unknown","lanes":0,"name":"원효로83길","oneway":false},"geometry":{"type":"LineString","coordinates":[[126.96751,37.54037],[126.96768,37.54023],[126.9679,37.54006],[126.96808,37.53993],[126.9684,37.53969]]}},{"type":"Feature","properties":{"class":"minor","highway":"residential","sidewalk":"unknown","lanes":0,"name":"원효로89길","oneway":false},"geometry":{"type":"LineString","coordinates":[[126.96831,37.54074],[126.96768,37.54023]]}},{"type":"Feature","properties":{"class":"minor","highway":"residential","sidewalk":"no","lanes":0,"name":"원효로89길","oneway":false},"geometry":{"type":"LineString","coordinates":[[126.9679,37.54006],[126.9681,37.54022],[126.96853,37.54057]]}},{"type":"Feature","properties":{"class":"minor","highway":"residential","sidewalk":"no","lanes":0,"name":"원효로89길","oneway":false},"geometry":{"type":"LineString","coordinates":[[126.96808,37.53993],[126.96872,37.54044]]}},{"type":"Feature","properties":{"class":"minor","highway":"residential","sidewalk":"unknown","lanes":0,"name":"원효로81길","oneway":false},"geometry":{"type":"LineString","coordinates":[[126.96683,37.53974],[126.96674,37.53977],[126.96665,37.53972],[126.96657,37.53967],[126.96638,37.53975],[126.96644,37.53987],[126.96652,37.54007]]}},{"type":"Feature","properties":{"class":"minor","highway":"residential","sidewalk":"unknown","lanes":0,"name":"백범로77길","oneway":false},"geometry":{"type":"LineString","coordinates":[[126.9664,37.54057],[126.96653,37.5403]]}},{"type":"Feature","properties":{"class":"minor","highway":"residential","sidewalk":"unknown","lanes":0,"name":"원효로89길","oneway":false},"geometry":{"type":"LineString","coordinates":[[126.96783,37.54082],[126.96783,37.54068],[126.96751,37.54037]]}},{"type":"Feature","properties":{"class":"minor","highway":"residential","sidewalk":"unknown","lanes":0,"name":"원효로93길","oneway":false},"geometry":{"type":"LineString","coordinates":[[126.96926,37.5419],[126.96891,37.54131],[126.9687,37.54096],[126.9687,37.54078]]}},{"type":"Feature","properties":{"class":"minor","highway":"residential","sidewalk":"unknown","lanes":0,"name":"청파로39길","oneway":false},"geometry":{"type":"LineString","coordinates":[[126.96969,37.54249],[126.96972,37.5424],[126.96973,37.54239],[126.96974,37.54238],[126.96978,37.54238],[126.96986,37.54239],[126.97003,37.54247],[126.97016,37.54231],[126.97051,37.54245],[126.97074,37.54247]]}},{"type":"Feature","properties":{"class":"minor","highway":"residential","sidewalk":"unknown","lanes":0,"name":"원효로97길","oneway":false},"geometry":{"type":"LineString","coordinates":[[126.96812,37.54286],[126.96824,37.54272],[126.96862,37.54261],[126.96882,37.54248],[126.96884,37.5424],[126.96873,37.54221],[126.96866,37.54207]]}},{"type":"Feature","properties":{"class":"minor","highway":"residential","sidewalk":"unknown","lanes":0,"name":"청파로47가길","oneway":false},"geometry":{"type":"LineString","coordinates":[[126.96654,37.54404],[126.96659,37.54398],[126.96647,37.54382],[126.9666,37.54374],[126.96682,37.54345],[126.96691,37.54335],[126.96712,37.54331]]}},{"type":"Feature","properties":{"class":"minor","highway":"residential","sidewalk":"unknown","lanes":0,"name":"청파로43길","oneway":false},"geometry":{"type":"LineString","coordinates":[[126.96659,37.54408],[126.96703,37.54402],[126.96725,37.54399],[126.96738,37.54396],[126.96741,37.54395],[126.96768,37.54392],[126.96777,37.54392],[126.96794,37.54387],[126.96812,37.54382],[126.96834,37.54372],[126.96858,37.54366],[126.96888,37.5436],[126.969,37.5436],[126.96909,37.54361],[126.96918,37.54357]]}},{"type":"Feature","properties":{"class":"minor","highway":"residential","sidewalk":"unknown","lanes":0,"name":"청파로43길","oneway":false},"geometry":{"type":"LineString","coordinates":[[126.96918,37.54357],[126.96945,37.54356],[126.96969,37.54359],[126.96983,37.54363],[126.97015,37.54361],[126.97046,37.54353],[126.97068,37.54344]]}},{"type":"Feature","properties":{"class":"minor","highway":"residential","sidewalk":"unknown","lanes":0,"name":"청파로43라길","oneway":false},"geometry":{"type":"LineString","coordinates":[[126.9667,37.54321],[126.96705,37.54313],[126.96759,37.54299],[126.96812,37.54286]]}},{"type":"Feature","properties":{"class":"minor","highway":"residential","sidewalk":"unknown","lanes":0,"name":"청파로43라길","oneway":false},"geometry":{"type":"LineString","coordinates":[[126.96812,37.54286],[126.96826,37.54298],[126.96839,37.54325],[126.96862,37.54338],[126.96871,37.54344],[126.96876,37.54349],[126.96888,37.5436]]}},{"type":"Feature","properties":{"class":"minor","highway":"residential","sidewalk":"unknown","lanes":0,"name":"청파로43길","oneway":false},"geometry":{"type":"LineString","coordinates":[[126.96759,37.54299],[126.96794,37.54387]]}},{"type":"Feature","properties":{"class":"minor","highway":"residential","sidewalk":"unknown","lanes":0,"name":"청파로43길","oneway":false},"geometry":{"type":"LineString","coordinates":[[126.96705,37.54313],[126.96712,37.54331],[126.96738,37.54396]]}},{"type":"Feature","properties":{"class":"alley","highway":"living_street","sidewalk":"unknown","lanes":0,"name":"청파로43길","oneway":false},"geometry":{"type":"LineString","coordinates":[[126.96704,37.54369],[126.96688,37.5438],[126.96703,37.54402]]}},{"type":"Feature","properties":{"class":"alley","highway":"living_street","sidewalk":"unknown","lanes":0,"name":"청파로43다길","oneway":false},"geometry":{"type":"LineString","coordinates":[[126.96858,37.54366],[126.96859,37.54358],[126.96876,37.54349],[126.96889,37.54345],[126.96907,37.54339],[126.96922,37.54338]]}},{"type":"Feature","properties":{"class":"minor","highway":"residential","sidewalk":"unknown","lanes":0,"name":"청파로43다길","oneway":false},"geometry":{"type":"LineString","coordinates":[[126.96873,37.54221],[126.96878,37.54221],[126.96895,37.54236],[126.96947,37.54228]]}},{"type":"Feature","properties":{"class":"minor","highway":"residential","sidewalk":"unknown","lanes":0,"name":"청파로43다길","oneway":false},"geometry":{"type":"LineString","coordinates":[[126.96978,37.54238],[126.96983,37.54226],[126.96999,37.54207],[126.96969,37.54213],[126.96964,37.54215],[126.96946,37.54219]]}},{"type":"Feature","properties":{"class":"minor","highway":"residential","sidewalk":"unknown","lanes":0,"name":"청파로43다길","oneway":false},"geometry":{"type":"LineString","coordinates":[[126.96947,37.54228],[126.96966,37.54233],[126.96966,37.54237],[126.96973,37.54239]]}},{"type":"Feature","properties":{"class":"alley","highway":"service","sidewalk":"unknown","lanes":0,"name":"청파로43다길","oneway":false},"geometry":{"type":"LineString","coordinates":[[126.96862,37.54338],[126.9689,37.54319],[126.96914,37.54311],[126.96925,37.5431]]}},{"type":"Feature","properties":{"class":"minor","highway":"residential","sidewalk":"unknown","lanes":0,"name":"청파로47길","oneway":false},"geometry":{"type":"LineString","coordinates":[[126.96781,37.5447],[126.96763,37.54446],[126.96758,37.54437],[126.96755,37.54419],[126.96762,37.54407],[126.96763,37.54405],[126.96768,37.54392]]}},{"type":"Feature","properties":{"class":"minor","highway":"residential","sidewalk":"unknown","lanes":0,"name":"청파로43가길","oneway":false},"geometry":{"type":"LineString","coordinates":[[126.96824,37.54462],[126.9682,37.54453],[126.96845,37.5444],[126.96851,37.5443],[126.96858,37.54416],[126.96874,37.54409],[126.96889,37.54402],[126.96909,37.54389],[126.9692,37.54382]]}},{"type":"Feature","properties":{"class":"minor","highway":"residential","sidewalk":"unknown","lanes":0,"name":"청파로43길","oneway":false},"geometry":{"type":"LineString","coordinates":[[126.96858,37.54366],[126.96859,37.54375],[126.96861,37.54387],[126.96858,37.54394],[126.96855,37.54398],[126.96842,37.5441],[126.96805,37.54426],[126.96802,37.54428],[126.9682,37.54453]]}},{"type":"Feature","properties":{"class":"minor","highway":"residential","sidewalk":"unknown","lanes":0,"name":"청파로47길","oneway":false},"geometry":{"type":"LineString","coordinates":[[126.96762,37.54407],[126.96789,37.54418],[126.96796,37.54419],[126.96805,37.54426]]}},{"type":"Feature","properties":{"class":"minor","highway":"residential","sidewalk":"unknown","lanes":0,"name":"청파로43가길","oneway":false},"geometry":{"type":"LineString","coordinates":[[126.96858,37.54394],[126.96865,37.54398],[126.96869,37.544],[126.96874,37.54409]]}},{"type":"Feature","properties":{"class":"minor","highway":"residential","sidewalk":"unknown","lanes":0,"name":"청파로43길","oneway":false},"geometry":{"type":"LineString","coordinates":[[126.969,37.5436],[126.96894,37.54377],[126.96876,37.5439],[126.96865,37.54398]]}},{"type":"Feature","properties":{"class":"minor","highway":"residential","sidewalk":"unknown","lanes":0,"name":"청파로43가길","oneway":false},"geometry":{"type":"LineString","coordinates":[[126.9692,37.54382],[126.96921,37.54381],[126.96983,37.54363]]}},{"type":"Feature","properties":{"class":"minor","highway":"residential","sidewalk":"unknown","lanes":0,"name":"청파로45길","oneway":false},"geometry":{"type":"LineString","coordinates":[[126.96955,37.54439],[126.96945,37.54412],[126.96921,37.54381]]}},{"type":"Feature","properties":{"class":"minor","highway":"residential","sidewalk":"unknown","lanes":0,"name":"청파로43길","oneway":false},"geometry":{"type":"LineString","coordinates":[[126.96983,37.54363],[126.96987,37.54377]]}},{"type":"Feature","properties":{"class":"minor","highway":"residential","sidewalk":"unknown","lanes":0,"name":"청파로45길","oneway":false},"geometry":{"type":"LineString","coordinates":[[126.96987,37.54377],[126.96994,37.5438],[126.97003,37.544],[126.97009,37.54411],[126.97,37.54416],[126.97002,37.5443]]}},{"type":"Feature","properties":{"class":"alley","highway":"service","sidewalk":"unknown","lanes":0,"name":"청파로43길","oneway":false},"geometry":{"type":"LineString","coordinates":[[126.96975,37.5439],[126.96984,37.54389],[126.96982,37.54378],[126.96987,37.54377]]}},{"type":"Feature","properties":{"class":"minor","highway":"residential","sidewalk":"unknown","lanes":0,"name":"청파로47가길","oneway":false},"geometry":{"type":"LineString","coordinates":[[126.96747,37.54476],[126.96739,37.54446],[126.96719,37.5444],[126.9671,37.54448],[126.9668,37.54446]]}},{"type":"Feature","properties":{"class":"minor","highway":"residential","sidewalk":"unknown","lanes":0,"name":"청파로51길","oneway":false},"geometry":{"type":"LineString","coordinates":[[126.9697,37.54569],[126.97042,37.5457]]}},{"type":"Feature","properties":{"class":"minor","highway":"residential","sidewalk":"unknown","lanes":0,"name":"청파로49길","oneway":false},"geometry":{"type":"LineString","coordinates":[[126.9697,37.54569],[126.96972,37.54544],[126.96963,37.54528]]}},{"type":"Feature","properties":{"class":"minor","highway":"residential","sidewalk":"unknown","lanes":0,"name":"청파로51길","oneway":false},"geometry":{"type":"LineString","coordinates":[[126.96908,37.54588],[126.96929,37.5459],[126.96937,37.54586],[126.96942,37.54582],[126.96948,37.54581],[126.96955,37.54576],[126.96963,37.54575],[126.9697,37.54569]]}},{"type":"Feature","properties":{"class":"alley","highway":"service","sidewalk":"unknown","lanes":0,"name":"청파로51길","oneway":false},"geometry":{"type":"LineString","coordinates":[[126.96928,37.54546],[126.96927,37.54559],[126.96953,37.54562],[126.96953,37.54567],[126.96954,37.54571],[126.96955,37.54576]]}},{"type":"Feature","properties":{"class":"alley","highway":"service","sidewalk":"unknown","lanes":0,"name":"청파로51길","oneway":false},"geometry":{"type":"LineString","coordinates":[[126.96955,37.54576],[126.9695,37.54573],[126.96944,37.5457],[126.96924,37.54567],[126.96922,37.54577],[126.96935,37.5458],[126.96942,37.54582]]}},{"type":"Feature","properties":{"class":"minor","highway":"residential","sidewalk":"unknown","lanes":0,"name":"","oneway":false},"geometry":{"type":"LineString","coordinates":[[126.96863,37.54665],[126.96872,37.54702]]}},{"type":"Feature","properties":{"class":"minor","highway":"residential","sidewalk":"unknown","lanes":0,"name":"청파로55길","oneway":false},"geometry":{"type":"LineString","coordinates":[[126.96974,37.5469],[126.96974,37.54661],[126.96971,37.5466],[126.96971,37.54654],[126.9698,37.5465],[126.96979,37.54645],[126.9696,37.54627],[126.96953,37.54621]]}},{"type":"Feature","properties":{"class":"minor","highway":"residential","sidewalk":"unknown","lanes":0,"name":"청파로55길","oneway":false},"geometry":{"type":"LineString","coordinates":[[126.96979,37.54645],[126.96988,37.5465],[126.97027,37.54653]]}},{"type":"Feature","properties":{"class":"minor","highway":"residential","sidewalk":"unknown","lanes":0,"name":"청파로55길","oneway":false},"geometry":{"type":"LineString","coordinates":[[126.96902,37.54657],[126.96917,37.5465],[126.96919,37.54648],[126.96928,37.54643],[126.96951,37.54633],[126.9696,37.54627]]}},{"type":"Feature","properties":{"class":"minor","highway":"residential","sidewalk":"unknown","lanes":0,"name":"청파로57길","oneway":false},"geometry":{"type":"LineString","coordinates":[[126.96917,37.5465],[126.96932,37.54671],[126.9694,37.54673],[126.96943,37.54688]]}},{"type":"Feature","properties":{"class":"minor","highway":"residential","sidewalk":"unknown","lanes":0,"name":"청파로","oneway":false},"geometry":{"type":"LineString","coordinates":[[126.96919,37.54946],[126.96934,37.54952],[126.96956,37.54961],[126.96981,37.54964]]}},{"type":"Feature","properties":{"class":"minor","highway":"residential","sidewalk":"unknown","lanes":0,"name":"청파로77길","oneway":false},"geometry":{"type":"LineString","coordinates":[[126.96867,37.55158],[126.96865,37.55154],[126.96866,37.55147],[126.96868,37.55144],[126.96871,37.55139],[126.96878,37.5513],[126.9689,37.55127],[126.96908,37.55087],[126.96954,37.5509]]}},{"type":"Feature","properties":{"class":"minor","highway":"residential","sidewalk":"unknown","lanes":0,"name":"청파로77가길","oneway":false},"geometry":{"type":"LineString","coordinates":[[126.96755,37.55152],[126.96828,37.55143],[126.96831,37.55143],[126.96841,37.55143],[126.96868,37.55144]]}},{"type":"Feature","properties":{"class":"minor","highway":"residential","sidewalk":"unknown","lanes":0,"name":"청파로71가길","oneway":false},"geometry":{"type":"LineString","coordinates":[[126.9681,37.54973],[126.9681,37.55018],[126.96818,37.55033]]}},{"type":"Feature","properties":{"class":"minor","highway":"residential","sidewalk":"unknown","lanes":0,"name":"청파로71길","oneway":false},"geometry":{"type":"LineString","coordinates":[[126.96731,37.54974],[126.96772,37.54974],[126.96802,37.54974],[126.9681,37.54973],[126.9685,37.54957],[126.96857,37.54954],[126.96883,37.54944],[126.96892,37.54942],[126.96919,37.54946]]}},{"type":"Feature","properties":{"class":"minor","highway":"residential","sidewalk":"unknown","lanes":0,"name":"청파로71가길","oneway":false},"geometry":{"type":"LineString","coordinates":[[126.96732,37.55017],[126.96731,37.54974],[126.96732,37.54938]]}},{"type":"Feature","properties":{"class":"minor","highway":"residential","sidewalk":"unknown","lanes":0,"name":"청파로71가길","oneway":false},"geometry":{"type":"LineString","coordinates":[[126.96772,37.55018],[126.96772,37.54974]]}},{"type":"Feature","properties":{"class":"minor","highway":"residential","sidewalk":"unknown","lanes":0,"name":"청파로71길","oneway":false},"geometry":{"type":"LineString","coordinates":[[126.96657,37.54837],[126.96658,37.54893],[126.96648,37.54908],[126.96646,37.54928],[126.96645,37.54939],[126.96634,37.54955],[126.96635,37.54973],[126.96633,37.54982],[126.96626,37.5499],[126.96617,37.54996],[126.96611,37.54999]]}},{"type":"Feature","properties":{"class":"minor","highway":"residential","sidewalk":"unknown","lanes":0,"name":"","oneway":false},"geometry":{"type":"LineString","coordinates":[[126.96771,37.54805],[126.96777,37.54828],[126.96776,37.54861]]}},{"type":"Feature","properties":{"class":"alley","highway":"service","sidewalk":"unknown","lanes":0,"name":"청파로71길","oneway":false},"geometry":{"type":"LineString","coordinates":[[126.96682,37.54931],[126.96683,37.54903],[126.96676,37.549]]}},{"type":"Feature","properties":{"class":"minor","highway":"residential","sidewalk":"unknown","lanes":0,"name":"청파로61길","oneway":false},"geometry":{"type":"LineString","coordinates":[[126.96959,37.54793],[126.96947,37.54771],[126.96938,37.54744],[126.96961,37.54743],[126.96966,37.54758],[126.9698,37.5476],[126.96984,37.54763],[126.97011,37.54766]]}},{"type":"Feature","properties":{"class":"minor","highway":"residential","sidewalk":"unknown","lanes":0,"name":"청파로","oneway":false},"geometry":{"type":"LineString","coordinates":[[126.96964,37.54707],[126.9702,37.54711]]}},{"type":"Feature","properties":{"class":"minor","highway":"residential","sidewalk":"unknown","lanes":0,"name":"후암로60길","oneway":false},"geometry":{"type":"LineString","coordinates":[[126.97305,37.55441],[126.97338,37.55441],[126.97376,37.55453],[126.97401,37.55463],[126.97412,37.55467],[126.97462,37.55486]]}},{"type":"Feature","properties":{"class":"minor","highway":"residential","sidewalk":"unknown","lanes":0,"name":"후암로60길","oneway":true},"geometry":{"type":"LineString","coordinates":[[126.97412,37.55467],[126.97428,37.55445],[126.97446,37.55422]]}},{"type":"Feature","properties":{"class":"minor","highway":"residential","sidewalk":"unknown","lanes":0,"name":"한강대로102길","oneway":false},"geometry":{"type":"LineString","coordinates":[[126.97276,37.54985],[126.97318,37.55034]]}},{"type":"Feature","properties":{"class":"minor","highway":"residential","sidewalk":"unknown","lanes":0,"name":"한강대로102나길","oneway":false},"geometry":{"type":"LineString","coordinates":[[126.97427,37.54938],[126.97415,37.54903],[126.97415,37.54895],[126.97356,37.54882],[126.97332,37.54838],[126.97331,37.54825]]}},{"type":"Feature","properties":{"class":"minor","highway":"residential","sidewalk":"unknown","lanes":0,"name":"두텁바위로5길","oneway":false},"geometry":{"type":"LineString","coordinates":[[126.97344,37.54528],[126.97337,37.54557],[126.9732,37.54613],[126.97306,37.54657],[126.97299,37.54678]]}},{"type":"Feature","properties":{"class":"minor","highway":"residential","sidewalk":"unknown","lanes":0,"name":"두텁바위로1나길","oneway":false},"geometry":{"type":"LineString","coordinates":[[126.9755,37.54662],[126.97616,37.54669],[126.97633,37.54661],[126.9766,37.54663],[126.97666,37.54663],[126.97713,37.54668],[126.97716,37.5467],[126.97738,37.54698],[126.97763,37.5471]]}},{"type":"Feature","properties":{"class":"minor","highway":"residential","sidewalk":"unknown","lanes":0,"name":"","oneway":false},"geometry":{"type":"LineString","coordinates":[[126.97597,37.54757],[126.97583,37.54759],[126.97576,37.54761]]}},{"type":"Feature","properties":{"class":"minor","highway":"residential","sidewalk":"unknown","lanes":0,"name":"한강대로94길","oneway":false},"geometry":{"type":"LineString","coordinates":[[126.97189,37.54683],[126.97207,37.54685],[126.97227,37.54683],[126.97256,37.54683],[126.9729,37.54682],[126.97299,37.54678],[126.97307,37.54676]]}},{"type":"Feature","properties":{"class":"minor","highway":"residential","sidewalk":"unknown","lanes":0,"name":"한강대로98가길","oneway":false},"geometry":{"type":"LineString","coordinates":[[126.973,37.54823],[126.973,37.54808],[126.97301,37.54785],[126.97307,37.54767],[126.97354,37.54742],[126.97408,37.5473],[126.9742,37.54727],[126.97443,37.54734],[126.97446,37.54738],[126.97452,37.54747],[126.97461,37.54764],[126.9746,37.5478]]}},{"type":"Feature","properties":{"class":"minor","highway":"residential","sidewalk":"unknown","lanes":0,"name":"한강대로98길","oneway":false},"geometry":{"type":"LineString","coordinates":[[126.973,37.54823],[126.97306,37.54824],[126.97331,37.54825]]}},{"type":"Feature","properties":{"class":"alley","highway":"service","sidewalk":"unknown","lanes":0,"name":"","oneway":false},"geometry":{"type":"LineString","coordinates":[[126.97441,37.54797],[126.97464,37.54801],[126.97468,37.54805]]}},{"type":"Feature","properties":{"class":"minor","highway":"residential","sidewalk":"unknown","lanes":0,"name":"한강대로98다길","oneway":false},"geometry":{"type":"LineString","coordinates":[[126.97373,37.54823],[126.9737,37.54803],[126.97367,37.5477],[126.97372,37.54755],[126.97388,37.54754],[126.97399,37.54759],[126.97401,37.54763],[126.97403,37.54776],[126.97406,37.54791],[126.97406,37.54802],[126.9741,37.54809],[126.97457,37.54825]]}},{"type":"Feature","properties":{"class":"minor","highway":"residential","sidewalk":"unknown","lanes":0,"name":"후암로35길","oneway":false},"geometry":{"type":"LineString","coordinates":[[126.97612,37.54908],[126.9761,37.54926],[126.97604,37.54987],[126.97608,37.55014],[126.97613,37.55047],[126.97616,37.55054],[126.97618,37.5506],[126.97671,37.55113],[126.97697,37.55119],[126.97704,37.55121]]}},{"type":"Feature","properties":{"class":"minor","highway":"residential","sidewalk":"unknown","lanes":0,"name":"후암로23길","oneway":false},"geometry":{"type":"LineString","coordinates":[[126.97612,37.54908],[126.97663,37.5491],[126.97658,37.5494],[126.97672,37.54952],[126.97693,37.54955],[126.97713,37.54959],[126.97717,37.5496],[126.97746,37.54964]]}},{"type":"Feature","properties":{"class":"minor","highway":"residential","sidewalk":"unknown","lanes":0,"name":"한강대로102다길","oneway":false},"geometry":{"type":"LineString","coordinates":[[126.97483,37.54808],[126.97497,37.54802],[126.97511,37.54799],[126.97515,37.54797],[126.97519,37.54796],[126.97524,37.54789],[126.97548,37.54777],[126.9755,37.54775],[126.97572,37.54764]]}},{"type":"Feature","properties":{"class":"minor","highway":"residential","sidewalk":"unknown","lanes":0,"name":"한강대로102길","oneway":false},"geometry":{"type":"LineString","coordinates":[[126.97328,37.54952],[126.97416,37.5494],[126.97427,37.54938],[126.97433,37.54937],[126.97444,37.54935],[126.97492,37.54933],[126.97537,37.54934],[126.9761,37.54926]]}},{"type":"Feature","properties":{"class":"minor","highway":"residential","sidewalk":"unknown","lanes":0,"name":"한강대로102가길","oneway":false},"geometry":{"type":"LineString","coordinates":[[126.97328,37.54952],[126.9732,37.54923],[126.97313,37.54902],[126.97311,37.54895],[126.97299,37.54853],[126.97299,37.54837],[126.973,37.54823]]}},{"type":"Feature","properties":{"class":"alley","highway":"service","sidewalk":"unknown","lanes":0,"name":"","oneway":false},"geometry":{"type":"LineString","coordinates":[[126.97604,37.54987],[126.97578,37.54982],[126.97538,37.54975]]}},{"type":"Feature","properties":{"class":"minor","highway":"residential","sidewalk":"unknown","lanes":0,"name":"후암로15길","oneway":false},"geometry":{"type":"LineString","coordinates":[[126.97787,37.54818],[126.97754,37.54812],[126.9773,37.54808],[126.97723,37.54839],[126.97718,37.54862],[126.97712,37.54881],[126.97703,37.54922],[126.97693,37.54955]]}},{"type":"Feature","properties":{"class":"minor","highway":"residential","sidewalk":"unknown","lanes":0,"name":"후암로","oneway":false},"geometry":{"type":"LineString","coordinates":[[126.97712,37.54881],[126.97734,37.54884],[126.97767,37.5489]]}},{"type":"Feature","properties":{"class":"minor","highway":"residential","sidewalk":"unknown","lanes":0,"name":"후암로13길","oneway":false},"geometry":{"type":"LineString","coordinates":[[126.97792,37.54797],[126.97753,37.5479],[126.97755,37.54758],[126.97755,37.54755],[126.97763,37.5471],[126.97796,37.54657]]}},{"type":"Feature","properties":{"class":"minor","highway":"residential","sidewalk":"unknown","lanes":0,"name":"한강대로98길","oneway":false},"geometry":{"type":"LineString","coordinates":[[126.97331,37.54825],[126.97362,37.54824],[126.97373,37.54823]]}},{"type":"Feature","properties":{"class":"alley","highway":"service","sidewalk":"unknown","lanes":0,"name":"","oneway":false},"geometry":{"type":"LineString","coordinates":[[126.9754,37.54848],[126.97551,37.54847],[126.97556,37.54847],[126.97559,37.54845],[126.97593,37.54833]]}},{"type":"Feature","properties":{"class":"alley","highway":"service","sidewalk":"unknown","lanes":0,"name":"","oneway":false},"geometry":{"type":"LineString","coordinates":[[126.97394,37.54695],[126.97402,37.54714],[126.97408,37.5473]]}},{"type":"Feature","properties":{"class":"alley","highway":"service","sidewalk":"unknown","lanes":0,"name":"","oneway":false},"geometry":{"type":"LineString","coordinates":[[126.97434,37.54611],[126.97417,37.54626],[126.97412,37.54631],[126.97405,37.54637],[126.97404,37.54637],[126.97392,37.54646],[126.97379,37.54656],[126.97386,37.54663]]}},{"type":"Feature","properties":{"class":"alley","highway":"service","sidewalk":"unknown","lanes":0,"name":"","oneway":false},"geometry":{"type":"LineString","coordinates":[[126.97412,37.54631],[126.97443,37.5465],[126.97469,37.54653],[126.97495,37.54677],[126.97498,37.54683]]}},{"type":"Feature","properties":{"class":"minor","highway":"residential","sidewalk":"unknown","lanes":0,"name":"퇴계로8길","oneway":false},"geometry":{"type":"LineString","coordinates":[[126.97951,37.55654],[126.97995,37.55673]]}},{"type":"Feature","properties":{"class":"minor","highway":"residential","sidewalk":"unknown","lanes":0,"name":"퇴계로8길","oneway":false},"geometry":{"type":"LineString","coordinates":[[126.97922,37.55675],[126.97983,37.55697]]}},{"type":"Feature","properties":{"class":"minor","highway":"residential","sidewalk":"unknown","lanes":0,"name":"후암로28길","oneway":false},"geometry":{"type":"LineString","coordinates":[[126.98218,37.54873],[126.98203,37.54874],[126.98148,37.54888],[126.98135,37.54891],[126.98074,37.54904],[126.98034,37.54917],[126.98011,37.54923],[126.97999,37.54927],[126.97968,37.54937],[126.97963,37.54939],[126.97912,37.54955],[126.97886,37.54962],[126.97866,37.54969],[126.97805,37.54991],[126.97787,37.54997],[126.97749,37.55013],[126.97731,37.5502]]}},{"type":"Feature","properties":{"class":"minor","highway":"residential","sidewalk":"unknown","lanes":0,"name":"후암로16길","oneway":false},"geometry":{"type":"LineString","coordinates":[[126.97787,37.54818],[126.97819,37.54825],[126.97858,37.54835],[126.97913,37.54844],[126.97924,37.54848],[126.97929,37.54849],[126.97943,37.54882],[126.97954,37.54887],[126.97957,37.54895],[126.97957,37.54913],[126.97962,37.54926],[126.97968,37.54937]]}},{"type":"Feature","properties":{"class":"minor","highway":"residential","sidewalk":"unknown","lanes":0,"name":"후암로16다길","oneway":false},"geometry":{"type":"LineString","coordinates":[[126.97924,37.54848],[126.97941,37.54827],[126.97946,37.54821],[126.97952,37.54815],[126.97963,37.54803],[126.97982,37.54789],[126.97984,37.54788],[126.98011,37.54777],[126.98024,37.54773]]}},{"type":"Feature","properties":{"class":"minor","highway":"residential","sidewalk":"unknown","lanes":0,"name":"후암로16다길","oneway":false},"geometry":{"type":"LineString","coordinates":[[126.97941,37.54827],[126.97902,37.54812],[126.97951,37.54765],[126.97982,37.54789]]}},{"type":"Feature","properties":{"class":"minor","highway":"residential","sidewalk":"unknown","lanes":0,"name":"후암로16나길","oneway":false},"geometry":{"type":"LineString","coordinates":[[126.97858,37.54835],[126.97841,37.54885],[126.97858,37.54915],[126.97886,37.54962]]}},{"type":"Feature","properties":{"class":"minor","highway":"residential","sidewalk":"unknown","lanes":0,"name":"두텁바위로25길","oneway":false},"geometry":{"type":"LineString","coordinates":[[126.97925,37.54605],[126.97917,37.54642],[126.9794,37.54664],[126.98036,37.54682]]}},{"type":"Feature","properties":{"class":"minor","highway":"residential","sidewalk":"unknown","lanes":0,"name":"후암로4길","oneway":false},"geometry":{"type":"LineString","coordinates":[[126.9794,37.54664],[126.9789,37.54695]]}},{"type":"Feature","properties":{"class":"minor","highway":"residential","sidewalk":"unknown","lanes":0,"name":"후암로16가길","oneway":false},"geometry":{"type":"LineString","coordinates":[[126.97819,37.54825],[126.97846,37.54733],[126.97873,37.54725],[126.97891,37.54717],[126.97902,37.54706]]}},{"type":"Feature","properties":{"class":"minor","highway":"residential","sidewalk":"unknown","lanes":0,"name":"후암로4길","oneway":false},"geometry":{"type":"LineString","coordinates":[[126.97955,37.54709],[126.98031,37.54719]]}},{"type":"Feature","properties":{"class":"minor","highway":"residential","sidewalk":"unknown","lanes":0,"name":"후암로22길","oneway":false},"geometry":{"type":"LineString","coordinates":[[126.97756,37.54929],[126.978,37.54936],[126.97858,37.54915],[126.97943,37.54882]]}},{"type":"Feature","properties":{"class":"minor","highway":"residential","sidewalk":"unknown","lanes":0,"name":"후암로28다길","oneway":false},"geometry":{"type":"LineString","coordinates":[[126.97912,37.54955],[126.97977,37.55018]]}},{"type":"Feature","properties":{"class":"minor","highway":"residential","sidewalk":"unknown","lanes":0,"name":"후암로28나길","oneway":false},"geometry":{"type":"LineString","coordinates":[[126.97866,37.54969],[126.97886,37.55004],[126.97945,37.55046]]}},{"type":"Feature","properties":{"class":"minor","highway":"residential","sidewalk":"unknown","lanes":0,"name":"후암로28라길","oneway":false},"geometry":{"type":"LineString","coordinates":[[126.97969,37.55062],[126.97984,37.55047],[126.97989,37.5504],[126.98033,37.55016],[126.98014,37.54998],[126.9798,37.5496],[126.97963,37.54939]]}},{"type":"Feature","properties":{"class":"minor","highway":"residential","sidewalk":"unknown","lanes":0,"name":"후암로28다길","oneway":false},"geometry":{"type":"LineString","coordinates":[[126.97977,37.55018],[126.98014,37.54998]]}},{"type":"Feature","properties":{"class":"minor","highway":"residential","sidewalk":"unknown","lanes":0,"name":"후암로28다길","oneway":false},"geometry":{"type":"LineString","coordinates":[[126.97977,37.55018],[126.9797,37.55024],[126.97945,37.55046],[126.97944,37.55056],[126.97936,37.55066]]}},{"type":"Feature","properties":{"class":"alley","highway":"service","sidewalk":"unknown","lanes":0,"name":"","oneway":false},"geometry":{"type":"LineString","coordinates":[[126.97944,37.55056],[126.97969,37.55062],[126.97988,37.55085]]}},{"type":"Feature","properties":{"class":"alley","highway":"service","sidewalk":"unknown","lanes":0,"name":"","oneway":false},"geometry":{"type":"LineString","coordinates":[[126.97989,37.5504],[126.9797,37.55024]]}},{"type":"Feature","properties":{"class":"minor","highway":"residential","sidewalk":"unknown","lanes":0,"name":"후암로28가길","oneway":false},"geometry":{"type":"LineString","coordinates":[[126.97976,37.55091],[126.97959,37.55078],[126.97942,37.55068],[126.97936,37.55066],[126.97914,37.55058],[126.97876,37.55034],[126.97872,37.55028],[126.97868,37.55013],[126.97862,37.55008],[126.97846,37.55003],[126.97805,37.54991]]}},{"type":"Feature","properties":{"class":"minor","highway":"residential","sidewalk":"unknown","lanes":0,"name":"후암로34길","oneway":false},"geometry":{"type":"LineString","coordinates":[[126.97892,37.55166],[126.97885,37.55168],[126.97854,37.55205],[126.97834,37.5523],[126.9787,37.55252]]}},{"type":"Feature","properties":{"class":"minor","highway":"residential","sidewalk":"unknown","lanes":0,"name":"후암로44길","oneway":false},"geometry":{"type":"LineString","coordinates":[[126.97836,37.55267],[126.97771,37.55256],[126.97751,37.5524],[126.97693,37.55233],[126.97687,37.55239],[126.97683,37.55249],[126.9768,37.5526],[126.97672,37.5528],[126.9766,37.55287]]}},{"type":"Feature","properties":{"class":"minor","highway":"residential","sidewalk":"unknown","lanes":0,"name":"두텁바위로75길","oneway":false},"geometry":{"type":"LineString","coordinates":[[126.97934,37.55178],[126.97883,37.55235],[126.9787,37.55252],[126.97913,37.55276]]}},{"type":"Feature","properties":{"class":"minor","highway":"residential","sidewalk":"unknown","lanes":0,"name":"한강대로104길","oneway":false},"geometry":{"type":"LineString","coordinates":[[126.97507,37.55038],[126.97539,37.55029],[126.97569,37.55021],[126.97576,37.55019],[126.97608,37.55014],[126.97684,37.55021],[126.97719,37.55025],[126.97731,37.5502]]}},{"type":"Feature","properties":{"class":"minor","highway":"residential","sidewalk":"unknown","lanes":0,"name":"원효로97길","oneway":false},"geometry":{"type":"LineString","coordinates":[[126.96821,37.54221],[126.96847,37.54213],[126.96866,37.54207],[126.96873,37.54205],[126.96892,37.542],[126.96926,37.5419],[126.97033,37.54158],[126.9706,37.54149]]}},{"type":"Feature","properties":{"class":"alley","highway":"service","sidewalk":"unknown","lanes":0,"name":"","oneway":false},"geometry":{"type":"LineString","coordinates":[[126.97689,37.54995],[126.97684,37.55021]]}},{"type":"Feature","properties":{"class":"alley","highway":"service","sidewalk":"unknown","lanes":0,"name":"","oneway":false},"geometry":{"type":"LineString","coordinates":[[126.97701,37.54996],[126.97708,37.54978],[126.97713,37.54978],[126.97717,37.5496]]}},{"type":"Feature","properties":{"class":"alley","highway":"service","sidewalk":"unknown","lanes":0,"name":"","oneway":false},"geometry":{"type":"LineString","coordinates":[[126.96821,37.54221],[126.9681,37.54193],[126.96808,37.54189],[126.96752,37.54195],[126.96746,37.54194],[126.96693,37.54189],[126.96628,37.54188],[126.96629,37.54193]]}},{"type":"Feature","properties":{"class":"alley","highway":"service","sidewalk":"unknown","lanes":0,"name":"","oneway":false},"geometry":{"type":"LineString","coordinates":[[126.96634,37.54261],[126.96632,37.54266],[126.9663,37.54271],[126.96633,37.54283]]}},{"type":"Feature","properties":{"class":"major","highway":"primary","sidewalk":"likely","lanes":0,"name":"퇴계로","oneway":true},"geometry":{"type":"LineString","coordinates":[[126.97288,37.55651],[126.97307,37.55644]]}},{"type":"Feature","properties":{"class":"major","highway":"primary","sidewalk":"likely","lanes":4,"name":"한강대로","oneway":true},"geometry":{"type":"LineString","coordinates":[[126.97256,37.54244],[126.97261,37.54226],[126.97267,37.54201]]}},{"type":"Feature","properties":{"class":"alley","highway":"pedestrian","sidewalk":"unknown","lanes":0,"name":"","oneway":false},"geometry":{"type":"LineString","coordinates":[[126.97373,37.55653],[126.97374,37.55646]]}},{"type":"Feature","properties":{"class":"alley","highway":"pedestrian","sidewalk":"unknown","lanes":0,"name":"","oneway":false},"geometry":{"type":"LineString","coordinates":[[126.97489,37.55687],[126.9748,37.55701],[126.9748,37.55704]]}},{"type":"Feature","properties":{"class":"alley","highway":"pedestrian","sidewalk":"unknown","lanes":0,"name":"","oneway":false},"geometry":{"type":"LineString","coordinates":[[126.97497,37.55659],[126.97483,37.55685]]}},{"type":"Feature","properties":{"class":"alley","highway":"pedestrian","sidewalk":"unknown","lanes":0,"name":"","oneway":false},"geometry":{"type":"LineString","coordinates":[[126.97167,37.55668],[126.97167,37.55673],[126.97167,37.55677]]}},{"type":"Feature","properties":{"class":"major","highway":"primary","sidewalk":"likely","lanes":0,"name":"청파로","oneway":true},"geometry":{"type":"LineString","coordinates":[[126.96999,37.5484],[126.97001,37.54824],[126.97003,37.54813],[126.97005,37.54791],[126.97011,37.54766],[126.9702,37.54711],[126.97023,37.54691],[126.97027,37.54653],[126.97033,37.5461],[126.97041,37.54577],[126.97042,37.5457],[126.97047,37.54539],[126.97049,37.54529],[126.97055,37.54492]]}},{"type":"Feature","properties":{"class":"major","highway":"primary","sidewalk":"likely","lanes":6,"name":"원효로","oneway":false},"geometry":{"type":"LineString","coordinates":[[126.96636,37.53801],[126.96657,37.53814],[126.96665,37.53819],[126.96693,37.53845],[126.96694,37.53845],[126.96729,37.53876],[126.96756,37.539],[126.96765,37.53907],[126.96829,37.5396],[126.9684,37.53969],[126.96905,37.54022],[126.96977,37.54079],[126.97004,37.54101],[126.9706,37.54149],[126.97081,37.54163]]}},{"type":"Feature","properties":{"class":"major","highway":"primary","sidewalk":"likely","lanes":4,"name":"한강대로","oneway":true},"geometry":{"type":"LineString","coordinates":[[126.97206,37.5451],[126.97204,37.54526],[126.97202,37.54544],[126.97195,37.54595],[126.97189,37.54683],[126.97185,37.54763],[126.97185,37.54781],[126.97184,37.54821],[126.97183,37.54892],[126.97185,37.54922],[126.9719,37.54947],[126.97199,37.54985]]}},{"type":"Feature","properties":{"class":"major","highway":"tertiary","sidewalk":"likely","lanes":5,"name":"후암로","oneway":false},"geometry":{"type":"LineString","coordinates":[[126.97486,37.55353],[126.97463,37.55356],[126.97442,37.55359],[126.97432,37.55361],[126.97419,37.55365]]}},{"type":"Feature","properties":{"class":"major","highway":"secondary","sidewalk":"likely","lanes":0,"name":"두텁바위로","oneway":false},"geometry":{"type":"LineString","coordinates":[[126.97846,37.54593],[126.97925,37.54605],[126.98029,37.54622],[126.98043,37.54627],[126.98046,37.54629],[126.98052,37.54632],[126.98067,37.5464],[126.98083,37.54651],[126.98088,37.54655],[126.98093,37.54659],[126.98101,37.54665]]}},{"type":"Feature","properties":{"class":"major","highway":"secondary","sidewalk":"likely","lanes":0,"name":"후암로","oneway":false},"geometry":{"type":"LineString","coordinates":[[126.97767,37.5489],[126.97756,37.54929],[126.97746,37.54964],[126.97737,37.54998],[126.97731,37.5502]]}},{"type":"Feature","properties":{"class":"minor","highway":"residential","sidewalk":"unknown","lanes":1,"name":"한강대로87길","oneway":true},"geometry":{"type":"LineString","coordinates":[[126.97205,37.54433],[126.97141,37.54418]]}},{"type":"Feature","properties":{"class":"minor","highway":"residential","sidewalk":"unknown","lanes":1,"name":"한강대로87길","oneway":true},"geometry":{"type":"LineString","coordinates":[[126.97099,37.54416],[126.97078,37.54417]]}},{"type":"Feature","properties":{"class":"minor","highway":"residential","sidewalk":"unknown","lanes":1,"name":"한강대로87길","oneway":true},"geometry":{"type":"LineString","coordinates":[[126.97141,37.54418],[126.97099,37.54416]]}},{"type":"Feature","properties":{"class":"major","highway":"primary","sidewalk":"likely","lanes":0,"name":"한강대로","oneway":true},"geometry":{"type":"LineString","coordinates":[[126.97205,37.54433],[126.97221,37.54369],[126.97226,37.54349],[126.97231,37.54331]]}},{"type":"Feature","properties":{"class":"major","highway":"primary","sidewalk":"likely","lanes":0,"name":"한강대로","oneway":true},"geometry":{"type":"LineString","coordinates":[[126.97278,37.54228],[126.97274,37.54249],[126.97252,37.54334],[126.97247,37.54356],[126.97243,37.54372]]}},{"type":"Feature","properties":{"class":"minor","highway":"residential","sidewalk":"unknown","lanes":0,"name":"한강대로80길","oneway":false},"geometry":{"type":"LineString","coordinates":[[126.97274,37.54249],[126.97358,37.54264],[126.9741,37.54272]]}},{"type":"Feature","properties":{"class":"minor","highway":"residential","sidewalk":"unknown","lanes":0,"name":"한강대로84길","oneway":false},"geometry":{"type":"LineString","coordinates":[[126.97308,37.54447],[126.97332,37.54368]]}},{"type":"Feature","properties":{"class":"minor","highway":"residential","sidewalk":"unknown","lanes":0,"name":"한강대로88길","oneway":false},"geometry":{"type":"LineString","coordinates":[[126.97228,37.54434],[126.97308,37.54447],[126.97361,37.54456]]}},{"type":"Feature","properties":{"class":"alley","highway":"service","sidewalk":"unknown","lanes":0,"name":"한강대로71길","oneway":false},"geometry":{"type":"LineString","coordinates":[[126.97312,37.54032],[126.97198,37.54013],[126.97213,37.5406],[126.97214,37.54065],[126.97209,37.541],[126.97182,37.54187]]}},{"type":"Feature","properties":{"class":"alley","highway":"service","sidewalk":"unknown","lanes":0,"name":"한강대로72길","oneway":false},"geometry":{"type":"LineString","coordinates":[[126.97209,37.541],[126.97292,37.54112]]}},{"type":"Feature","properties":{"class":"alley","highway":"service","sidewalk":"unknown","lanes":0,"name":"한강대로81길","oneway":false},"geometry":{"type":"LineString","coordinates":[[126.97182,37.54187],[126.97156,37.54296],[126.97219,37.54307]]}},{"type":"Feature","properties":{"class":"minor","highway":"residential","sidewalk":"unknown","lanes":0,"name":"후암로48길","oneway":false},"geometry":{"type":"LineString","coordinates":[[126.97683,37.55249],[126.97691,37.55253],[126.97701,37.55255],[126.97701,37.55267],[126.97698,37.5528],[126.97734,37.55309],[126.97751,37.55307],[126.97765,37.55307],[126.9787,37.55322]]}},{"type":"Feature","properties":{"class":"major","highway":"secondary","sidewalk":"likely","lanes":0,"name":"소월로","oneway":true},"geometry":{"type":"LineString","coordinates":[[126.97634,37.55762],[126.97639,37.55723]]}},{"type":"Feature","properties":{"class":"minor","highway":"residential","sidewalk":"unknown","lanes":0,"name":"청파로43다길","oneway":false},"geometry":{"type":"LineString","coordinates":[[126.96918,37.54357],[126.96922,37.54338],[126.96925,37.5431],[126.96947,37.54228],[126.96946,37.54219]]}},{"type":"Feature","properties":{"class":"alley","highway":"service","sidewalk":"unknown","lanes":0,"name":"","oneway":false},"geometry":{"type":"LineString","coordinates":[[126.96634,37.54261],[126.96636,37.54256],[126.96634,37.5425],[126.96629,37.54193]]}},{"type":"Feature","properties":{"class":"major","highway":"tertiary","sidewalk":"likely","lanes":4,"name":"","oneway":false},"geometry":{"type":"LineString","coordinates":[[126.97566,37.55343],[126.97647,37.55336]]}},{"type":"Feature","properties":{"class":"major","highway":"secondary","sidewalk":"likely","lanes":0,"name":"후암로","oneway":false},"geometry":{"type":"LineString","coordinates":[[126.97731,37.5502],[126.97726,37.55035],[126.97722,37.5505],[126.97711,37.55095],[126.97704,37.55121],[126.9769,37.55174],[126.97688,37.55182],[126.97678,37.5522],[126.97675,37.5523],[126.9767,37.55248],[126.97669,37.55253],[126.97664,37.55277],[126.9766,37.55287],[126.97659,37.5529],[126.97652,37.55303]]}},{"type":"Feature","properties":{"class":"major","highway":"secondary","sidewalk":"likely","lanes":0,"name":"갈월동지하차도","oneway":false},"geometry":{"type":"LineString","coordinates":[[126.97083,37.54495],[126.97143,37.54503]]}},{"type":"Feature","properties":{"class":"major","highway":"secondary","sidewalk":"likely","lanes":0,"name":"","oneway":false},"geometry":{"type":"LineString","coordinates":[[126.97143,37.54503],[126.97174,37.54506],[126.97187,37.54508]]}},{"type":"Feature","properties":{"class":"major","highway":"primary","sidewalk":"likely","lanes":0,"name":"세종대로","oneway":true},"geometry":{"type":"LineString","coordinates":[[126.97435,37.55934],[126.9742,37.55916],[126.97392,37.55881],[126.9732,37.558],[126.97287,37.5576]]}},{"type":"Feature","properties":{"class":"major","highway":"primary","sidewalk":"likely","lanes":0,"name":"퇴계로","oneway":true},"geometry":{"type":"LineString","coordinates":[[126.97243,37.55678],[126.9727,37.55659]]}},{"type":"Feature","properties":{"class":"major","highway":"primary","sidewalk":"likely","lanes":0,"name":"통일로","oneway":true},"geometry":{"type":"LineString","coordinates":[[126.97177,37.55755],[126.97189,37.55734],[126.97204,37.55717],[126.97231,37.5569],[126.97243,37.55678]]}},{"type":"Feature","properties":{"class":"major","highway":"primary","sidewalk":"likely","lanes":5,"name":"세종대로","oneway":true},"geometry":{"type":"LineString","coordinates":[[126.97287,37.5576],[126.97271,37.55739],[126.97269,37.55736],[126.97266,37.55733],[126.97263,37.55727],[126.97259,37.5572],[126.97253,37.55709]]}},{"type":"Feature","properties":{"class":"major","highway":"primary","sidewalk":"likely","lanes":0,"name":"한강대로","oneway":true},"geometry":{"type":"LineString","coordinates":[[126.97311,37.55591],[126.97313,37.55611],[126.97312,37.55619],[126.9731,37.55633],[126.97307,37.55644]]}},{"type":"Feature","properties":{"class":"major","highway":"primary","sidewalk":"likely","lanes":0,"name":"한강대로","oneway":true},"geometry":{"type":"LineString","coordinates":[[126.97311,37.55591],[126.97305,37.55608],[126.97302,37.55616],[126.97293,37.55637],[126.97288,37.55651]]}},{"type":"Feature","properties":{"class":"major","highway":"primary","sidewalk":"likely","lanes":2,"name":"통일로","oneway":true},"geometry":{"type":"LineString","coordinates":[[126.97177,37.55755],[126.97209,37.55732],[126.97217,37.55724],[126.97219,37.55723],[126.97226,37.55717],[126.97232,37.55712],[126.97239,37.55708],[126.9725,37.55702]]}},{"type":"Feature","properties":{"class":"major","highway":"primary_link","sidewalk":"likely","lanes":1,"name":"","oneway":true},"geometry":{"type":"LineString","coordinates":[[126.97287,37.5576],[126.97263,37.55749],[126.97252,37.55747],[126.97244,37.55747],[126.97233,37.55748],[126.97229,37.55749],[126.9722,37.55752],[126.97194,37.55772]]}},{"type":"Feature","properties":{"class":"major","highway":"primary","sidewalk":"likely","lanes":0,"name":"한강대로","oneway":true},"geometry":{"type":"LineString","coordinates":[[126.97231,37.54331],[126.97237,37.54309],[126.97256,37.54244]]}},{"type":"Feature","properties":{"class":"major","highway":"primary","sidewalk":"likely","lanes":0,"name":"한강대로","oneway":true},"geometry":{"type":"LineString","coordinates":[[126.97187,37.54508],[126.9719,37.54493]]}},{"type":"Feature","properties":{"class":"major","highway":"primary","sidewalk":"likely","lanes":0,"name":"한강대로","oneway":true},"geometry":{"type":"LineString","coordinates":[[126.97188,37.55037],[126.97166,37.5495],[126.97164,37.54935],[126.97164,37.5493],[126.97164,37.54907],[126.97164,37.54888]]}},{"type":"Feature","properties":{"class":"major","highway":"primary","sidewalk":"likely","lanes":4,"name":"한강대로","oneway":true},"geometry":{"type":"LineString","coordinates":[[126.97164,37.54888],[126.97164,37.54821],[126.97167,37.54764],[126.9717,37.54741],[126.97176,37.54592],[126.97183,37.54531],[126.97184,37.54526],[126.97187,37.54508]]}},{"type":"Feature","properties":{"class":"major","highway":"primary","sidewalk":"likely","lanes":0,"name":"한강대로","oneway":true},"geometry":{"type":"LineString","coordinates":[[126.97241,37.55175],[126.97264,37.55277],[126.97278,37.55316],[126.97301,37.55401],[126.97303,37.55409]]}},{"type":"Feature","properties":{"class":"major","highway":"primary","sidewalk":"likely","lanes":0,"name":"한강대로","oneway":true},"geometry":{"type":"LineString","coordinates":[[126.97199,37.54985],[126.97201,37.55],[126.97209,37.55035]]}},{"type":"Feature","properties":{"class":"major","highway":"primary","sidewalk":"likely","lanes":0,"name":"한강대로","oneway":true},"geometry":{"type":"LineString","coordinates":[[126.97243,37.54372],[126.97228,37.54434],[126.97212,37.54491],[126.97212,37.54493],[126.97206,37.5451]]}},{"type":"Feature","properties":{"class":"major","highway":"primary","sidewalk":"likely","lanes":3,"name":"한강대로","oneway":true},"geometry":{"type":"LineString","coordinates":[[126.97284,37.54204],[126.97278,37.54228]]}},{"type":"Feature","properties":{"class":"minor","highway":"residential","sidewalk":"unknown","lanes":0,"name":"","oneway":false},"geometry":{"type":"LineString","coordinates":[[126.97004,37.54101],[126.97028,37.54083],[126.97029,37.54078]]}},{"type":"Feature","properties":{"class":"major","highway":"secondary","sidewalk":"likely","lanes":0,"name":"","oneway":false},"geometry":{"type":"LineString","coordinates":[[126.97055,37.54492],[126.97071,37.54494],[126.97083,37.54495]]}},{"type":"Feature","properties":{"class":"major","highway":"primary","sidewalk":"likely","lanes":0,"name":"퇴계로","oneway":true},"geometry":{"type":"LineString","coordinates":[[126.97271,37.55698],[126.97263,37.55702],[126.97253,37.55709]]}},{"type":"Feature","properties":{"class":"major","highway":"primary","sidewalk":"likely","lanes":0,"name":"한강대로","oneway":true},"geometry":{"type":"LineString","coordinates":[[126.9729,37.55686],[126.97284,37.55712]]}},{"type":"Feature","properties":{"class":"alley","highway":"service","sidewalk":"unknown","lanes":1,"name":"","oneway":true},"geometry":{"type":"LineString","coordinates":[[126.97227,37.55597],[126.97207,37.55572],[126.97201,37.5556],[126.97198,37.55549],[126.97198,37.55523],[126.97198,37.55519],[126.97198,37.55507],[126.97198,37.555],[126.97199,37.5548],[126.972,37.55472],[126.97205,37.55464]]}},{"type":"Feature","properties":{"class":"major","highway":"primary","sidewalk":"likely","lanes":4,"name":"한강대로","oneway":true},"geometry":{"type":"LineString","coordinates":[[126.97242,37.55671],[126.97248,37.55647],[126.97252,37.55632],[126.97258,37.5561],[126.97257,37.55587],[126.97251,37.55545],[126.97251,37.55488],[126.97251,37.55481],[126.97252,37.55455],[126.97257,37.55427]]}},{"type":"Feature","properties":{"class":"major","highway":"primary","sidewalk":"likely","lanes":0,"name":"한강대로","oneway":true},"geometry":{"type":"LineString","coordinates":[[126.97209,37.55035],[126.97217,37.55067],[126.97226,37.55107],[126.97232,37.55136],[126.97241,37.55175]]}},{"type":"Feature","properties":{"class":"major","highway":"secondary","sidewalk":"likely","lanes":0,"name":"두텁바위로","oneway":false},"geometry":{"type":"LineString","coordinates":[[126.97206,37.5451],[126.97225,37.54512],[126.97246,37.54515],[126.97253,37.54515],[126.9729,37.5452],[126.97344,37.54528],[126.97419,37.54537],[126.97455,37.54541],[126.97511,37.54548],[126.97685,37.54571],[126.97703,37.54573],[126.97707,37.54574],[126.9774,37.54578],[126.97781,37.54584],[126.97815,37.54588],[126.97846,37.54593]]}},{"type":"Feature","properties":{"class":"major","highway":"primary","sidewalk":"likely","lanes":0,"name":"한강대로","oneway":true},"geometry":{"type":"LineString","coordinates":[[126.9743,37.53674],[126.97423,37.53701],[126.97404,37.53762],[126.974,37.53778],[126.97397,37.53788],[126.97329,37.54039],[126.973,37.54146],[126.97287,37.54194],[126.97284,37.54204]]}},{"type":"Feature","properties":{"class":"major","highway":"secondary","sidewalk":"likely","lanes":0,"name":"한강대로77길","oneway":false},"geometry":{"type":"LineString","coordinates":[[126.97267,37.54201],[126.97253,37.54199],[126.97246,37.54198],[126.97182,37.54187],[126.97169,37.54185],[126.97142,37.54178]]}},{"type":"Feature","properties":{"class":"major","highway":"primary_link","sidewalk":"likely","lanes":0,"name":"","oneway":true},"geometry":{"type":"LineString","coordinates":[[126.97439,37.55659],[126.97443,37.55664],[126.97445,37.55668],[126.97445,37.55672],[126.97441,37.55676],[126.97434,37.55677],[126.97426,37.55678]]}},{"type":"Feature","properties":{"class":"major","highway":"primary","sidewalk":"likely","lanes":0,"name":"퇴계로","oneway":true},"geometry":{"type":"LineString","coordinates":[[126.97426,37.55678],[126.97373,37.55659],[126.97363,37.55658],[126.97348,37.55658],[126.9734,37.55659],[126.97331,37.55662],[126.97317,37.55671],[126.97302,37.5568],[126.9729,37.55686]]}},{"type":"Feature","properties":{"class":"major","highway":"primary","sidewalk":"likely","lanes":0,"name":"퇴계로","oneway":true},"geometry":{"type":"LineString","coordinates":[[126.97439,37.55659],[126.97544,37.55699],[126.97567,37.55708],[126.9759,37.55717],[126.97626,37.5573],[126.97678,37.5575],[126.97681,37.55751],[126.9773,37.55771],[126.97768,37.55791],[126.97781,37.55801],[126.978,37.55818],[126.97821,37.5584]]}},{"type":"Feature","properties":{"class":"major","highway":"primary","sidewalk":"likely","lanes":0,"name":"퇴계로","oneway":true},"geometry":{"type":"LineString","coordinates":[[126.97371,37.55636],[126.97439,37.55659]]}},{"type":"Feature","properties":{"class":"minor","highway":"residential","sidewalk":"unknown","lanes":0,"name":"청파로89길","oneway":false},"geometry":{"type":"LineString","coordinates":[[126.96631,37.55293],[126.96678,37.55294]]}},{"type":"Feature","properties":{"class":"minor","highway":"residential","sidewalk":"unknown","lanes":0,"name":"후암로60길","oneway":false},"geometry":{"type":"LineString","coordinates":[[126.97428,37.55445],[126.97469,37.5546]]}},{"type":"Feature","properties":{"class":"minor","highway":"residential","sidewalk":"unknown","lanes":0,"name":"후암로60길","oneway":false},"geometry":{"type":"LineString","coordinates":[[126.97401,37.55463],[126.97401,37.55465],[126.97397,37.55475],[126.97398,37.55484],[126.97399,37.55488],[126.97395,37.55497]]}},{"type":"Feature","properties":{"class":"alley","highway":"service","sidewalk":"unknown","lanes":0,"name":"청파로85길","oneway":false},"geometry":{"type":"LineString","coordinates":[[126.96668,37.55272],[126.96666,37.55259],[126.96662,37.55259],[126.96661,37.55239],[126.96647,37.5524]]}},{"type":"Feature","properties":{"class":"major","highway":"secondary","sidewalk":"likely","lanes":4,"name":"한강대로77길","oneway":false},"geometry":{"type":"LineString","coordinates":[[126.97142,37.54178],[126.97103,37.54169]]}},{"type":"Feature","properties":{"class":"major","highway":"secondary","sidewalk":"likely","lanes":4,"name":"한강대로77길","oneway":false},"geometry":{"type":"LineString","coordinates":[[126.97103,37.54169],[126.97081,37.54163]]}},{"type":"Feature","properties":{"class":"minor","highway":"residential","sidewalk":"unknown","lanes":0,"name":"","oneway":false},"geometry":{"type":"LineString","coordinates":[[126.97544,37.55699],[126.97568,37.55652],[126.97571,37.55646],[126.97577,37.55635],[126.97565,37.5563],[126.97511,37.55608],[126.97491,37.556]]}},{"type":"Feature","properties":{"class":"minor","highway":"residential","sidewalk":"unknown","lanes":0,"name":"세종대로2길","oneway":false},"geometry":{"type":"LineString","coordinates":[[126.97346,37.55796],[126.97349,37.55792],[126.97356,37.5578],[126.97377,37.5577],[126.97386,37.55765],[126.97393,37.55761],[126.974,37.55758],[126.97441,37.55743],[126.97473,37.55733],[126.97479,37.55731],[126.97534,37.55715]]}},{"type":"Feature","properties":{"class":"alley","highway":"service","sidewalk":"unknown","lanes":0,"name":"","oneway":false},"geometry":{"type":"LineString","coordinates":[[126.97835,37.54409],[126.97833,37.54383],[126.97834,37.54381],[126.97838,37.54379],[126.97842,37.54378],[126.9785,37.54378],[126.9789,37.54383]]}},{"type":"Feature","properties":{"class":"alley","highway":"service","sidewalk":"unknown","lanes":0,"name":"","oneway":false},"geometry":{"type":"LineString","coordinates":[[126.98036,37.54063],[126.98034,37.54069],[126.98029,37.54096],[126.98026,37.54111],[126.98024,37.54115],[126.9802,37.54117],[126.98017,37.54119],[126.98013,37.54119],[126.98009,37.54119],[126.97983,37.54113]]}},{"type":"Feature","properties":{"class":"alley","highway":"service","sidewalk":"unknown","lanes":0,"name":"","oneway":false},"geometry":{"type":"LineString","coordinates":[[126.97819,37.54155],[126.97849,37.54156],[126.97849,37.54175]]}},{"type":"Feature","properties":{"class":"alley","highway":"service","sidewalk":"unknown","lanes":0,"name":"","oneway":false},"geometry":{"type":"LineString","coordinates":[[126.97579,37.54003],[126.97606,37.53993],[126.97601,37.53983],[126.97598,37.53977],[126.97595,37.53971]]}},{"type":"Feature","properties":{"class":"alley","highway":"service","sidewalk":"unknown","lanes":0,"name":"","oneway":false},"geometry":{"type":"LineString","coordinates":[[126.97703,37.54066],[126.97714,37.54056],[126.97716,37.54035],[126.97701,37.54013]]}},{"type":"Feature","properties":{"class":"alley","highway":"service","sidewalk":"unknown","lanes":0,"name":"","oneway":false},"geometry":{"type":"LineString","coordinates":[[126.97703,37.54066],[126.97713,37.54066],[126.97714,37.54067],[126.97717,37.54068],[126.97721,37.54069],[126.97726,37.54075],[126.97732,37.54081],[126.97737,37.54086],[126.97743,37.54087],[126.97748,37.54088],[126.97754,37.54086],[126.97776,37.54078],[126.97788,37.54072],[126.9779,37.54071],[126.978,37.54065],[126.9782,37.54054]]}},{"type":"Feature","properties":{"class":"alley","highway":"service","sidewalk":"unknown","lanes":0,"name":"","oneway":false},"geometry":{"type":"LineString","coordinates":[[126.97717,37.54068],[126.97727,37.5406],[126.97734,37.54053],[126.97733,37.54049],[126.97735,37.54043],[126.97741,37.54036],[126.97748,37.5403],[126.97755,37.54027],[126.97781,37.5402]]}},{"type":"Feature","properties":{"class":"alley","highway":"service","sidewalk":"unknown","lanes":0,"name":"","oneway":false},"geometry":{"type":"LineString","coordinates":[[126.9779,37.54071],[126.9777,37.54034]]}},{"type":"Feature","properties":{"class":"alley","highway":"service","sidewalk":"unknown","lanes":0,"name":"","oneway":false},"geometry":{"type":"LineString","coordinates":[[126.97676,37.54092],[126.97694,37.54079],[126.977,37.54074],[126.97706,37.54073],[126.97714,37.54067]]}},{"type":"Feature","properties":{"class":"alley","highway":"service","sidewalk":"unknown","lanes":0,"name":"","oneway":false},"geometry":{"type":"LineString","coordinates":[[126.97656,37.54003],[126.97637,37.54013]]}},{"type":"Feature","properties":{"class":"alley","highway":"service","sidewalk":"unknown","lanes":0,"name":"","oneway":false},"geometry":{"type":"LineString","coordinates":[[126.97691,37.5405],[126.97645,37.54068],[126.9764,37.54068],[126.97634,37.54069],[126.97609,37.54068],[126.97573,37.54064]]}},{"type":"Feature","properties":{"class":"alley","highway":"service","sidewalk":"unknown","lanes":0,"name":"","oneway":false},"geometry":{"type":"LineString","coordinates":[[126.9764,37.54068],[126.9763,37.54022]]}},{"type":"Feature","properties":{"class":"alley","highway":"service","sidewalk":"unknown","lanes":0,"name":"","oneway":false},"geometry":{"type":"LineString","coordinates":[[126.97573,37.54064],[126.97571,37.54062],[126.97568,37.5406],[126.97562,37.54059],[126.97524,37.54052],[126.97517,37.54052],[126.97511,37.54053],[126.97505,37.54053],[126.97503,37.54054],[126.97497,37.54055],[126.97488,37.54055],[126.97482,37.54055],[126.97475,37.54054],[126.97426,37.54043],[126.9742,37.54041],[126.9742,37.54037],[126.9742,37.54034],[126.97421,37.54029],[126.97426,37.54008]]}},{"type":"Feature","properties":{"class":"alley","highway":"service","sidewalk":"unknown","lanes":0,"name":"","oneway":false},"geometry":{"type":"LineString","coordinates":[[126.97505,37.54053],[126.9751,37.54034],[126.9752,37.53995],[126.9752,37.53991]]}},{"type":"Feature","properties":{"class":"alley","highway":"service","sidewalk":"unknown","lanes":0,"name":"","oneway":false},"geometry":{"type":"LineString","coordinates":[[126.97562,37.54059],[126.97558,37.54047],[126.97555,37.54043],[126.97537,37.54023],[126.9752,37.53995]]}},{"type":"Feature","properties":{"class":"alley","highway":"service","sidewalk":"unknown","lanes":0,"name":"","oneway":false},"geometry":{"type":"LineString","coordinates":[[126.9751,37.54034],[126.97555,37.54043]]}},{"type":"Feature","properties":{"class":"alley","highway":"service","sidewalk":"unknown","lanes":0,"name":"","oneway":false},"geometry":{"type":"LineString","coordinates":[[126.97573,37.54064],[126.97573,37.54066],[126.97572,37.54071],[126.97567,37.54086],[126.97564,37.5409],[126.97561,37.54093],[126.97557,37.54093],[126.97522,37.54089],[126.97519,37.54088],[126.97483,37.54082]]}},{"type":"Feature","properties":{"class":"alley","highway":"service","sidewalk":"unknown","lanes":0,"name":"","oneway":false},"geometry":{"type":"LineString","coordinates":[[126.97452,37.54146],[126.97457,37.54145],[126.97462,37.54145],[126.97468,37.54142],[126.97474,37.5414],[126.9748,37.54137],[126.97486,37.54134],[126.9749,37.54128],[126.97493,37.54123],[126.97513,37.54125],[126.97519,37.54088]]}},{"type":"Feature","properties":{"class":"alley","highway":"service","sidewalk":"unknown","lanes":0,"name":"","oneway":false},"geometry":{"type":"LineString","coordinates":[[126.97604,37.5418],[126.97592,37.54178],[126.97582,37.54176],[126.97574,37.54175],[126.97566,37.54174],[126.97561,37.54174],[126.97554,37.54174],[126.97549,37.54173],[126.97544,37.54173],[126.97535,37.54173],[126.97522,37.54174]]}},{"type":"Feature","properties":{"class":"alley","highway":"service","sidewalk":"unknown","lanes":0,"name":"","oneway":false},"geometry":{"type":"LineString","coordinates":[[126.97561,37.54174],[126.97572,37.5412],[126.97619,37.54127],[126.9766,37.54132]]}},{"type":"Feature","properties":{"class":"alley","highway":"service","sidewalk":"unknown","lanes":0,"name":"","oneway":false},"geometry":{"type":"LineString","coordinates":[[126.97598,37.54108],[126.97622,37.5411],[126.97619,37.54127]]}},{"type":"Feature","properties":{"class":"alley","highway":"service","sidewalk":"unknown","lanes":0,"name":"","oneway":false},"geometry":{"type":"LineString","coordinates":[[126.9766,37.54132],[126.97662,37.54119],[126.97663,37.54107]]}},{"type":"Feature","properties":{"class":"alley","highway":"service","sidewalk":"unknown","lanes":0,"name":"","oneway":false},"geometry":{"type":"LineString","coordinates":[[126.97636,37.54105],[126.97663,37.54107],[126.97672,37.54108]]}},{"type":"Feature","properties":{"class":"alley","highway":"service","sidewalk":"unknown","lanes":0,"name":"","oneway":false},"geometry":{"type":"LineString","coordinates":[[126.97635,37.54117],[126.97662,37.54119]]}},{"type":"Feature","properties":{"class":"alley","highway":"service","sidewalk":"unknown","lanes":0,"name":"","oneway":false},"geometry":{"type":"LineString","coordinates":[[126.97608,37.54139],[126.97658,37.54147],[126.97661,37.54137],[126.9766,37.54132]]}},{"type":"Feature","properties":{"class":"alley","highway":"service","sidewalk":"unknown","lanes":0,"name":"","oneway":false},"geometry":{"type":"LineString","coordinates":[[126.97604,37.5418],[126.97617,37.5418],[126.97619,37.5418],[126.97678,37.54189],[126.97688,37.5419],[126.97691,37.54194],[126.97693,37.54196],[126.97693,37.542],[126.97693,37.54205],[126.97688,37.54224]]}},{"type":"Feature","properties":{"class":"alley","highway":"service","sidewalk":"unknown","lanes":0,"name":"","oneway":false},"geometry":{"type":"LineString","coordinates":[[126.97617,37.5418],[126.97615,37.54177],[126.97615,37.54175],[126.97615,37.54174],[126.97615,37.54172],[126.97616,37.5417],[126.97617,37.5417],[126.97619,37.54168]]}},{"type":"Feature","properties":{"class":"alley","highway":"service","sidewalk":"unknown","lanes":0,"name":"","oneway":false},"geometry":{"type":"LineString","coordinates":[[126.97616,37.5417],[126.97583,37.54166]]}},{"type":"Feature","properties":{"class":"alley","highway":"service","sidewalk":"unknown","lanes":0,"name":"","oneway":false},"geometry":{"type":"LineString","coordinates":[[126.97678,37.54189],[126.97677,37.54186],[126.97677,37.54184],[126.97677,37.54181],[126.97677,37.54178],[126.97678,37.54176],[126.97679,37.54175],[126.97679,37.54174],[126.9768,37.54173],[126.97682,37.54171]]}},{"type":"Feature","properties":{"class":"alley","highway":"service","sidewalk":"unknown","lanes":0,"name":"","oneway":false},"geometry":{"type":"LineString","coordinates":[[126.97619,37.54168],[126.97622,37.54167],[126.97624,37.54165],[126.97626,37.54164],[126.97679,37.54174]]}},{"type":"Feature","properties":{"class":"alley","highway":"service","sidewalk":"unknown","lanes":0,"name":"","oneway":false},"geometry":{"type":"LineString","coordinates":[[126.97597,37.54155],[126.97625,37.54159],[126.97626,37.54164]]}},{"type":"Feature","properties":{"class":"alley","highway":"service","sidewalk":"unknown","lanes":0,"name":"","oneway":false},"geometry":{"type":"LineString","coordinates":[[126.97679,37.54175],[126.97718,37.54179]]}},{"type":"Feature","properties":{"class":"alley","highway":"service","sidewalk":"unknown","lanes":0,"name":"","oneway":false},"geometry":{"type":"LineString","coordinates":[[126.97682,37.54171],[126.97689,37.54164],[126.97695,37.54163],[126.97705,37.54161],[126.97717,37.5416],[126.97724,37.5416],[126.97734,37.54162],[126.97745,37.54164],[126.97774,37.54171],[126.97777,37.54172],[126.97779,37.54175],[126.97779,37.54177]]}},{"type":"Feature","properties":{"class":"alley","highway":"service","sidewalk":"unknown","lanes":0,"name":"","oneway":false},"geometry":{"type":"LineString","coordinates":[[126.97522,37.54174],[126.97507,37.54175],[126.97498,37.54176],[126.97495,37.54176],[126.97487,37.54177],[126.97478,37.54178],[126.97467,37.5418],[126.97466,37.5418],[126.97464,37.5418]]}},{"type":"Feature","properties":{"class":"alley","highway":"service","sidewalk":"unknown","lanes":0,"name":"","oneway":false},"geometry":{"type":"LineString","coordinates":[[126.97464,37.5418],[126.97447,37.54252]]}},{"type":"Feature","properties":{"class":"alley","highway":"service","sidewalk":"unknown","lanes":0,"name":"","oneway":false},"geometry":{"type":"LineString","coordinates":[[126.97498,37.54176],[126.9748,37.54258]]}},{"type":"Feature","properties":{"class":"alley","highway":"service","sidewalk":"unknown","lanes":0,"name":"","oneway":false},"geometry":{"type":"LineString","coordinates":[[126.97466,37.5418],[126.97466,37.54163],[126.97503,37.54162],[126.97515,37.54162]]}},{"type":"Feature","properties":{"class":"alley","highway":"service","sidewalk":"unknown","lanes":0,"name":"","oneway":false},"geometry":{"type":"LineString","coordinates":[[126.97824,37.54246],[126.97886,37.54254],[126.97891,37.54255],[126.97895,37.54255],[126.97899,37.54255],[126.97903,37.54253],[126.97907,37.54252],[126.97909,37.5425],[126.97911,37.54248],[126.97912,37.54245],[126.97912,37.54242],[126.97913,37.54238],[126.97913,37.54233],[126.97914,37.54225],[126.97912,37.54211]]}},{"type":"Feature","properties":{"class":"alley","highway":"service","sidewalk":"unknown","lanes":0,"name":"","oneway":false},"geometry":{"type":"LineString","coordinates":[[126.97887,37.54212],[126.97912,37.54211],[126.97919,37.5421]]}},{"type":"Feature","properties":{"class":"alley","highway":"service","sidewalk":"unknown","lanes":0,"name":"","oneway":false},"geometry":{"type":"LineString","coordinates":[[126.97818,37.54334],[126.97839,37.54336],[126.97864,37.54339]]}},{"type":"Feature","properties":{"class":"alley","highway":"service","sidewalk":"unknown","lanes":0,"name":"","oneway":false},"geometry":{"type":"LineString","coordinates":[[126.97839,37.54336],[126.97843,37.54314],[126.97846,37.54299]]}},{"type":"Feature","properties":{"class":"alley","highway":"service","sidewalk":"unknown","lanes":0,"name":"","oneway":false},"geometry":{"type":"LineString","coordinates":[[126.97843,37.54314],[126.9786,37.54305],[126.97863,37.54303],[126.97865,37.54301],[126.97867,37.54299],[126.97868,37.54297],[126.97868,37.54294],[126.97869,37.54287]]}},{"type":"Feature","properties":{"class":"alley","highway":"service","sidewalk":"unknown","lanes":0,"name":"","oneway":false},"geometry":{"type":"LineString","coordinates":[[126.97876,37.5441],[126.97874,37.54416],[126.97873,37.54418],[126.97871,37.54419],[126.97868,37.5442],[126.97858,37.54423]]}},{"type":"Feature","properties":{"class":"alley","highway":"service","sidewalk":"unknown","lanes":0,"name":"","oneway":false},"geometry":{"type":"LineString","coordinates":[[126.97709,37.54456],[126.97714,37.54434],[126.97715,37.54432],[126.97717,37.5443],[126.9772,37.54429],[126.97723,37.54429],[126.97731,37.5443]]}},{"type":"Feature","properties":{"class":"alley","highway":"service","sidewalk":"unknown","lanes":0,"name":"","oneway":false},"geometry":{"type":"LineString","coordinates":[[126.97729,37.54438],[126.97731,37.5443],[126.97732,37.54426],[126.97734,37.54424],[126.97737,37.54422],[126.97741,37.5442],[126.97755,37.54414],[126.97759,37.54414],[126.97762,37.54414],[126.97768,37.54415]]}},{"type":"Feature","properties":{"class":"alley","highway":"service","sidewalk":"unknown","lanes":0,"name":"","oneway":false},"geometry":{"type":"LineString","coordinates":[[126.9782,37.54206],[126.97834,37.54202],[126.97843,37.54201],[126.9787,37.542]]}},{"type":"Feature","properties":{"class":"alley","highway":"service","sidewalk":"unknown","lanes":0,"name":"","oneway":false},"geometry":{"type":"LineString","coordinates":[[126.97696,37.54379],[126.97692,37.54381],[126.97691,37.54383],[126.9769,37.54384],[126.97689,37.54387],[126.97686,37.54401]]}},{"type":"Feature","properties":{"class":"alley","highway":"service","sidewalk":"unknown","lanes":0,"name":"","oneway":false},"geometry":{"type":"LineString","coordinates":[[126.97441,37.5434],[126.97449,37.54304]]}},{"type":"Feature","properties":{"class":"alley","highway":"service","sidewalk":"unknown","lanes":0,"name":"","oneway":false},"geometry":{"type":"LineString","coordinates":[[126.97502,37.54461],[126.97425,37.5445]]}},{"type":"Feature","properties":{"class":"alley","highway":"service","sidewalk":"unknown","lanes":0,"name":"","oneway":false},"geometry":{"type":"LineString","coordinates":[[126.9751,37.54504],[126.97512,37.54495],[126.97534,37.54498]]}},{"type":"Feature","properties":{"class":"alley","highway":"service","sidewalk":"unknown","lanes":0,"name":"","oneway":false},"geometry":{"type":"LineString","coordinates":[[126.976,37.54516],[126.97611,37.54475]]}},{"type":"Feature","properties":{"class":"alley","highway":"service","sidewalk":"unknown","lanes":0,"name":"","oneway":false},"geometry":{"type":"LineString","coordinates":[[126.97576,37.54513],[126.97583,37.54523],[126.97616,37.54527],[126.97624,37.54519]]}},{"type":"Feature","properties":{"class":"alley","highway":"service","sidewalk":"unknown","lanes":0,"name":"","oneway":false},"geometry":{"type":"LineString","coordinates":[[126.9751,37.54504],[126.97507,37.54522]]}},{"type":"Feature","properties":{"class":"alley","highway":"service","sidewalk":"unknown","lanes":0,"name":"","oneway":false},"geometry":{"type":"LineString","coordinates":[[126.97681,37.54545],[126.97687,37.54546],[126.97692,37.54526]]}},{"type":"Feature","properties":{"class":"alley","highway":"service","sidewalk":"unknown","lanes":0,"name":"","oneway":false},"geometry":{"type":"LineString","coordinates":[[126.97812,37.5454],[126.97839,37.54544],[126.97846,37.54526]]}},{"type":"Feature","properties":{"class":"alley","highway":"service","sidewalk":"unknown","lanes":0,"name":"","oneway":false},"geometry":{"type":"LineString","coordinates":[[126.97833,37.54508],[126.97842,37.5451]]}},{"type":"Feature","properties":{"class":"alley","highway":"service","sidewalk":"unknown","lanes":0,"name":"","oneway":false},"geometry":{"type":"LineString","coordinates":[[126.97823,37.54534],[126.97813,37.54527],[126.97809,37.54523],[126.97806,37.54519],[126.97806,37.54514],[126.97806,37.5451],[126.97806,37.54506],[126.97807,37.54501],[126.97809,37.54497],[126.97812,37.54494],[126.97815,37.54491],[126.97822,37.54489],[126.97829,37.54488],[126.97837,37.54489],[126.9784,37.5449]]}},{"type":"Feature","properties":{"class":"alley","highway":"service","sidewalk":"unknown","lanes":0,"name":"","oneway":false},"geometry":{"type":"LineString","coordinates":[[126.97662,37.54523],[126.97666,37.54503],[126.97665,37.54499],[126.97665,37.54498],[126.97661,37.54482]]}},{"type":"Feature","properties":{"class":"alley","highway":"service","sidewalk":"unknown","lanes":0,"name":"","oneway":false},"geometry":{"type":"LineString","coordinates":[[126.9764,37.5448],[126.97661,37.54482],[126.97668,37.54483]]}},{"type":"Feature","properties":{"class":"alley","highway":"service","sidewalk":"unknown","lanes":0,"name":"","oneway":false},"geometry":{"type":"LineString","coordinates":[[126.97665,37.54499],[126.97745,37.54508]]}},{"type":"Feature","properties":{"class":"alley","highway":"service","sidewalk":"unknown","lanes":0,"name":"","oneway":false},"geometry":{"type":"LineString","coordinates":[[126.9749,37.54316],[126.975,37.54318],[126.97504,37.54319]]}},{"type":"Feature","properties":{"class":"alley","highway":"service","sidewalk":"unknown","lanes":0,"name":"","oneway":false},"geometry":{"type":"LineString","coordinates":[[126.975,37.54318],[126.97503,37.54309],[126.97504,37.54307],[126.97505,37.54305],[126.97508,37.54304],[126.97516,37.54302]]}},{"type":"Feature","properties":{"class":"alley","highway":"service","sidewalk":"unknown","lanes":0,"name":"","oneway":false},"geometry":{"type":"LineString","coordinates":[[126.97443,37.54281],[126.97452,37.54283],[126.97469,37.54285]]}},{"type":"Feature","properties":{"class":"alley","highway":"service","sidewalk":"unknown","lanes":0,"name":"","oneway":false},"geometry":{"type":"LineString","coordinates":[[126.97452,37.54283],[126.9745,37.54293]]}},{"type":"Feature","properties":{"class":"alley","highway":"service","sidewalk":"unknown","lanes":0,"name":"","oneway":false},"geometry":{"type":"LineString","coordinates":[[126.97503,37.54301],[126.97517,37.54238],[126.97505,37.54236]]}},{"type":"Feature","properties":{"class":"alley","highway":"service","sidewalk":"unknown","lanes":0,"name":"","oneway":false},"geometry":{"type":"LineString","coordinates":[[126.97578,37.54292],[126.97595,37.54293],[126.97596,37.54285],[126.97609,37.54286]]}},{"type":"Feature","properties":{"class":"alley","highway":"service","sidewalk":"unknown","lanes":0,"name":"","oneway":false},"geometry":{"type":"LineString","coordinates":[[126.97522,37.54174],[126.9752,37.54185],[126.97516,37.54198]]}},{"type":"Feature","properties":{"class":"alley","highway":"service","sidewalk":"unknown","lanes":0,"name":"","oneway":true},"geometry":{"type":"LineString","coordinates":[[126.97587,37.54264],[126.97569,37.54253],[126.97572,37.54241],[126.97582,37.54191],[126.97582,37.54187],[126.97577,37.54185],[126.97555,37.54182]]}},{"type":"Feature","properties":{"class":"alley","highway":"service","sidewalk":"unknown","lanes":0,"name":"","oneway":false},"geometry":{"type":"LineString","coordinates":[[126.97555,37.54182],[126.97551,37.5418],[126.97549,37.54176],[126.97549,37.54173]]}},{"type":"Feature","properties":{"class":"alley","highway":"service","sidewalk":"unknown","lanes":0,"name":"","oneway":true},"geometry":{"type":"LineString","coordinates":[[126.97572,37.54241],[126.97547,37.54238],[126.97539,37.54236],[126.97537,37.54234],[126.97546,37.5419],[126.97548,37.54186],[126.97555,37.54182]]}},{"type":"Feature","properties":{"class":"alley","highway":"service","sidewalk":"unknown","lanes":0,"name":"","oneway":false},"geometry":{"type":"LineString","coordinates":[[126.97569,37.54253],[126.97564,37.5427]]}},{"type":"Feature","properties":{"class":"alley","highway":"service","sidewalk":"unknown","lanes":0,"name":"","oneway":false},"geometry":{"type":"LineString","coordinates":[[126.97693,37.54196],[126.97725,37.542],[126.97733,37.54205],[126.97753,37.54207]]}},{"type":"Feature","properties":{"class":"alley","highway":"service","sidewalk":"unknown","lanes":0,"name":"","oneway":false},"geometry":{"type":"LineString","coordinates":[[126.97668,37.54326],[126.97677,37.54293],[126.9768,37.54283],[126.97683,37.54266],[126.97687,37.5424],[126.97689,37.54229],[126.97689,37.54226],[126.97688,37.54224],[126.97688,37.54224],[126.97685,37.54222],[126.97683,37.54221],[126.97681,37.5422],[126.97662,37.54217]]}},{"type":"Feature","properties":{"class":"alley","highway":"service","sidewalk":"unknown","lanes":0,"name":"","oneway":false},"geometry":{"type":"LineString","coordinates":[[126.97687,37.5424],[126.97716,37.54243]]}},{"type":"Feature","properties":{"class":"alley","highway":"service","sidewalk":"unknown","lanes":0,"name":"","oneway":false},"geometry":{"type":"LineString","coordinates":[[126.97638,37.54321],[126.97645,37.54289],[126.97646,37.54289],[126.97677,37.54293]]}},{"type":"Feature","properties":{"class":"alley","highway":"service","sidewalk":"unknown","lanes":0,"name":"","oneway":false},"geometry":{"type":"LineString","coordinates":[[126.97646,37.54289],[126.97646,37.54286],[126.97644,37.54285],[126.97643,37.54284],[126.97642,37.54284],[126.97627,37.54281],[126.97634,37.54242],[126.97641,37.54243],[126.97644,37.54243],[126.97647,37.54242],[126.97653,37.54234]]}},{"type":"Feature","properties":{"class":"alley","highway":"service","sidewalk":"unknown","lanes":0,"name":"","oneway":false},"geometry":{"type":"LineString","coordinates":[[126.97643,37.54284],[126.97652,37.54244],[126.97653,37.54238],[126.97653,37.54234],[126.97653,37.54228],[126.97654,37.54222],[126.97655,37.5422],[126.97657,37.54218],[126.97658,37.54218],[126.97659,37.54217],[126.97662,37.54217]]}},{"type":"Feature","properties":{"class":"alley","highway":"service","sidewalk":"unknown","lanes":0,"name":"","oneway":false},"geometry":{"type":"LineString","coordinates":[[126.97658,37.54218],[126.97658,37.54216],[126.97657,37.54214],[126.97655,37.54213],[126.97652,37.54213],[126.97632,37.54211]]}},{"type":"Feature","properties":{"class":"alley","highway":"service","sidewalk":"unknown","lanes":0,"name":"","oneway":true},"geometry":{"type":"LineString","coordinates":[[126.97762,37.54217],[126.97766,37.54221],[126.9777,37.54222],[126.97776,37.54224],[126.97781,37.54224],[126.97784,37.54225],[126.97787,37.54226],[126.97788,37.54228],[126.97788,37.54231],[126.97764,37.54342]]}},{"type":"Feature","properties":{"class":"alley","highway":"service","sidewalk":"unknown","lanes":0,"name":"","oneway":false},"geometry":{"type":"LineString","coordinates":[[126.97421,37.54353],[126.97406,37.54342],[126.97419,37.54295]]}},{"type":"Feature","properties":{"class":"alley","highway":"service","sidewalk":"unknown","lanes":0,"name":"","oneway":false},"geometry":{"type":"LineString","coordinates":[[126.97525,37.54353],[126.97528,37.54361],[126.9753,37.54365],[126.97533,37.54366],[126.97537,37.54367],[126.97541,37.54367],[126.97544,37.54366],[126.97547,37.54363],[126.9755,37.5436],[126.97552,37.54357]]}},{"type":"Feature","properties":{"class":"alley","highway":"service","sidewalk":"unknown","lanes":0,"name":"","oneway":false},"geometry":{"type":"LineString","coordinates":[[126.97372,37.54482],[126.97368,37.54484],[126.97365,37.54487],[126.97363,37.5449],[126.97362,37.54494],[126.97359,37.54507],[126.9736,37.54509],[126.97361,37.54511],[126.97364,37.54512],[126.97368,37.54513],[126.97407,37.54519]]}},{"type":"Feature","properties":{"class":"minor","highway":"unclassified","sidewalk":"unknown","lanes":0,"name":"","oneway":false},"geometry":{"type":"LineString","coordinates":[[126.97664,37.55547],[126.97652,37.55559],[126.97664,37.55586],[126.97665,37.55594],[126.97665,37.55601],[126.97646,37.55638],[126.97635,37.55657],[126.97627,37.55672],[126.9762,37.55684],[126.97616,37.55699],[126.97626,37.5573]]}},{"type":"Feature","properties":{"class":"alley","highway":"service","sidewalk":"unknown","lanes":0,"name":"","oneway":true},"geometry":{"type":"LineString","coordinates":[[126.97664,37.55547],[126.9763,37.55552],[126.97621,37.55555],[126.97617,37.55556],[126.97613,37.55556],[126.97609,37.55555],[126.97606,37.55553],[126.97603,37.5555],[126.97602,37.55547],[126.97599,37.55509],[126.97599,37.55506],[126.976,37.55503],[126.97603,37.555],[126.97606,37.55498],[126.97609,37.55497]]}},{"type":"Feature","properties":{"class":"alley","highway":"pedestrian","sidewalk":"unknown","lanes":0,"name":"","oneway":false},"geometry":{"type":"LineString","coordinates":[[126.97448,37.55659],[126.97452,37.55653]]}},{"type":"Feature","properties":{"class":"alley","highway":"pedestrian","sidewalk":"unknown","lanes":0,"name":"","oneway":false},"geometry":{"type":"LineString","coordinates":[[126.97441,37.5567],[126.97448,37.55659]]}},{"type":"Feature","properties":{"class":"minor","highway":"residential","sidewalk":"unknown","lanes":0,"name":"","oneway":false},"geometry":{"type":"LineString","coordinates":[[126.97371,37.55636],[126.97375,37.55628],[126.97377,37.55624],[126.97403,37.55602],[126.97419,37.55587]]}},{"type":"Feature","properties":{"class":"minor","highway":"residential","sidewalk":"unknown","lanes":0,"name":"","oneway":false},"geometry":{"type":"LineString","coordinates":[[126.97319,37.55766],[126.97323,37.55762],[126.9733,37.55756],[126.97348,37.55741],[126.97353,37.5574],[126.97386,37.55765]]}},{"type":"Feature","properties":{"class":"alley","highway":"service","sidewalk":"unknown","lanes":0,"name":"","oneway":false},"geometry":{"type":"LineString","coordinates":[[126.97426,37.55678],[126.9741,37.55696],[126.97396,37.55712],[126.97373,37.55738],[126.97387,37.55748],[126.97398,37.55756],[126.974,37.55758]]}},{"type":"Feature","properties":{"class":"alley","highway":"service","sidewalk":"unknown","lanes":0,"name":"","oneway":false},"geometry":{"type":"LineString","coordinates":[[126.97396,37.55712],[126.97424,37.55735],[126.97426,37.55737],[126.97428,37.55738],[126.97431,37.55739],[126.97434,37.55739],[126.97436,37.55738],[126.97438,37.55737],[126.9744,37.55736],[126.97441,37.55734],[126.97442,37.55733],[126.97442,37.55731],[126.97441,37.55729],[126.97422,37.55709],[126.9741,37.55696]]}},{"type":"Feature","properties":{"class":"minor","highway":"residential","sidewalk":"unknown","lanes":0,"name":"세종대로4길","oneway":false},"geometry":{"type":"LineString","coordinates":[[126.97402,37.55859],[126.97408,37.55856],[126.97427,37.55848],[126.97449,37.55831],[126.97459,37.55825],[126.97473,37.55815],[126.97476,37.55815],[126.97488,37.55803],[126.97496,37.55802],[126.97498,37.55802],[126.97509,37.55788],[126.9752,37.55773],[126.97525,37.5577],[126.9753,37.55762],[126.97551,37.55728],[126.97554,37.55722]]}},{"type":"Feature","properties":{"class":"major","highway":"secondary","sidewalk":"likely","lanes":0,"name":"소파로","oneway":true},"geometry":{"type":"LineString","coordinates":[[126.98097,37.55513],[126.98069,37.55528],[126.98067,37.55529],[126.98062,37.55532],[126.98051,37.55538],[126.9798,37.55577],[126.97913,37.55614],[126.97891,37.55621],[126.9788,37.5562],[126.9779,37.55611],[126.97732,37.55605],[126.9772,37.55602],[126.97706,37.55598],[126.97697,37.55595]]}},{"type":"Feature","properties":{"class":"major","highway":"secondary","sidewalk":"likely","lanes":0,"name":"소월로","oneway":true},"geometry":{"type":"LineString","coordinates":[[126.97706,37.55598],[126.97695,37.55614],[126.97676,37.5564],[126.97656,37.55669],[126.97654,37.55676],[126.9765,37.55685],[126.97648,37.55696],[126.97647,37.55706]]}},{"type":"Feature","properties":{"class":"major","highway":"secondary","sidewalk":"likely","lanes":0,"name":"소월로","oneway":true},"geometry":{"type":"LineString","coordinates":[[126.97647,37.55706],[126.97645,37.55726]]}},{"type":"Feature","properties":{"class":"major","highway":"secondary","sidewalk":"likely","lanes":0,"name":"소월로","oneway":true},"geometry":{"type":"LineString","coordinates":[[126.97645,37.55726],[126.9764,37.55765]]}},{"type":"Feature","properties":{"class":"alley","highway":"service","sidewalk":"unknown","lanes":0,"name":"두텁바위로15길","oneway":false},"geometry":{"type":"LineString","coordinates":[[126.9774,37.54578],[126.97728,37.54622],[126.97722,37.54624]]}},{"type":"Feature","properties":{"class":"minor","highway":"residential","sidewalk":"unknown","lanes":0,"name":"두텁바위로13길","oneway":false},"geometry":{"type":"LineString","coordinates":[[126.97722,37.54624],[126.97677,37.54617]]}},{"type":"Feature","properties":{"class":"minor","highway":"residential","sidewalk":"unknown","lanes":0,"name":"","oneway":false},"geometry":{"type":"LineString","coordinates":[[126.97536,37.5543],[126.97533,37.55358],[126.97525,37.55347]]}},{"type":"Feature","properties":{"class":"minor","highway":"residential","sidewalk":"unknown","lanes":0,"name":"한강대로88길","oneway":true},"geometry":{"type":"LineString","coordinates":[[126.97361,37.54456],[126.97344,37.54528]]}},{"type":"Feature","properties":{"class":"minor","highway":"residential","sidewalk":"unknown","lanes":0,"name":"한강대로84길","oneway":true},"geometry":{"type":"LineString","coordinates":[[126.97382,37.54376],[126.97361,37.54456]]}},{"type":"Feature","properties":{"class":"minor","highway":"residential","sidewalk":"unknown","lanes":0,"name":"한강대로80길","oneway":true},"geometry":{"type":"LineString","coordinates":[[126.9741,37.54272],[126.97382,37.54376]]}},{"type":"Feature","properties":{"class":"minor","highway":"residential","sidewalk":"unknown","lanes":0,"name":"한강대로72길","oneway":true},"geometry":{"type":"LineString","coordinates":[[126.97329,37.54039],[126.97412,37.54056],[126.97465,37.54065],[126.97437,37.5417]]}},{"type":"Feature","properties":{"class":"minor","highway":"residential","sidewalk":"unknown","lanes":0,"name":"한강대로72길","oneway":false},"geometry":{"type":"LineString","coordinates":[[126.97384,37.54161],[126.97412,37.54056]]}},{"type":"Feature","properties":{"class":"minor","highway":"residential","sidewalk":"unknown","lanes":0,"name":"한강대로76길","oneway":false},"geometry":{"type":"LineString","coordinates":[[126.97358,37.54264],[126.97384,37.54161]]}},{"type":"Feature","properties":{"class":"minor","highway":"residential","sidewalk":"unknown","lanes":0,"name":"한강대로80길","oneway":false},"geometry":{"type":"LineString","coordinates":[[126.97332,37.54368],[126.97358,37.54264]]}},{"type":"Feature","properties":{"class":"alley","highway":"service","sidewalk":"unknown","lanes":0,"name":"","oneway":true},"geometry":{"type":"LineString","coordinates":[[126.97609,37.55497],[126.97614,37.55496],[126.97619,37.55497],[126.97623,37.55499],[126.97626,37.55502],[126.97627,37.55506],[126.97628,37.55516],[126.9763,37.55519],[126.97636,37.55522],[126.97658,37.55522]]}},{"type":"Feature","properties":{"class":"alley","highway":"service","sidewalk":"unknown","lanes":0,"name":"","oneway":false},"geometry":{"type":"LineString","coordinates":[[126.97626,37.55599],[126.97622,37.55599],[126.97617,37.55598],[126.97614,37.55596],[126.97611,37.55593],[126.9761,37.5559],[126.97609,37.55586],[126.97611,37.55582],[126.97613,37.55579],[126.97617,37.55577],[126.97621,37.55576],[126.97626,37.55575],[126.97631,37.55576],[126.97635,37.55579],[126.97638,37.55582],[126.9764,37.55586],[126.97639,37.5559],[126.97638,37.55594]]}},{"type":"Feature","properties":{"class":"alley","highway":"service","sidewalk":"unknown","lanes":0,"name":"","oneway":false},"geometry":{"type":"LineString","coordinates":[[126.97638,37.55594],[126.97631,37.55607],[126.9764,37.55609],[126.9763,37.55634],[126.97608,37.55628],[126.97612,37.55617],[126.97617,37.55604],[126.97631,37.55607]]}},{"type":"Feature","properties":{"class":"alley","highway":"service","sidewalk":"unknown","lanes":0,"name":"","oneway":false},"geometry":{"type":"LineString","coordinates":[[126.97646,37.55638],[126.9763,37.55634]]}},{"type":"Feature","properties":{"class":"alley","highway":"service","sidewalk":"unknown","lanes":0,"name":"","oneway":false},"geometry":{"type":"LineString","coordinates":[[126.97612,37.55617],[126.97594,37.55624],[126.97586,37.55629],[126.97577,37.55635]]}},{"type":"Feature","properties":{"class":"alley","highway":"service","sidewalk":"unknown","lanes":0,"name":"","oneway":false},"geometry":{"type":"LineString","coordinates":[[126.97584,37.55578],[126.97565,37.5563]]}},{"type":"Feature","properties":{"class":"alley","highway":"service","sidewalk":"unknown","lanes":0,"name":"","oneway":false},"geometry":{"type":"LineString","coordinates":[[126.97568,37.55652],[126.97521,37.55633],[126.97524,37.55627],[126.97571,37.55646]]}},{"type":"Feature","properties":{"class":"alley","highway":"service","sidewalk":"unknown","lanes":0,"name":"","oneway":false},"geometry":{"type":"LineString","coordinates":[[126.97488,37.55613],[126.97491,37.5561],[126.97494,37.55609],[126.97498,37.55608],[126.97503,37.55607],[126.97511,37.55608]]}},{"type":"Feature","properties":{"class":"alley","highway":"pedestrian","sidewalk":"unknown","lanes":0,"name":"","oneway":false},"geometry":{"type":"LineString","coordinates":[[126.97968,37.5552],[126.9796,37.55516],[126.97985,37.55504],[126.97995,37.55497],[126.98002,37.555],[126.97996,37.55504],[126.97996,37.55505],[126.97997,37.55508],[126.98004,37.55516],[126.97991,37.55524],[126.97984,37.55517],[126.9798,37.55514],[126.97977,37.55514],[126.97968,37.5552]]}},{"type":"Feature","properties":{"class":"alley","highway":"pedestrian","sidewalk":"unknown","lanes":0,"name":"","oneway":false},"geometry":{"type":"LineString","coordinates":[[126.97452,37.55653],[126.97459,37.55656],[126.97464,37.55647],[126.97474,37.55631],[126.97467,37.55628],[126.97464,37.55632],[126.97452,37.55653]]}},{"type":"Feature","properties":{"class":"alley","highway":"pedestrian","sidewalk":"unknown","lanes":0,"name":"","oneway":false},"geometry":{"type":"LineString","coordinates":[[126.97462,37.55631],[126.97465,37.55627],[126.97469,37.55619],[126.97488,37.55589],[126.97491,37.5559],[126.9748,37.55608],[126.97485,37.5561],[126.97485,37.5561],[126.97485,37.55611],[126.97485,37.55611],[126.97485,37.55612],[126.97478,37.55609],[126.97476,37.55612],[126.97467,37.55628],[126.97464,37.55632],[126.97462,37.55631]]}},{"type":"Feature","properties":{"class":"alley","highway":"pedestrian","sidewalk":"unknown","lanes":0,"name":"","oneway":false},"geometry":{"type":"LineString","coordinates":[[126.97377,37.55624],[126.97375,37.55628],[126.97376,37.5563],[126.9746,37.55661],[126.9753,37.55687],[126.97532,37.55687],[126.97535,37.55685],[126.97541,37.55676],[126.9749,37.55656],[126.97488,37.55656],[126.97464,37.55647],[126.97459,37.55656],[126.97452,37.55653],[126.97397,37.55631],[126.9741,37.55611],[126.97407,37.55609],[126.97386,37.55628],[126.97377,37.55624]]}},{"type":"Feature","properties":{"class":"alley","highway":"pedestrian","sidewalk":"unknown","lanes":0,"name":"서울역광장","oneway":false},"geometry":{"type":"LineString","coordinates":[[126.97175,37.55691],[126.97175,37.55652],[126.97172,37.55648],[126.9717,37.55649],[126.9717,37.55624],[126.97175,37.55624],[126.97176,37.55621],[126.97176,37.55612],[126.9717,37.55612],[126.97168,37.55611],[126.97164,37.5561],[126.97164,37.556],[126.97168,37.55599],[126.97177,37.55599],[126.97177,37.55601],[126.97184,37.55601],[126.97186,37.556],[126.97186,37.55577],[126.97183,37.55575],[126.97179,37.55575],[126.97177,37.55574],[126.97178,37.55538],[126.9717,37.55538],[126.97171,37.5552],[126.97178,37.55517],[126.97183,37.55512],[126.97184,37.55505],[126.97185,37.55491],[126.97185,37.5548],[126.97192,37.5548],[126.97196,37.5548],[126.97195,37.55519],[126.97195,37.5553],[126.97196,37.55549],[126.97198,37.5556],[126.97204,37.55573],[126.97207,37.55579],[126.97211,37.55584],[126.97214,37.5559],[126.97222,37.55608],[126.97222,37.55614],[126.97222,37.5562],[126.97202,37.5562],[126.97201,37.55635],[126.9722,37.55635],[126.97217,37.55645],[126.97196,37.55641],[126.97193,37.55654],[126.97192,37.55662],[126.97184,37.55691],[126.97175,37.55691]]}},{"type":"Feature","properties":{"class":"alley","highway":"pedestrian","sidewalk":"unknown","lanes":0,"name":"","oneway":false},"geometry":{"type":"LineString","coordinates":[[126.97706,37.55553],[126.977,37.55552],[126.97702,37.55545],[126.97704,37.55538],[126.97707,37.55534],[126.97719,37.55528],[126.97761,37.55514],[126.97791,37.55502],[126.97811,37.55492],[126.97838,37.55474],[126.97843,37.55472],[126.97856,37.55472],[126.97871,37.55474],[126.97893,37.55475],[126.97909,37.55472],[126.97915,37.55472],[126.97924,37.55471],[126.97943,37.55469],[126.97957,37.55471],[126.9797,37.55473],[126.97982,37.55467],[126.97986,37.5547],[126.97988,37.55472],[126.98001,37.55492],[126.9796,37.55516],[126.97911,37.5554],[126.97899,37.55521],[126.97904,37.55512],[126.97905,37.55507],[126.97903,37.55499],[126.97903,37.55492],[126.97899,37.55491],[126.97895,37.55488],[126.97891,37.55487],[126.97892,37.55484],[126.97884,37.55483],[126.97852,37.55477],[126.97842,37.55477],[126.97816,37.55494],[126.97792,37.55507],[126.9777,37.55516],[126.97741,37.55526],[126.9772,37.55533],[126.97713,37.55538],[126.97709,37.55542],[126.97707,37.55551],[126.97706,37.55553]]}},{"type":"Feature","properties":{"class":"major","highway":"primary","sidewalk":"likely","lanes":0,"name":"세종대로","oneway":true},"geometry":{"type":"LineString","coordinates":[[126.97253,37.55709],[126.9725,37.55702]]}},{"type":"Feature","properties":{"class":"minor","highway":"residential","sidewalk":"unknown","lanes":0,"name":"","oneway":false},"geometry":{"type":"LineString","coordinates":[[126.97078,37.54417],[126.97068,37.54418]]}},{"type":"Feature","properties":{"class":"minor","highway":"residential","sidewalk":"unknown","lanes":0,"name":"소월로","oneway":true},"geometry":{"type":"LineString","coordinates":[[126.976,37.55839],[126.97595,37.5583],[126.97614,37.55791],[126.97627,37.55762],[126.97629,37.55749]]}},{"type":"Feature","properties":{"class":"minor","highway":"residential","sidewalk":"unknown","lanes":0,"name":"원효로93길","oneway":false},"geometry":{"type":"LineString","coordinates":[[126.96891,37.54131],[126.96863,37.54186]]}},{"type":"Feature","properties":{"class":"minor","highway":"residential","sidewalk":"unknown","lanes":0,"name":"청파로43다길","oneway":false},"geometry":{"type":"LineString","coordinates":[[126.96946,37.54219],[126.96926,37.5419]]}},{"type":"Feature","properties":{"class":"alley","highway":"service","sidewalk":"unknown","lanes":0,"name":"","oneway":false},"geometry":{"type":"LineString","coordinates":[[126.9689,37.54195],[126.96892,37.542]]}},{"type":"Feature","properties":{"class":"alley","highway":"service","sidewalk":"unknown","lanes":0,"name":"","oneway":false},"geometry":{"type":"LineString","coordinates":[[126.97038,37.54754],[126.97023,37.54752]]}},{"type":"Feature","properties":{"class":"minor","highway":"residential","sidewalk":"unknown","lanes":0,"name":"청파로","oneway":false},"geometry":{"type":"LineString","coordinates":[[126.97003,37.54813],[126.97013,37.5482],[126.97072,37.54863],[126.97073,37.54864]]}},{"type":"Feature","properties":{"class":"minor","highway":"residential","sidewalk":"unknown","lanes":0,"name":"","oneway":false},"geometry":{"type":"LineString","coordinates":[[126.97073,37.54864],[126.97141,37.54915]]}},{"type":"Feature","properties":{"class":"major","highway":"secondary_link","sidewalk":"likely","lanes":0,"name":"","oneway":true},"geometry":{"type":"LineString","coordinates":[[126.97164,37.54935],[126.97156,37.54928],[126.97155,37.54927],[126.97148,37.54921],[126.97141,37.54915]]}},{"type":"Feature","properties":{"class":"major","highway":"primary_link","sidewalk":"likely","lanes":0,"name":"","oneway":true},"geometry":{"type":"LineString","coordinates":[[126.97141,37.54915],[126.97148,37.54914],[126.9715,37.54913],[126.97154,37.54912],[126.97156,37.54912],[126.97164,37.54907]]}},{"type":"Feature","properties":{"class":"alley","highway":"service","sidewalk":"unknown","lanes":0,"name":"","oneway":false},"geometry":{"type":"LineString","coordinates":[[126.97002,37.54911],[126.97041,37.54908],[126.97051,37.54908],[126.97072,37.54863]]}},{"type":"Feature","properties":{"class":"alley","highway":"service","sidewalk":"unknown","lanes":0,"name":"","oneway":false},"geometry":{"type":"LineString","coordinates":[[126.97041,37.54908],[126.9704,37.54884]]}},{"type":"Feature","properties":{"class":"alley","highway":"service","sidewalk":"unknown","lanes":0,"name":"","oneway":false},"geometry":{"type":"LineString","coordinates":[[126.97649,37.55347],[126.97673,37.55358],[126.97682,37.55372],[126.97683,37.55389],[126.97679,37.55404],[126.97654,37.55405]]}},{"type":"Feature","properties":{"class":"minor","highway":"residential","sidewalk":"unknown","lanes":0,"name":"","oneway":false},"geometry":{"type":"LineString","coordinates":[[126.97753,37.55173],[126.97748,37.55136],[126.97749,37.55104]]}},{"type":"Feature","properties":{"class":"minor","highway":"residential","sidewalk":"unknown","lanes":0,"name":"","oneway":false},"geometry":{"type":"LineString","coordinates":[[126.97748,37.55136],[126.97756,37.55145],[126.97792,37.55146],[126.97806,37.55153]]}},{"type":"Feature","properties":{"class":"alley","highway":"service","sidewalk":"unknown","lanes":0,"name":"","oneway":false},"geometry":{"type":"LineString","coordinates":[[126.97588,37.54905],[126.97576,37.54881],[126.97571,37.5487],[126.97574,37.54864],[126.97602,37.54852]]}},{"type":"Feature","properties":{"class":"alley","highway":"service","sidewalk":"unknown","lanes":0,"name":"","oneway":false},"geometry":{"type":"LineString","coordinates":[[126.97576,37.54881],[126.97582,37.54875],[126.97605,37.54867]]}},{"type":"Feature","properties":{"class":"alley","highway":"service","sidewalk":"unknown","lanes":0,"name":"","oneway":false},"geometry":{"type":"LineString","coordinates":[[126.97281,37.54599],[126.97282,37.54626],[126.97256,37.5463]]}},{"type":"Feature","properties":{"class":"alley","highway":"service","sidewalk":"unknown","lanes":0,"name":"","oneway":false},"geometry":{"type":"LineString","coordinates":[[126.9727,37.54821],[126.9727,37.54836],[126.97299,37.54837]]}},{"type":"Feature","properties":{"class":"alley","highway":"service","sidewalk":"unknown","lanes":0,"name":"","oneway":false},"geometry":{"type":"LineString","coordinates":[[126.97264,37.54909],[126.9726,37.54886],[126.9726,37.54866]]}},{"type":"Feature","properties":{"class":"major","highway":"primary_link","sidewalk":"likely","lanes":0,"name":"","oneway":true},"geometry":{"type":"LineString","coordinates":[[126.97246,37.54515],[126.97223,37.54529],[126.97202,37.54544]]}},{"type":"Feature","properties":{"class":"alley","highway":"service","sidewalk":"unknown","lanes":0,"name":"","oneway":false},"geometry":{"type":"LineString","coordinates":[[126.96658,37.54102],[126.96623,37.5411]]}},{"type":"Feature","properties":{"class":"minor","highway":"residential","sidewalk":"unknown","lanes":0,"name":"","oneway":false},"geometry":{"type":"LineString","coordinates":[[126.96671,37.54081],[126.96664,37.54084],[126.96661,37.54087],[126.96659,37.54089],[126.96656,37.54092],[126.96658,37.54102],[126.96663,37.54138]]}},{"type":"Feature","properties":{"class":"major","highway":"primary_link","sidewalk":"likely","lanes":0,"name":"","oneway":true},"geometry":{"type":"LineString","coordinates":[[126.97278,37.55316],[126.97281,37.55323],[126.97293,37.5534],[126.97299,37.55348],[126.97309,37.55359],[126.97325,37.55369],[126.97342,37.55379],[126.97358,37.55382],[126.97367,37.55383]]}},{"type":"Feature","properties":{"class":"minor","highway":"residential","sidewalk":"unknown","lanes":0,"name":"","oneway":false},"geometry":{"type":"LineString","coordinates":[[126.97841,37.54885],[126.97772,37.54874]]}},{"type":"Feature","properties":{"class":"minor","highway":"residential","sidewalk":"unknown","lanes":0,"name":"","oneway":false},"geometry":{"type":"LineString","coordinates":[[126.97632,37.55157],[126.97645,37.55124],[126.97601,37.55093]]}},{"type":"Feature","properties":{"class":"minor","highway":"residential","sidewalk":"unknown","lanes":0,"name":"","oneway":false},"geometry":{"type":"LineString","coordinates":[[126.97688,37.55182],[126.97681,37.5518],[126.9765,37.55171],[126.97632,37.55157],[126.97582,37.55117]]}},{"type":"Feature","properties":{"class":"minor","highway":"residential","sidewalk":"unknown","lanes":0,"name":"","oneway":false},"geometry":{"type":"LineString","coordinates":[[126.97678,37.5522],[126.97671,37.55219],[126.97648,37.55214],[126.97631,37.55208],[126.9761,37.552],[126.9759,37.55188],[126.97575,37.55176],[126.97555,37.55161],[126.97536,37.55142],[126.9753,37.55137],[126.97527,37.5513],[126.97527,37.55125],[126.97532,37.55111]]}},{"type":"Feature","properties":{"class":"minor","highway":"residential","sidewalk":"unknown","lanes":0,"name":"","oneway":false},"geometry":{"type":"LineString","coordinates":[[126.97919,37.54296],[126.97936,37.54275],[126.97942,37.54253],[126.97947,37.54234],[126.97954,37.54214],[126.97957,37.542],[126.97963,37.54174],[126.97967,37.54162]]}},{"type":"Feature","properties":{"class":"alley","highway":"service","sidewalk":"unknown","lanes":0,"name":"","oneway":false},"geometry":{"type":"LineString","coordinates":[[126.97963,37.54174],[126.97972,37.54183],[126.97974,37.54188],[126.97973,37.54197],[126.97972,37.54208],[126.97987,37.54208],[126.97991,37.54183],[126.97974,37.54188]]}},{"type":"Feature","properties":{"class":"alley","highway":"service","sidewalk":"unknown","lanes":0,"name":"","oneway":false},"geometry":{"type":"LineString","coordinates":[[126.9799,37.54158],[126.98013,37.5418],[126.98015,37.54217],[126.98041,37.54217]]}},{"type":"Feature","properties":{"class":"alley","highway":"service","sidewalk":"unknown","lanes":0,"name":"","oneway":false},"geometry":{"type":"LineString","coordinates":[[126.97417,37.54626],[126.97383,37.54606]]}},{"type":"Feature","properties":{"class":"alley","highway":"service","sidewalk":"unknown","lanes":0,"name":"","oneway":false},"geometry":{"type":"LineString","coordinates":[[126.97377,37.54613],[126.97383,37.54606],[126.97401,37.54584]]}},{"type":"Feature","properties":{"class":"alley","highway":"service","sidewalk":"unknown","lanes":0,"name":"","oneway":false},"geometry":{"type":"LineString","coordinates":[[126.97404,37.54637],[126.97419,37.54647],[126.9741,37.54653]]}},{"type":"Feature","properties":{"class":"alley","highway":"service","sidewalk":"unknown","lanes":0,"name":"","oneway":false},"geometry":{"type":"LineString","coordinates":[[126.97392,37.54646],[126.97381,37.54638]]}},{"type":"Feature","properties":{"class":"alley","highway":"service","sidewalk":"unknown","lanes":0,"name":"","oneway":false},"geometry":{"type":"LineString","coordinates":[[126.97754,37.54812],[126.97746,37.54843],[126.97734,37.54884],[126.9772,37.54934],[126.97713,37.54959]]}},{"type":"Feature","properties":{"class":"alley","highway":"service","sidewalk":"unknown","lanes":0,"name":"","oneway":false},"geometry":{"type":"LineString","coordinates":[[126.97746,37.54843],[126.97723,37.54839]]}},{"type":"Feature","properties":{"class":"alley","highway":"service","sidewalk":"unknown","lanes":0,"name":"","oneway":false},"geometry":{"type":"LineString","coordinates":[[126.97419,37.54537],[126.97415,37.5456],[126.97401,37.54568],[126.97394,37.54579]]}},{"type":"Feature","properties":{"class":"alley","highway":"service","sidewalk":"unknown","lanes":0,"name":"","oneway":false},"geometry":{"type":"LineString","coordinates":[[126.97411,37.54592],[126.97426,37.54578],[126.97428,37.54578],[126.97437,37.54576]]}},{"type":"Feature","properties":{"class":"alley","highway":"service","sidewalk":"unknown","lanes":0,"name":"","oneway":false},"geometry":{"type":"LineString","coordinates":[[126.97428,37.54578],[126.97428,37.5457],[126.97419,37.54568],[126.97415,37.5456]]}},{"type":"Feature","properties":{"class":"alley","highway":"service","sidewalk":"unknown","lanes":0,"name":"","oneway":false},"geometry":{"type":"LineString","coordinates":[[126.9773,37.54753],[126.97755,37.54755]]}},{"type":"Feature","properties":{"class":"alley","highway":"service","sidewalk":"unknown","lanes":0,"name":"","oneway":false},"geometry":{"type":"LineString","coordinates":[[126.97609,37.55497],[126.97612,37.55494],[126.97663,37.55489]]}},{"type":"Feature","properties":{"class":"minor","highway":"residential","sidewalk":"unknown","lanes":0,"name":"두텁바위로","oneway":false},"geometry":{"type":"LineString","coordinates":[[126.97796,37.54657],[126.97815,37.54588]]}},{"type":"Feature","properties":{"class":"alley","highway":"service","sidewalk":"unknown","lanes":0,"name":"","oneway":true},"geometry":{"type":"LineString","coordinates":[[126.97205,37.55464],[126.97209,37.55455],[126.9721,37.5545],[126.97199,37.5544],[126.97185,37.55428]]}},{"type":"Feature","properties":{"class":"alley","highway":"service","sidewalk":"unknown","lanes":0,"name":"","oneway":false},"geometry":{"type":"LineString","coordinates":[[126.96973,37.5521],[126.96988,37.55132],[126.96993,37.55102],[126.96994,37.55086]]}},{"type":"Feature","properties":{"class":"major","highway":"primary_link","sidewalk":"likely","lanes":0,"name":"","oneway":true},"geometry":{"type":"LineString","coordinates":[[126.97419,37.55365],[126.97399,37.5538],[126.9735,37.55408],[126.97337,37.55418],[126.97305,37.55441]]}},{"type":"Feature","properties":{"class":"major","highway":"tertiary","sidewalk":"likely","lanes":0,"name":"후암로","oneway":true},"geometry":{"type":"LineString","coordinates":[[126.97303,37.55409],[126.97326,37.554],[126.97367,37.55383],[126.97394,37.5537],[126.97419,37.55365]]}},{"type":"Feature","properties":{"class":"major","highway":"primary_link","sidewalk":"likely","lanes":0,"name":"","oneway":true},"geometry":{"type":"LineString","coordinates":[[126.97268,37.55427],[126.97284,37.55423],[126.97288,37.55423],[126.97292,37.55424],[126.97296,37.55426],[126.97298,37.55428],[126.97305,37.55441]]}},{"type":"Feature","properties":{"class":"major","highway":"primary","sidewalk":"likely","lanes":0,"name":"한강대로","oneway":true},"geometry":{"type":"LineString","coordinates":[[126.97257,37.55427],[126.97262,37.55371]]}},{"type":"Feature","properties":{"class":"major","highway":"primary","sidewalk":"likely","lanes":0,"name":"퇴계로","oneway":true},"geometry":{"type":"LineString","coordinates":[[126.9729,37.55686],[126.97271,37.55698]]}},{"type":"Feature","properties":{"class":"major","highway":"primary","sidewalk":"likely","lanes":0,"name":"통일로","oneway":true},"geometry":{"type":"LineString","coordinates":[[126.97271,37.55698],[126.97284,37.55712]]}},{"type":"Feature","properties":{"class":"major","highway":"primary","sidewalk":"likely","lanes":0,"name":"퇴계로","oneway":true},"geometry":{"type":"LineString","coordinates":[[126.9727,37.55659],[126.97288,37.55651]]}},{"type":"Feature","properties":{"class":"major","highway":"primary","sidewalk":"likely","lanes":0,"name":"통일로","oneway":true},"geometry":{"type":"LineString","coordinates":[[126.9725,37.55702],[126.97263,37.55696],[126.97271,37.55698]]}},{"type":"Feature","properties":{"class":"major","highway":"primary","sidewalk":"likely","lanes":0,"name":"세종대로","oneway":true},"geometry":{"type":"LineString","coordinates":[[126.9725,37.55702],[126.97243,37.55678]]}},{"type":"Feature","properties":{"class":"major","highway":"primary","sidewalk":"likely","lanes":0,"name":"한강대로","oneway":true},"geometry":{"type":"LineString","coordinates":[[126.97288,37.55651],[126.97282,37.55667],[126.97271,37.55698]]}},{"type":"Feature","properties":{"class":"major","highway":"primary","sidewalk":"likely","lanes":0,"name":"퇴계로","oneway":true},"geometry":{"type":"LineString","coordinates":[[126.97307,37.55644],[126.97325,37.55639],[126.97326,37.55638],[126.97347,37.55635],[126.97371,37.55636]]}},{"type":"Feature","properties":{"class":"major","highway":"primary","sidewalk":"likely","lanes":0,"name":"한강대로","oneway":true},"geometry":{"type":"LineString","coordinates":[[126.97307,37.55644],[126.97297,37.55673],[126.9729,37.55686]]}},{"type":"Feature","properties":{"class":"alley","highway":"service","sidewalk":"unknown","lanes":1,"name":"","oneway":true},"geometry":{"type":"LineString","coordinates":[[126.97206,37.55517],[126.97198,37.55507]]}},{"type":"Feature","properties":{"class":"major","highway":"primary","sidewalk":"likely","lanes":5,"name":"청파로","oneway":false},"geometry":{"type":"LineString","coordinates":[[126.97081,37.54163],[126.97083,37.5415],[126.97084,37.54133],[126.97085,37.54078]]}},{"type":"Feature","properties":{"class":"alley","highway":"pedestrian","sidewalk":"unknown","lanes":0,"name":"","oneway":false},"geometry":{"type":"LineString","coordinates":[[126.9721,37.55784],[126.97204,37.55783],[126.97212,37.55766],[126.97214,37.55763],[126.9722,37.55757],[126.97226,37.55753],[126.97235,37.5575],[126.97245,37.55749],[126.97257,37.5575],[126.97271,37.55755],[126.97278,37.55759],[126.9729,37.55771],[126.97298,37.55782],[126.97312,37.55797],[126.97313,37.55799],[126.97313,37.558],[126.9731,37.55802],[126.97306,37.55805],[126.97275,37.55772],[126.97268,37.55765],[126.97261,37.55762],[126.97254,37.55762],[126.97246,37.55762],[126.97238,37.55764],[126.97224,37.55767],[126.97222,37.55768],[126.97218,37.55771],[126.97215,37.55773],[126.9721,37.55784]]}},{"type":"Feature","properties":{"class":"alley","highway":"service","sidewalk":"unknown","lanes":0,"name":"","oneway":false},"geometry":{"type":"LineString","coordinates":[[126.97972,37.55724],[126.98018,37.55723],[126.98051,37.55717],[126.98063,37.55716]]}},{"type":"Feature","properties":{"class":"alley","highway":"service","sidewalk":"unknown","lanes":0,"name":"","oneway":false},"geometry":{"type":"LineString","coordinates":[[126.98019,37.55697],[126.97983,37.55697]]}},{"type":"Feature","properties":{"class":"alley","highway":"service","sidewalk":"unknown","lanes":0,"name":"","oneway":false},"geometry":{"type":"LineString","coordinates":[[126.97681,37.55705],[126.97681,37.55751]]}},{"type":"Feature","properties":{"class":"alley","highway":"service","sidewalk":"unknown","lanes":0,"name":"","oneway":false},"geometry":{"type":"LineString","coordinates":[[126.97798,37.55669],[126.97798,37.55637],[126.97799,37.55628]]}},{"type":"Feature","properties":{"class":"alley","highway":"service","sidewalk":"unknown","lanes":0,"name":"","oneway":false},"geometry":{"type":"LineString","coordinates":[[126.97661,37.55471],[126.97718,37.5547]]}},{"type":"Feature","properties":{"class":"alley","highway":"service","sidewalk":"unknown","lanes":0,"name":"","oneway":false},"geometry":{"type":"LineString","coordinates":[[126.97835,37.55391],[126.97832,37.55386],[126.97822,37.5538],[126.97821,37.55374],[126.97816,37.55369],[126.97788,37.55357]]}},{"type":"Feature","properties":{"class":"alley","highway":"service","sidewalk":"unknown","lanes":0,"name":"소월로2나길","oneway":false},"geometry":{"type":"LineString","coordinates":[[126.97807,37.55397],[126.97854,37.5542]]}},{"type":"Feature","properties":{"class":"major","highway":"secondary","sidewalk":"likely","lanes":0,"name":"소월로2길","oneway":true},"geometry":{"type":"LineString","coordinates":[[126.97664,37.55547],[126.97658,37.55529],[126.97658,37.55522],[126.97659,37.55512],[126.97663,37.55496]]}},{"type":"Feature","properties":{"class":"major","highway":"tertiary","sidewalk":"likely","lanes":5,"name":"후암로","oneway":false},"geometry":{"type":"LineString","coordinates":[[126.97525,37.55347],[126.97486,37.55353]]}},{"type":"Feature","properties":{"class":"major","highway":"tertiary","sidewalk":"likely","lanes":5,"name":"후암로","oneway":false},"geometry":{"type":"LineString","coordinates":[[126.97566,37.55343],[126.97525,37.55347]]}},{"type":"Feature","properties":{"class":"major","highway":"secondary","sidewalk":"likely","lanes":5,"name":"소월로2길","oneway":false},"geometry":{"type":"LineString","coordinates":[[126.97647,37.55336],[126.97649,37.55347],[126.97654,37.55405],[126.97656,37.55426]]}},{"type":"Feature","properties":{"class":"major","highway":"tertiary","sidewalk":"likely","lanes":0,"name":"후암로","oneway":true},"geometry":{"type":"LineString","coordinates":[[126.97566,37.55343],[126.97599,37.55329],[126.9763,37.55313],[126.97652,37.55303]]}},{"type":"Feature","properties":{"class":"major","highway":"secondary","sidewalk":"likely","lanes":0,"name":"소월로2길","oneway":false},"geometry":{"type":"LineString","coordinates":[[126.97652,37.55303],[126.97647,37.55326],[126.97647,37.55336]]}},{"type":"Feature","properties":{"class":"major","highway":"secondary","sidewalk":"likely","lanes":3,"name":"소월로","oneway":true},"geometry":{"type":"LineString","coordinates":[[126.97873,37.55408],[126.97883,37.55399],[126.97887,37.55389],[126.97887,37.55379],[126.97888,37.5535],[126.97891,37.55339]]}},{"type":"Feature","properties":{"class":"major","highway":"secondary","sidewalk":"likely","lanes":3,"name":"소월로","oneway":true},"geometry":{"type":"LineString","coordinates":[[126.97706,37.55501],[126.97733,37.55488],[126.97759,37.55474],[126.97765,37.55471],[126.97781,37.55462],[126.9782,37.55439],[126.97845,37.55425],[126.97854,37.5542],[126.9786,37.55416],[126.97873,37.55408]]}},{"type":"Feature","properties":{"class":"major","highway":"secondary","sidewalk":"likely","lanes":0,"name":"소월로","oneway":true},"geometry":{"type":"LineString","coordinates":[[126.97664,37.55547],[126.97662,37.55523],[126.97666,37.55519],[126.97675,37.55514],[126.97706,37.55501]]}},{"type":"Feature","properties":{"class":"major","highway":"secondary_link","sidewalk":"likely","lanes":0,"name":"","oneway":true},"geometry":{"type":"LineString","coordinates":[[126.97873,37.55381],[126.97876,37.55381],[126.97878,37.55382],[126.97883,37.5538],[126.97887,37.55379]]}},{"type":"Feature","properties":{"class":"major","highway":"secondary","sidewalk":"likely","lanes":4,"name":"소월로","oneway":true},"geometry":{"type":"LineString","coordinates":[[126.982,37.55221],[126.98194,37.55223],[126.98188,37.55225],[126.98182,37.55226],[126.98176,37.55226],[126.98164,37.55225],[126.98142,37.55224],[126.98128,37.55222],[126.9812,37.55222],[126.98108,37.55221],[126.98093,37.55219],[126.9807,37.55218],[126.98062,37.55219],[126.98055,37.5522],[126.98048,37.55221],[126.98036,37.55226],[126.98003,37.55245],[126.97992,37.55252]]}},{"type":"Feature","properties":{"class":"major","highway":"secondary","sidewalk":"likely","lanes":4,"name":"소월로","oneway":true},"geometry":{"type":"LineString","coordinates":[[126.97967,37.55267],[126.97992,37.55248],[126.98001,37.55242],[126.98028,37.55226],[126.98044,37.55219],[126.98059,37.55215],[126.98088,37.55217],[126.98108,37.55218],[126.98128,37.5522],[126.98176,37.55224],[126.98183,37.55223]]}},{"type":"Feature","properties":{"class":"major","highway":"secondary","sidewalk":"likely","lanes":0,"name":"두텁바위로","oneway":false},"geometry":{"type":"LineString","coordinates":[[126.98171,37.54975],[126.98169,37.5498],[126.98156,37.55011],[126.98152,37.55021],[126.98141,37.55065],[126.98154,37.55103],[126.98153,37.5513],[126.98146,37.55149],[126.98133,37.55163],[126.9812,37.5517],[126.98073,37.55173],[126.98015,37.55176],[126.97993,37.55183],[126.97985,37.55194],[126.97951,37.55236],[126.97913,37.55276],[126.97878,37.5531],[126.9787,37.55322],[126.97866,37.55335],[126.97866,37.55348],[126.97871,37.5537],[126.97873,37.55381],[126.97873,37.55408]]}},{"type":"Feature","properties":{"class":"minor","highway":"residential","sidewalk":"no","lanes":0,"name":"원효로89길","oneway":false},"geometry":{"type":"LineString","coordinates":[[126.96815,37.54082],[126.96813,37.54134],[126.96821,37.54184]]}},{"type":"Feature","properties":{"class":"minor","highway":"residential","sidewalk":"unknown","lanes":0,"name":"","oneway":false},"geometry":{"type":"LineString","coordinates":[[126.9768,37.55596],[126.97689,37.5559]]}},{"type":"Feature","properties":{"class":"alley","highway":"service","sidewalk":"unknown","lanes":0,"name":"","oneway":false},"geometry":{"type":"LineString","coordinates":[[126.9768,37.55596],[126.97678,37.55596],[126.97626,37.55599]]}},{"type":"Feature","properties":{"class":"alley","highway":"service","sidewalk":"unknown","lanes":0,"name":"","oneway":false},"geometry":{"type":"LineString","coordinates":[[126.97198,37.54013],[126.97166,37.54009],[126.97156,37.54005],[126.97153,37.54002]]}},{"type":"Feature","properties":{"class":"major","highway":"secondary","sidewalk":"likely","lanes":0,"name":"소월로","oneway":true},"geometry":{"type":"LineString","coordinates":[[126.97552,37.56037],[126.97557,37.56036],[126.97562,37.56034],[126.97565,37.56031],[126.97571,37.56024],[126.97572,37.56022],[126.97573,37.56019],[126.97573,37.56006],[126.97573,37.56001],[126.97572,37.55984],[126.97571,37.55923],[126.97571,37.55917],[126.97573,37.55905],[126.97576,37.55898],[126.97596,37.55849],[126.97598,37.55843],[126.976,37.55839],[126.97622,37.55794],[126.97628,37.55779],[126.97634,37.55762]]}},{"type":"Feature","properties":{"class":"minor","highway":"residential","sidewalk":"unknown","lanes":0,"name":"","oneway":false},"geometry":{"type":"LineString","coordinates":[[126.97173,37.56116],[126.97202,37.5608],[126.97287,37.55971]]}},{"type":"Feature","properties":{"class":"major","highway":"tertiary","sidewalk":"likely","lanes":0,"name":"세종대로7길","oneway":false},"geometry":{"type":"LineString","coordinates":[[126.97155,37.56237],[126.97158,37.56228],[126.97204,37.56173],[126.97205,37.56171],[126.97228,37.5614],[126.9723,37.56138],[126.97258,37.56103],[126.97265,37.56094],[126.97343,37.55999]]}},{"type":"Feature","properties":{"class":"major","highway":"tertiary_link","sidewalk":"likely","lanes":0,"name":"","oneway":true},"geometry":{"type":"LineString","coordinates":[[126.97343,37.55999],[126.97351,37.55988],[126.97359,37.55977]]}},{"type":"Feature","properties":{"class":"major","highway":"primary_link","sidewalk":"likely","lanes":0,"name":"","oneway":true},"geometry":{"type":"LineString","coordinates":[[126.97386,37.55979],[126.97391,37.55978],[126.97393,37.55978],[126.974,37.55975],[126.97406,37.55971],[126.97413,37.55963],[126.97421,37.55954],[126.97424,37.5595],[126.97425,37.55947],[126.97426,37.55944],[126.97427,37.55938],[126.97428,37.55934],[126.97427,37.55931],[126.97426,37.55928],[126.97425,37.55924],[126.9742,37.55916]]}},{"type":"Feature","properties":{"class":"major","highway":"primary","sidewalk":"likely","lanes":0,"name":"퇴계로","oneway":true},"geometry":{"type":"LineString","coordinates":[[126.98206,37.56045],[126.98188,37.56038],[126.98166,37.56024],[126.98162,37.56022],[126.98115,37.55991],[126.98085,37.55977],[126.98059,37.55969],[126.97988,37.55949],[126.97987,37.55949]]}},{"type":"Feature","properties":{"class":"major","highway":"primary","sidewalk":"likely","lanes":2,"name":"통일로","oneway":true},"geometry":{"type":"LineString","coordinates":[[126.9718,37.5582],[126.9717,37.55848],[126.97156,37.55913],[126.97152,37.55929]]}},{"type":"Feature","properties":{"class":"minor","highway":"residential","sidewalk":"unknown","lanes":0,"name":"퇴계로10길","oneway":false},"geometry":{"type":"LineString","coordinates":[[126.97991,37.55938],[126.97994,37.55931],[126.97999,37.55921],[126.98001,37.55917],[126.98014,37.5591],[126.98025,37.55899],[126.98033,37.55886],[126.9804,37.55875],[126.9806,37.55866],[126.98062,37.55865],[126.98087,37.55851],[126.98091,37.55846],[126.98098,37.55839],[126.9811,37.55825],[126.98125,37.55812],[126.98139,37.55804]]}},{"type":"Feature","properties":{"class":"minor","highway":"residential","sidewalk":"unknown","lanes":0,"name":"남대문시장8길","oneway":false},"geometry":{"type":"LineString","coordinates":[[126.97882,37.55916],[126.97858,37.55943],[126.97865,37.55985],[126.97874,37.56045]]}},{"type":"Feature","properties":{"class":"major","highway":"primary","sidewalk":"likely","lanes":0,"name":"통일로","oneway":true},"geometry":{"type":"LineString","coordinates":[[126.9718,37.5582],[126.97182,37.55845],[126.97182,37.5585],[126.97175,37.55881],[126.97164,37.55925],[126.97156,37.55947],[126.97152,37.55961]]}},{"type":"Feature","properties":{"class":"major","highway":"tertiary_link","sidewalk":"likely","lanes":0,"name":"","oneway":true},"geometry":{"type":"LineString","coordinates":[[126.97458,37.56002],[126.97416,37.55991],[126.97391,37.55992],[126.97385,37.55992],[126.97343,37.55999]]}},{"type":"Feature","properties":{"class":"major","highway":"secondary","sidewalk":"likely","lanes":0,"name":"칠패로","oneway":false},"geometry":{"type":"LineString","coordinates":[[126.97152,37.55961],[126.9716,37.55961],[126.97167,37.55961],[126.97191,37.55962],[126.97287,37.55971],[126.97359,37.55977],[126.9738,37.55979],[126.97386,37.55979],[126.97391,37.5598],[126.97395,37.5598],[126.97407,37.55982],[126.97418,37.55986],[126.97458,37.56002]]}},{"type":"Feature","properties":{"class":"major","highway":"primary","sidewalk":"likely","lanes":0,"name":"통일로","oneway":true},"geometry":{"type":"LineString","coordinates":[[126.97194,37.55772],[126.97191,37.55781],[126.9719,37.55784],[126.9718,37.5582]]}},{"type":"Feature","properties":{"class":"major","highway":"primary","sidewalk":"likely","lanes":0,"name":"세종대로","oneway":true},"geometry":{"type":"LineString","coordinates":[[126.97458,37.56002],[126.97453,37.55986],[126.97447,37.55962],[126.97439,37.55943],[126.97435,37.55934]]}},{"type":"Feature","properties":{"class":"minor","highway":"residential","sidewalk":"unknown","lanes":0,"name":"세종대로1길","oneway":false},"geometry":{"type":"LineString","coordinates":[[126.9718,37.5582],[126.9721,37.55827],[126.97229,37.5583],[126.97241,37.5583],[126.97252,37.55829],[126.97263,37.55827],[126.97271,37.55825],[126.97276,37.55823],[126.97312,37.55804],[126.9732,37.558]]}},{"type":"Feature","properties":{"class":"alley","highway":"service","sidewalk":"unknown","lanes":0,"name":"통일로","oneway":false},"geometry":{"type":"LineString","coordinates":[[126.9719,37.55784],[126.97245,37.55794],[126.97276,37.55823]]}},{"type":"Feature","properties":{"class":"minor","highway":"residential","sidewalk":"unknown","lanes":0,"name":"세종대로5길","oneway":false},"geometry":{"type":"LineString","coordinates":[[126.97424,37.5595],[126.97421,37.55949],[126.97311,37.55887],[126.9727,37.55866],[126.97247,37.55855],[126.97237,37.55852],[126.97227,37.5585],[126.97182,37.55845]]}},{"type":"Feature","properties":{"class":"minor","highway":"residential","sidewalk":"unknown","lanes":0,"name":"소월로","oneway":false},"geometry":{"type":"LineString","coordinates":[[126.9753,37.55762],[126.97614,37.55791]]}},{"type":"Feature","properties":{"class":"minor","highway":"residential","sidewalk":"unknown","lanes":0,"name":"","oneway":false},"geometry":{"type":"LineString","coordinates":[[126.97453,37.55931],[126.97464,37.55926]]}},{"type":"Feature","properties":{"class":"minor","highway":"residential","sidewalk":"unknown","lanes":0,"name":"세종대로2나길","oneway":false},"geometry":{"type":"LineString","coordinates":[[126.97519,37.55893],[126.97501,37.55873],[126.97459,37.55825]]}},{"type":"Feature","properties":{"class":"minor","highway":"residential","sidewalk":"unknown","lanes":0,"name":"","oneway":false},"geometry":{"type":"LineString","coordinates":[[126.97522,37.55898],[126.97519,37.55893],[126.97508,37.55871],[126.97507,37.55869],[126.97505,37.55864],[126.97504,37.55859],[126.97504,37.55851],[126.97506,37.55845],[126.97519,37.55821]]}},{"type":"Feature","properties":{"class":"alley","highway":"service","sidewalk":"unknown","lanes":0,"name":"","oneway":false},"geometry":{"type":"LineString","coordinates":[[126.97506,37.55845],[126.97515,37.55849]]}},{"type":"Feature","properties":{"class":"alley","highway":"service","sidewalk":"unknown","lanes":0,"name":"","oneway":false},"geometry":{"type":"LineString","coordinates":[[126.97547,37.55866],[126.97564,37.55874]]}},{"type":"Feature","properties":{"class":"minor","highway":"residential","sidewalk":"unknown","lanes":0,"name":"세종대로2가길","oneway":false},"geometry":{"type":"LineString","coordinates":[[126.97488,37.55803],[126.97519,37.55821],[126.97529,37.55827],[126.97537,37.55821],[126.97548,37.55813],[126.97572,37.55825],[126.97577,37.55827],[126.976,37.55839]]}},{"type":"Feature","properties":{"class":"major","highway":"secondary","sidewalk":"likely","lanes":0,"name":"소월로","oneway":true},"geometry":{"type":"LineString","coordinates":[[126.9764,37.55765],[126.97632,37.55785],[126.97626,37.55799],[126.97608,37.55842],[126.97606,37.55845],[126.97603,37.55851],[126.976,37.55863],[126.97586,37.55894],[126.97582,37.55902],[126.9758,37.55911],[126.97579,37.5592],[126.97578,37.55926],[126.97578,37.55965],[126.97578,37.55978],[126.97578,37.55986],[126.9758,37.56008],[126.97581,37.56019],[126.97581,37.56023],[126.97582,37.56032],[126.97581,37.56042]]}},{"type":"Feature","properties":{"class":"major","highway":"primary","sidewalk":"likely","lanes":0,"name":"퇴계로","oneway":true},"geometry":{"type":"LineString","coordinates":[[126.97821,37.5584],[126.97834,37.55854],[126.97867,37.55885],[126.97875,37.55892],[126.97891,37.55903],[126.97923,37.55918],[126.97933,37.55922],[126.97982,37.55936],[126.97991,37.55938]]}},{"type":"Feature","properties":{"class":"major","highway":"primary","sidewalk":"likely","lanes":0,"name":"퇴계로","oneway":true},"geometry":{"type":"LineString","coordinates":[[126.97987,37.55949],[126.97914,37.55931],[126.97882,37.55916],[126.97866,37.55906],[126.9784,37.55886],[126.97821,37.55866],[126.97789,37.55834]]}},{"type":"Feature","properties":{"class":"minor","highway":"residential","sidewalk":"unknown","lanes":0,"name":"세종대로2나길","oneway":false},"geometry":{"type":"LineString","coordinates":[[126.97522,37.55898],[126.97553,37.55903],[126.97573,37.55905]]}},{"type":"Feature","properties":{"class":"alley","highway":"service","sidewalk":"unknown","lanes":0,"name":"남대문시장4길","oneway":false},"geometry":{"type":"LineString","coordinates":[[126.97586,37.55894],[126.97603,37.55893],[126.9765,37.55893],[126.97724,37.55891]]}},{"type":"Feature","properties":{"class":"alley","highway":"service","sidewalk":"unknown","lanes":0,"name":"남대문시장2길","oneway":true},"geometry":{"type":"LineString","coordinates":[[126.97652,37.55949],[126.9765,37.55893]]}},{"type":"Feature","properties":{"class":"alley","highway":"service","sidewalk":"unknown","lanes":0,"name":"남대문시장2길","oneway":false},"geometry":{"type":"LineString","coordinates":[[126.97652,37.55949],[126.97656,37.56003]]}},{"type":"Feature","properties":{"class":"major","highway":"secondary_link","sidewalk":"likely","lanes":0,"name":"","oneway":true},"geometry":{"type":"LineString","coordinates":[[126.97164,37.55925],[126.97166,37.55933],[126.9717,37.5594],[126.97175,37.55947],[126.97181,37.55954],[126.97191,37.55962]]}},{"type":"Feature","properties":{"class":"minor","highway":"residential","sidewalk":"unknown","lanes":0,"name":"남대문시장10길","oneway":true},"geometry":{"type":"LineString","coordinates":[[126.98002,37.5601],[126.9799,37.55961],[126.97988,37.55949]]}},{"type":"Feature","properties":{"class":"minor","highway":"residential","sidewalk":"unknown","lanes":0,"name":"","oneway":false},"geometry":{"type":"LineString","coordinates":[[126.97987,37.55949],[126.97991,37.55938]]}},{"type":"Feature","properties":{"class":"major","highway":"primary","sidewalk":"likely","lanes":0,"name":"퇴계로","oneway":true},"geometry":{"type":"LineString","coordinates":[[126.97991,37.55938],[126.98085,37.55967],[126.98093,37.5597],[126.98109,37.55975],[126.98122,37.55982]]}},{"type":"Feature","properties":{"class":"minor","highway":"residential","sidewalk":"unknown","lanes":0,"name":"","oneway":false},"geometry":{"type":"LineString","coordinates":[[126.97819,37.55806],[126.97873,37.55817],[126.97877,37.55835],[126.97893,37.55866],[126.97936,37.55888],[126.9794,37.55899],[126.97933,37.55922]]}},{"type":"Feature","properties":{"class":"minor","highway":"residential","sidewalk":"unknown","lanes":0,"name":"","oneway":false},"geometry":{"type":"LineString","coordinates":[[126.97893,37.55866],[126.97867,37.55885]]}},{"type":"Feature","properties":{"class":"alley","highway":"service","sidewalk":"unknown","lanes":0,"name":"","oneway":false},"geometry":{"type":"LineString","coordinates":[[126.97943,37.55785],[126.97972,37.55787],[126.97973,37.5579]]}}]}