{"type":"FeatureCollection","features":[{"type":"Feature","properties":{"class":"minor","highway":"residential","sidewalk":"unknown","lanes":0,"name":"방울내로7길","oneway":false},"geometry":{"type":"LineString","coordinates":[[126.90272,37.55996],[126.90214,37.56079],[126.90197,37.56102],[126.90194,37.56106],[126.9017,37.56139],[126.90159,37.56155],[126.90152,37.56166],[126.90143,37.56178],[126.90126,37.56202]]}},{"type":"Feature","properties":{"class":"minor","highway":"residential","sidewalk":"unknown","lanes":1,"name":"방울내로5길","oneway":true},"geometry":{"type":"LineString","coordinates":[[126.90004,37.56153],[126.90015,37.56138],[126.90052,37.56086],[126.90095,37.56025],[126.90154,37.55942]]}},{"type":"Feature","properties":{"class":"minor","highway":"residential","sidewalk":"unknown","lanes":0,"name":"방울내로9길","oneway":false},"geometry":{"type":"LineString","coordinates":[[126.90258,37.56241],[126.9028,37.5621],[126.90292,37.56194],[126.90301,37.56181],[126.90334,37.56133],[126.90353,37.56107],[126.90356,37.56103],[126.90363,37.56093],[126.9037,37.56083],[126.90394,37.5605]]}},{"type":"Feature","properties":{"class":"minor","highway":"residential","sidewalk":"unknown","lanes":0,"name":"방울내로11길","oneway":true},"geometry":{"type":"LineString","coordinates":[[126.90482,37.5609],[126.90461,37.56113],[126.90434,37.56143],[126.90411,37.56168],[126.90398,37.56183],[126.90392,37.5619],[126.90387,37.56195],[126.90375,37.56208],[126.90359,37.56227],[126.90327,37.56261],[126.90258,37.56241],[126.90126,37.56202],[126.90004,37.56153],[126.89909,37.56115],[126.89883,37.56105],[126.89845,37.56091],[126.89809,37.56078],[126.89779,37.56064],[126.89748,37.56049],[126.8972,37.56035],[126.89684,37.56019],[126.89635,37.55988],[126.89626,37.5593],[126.89627,37.55922]]}},{"type":"Feature","properties":{"class":"minor","highway":"residential","sidewalk":"unknown","lanes":0,"name":"월드컵로31길","oneway":false},"geometry":{"type":"LineString","coordinates":[[126.90468,37.56201],[126.90411,37.56168],[126.90362,37.56146],[126.90334,37.56133],[126.90272,37.56105],[126.90269,37.56104],[126.90245,37.56093],[126.90214,37.56079],[126.90138,37.56044],[126.90095,37.56025],[126.90041,37.56002],[126.9002,37.55992],[126.89976,37.55973],[126.89916,37.55946],[126.89889,37.55934],[126.89816,37.55901]]}},{"type":"Feature","properties":{"class":"minor","highway":"residential","sidewalk":"unknown","lanes":0,"name":"방울내로9안길","oneway":true},"geometry":{"type":"LineString","coordinates":[[126.90292,37.56194],[126.90247,37.56174],[126.90216,37.5616],[126.9017,37.56139],[126.90139,37.56125],[126.90105,37.5611],[126.90078,37.56098],[126.90052,37.56086],[126.8996,37.56045],[126.89933,37.56033],[126.89863,37.56001],[126.89834,37.55988],[126.89804,37.55975],[126.89774,37.55961]]}},{"type":"Feature","properties":{"class":"minor","highway":"residential","sidewalk":"unknown","lanes":0,"name":"망원로11길","oneway":false},"geometry":{"type":"LineString","coordinates":[[126.90754,37.5579],[126.90752,37.55793],[126.90712,37.55836],[126.90654,37.55899],[126.90614,37.55944],[126.90598,37.55962],[126.90594,37.55966],[126.90576,37.55985],[126.90562,37.55998],[126.90546,37.56019],[126.90529,37.56038],[126.90514,37.56054],[126.90482,37.5609]]}},{"type":"Feature","properties":{"class":"minor","highway":"residential","sidewalk":"unknown","lanes":0,"name":"망원로7길","oneway":false},"geometry":{"type":"LineString","coordinates":[[126.90573,37.55752],[126.90572,37.55755],[126.90567,37.55773],[126.90557,37.55804],[126.90545,37.55837],[126.90544,37.55839],[126.90534,37.55853],[126.90533,37.55854],[126.90523,37.55869],[126.9051,37.55886],[126.90493,37.5591],[126.90484,37.55923],[126.90478,37.55932],[126.90469,37.55944],[126.90454,37.55966],[126.90425,37.56006],[126.90394,37.5605]]}},{"type":"Feature","properties":{"class":"minor","highway":"residential","sidewalk":"unknown","lanes":0,"name":"월드컵로29길","oneway":true},"geometry":{"type":"LineString","coordinates":[[126.90602,37.56052],[126.90546,37.56019],[126.90504,37.55995],[126.90479,37.5598],[126.90454,37.55966],[126.90426,37.55953],[126.90405,37.55944],[126.90393,37.55938],[126.90369,37.55928],[126.90332,37.55911],[126.90307,37.559],[126.90214,37.55857],[126.9016,37.55833],[126.90129,37.5582],[126.90096,37.55805],[126.90042,37.55781],[126.90023,37.55772],[126.89974,37.55751]]}},{"type":"Feature","properties":{"class":"alley","highway":"service","sidewalk":"unknown","lanes":0,"name":"월드컵로31길","oneway":false},"geometry":{"type":"LineString","coordinates":[[126.90362,37.56146],[126.90329,37.56193],[126.90301,37.56181]]}},{"type":"Feature","properties":{"class":"major","highway":"secondary","sidewalk":"likely","lanes":0,"name":"거북골로","oneway":false},"geometry":{"type":"LineString","coordinates":[[126.91423,37.57527],[126.91458,37.57526],[126.91609,37.57522],[126.91632,37.5752],[126.9165,37.57517],[126.91668,37.57514],[126.91696,37.57509],[126.91709,37.57507],[126.91728,37.57502],[126.91746,37.57497],[126.9177,37.57487]]}},{"type":"Feature","properties":{"class":"major","highway":"primary","sidewalk":"likely","lanes":4,"name":"월드컵로","oneway":true},"geometry":{"type":"LineString","coordinates":[[126.90364,37.56318],[126.90375,37.56306],[126.90381,37.56299]]}},{"type":"Feature","properties":{"class":"minor","highway":"residential","sidewalk":"unknown","lanes":0,"name":"수색로6길","oneway":false},"geometry":{"type":"LineString","coordinates":[[126.91401,37.57166],[126.9139,37.57174],[126.91381,37.57182],[126.91376,37.57199],[126.91361,37.57253],[126.91347,37.57298]]}},{"type":"Feature","properties":{"class":"major","highway":"tertiary","sidewalk":"likely","lanes":2,"name":"성중길","oneway":false},"geometry":{"type":"LineString","coordinates":[[126.90007,37.56595],[126.90008,37.56638],[126.90012,37.56696],[126.90014,37.56731],[126.90022,37.56877],[126.90025,37.56928],[126.90025,37.56938],[126.90026,37.5695],[126.90029,37.5701],[126.9004,37.57209],[126.90041,37.5722],[126.90041,37.57231]]}},{"type":"Feature","properties":{"class":"major","highway":"secondary","sidewalk":"likely","lanes":0,"name":"모래내로","oneway":false},"geometry":{"type":"LineString","coordinates":[[126.90323,37.56378],[126.90333,37.56381],[126.9045,37.56412],[126.9058,37.56445],[126.90634,37.56457],[126.90715,37.56476],[126.90731,37.5648],[126.90759,37.56486],[126.90872,37.56504],[126.90959,37.56533],[126.9106,37.56567],[126.91092,37.56579],[126.91121,37.56587],[126.91126,37.56588]]}},{"type":"Feature","properties":{"class":"major","highway":"secondary","sidewalk":"likely","lanes":0,"name":"성암로","oneway":false},"geometry":{"type":"LineString","coordinates":[[126.91595,37.56776],[126.91564,37.5679]]}},{"type":"Feature","properties":{"class":"major","highway":"secondary","sidewalk":"likely","lanes":0,"name":"월드컵로36길","oneway":false},"geometry":{"type":"LineString","coordinates":[[126.90134,37.56545],[126.90233,37.56572],[126.90258,37.56593],[126.90311,37.56637],[126.90337,37.56659],[126.90392,37.56704],[126.90441,37.56745],[126.90486,37.56782],[126.90523,37.56814],[126.9053,37.56819],[126.90541,37.56828],[126.90564,37.56848],[126.90577,37.56858],[126.90593,37.56872],[126.906,37.56881]]}},{"type":"Feature","properties":{"class":"major","highway":"secondary","sidewalk":"likely","lanes":0,"name":"성암로","oneway":false},"geometry":{"type":"LineString","coordinates":[[126.90078,37.57542],[126.90021,37.57578]]}},{"type":"Feature","properties":{"class":"minor","highway":"residential","sidewalk":"unknown","lanes":0,"name":"동교로19길","oneway":false},"geometry":{"type":"LineString","coordinates":[[126.91588,37.56004],[126.91591,37.55999],[126.91617,37.55948],[126.91632,37.55918],[126.91644,37.55895],[126.91647,37.55884],[126.91653,37.55869],[126.91669,37.55837],[126.9168,37.55826],[126.9169,37.55804]]}},{"type":"Feature","properties":{"class":"minor","highway":"residential","sidewalk":"unknown","lanes":0,"name":"동교로23길","oneway":true},"geometry":{"type":"LineString","coordinates":[[126.91686,37.56063],[126.91691,37.56059],[126.91718,37.56028],[126.91744,37.56001],[126.91746,37.55994],[126.91797,37.5594],[126.91821,37.55912],[126.91822,37.55908],[126.9183,37.559],[126.91836,37.55898],[126.9185,37.55882],[126.91855,37.55877],[126.91873,37.55857],[126.91934,37.55791],[126.9199,37.55742],[126.92049,37.55692],[126.92127,37.55624]]}},{"type":"Feature","properties":{"class":"minor","highway":"residential","sidewalk":"unknown","lanes":0,"name":"동교로25길","oneway":true},"geometry":{"type":"LineString","coordinates":[[126.9224,37.55731],[126.92216,37.55745],[126.92149,37.55789],[126.92134,37.55802],[126.9212,37.55815],[126.9211,37.55824],[126.92097,37.55836],[126.92057,37.55875],[126.92017,37.55917],[126.92001,37.55933],[126.91975,37.55961],[126.9195,37.55987],[126.91916,37.56024],[126.91913,37.56024],[126.91872,37.56024]]}},{"type":"Feature","properties":{"class":"minor","highway":"residential","sidewalk":"unknown","lanes":0,"name":"동교로27길","oneway":true},"geometry":{"type":"LineString","coordinates":[[126.91934,37.5621],[126.91978,37.56162],[126.92004,37.56135],[126.92035,37.56101],[126.92073,37.56061],[126.92092,37.56041],[126.92124,37.56007],[126.92147,37.55983],[126.92174,37.55955],[126.92209,37.55928],[126.92231,37.55911],[126.92256,37.55893],[126.92283,37.55872],[126.92298,37.55861],[126.92308,37.55854],[126.92338,37.55839]]}},{"type":"Feature","properties":{"class":"alley","highway":"service","sidewalk":"unknown","lanes":0,"name":"월드컵북로","oneway":false},"geometry":{"type":"LineString","coordinates":[[126.91744,37.56001],[126.91708,37.55939]]}},{"type":"Feature","properties":{"class":"minor","highway":"residential","sidewalk":"unknown","lanes":0,"name":"월드컵북로8길","oneway":false},"geometry":{"type":"LineString","coordinates":[[126.91783,37.55858],[126.91798,37.55864],[126.91836,37.55898],[126.91847,37.55915],[126.91855,37.55931],[126.91856,37.55937],[126.91858,37.55945],[126.91863,37.55974],[126.91866,37.55981],[126.91869,37.56016],[126.91872,37.56024],[126.91872,37.56035],[126.91874,37.56044],[126.91873,37.56057],[126.91873,37.56065],[126.91875,37.5609],[126.91877,37.56114],[126.91877,37.56128],[126.91877,37.56132],[126.91869,37.56165],[126.91867,37.56171]]}},{"type":"Feature","properties":{"class":"major","highway":"primary","sidewalk":"likely","lanes":0,"name":"성산로","oneway":true},"geometry":{"type":"LineString","coordinates":[[126.90262,37.56265],[126.90246,37.56261],[126.90182,37.56247]]}},{"type":"Feature","properties":{"class":"major","highway":"primary","sidewalk":"likely","lanes":0,"name":"성산로","oneway":true},"geometry":{"type":"LineString","coordinates":[[126.89801,37.56089],[126.89852,37.5611],[126.90116,37.56215],[126.90178,37.56233],[126.9025,37.56252],[126.90387,37.56292]]}},{"type":"Feature","properties":{"class":"major","highway":"trunk_link","sidewalk":"likely","lanes":0,"name":"","oneway":true},"geometry":{"type":"LineString","coordinates":[[126.92157,37.57182],[126.92084,37.57138],[126.92072,37.5713],[126.92046,37.57118],[126.92013,37.57109],[126.91988,37.57097],[126.91904,37.57034]]}},{"type":"Feature","properties":{"class":"major","highway":"trunk_link","sidewalk":"likely","lanes":0,"name":"","oneway":true},"geometry":{"type":"LineString","coordinates":[[126.89852,37.5611],[126.8991,37.5614],[126.90049,37.56198]]}},{"type":"Feature","properties":{"class":"major","highway":"secondary","sidewalk":"likely","lanes":0,"name":"모래내로","oneway":false},"geometry":{"type":"LineString","coordinates":[[126.91571,37.56767],[126.91601,37.56794],[126.91623,37.56824],[126.91632,37.56836],[126.91647,37.56849],[126.91655,37.56855],[126.9167,37.56866]]}},{"type":"Feature","properties":{"class":"major","highway":"trunk_link","sidewalk":"likely","lanes":0,"name":"","oneway":true},"geometry":{"type":"LineString","coordinates":[[126.90988,37.56513],[126.90923,37.56505],[126.90823,37.56479],[126.90775,37.56471],[126.90642,37.56442]]}},{"type":"Feature","properties":{"class":"major","highway":"trunk_link","sidewalk":"likely","lanes":0,"name":"","oneway":true},"geometry":{"type":"LineString","coordinates":[[126.90049,37.56198],[126.90098,37.56217],[126.90117,37.5623],[126.90145,37.56253],[126.90161,37.56263],[126.90175,37.56268],[126.90246,37.56296],[126.90309,37.56318]]}},{"type":"Feature","properties":{"class":"major","highway":"primary","sidewalk":"likely","lanes":0,"name":"성산로","oneway":true},"geometry":{"type":"LineString","coordinates":[[126.90381,37.56299],[126.90368,37.56295],[126.90262,37.56265]]}},{"type":"Feature","properties":{"class":"major","highway":"primary","sidewalk":"likely","lanes":0,"name":"성산로","oneway":true},"geometry":{"type":"LineString","coordinates":[[126.91171,37.56532],[126.91163,37.56529],[126.91116,37.56516],[126.91081,37.56505],[126.90997,37.56483],[126.90927,37.56466],[126.90782,37.56426],[126.90741,37.56415],[126.90723,37.56409],[126.90706,37.56404],[126.90656,37.56386],[126.90603,37.56368],[126.90529,37.56343],[126.90432,37.56315]]}},{"type":"Feature","properties":{"class":"major","highway":"primary","sidewalk":"likely","lanes":0,"name":"모래내고가도로","oneway":true},"geometry":{"type":"LineString","coordinates":[[126.92192,37.56665],[126.92086,37.56683],[126.92039,37.56692],[126.91989,37.56704]]}},{"type":"Feature","properties":{"class":"major","highway":"secondary","sidewalk":"likely","lanes":0,"name":"모래내로","oneway":false},"geometry":{"type":"LineString","coordinates":[[126.92285,37.57329],[126.9218,37.57245],[126.92148,37.5722],[126.9199,37.57102],[126.91962,37.57083],[126.9195,37.57074],[126.91853,37.57],[126.91824,37.5698],[126.91806,37.5696],[126.91789,37.56947],[126.91783,37.56942]]}},{"type":"Feature","properties":{"class":"major","highway":"primary","sidewalk":"likely","lanes":0,"name":"수색로","oneway":true},"geometry":{"type":"LineString","coordinates":[[126.92192,37.56665],[126.92161,37.56674],[126.92135,37.56679],[126.92064,37.56691],[126.92022,37.56701],[126.91986,37.5671],[126.91922,37.56732],[126.91899,37.5674],[126.91884,37.56746],[126.91868,37.56753],[126.91816,37.56773],[126.9181,37.56776],[126.91795,37.56785]]}},{"type":"Feature","properties":{"class":"major","highway":"secondary","sidewalk":"likely","lanes":0,"name":"거북골로","oneway":false},"geometry":{"type":"LineString","coordinates":[[126.91423,37.57527],[126.91359,37.57528],[126.91318,37.57535],[126.91284,37.57548],[126.91258,37.57558],[126.91235,37.57572],[126.91136,37.57658],[126.91127,37.57665],[126.91048,37.57728],[126.91016,37.57753],[126.90968,37.57787]]}},{"type":"Feature","properties":{"class":"major","highway":"secondary","sidewalk":"likely","lanes":0,"name":"응암로","oneway":false},"geometry":{"type":"LineString","coordinates":[[126.90968,37.57787],[126.90936,37.57754],[126.90926,37.57744],[126.90909,37.57727],[126.90899,37.57716],[126.90881,37.57697],[126.90862,37.57678],[126.90858,37.57675],[126.90809,37.57625],[126.90807,37.57624],[126.90741,37.5756],[126.90727,37.57547],[126.90719,37.57541],[126.90708,37.5753],[126.90683,37.57506],[126.90606,37.57433],[126.90597,37.57425]]}},{"type":"Feature","properties":{"class":"major","highway":"tertiary","sidewalk":"likely","lanes":0,"name":"거북골로","oneway":false},"geometry":{"type":"LineString","coordinates":[[126.90968,37.57787],[126.90921,37.57819],[126.90879,37.57848],[126.90812,37.57894],[126.90794,37.57906],[126.90767,37.57923],[126.90751,37.57934],[126.9074,37.57942],[126.9071,37.57961],[126.90694,37.57972],[126.90665,37.57991]]}},{"type":"Feature","properties":{"class":"major","highway":"secondary","sidewalk":"likely","lanes":0,"name":"응암로","oneway":false},"geometry":{"type":"LineString","coordinates":[[126.91205,37.58084],[126.91144,37.58006],[126.91077,37.5792],[126.90968,37.57787]]}},{"type":"Feature","properties":{"class":"major","highway":"primary","sidewalk":"likely","lanes":0,"name":"수색로","oneway":true},"geometry":{"type":"LineString","coordinates":[[126.90278,37.57718],[126.90328,37.5767]]}},{"type":"Feature","properties":{"class":"minor","highway":"residential","sidewalk":"unknown","lanes":0,"name":"성미산로2길","oneway":false},"geometry":{"type":"LineString","coordinates":[[126.90617,37.56345],[126.90627,37.56327],[126.90627,37.56325],[126.90634,37.56313],[126.90648,37.56288]]}},{"type":"Feature","properties":{"class":"minor","highway":"residential","sidewalk":"unknown","lanes":0,"name":"성산로4길","oneway":false},"geometry":{"type":"LineString","coordinates":[[126.91084,37.56435],[126.91041,37.56433],[126.91016,37.56419],[126.9094,37.5638],[126.90932,37.56376],[126.90924,37.56358],[126.90918,37.56346],[126.90911,37.56343],[126.90837,37.56325],[126.90825,37.56322],[126.90813,37.56319],[126.90788,37.56313],[126.90785,37.56313],[126.90783,37.56313],[126.90781,37.56314],[126.9078,37.56315],[126.90768,37.56335],[126.90753,37.56359],[126.90747,37.56369],[126.90734,37.56391],[126.90731,37.56396],[126.90728,37.56401]]}},{"type":"Feature","properties":{"class":"minor","highway":"residential","sidewalk":"unknown","lanes":0,"name":"월드컵로32길","oneway":false},"geometry":{"type":"LineString","coordinates":[[126.90479,37.56207],[126.9052,37.5623],[126.90536,37.56237],[126.90601,37.56267],[126.90603,37.56267],[126.90648,37.56288],[126.90669,37.56296],[126.90698,37.56308],[126.90725,37.56318],[126.90726,37.56319],[126.90768,37.56335]]}},{"type":"Feature","properties":{"class":"minor","highway":"residential","sidewalk":"unknown","lanes":0,"name":"성미산로3길","oneway":false},"geometry":{"type":"LineString","coordinates":[[126.90955,37.55832],[126.90954,37.55834],[126.90926,37.55919],[126.90914,37.55957],[126.90946,37.55995],[126.90974,37.5603],[126.90976,37.56035]]}},{"type":"Feature","properties":{"class":"minor","highway":"residential","sidewalk":"unknown","lanes":0,"name":"성미산로1길","oneway":false},"geometry":{"type":"LineString","coordinates":[[126.90554,37.56192],[126.90579,37.56203],[126.90603,37.56214],[126.90642,37.56231],[126.90672,37.56245]]}},{"type":"Feature","properties":{"class":"minor","highway":"residential","sidewalk":"unknown","lanes":0,"name":"성미산로5길","oneway":false},"geometry":{"type":"LineString","coordinates":[[126.90691,37.5604],[126.90718,37.56056],[126.9074,37.56069],[126.90795,37.56101],[126.908,37.561],[126.90824,37.56095],[126.90838,37.56093],[126.90841,37.56092],[126.90868,37.56088],[126.90893,37.56083],[126.90907,37.56075],[126.90941,37.56055],[126.90976,37.56035],[126.91008,37.56013],[126.91031,37.55997],[126.91049,37.55941],[126.91076,37.55861],[126.91077,37.55857]]}},{"type":"Feature","properties":{"class":"minor","highway":"residential","sidewalk":"unknown","lanes":0,"name":"월드컵로28길","oneway":false},"geometry":{"type":"LineString","coordinates":[[126.90721,37.55938],[126.90762,37.55961],[126.90795,37.55974],[126.90809,37.5598],[126.90819,37.5602],[126.90838,37.56093]]}},{"type":"Feature","properties":{"class":"minor","highway":"residential","sidewalk":"unknown","lanes":0,"name":"성미산로13길","oneway":true},"geometry":{"type":"LineString","coordinates":[[126.91737,37.56093],[126.91732,37.56098],[126.91701,37.56134],[126.91698,37.5615],[126.91678,37.56183],[126.91677,37.56184],[126.91681,37.56208],[126.9169,37.5624],[126.91689,37.56243],[126.91686,37.56282],[126.91676,37.56301],[126.91674,37.56311],[126.91671,37.56331],[126.91669,37.56346],[126.91656,37.5637],[126.91648,37.5639],[126.91631,37.56411]]}},{"type":"Feature","properties":{"class":"minor","highway":"residential","sidewalk":"unknown","lanes":0,"name":"월드컵북로20길","oneway":false},"geometry":{"type":"LineString","coordinates":[[126.91378,37.56402],[126.9144,37.56437],[126.91514,37.56446],[126.91574,37.56453]]}},{"type":"Feature","properties":{"class":"minor","highway":"residential","sidewalk":"unknown","lanes":0,"name":"월드컵북로12길","oneway":false},"geometry":{"type":"LineString","coordinates":[[126.91584,37.56079],[126.91584,37.56104],[126.91567,37.56194]]}},{"type":"Feature","properties":{"class":"minor","highway":"residential","sidewalk":"unknown","lanes":0,"name":"성미산로11길","oneway":true},"geometry":{"type":"LineString","coordinates":[[126.91541,37.56612],[126.91548,37.56583],[126.91549,37.56577],[126.91554,37.56553],[126.91555,37.56546],[126.91562,37.56515],[126.91568,37.56481],[126.91574,37.56453],[126.91583,37.56405],[126.91604,37.56302],[126.91616,37.56241],[126.91624,37.56201],[126.91642,37.56111],[126.91682,37.56068],[126.91684,37.56066],[126.91686,37.56063]]}},{"type":"Feature","properties":{"class":"minor","highway":"residential","sidewalk":"unknown","lanes":0,"name":"성미산로19길","oneway":true},"geometry":{"type":"LineString","coordinates":[[126.91752,37.56705],[126.91753,37.56698],[126.91755,37.56677],[126.91767,37.56579],[126.91772,37.56543],[126.91788,37.56414],[126.918,37.56386],[126.91809,37.56365],[126.91827,37.56322],[126.91837,37.56284],[126.91852,37.56223],[126.91865,37.56177],[126.91867,37.56171]]}},{"type":"Feature","properties":{"class":"alley","highway":"service","sidewalk":"unknown","lanes":0,"name":"성미산로19길","oneway":false},"geometry":{"type":"LineString","coordinates":[[126.91837,37.56284],[126.91823,37.56282],[126.91789,37.56293]]}},{"type":"Feature","properties":{"class":"minor","highway":"residential","sidewalk":"unknown","lanes":0,"name":"월드컵북로16길","oneway":false},"geometry":{"type":"LineString","coordinates":[[126.91482,37.56287],[126.91546,37.56295],[126.91581,37.563],[126.91604,37.56302],[126.91674,37.56311],[126.91681,37.56311],[126.91722,37.56314],[126.91776,37.56318],[126.91827,37.56322]]}},{"type":"Feature","properties":{"class":"minor","highway":"residential","sidewalk":"unknown","lanes":0,"name":"연남로13길","oneway":false},"geometry":{"type":"LineString","coordinates":[[126.91259,37.56534],[126.91324,37.56551],[126.91412,37.56576],[126.91485,37.56596],[126.91541,37.56612],[126.91566,37.5662],[126.91604,37.56637],[126.91631,37.5665],[126.9165,37.56664]]}},{"type":"Feature","properties":{"class":"minor","highway":"residential","sidewalk":"unknown","lanes":0,"name":"월드컵북로20안길","oneway":false},"geometry":{"type":"LineString","coordinates":[[126.9144,37.56437],[126.9143,37.56487],[126.9142,37.56538],[126.91412,37.56576]]}},{"type":"Feature","properties":{"class":"minor","highway":"residential","sidewalk":"unknown","lanes":0,"name":"연남로5길","oneway":true},"geometry":{"type":"LineString","coordinates":[[126.92181,37.56241],[126.92148,37.56221],[126.92117,37.56203],[126.92084,37.56183],[126.92058,37.56168],[126.92033,37.56153],[126.92004,37.56135],[126.91954,37.56104],[126.9193,37.5609],[126.91921,37.56085],[126.91886,37.56064],[126.91873,37.56057]]}},{"type":"Feature","properties":{"class":"minor","highway":"residential","sidewalk":"unknown","lanes":0,"name":"연남로11길","oneway":true},"geometry":{"type":"LineString","coordinates":[[126.91895,37.56591],[126.91853,37.56566],[126.91824,37.56549],[126.91797,37.56546],[126.91772,37.56543],[126.91729,37.56536],[126.91669,37.56529],[126.91615,37.56523],[126.91562,37.56515],[126.91532,37.56512],[126.91502,37.56508]]}},{"type":"Feature","properties":{"class":"minor","highway":"residential","sidewalk":"unknown","lanes":0,"name":"연남로9길","oneway":false},"geometry":{"type":"LineString","coordinates":[[126.9195,37.56396],[126.91886,37.56473]]}},{"type":"Feature","properties":{"class":"minor","highway":"residential","sidewalk":"unknown","lanes":0,"name":"월드컵북로12안길","oneway":true},"geometry":{"type":"LineString","coordinates":[[126.91259,37.56534],[126.91311,37.56476],[126.91345,37.56439],[126.91378,37.56402],[126.91397,37.56381],[126.91441,37.56333],[126.91482,37.56287],[126.91567,37.56194]]}},{"type":"Feature","properties":{"class":"minor","highway":"residential","sidewalk":"unknown","lanes":0,"name":"성미산로17길","oneway":false},"geometry":{"type":"LineString","coordinates":[[126.91838,37.56153],[126.91835,37.5616],[126.91828,37.56177],[126.91819,37.56194],[126.91809,37.56222],[126.9181,37.56225],[126.91806,37.56235],[126.91801,37.56246],[126.91795,37.56261],[126.91789,37.56283],[126.91788,37.56287],[126.91789,37.56293],[126.91768,37.56298],[126.91776,37.56318],[126.91777,37.56332],[126.91769,37.56356],[126.91762,37.5638],[126.9176,37.56395],[126.9175,37.56425],[126.91745,37.56447],[126.91737,37.56496],[126.91733,37.56516],[126.91729,37.56536],[126.91725,37.56547],[126.91715,37.56581],[126.91705,37.56616],[126.917,37.56646],[126.91699,37.5665],[126.91697,37.56666],[126.91695,37.567]]}},{"type":"Feature","properties":{"class":"minor","highway":"residential","sidewalk":"unknown","lanes":0,"name":"성미산로15길","oneway":false},"geometry":{"type":"LineString","coordinates":[[126.91705,37.56616],[126.91647,37.56612],[126.91648,37.56597],[126.9165,37.56579],[126.91652,37.56566],[126.91666,37.56543],[126.91668,37.56539],[126.91669,37.56529],[126.91673,37.5651],[126.91676,37.56497],[126.91681,37.56489],[126.91687,37.56464],[126.91692,37.56443],[126.91692,37.56441],[126.91697,37.5642],[126.91703,37.56393],[126.91704,37.56389],[126.91709,37.56355],[126.91722,37.56314],[126.91726,37.56303],[126.9173,37.56287],[126.91747,37.56215],[126.91753,37.56201],[126.91757,37.56189],[126.91758,37.56186],[126.91769,37.56152],[126.91778,37.56125],[126.9178,37.5612]]}},{"type":"Feature","properties":{"class":"alley","highway":"service","sidewalk":"unknown","lanes":0,"name":"연남로3길","oneway":false},"geometry":{"type":"LineString","coordinates":[[126.91954,37.56104],[126.92023,37.56031]]}},{"type":"Feature","properties":{"class":"minor","highway":"residential","sidewalk":"unknown","lanes":0,"name":"성미산로13길","oneway":true},"geometry":{"type":"LineString","coordinates":[[126.91631,37.56411],[126.91628,37.56432],[126.91625,37.56457],[126.91618,37.56502],[126.91615,37.56523],[126.91614,37.56592],[126.91604,37.56637]]}},{"type":"Feature","properties":{"class":"major","highway":"secondary","sidewalk":"likely","lanes":0,"name":"모래내로15길","oneway":false},"geometry":{"type":"LineString","coordinates":[[126.92164,37.57209],[126.92156,37.57214],[126.92148,37.5722],[126.9211,37.57251],[126.92072,37.57282],[126.92033,37.57313],[126.91971,37.57361],[126.91961,37.57369],[126.91935,37.57391]]}},{"type":"Feature","properties":{"class":"major","highway":"tertiary","sidewalk":"likely","lanes":0,"name":"홍제천로","oneway":false},"geometry":{"type":"LineString","coordinates":[[126.91684,37.56739],[126.91702,37.56762],[126.91703,37.56764],[126.91708,37.56771],[126.91724,37.56791],[126.91762,37.5683],[126.91806,37.56864],[126.91815,37.56871]]}},{"type":"Feature","properties":{"class":"major","highway":"secondary","sidewalk":"likely","lanes":0,"name":"증가로","oneway":false},"geometry":{"type":"LineString","coordinates":[[126.9261,37.57579],[126.92574,37.57612],[126.92555,37.57629],[126.92543,37.57639],[126.92537,37.57644],[126.92533,37.57648],[126.92512,37.57666],[126.92475,37.57695],[126.92468,37.57699],[126.92458,37.57706],[126.92444,37.57713],[126.92417,37.57726],[126.92397,37.57731],[126.92373,37.57736],[126.9235,37.5774],[126.92312,37.57745],[126.92281,37.57749],[126.92235,37.57753],[126.92184,37.57759],[126.92164,37.57761],[126.92129,37.57766],[126.92072,37.57772],[126.92058,37.57774],[126.92038,37.57778],[126.92021,37.57782],[126.92018,37.57783],[126.92001,37.57787],[126.91985,37.57793],[126.91951,37.57809],[126.91912,37.57829],[126.91892,37.57839],[126.91889,37.57841],[126.91806,37.57887],[126.91791,37.57892],[126.91772,37.57903]]}},{"type":"Feature","properties":{"class":"major","highway":"primary","sidewalk":"likely","lanes":0,"name":"모래내고가도로","oneway":true},"geometry":{"type":"LineString","coordinates":[[126.91989,37.56704],[126.9193,37.56722],[126.91905,37.56731],[126.91868,37.56743],[126.91851,37.56748],[126.91837,37.56751],[126.91821,37.56753],[126.91805,37.56754],[126.91792,37.56755],[126.91778,37.56755],[126.91765,37.56754],[126.91756,37.56753],[126.91744,37.56751],[126.91735,37.5675],[126.91726,37.56748],[126.91713,37.56745],[126.91703,37.56742],[126.91683,37.56734],[126.91652,37.56719],[126.91584,37.56676],[126.91541,37.56653],[126.91516,37.56641],[126.91494,37.56631]]}},{"type":"Feature","properties":{"class":"major","highway":"primary","sidewalk":"likely","lanes":0,"name":"성산로","oneway":true},"geometry":{"type":"LineString","coordinates":[[126.91415,37.56604],[126.91339,37.56581],[126.91231,37.56549],[126.91171,37.56532]]}},{"type":"Feature","properties":{"class":"major","highway":"primary","sidewalk":"likely","lanes":0,"name":"수색로","oneway":true},"geometry":{"type":"LineString","coordinates":[[126.9175,37.56807],[126.91664,37.5685]]}},{"type":"Feature","properties":{"class":"major","highway":"primary","sidewalk":"likely","lanes":0,"name":"수색로","oneway":true},"geometry":{"type":"LineString","coordinates":[[126.91795,37.56785],[126.9175,37.56807]]}},{"type":"Feature","properties":{"class":"major","highway":"secondary_link","sidewalk":"likely","lanes":0,"name":"","oneway":true},"geometry":{"type":"LineString","coordinates":[[126.91783,37.56942],[126.91733,37.56915],[126.91679,37.56882],[126.91666,37.56874],[126.91658,37.56869],[126.91654,37.56867],[126.91646,37.56859],[126.91637,37.5685]]}},{"type":"Feature","properties":{"class":"major","highway":"secondary_link","sidewalk":"likely","lanes":0,"name":"","oneway":true},"geometry":{"type":"LineString","coordinates":[[126.91651,37.56842],[126.91662,37.56851],[126.91672,37.56856],[126.9168,37.56861],[126.91745,37.56905],[126.91783,37.56942]]}},{"type":"Feature","properties":{"class":"major","highway":"secondary_link","sidewalk":"likely","lanes":1,"name":"","oneway":true},"geometry":{"type":"LineString","coordinates":[[126.91443,37.56687],[126.9148,37.56694],[126.91511,37.5671],[126.91549,37.56736],[126.91565,37.5675],[126.9158,37.56764],[126.91595,37.56776]]}},{"type":"Feature","properties":{"class":"major","highway":"secondary_link","sidewalk":"likely","lanes":1,"name":"","oneway":true},"geometry":{"type":"LineString","coordinates":[[126.91564,37.5679],[126.91567,37.5678],[126.91564,37.5677],[126.91551,37.56758],[126.91536,37.56745],[126.91501,37.56722],[126.91473,37.56706],[126.91443,37.56687]]}},{"type":"Feature","properties":{"class":"minor","highway":"residential","sidewalk":"unknown","lanes":0,"name":"성미산로3길","oneway":false},"geometry":{"type":"LineString","coordinates":[[126.90976,37.56035],[126.91035,37.5612],[126.91032,37.56121],[126.90988,37.56124]]}},{"type":"Feature","properties":{"class":"minor","highway":"residential","sidewalk":"unknown","lanes":0,"name":"월드컵북로15안길","oneway":false},"geometry":{"type":"LineString","coordinates":[[126.91162,37.56333],[126.91146,37.56316],[126.91143,37.56313],[126.91141,37.56311],[126.91089,37.56257],[126.91044,37.56211]]}},{"type":"Feature","properties":{"class":"alley","highway":"service","sidewalk":"unknown","lanes":0,"name":"월드컵북로15안길","oneway":false},"geometry":{"type":"LineString","coordinates":[[126.91186,37.56332],[126.91186,37.56318],[126.91184,37.56305],[126.91177,37.56283]]}},{"type":"Feature","properties":{"class":"alley","highway":"service","sidewalk":"unknown","lanes":0,"name":"월드컵북로11길","oneway":false},"geometry":{"type":"LineString","coordinates":[[126.91525,37.56014],[126.91556,37.56021],[126.91609,37.56051]]}},{"type":"Feature","properties":{"class":"minor","highway":"residential","sidewalk":"unknown","lanes":0,"name":"월드컵로30길","oneway":false},"geometry":{"type":"LineString","coordinates":[[126.90648,37.56288],[126.9066,37.56267],[126.90672,37.56245],[126.90691,37.56212],[126.90705,37.56189],[126.90677,37.5617],[126.90669,37.56166],[126.90662,37.56165],[126.90658,37.56164],[126.90656,37.56164],[126.906,37.56141],[126.90554,37.56123]]}},{"type":"Feature","properties":{"class":"minor","highway":"residential","sidewalk":"unknown","lanes":0,"name":"월드컵로30가길","oneway":false},"geometry":{"type":"LineString","coordinates":[[126.90662,37.56165],[126.90693,37.56141],[126.90716,37.56135],[126.90726,37.56133],[126.90742,37.56131],[126.90756,37.56127],[126.90766,37.56121],[126.90779,37.56113],[126.90795,37.56101]]}},{"type":"Feature","properties":{"class":"minor","highway":"residential","sidewalk":"unknown","lanes":0,"name":"성산로6길","oneway":false},"geometry":{"type":"LineString","coordinates":[[126.91084,37.56499],[126.91092,37.56484],[126.91089,37.56465],[126.91084,37.56454],[126.91085,37.56441],[126.91084,37.56435],[126.91084,37.56411],[126.91088,37.56402],[126.91089,37.56395],[126.91093,37.56383],[126.91089,37.56378],[126.91088,37.56372],[126.91101,37.56365],[126.91108,37.56361],[126.91116,37.56355],[126.91124,37.56349],[126.91133,37.56345],[126.9114,37.56344],[126.91149,37.56338],[126.91157,37.56334],[126.91162,37.56333]]}},{"type":"Feature","properties":{"class":"minor","highway":"residential","sidewalk":"unknown","lanes":0,"name":"월드컵북로15안길","oneway":false},"geometry":{"type":"LineString","coordinates":[[126.91162,37.56333],[126.91186,37.56332],[126.91204,37.56334]]}},{"type":"Feature","properties":{"class":"minor","highway":"residential","sidewalk":"unknown","lanes":0,"name":"성미산로7안길","oneway":false},"geometry":{"type":"LineString","coordinates":[[126.91242,37.55933],[126.91203,37.55925],[126.91174,37.55919],[126.91142,37.55913],[126.91127,37.55931],[126.91121,37.55937],[126.91109,37.55952],[126.91086,37.55981],[126.91068,37.56002]]}},{"type":"Feature","properties":{"class":"minor","highway":"residential","sidewalk":"unknown","lanes":0,"name":"성미산로5안길","oneway":false},"geometry":{"type":"LineString","coordinates":[[126.91044,37.56211],[126.91038,37.56204],[126.91035,37.56199],[126.91032,37.56193],[126.91031,37.56187],[126.91032,37.5618],[126.91048,37.56125],[126.91051,37.56115],[126.91057,37.56087],[126.91056,37.56085],[126.91008,37.56013]]}},{"type":"Feature","properties":{"class":"minor","highway":"residential","sidewalk":"unknown","lanes":0,"name":"월드컵북로15길","oneway":false},"geometry":{"type":"LineString","coordinates":[[126.91204,37.56334],[126.9122,37.56326],[126.91233,37.56315],[126.91244,37.56308],[126.91255,37.563],[126.91273,37.56294],[126.91386,37.56265],[126.91418,37.56263]]}},{"type":"Feature","properties":{"class":"minor","highway":"residential","sidewalk":"unknown","lanes":0,"name":"월드컵북로15길","oneway":false},"geometry":{"type":"LineString","coordinates":[[126.91204,37.56334],[126.912,37.56346],[126.91187,37.56369],[126.9118,37.56379],[126.91182,37.56387],[126.91188,37.56409],[126.91191,37.56414]]}},{"type":"Feature","properties":{"class":"minor","highway":"residential","sidewalk":"unknown","lanes":0,"name":"성산로8길","oneway":false},"geometry":{"type":"LineString","coordinates":[[126.91109,37.56505],[126.91163,37.56446],[126.91191,37.56414],[126.91228,37.56372],[126.91263,37.56334],[126.9128,37.56314]]}},{"type":"Feature","properties":{"class":"minor","highway":"residential","sidewalk":"unknown","lanes":0,"name":"월드컵북로","oneway":false},"geometry":{"type":"LineString","coordinates":[[126.91341,37.56349],[126.9128,37.56314],[126.91255,37.563]]}},{"type":"Feature","properties":{"class":"major","highway":"tertiary","sidewalk":"likely","lanes":0,"name":"방울내로","oneway":false},"geometry":{"type":"LineString","coordinates":[[126.90272,37.55996],[126.9031,37.56012],[126.90315,37.56014],[126.90326,37.56019],[126.90346,37.56028],[126.90355,37.56032],[126.90363,37.56036],[126.90394,37.5605],[126.9042,37.56062],[126.90482,37.5609],[126.90543,37.56118]]}},{"type":"Feature","properties":{"class":"major","highway":"primary","sidewalk":"likely","lanes":3,"name":"월드컵로","oneway":true},"geometry":{"type":"LineString","coordinates":[[126.90381,37.56299],[126.90387,37.56292],[126.90434,37.5624],[126.90445,37.56228],[126.90457,37.56214],[126.90468,37.56201],[126.9049,37.56177]]}},{"type":"Feature","properties":{"class":"major","highway":"primary_link","sidewalk":"likely","lanes":0,"name":"","oneway":true},"geometry":{"type":"LineString","coordinates":[[126.89953,37.57403],[126.89969,37.5741],[126.90016,37.5746],[126.90057,37.57506],[126.90087,37.57535]]}},{"type":"Feature","properties":{"class":"major","highway":"tertiary","sidewalk":"likely","lanes":0,"name":"불광천길","oneway":false},"geometry":{"type":"LineString","coordinates":[[126.90342,37.57674],[126.9035,37.57683],[126.90354,37.57689],[126.9038,37.57718],[126.90441,37.57778],[126.9048,37.57816],[126.90483,37.57819],[126.90589,37.5792],[126.9064,37.57968],[126.90641,37.57969],[126.90665,37.57991]]}},{"type":"Feature","properties":{"class":"major","highway":"secondary","sidewalk":"likely","lanes":0,"name":"","oneway":false},"geometry":{"type":"LineString","coordinates":[[126.90165,37.57485],[126.90119,37.57515],[126.90087,37.57535]]}},{"type":"Feature","properties":{"class":"major","highway":"secondary","sidewalk":"likely","lanes":0,"name":"성암로","oneway":false},"geometry":{"type":"LineString","coordinates":[[126.90087,37.57535],[126.90086,37.57536],[126.90078,37.57542]]}},{"type":"Feature","properties":{"class":"major","highway":"primary","sidewalk":"likely","lanes":0,"name":"수색로","oneway":true},"geometry":{"type":"LineString","coordinates":[[126.90333,37.57666],[126.90399,37.57603],[126.90414,37.57587],[126.9042,37.57581],[126.90442,37.5756],[126.90455,37.57549],[126.90489,37.5752],[126.90504,37.57505],[126.90537,37.57481],[126.90568,37.57451],[126.90597,37.57425]]}},{"type":"Feature","properties":{"class":"major","highway":"tertiary","sidewalk":"likely","lanes":0,"name":"수색로","oneway":false},"geometry":{"type":"LineString","coordinates":[[126.90136,37.57485],[126.90147,37.57507]]}},{"type":"Feature","properties":{"class":"major","highway":"tertiary","sidewalk":"likely","lanes":0,"name":"수색로","oneway":false},"geometry":{"type":"LineString","coordinates":[[126.90147,37.57507],[126.90157,37.57524],[126.90161,37.57527],[126.90187,37.57553],[126.90277,37.57628],[126.90333,37.57666]]}},{"type":"Feature","properties":{"class":"minor","highway":"residential","sidewalk":"unknown","lanes":0,"name":"거북골로22길","oneway":false},"geometry":{"type":"LineString","coordinates":[[126.91006,37.58124],[126.90976,37.58086],[126.90947,37.58047],[126.90919,37.58009],[126.90889,37.5797],[126.90885,37.57966],[126.90852,37.57931],[126.90812,37.57894]]}},{"type":"Feature","properties":{"class":"minor","highway":"residential","sidewalk":"unknown","lanes":0,"name":"거북골로23길","oneway":false},"geometry":{"type":"LineString","coordinates":[[126.90421,37.57685],[126.90529,37.57787],[126.9056,37.57817],[126.9059,37.57845],[126.90601,37.57856],[126.90637,37.5789],[126.90674,37.57924],[126.90687,37.57936],[126.9071,37.57961]]}},{"type":"Feature","properties":{"class":"major","highway":"tertiary","sidewalk":"likely","lanes":0,"name":"불광천길","oneway":true},"geometry":{"type":"LineString","coordinates":[[126.90665,37.57991],[126.90706,37.58029],[126.90729,37.5805],[126.90771,37.58088],[126.90809,37.58126],[126.90843,37.58159],[126.90916,37.58227]]}},{"type":"Feature","properties":{"class":"minor","highway":"residential","sidewalk":"unknown","lanes":0,"name":"거북골로18길","oneway":false},"geometry":{"type":"LineString","coordinates":[[126.91265,37.57945],[126.912,37.57977]]}},{"type":"Feature","properties":{"class":"minor","highway":"residential","sidewalk":"unknown","lanes":0,"name":"거북골로20길","oneway":false},"geometry":{"type":"LineString","coordinates":[[126.91058,37.57993],[126.90947,37.58047]]}},{"type":"Feature","properties":{"class":"minor","highway":"residential","sidewalk":"unknown","lanes":0,"name":"성미산로1길","oneway":false},"geometry":{"type":"LineString","coordinates":[[126.90892,37.55818],[126.9089,37.5582],[126.90861,37.55853],[126.90851,37.55863],[126.9082,37.55898],[126.90804,37.55916],[126.90797,37.55924],[126.90785,37.55936],[126.90775,37.55948],[126.90762,37.55961],[126.90741,37.55984],[126.90738,37.55988],[126.90727,37.56],[126.9072,37.56009],[126.90693,37.56038],[126.90691,37.5604],[126.90654,37.5608],[126.906,37.56141],[126.90569,37.56175],[126.90554,37.56192],[126.9052,37.5623]]}},{"type":"Feature","properties":{"class":"alley","highway":"service","sidewalk":"unknown","lanes":0,"name":"월드컵로","oneway":false},"geometry":{"type":"LineString","coordinates":[[126.90375,37.56208],[126.90434,37.5624]]}},{"type":"Feature","properties":{"class":"major","highway":"tertiary","sidewalk":"likely","lanes":0,"name":"","oneway":false},"geometry":{"type":"LineString","coordinates":[[126.90782,37.56426],[126.90779,37.56432],[126.90777,37.56435]]}},{"type":"Feature","properties":{"class":"major","highway":"tertiary","sidewalk":"likely","lanes":0,"name":"성산3교","oneway":false},"geometry":{"type":"LineString","coordinates":[[126.90777,37.56435],[126.90762,37.56474]]}},{"type":"Feature","properties":{"class":"alley","highway":"service","sidewalk":"unknown","lanes":0,"name":"성산로4안길","oneway":false},"geometry":{"type":"LineString","coordinates":[[126.90924,37.56358],[126.91018,37.5632],[126.91047,37.5631],[126.9108,37.56297]]}},{"type":"Feature","properties":{"class":"major","highway":"tertiary","sidewalk":"likely","lanes":0,"name":"","oneway":false},"geometry":{"type":"LineString","coordinates":[[126.90762,37.56474],[126.90759,37.56486]]}},{"type":"Feature","properties":{"class":"alley","highway":"service","sidewalk":"unknown","lanes":0,"name":"성산로4안길","oneway":false},"geometry":{"type":"LineString","coordinates":[[126.9108,37.56297],[126.91075,37.56291],[126.91045,37.56287],[126.91003,37.56294],[126.90993,37.56295],[126.90951,37.56312]]}},{"type":"Feature","properties":{"class":"alley","highway":"service","sidewalk":"unknown","lanes":0,"name":"월드컵로30다길","oneway":false},"geometry":{"type":"LineString","coordinates":[[126.90809,37.562],[126.90838,37.56236],[126.9082,37.56246],[126.9083,37.56257],[126.9083,37.56269],[126.90792,37.56266],[126.90777,37.56265]]}},{"type":"Feature","properties":{"class":"minor","highway":"residential","sidewalk":"unknown","lanes":0,"name":"월드컵북로23길","oneway":false},"geometry":{"type":"LineString","coordinates":[[126.91088,37.56402],[126.91095,37.56407],[126.91163,37.56446],[126.91223,37.5648]]}},{"type":"Feature","properties":{"class":"alley","highway":"service","sidewalk":"unknown","lanes":0,"name":"성산로6길","oneway":false},"geometry":{"type":"LineString","coordinates":[[126.91093,37.56383],[126.9111,37.56387],[126.91191,37.56414]]}},{"type":"Feature","properties":{"class":"minor","highway":"residential","sidewalk":"unknown","lanes":0,"name":"월드컵북로15길","oneway":false},"geometry":{"type":"LineString","coordinates":[[126.91162,37.56333],[126.91166,37.56339],[126.9117,37.56349],[126.91173,37.56354],[126.91187,37.56369]]}},{"type":"Feature","properties":{"class":"alley","highway":"service","sidewalk":"unknown","lanes":0,"name":"월드컵북로","oneway":false},"geometry":{"type":"LineString","coordinates":[[126.91228,37.56372],[126.91289,37.56407]]}},{"type":"Feature","properties":{"class":"minor","highway":"residential","sidewalk":"unknown","lanes":0,"name":"성미산로3나길","oneway":false},"geometry":{"type":"LineString","coordinates":[[126.90946,37.55995],[126.90899,37.56004],[126.90875,37.56009],[126.90869,37.5601],[126.90856,37.56012],[126.90819,37.5602],[126.90811,37.56025],[126.90785,37.56041],[126.90781,37.56044],[126.9074,37.56069]]}},{"type":"Feature","properties":{"class":"alley","highway":"service","sidewalk":"unknown","lanes":0,"name":"성미산로5길","oneway":false},"geometry":{"type":"LineString","coordinates":[[126.90875,37.56009],[126.90881,37.56019],[126.90886,37.56036],[126.90891,37.56039],[126.90891,37.56059],[126.90904,37.56074],[126.90907,37.56075]]}},{"type":"Feature","properties":{"class":"alley","highway":"service","sidewalk":"unknown","lanes":0,"name":"성미산로5길","oneway":false},"geometry":{"type":"LineString","coordinates":[[126.9094,37.56125],[126.90907,37.56075]]}},{"type":"Feature","properties":{"class":"alley","highway":"service","sidewalk":"unknown","lanes":0,"name":"성미산로5길","oneway":false},"geometry":{"type":"LineString","coordinates":[[126.9094,37.56125],[126.90892,37.56124]]}},{"type":"Feature","properties":{"class":"alley","highway":"service","sidewalk":"unknown","lanes":0,"name":"성미산로5길","oneway":false},"geometry":{"type":"LineString","coordinates":[[126.90847,37.56148],[126.90852,37.56137],[126.90865,37.56135],[126.90873,37.5613],[126.90882,37.56127],[126.90892,37.56124]]}},{"type":"Feature","properties":{"class":"alley","highway":"service","sidewalk":"unknown","lanes":0,"name":"월드컵로30다길","oneway":false},"geometry":{"type":"LineString","coordinates":[[126.90864,37.56255],[126.90853,37.56253],[126.90838,37.56236]]}},{"type":"Feature","properties":{"class":"minor","highway":"residential","sidewalk":"unknown","lanes":0,"name":"월드컵로30다길","oneway":false},"geometry":{"type":"LineString","coordinates":[[126.90885,37.56223],[126.90847,37.56179],[126.90809,37.562],[126.90753,37.56231],[126.90711,37.56218],[126.90691,37.56212]]}},{"type":"Feature","properties":{"class":"minor","highway":"residential","sidewalk":"unknown","lanes":0,"name":"월드컵로30다길","oneway":false},"geometry":{"type":"LineString","coordinates":[[126.9082,37.56246],[126.90807,37.56251]]}},{"type":"Feature","properties":{"class":"alley","highway":"service","sidewalk":"unknown","lanes":0,"name":"월드컵로30다길","oneway":false},"geometry":{"type":"LineString","coordinates":[[126.90748,37.5628],[126.90725,37.56318]]}},{"type":"Feature","properties":{"class":"minor","highway":"residential","sidewalk":"unknown","lanes":0,"name":"성미산로1길","oneway":false},"geometry":{"type":"LineString","coordinates":[[126.90716,37.56135],[126.90654,37.5608]]}},{"type":"Feature","properties":{"class":"alley","highway":"service","sidewalk":"unknown","lanes":0,"name":"성미산로","oneway":false},"geometry":{"type":"LineString","coordinates":[[126.91989,37.56243],[126.91993,37.56239],[126.9202,37.5621]]}},{"type":"Feature","properties":{"class":"alley","highway":"service","sidewalk":"unknown","lanes":0,"name":"성미산로","oneway":false},"geometry":{"type":"LineString","coordinates":[[126.91959,37.56225],[126.91963,37.56221],[126.91986,37.56195]]}},{"type":"Feature","properties":{"class":"alley","highway":"service","sidewalk":"unknown","lanes":0,"name":"동교로27길","oneway":false},"geometry":{"type":"LineString","coordinates":[[126.91978,37.56162],[126.91935,37.56135]]}},{"type":"Feature","properties":{"class":"alley","highway":"service","sidewalk":"unknown","lanes":0,"name":"월드컵북로8길","oneway":false},"geometry":{"type":"LineString","coordinates":[[126.91877,37.56114],[126.91907,37.56131]]}},{"type":"Feature","properties":{"class":"alley","highway":"service","sidewalk":"unknown","lanes":0,"name":"연남로5길","oneway":false},"geometry":{"type":"LineString","coordinates":[[126.9193,37.5609],[126.91916,37.56105]]}},{"type":"Feature","properties":{"class":"minor","highway":"residential","sidewalk":"unknown","lanes":0,"name":"성미산로18길","oneway":false},"geometry":{"type":"LineString","coordinates":[[126.91838,37.56153],[126.9184,37.56148],[126.91846,37.56131],[126.91851,37.56115],[126.91853,37.56106],[126.91853,37.56104],[126.91843,37.56064],[126.91828,37.5602]]}},{"type":"Feature","properties":{"class":"alley","highway":"service","sidewalk":"unknown","lanes":0,"name":"성미산로18길","oneway":false},"geometry":{"type":"LineString","coordinates":[[126.91846,37.56131],[126.91877,37.56132]]}},{"type":"Feature","properties":{"class":"alley","highway":"service","sidewalk":"unknown","lanes":0,"name":"성미산로16길","oneway":false},"geometry":{"type":"LineString","coordinates":[[126.91794,37.56093],[126.91823,37.56098],[126.9183,37.56098]]}},{"type":"Feature","properties":{"class":"alley","highway":"service","sidewalk":"unknown","lanes":0,"name":"동교로25길","oneway":false},"geometry":{"type":"LineString","coordinates":[[126.91913,37.56024],[126.91913,37.56027],[126.91918,37.56031],[126.91886,37.56064]]}},{"type":"Feature","properties":{"class":"alley","highway":"service","sidewalk":"unknown","lanes":0,"name":"연남로1길","oneway":false},"geometry":{"type":"LineString","coordinates":[[126.91995,37.56014],[126.92046,37.5596]]}},{"type":"Feature","properties":{"class":"alley","highway":"service","sidewalk":"unknown","lanes":0,"name":"연남로3길","oneway":false},"geometry":{"type":"LineString","coordinates":[[126.91921,37.56085],[126.91991,37.56012]]}},{"type":"Feature","properties":{"class":"alley","highway":"service","sidewalk":"unknown","lanes":0,"name":"","oneway":false},"geometry":{"type":"LineString","coordinates":[[126.91927,37.57872],[126.91889,37.57841]]}},{"type":"Feature","properties":{"class":"alley","highway":"service","sidewalk":"unknown","lanes":0,"name":"증가로","oneway":false},"geometry":{"type":"LineString","coordinates":[[126.9162,37.57999],[126.91689,37.58072]]}},{"type":"Feature","properties":{"class":"minor","highway":"residential","sidewalk":"unknown","lanes":0,"name":"증가로12가길","oneway":false},"geometry":{"type":"LineString","coordinates":[[126.91867,37.57976],[126.9189,37.57997],[126.91907,37.58012],[126.91918,37.58017],[126.91942,37.58029],[126.91943,37.58032]]}},{"type":"Feature","properties":{"class":"minor","highway":"residential","sidewalk":"unknown","lanes":0,"name":"거북골로","oneway":false},"geometry":{"type":"LineString","coordinates":[[126.91976,37.57549],[126.91949,37.57569],[126.91916,37.57594]]}},{"type":"Feature","properties":{"class":"minor","highway":"residential","sidewalk":"unknown","lanes":0,"name":"거북골로","oneway":false},"geometry":{"type":"LineString","coordinates":[[126.91836,37.57536],[126.91849,37.57521],[126.9186,37.57509],[126.91862,37.57494],[126.91889,37.57475]]}},{"type":"Feature","properties":{"class":"minor","highway":"residential","sidewalk":"unknown","lanes":0,"name":"거북골로18다길","oneway":false},"geometry":{"type":"LineString","coordinates":[[126.91266,37.57904],[126.91261,37.57938],[126.91265,37.57945],[126.91272,37.57951],[126.91279,37.57952]]}},{"type":"Feature","properties":{"class":"minor","highway":"residential","sidewalk":"unknown","lanes":0,"name":"수색로10길","oneway":false},"geometry":{"type":"LineString","coordinates":[[126.90512,37.57607],[126.90557,37.57649]]}},{"type":"Feature","properties":{"class":"minor","highway":"residential","sidewalk":"unknown","lanes":0,"name":"수색로10길","oneway":false},"geometry":{"type":"LineString","coordinates":[[126.9038,37.57718],[126.90421,37.57685],[126.90438,37.5767],[126.90512,37.57607],[126.90521,37.57596],[126.90527,37.57585],[126.90532,37.57573],[126.90536,37.57559],[126.90538,37.57544],[126.90541,37.57531],[126.90542,37.57512],[126.90532,37.57502]]}},{"type":"Feature","properties":{"class":"minor","highway":"residential","sidewalk":"unknown","lanes":0,"name":"응암로","oneway":false},"geometry":{"type":"LineString","coordinates":[[126.90899,37.57716],[126.90946,37.57683],[126.90953,37.57681],[126.9096,37.57682],[126.90974,37.57685],[126.91019,37.57651],[126.91064,37.57628],[126.91091,37.57612]]}},{"type":"Feature","properties":{"class":"minor","highway":"residential","sidewalk":"unknown","lanes":0,"name":"거북골로14길","oneway":false},"geometry":{"type":"LineString","coordinates":[[126.91299,37.57906],[126.91305,37.57901],[126.91329,37.57877],[126.9135,37.57862],[126.91367,37.57851],[126.91379,37.5784],[126.91387,37.57827],[126.91386,37.57821],[126.91384,37.57812],[126.91384,37.57798],[126.91396,37.5778],[126.91399,37.5777],[126.91397,37.57765],[126.91392,37.57753],[126.91389,37.57746],[126.91391,37.5774]]}},{"type":"Feature","properties":{"class":"alley","highway":"service","sidewalk":"unknown","lanes":0,"name":"거북골로18나길","oneway":false},"geometry":{"type":"LineString","coordinates":[[126.9117,37.57829],[126.91176,37.57789]]}},{"type":"Feature","properties":{"class":"minor","highway":"residential","sidewalk":"unknown","lanes":0,"name":"거북골로18나길","oneway":false},"geometry":{"type":"LineString","coordinates":[[126.91255,37.57822],[126.91255,37.57767]]}},{"type":"Feature","properties":{"class":"minor","highway":"residential","sidewalk":"unknown","lanes":0,"name":"거북골로18나길","oneway":false},"geometry":{"type":"LineString","coordinates":[[126.91207,37.57901],[126.91203,37.57829]]}},{"type":"Feature","properties":{"class":"minor","highway":"residential","sidewalk":"unknown","lanes":0,"name":"증가로17길","oneway":false},"geometry":{"type":"LineString","coordinates":[[126.91428,37.57889],[126.91491,37.57944]]}},{"type":"Feature","properties":{"class":"alley","highway":"service","sidewalk":"unknown","lanes":0,"name":"거북골로19길","oneway":false},"geometry":{"type":"LineString","coordinates":[[126.90905,37.57804],[126.9093,37.57787]]}},{"type":"Feature","properties":{"class":"alley","highway":"service","sidewalk":"unknown","lanes":0,"name":"수색로","oneway":false},"geometry":{"type":"LineString","coordinates":[[126.90377,37.57557],[126.90414,37.57587]]}},{"type":"Feature","properties":{"class":"minor","highway":"residential","sidewalk":"unknown","lanes":0,"name":"거북골로18길","oneway":false},"geometry":{"type":"LineString","coordinates":[[126.9113,37.5784],[126.91196,37.57847]]}},{"type":"Feature","properties":{"class":"minor","highway":"residential","sidewalk":"unknown","lanes":0,"name":"수색로8길","oneway":false},"geometry":{"type":"LineString","coordinates":[[126.90668,37.57693],[126.90703,37.57726]]}},{"type":"Feature","properties":{"class":"minor","highway":"residential","sidewalk":"unknown","lanes":0,"name":"거북골로16길","oneway":false},"geometry":{"type":"LineString","coordinates":[[126.91319,37.57822],[126.91321,37.57739]]}},{"type":"Feature","properties":{"class":"alley","highway":"service","sidewalk":"unknown","lanes":0,"name":"수색로8길","oneway":false},"geometry":{"type":"LineString","coordinates":[[126.90627,37.5756],[126.90655,37.57542]]}},{"type":"Feature","properties":{"class":"minor","highway":"residential","sidewalk":"unknown","lanes":0,"name":"거북골로","oneway":false},"geometry":{"type":"LineString","coordinates":[[126.90755,37.58032],[126.90694,37.57972]]}},{"type":"Feature","properties":{"class":"minor","highway":"residential","sidewalk":"unknown","lanes":0,"name":"거북골로23길","oneway":false},"geometry":{"type":"LineString","coordinates":[[126.90641,37.57969],[126.90687,37.57936]]}},{"type":"Feature","properties":{"class":"alley","highway":"service","sidewalk":"unknown","lanes":0,"name":"수색로8길","oneway":false},"geometry":{"type":"LineString","coordinates":[[126.9064,37.57748],[126.90636,37.57726]]}},{"type":"Feature","properties":{"class":"alley","highway":"service","sidewalk":"unknown","lanes":0,"name":"거북골로23길","oneway":false},"geometry":{"type":"LineString","coordinates":[[126.90569,37.57857],[126.9059,37.57845]]}},{"type":"Feature","properties":{"class":"minor","highway":"residential","sidewalk":"unknown","lanes":0,"name":"거북골로","oneway":false},"geometry":{"type":"LineString","coordinates":[[126.90712,37.57898],[126.90751,37.57934]]}},{"type":"Feature","properties":{"class":"minor","highway":"residential","sidewalk":"unknown","lanes":0,"name":"응암로","oneway":false},"geometry":{"type":"LineString","coordinates":[[126.90859,37.5776],[126.90909,37.57727]]}},{"type":"Feature","properties":{"class":"minor","highway":"residential","sidewalk":"unknown","lanes":0,"name":"응암로","oneway":false},"geometry":{"type":"LineString","coordinates":[[126.90887,37.57786],[126.90936,37.57754]]}},{"type":"Feature","properties":{"class":"minor","highway":"residential","sidewalk":"unknown","lanes":0,"name":"증가로21길","oneway":false},"geometry":{"type":"LineString","coordinates":[[126.91537,37.58041],[126.91562,37.57997]]}},{"type":"Feature","properties":{"class":"minor","highway":"residential","sidewalk":"unknown","lanes":0,"name":"거북골로22길","oneway":false},"geometry":{"type":"LineString","coordinates":[[126.90889,37.5797],[126.90864,37.57986],[126.90838,37.58004]]}},{"type":"Feature","properties":{"class":"minor","highway":"residential","sidewalk":"unknown","lanes":0,"name":"수색로","oneway":false},"geometry":{"type":"LineString","coordinates":[[126.90609,37.57542],[126.90643,37.57519]]}},{"type":"Feature","properties":{"class":"minor","highway":"residential","sidewalk":"unknown","lanes":0,"name":"거북골로","oneway":false},"geometry":{"type":"LineString","coordinates":[[126.91048,37.57728],[126.91073,37.57749]]}},{"type":"Feature","properties":{"class":"minor","highway":"residential","sidewalk":"unknown","lanes":0,"name":"거북골로","oneway":false},"geometry":{"type":"LineString","coordinates":[[126.90807,37.57962],[126.90767,37.57923]]}},{"type":"Feature","properties":{"class":"minor","highway":"residential","sidewalk":"unknown","lanes":0,"name":"거북골로","oneway":false},"geometry":{"type":"LineString","coordinates":[[126.90833,37.57944],[126.90794,37.57906]]}},{"type":"Feature","properties":{"class":"minor","highway":"residential","sidewalk":"unknown","lanes":0,"name":"응암로","oneway":false},"geometry":{"type":"LineString","coordinates":[[126.90877,37.57777],[126.90926,37.57744]]}},{"type":"Feature","properties":{"class":"minor","highway":"residential","sidewalk":"unknown","lanes":0,"name":"거북골로","oneway":false},"geometry":{"type":"LineString","coordinates":[[126.90779,37.5798],[126.9074,37.57942]]}},{"type":"Feature","properties":{"class":"minor","highway":"residential","sidewalk":"unknown","lanes":0,"name":"증가로21길","oneway":false},"geometry":{"type":"LineString","coordinates":[[126.91507,37.5803],[126.91532,37.57986]]}},{"type":"Feature","properties":{"class":"alley","highway":"service","sidewalk":"unknown","lanes":0,"name":"거북골로18나길","oneway":false},"geometry":{"type":"LineString","coordinates":[[126.91212,37.57827],[126.91211,37.57797]]}},{"type":"Feature","properties":{"class":"minor","highway":"residential","sidewalk":"unknown","lanes":0,"name":"수색로8길","oneway":false},"geometry":{"type":"LineString","coordinates":[[126.90677,37.57742],[126.90643,37.57709]]}},{"type":"Feature","properties":{"class":"minor","highway":"residential","sidewalk":"unknown","lanes":0,"name":"거북골로18길","oneway":false},"geometry":{"type":"LineString","coordinates":[[126.91125,37.57866],[126.9119,37.57873]]}},{"type":"Feature","properties":{"class":"alley","highway":"service","sidewalk":"unknown","lanes":0,"name":"거북골로20길","oneway":false},"geometry":{"type":"LineString","coordinates":[[126.90939,37.57908],[126.90978,37.57891]]}},{"type":"Feature","properties":{"class":"minor","highway":"residential","sidewalk":"unknown","lanes":0,"name":"증가로23길","oneway":false},"geometry":{"type":"LineString","coordinates":[[126.91354,37.58029],[126.91379,37.57984]]}},{"type":"Feature","properties":{"class":"minor","highway":"residential","sidewalk":"unknown","lanes":0,"name":"거북골로18나길","oneway":false},"geometry":{"type":"LineString","coordinates":[[126.91085,37.57829],[126.91103,37.57822],[126.91114,37.57823],[126.91133,37.57825],[126.91138,37.57826],[126.9117,37.57829],[126.91174,37.5783],[126.9119,37.57831],[126.912,37.5783],[126.91203,37.57829],[126.91212,37.57827],[126.9122,37.57826],[126.9123,37.57824],[126.91239,37.57822],[126.91255,37.57822],[126.91268,37.57822],[126.91286,37.57822],[126.91319,37.57822],[126.91337,37.57822],[126.91343,37.57822],[126.91347,37.57822],[126.91386,37.57821],[126.91393,37.57821],[126.91423,37.57834],[126.9143,37.57834]]}},{"type":"Feature","properties":{"class":"minor","highway":"residential","sidewalk":"unknown","lanes":0,"name":"거북골로21길","oneway":false},"geometry":{"type":"LineString","coordinates":[[126.9048,37.57816],[126.90489,37.57812],[126.90529,37.57787],[126.90534,37.57782],[126.9055,37.57771],[126.90566,37.57759],[126.90571,37.57756]]}},{"type":"Feature","properties":{"class":"minor","highway":"residential","sidewalk":"unknown","lanes":0,"name":"수색로8가길","oneway":false},"geometry":{"type":"LineString","coordinates":[[126.90484,37.577],[126.90487,37.57696],[126.90557,37.57649],[126.9058,37.57634],[126.90605,37.57617],[126.90622,37.57605],[126.90653,37.57584]]}},{"type":"Feature","properties":{"class":"minor","highway":"residential","sidewalk":"unknown","lanes":0,"name":"거북골로18길","oneway":false},"geometry":{"type":"LineString","coordinates":[[126.91242,37.58021],[126.91232,37.58019],[126.912,37.57977],[126.9114,37.57897],[126.91139,37.57897],[126.91129,37.57892],[126.91121,37.57875],[126.91085,37.57829],[126.91056,37.57791],[126.91042,37.57773],[126.91029,37.57756]]}},{"type":"Feature","properties":{"class":"major","highway":"tertiary","sidewalk":"likely","lanes":0,"name":"수색로","oneway":false},"geometry":{"type":"LineString","coordinates":[[126.91473,37.57242],[126.91416,37.57276],[126.91375,37.57289],[126.91347,37.57298],[126.91278,37.57305],[126.91215,37.57314],[126.91175,37.57329],[126.91157,37.57337],[126.91116,37.57361],[126.91093,37.57377],[126.91068,37.574],[126.91054,37.57416],[126.91047,37.57455],[126.91047,37.57493],[126.91063,37.57559],[126.91091,37.57612],[126.91123,37.5766],[126.91127,37.57665]]}},{"type":"Feature","properties":{"class":"alley","highway":"service","sidewalk":"unknown","lanes":0,"name":"거북골로18다길","oneway":false},"geometry":{"type":"LineString","coordinates":[[126.912,37.57955],[126.91214,37.57904],[126.91215,37.57901]]}},{"type":"Feature","properties":{"class":"minor","highway":"residential","sidewalk":"unknown","lanes":0,"name":"거북골로20길","oneway":false},"geometry":{"type":"LineString","coordinates":[[126.90885,37.57966],[126.90912,37.57953],[126.90917,37.5795],[126.90995,37.57913]]}},{"type":"Feature","properties":{"class":"minor","highway":"residential","sidewalk":"unknown","lanes":0,"name":"응암로","oneway":false},"geometry":{"type":"LineString","coordinates":[[126.90674,37.57604],[126.90726,37.5757],[126.90741,37.5756]]}},{"type":"Feature","properties":{"class":"minor","highway":"residential","sidewalk":"unknown","lanes":0,"name":"거북골로18길","oneway":false},"geometry":{"type":"LineString","coordinates":[[126.91042,37.57773],[126.91073,37.57749],[126.91102,37.57727]]}},{"type":"Feature","properties":{"class":"minor","highway":"residential","sidewalk":"unknown","lanes":0,"name":"수색로10길","oneway":false},"geometry":{"type":"LineString","coordinates":[[126.9058,37.57634],[126.90532,37.57587],[126.90527,37.57585]]}},{"type":"Feature","properties":{"class":"minor","highway":"residential","sidewalk":"unknown","lanes":0,"name":"수색로10길","oneway":false},"geometry":{"type":"LineString","coordinates":[[126.90541,37.57531],[126.90546,37.57532],[126.90622,37.57605]]}},{"type":"Feature","properties":{"class":"minor","highway":"residential","sidewalk":"unknown","lanes":0,"name":"응암로","oneway":false},"geometry":{"type":"LineString","coordinates":[[126.90858,37.57675],[126.90807,37.5771]]}},{"type":"Feature","properties":{"class":"minor","highway":"residential","sidewalk":"unknown","lanes":0,"name":"증가로17길","oneway":false},"geometry":{"type":"LineString","coordinates":[[126.91388,37.57942],[126.91445,37.57975],[126.9147,37.57983]]}},{"type":"Feature","properties":{"class":"minor","highway":"residential","sidewalk":"unknown","lanes":0,"name":"거북골로21길","oneway":false},"geometry":{"type":"LineString","coordinates":[[126.90674,37.57924],[126.90712,37.57898],[126.9076,37.57866]]}},{"type":"Feature","properties":{"class":"minor","highway":"residential","sidewalk":"unknown","lanes":0,"name":"거북골로18가길","oneway":false},"geometry":{"type":"LineString","coordinates":[[126.91084,37.57771],[126.91115,37.5781],[126.91114,37.57823]]}},{"type":"Feature","properties":{"class":"minor","highway":"residential","sidewalk":"unknown","lanes":0,"name":"수색로10길","oneway":false},"geometry":{"type":"LineString","coordinates":[[126.90605,37.57617],[126.90545,37.57561],[126.90536,37.57559]]}},{"type":"Feature","properties":{"class":"alley","highway":"service","sidewalk":"unknown","lanes":0,"name":"","oneway":false},"geometry":{"type":"LineString","coordinates":[[126.90506,37.57462],[126.90525,37.57474],[126.90537,37.57481]]}},{"type":"Feature","properties":{"class":"minor","highway":"residential","sidewalk":"unknown","lanes":0,"name":"거북골로21길","oneway":false},"geometry":{"type":"LineString","coordinates":[[126.90601,37.57856],[126.90629,37.57837],[126.90663,37.57813]]}},{"type":"Feature","properties":{"class":"minor","highway":"residential","sidewalk":"unknown","lanes":0,"name":"거북골로16길","oneway":false},"geometry":{"type":"LineString","coordinates":[[126.91286,37.57822],[126.91287,37.57755],[126.91287,37.57736]]}},{"type":"Feature","properties":{"class":"alley","highway":"service","sidewalk":"unknown","lanes":0,"name":"거북골로23길","oneway":false},"geometry":{"type":"LineString","coordinates":[[126.90578,37.57866],[126.90569,37.57857],[126.9054,37.57829],[126.9056,37.57817]]}},{"type":"Feature","properties":{"class":"alley","highway":"service","sidewalk":"unknown","lanes":0,"name":"","oneway":false},"geometry":{"type":"LineString","coordinates":[[126.90814,37.57981],[126.908,37.5799],[126.90812,37.58003],[126.90827,37.57993]]}},{"type":"Feature","properties":{"class":"minor","highway":"residential","sidewalk":"unknown","lanes":0,"name":"거북골로21길","oneway":false},"geometry":{"type":"LineString","coordinates":[[126.90629,37.57837],[126.90593,37.57804],[126.90577,37.5779],[126.9055,37.57771]]}},{"type":"Feature","properties":{"class":"alley","highway":"service","sidewalk":"unknown","lanes":0,"name":"","oneway":false},"geometry":{"type":"LineString","coordinates":[[126.91298,37.57738],[126.91298,37.57712],[126.91351,37.5771],[126.91369,37.5771]]}},{"type":"Feature","properties":{"class":"minor","highway":"residential","sidewalk":"unknown","lanes":0,"name":"수색로","oneway":false},"geometry":{"type":"LineString","coordinates":[[126.90576,37.57458],[126.90643,37.57519],[126.9065,37.57526],[126.90683,37.57506]]}},{"type":"Feature","properties":{"class":"minor","highway":"residential","sidewalk":"unknown","lanes":0,"name":"거북골로20길","oneway":false},"geometry":{"type":"LineString","coordinates":[[126.90886,37.57909],[126.90917,37.5795]]}},{"type":"Feature","properties":{"class":"minor","highway":"residential","sidewalk":"unknown","lanes":0,"name":"거북골로18가길","oneway":false},"geometry":{"type":"LineString","coordinates":[[126.91056,37.57791],[126.91064,37.57787],[126.91084,37.57771],[126.91101,37.57758],[126.91173,37.57702]]}},{"type":"Feature","properties":{"class":"minor","highway":"residential","sidewalk":"unknown","lanes":0,"name":"증가로23다길","oneway":false},"geometry":{"type":"LineString","coordinates":[[126.91305,37.57955],[126.91324,37.57919],[126.91328,37.57908],[126.9134,37.57885],[126.91329,37.57877]]}},{"type":"Feature","properties":{"class":"minor","highway":"residential","sidewalk":"unknown","lanes":0,"name":"거북골로18나길","oneway":false},"geometry":{"type":"LineString","coordinates":[[126.91269,37.57867],[126.91343,37.57822]]}},{"type":"Feature","properties":{"class":"minor","highway":"residential","sidewalk":"unknown","lanes":0,"name":"수색로8나길","oneway":false},"geometry":{"type":"LineString","coordinates":[[126.90528,37.57728],[126.90532,37.57724],[126.90592,37.57684],[126.90686,37.57621],[126.90688,37.57618]]}},{"type":"Feature","properties":{"class":"minor","highway":"residential","sidewalk":"unknown","lanes":0,"name":"증가로23다길","oneway":false},"geometry":{"type":"LineString","coordinates":[[126.91308,37.58011],[126.91332,37.57969],[126.91362,37.57918],[126.91368,37.5791],[126.91424,37.57837],[126.9143,37.57834]]}},{"type":"Feature","properties":{"class":"minor","highway":"residential","sidewalk":"unknown","lanes":0,"name":"응암로2길","oneway":false},"geometry":{"type":"LineString","coordinates":[[126.91205,37.58084],[126.91217,37.5807],[126.9123,37.58043],[126.91242,37.58021],[126.91256,37.57993],[126.91279,37.57952]]}},{"type":"Feature","properties":{"class":"alley","highway":"service","sidewalk":"unknown","lanes":0,"name":"거북골로16길","oneway":false},"geometry":{"type":"LineString","coordinates":[[126.91146,37.5768],[126.91164,37.57661],[126.91178,37.57655],[126.91205,37.57648],[126.91221,37.57643],[126.9123,37.57637]]}},{"type":"Feature","properties":{"class":"minor","highway":"residential","sidewalk":"unknown","lanes":0,"name":"거북골로22길","oneway":false},"geometry":{"type":"LineString","coordinates":[[126.90868,37.58033],[126.90862,37.58027],[126.90838,37.58004],[126.90827,37.57993],[126.90814,37.57981],[126.908,37.57967]]}},{"type":"Feature","properties":{"class":"alley","highway":"service","sidewalk":"unknown","lanes":0,"name":"","oneway":false},"geometry":{"type":"LineString","coordinates":[[126.90824,37.57765],[126.90815,37.57741],[126.90816,37.57735],[126.90822,37.57734],[126.90843,37.57754],[126.90849,37.5775]]}},{"type":"Feature","properties":{"class":"minor","highway":"residential","sidewalk":"unknown","lanes":0,"name":"거북골로14길","oneway":false},"geometry":{"type":"LineString","coordinates":[[126.91263,37.57891],[126.91273,37.57886],[126.91279,37.57884],[126.91284,37.57887],[126.91301,37.57899],[126.91305,37.57901]]}},{"type":"Feature","properties":{"class":"minor","highway":"residential","sidewalk":"unknown","lanes":0,"name":"거북골로18나길","oneway":false},"geometry":{"type":"LineString","coordinates":[[126.91257,37.57904],[126.91258,37.57899],[126.91263,37.57891],[126.91269,37.57884],[126.91269,37.57867],[126.91268,37.57822]]}},{"type":"Feature","properties":{"class":"minor","highway":"residential","sidewalk":"unknown","lanes":0,"name":"거북골로","oneway":false},"geometry":{"type":"LineString","coordinates":[[126.91284,37.57548],[126.91285,37.57579],[126.91316,37.57578],[126.91335,37.57561],[126.9135,37.57553],[126.91359,37.5755],[126.91359,37.57528]]}},{"type":"Feature","properties":{"class":"minor","highway":"residential","sidewalk":"unknown","lanes":0,"name":"증가로19길","oneway":false},"geometry":{"type":"LineString","coordinates":[[126.91605,37.58013],[126.91595,37.58008],[126.91562,37.57997],[126.91532,37.57986],[126.91479,37.57967]]}},{"type":"Feature","properties":{"class":"minor","highway":"residential","sidewalk":"unknown","lanes":0,"name":"증가로21길","oneway":false},"geometry":{"type":"LineString","coordinates":[[126.91364,37.5798],[126.91373,37.57964],[126.91388,37.57942],[126.91408,37.57915],[126.91428,37.57889],[126.9144,37.57873]]}},{"type":"Feature","properties":{"class":"minor","highway":"residential","sidewalk":"unknown","lanes":0,"name":"거북골로18가길","oneway":false},"geometry":{"type":"LineString","coordinates":[[126.91101,37.57758],[126.91105,37.57767],[126.91135,37.57809],[126.91133,37.57825]]}},{"type":"Feature","properties":{"class":"minor","highway":"residential","sidewalk":"unknown","lanes":0,"name":"거북골로22길","oneway":false},"geometry":{"type":"LineString","coordinates":[[126.90751,37.57999],[126.90779,37.5798],[126.908,37.57967],[126.90807,37.57962],[126.90823,37.5795],[126.90833,37.57944],[126.90852,37.57931]]}},{"type":"Feature","properties":{"class":"major","highway":"tertiary","sidewalk":"likely","lanes":0,"name":"가재울로14길","oneway":false},"geometry":{"type":"LineString","coordinates":[[126.91391,37.5774],[126.91391,37.57729],[126.91413,37.57692],[126.91429,37.57661],[126.91425,37.57629],[126.91413,37.57611],[126.91392,37.57585],[126.91377,37.57561],[126.91359,37.57528]]}},{"type":"Feature","properties":{"class":"minor","highway":"residential","sidewalk":"unknown","lanes":0,"name":"거북골로18나길","oneway":false},"geometry":{"type":"LineString","coordinates":[[126.91237,37.57902],[126.91233,37.57825],[126.9123,37.57824],[126.91227,37.57821],[126.91227,37.57783],[126.91232,37.57778],[126.91255,37.57767],[126.91267,37.57761],[126.91287,37.57755]]}},{"type":"Feature","properties":{"class":"minor","highway":"residential","sidewalk":"unknown","lanes":0,"name":"증가로21길","oneway":false},"geometry":{"type":"LineString","coordinates":[[126.91332,37.57969],[126.91364,37.5798],[126.91379,37.57984],[126.91454,37.58012],[126.91484,37.58022],[126.91501,37.58028],[126.91507,37.5803],[126.91537,37.58041],[126.91563,37.58049]]}},{"type":"Feature","properties":{"class":"minor","highway":"residential","sidewalk":"unknown","lanes":0,"name":"거북골로21길","oneway":false},"geometry":{"type":"LineString","coordinates":[[126.90438,37.5767],[126.90484,37.577],[126.90528,37.57728],[126.90568,37.57753],[126.90571,37.57756],[126.90663,37.57813],[126.90712,37.5784],[126.9076,37.57866],[126.90812,37.57894]]}},{"type":"Feature","properties":{"class":"major","highway":"primary_link","sidewalk":"likely","lanes":0,"name":"","oneway":true},"geometry":{"type":"LineString","coordinates":[[126.90272,37.57835],[126.90253,37.5783],[126.90251,37.57829]]}},{"type":"Feature","properties":{"class":"minor","highway":"residential","sidewalk":"unknown","lanes":0,"name":"증산로1길","oneway":false},"geometry":{"type":"LineString","coordinates":[[126.90293,37.57841],[126.903,37.57851],[126.90307,37.57861],[126.90314,37.57868],[126.90361,37.57915],[126.90444,37.57991],[126.90447,37.57994]]}},{"type":"Feature","properties":{"class":"minor","highway":"residential","sidewalk":"unknown","lanes":0,"name":"증산서길","oneway":false},"geometry":{"type":"LineString","coordinates":[[126.90208,37.5796],[126.90266,37.57909],[126.90268,37.57908],[126.90307,37.57874],[126.90314,37.57868]]}},{"type":"Feature","properties":{"class":"minor","highway":"residential","sidewalk":"unknown","lanes":0,"name":"증산서길","oneway":false},"geometry":{"type":"LineString","coordinates":[[126.90148,37.5792],[126.90251,37.57829]]}},{"type":"Feature","properties":{"class":"major","highway":"primary_link","sidewalk":"likely","lanes":0,"name":"","oneway":true},"geometry":{"type":"LineString","coordinates":[[126.90337,37.57854],[126.90348,37.57851],[126.90353,37.57848],[126.90357,37.57845],[126.90359,37.5784],[126.90359,37.57835],[126.90356,37.57828],[126.90337,37.57805]]}},{"type":"Feature","properties":{"class":"alley","highway":"service","sidewalk":"unknown","lanes":0,"name":"성미산로15길","oneway":false},"geometry":{"type":"LineString","coordinates":[[126.91757,37.56189],[126.91819,37.56194]]}},{"type":"Feature","properties":{"class":"minor","highway":"residential","sidewalk":"unknown","lanes":0,"name":"성산로7길","oneway":false},"geometry":{"type":"LineString","coordinates":[[126.91822,37.56814],[126.91827,37.56806],[126.91836,37.56799],[126.91849,37.56798],[126.91919,37.56775]]}},{"type":"Feature","properties":{"class":"minor","highway":"residential","sidewalk":"unknown","lanes":0,"name":"성산로7길","oneway":false},"geometry":{"type":"LineString","coordinates":[[126.91849,37.56798],[126.91901,37.5683],[126.91943,37.56818],[126.92056,37.56782],[126.92158,37.56757],[126.9221,37.56744],[126.92215,37.56738],[126.92318,37.56738],[126.92356,37.56739]]}},{"type":"Feature","properties":{"class":"minor","highway":"residential","sidewalk":"unknown","lanes":0,"name":"홍제천로","oneway":false},"geometry":{"type":"LineString","coordinates":[[126.92034,37.56918],[126.92024,37.5692],[126.92008,37.5693],[126.91992,37.56924],[126.9198,37.56921],[126.91968,37.56923],[126.91951,37.56911],[126.91931,37.56899],[126.91923,37.56886],[126.91905,37.56893],[126.91902,37.56895],[126.91888,37.56902]]}},{"type":"Feature","properties":{"class":"minor","highway":"residential","sidewalk":"unknown","lanes":0,"name":"연남로","oneway":false},"geometry":{"type":"LineString","coordinates":[[126.91767,37.56579],[126.91861,37.56633]]}},{"type":"Feature","properties":{"class":"alley","highway":"service","sidewalk":"unknown","lanes":0,"name":"연남로7길","oneway":false},"geometry":{"type":"LineString","coordinates":[[126.91962,37.56419],[126.91971,37.56408]]}},{"type":"Feature","properties":{"class":"minor","highway":"residential","sidewalk":"unknown","lanes":0,"name":"홍제천로2길","oneway":false},"geometry":{"type":"LineString","coordinates":[[126.91888,37.56902],[126.91901,37.56903],[126.91913,37.56908],[126.91925,37.56919],[126.91979,37.56947],[126.91997,37.56955],[126.92021,37.5696],[126.92061,37.56975],[126.92068,37.56977],[126.92089,37.56982],[126.92118,37.56991],[126.9215,37.57],[126.92219,37.57019],[126.92237,37.57028],[126.92253,37.57041],[126.92273,37.57057],[126.92284,37.57063]]}},{"type":"Feature","properties":{"class":"alley","highway":"service","sidewalk":"unknown","lanes":0,"name":"연남로","oneway":false},"geometry":{"type":"LineString","coordinates":[[126.92,37.56464],[126.91969,37.56448],[126.91992,37.5642]]}},{"type":"Feature","properties":{"class":"alley","highway":"service","sidewalk":"unknown","lanes":0,"name":"연남로7길","oneway":false},"geometry":{"type":"LineString","coordinates":[[126.91809,37.56365],[126.91837,37.56382],[126.9187,37.56347]]}},{"type":"Feature","properties":{"class":"minor","highway":"residential","sidewalk":"unknown","lanes":0,"name":"성산로7길","oneway":false},"geometry":{"type":"LineString","coordinates":[[126.91943,37.56818],[126.91919,37.56775],[126.91901,37.56742],[126.91899,37.5674]]}},{"type":"Feature","properties":{"class":"alley","highway":"service","sidewalk":"unknown","lanes":0,"name":"연남로","oneway":false},"geometry":{"type":"LineString","coordinates":[[126.91853,37.56566],[126.91869,37.56545],[126.91914,37.56567]]}},{"type":"Feature","properties":{"class":"alley","highway":"service","sidewalk":"unknown","lanes":0,"name":"성미산로","oneway":false},"geometry":{"type":"LineString","coordinates":[[126.91852,37.56223],[126.91909,37.56232],[126.91926,37.56214],[126.91928,37.56212],[126.91934,37.5621]]}},{"type":"Feature","properties":{"class":"alley","highway":"service","sidewalk":"unknown","lanes":0,"name":"연남로7길","oneway":false},"geometry":{"type":"LineString","coordinates":[[126.91898,37.56365],[126.91861,37.56404],[126.91861,37.56406],[126.91881,37.56418],[126.9192,37.56377]]}},{"type":"Feature","properties":{"class":"alley","highway":"service","sidewalk":"unknown","lanes":0,"name":"","oneway":false},"geometry":{"type":"LineString","coordinates":[[126.91916,37.56863],[126.91904,37.56869],[126.91891,37.56859],[126.91879,37.56857],[126.91873,37.56859],[126.91863,37.56862]]}},{"type":"Feature","properties":{"class":"minor","highway":"residential","sidewalk":"unknown","lanes":0,"name":"연남로9길","oneway":true},"geometry":{"type":"LineString","coordinates":[[126.91788,37.56414],[126.91818,37.56432],[126.91851,37.56451],[126.91886,37.56473],[126.91951,37.56511],[126.91957,37.56514]]}},{"type":"Feature","properties":{"class":"minor","highway":"residential","sidewalk":"unknown","lanes":0,"name":"증가로","oneway":false},"geometry":{"type":"LineString","coordinates":[[126.9163,37.57966],[126.91598,37.57917],[126.91595,37.57912],[126.91585,37.57893],[126.91582,37.57888],[126.91567,37.57866],[126.91563,37.57853],[126.91558,37.57836],[126.9155,37.57804],[126.91536,37.57747],[126.91534,37.57744],[126.91521,37.57718]]}},{"type":"Feature","properties":{"class":"alley","highway":"service","sidewalk":"unknown","lanes":0,"name":"증가로","oneway":false},"geometry":{"type":"LineString","coordinates":[[126.91572,37.57918],[126.91598,37.57917]]}},{"type":"Feature","properties":{"class":"alley","highway":"service","sidewalk":"unknown","lanes":0,"name":"","oneway":false},"geometry":{"type":"LineString","coordinates":[[126.91701,37.57904],[126.91722,37.5793]]}},{"type":"Feature","properties":{"class":"minor","highway":"residential","sidewalk":"unknown","lanes":0,"name":"거북골로14가길","oneway":false},"geometry":{"type":"LineString","coordinates":[[126.91429,37.57734],[126.91436,37.5776]]}},{"type":"Feature","properties":{"class":"minor","highway":"residential","sidewalk":"unknown","lanes":0,"name":"거북골로14가길","oneway":false},"geometry":{"type":"LineString","coordinates":[[126.91446,37.57758],[126.91462,37.57819]]}},{"type":"Feature","properties":{"class":"minor","highway":"residential","sidewalk":"unknown","lanes":0,"name":"거북골로14나길","oneway":false},"geometry":{"type":"LineString","coordinates":[[126.9144,37.57873],[126.9143,37.57834],[126.91427,37.57824],[126.91412,37.57763]]}},{"type":"Feature","properties":{"class":"minor","highway":"residential","sidewalk":"unknown","lanes":0,"name":"거북골로14다길","oneway":false},"geometry":{"type":"LineString","coordinates":[[126.91541,37.57857],[126.91529,37.57808]]}},{"type":"Feature","properties":{"class":"minor","highway":"residential","sidewalk":"unknown","lanes":0,"name":"거북골로14다길","oneway":false},"geometry":{"type":"LineString","coordinates":[[126.91427,37.57824],[126.91462,37.57819],[126.91495,37.57814],[126.91529,37.57808],[126.9155,37.57804]]}},{"type":"Feature","properties":{"class":"minor","highway":"residential","sidewalk":"unknown","lanes":0,"name":"거북골로14라길","oneway":false},"geometry":{"type":"LineString","coordinates":[[126.91476,37.57868],[126.9151,37.57862],[126.91541,37.57857],[126.91547,37.57856],[126.91552,37.57855],[126.91563,37.57853]]}},{"type":"Feature","properties":{"class":"minor","highway":"residential","sidewalk":"unknown","lanes":0,"name":"증가로","oneway":false},"geometry":{"type":"LineString","coordinates":[[126.91552,37.57855],[126.91555,37.57864],[126.91561,37.57879],[126.9157,37.57891],[126.91585,37.57893]]}},{"type":"Feature","properties":{"class":"minor","highway":"residential","sidewalk":"unknown","lanes":0,"name":"거북골로14가길","oneway":false},"geometry":{"type":"LineString","coordinates":[[126.91534,37.57744],[126.91514,37.57747],[126.9148,37.57752],[126.91446,37.57758],[126.91436,37.5776],[126.91412,37.57763],[126.91406,37.57764],[126.91397,37.57765]]}},{"type":"Feature","properties":{"class":"minor","highway":"residential","sidewalk":"unknown","lanes":0,"name":"거북골로12라길","oneway":false},"geometry":{"type":"LineString","coordinates":[[126.9165,37.57517],[126.9165,37.57532],[126.91648,37.57558],[126.91646,37.57576],[126.91645,37.5759],[126.91636,37.57649],[126.91624,37.5766],[126.9162,37.57664]]}},{"type":"Feature","properties":{"class":"minor","highway":"residential","sidewalk":"unknown","lanes":0,"name":"거북골로12라길","oneway":false},"geometry":{"type":"LineString","coordinates":[[126.9162,37.57664],[126.91642,37.57671],[126.91667,37.57683],[126.91675,37.57689]]}},{"type":"Feature","properties":{"class":"minor","highway":"residential","sidewalk":"unknown","lanes":0,"name":"거북골로14가길","oneway":false},"geometry":{"type":"LineString","coordinates":[[126.91473,37.57727],[126.9148,37.57752]]}},{"type":"Feature","properties":{"class":"major","highway":"primary","sidewalk":"likely","lanes":0,"name":"","oneway":false},"geometry":{"type":"LineString","coordinates":[[126.90007,37.56595],[126.89917,37.56627]]}},{"type":"Feature","properties":{"class":"major","highway":"secondary","sidewalk":"likely","lanes":0,"name":"월드컵북로","oneway":false},"geometry":{"type":"LineString","coordinates":[[126.90031,37.57238],[126.89967,37.57282]]}},{"type":"Feature","properties":{"class":"major","highway":"secondary","sidewalk":"likely","lanes":4,"name":"월드컵북로","oneway":false},"geometry":{"type":"LineString","coordinates":[[126.90732,37.56838],[126.90606,37.56885],[126.90433,37.56955]]}},{"type":"Feature","properties":{"class":"major","highway":"secondary","sidewalk":"likely","lanes":4,"name":"월드컵북로","oneway":false},"geometry":{"type":"LineString","coordinates":[[126.91126,37.56588],[126.91053,37.5667],[126.91037,37.56686],[126.91034,37.56688],[126.9102,37.56701],[126.91017,37.56703],[126.90996,37.56721],[126.90991,37.56724],[126.90969,37.56741],[126.90957,37.56746],[126.90924,37.56763],[126.90889,37.56776],[126.90862,37.56788],[126.90859,37.56789],[126.90836,37.56797],[126.90813,37.56805],[126.90791,37.56814],[126.90759,37.56828],[126.90732,37.56838]]}},{"type":"Feature","properties":{"class":"major","highway":"secondary","sidewalk":"likely","lanes":4,"name":"월드컵북로","oneway":false},"geometry":{"type":"LineString","coordinates":[[126.90433,37.56955],[126.904,37.5697],[126.9039,37.56975],[126.90378,37.56983],[126.9037,37.5699],[126.90365,37.56993],[126.90316,37.57029],[126.90281,37.57055],[126.90222,37.57099],[126.90172,37.57136],[126.90153,37.57151],[126.90127,37.5717],[126.90062,37.57217],[126.90041,37.57231]]}},{"type":"Feature","properties":{"class":"major","highway":"secondary_link","sidewalk":"likely","lanes":1,"name":"","oneway":true},"geometry":{"type":"LineString","coordinates":[[126.904,37.5697],[126.90426,37.56949],[126.90436,37.56945],[126.90516,37.56913],[126.90532,37.56907],[126.9055,37.569],[126.906,37.56881],[126.90615,37.56874],[126.90649,37.56861],[126.90689,37.56845],[126.90729,37.5683],[126.90759,37.56828]]}},{"type":"Feature","properties":{"class":"minor","highway":"residential","sidewalk":"unknown","lanes":0,"name":"성암로","oneway":false},"geometry":{"type":"LineString","coordinates":[[126.91072,37.5674],[126.91082,37.56762],[126.91086,37.5677],[126.91098,37.56802],[126.9111,37.56832],[126.91114,37.56842],[126.9112,37.56863],[126.91123,37.56873],[126.91132,37.56912],[126.91134,37.56919],[126.91143,37.56962]]}},{"type":"Feature","properties":{"class":"alley","highway":"service","sidewalk":"unknown","lanes":0,"name":"월드컵북로27길","oneway":false},"geometry":{"type":"LineString","coordinates":[[126.90957,37.56746],[126.90944,37.56737],[126.90919,37.56709],[126.90889,37.56669],[126.90884,37.56665],[126.9088,37.56661],[126.90786,37.56631],[126.90734,37.56622],[126.90697,37.56616],[126.9066,37.56609]]}},{"type":"Feature","properties":{"class":"alley","highway":"service","sidewalk":"unknown","lanes":0,"name":"성암로3가길","oneway":false},"geometry":{"type":"LineString","coordinates":[[126.91071,37.56971],[126.91067,37.56955]]}},{"type":"Feature","properties":{"class":"minor","highway":"residential","sidewalk":"unknown","lanes":0,"name":"성암로7길","oneway":false},"geometry":{"type":"LineString","coordinates":[[126.90925,37.56925],[126.9091,37.56938],[126.90896,37.56952],[126.90885,37.56975],[126.90887,37.56983],[126.90888,37.5699],[126.90883,37.56996],[126.90876,37.57003],[126.90824,37.57028],[126.90794,37.57068],[126.90765,37.57085]]}},{"type":"Feature","properties":{"class":"minor","highway":"residential","sidewalk":"unknown","lanes":0,"name":"성암로9길","oneway":false},"geometry":{"type":"LineString","coordinates":[[126.90363,37.57184],[126.903,37.57233],[126.90297,37.57236]]}},{"type":"Feature","properties":{"class":"major","highway":"secondary_link","sidewalk":"likely","lanes":0,"name":"","oneway":true},"geometry":{"type":"LineString","coordinates":[[126.90759,37.56828],[126.90737,37.56844],[126.90681,37.56866],[126.90659,37.56875],[126.9065,37.56878],[126.90636,37.56884],[126.90603,37.56896],[126.90579,37.56905],[126.90553,37.56916],[126.90502,37.56936],[126.90443,37.56957],[126.904,37.5697]]}},{"type":"Feature","properties":{"class":"minor","highway":"residential","sidewalk":"unknown","lanes":0,"name":"성암로3길","oneway":false},"geometry":{"type":"LineString","coordinates":[[126.91132,37.56912],[126.91076,37.56907]]}},{"type":"Feature","properties":{"class":"minor","highway":"residential","sidewalk":"unknown","lanes":0,"name":"새터산14길","oneway":false},"geometry":{"type":"LineString","coordinates":[[126.90751,37.5675],[126.90783,37.56736],[126.90816,37.56723],[126.90874,37.567],[126.90878,37.56685],[126.90884,37.56665]]}},{"type":"Feature","properties":{"class":"minor","highway":"residential","sidewalk":"unknown","lanes":0,"name":"월드컵북로30길","oneway":false},"geometry":{"type":"LineString","coordinates":[[126.90798,37.56875],[126.90784,37.56874],[126.90763,37.56883],[126.90732,37.56882],[126.9072,37.56879],[126.90696,37.5688],[126.90692,37.56881],[126.90688,37.56882],[126.90673,37.56889],[126.90669,37.56889],[126.90664,37.56889],[126.90645,37.56888],[126.90636,37.56884]]}},{"type":"Feature","properties":{"class":"alley","highway":"service","sidewalk":"unknown","lanes":0,"name":"성암로5길","oneway":true},"geometry":{"type":"LineString","coordinates":[[126.91098,37.56802],[126.91072,37.56812],[126.91046,37.56827],[126.91045,37.56828],[126.91042,37.56832],[126.9104,37.56834],[126.91017,37.56863],[126.9101,37.56881],[126.91006,37.56897],[126.91005,37.56903],[126.90995,37.56944],[126.90994,37.56948],[126.9103,37.56952],[126.91067,37.56955]]}},{"type":"Feature","properties":{"class":"minor","highway":"residential","sidewalk":"unknown","lanes":0,"name":"월드컵북로26길","oneway":false},"geometry":{"type":"LineString","coordinates":[[126.91053,37.5667],[126.91061,37.56676],[126.91102,37.56709],[126.91113,37.56722],[126.91124,37.56728],[126.91127,37.56731]]}},{"type":"Feature","properties":{"class":"minor","highway":"residential","sidewalk":"unknown","lanes":0,"name":"새터산길","oneway":false},"geometry":{"type":"LineString","coordinates":[[126.90731,37.5648],[126.90727,37.56503],[126.90721,37.56524],[126.90715,37.56546],[126.90709,37.56568],[126.90703,37.56591],[126.90697,37.56616]]}},{"type":"Feature","properties":{"class":"minor","highway":"residential","sidewalk":"unknown","lanes":0,"name":"성암로9안길","oneway":false},"geometry":{"type":"LineString","coordinates":[[126.90216,37.57296],[126.90276,37.57333],[126.90291,37.57324],[126.90303,37.57318],[126.90313,37.57311],[126.90318,37.57307],[126.9033,37.57297],[126.90333,37.57295],[126.90353,37.57289],[126.90358,37.57288]]}},{"type":"Feature","properties":{"class":"minor","highway":"residential","sidewalk":"unknown","lanes":0,"name":"월드컵북로","oneway":false},"geometry":{"type":"LineString","coordinates":[[126.90436,37.56945],[126.90418,37.56927]]}},{"type":"Feature","properties":{"class":"alley","highway":"service","sidewalk":"unknown","lanes":0,"name":"성산로4길","oneway":false},"geometry":{"type":"LineString","coordinates":[[126.91061,37.56334],[126.9094,37.5638]]}},{"type":"Feature","properties":{"class":"alley","highway":"service","sidewalk":"unknown","lanes":0,"name":"월드컵로26길","oneway":false},"geometry":{"type":"LineString","coordinates":[[126.91162,37.56779],[126.91196,37.56762]]}},{"type":"Feature","properties":{"class":"alley","highway":"service","sidewalk":"unknown","lanes":0,"name":"성미산로11길","oneway":false},"geometry":{"type":"LineString","coordinates":[[126.91548,37.56583],[126.9158,37.56587],[126.91614,37.56592]]}},{"type":"Feature","properties":{"class":"alley","highway":"service","sidewalk":"unknown","lanes":0,"name":"월드컵북로12안길","oneway":false},"geometry":{"type":"LineString","coordinates":[[126.91441,37.56333],[126.91535,37.56346]]}},{"type":"Feature","properties":{"class":"minor","highway":"residential","sidewalk":"unknown","lanes":0,"name":"성암로9안길","oneway":false},"geometry":{"type":"LineString","coordinates":[[126.90313,37.57311],[126.9035,37.57353]]}},{"type":"Feature","properties":{"class":"alley","highway":"service","sidewalk":"unknown","lanes":0,"name":"성산로6길","oneway":false},"geometry":{"type":"LineString","coordinates":[[126.91089,37.56395],[126.91054,37.5639],[126.91051,37.56389],[126.91051,37.56388],[126.91032,37.56386],[126.91036,37.56375],[126.91038,37.56373],[126.91046,37.56372],[126.91061,37.56376],[126.91065,37.56375],[126.91079,37.56373],[126.91088,37.56372]]}},{"type":"Feature","properties":{"class":"alley","highway":"service","sidewalk":"unknown","lanes":0,"name":"월드컵북로","oneway":false},"geometry":{"type":"LineString","coordinates":[[126.91034,37.56688],[126.91077,37.56713]]}},{"type":"Feature","properties":{"class":"minor","highway":"residential","sidewalk":"unknown","lanes":0,"name":"성암로","oneway":false},"geometry":{"type":"LineString","coordinates":[[126.91422,37.56788],[126.91466,37.56834]]}},{"type":"Feature","properties":{"class":"minor","highway":"residential","sidewalk":"unknown","lanes":0,"name":"성암로11길","oneway":false},"geometry":{"type":"LineString","coordinates":[[126.90202,37.57368],[126.90234,37.57343]]}},{"type":"Feature","properties":{"class":"alley","highway":"service","sidewalk":"unknown","lanes":0,"name":"월드컵로26길","oneway":false},"geometry":{"type":"LineString","coordinates":[[126.91149,37.5676],[126.91188,37.56739]]}},{"type":"Feature","properties":{"class":"alley","highway":"service","sidewalk":"unknown","lanes":0,"name":"성산로6길","oneway":false},"geometry":{"type":"LineString","coordinates":[[126.91113,37.56321],[126.91133,37.56345]]}},{"type":"Feature","properties":{"class":"alley","highway":"service","sidewalk":"unknown","lanes":0,"name":"월드컵로26길","oneway":false},"geometry":{"type":"LineString","coordinates":[[126.91136,37.56743],[126.91181,37.56718]]}},{"type":"Feature","properties":{"class":"alley","highway":"service","sidewalk":"unknown","lanes":0,"name":"월드컵로26길","oneway":false},"geometry":{"type":"LineString","coordinates":[[126.91176,37.56799],[126.91209,37.56783]]}},{"type":"Feature","properties":{"class":"alley","highway":"service","sidewalk":"unknown","lanes":0,"name":"월드컵북로","oneway":false},"geometry":{"type":"LineString","coordinates":[[126.90681,37.56866],[126.90692,37.56881]]}},{"type":"Feature","properties":{"class":"minor","highway":"residential","sidewalk":"unknown","lanes":0,"name":"월드컵북로16길","oneway":false},"geometry":{"type":"LineString","coordinates":[[126.91426,37.56255],[126.91482,37.56287]]}},{"type":"Feature","properties":{"class":"alley","highway":"service","sidewalk":"unknown","lanes":0,"name":"새터산14안길","oneway":false},"geometry":{"type":"LineString","coordinates":[[126.90759,37.56704],[126.90797,37.56672]]}},{"type":"Feature","properties":{"class":"alley","highway":"service","sidewalk":"unknown","lanes":0,"name":"월드컵북로31길","oneway":false},"geometry":{"type":"LineString","coordinates":[[126.9071,37.568],[126.90737,37.56801]]}},{"type":"Feature","properties":{"class":"alley","highway":"service","sidewalk":"unknown","lanes":0,"name":"월드컵북로","oneway":false},"geometry":{"type":"LineString","coordinates":[[126.90659,37.56875],[126.90669,37.56889]]}},{"type":"Feature","properties":{"class":"alley","highway":"service","sidewalk":"unknown","lanes":0,"name":"성암로","oneway":false},"geometry":{"type":"LineString","coordinates":[[126.911,37.5694],[126.9111,37.56975]]}},{"type":"Feature","properties":{"class":"alley","highway":"service","sidewalk":"unknown","lanes":0,"name":"성산로6길","oneway":false},"geometry":{"type":"LineString","coordinates":[[126.91055,37.56323],[126.91097,37.56307]]}},{"type":"Feature","properties":{"class":"alley","highway":"service","sidewalk":"unknown","lanes":0,"name":"모래내로7안길","oneway":false},"geometry":{"type":"LineString","coordinates":[[126.90973,37.56822],[126.90931,37.56874]]}},{"type":"Feature","properties":{"class":"alley","highway":"service","sidewalk":"unknown","lanes":0,"name":"모래내로7길","oneway":false},"geometry":{"type":"LineString","coordinates":[[126.90894,37.56784],[126.90926,37.56843]]}},{"type":"Feature","properties":{"class":"alley","highway":"service","sidewalk":"unknown","lanes":0,"name":"새터산7길","oneway":false},"geometry":{"type":"LineString","coordinates":[[126.90634,37.56555],[126.90627,37.56579]]}},{"type":"Feature","properties":{"class":"alley","highway":"service","sidewalk":"unknown","lanes":0,"name":"월드컵북로","oneway":false},"geometry":{"type":"LineString","coordinates":[[126.90961,37.56699],[126.9098,37.56717],[126.90991,37.56724]]}},{"type":"Feature","properties":{"class":"minor","highway":"residential","sidewalk":"unknown","lanes":0,"name":"월드컵북로30길","oneway":false},"geometry":{"type":"LineString","coordinates":[[126.90791,37.56814],[126.908,37.56824],[126.90819,37.56851],[126.90829,37.5684],[126.90873,37.56868],[126.90878,37.56874],[126.90881,37.56877],[126.90893,37.5689],[126.90925,37.56925],[126.90931,37.56931]]}},{"type":"Feature","properties":{"class":"alley","highway":"service","sidewalk":"unknown","lanes":0,"name":"성미산로11길","oneway":false},"geometry":{"type":"LineString","coordinates":[[126.91532,37.56512],[126.91539,37.56477],[126.91568,37.56481]]}},{"type":"Feature","properties":{"class":"alley","highway":"service","sidewalk":"unknown","lanes":0,"name":"월드컵북로","oneway":false},"geometry":{"type":"LineString","coordinates":[[126.9101,37.56631],[126.9104,37.56661],[126.91053,37.5667]]}},{"type":"Feature","properties":{"class":"alley","highway":"service","sidewalk":"unknown","lanes":0,"name":"월드컵북로12안길","oneway":false},"geometry":{"type":"LineString","coordinates":[[126.91311,37.56476],[126.9142,37.56538],[126.91494,37.5655]]}},{"type":"Feature","properties":{"class":"alley","highway":"service","sidewalk":"unknown","lanes":0,"name":"","oneway":false},"geometry":{"type":"LineString","coordinates":[[126.90441,37.56745],[126.90423,37.56757],[126.90419,37.5676],[126.90414,37.56774],[126.90402,37.56808],[126.90398,37.56813],[126.90378,37.56828],[126.90373,37.56832],[126.90343,37.56855],[126.90308,37.56882],[126.90268,37.56913],[126.9026,37.56928],[126.90245,37.56957],[126.9026,37.5697],[126.90308,37.57012],[126.90316,37.57029]]}},{"type":"Feature","properties":{"class":"alley","highway":"service","sidewalk":"unknown","lanes":0,"name":"새터산14길","oneway":false},"geometry":{"type":"LineString","coordinates":[[126.90786,37.56662],[126.90797,37.5666],[126.90878,37.56685]]}},{"type":"Feature","properties":{"class":"alley","highway":"service","sidewalk":"unknown","lanes":0,"name":"월드컵북로","oneway":false},"geometry":{"type":"LineString","coordinates":[[126.91017,37.56703],[126.91025,37.56708],[126.91052,37.56725]]}},{"type":"Feature","properties":{"class":"alley","highway":"service","sidewalk":"unknown","lanes":0,"name":"새터산2길","oneway":false},"geometry":{"type":"LineString","coordinates":[[126.90998,37.56599],[126.91006,37.56577],[126.91013,37.5656]]}},{"type":"Feature","properties":{"class":"alley","highway":"service","sidewalk":"unknown","lanes":0,"name":"새터산길","oneway":false},"geometry":{"type":"LineString","coordinates":[[126.90694,37.56744],[126.90712,37.56738],[126.90732,37.56727]]}},{"type":"Feature","properties":{"class":"alley","highway":"service","sidewalk":"unknown","lanes":0,"name":"월드컵북로","oneway":false},"geometry":{"type":"LineString","coordinates":[[126.90553,37.56916],[126.9057,37.56942],[126.906,37.5693]]}},{"type":"Feature","properties":{"class":"minor","highway":"residential","sidewalk":"unknown","lanes":0,"name":"성암로11길","oneway":false},"geometry":{"type":"LineString","coordinates":[[126.90261,37.57366],[126.9029,37.57345],[126.90302,37.57338]]}},{"type":"Feature","properties":{"class":"alley","highway":"service","sidewalk":"unknown","lanes":0,"name":"모래내로7길","oneway":false},"geometry":{"type":"LineString","coordinates":[[126.90923,37.56772],[126.90948,37.56826],[126.90967,37.56819]]}},{"type":"Feature","properties":{"class":"alley","highway":"service","sidewalk":"unknown","lanes":0,"name":"월드컵북로16길","oneway":false},"geometry":{"type":"LineString","coordinates":[[126.91581,37.563],[126.91594,37.56238],[126.91616,37.56241]]}},{"type":"Feature","properties":{"class":"minor","highway":"residential","sidewalk":"unknown","lanes":0,"name":"성암로9안길","oneway":false},"geometry":{"type":"LineString","coordinates":[[126.90312,37.57352],[126.90302,37.57338],[126.90291,37.57324]]}},{"type":"Feature","properties":{"class":"alley","highway":"service","sidewalk":"unknown","lanes":0,"name":"월드컵북로12길","oneway":false},"geometry":{"type":"LineString","coordinates":[[126.91453,37.56462],[126.91453,37.56483],[126.91454,37.56495],[126.91456,37.56513],[126.91457,37.56515],[126.91459,37.56517],[126.91463,37.5652],[126.9147,37.56524],[126.91496,37.56539]]}},{"type":"Feature","properties":{"class":"minor","highway":"residential","sidewalk":"unknown","lanes":0,"name":"성암로11길","oneway":false},"geometry":{"type":"LineString","coordinates":[[126.90197,37.57311],[126.90234,37.57343],[126.90261,37.57366],[126.90304,37.57404]]}},{"type":"Feature","properties":{"class":"minor","highway":"residential","sidewalk":"unknown","lanes":0,"name":"모래내로1길","oneway":false},"geometry":{"type":"LineString","coordinates":[[126.90258,37.56593],[126.90346,37.56509],[126.90442,37.56419],[126.9045,37.56412]]}},{"type":"Feature","properties":{"class":"alley","highway":"service","sidewalk":"unknown","lanes":0,"name":"월드컵북로15길","oneway":false},"geometry":{"type":"LineString","coordinates":[[126.91216,37.5627],[126.9121,37.56289],[126.91211,37.56295],[126.91213,37.563],[126.91233,37.56315]]}},{"type":"Feature","properties":{"class":"alley","highway":"service","sidewalk":"unknown","lanes":0,"name":"월드컵북로26안길","oneway":false},"geometry":{"type":"LineString","coordinates":[[126.91102,37.56761],[126.91133,37.56808],[126.91138,37.56807],[126.91152,37.56828]]}},{"type":"Feature","properties":{"class":"minor","highway":"residential","sidewalk":"unknown","lanes":0,"name":"성암로1길","oneway":false},"geometry":{"type":"LineString","coordinates":[[126.91185,37.56696],[126.91243,37.56782],[126.91249,37.56791],[126.91293,37.56865],[126.913,37.56877],[126.91312,37.56897]]}},{"type":"Feature","properties":{"class":"alley","highway":"service","sidewalk":"unknown","lanes":0,"name":"월드컵북로31길","oneway":false},"geometry":{"type":"LineString","coordinates":[[126.90695,37.56826],[126.90677,37.56822],[126.90679,37.56806],[126.90672,37.5678]]}},{"type":"Feature","properties":{"class":"minor","highway":"residential","sidewalk":"unknown","lanes":0,"name":"월드컵로34길","oneway":false},"geometry":{"type":"LineString","coordinates":[[126.90257,37.56448],[126.9026,37.56449],[126.90346,37.56509],[126.90431,37.5657],[126.90435,37.56574]]}},{"type":"Feature","properties":{"class":"minor","highway":"residential","sidewalk":"unknown","lanes":0,"name":"월드컵북로","oneway":true},"geometry":{"type":"LineString","coordinates":[[126.90859,37.56789],[126.90834,37.56751]]}},{"type":"Feature","properties":{"class":"alley","highway":"service","sidewalk":"unknown","lanes":0,"name":"","oneway":false},"geometry":{"type":"LineString","coordinates":[[126.90995,37.56555],[126.91013,37.5656],[126.9105,37.56572],[126.9106,37.56567]]}},{"type":"Feature","properties":{"class":"minor","highway":"residential","sidewalk":"unknown","lanes":0,"name":"새터산16길","oneway":true},"geometry":{"type":"LineString","coordinates":[[126.90919,37.56709],[126.90916,37.56717],[126.90834,37.56751],[126.90763,37.5678]]}},{"type":"Feature","properties":{"class":"minor","highway":"residential","sidewalk":"unknown","lanes":0,"name":"월드컵북로","oneway":false},"geometry":{"type":"LineString","coordinates":[[126.90991,37.56724],[126.91002,37.5673],[126.91017,37.56743],[126.91017,37.56747]]}},{"type":"Feature","properties":{"class":"minor","highway":"residential","sidewalk":"unknown","lanes":0,"name":"성암로3나길","oneway":false},"geometry":{"type":"LineString","coordinates":[[126.91078,37.56862],[126.91069,37.56854],[126.91066,37.56852]]}},{"type":"Feature","properties":{"class":"alley","highway":"service","sidewalk":"unknown","lanes":0,"name":"성암로5안길","oneway":false},"geometry":{"type":"LineString","coordinates":[[126.90946,37.56881],[126.90989,37.56831],[126.9101,37.56806],[126.91011,37.56804],[126.91015,37.56802],[126.9103,37.56798]]}},{"type":"Feature","properties":{"class":"minor","highway":"residential","sidewalk":"unknown","lanes":0,"name":"","oneway":false},"geometry":{"type":"LineString","coordinates":[[126.9033,37.57297],[126.90345,37.5731],[126.90353,37.57308],[126.90382,37.57334]]}},{"type":"Feature","properties":{"class":"minor","highway":"residential","sidewalk":"unknown","lanes":0,"name":"월드컵북로22길","oneway":false},"geometry":{"type":"LineString","coordinates":[[126.9143,37.56487],[126.91345,37.56439],[126.91289,37.56407]]}},{"type":"Feature","properties":{"class":"minor","highway":"residential","sidewalk":"unknown","lanes":0,"name":"","oneway":false},"geometry":{"type":"LineString","coordinates":[[126.91014,37.56477],[126.91051,37.56469],[126.91063,37.56466],[126.91073,37.56462],[126.91084,37.56454]]}},{"type":"Feature","properties":{"class":"minor","highway":"residential","sidewalk":"unknown","lanes":0,"name":"성암로9길","oneway":false},"geometry":{"type":"LineString","coordinates":[[126.90297,37.57236],[126.90358,37.57288],[126.90397,37.57325],[126.90413,37.57341]]}},{"type":"Feature","properties":{"class":"alley","highway":"service","sidewalk":"unknown","lanes":0,"name":"월드컵로36길","oneway":false},"geometry":{"type":"LineString","coordinates":[[126.90523,37.56814],[126.90531,37.5681],[126.90542,37.5681]]}},{"type":"Feature","properties":{"class":"minor","highway":"residential","sidewalk":"unknown","lanes":0,"name":"월드컵북로36길","oneway":false},"geometry":{"type":"LineString","coordinates":[[126.90378,37.56983],[126.90391,37.56986],[126.90395,37.56987],[126.90471,37.57004],[126.90511,37.57013],[126.9053,37.57025],[126.90535,37.57024],[126.9055,37.57023],[126.90565,37.57021],[126.90619,37.56997],[126.90623,37.56995],[126.90609,37.56968],[126.9064,37.56953],[126.90647,37.56949]]}},{"type":"Feature","properties":{"class":"alley","highway":"service","sidewalk":"unknown","lanes":0,"name":"월드컵북로","oneway":false},"geometry":{"type":"LineString","coordinates":[[126.91263,37.56334],[126.91323,37.56369]]}},{"type":"Feature","properties":{"class":"alley","highway":"service","sidewalk":"unknown","lanes":0,"name":"모래내로7길","oneway":false},"geometry":{"type":"LineString","coordinates":[[126.91212,37.56677],[126.91221,37.56684],[126.91233,37.567],[126.91249,37.56697],[126.91276,37.5674]]}},{"type":"Feature","properties":{"class":"alley","highway":"service","sidewalk":"unknown","lanes":0,"name":"새터산10길","oneway":true},"geometry":{"type":"LineString","coordinates":[[126.90891,37.56638],[126.90796,37.56607],[126.90703,37.56591]]}},{"type":"Feature","properties":{"class":"minor","highway":"residential","sidewalk":"unknown","lanes":0,"name":"모래내로","oneway":false},"geometry":{"type":"LineString","coordinates":[[126.91289,37.56639],[126.91289,37.56655],[126.9129,37.56672],[126.91296,37.56693],[126.91336,37.56754]]}},{"type":"Feature","properties":{"class":"minor","highway":"residential","sidewalk":"unknown","lanes":0,"name":"월드컵북로27길","oneway":false},"geometry":{"type":"LineString","coordinates":[[126.90916,37.56663],[126.90929,37.567],[126.90923,37.56704],[126.90919,37.56709]]}},{"type":"Feature","properties":{"class":"alley","highway":"service","sidewalk":"unknown","lanes":0,"name":"새터산4길","oneway":true},"geometry":{"type":"LineString","coordinates":[[126.90721,37.56524],[126.90814,37.56542],[126.90909,37.5657],[126.90962,37.56587],[126.90971,37.56566]]}},{"type":"Feature","properties":{"class":"alley","highway":"service","sidewalk":"unknown","lanes":0,"name":"성산로4안길","oneway":false},"geometry":{"type":"LineString","coordinates":[[126.90969,37.56287],[126.91003,37.56294],[126.91018,37.5632]]}},{"type":"Feature","properties":{"class":"alley","highway":"service","sidewalk":"unknown","lanes":0,"name":"모래내로7길","oneway":false},"geometry":{"type":"LineString","coordinates":[[126.91023,37.56778],[126.91014,37.56751],[126.91017,37.56747]]}},{"type":"Feature","properties":{"class":"minor","highway":"residential","sidewalk":"unknown","lanes":0,"name":"성산로6길","oneway":false},"geometry":{"type":"LineString","coordinates":[[126.91047,37.5631],[126.91055,37.56323],[126.91061,37.56334],[126.91069,37.5635],[126.91073,37.56359],[126.91085,37.56366],[126.91088,37.56372]]}},{"type":"Feature","properties":{"class":"alley","highway":"service","sidewalk":"unknown","lanes":0,"name":"모래내로7안길","oneway":false},"geometry":{"type":"LineString","coordinates":[[126.90938,37.56768],[126.90965,37.56817],[126.90967,37.56819],[126.90973,37.56822],[126.90989,37.56831]]}},{"type":"Feature","properties":{"class":"minor","highway":"residential","sidewalk":"unknown","lanes":0,"name":"성암로9길","oneway":false},"geometry":{"type":"LineString","coordinates":[[126.90397,37.57325],[126.90382,37.57334],[126.9035,37.57353],[126.90329,37.57365],[126.90323,37.57381],[126.90327,37.5739]]}},{"type":"Feature","properties":{"class":"alley","highway":"service","sidewalk":"unknown","lanes":0,"name":"월드컵북로33길","oneway":false},"geometry":{"type":"LineString","coordinates":[[126.90641,37.56814],[126.9064,37.5683],[126.90641,37.56833],[126.90642,37.56852],[126.90645,37.56858],[126.90649,37.56861]]}},{"type":"Feature","properties":{"class":"alley","highway":"service","sidewalk":"unknown","lanes":0,"name":"새터산6길","oneway":true},"geometry":{"type":"LineString","coordinates":[[126.90919,37.56597],[126.90903,37.56593],[126.90808,37.56562],[126.90715,37.56546]]}},{"type":"Feature","properties":{"class":"alley","highway":"service","sidewalk":"unknown","lanes":0,"name":"성암로5길","oneway":false},"geometry":{"type":"LineString","coordinates":[[126.90968,37.56966],[126.9099,37.56968],[126.91019,37.56971],[126.91027,37.5698],[126.91035,37.56996],[126.91038,37.57004]]}},{"type":"Feature","properties":{"class":"minor","highway":"residential","sidewalk":"unknown","lanes":0,"name":"모래내로3길","oneway":false},"geometry":{"type":"LineString","coordinates":[[126.90459,37.56639],[126.90454,37.56633],[126.9043,37.56613],[126.90427,37.56594],[126.90435,37.56574]]}},{"type":"Feature","properties":{"class":"alley","highway":"service","sidewalk":"unknown","lanes":0,"name":"새터산8길","oneway":true},"geometry":{"type":"LineString","coordinates":[[126.90709,37.56568],[126.90802,37.56585],[126.90897,37.56615]]}},{"type":"Feature","properties":{"class":"alley","highway":"service","sidewalk":"unknown","lanes":0,"name":"성암로5안길","oneway":false},"geometry":{"type":"LineString","coordinates":[[126.90982,37.56794],[126.91,37.56788],[126.91009,37.56802],[126.91011,37.56804],[126.91014,37.56806],[126.9103,37.56816],[126.91045,37.56828]]}},{"type":"Feature","properties":{"class":"minor","highway":"residential","sidewalk":"unknown","lanes":0,"name":"모래내로3길","oneway":false},"geometry":{"type":"LineString","coordinates":[[126.9058,37.56445],[126.90571,37.56456],[126.90522,37.56499],[126.90463,37.56551],[126.90435,37.56574],[126.90337,37.56659]]}},{"type":"Feature","properties":{"class":"alley","highway":"service","sidewalk":"unknown","lanes":0,"name":"새터산14길","oneway":false},"geometry":{"type":"LineString","coordinates":[[126.9077,37.56646],[126.90786,37.56662],[126.90794,37.5667],[126.90797,37.56672],[126.90802,37.56674],[126.90867,37.56697],[126.90874,37.567]]}},{"type":"Feature","properties":{"class":"alley","highway":"service","sidewalk":"unknown","lanes":0,"name":"월드컵북로31길","oneway":false},"geometry":{"type":"LineString","coordinates":[[126.90759,37.56828],[126.90748,37.56818],[126.90737,37.56802],[126.90737,37.56801],[126.90741,37.56782],[126.90733,37.56761]]}},{"type":"Feature","properties":{"class":"minor","highway":"residential","sidewalk":"unknown","lanes":0,"name":"성암로3길","oneway":false},"geometry":{"type":"LineString","coordinates":[[126.91086,37.5677],[126.91102,37.56761]]}},{"type":"Feature","properties":{"class":"minor","highway":"residential","sidewalk":"unknown","lanes":0,"name":"월드컵로26길","oneway":false},"geometry":{"type":"LineString","coordinates":[[126.91127,37.56731],[126.91131,37.56736],[126.91136,37.56743],[126.91149,37.5676],[126.91162,37.56779],[126.91165,37.56782],[126.91176,37.56799],[126.91187,37.56815]]}},{"type":"Feature","properties":{"class":"alley","highway":"service","sidewalk":"unknown","lanes":0,"name":"월드컵북로31길","oneway":false},"geometry":{"type":"LineString","coordinates":[[126.90689,37.56845],[126.9069,37.5684],[126.90695,37.56826],[126.90696,37.56824],[126.9071,37.568],[126.9071,37.56798],[126.90699,37.5676]]}},{"type":"Feature","properties":{"class":"minor","highway":"residential","sidewalk":"unknown","lanes":2,"name":"월드컵북로38길","oneway":false},"geometry":{"type":"LineString","coordinates":[[126.90566,37.57251],[126.90554,37.5724],[126.90515,37.57205],[126.90492,37.57185],[126.9043,37.5713],[126.90382,37.57088],[126.90376,37.57082],[126.90342,37.57052],[126.90316,37.57029]]}},{"type":"Feature","properties":{"class":"minor","highway":"residential","sidewalk":"unknown","lanes":0,"name":"성암로3나길","oneway":false},"geometry":{"type":"LineString","coordinates":[[126.9103,37.56952],[126.91041,37.56902],[126.91046,37.56886],[126.91052,37.5687],[126.91063,37.56854],[126.91066,37.56852],[126.9107,37.5685],[126.91084,37.56841],[126.9111,37.56832]]}},{"type":"Feature","properties":{"class":"alley","highway":"service","sidewalk":"unknown","lanes":0,"name":"새터산14안길","oneway":true},"geometry":{"type":"LineString","coordinates":[[126.90783,37.56736],[126.90763,37.56708],[126.90759,37.56704],[126.90756,37.567],[126.90733,37.56675],[126.90725,37.56661],[126.90724,37.56653],[126.90734,37.56622]]}},{"type":"Feature","properties":{"class":"alley","highway":"service","sidewalk":"unknown","lanes":0,"name":"월드컵북로31길","oneway":false},"geometry":{"type":"LineString","coordinates":[[126.90654,37.56785],[126.90668,37.56781],[126.90672,37.5678],[126.90685,37.5677],[126.90686,37.56764],[126.90699,37.5676],[126.90718,37.56754]]}},{"type":"Feature","properties":{"class":"alley","highway":"service","sidewalk":"unknown","lanes":0,"name":"모래내로5길","oneway":false},"geometry":{"type":"LineString","coordinates":[[126.90956,37.56668],[126.9095,37.56655],[126.90945,37.56637],[126.90948,37.5663],[126.90966,37.56611],[126.90979,37.56606],[126.91,37.56603],[126.91034,37.56602]]}},{"type":"Feature","properties":{"class":"minor","highway":"residential","sidewalk":"unknown","lanes":0,"name":"모래내로9길","oneway":false},"geometry":{"type":"LineString","coordinates":[[126.91383,37.56668],[126.91343,37.5675],[126.91336,37.56754],[126.91328,37.56759],[126.91249,37.56791],[126.91221,37.56802],[126.91187,37.56815],[126.91152,37.56828],[126.91138,37.56834],[126.91114,37.56842]]}},{"type":"Feature","properties":{"class":"alley","highway":"service","sidewalk":"unknown","lanes":0,"name":"새터산2길","oneway":true},"geometry":{"type":"LineString","coordinates":[[126.91041,37.56589],[126.91006,37.56577],[126.90971,37.56566],[126.9094,37.56555],[126.90915,37.56547],[126.9082,37.56517],[126.90727,37.56503]]}},{"type":"Feature","properties":{"class":"alley","highway":"service","sidewalk":"unknown","lanes":0,"name":"모래내로5길","oneway":false},"geometry":{"type":"LineString","coordinates":[[126.9095,37.56655],[126.90998,37.56638],[126.91008,37.56633],[126.9101,37.56631],[126.91019,37.56623],[126.91033,37.56604],[126.91034,37.56602],[126.91041,37.56589],[126.9105,37.56572]]}},{"type":"Feature","properties":{"class":"minor","highway":"residential","sidewalk":"unknown","lanes":0,"name":"월드컵북로30길","oneway":false},"geometry":{"type":"LineString","coordinates":[[126.9096,37.56888],[126.90955,37.56913],[126.90947,37.56914],[126.90931,37.56931],[126.90928,37.56937],[126.90907,37.56978],[126.90895,37.5698],[126.90891,37.56981],[126.90887,37.56983]]}},{"type":"Feature","properties":{"class":"minor","highway":"residential","sidewalk":"unknown","lanes":0,"name":"월드컵북로30길","oneway":false},"geometry":{"type":"LineString","coordinates":[[126.90668,37.56959],[126.9074,37.5692],[126.90777,37.56899],[126.90798,37.56875],[126.90808,37.56864],[126.90819,37.56851]]}},{"type":"Feature","properties":{"class":"major","highway":"primary","sidewalk":"likely","lanes":4,"name":"월드컵로","oneway":true},"geometry":{"type":"LineString","coordinates":[[126.90157,37.56534],[126.90161,37.56525],[126.902,37.56491],[126.90247,37.56442],[126.90273,37.56416],[126.90306,37.56381],[126.9033,37.56356]]}},{"type":"Feature","properties":{"class":"major","highway":"primary","sidewalk":"likely","lanes":4,"name":"","oneway":true},"geometry":{"type":"LineString","coordinates":[[126.9033,37.56356],[126.90344,37.5634],[126.90364,37.56318]]}},{"type":"Feature","properties":{"class":"major","highway":"tertiary","sidewalk":"likely","lanes":0,"name":"수색로","oneway":false},"geometry":{"type":"LineString","coordinates":[[126.90837,37.57236],[126.90844,37.57244],[126.90887,37.57295],[126.90904,37.57314],[126.90928,37.57341],[126.90958,37.57367],[126.90991,37.57387],[126.91027,37.57405],[126.91054,37.57416]]}},{"type":"Feature","properties":{"class":"major","highway":"secondary","sidewalk":"likely","lanes":0,"name":"수색로6길","oneway":false},"geometry":{"type":"LineString","coordinates":[[126.91288,37.57032],[126.91296,37.57042],[126.91319,37.57068]]}},{"type":"Feature","properties":{"class":"alley","highway":"service","sidewalk":"unknown","lanes":0,"name":"","oneway":false},"geometry":{"type":"LineString","coordinates":[[126.90245,37.56957],[126.90218,37.56975],[126.90206,37.56983],[126.90199,37.56988],[126.90166,37.57013],[126.90155,37.57022],[126.90141,37.57033],[126.90109,37.57057],[126.90101,37.57069],[126.90102,37.57072],[126.90172,37.57136]]}},{"type":"Feature","properties":{"class":"alley","highway":"service","sidewalk":"unknown","lanes":0,"name":"","oneway":false},"geometry":{"type":"LineString","coordinates":[[126.90127,37.5717],[126.90164,37.57198]]}},{"type":"Feature","properties":{"class":"alley","highway":"service","sidewalk":"unknown","lanes":0,"name":"","oneway":false},"geometry":{"type":"LineString","coordinates":[[126.90164,37.57198],[126.90163,37.57248],[126.90162,37.5727],[126.90162,37.57283],[126.90163,37.57326],[126.90061,37.57324]]}},{"type":"Feature","properties":{"class":"alley","highway":"service","sidewalk":"unknown","lanes":0,"name":"","oneway":false},"geometry":{"type":"LineString","coordinates":[[126.90322,37.57119],[126.90216,37.57199],[126.90164,37.57198]]}},{"type":"Feature","properties":{"class":"major","highway":"primary_link","sidewalk":"likely","lanes":0,"name":"","oneway":false},"geometry":{"type":"LineString","coordinates":[[126.91188,37.57067],[126.91179,37.57057],[126.91173,37.57049],[126.91171,37.57045],[126.91173,37.57041],[126.9118,37.57032],[126.9118,37.57027],[126.9118,37.57025],[126.91174,37.57017],[126.91168,37.57013],[126.91164,37.57009],[126.91154,37.57003],[126.91145,37.56989],[126.91129,37.56968]]}},{"type":"Feature","properties":{"class":"major","highway":"primary","sidewalk":"likely","lanes":3,"name":"증산로","oneway":true},"geometry":{"type":"LineString","coordinates":[[126.90056,37.57538],[126.89979,37.57453],[126.89917,37.57385],[126.89879,37.57343]]}},{"type":"Feature","properties":{"class":"alley","highway":"service","sidewalk":"unknown","lanes":0,"name":"방울내로","oneway":false},"geometry":{"type":"LineString","coordinates":[[126.90327,37.56261],[126.90376,37.56275]]}},{"type":"Feature","properties":{"class":"major","highway":"secondary","sidewalk":"likely","lanes":0,"name":"가재울미래로","oneway":false},"geometry":{"type":"LineString","coordinates":[[126.91401,37.57166],[126.91452,37.57224],[126.91473,37.57242]]}},{"type":"Feature","properties":{"class":"major","highway":"tertiary","sidewalk":"likely","lanes":0,"name":"가재울미래로","oneway":false},"geometry":{"type":"LineString","coordinates":[[126.91473,37.57242],[126.91549,37.57191],[126.91566,37.57183],[126.91659,37.57123],[126.91697,37.571],[126.91765,37.57055],[126.91853,37.57]]}},{"type":"Feature","properties":{"class":"minor","highway":"residential","sidewalk":"unknown","lanes":0,"name":"수색로4길","oneway":false},"geometry":{"type":"LineString","coordinates":[[126.91442,37.56958],[126.91447,37.56964],[126.91504,37.57022],[126.91537,37.57056],[126.91549,37.57089],[126.91545,37.57133]]}},{"type":"Feature","properties":{"class":"minor","highway":"residential","sidewalk":"unknown","lanes":0,"name":"수색로4가길","oneway":false},"geometry":{"type":"LineString","coordinates":[[126.91352,37.57105],[126.91367,37.57097],[126.91504,37.57022]]}},{"type":"Feature","properties":{"class":"minor","highway":"residential","sidewalk":"unknown","lanes":0,"name":"수색로4나길","oneway":false},"geometry":{"type":"LineString","coordinates":[[126.9138,37.57136],[126.91489,37.57134],[126.91545,37.57133]]}},{"type":"Feature","properties":{"class":"minor","highway":"residential","sidewalk":"unknown","lanes":0,"name":"","oneway":false},"geometry":{"type":"LineString","coordinates":[[126.91545,37.57133],[126.91548,37.57146],[126.91556,37.57164],[126.91566,37.57183]]}},{"type":"Feature","properties":{"class":"minor","highway":"residential","sidewalk":"unknown","lanes":0,"name":"수색로2길","oneway":false},"geometry":{"type":"LineString","coordinates":[[126.91608,37.56878],[126.91611,37.56887],[126.91607,37.56918],[126.91607,37.56938],[126.91605,37.56947],[126.91606,37.56971],[126.9161,37.57004],[126.91612,37.57014],[126.91613,37.57024],[126.9162,37.57045],[126.91629,37.57068],[126.9163,37.57069],[126.91659,37.57123]]}},{"type":"Feature","properties":{"class":"minor","highway":"residential","sidewalk":"unknown","lanes":0,"name":"모래내로","oneway":false},"geometry":{"type":"LineString","coordinates":[[126.91789,37.56947],[126.91726,37.56998],[126.91686,37.57027],[126.91682,37.57029],[126.91667,37.57038],[126.91664,37.57048],[126.91657,37.57051],[126.91651,37.57055],[126.91629,37.57068]]}},{"type":"Feature","properties":{"class":"minor","highway":"residential","sidewalk":"unknown","lanes":0,"name":"모래내로13길","oneway":false},"geometry":{"type":"LineString","coordinates":[[126.91682,37.57029],[126.9165,37.56997],[126.91641,37.56945],[126.91646,37.56941],[126.91676,37.56938],[126.91688,37.56962],[126.91726,37.56998]]}},{"type":"Feature","properties":{"class":"minor","highway":"residential","sidewalk":"unknown","lanes":0,"name":"모래내로13길","oneway":false},"geometry":{"type":"LineString","coordinates":[[126.91676,37.56938],[126.91679,37.56882]]}},{"type":"Feature","properties":{"class":"minor","highway":"residential","sidewalk":"unknown","lanes":0,"name":"수색로2길","oneway":false},"geometry":{"type":"LineString","coordinates":[[126.91504,37.57022],[126.91606,37.56971]]}},{"type":"Feature","properties":{"class":"minor","highway":"residential","sidewalk":"unknown","lanes":0,"name":"모래내로13길","oneway":false},"geometry":{"type":"LineString","coordinates":[[126.91726,37.56998],[126.91765,37.57055]]}},{"type":"Feature","properties":{"class":"minor","highway":"residential","sidewalk":"unknown","lanes":0,"name":"","oneway":false},"geometry":{"type":"LineString","coordinates":[[126.91765,37.57055],[126.918,37.57074],[126.91845,37.57108],[126.91848,37.5711],[126.91887,37.5714],[126.91889,37.57141],[126.91933,37.57162],[126.91971,37.57183],[126.92003,37.5721],[126.92019,37.57225],[126.92029,37.57244],[126.92072,37.57282]]}},{"type":"Feature","properties":{"class":"minor","highway":"residential","sidewalk":"unknown","lanes":0,"name":"","oneway":false},"geometry":{"type":"LineString","coordinates":[[126.91549,37.57191],[126.9171,37.57319],[126.91741,37.57364],[126.91841,37.57438],[126.9185,37.57445]]}},{"type":"Feature","properties":{"class":"alley","highway":"service","sidewalk":"unknown","lanes":0,"name":"","oneway":false},"geometry":{"type":"LineString","coordinates":[[126.91063,37.57559],[126.9115,37.57531],[126.91195,37.57527]]}},{"type":"Feature","properties":{"class":"alley","highway":"service","sidewalk":"unknown","lanes":0,"name":"","oneway":false},"geometry":{"type":"LineString","coordinates":[[126.9162,37.57664],[126.91598,37.57706],[126.91599,37.57716],[126.917,37.57848],[126.91702,37.57857],[126.917,37.57886],[126.91701,37.57904]]}},{"type":"Feature","properties":{"class":"minor","highway":"residential","sidewalk":"unknown","lanes":0,"name":"증가로","oneway":false},"geometry":{"type":"LineString","coordinates":[[126.91521,37.57718],[126.91523,37.57709],[126.91533,37.57696],[126.91547,37.57678],[126.91562,37.57666],[126.91577,37.5766],[126.91592,37.57657],[126.91611,37.57659],[126.9162,37.57664]]}},{"type":"Feature","properties":{"class":"minor","highway":"residential","sidewalk":"unknown","lanes":0,"name":"거북골로14가길","oneway":false},"geometry":{"type":"LineString","coordinates":[[126.91521,37.57718],[126.91507,37.57721],[126.91473,37.57727],[126.91429,37.57734],[126.91414,37.57737],[126.91391,37.5774]]}},{"type":"Feature","properties":{"class":"minor","highway":"residential","sidewalk":"unknown","lanes":0,"name":"가재울로","oneway":false},"geometry":{"type":"LineString","coordinates":[[126.92074,37.57629],[126.92035,37.57597],[126.92007,37.57575],[126.91976,37.57549],[126.91956,37.57532],[126.91889,37.57475],[126.9187,37.57458],[126.9185,37.57445]]}},{"type":"Feature","properties":{"class":"minor","highway":"residential","sidewalk":"unknown","lanes":0,"name":"거북골로12라길","oneway":false},"geometry":{"type":"LineString","coordinates":[[126.9174,37.57743],[126.91712,37.57747],[126.9169,37.57727],[126.91688,37.57726],[126.91682,37.57716],[126.91681,37.57714],[126.91675,37.57689]]}},{"type":"Feature","properties":{"class":"major","highway":"tertiary","sidewalk":"likely","lanes":0,"name":"거북골로16길","oneway":false},"geometry":{"type":"LineString","coordinates":[[126.91127,37.57665],[126.91146,37.5768],[126.91166,37.57696],[126.91173,37.57702],[126.91182,37.57705],[126.91284,37.57736],[126.91287,37.57736],[126.91298,37.57738],[126.91303,37.57739],[126.91321,37.57739],[126.9135,37.57739],[126.91383,37.5774],[126.91391,37.5774]]}},{"type":"Feature","properties":{"class":"minor","highway":"residential","sidewalk":"unknown","lanes":0,"name":"거북골로18다길","oneway":false},"geometry":{"type":"LineString","coordinates":[[126.91139,37.57897],[126.91207,37.57901],[126.91215,37.57901],[126.91237,37.57902],[126.91257,37.57904],[126.91266,37.57904],[126.91299,37.57906],[126.91316,37.57908],[126.91328,37.57908]]}},{"type":"Feature","properties":{"class":"minor","highway":"residential","sidewalk":"unknown","lanes":0,"name":"증가로23길","oneway":false},"geometry":{"type":"LineString","coordinates":[[126.91518,37.58087],[126.91476,37.58071],[126.91461,37.58066],[126.9143,37.58055],[126.91354,37.58029],[126.91308,37.58011],[126.91256,37.57993]]}},{"type":"Feature","properties":{"class":"minor","highway":"residential","sidewalk":"unknown","lanes":0,"name":"증가로17길","oneway":false},"geometry":{"type":"LineString","coordinates":[[126.91479,37.57967],[126.91461,37.57958],[126.91408,37.57915]]}},{"type":"Feature","properties":{"class":"minor","highway":"residential","sidewalk":"unknown","lanes":0,"name":"증가로17길","oneway":false},"geometry":{"type":"LineString","coordinates":[[126.91454,37.58012],[126.9147,37.57983],[126.91479,37.57967],[126.91491,37.57944],[126.91502,37.57924],[126.91624,37.57965],[126.9163,37.57966],[126.91641,37.57981]]}},{"type":"Feature","properties":{"class":"minor","highway":"residential","sidewalk":"unknown","lanes":0,"name":"증가로17길","oneway":false},"geometry":{"type":"LineString","coordinates":[[126.91476,37.57868],[126.91502,37.57924]]}},{"type":"Feature","properties":{"class":"minor","highway":"residential","sidewalk":"unknown","lanes":0,"name":"거북골로14라길","oneway":false},"geometry":{"type":"LineString","coordinates":[[126.9144,37.57873],[126.91476,37.57868]]}},{"type":"Feature","properties":{"class":"minor","highway":"residential","sidewalk":"unknown","lanes":0,"name":"거북골로14가길","oneway":false},"geometry":{"type":"LineString","coordinates":[[126.91514,37.57747],[126.91507,37.57721]]}},{"type":"Feature","properties":{"class":"minor","highway":"residential","sidewalk":"unknown","lanes":0,"name":"거북골로14가길","oneway":false},"geometry":{"type":"LineString","coordinates":[[126.91529,37.57808],[126.91514,37.57747]]}},{"type":"Feature","properties":{"class":"minor","highway":"residential","sidewalk":"unknown","lanes":0,"name":"거북골로14다길","oneway":false},"geometry":{"type":"LineString","coordinates":[[126.91495,37.57814],[126.91497,37.57821],[126.91507,37.57859],[126.9151,37.57862]]}},{"type":"Feature","properties":{"class":"minor","highway":"residential","sidewalk":"unknown","lanes":0,"name":"거북골로14가길","oneway":false},"geometry":{"type":"LineString","coordinates":[[126.91495,37.57814],[126.9148,37.57752]]}},{"type":"Feature","properties":{"class":"minor","highway":"residential","sidewalk":"unknown","lanes":0,"name":"거북골로14다길","oneway":false},"geometry":{"type":"LineString","coordinates":[[126.91462,37.57819],[126.91473,37.57864],[126.91476,37.57868]]}},{"type":"Feature","properties":{"class":"minor","highway":"residential","sidewalk":"unknown","lanes":0,"name":"거북골로14라길","oneway":false},"geometry":{"type":"LineString","coordinates":[[126.9151,37.57862],[126.91514,37.57867],[126.91531,37.57907]]}},{"type":"Feature","properties":{"class":"minor","highway":"residential","sidewalk":"unknown","lanes":0,"name":"거북골로14길","oneway":false},"geometry":{"type":"LineString","coordinates":[[126.91279,37.57952],[126.91286,37.57947],[126.91294,37.57911],[126.91299,37.57906]]}},{"type":"Feature","properties":{"class":"minor","highway":"residential","sidewalk":"unknown","lanes":0,"name":"응암로","oneway":false},"geometry":{"type":"LineString","coordinates":[[126.912,37.57977],[126.91144,37.58006],[126.91088,37.58032]]}},{"type":"Feature","properties":{"class":"minor","highway":"residential","sidewalk":"unknown","lanes":0,"name":"증가로23다길","oneway":false},"geometry":{"type":"LineString","coordinates":[[126.91328,37.57908],[126.91368,37.5791],[126.91382,37.5791],[126.91402,37.57912],[126.91408,37.57915]]}},{"type":"Feature","properties":{"class":"minor","highway":"residential","sidewalk":"unknown","lanes":0,"name":"거북골로18길","oneway":false},"geometry":{"type":"LineString","coordinates":[[126.91133,37.57825],[126.9113,37.5784],[126.91125,37.57866],[126.91123,37.57872],[126.91121,37.57875]]}},{"type":"Feature","properties":{"class":"minor","highway":"residential","sidewalk":"unknown","lanes":0,"name":"거북골로16길","oneway":false},"geometry":{"type":"LineString","coordinates":[[126.91347,37.57822],[126.9135,37.57739]]}},{"type":"Feature","properties":{"class":"minor","highway":"residential","sidewalk":"unknown","lanes":0,"name":"거북골로24길","oneway":false},"geometry":{"type":"LineString","coordinates":[[126.9071,37.57961],[126.90751,37.57999],[126.90774,37.5802],[126.90815,37.5806],[126.90854,37.58097],[126.90888,37.58129],[126.90925,37.58165],[126.90957,37.58194],[126.90967,37.58202]]}},{"type":"Feature","properties":{"class":"minor","highway":"residential","sidewalk":"unknown","lanes":0,"name":"수색로8길","oneway":false},"geometry":{"type":"LineString","coordinates":[[126.90571,37.57756],[126.90628,37.57719],[126.90643,37.57709],[126.90668,37.57693],[126.90698,37.57673],[126.90721,37.57658],[126.90723,37.57653],[126.90721,37.57649],[126.90688,37.57618],[126.90674,37.57604],[126.90653,37.57584],[126.90627,37.5756],[126.90609,37.57542],[126.90558,37.57493],[126.90547,37.57486]]}},{"type":"Feature","properties":{"class":"minor","highway":"residential","sidewalk":"unknown","lanes":0,"name":"응암로","oneway":false},"geometry":{"type":"LineString","coordinates":[[126.90653,37.57584],[126.90719,37.57541]]}},{"type":"Feature","properties":{"class":"minor","highway":"residential","sidewalk":"unknown","lanes":0,"name":"수색로8가길","oneway":false},"geometry":{"type":"LineString","coordinates":[[126.90592,37.57684],[126.90557,37.57649]]}},{"type":"Feature","properties":{"class":"minor","highway":"residential","sidewalk":"unknown","lanes":0,"name":"수색로8길","oneway":false},"geometry":{"type":"LineString","coordinates":[[126.90628,37.57719],[126.90636,37.57726],[126.90642,37.57728],[126.90664,37.57749],[126.90677,37.57742],[126.90703,37.57726],[126.90732,37.57709],[126.90698,37.57673]]}},{"type":"Feature","properties":{"class":"minor","highway":"residential","sidewalk":"unknown","lanes":0,"name":"수색로8나길","oneway":false},"geometry":{"type":"LineString","coordinates":[[126.90628,37.57719],[126.90592,37.57684]]}},{"type":"Feature","properties":{"class":"minor","highway":"residential","sidewalk":"unknown","lanes":0,"name":"거북골로21길","oneway":false},"geometry":{"type":"LineString","coordinates":[[126.90637,37.5789],[126.90712,37.5784]]}},{"type":"Feature","properties":{"class":"minor","highway":"residential","sidewalk":"unknown","lanes":0,"name":"거북골로23길","oneway":false},"geometry":{"type":"LineString","coordinates":[[126.90637,37.5789],[126.90589,37.5792]]}},{"type":"Feature","properties":{"class":"minor","highway":"residential","sidewalk":"unknown","lanes":0,"name":"거북골로20길","oneway":false},"geometry":{"type":"LineString","coordinates":[[126.91149,37.58112],[126.91117,37.5807],[126.91088,37.58032],[126.91058,37.57993],[126.91028,37.57954],[126.90995,37.57913],[126.90978,37.57891],[126.90957,37.57864],[126.90921,37.57819]]}},{"type":"Feature","properties":{"class":"minor","highway":"residential","sidewalk":"unknown","lanes":0,"name":"거북골로19길","oneway":false},"geometry":{"type":"LineString","coordinates":[[126.90921,37.57819],[126.90905,37.57804],[126.90887,37.57786],[126.90877,37.57777],[126.90859,37.5776],[126.90849,37.5775],[126.90807,37.5771]]}},{"type":"Feature","properties":{"class":"minor","highway":"residential","sidewalk":"unknown","lanes":0,"name":"응암로","oneway":false},"geometry":{"type":"LineString","coordinates":[[126.91028,37.57954],[126.91077,37.5792],[126.91129,37.57892]]}},{"type":"Feature","properties":{"class":"minor","highway":"residential","sidewalk":"unknown","lanes":0,"name":"거북골로20길","oneway":false},"geometry":{"type":"LineString","coordinates":[[126.90852,37.57931],[126.90886,37.57909],[126.90957,37.57864]]}},{"type":"Feature","properties":{"class":"minor","highway":"residential","sidewalk":"unknown","lanes":0,"name":"거북골로20길","oneway":false},"geometry":{"type":"LineString","coordinates":[[126.90919,37.58009],[126.90946,37.57995],[126.91028,37.57954]]}},{"type":"Feature","properties":{"class":"minor","highway":"residential","sidewalk":"unknown","lanes":0,"name":"증가로12길","oneway":false},"geometry":{"type":"LineString","coordinates":[[126.91943,37.58032],[126.91995,37.57957],[126.92006,37.5793],[126.92006,37.57918],[126.91901,37.57845],[126.91889,37.57841]]}},{"type":"Feature","properties":{"class":"minor","highway":"residential","sidewalk":"unknown","lanes":0,"name":"증산로3길","oneway":false},"geometry":{"type":"LineString","coordinates":[[126.90447,37.57994],[126.90538,37.58081]]}},{"type":"Feature","properties":{"class":"minor","highway":"residential","sidewalk":"unknown","lanes":0,"name":"","oneway":false},"geometry":{"type":"LineString","coordinates":[[126.90447,37.57994],[126.90491,37.57963],[126.90497,37.57958]]}},{"type":"Feature","properties":{"class":"minor","highway":"residential","sidewalk":"unknown","lanes":0,"name":"모래내로9길","oneway":false},"geometry":{"type":"LineString","coordinates":[[126.91187,37.56815],[126.91191,37.56826],[126.91184,37.56844],[126.91237,37.56902],[126.91253,37.56919]]}},{"type":"Feature","properties":{"class":"minor","highway":"residential","sidewalk":"unknown","lanes":0,"name":"월드컵북로38나길","oneway":false},"geometry":{"type":"LineString","coordinates":[[126.90554,37.5724],[126.90634,37.57193],[126.90609,37.57172],[126.90607,37.57166],[126.90621,37.5714],[126.90624,37.57132],[126.90625,37.57121],[126.90626,37.57082],[126.90678,37.57039],[126.90679,37.5703],[126.90666,37.57005],[126.90666,37.56998]]}},{"type":"Feature","properties":{"class":"minor","highway":"residential","sidewalk":"unknown","lanes":0,"name":"월드컵북로38가길","oneway":false},"geometry":{"type":"LineString","coordinates":[[126.90544,37.571],[126.90562,37.57091],[126.90579,37.57088],[126.90582,37.57088],[126.90626,37.57082]]}},{"type":"Feature","properties":{"class":"minor","highway":"residential","sidewalk":"unknown","lanes":0,"name":"월드컵북로38가길","oneway":false},"geometry":{"type":"LineString","coordinates":[[126.90566,37.57123],[126.90584,37.57105],[126.90582,37.57088]]}},{"type":"Feature","properties":{"class":"minor","highway":"residential","sidewalk":"unknown","lanes":0,"name":"성암로","oneway":false},"geometry":{"type":"LineString","coordinates":[[126.89964,37.57488],[126.89974,37.57504],[126.89987,37.57531],[126.8999,37.57537],[126.90021,37.57578]]}},{"type":"Feature","properties":{"class":"minor","highway":"residential","sidewalk":"unknown","lanes":0,"name":"성암로7길","oneway":false},"geometry":{"type":"LineString","coordinates":[[126.90603,37.56896],[126.9062,37.56933],[126.90632,37.56946],[126.90647,37.56949],[126.90659,37.56951],[126.90668,37.56959],[126.90685,37.56983],[126.90727,37.57027],[126.9075,37.57063],[126.90765,37.57085],[126.9079,37.57123]]}},{"type":"Feature","properties":{"class":"minor","highway":"residential","sidewalk":"unknown","lanes":0,"name":"성암로11길","oneway":false},"geometry":{"type":"LineString","coordinates":[[126.90112,37.57439],[126.90116,37.57424],[126.9011,37.57392],[126.90109,37.57383],[126.90112,37.57378],[126.90156,37.57343],[126.90174,37.57329],[126.90197,37.57311],[126.90216,37.57296]]}},{"type":"Feature","properties":{"class":"minor","highway":"residential","sidewalk":"unknown","lanes":1,"name":"월드컵북로38가길","oneway":true},"geometry":{"type":"LineString","coordinates":[[126.90376,37.57082],[126.90403,37.57064],[126.90406,37.57061],[126.90462,37.57024],[126.90473,37.57026],[126.90528,37.57083],[126.90544,37.571],[126.90566,37.57123],[126.90564,37.57135],[126.90502,37.57173],[126.90492,37.57185]]}},{"type":"Feature","properties":{"class":"minor","highway":"residential","sidewalk":"unknown","lanes":0,"name":"성암로9길","oneway":false},"geometry":{"type":"LineString","coordinates":[[126.90297,37.57236],[126.90216,37.57296]]}},{"type":"Feature","properties":{"class":"minor","highway":"residential","sidewalk":"unknown","lanes":0,"name":"새터산11길","oneway":false},"geometry":{"type":"LineString","coordinates":[[126.90707,37.56696],[126.90683,37.56715],[126.90628,37.56758],[126.90583,37.56794],[126.90561,37.56813],[126.90541,37.56828]]}},{"type":"Feature","properties":{"class":"minor","highway":"residential","sidewalk":"unknown","lanes":0,"name":"성암로5길","oneway":false},"geometry":{"type":"LineString","coordinates":[[126.91041,37.56902],[126.91006,37.56897],[126.90964,37.5689],[126.9096,37.56888],[126.90956,37.56887],[126.90946,37.56881],[126.90931,37.56874]]}},{"type":"Feature","properties":{"class":"minor","highway":"residential","sidewalk":"unknown","lanes":0,"name":"성암로3나길","oneway":false},"geometry":{"type":"LineString","coordinates":[[126.91041,37.56902],[126.91058,37.56904]]}},{"type":"Feature","properties":{"class":"minor","highway":"residential","sidewalk":"unknown","lanes":0,"name":"모래내로7안길","oneway":false},"geometry":{"type":"LineString","coordinates":[[126.90931,37.56874],[126.90924,37.56871],[126.90893,37.5689]]}},{"type":"Feature","properties":{"class":"minor","highway":"residential","sidewalk":"unknown","lanes":0,"name":"월드컵북로26안길","oneway":false},"geometry":{"type":"LineString","coordinates":[[126.91102,37.56761],[126.91121,37.56748],[126.91127,37.56741],[126.91127,37.56731]]}},{"type":"Feature","properties":{"class":"minor","highway":"residential","sidewalk":"unknown","lanes":0,"name":"모래내로7길","oneway":false},"geometry":{"type":"LineString","coordinates":[[126.91113,37.56722],[126.91132,37.56725],[126.91185,37.56696],[126.91197,37.56689],[126.91211,37.56682],[126.91212,37.56677],[126.91213,37.56673],[126.91206,37.56613]]}},{"type":"Feature","properties":{"class":"alley","highway":"service","sidewalk":"unknown","lanes":0,"name":"새터산5길","oneway":true},"geometry":{"type":"LineString","coordinates":[[126.90715,37.56546],[126.90671,37.56538],[126.90615,37.56506]]}},{"type":"Feature","properties":{"class":"minor","highway":"residential","sidewalk":"unknown","lanes":0,"name":"새터산5길","oneway":false},"geometry":{"type":"LineString","coordinates":[[126.90615,37.56506],[126.90569,37.56515],[126.90552,37.56521],[126.90474,37.5655],[126.90463,37.56551]]}},{"type":"Feature","properties":{"class":"minor","highway":"residential","sidewalk":"unknown","lanes":0,"name":"모래내로","oneway":false},"geometry":{"type":"LineString","coordinates":[[126.90615,37.56506],[126.90634,37.56457]]}},{"type":"Feature","properties":{"class":"alley","highway":"service","sidewalk":"unknown","lanes":0,"name":"새터산7길","oneway":true},"geometry":{"type":"LineString","coordinates":[[126.90435,37.56574],[126.90459,37.56574],[126.90463,37.56574],[126.90484,37.56567],[126.90557,37.56543],[126.90634,37.56555],[126.90709,37.56568]]}},{"type":"Feature","properties":{"class":"alley","highway":"service","sidewalk":"unknown","lanes":0,"name":"새터산9길","oneway":false},"geometry":{"type":"LineString","coordinates":[[126.90703,37.56591],[126.90627,37.56579],[126.90549,37.56567]]}},{"type":"Feature","properties":{"class":"minor","highway":"residential","sidewalk":"unknown","lanes":0,"name":"새터산12길","oneway":false},"geometry":{"type":"LineString","coordinates":[[126.90707,37.56696],[126.9072,37.56686],[126.90733,37.56675],[126.9077,37.56646],[126.90781,37.56638],[126.90786,37.56631],[126.90791,37.56624],[126.90796,37.56607],[126.90802,37.56585],[126.90808,37.56562],[126.90814,37.56542],[126.9082,37.56517]]}},{"type":"Feature","properties":{"class":"alley","highway":"service","sidewalk":"unknown","lanes":0,"name":"월드컵북로33길","oneway":false},"geometry":{"type":"LineString","coordinates":[[126.90557,37.56811],[126.90561,37.56813],[126.90573,37.56818],[126.90576,37.56819],[126.90602,37.56824],[126.90611,37.56829],[126.9064,37.5683]]}},{"type":"Feature","properties":{"class":"alley","highway":"service","sidewalk":"unknown","lanes":0,"name":"성미산로5길","oneway":false},"geometry":{"type":"LineString","coordinates":[[126.90941,37.56055],[126.90988,37.56124]]}},{"type":"Feature","properties":{"class":"minor","highway":"residential","sidewalk":"unknown","lanes":0,"name":"성미산로5길","oneway":false},"geometry":{"type":"LineString","coordinates":[[126.9094,37.56125],[126.90973,37.56126],[126.90988,37.56124]]}},{"type":"Feature","properties":{"class":"minor","highway":"residential","sidewalk":"unknown","lanes":0,"name":"월드컵북로18길","oneway":true},"geometry":{"type":"LineString","coordinates":[[126.91341,37.56349],[126.91397,37.56381],[126.91525,37.56397],[126.91583,37.56405],[126.91631,37.56411]]}},{"type":"Feature","properties":{"class":"minor","highway":"residential","sidewalk":"unknown","lanes":0,"name":"월드컵북로20길","oneway":false},"geometry":{"type":"LineString","coordinates":[[126.91322,37.56371],[126.91378,37.56402]]}},{"type":"Feature","properties":{"class":"minor","highway":"residential","sidewalk":"unknown","lanes":0,"name":"월드컵북로12길","oneway":false},"geometry":{"type":"LineString","coordinates":[[126.91567,37.56194],[126.91624,37.56201]]}},{"type":"Feature","properties":{"class":"minor","highway":"residential","sidewalk":"unknown","lanes":0,"name":"연남로7길","oneway":false},"geometry":{"type":"LineString","coordinates":[[126.91827,37.56322],[126.9187,37.56347],[126.91898,37.56365],[126.9192,37.56377],[126.9195,37.56396],[126.91971,37.56408],[126.91992,37.5642],[126.92016,37.56434],[126.92022,37.56438]]}},{"type":"Feature","properties":{"class":"minor","highway":"residential","sidewalk":"unknown","lanes":0,"name":"성미산로23길","oneway":false},"geometry":{"type":"LineString","coordinates":[[126.92181,37.56355],[126.92178,37.56358],[126.92163,37.56378],[126.92159,37.56383],[126.92142,37.56403],[126.92124,37.56426],[126.92104,37.56451],[126.92086,37.56472],[126.92069,37.56493],[126.92053,37.56514],[126.92034,37.56538],[126.92014,37.56563],[126.91987,37.56597],[126.91977,37.5661],[126.91967,37.56622],[126.91955,37.56636],[126.91947,37.56648],[126.91945,37.5665]]}},{"type":"Feature","properties":{"class":"minor","highway":"residential","sidewalk":"unknown","lanes":0,"name":"동교로51길","oneway":true},"geometry":{"type":"LineString","coordinates":[[126.92662,37.56435],[126.92655,37.5644],[126.92618,37.5647],[126.92596,37.56487],[126.92566,37.56504],[126.92538,37.56521],[126.92519,37.56533],[126.92411,37.56571],[126.92402,37.56574],[126.92366,37.56582],[126.92355,37.56587],[126.92273,37.56603],[126.92251,37.56607],[126.92224,37.56612],[126.92196,37.56617],[126.92186,37.56619],[126.9214,37.56624],[126.9211,37.56628],[126.92101,37.5663],[126.92088,37.56635],[126.92082,37.56638],[126.92061,37.56642],[126.92039,37.56645],[126.92013,37.56648],[126.91987,37.56651],[126.91962,37.56654],[126.91955,37.56654],[126.91949,37.56652],[126.91945,37.5665]]}},{"type":"Feature","properties":{"class":"minor","highway":"residential","sidewalk":"unknown","lanes":0,"name":"성산로7안길","oneway":false},"geometry":{"type":"LineString","coordinates":[[126.91919,37.56775],[126.91984,37.56756],[126.92039,37.56741],[126.9208,37.56732],[126.92146,37.56717],[126.92212,37.56703],[126.92263,37.56695]]}},{"type":"Feature","properties":{"class":"alley","highway":"service","sidewalk":"unknown","lanes":0,"name":"성미산로15길","oneway":false},"geometry":{"type":"LineString","coordinates":[[126.91768,37.56298],[126.9174,37.56302],[126.91726,37.56303],[126.91681,37.56311]]}},{"type":"Feature","properties":{"class":"alley","highway":"service","sidewalk":"unknown","lanes":0,"name":"성미산로","oneway":false},"geometry":{"type":"LineString","coordinates":[[126.91744,37.56001],[126.91748,37.56011],[126.91748,37.56044],[126.91749,37.5609],[126.91749,37.56093],[126.91747,37.56099]]}},{"type":"Feature","properties":{"class":"minor","highway":"residential","sidewalk":"unknown","lanes":0,"name":"성미산로16길","oneway":false},"geometry":{"type":"LineString","coordinates":[[126.91777,37.56118],[126.91781,37.56112],[126.91794,37.56093],[126.91804,37.56077],[126.91812,37.56061],[126.91828,37.5602],[126.91825,37.55999],[126.91821,37.55985],[126.91819,37.55974],[126.9182,37.55971],[126.91821,37.55956],[126.91826,37.55926],[126.91821,37.55912]]}},{"type":"Feature","properties":{"class":"major","highway":"primary","sidewalk":"likely","lanes":3,"name":"증산로","oneway":true},"geometry":{"type":"LineString","coordinates":[[126.90245,37.57717],[126.90188,37.57665]]}},{"type":"Feature","properties":{"class":"alley","highway":"service","sidewalk":"unknown","lanes":0,"name":"","oneway":false},"geometry":{"type":"LineString","coordinates":[[126.9076,37.57103],[126.90735,37.57073],[126.90734,37.57072],[126.90738,37.5707],[126.90716,37.57045]]}},{"type":"Feature","properties":{"class":"alley","highway":"service","sidewalk":"unknown","lanes":0,"name":"","oneway":false},"geometry":{"type":"LineString","coordinates":[[126.90735,37.57073],[126.90701,37.57094],[126.90672,37.5711],[126.90694,37.57135],[126.90722,37.57119],[126.90701,37.57094]]}},{"type":"Feature","properties":{"class":"alley","highway":"service","sidewalk":"unknown","lanes":0,"name":"","oneway":false},"geometry":{"type":"LineString","coordinates":[[126.90738,37.5707],[126.9075,37.57063]]}},{"type":"Feature","properties":{"class":"alley","highway":"service","sidewalk":"unknown","lanes":0,"name":"","oneway":false},"geometry":{"type":"LineString","coordinates":[[126.90694,37.57135],[126.90682,37.57141],[126.90697,37.57157],[126.90708,37.57169]]}},{"type":"Feature","properties":{"class":"alley","highway":"service","sidewalk":"unknown","lanes":0,"name":"","oneway":false},"geometry":{"type":"LineString","coordinates":[[126.90682,37.57141],[126.90663,37.57152],[126.90641,37.57165],[126.90629,37.57152],[126.90651,37.5714],[126.90663,37.57152]]}},{"type":"Feature","properties":{"class":"alley","highway":"service","sidewalk":"unknown","lanes":0,"name":"","oneway":false},"geometry":{"type":"LineString","coordinates":[[126.90651,37.5714],[126.90651,37.57128]]}},{"type":"Feature","properties":{"class":"minor","highway":"residential","sidewalk":"unknown","lanes":0,"name":"","oneway":false},"geometry":{"type":"LineString","coordinates":[[126.90623,37.56995],[126.90628,37.56994],[126.90667,37.56986]]}},{"type":"Feature","properties":{"class":"alley","highway":"service","sidewalk":"unknown","lanes":0,"name":"","oneway":false},"geometry":{"type":"LineString","coordinates":[[126.90482,37.57213],[126.90487,37.57218],[126.90497,37.57217],[126.90515,37.57205],[126.9054,37.57189],[126.90547,37.57189],[126.90553,37.57192]]}},{"type":"Feature","properties":{"class":"minor","highway":"residential","sidewalk":"unknown","lanes":0,"name":"","oneway":false},"geometry":{"type":"LineString","coordinates":[[126.90634,37.57193],[126.90659,37.57178],[126.90691,37.57161],[126.90697,37.57157]]}},{"type":"Feature","properties":{"class":"alley","highway":"service","sidewalk":"unknown","lanes":0,"name":"","oneway":false},"geometry":{"type":"LineString","coordinates":[[126.90373,37.56832],[126.90259,37.56734]]}},{"type":"Feature","properties":{"class":"alley","highway":"service","sidewalk":"unknown","lanes":0,"name":"","oneway":false},"geometry":{"type":"LineString","coordinates":[[126.90419,37.5676],[126.90392,37.56754],[126.90316,37.56691],[126.90259,37.56734],[126.90214,37.56766],[126.90193,37.56782],[126.90308,37.56882]]}},{"type":"Feature","properties":{"class":"alley","highway":"service","sidewalk":"unknown","lanes":0,"name":"","oneway":false},"geometry":{"type":"LineString","coordinates":[[126.9026,37.56928],[126.90131,37.5682]]}},{"type":"Feature","properties":{"class":"alley","highway":"service","sidewalk":"unknown","lanes":0,"name":"","oneway":false},"geometry":{"type":"LineString","coordinates":[[126.90218,37.56975],[126.90086,37.5686]]}},{"type":"Feature","properties":{"class":"alley","highway":"service","sidewalk":"unknown","lanes":0,"name":"","oneway":false},"geometry":{"type":"LineString","coordinates":[[126.90199,37.56988],[126.90244,37.57025]]}},{"type":"Feature","properties":{"class":"alley","highway":"service","sidewalk":"unknown","lanes":0,"name":"","oneway":false},"geometry":{"type":"LineString","coordinates":[[126.90155,37.57022],[126.90214,37.5707]]}},{"type":"Feature","properties":{"class":"alley","highway":"service","sidewalk":"unknown","lanes":0,"name":"","oneway":false},"geometry":{"type":"LineString","coordinates":[[126.90166,37.57013],[126.90067,37.56933]]}},{"type":"Feature","properties":{"class":"alley","highway":"service","sidewalk":"unknown","lanes":0,"name":"","oneway":false},"geometry":{"type":"LineString","coordinates":[[126.90443,37.56887],[126.90378,37.56828]]}},{"type":"Feature","properties":{"class":"alley","highway":"service","sidewalk":"unknown","lanes":0,"name":"","oneway":false},"geometry":{"type":"LineString","coordinates":[[126.90409,37.56913],[126.90443,37.56887],[126.90502,37.56841]]}},{"type":"Feature","properties":{"class":"alley","highway":"service","sidewalk":"unknown","lanes":0,"name":"","oneway":false},"geometry":{"type":"LineString","coordinates":[[126.90162,37.57283],[126.90197,37.57311]]}},{"type":"Feature","properties":{"class":"alley","highway":"service","sidewalk":"unknown","lanes":0,"name":"","oneway":false},"geometry":{"type":"LineString","coordinates":[[126.90059,37.5727],[126.90162,37.5727]]}},{"type":"Feature","properties":{"class":"alley","highway":"service","sidewalk":"unknown","lanes":0,"name":"","oneway":false},"geometry":{"type":"LineString","coordinates":[[126.90163,37.57248],[126.90253,37.57249]]}},{"type":"Feature","properties":{"class":"alley","highway":"service","sidewalk":"unknown","lanes":0,"name":"월드컵북로","oneway":false},"geometry":{"type":"LineString","coordinates":[[126.90675,37.56908],[126.90669,37.56889]]}},{"type":"Feature","properties":{"class":"alley","highway":"service","sidewalk":"unknown","lanes":0,"name":"","oneway":false},"geometry":{"type":"LineString","coordinates":[[126.90528,37.57083],[126.90567,37.57062],[126.90621,37.57034]]}},{"type":"Feature","properties":{"class":"alley","highway":"service","sidewalk":"unknown","lanes":0,"name":"","oneway":false},"geometry":{"type":"LineString","coordinates":[[126.90567,37.57062],[126.90555,37.57047],[126.90549,37.57045]]}},{"type":"Feature","properties":{"class":"alley","highway":"service","sidewalk":"unknown","lanes":0,"name":"","oneway":false},"geometry":{"type":"LineString","coordinates":[[126.90727,37.57027],[126.90732,37.57024],[126.90735,37.57023],[126.90805,37.56982],[126.90764,37.56943],[126.90747,37.56926],[126.9074,37.5692]]}},{"type":"Feature","properties":{"class":"alley","highway":"service","sidewalk":"unknown","lanes":0,"name":"","oneway":false},"geometry":{"type":"LineString","coordinates":[[126.90745,37.56954],[126.90754,37.56964]]}},{"type":"Feature","properties":{"class":"alley","highway":"service","sidewalk":"unknown","lanes":0,"name":"","oneway":false},"geometry":{"type":"LineString","coordinates":[[126.90814,37.56912],[126.90824,37.56923]]}},{"type":"Feature","properties":{"class":"alley","highway":"service","sidewalk":"unknown","lanes":0,"name":"","oneway":false},"geometry":{"type":"LineString","coordinates":[[126.90846,37.56893],[126.90814,37.56912],[126.90804,37.56919],[126.90764,37.56943],[126.90745,37.56954],[126.90715,37.56972]]}},{"type":"Feature","properties":{"class":"alley","highway":"service","sidewalk":"unknown","lanes":0,"name":"","oneway":false},"geometry":{"type":"LineString","coordinates":[[126.90836,37.56952],[126.90804,37.56919]]}},{"type":"Feature","properties":{"class":"alley","highway":"service","sidewalk":"unknown","lanes":0,"name":"","oneway":false},"geometry":{"type":"LineString","coordinates":[[126.90805,37.56982],[126.90824,37.56971],[126.90841,37.5699],[126.90785,37.57022]]}},{"type":"Feature","properties":{"class":"alley","highway":"service","sidewalk":"unknown","lanes":0,"name":"","oneway":false},"geometry":{"type":"LineString","coordinates":[[126.90841,37.5699],[126.90846,37.56995],[126.90831,37.57003]]}},{"type":"Feature","properties":{"class":"minor","highway":"residential","sidewalk":"unknown","lanes":0,"name":"월드컵로","oneway":false},"geometry":{"type":"LineString","coordinates":[[126.90007,37.56595],[126.90004,37.56547],[126.89991,37.56294],[126.90158,37.56341],[126.90284,37.56376],[126.90306,37.56381]]}},{"type":"Feature","properties":{"class":"alley","highway":"service","sidewalk":"unknown","lanes":0,"name":"","oneway":false},"geometry":{"type":"LineString","coordinates":[[126.90158,37.56341],[126.90137,37.56391],[126.90119,37.56433],[126.90101,37.56474],[126.90134,37.56545]]}},{"type":"Feature","properties":{"class":"alley","highway":"service","sidewalk":"unknown","lanes":0,"name":"새터산11길","oneway":false},"geometry":{"type":"LineString","coordinates":[[126.90655,37.56674],[126.90683,37.56715]]}},{"type":"Feature","properties":{"class":"alley","highway":"service","sidewalk":"unknown","lanes":0,"name":"월드컵로36길","oneway":false},"geometry":{"type":"LineString","coordinates":[[126.90516,37.56913],[126.90507,37.56897],[126.90493,37.56879],[126.90487,37.56873]]}},{"type":"Feature","properties":{"class":"alley","highway":"service","sidewalk":"unknown","lanes":0,"name":"월드컵로36길","oneway":false},"geometry":{"type":"LineString","coordinates":[[126.9055,37.569],[126.90543,37.56884],[126.9053,37.56873],[126.90508,37.56855]]}},{"type":"Feature","properties":{"class":"alley","highway":"service","sidewalk":"unknown","lanes":0,"name":"월드컵로36길","oneway":false},"geometry":{"type":"LineString","coordinates":[[126.90507,37.56897],[126.90543,37.56884],[126.90577,37.56858]]}},{"type":"Feature","properties":{"class":"minor","highway":"residential","sidewalk":"unknown","lanes":0,"name":"새터산길","oneway":false},"geometry":{"type":"LineString","coordinates":[[126.90727,37.56503],[126.90676,37.56495]]}},{"type":"Feature","properties":{"class":"minor","highway":"residential","sidewalk":"unknown","lanes":0,"name":"새터산길","oneway":true},"geometry":{"type":"LineString","coordinates":[[126.90697,37.56616],[126.90684,37.56662],[126.90707,37.56696],[126.90732,37.56727],[126.90751,37.5675],[126.90753,37.56757],[126.90758,37.56773],[126.90763,37.5678],[126.90781,37.56805],[126.90791,37.56814]]}},{"type":"Feature","properties":{"class":"minor","highway":"residential","sidewalk":"unknown","lanes":0,"name":"새터산14길","oneway":false},"geometry":{"type":"LineString","coordinates":[[126.90884,37.56665],[126.90891,37.56638],[126.90895,37.56623],[126.90897,37.56615],[126.90903,37.56593],[126.90909,37.5657],[126.90915,37.56547]]}},{"type":"Feature","properties":{"class":"alley","highway":"service","sidewalk":"unknown","lanes":0,"name":"새터산14길","oneway":false},"geometry":{"type":"LineString","coordinates":[[126.90816,37.56723],[126.90798,37.56696]]}},{"type":"Feature","properties":{"class":"alley","highway":"service","sidewalk":"unknown","lanes":0,"name":"성암로1길","oneway":false},"geometry":{"type":"LineString","coordinates":[[126.913,37.56877],[126.91281,37.56884],[126.91237,37.56902]]}},{"type":"Feature","properties":{"class":"alley","highway":"service","sidewalk":"unknown","lanes":0,"name":"","oneway":false},"geometry":{"type":"LineString","coordinates":[[126.91132,37.56912],[126.91149,37.56911],[126.91155,37.56897]]}},{"type":"Feature","properties":{"class":"minor","highway":"residential","sidewalk":"unknown","lanes":0,"name":"","oneway":false},"geometry":{"type":"LineString","coordinates":[[126.90603,37.56896],[126.906,37.56881]]}},{"type":"Feature","properties":{"class":"minor","highway":"residential","sidewalk":"unknown","lanes":0,"name":"모래내로7길","oneway":true},"geometry":{"type":"LineString","coordinates":[[126.90829,37.5684],[126.90832,37.56836],[126.90859,37.56806],[126.90867,37.56795],[126.90882,37.56789],[126.90894,37.56784],[126.90912,37.56777],[126.90923,37.56772],[126.90936,37.56767],[126.90938,37.56768],[126.90952,37.56765],[126.91003,37.56749],[126.91017,37.56747],[126.9106,37.5674],[126.91072,37.5674],[126.91079,37.56736],[126.91113,37.56722]]}},{"type":"Feature","properties":{"class":"minor","highway":"residential","sidewalk":"unknown","lanes":0,"name":"월드컵북로38가길","oneway":false},"geometry":{"type":"LineString","coordinates":[[126.90492,37.57185],[126.90363,37.57283],[126.90358,37.57288]]}},{"type":"Feature","properties":{"class":"alley","highway":"service","sidewalk":"unknown","lanes":0,"name":"성암로5길","oneway":false},"geometry":{"type":"LineString","coordinates":[[126.90994,37.56948],[126.9099,37.56968]]}},{"type":"Feature","properties":{"class":"alley","highway":"service","sidewalk":"unknown","lanes":0,"name":"성암로3가길","oneway":true},"geometry":{"type":"LineString","coordinates":[[126.91067,37.56955],[126.91067,37.5695],[126.91076,37.56907],[126.91077,37.56901],[126.91083,37.56884],[126.9109,37.56876],[126.91092,37.56874],[126.91098,37.56871],[126.9112,37.56863]]}},{"type":"Feature","properties":{"class":"minor","highway":"residential","sidewalk":"unknown","lanes":0,"name":"월드컵로36길","oneway":true},"geometry":{"type":"LineString","coordinates":[[126.90541,37.56828],[126.90508,37.56855],[126.90487,37.56873]]}},{"type":"Feature","properties":{"class":"minor","highway":"residential","sidewalk":"unknown","lanes":0,"name":"월드컵북로","oneway":true},"geometry":{"type":"LineString","coordinates":[[126.90487,37.56873],[126.90418,37.56927]]}},{"type":"Feature","properties":{"class":"alley","highway":"service","sidewalk":"unknown","lanes":0,"name":"","oneway":false},"geometry":{"type":"LineString","coordinates":[[126.90549,37.56567],[126.9054,37.56577]]}},{"type":"Feature","properties":{"class":"major","highway":"secondary","sidewalk":"likely","lanes":6,"name":"월드컵북로","oneway":false},"geometry":{"type":"LineString","coordinates":[[126.91171,37.56532],[126.91164,37.5654]]}},{"type":"Feature","properties":{"class":"alley","highway":"service","sidewalk":"unknown","lanes":0,"name":"월드컵로36길","oneway":false},"geometry":{"type":"LineString","coordinates":[[126.90486,37.56782],[126.90513,37.56741]]}},{"type":"Feature","properties":{"class":"major","highway":"secondary","sidewalk":"likely","lanes":6,"name":"월드컵북로","oneway":false},"geometry":{"type":"LineString","coordinates":[[126.91164,37.5654],[126.91131,37.56583]]}},{"type":"Feature","properties":{"class":"major","highway":"secondary","sidewalk":"likely","lanes":6,"name":"월드컵북로","oneway":false},"geometry":{"type":"LineString","coordinates":[[126.91131,37.56583],[126.91126,37.56588]]}},{"type":"Feature","properties":{"class":"major","highway":"secondary","sidewalk":"likely","lanes":0,"name":"연남로","oneway":false},"geometry":{"type":"LineString","coordinates":[[126.91684,37.56739],[126.91674,37.56744]]}},{"type":"Feature","properties":{"class":"major","highway":"secondary","sidewalk":"likely","lanes":0,"name":"가재울미래로","oneway":false},"geometry":{"type":"LineString","coordinates":[[126.91473,37.57242],[126.91518,37.57283],[126.91604,37.57352],[126.9173,37.57453],[126.91748,37.5747],[126.91759,37.57478],[126.9177,37.57487]]}},{"type":"Feature","properties":{"class":"major","highway":"tertiary","sidewalk":"likely","lanes":0,"name":"거북골로","oneway":false},"geometry":{"type":"LineString","coordinates":[[126.9177,37.57487],[126.91795,37.57505],[126.91834,37.57534],[126.91836,37.57536],[126.91865,37.57552],[126.91886,37.57569],[126.91916,37.57594],[126.91954,37.57624],[126.91972,37.5764],[126.91988,37.57654],[126.92011,37.57674],[126.92031,37.57691],[126.92067,37.5772],[126.92077,37.57727],[126.92098,37.57744],[126.921,37.57745],[126.92129,37.57766],[126.92137,37.57773],[126.92144,37.57778],[126.9216,37.57789],[126.92182,37.57804],[126.92205,37.5782],[126.92236,37.57843],[126.92256,37.57857],[126.92266,37.57862],[126.9229,37.5788],[126.92306,37.57891],[126.92314,37.57897],[126.92363,37.57931],[126.92377,37.57941],[126.92388,37.57946],[126.92406,37.5796],[126.92437,37.57982],[126.92459,37.57997],[126.92507,37.5803],[126.92526,37.58043],[126.92554,37.58063],[126.9258,37.58081],[126.92598,37.58093],[126.92615,37.58105],[126.92647,37.58127],[126.92679,37.58149],[126.92689,37.58156]]}},{"type":"Feature","properties":{"class":"major","highway":"tertiary","sidewalk":"likely","lanes":0,"name":"연남로","oneway":false},"geometry":{"type":"LineString","coordinates":[[126.92116,37.5632],[126.92113,37.56324],[126.92104,37.56334],[126.92057,37.56394],[126.92055,37.56398],[126.92022,37.56438],[126.92,37.56464],[126.91992,37.56475],[126.91975,37.56496],[126.91957,37.56514],[126.9193,37.56547],[126.91914,37.56567],[126.91895,37.56591],[126.91861,37.56633],[126.91857,37.56638],[126.91844,37.56652],[126.91832,37.56664],[126.91817,37.56676],[126.91797,37.56689],[126.91775,37.56698],[126.91773,37.56699],[126.9176,37.56703],[126.91752,37.56705],[126.91742,37.56708],[126.91733,37.5671],[126.91725,37.56713],[126.91718,37.56717],[126.91701,37.56726],[126.91695,37.56732],[126.91684,37.56739]]}},{"type":"Feature","properties":{"class":"major","highway":"secondary","sidewalk":"likely","lanes":6,"name":"월드컵북로","oneway":false},"geometry":{"type":"LineString","coordinates":[[126.9163,37.5603],[126.91626,37.56034],[126.91615,37.56046],[126.91609,37.56051],[126.91597,37.56064],[126.91584,37.56079],[126.91478,37.56197],[126.91451,37.56227],[126.91426,37.56255],[126.91418,37.56263],[126.91341,37.56349],[126.91323,37.56369],[126.91322,37.56371],[126.91289,37.56407],[126.91223,37.5648],[126.91179,37.56524],[126.91171,37.56532]]}},{"type":"Feature","properties":{"class":"major","highway":"tertiary","sidewalk":"likely","lanes":0,"name":"성미산로","oneway":false},"geometry":{"type":"LineString","coordinates":[[126.9163,37.5603],[126.91686,37.56063],[126.91737,37.56093],[126.91747,37.56099],[126.91777,37.56118],[126.9178,37.5612],[126.91838,37.56153],[126.91867,37.56171],[126.91934,37.5621],[126.91947,37.56218],[126.91959,37.56225],[126.91989,37.56243],[126.91996,37.56247],[126.92004,37.56252],[126.92046,37.56278],[126.9208,37.56298],[126.92116,37.5632]]}},{"type":"Feature","properties":{"class":"major","highway":"tertiary","sidewalk":"likely","lanes":0,"name":"홍제천로","oneway":false},"geometry":{"type":"LineString","coordinates":[[126.91815,37.56871],[126.91839,37.56887]]}},{"type":"Feature","properties":{"class":"major","highway":"secondary","sidewalk":"likely","lanes":0,"name":"모래내로15길","oneway":false},"geometry":{"type":"LineString","coordinates":[[126.91935,37.57391],[126.91905,37.57411],[126.91886,37.57423],[126.91866,37.57435],[126.9185,37.57445],[126.91801,37.57472],[126.9177,37.57487]]}},{"type":"Feature","properties":{"class":"major","highway":"secondary","sidewalk":"likely","lanes":0,"name":"모래내로","oneway":false},"geometry":{"type":"LineString","coordinates":[[126.91783,37.56942],[126.91739,37.5691],[126.9167,37.56866]]}},{"type":"Feature","properties":{"class":"major","highway":"primary","sidewalk":"likely","lanes":0,"name":"수색로","oneway":true},"geometry":{"type":"LineString","coordinates":[[126.91664,37.5685],[126.91662,37.56851],[126.91646,37.56859]]}},{"type":"Feature","properties":{"class":"major","highway":"tertiary","sidewalk":"likely","lanes":0,"name":"홍제천로","oneway":false},"geometry":{"type":"LineString","coordinates":[[126.91795,37.56785],[126.91805,37.56793],[126.91822,37.56814],[126.91844,37.56843]]}},{"type":"Feature","properties":{"class":"minor","highway":"residential","sidewalk":"unknown","lanes":0,"name":"홍제천로","oneway":true},"geometry":{"type":"LineString","coordinates":[[126.91877,37.56914],[126.91921,37.56947],[126.91958,37.56978],[126.9199,37.57001],[126.9201,37.57016],[126.92027,37.57028],[126.92047,37.57045],[126.92067,37.57059],[126.92084,37.57071],[126.92095,37.5708],[126.92114,37.57094],[126.92129,37.57105],[126.92145,37.57117],[126.92163,37.57131],[126.92183,37.57145]]}},{"type":"Feature","properties":{"class":"major","highway":"tertiary","sidewalk":"likely","lanes":0,"name":"홍제천로","oneway":false},"geometry":{"type":"LineString","coordinates":[[126.91844,37.56843],[126.91863,37.56862],[126.91866,37.56866],[126.91875,37.56876],[126.91882,37.56884],[126.91886,37.56892],[126.91888,37.56902],[126.91877,37.56914]]}},{"type":"Feature","properties":{"class":"major","highway":"tertiary","sidewalk":"likely","lanes":0,"name":"홍제천로","oneway":false},"geometry":{"type":"LineString","coordinates":[[126.91839,37.56887],[126.91855,37.56898],[126.91861,37.56903],[126.91877,37.56914]]}},{"type":"Feature","properties":{"class":"major","highway":"primary","sidewalk":"likely","lanes":0,"name":"월드컵로","oneway":false},"geometry":{"type":"LineString","coordinates":[[126.90134,37.56545],[126.90078,37.56571],[126.90055,37.56579],[126.90007,37.56595]]}},{"type":"Feature","properties":{"class":"major","highway":"tertiary","sidewalk":"likely","lanes":0,"name":"성중길","oneway":false},"geometry":{"type":"LineString","coordinates":[[126.90041,37.57231],[126.90045,37.57317],[126.90048,37.5733],[126.90056,37.57359],[126.90066,37.5738],[126.90092,37.57416],[126.90112,37.57439],[126.90116,37.57444],[126.90136,37.57485]]}},{"type":"Feature","properties":{"class":"major","highway":"tertiary","sidewalk":"likely","lanes":0,"name":"성미산로","oneway":false},"geometry":{"type":"LineString","coordinates":[[126.91256,37.55894],[126.91384,37.55921],[126.9139,37.55923],[126.91403,37.55925],[126.91404,37.55925],[126.91421,37.55929],[126.91447,37.55934],[126.91473,37.55939],[126.91481,37.55942],[126.91518,37.55963],[126.91545,37.55979],[126.91566,37.55991],[126.91584,37.56002],[126.91588,37.56004],[126.91609,37.56017],[126.9163,37.5603]]}},{"type":"Feature","properties":{"class":"major","highway":"secondary","sidewalk":"likely","lanes":4,"name":"월드컵북로","oneway":false},"geometry":{"type":"LineString","coordinates":[[126.90041,37.57231],[126.90031,37.57238]]}},{"type":"Feature","properties":{"class":"major","highway":"primary","sidewalk":"likely","lanes":3,"name":"월드컵로","oneway":true},"geometry":{"type":"LineString","coordinates":[[126.90543,37.56118],[126.90569,37.56089],[126.90575,37.56082],[126.90602,37.56052],[126.90713,37.55933],[126.9077,37.55867],[126.90778,37.55858],[126.90788,37.55855]]}},{"type":"Feature","properties":{"class":"major","highway":"secondary","sidewalk":"likely","lanes":6,"name":"월드컵북로","oneway":false},"geometry":{"type":"LineString","coordinates":[[126.91878,37.55753],[126.91783,37.55858],[126.91749,37.55896],[126.91708,37.55939],[126.91643,37.56015],[126.9163,37.5603]]}},{"type":"Feature","properties":{"class":"major","highway":"secondary","sidewalk":"likely","lanes":0,"name":"성암로","oneway":false},"geometry":{"type":"LineString","coordinates":[[126.90021,37.57578],[126.8995,37.57625]]}},{"type":"Feature","properties":{"class":"major","highway":"secondary","sidewalk":"likely","lanes":0,"name":"성암로","oneway":false},"geometry":{"type":"LineString","coordinates":[[126.91564,37.5679],[126.91466,37.56834],[126.91391,37.56867],[126.91312,37.56897],[126.91299,37.56902],[126.91253,37.56919],[126.91225,37.5693],[126.91174,37.5695],[126.91143,37.56962],[126.91129,37.56968],[126.9111,37.56975],[126.91052,37.56998],[126.91038,37.57004],[126.90895,37.57066],[126.90795,37.5712],[126.9079,37.57123],[126.90708,37.57169],[126.90653,37.572],[126.90647,37.57204],[126.90566,37.57251],[126.90518,37.57279],[126.90461,37.57312],[126.90413,37.57341],[126.90347,37.57379],[126.90327,37.5739],[126.90304,37.57404],[126.9025,37.57436],[126.90219,37.57454],[126.90165,37.57485]]}},{"type":"Feature","properties":{"class":"major","highway":"secondary","sidewalk":"likely","lanes":0,"name":"모래내로","oneway":false},"geometry":{"type":"LineString","coordinates":[[126.91443,37.56687],[126.91477,37.56701],[126.91505,37.56716],[126.91542,37.5674],[126.91558,37.56753],[126.91571,37.56767]]}},{"type":"Feature","properties":{"class":"major","highway":"secondary","sidewalk":"likely","lanes":0,"name":"모래내로","oneway":false},"geometry":{"type":"LineString","coordinates":[[126.91126,37.56588],[126.91199,37.56611],[126.91206,37.56613],[126.91289,37.56639],[126.91383,37.56668],[126.91443,37.56687]]}},{"type":"Feature","properties":{"class":"major","highway":"primary_link","sidewalk":"likely","lanes":0,"name":"","oneway":true},"geometry":{"type":"LineString","coordinates":[[126.90182,37.56247],[126.90104,37.56237],[126.90096,37.56234],[126.90071,37.56227],[126.89931,37.5617],[126.89925,37.56169]]}},{"type":"Feature","properties":{"class":"major","highway":"primary","sidewalk":"likely","lanes":0,"name":"성산로","oneway":true},"geometry":{"type":"LineString","coordinates":[[126.90182,37.56247],[126.9008,37.56224],[126.89931,37.56165]]}},{"type":"Feature","properties":{"class":"major","highway":"primary","sidewalk":"likely","lanes":0,"name":"성산로","oneway":true},"geometry":{"type":"LineString","coordinates":[[126.91394,37.56588],[126.91422,37.56593],[126.91461,37.56602],[126.91513,37.5662],[126.91589,37.56662]]}},{"type":"Feature","properties":{"class":"major","highway":"primary","sidewalk":"likely","lanes":0,"name":"성산로","oneway":true},"geometry":{"type":"LineString","coordinates":[[126.91684,37.56739],[126.91653,37.5673],[126.91643,37.56724],[126.91612,37.56703],[126.9155,37.56664],[126.91492,37.56638],[126.91447,37.56619],[126.91415,37.56604]]}},{"type":"Feature","properties":{"class":"major","highway":"primary_link","sidewalk":"likely","lanes":0,"name":"","oneway":true},"geometry":{"type":"LineString","coordinates":[[126.91668,37.56713],[126.91667,37.56719],[126.91665,37.56722],[126.91662,37.56724],[126.9166,37.56725],[126.91656,37.56726],[126.91653,37.56725],[126.91643,37.56724]]}},{"type":"Feature","properties":{"class":"alley","highway":"service","sidewalk":"unknown","lanes":0,"name":"연남로9길","oneway":false},"geometry":{"type":"LineString","coordinates":[[126.91851,37.56451],[126.91866,37.56436]]}},{"type":"Feature","properties":{"class":"alley","highway":"service","sidewalk":"unknown","lanes":0,"name":"연남로9길","oneway":false},"geometry":{"type":"LineString","coordinates":[[126.91818,37.56432],[126.91832,37.56417]]}},{"type":"Feature","properties":{"class":"alley","highway":"service","sidewalk":"unknown","lanes":0,"name":"성미산로19길","oneway":false},"geometry":{"type":"LineString","coordinates":[[126.918,37.56386],[126.91825,37.564]]}},{"type":"Feature","properties":{"class":"alley","highway":"service","sidewalk":"unknown","lanes":0,"name":"연남로","oneway":false},"geometry":{"type":"LineString","coordinates":[[126.91992,37.56475],[126.9196,37.56459]]}},{"type":"Feature","properties":{"class":"alley","highway":"service","sidewalk":"unknown","lanes":0,"name":"연남로","oneway":false},"geometry":{"type":"LineString","coordinates":[[126.91902,37.56532],[126.9193,37.56547]]}},{"type":"Feature","properties":{"class":"alley","highway":"service","sidewalk":"unknown","lanes":0,"name":"성미산로19길","oneway":false},"geometry":{"type":"LineString","coordinates":[[126.91736,37.56676],[126.91755,37.56677]]}},{"type":"Feature","properties":{"class":"alley","highway":"service","sidewalk":"unknown","lanes":0,"name":"동교로51길","oneway":false},"geometry":{"type":"LineString","coordinates":[[126.92018,37.56622],[126.91991,37.56646],[126.91987,37.56651]]}},{"type":"Feature","properties":{"class":"minor","highway":"residential","sidewalk":"unknown","lanes":0,"name":"","oneway":false},"geometry":{"type":"LineString","coordinates":[[126.91157,37.57337],[126.91184,37.57367],[126.912,37.57366]]}},{"type":"Feature","properties":{"class":"minor","highway":"residential","sidewalk":"unknown","lanes":0,"name":"","oneway":false},"geometry":{"type":"LineString","coordinates":[[126.91157,37.57337],[126.91051,37.5722]]}},{"type":"Feature","properties":{"class":"minor","highway":"residential","sidewalk":"unknown","lanes":0,"name":"","oneway":false},"geometry":{"type":"LineString","coordinates":[[126.90904,37.57314],[126.90862,37.57346],[126.90835,37.57329]]}},{"type":"Feature","properties":{"class":"minor","highway":"residential","sidewalk":"unknown","lanes":0,"name":"수색로6길","oneway":false},"geometry":{"type":"LineString","coordinates":[[126.91168,37.5716],[126.91195,37.57128],[126.91244,37.57092],[126.91258,37.57087],[126.9127,37.57088],[126.91284,37.57095],[126.91321,37.57114],[126.91329,37.57116],[126.9134,37.57111],[126.91352,37.57105]]}},{"type":"Feature","properties":{"class":"minor","highway":"residential","sidewalk":"unknown","lanes":0,"name":"","oneway":false},"geometry":{"type":"LineString","coordinates":[[126.91195,37.57128],[126.91176,37.57097],[126.91171,37.57091]]}},{"type":"Feature","properties":{"class":"major","highway":"primary_link","sidewalk":"likely","lanes":0,"name":"","oneway":true},"geometry":{"type":"LineString","coordinates":[[126.91396,37.56981],[126.91382,37.56994],[126.91365,37.57004],[126.91333,37.57023],[126.91318,37.57032],[126.91312,37.57039],[126.91311,37.57043],[126.91319,37.57068]]}},{"type":"Feature","properties":{"class":"major","highway":"primary","sidewalk":"likely","lanes":0,"name":"수색로","oneway":true},"geometry":{"type":"LineString","coordinates":[[126.9128,37.57023],[126.91353,37.56988],[126.91403,37.56963],[126.91435,37.56941],[126.91518,37.56901],[126.91561,37.56887],[126.9159,37.56871],[126.91632,37.56852],[126.91637,37.5685]]}},{"type":"Feature","properties":{"class":"major","highway":"primary","sidewalk":"likely","lanes":0,"name":"수색로","oneway":true},"geometry":{"type":"LineString","coordinates":[[126.91646,37.56859],[126.91608,37.56878]]}},{"type":"Feature","properties":{"class":"minor","highway":"residential","sidewalk":"unknown","lanes":0,"name":"","oneway":false},"geometry":{"type":"LineString","coordinates":[[126.91857,37.56638],[126.91862,37.5664],[126.91896,37.56657],[126.91903,37.5666],[126.9191,37.56663],[126.91915,37.56664],[126.91921,37.56663],[126.91945,37.5665]]}},{"type":"Feature","properties":{"class":"major","highway":"primary","sidewalk":"likely","lanes":3,"name":"증산지하차도","oneway":true},"geometry":{"type":"LineString","coordinates":[[126.90282,37.57753],[126.90245,37.57717]]}},{"type":"Feature","properties":{"class":"alley","highway":"service","sidewalk":"unknown","lanes":0,"name":"","oneway":false},"geometry":{"type":"LineString","coordinates":[[126.91975,37.56496],[126.9198,37.56499],[126.91982,37.565],[126.91984,37.56501],[126.91994,37.56506],[126.91999,37.56509]]}},{"type":"Feature","properties":{"class":"alley","highway":"service","sidewalk":"unknown","lanes":0,"name":"","oneway":false},"geometry":{"type":"LineString","coordinates":[[126.91994,37.56506],[126.91972,37.56535]]}},{"type":"Feature","properties":{"class":"alley","highway":"service","sidewalk":"unknown","lanes":0,"name":"성미산로","oneway":false},"geometry":{"type":"LineString","coordinates":[[126.91518,37.55963],[126.91519,37.55968],[126.91519,37.5597],[126.9152,37.5598],[126.91533,37.55994],[126.91556,37.56009],[126.91569,37.56017]]}},{"type":"Feature","properties":{"class":"alley","highway":"service","sidewalk":"unknown","lanes":0,"name":"","oneway":false},"geometry":{"type":"LineString","coordinates":[[126.91947,37.56218],[126.91944,37.56221],[126.91942,37.56223],[126.91938,37.56227],[126.91911,37.56255],[126.92023,37.56321],[126.91986,37.56364]]}},{"type":"Feature","properties":{"class":"alley","highway":"service","sidewalk":"unknown","lanes":0,"name":"","oneway":false},"geometry":{"type":"LineString","coordinates":[[126.91911,37.56255],[126.91903,37.56251],[126.91894,37.56261],[126.91867,37.56292]]}},{"type":"Feature","properties":{"class":"alley","highway":"service","sidewalk":"unknown","lanes":0,"name":"","oneway":false},"geometry":{"type":"LineString","coordinates":[[126.91894,37.56261],[126.91854,37.56252]]}},{"type":"Feature","properties":{"class":"alley","highway":"service","sidewalk":"unknown","lanes":0,"name":"","oneway":false},"geometry":{"type":"LineString","coordinates":[[126.91714,37.56025],[126.91718,37.56028]]}},{"type":"Feature","properties":{"class":"alley","highway":"service","sidewalk":"unknown","lanes":0,"name":"성미산로15길","oneway":false},"geometry":{"type":"LineString","coordinates":[[126.91753,37.56201],[126.91711,37.56194],[126.91694,37.5619],[126.91695,37.56188],[126.91699,37.5618],[126.91703,37.5617]]}},{"type":"Feature","properties":{"class":"alley","highway":"service","sidewalk":"unknown","lanes":0,"name":"월드컵북로","oneway":false},"geometry":{"type":"LineString","coordinates":[[126.91451,37.56227],[126.91417,37.56203],[126.91408,37.56193]]}},{"type":"Feature","properties":{"class":"alley","highway":"service","sidewalk":"unknown","lanes":0,"name":"","oneway":false},"geometry":{"type":"LineString","coordinates":[[126.91489,37.57134],[126.91515,37.57161]]}},{"type":"Feature","properties":{"class":"alley","highway":"service","sidewalk":"unknown","lanes":0,"name":"","oneway":false},"geometry":{"type":"LineString","coordinates":[[126.91515,37.57161],[126.91524,37.57156],[126.91527,37.57151],[126.91527,37.57147],[126.91525,37.57144],[126.9152,37.57141]]}},{"type":"Feature","properties":{"class":"alley","highway":"service","sidewalk":"unknown","lanes":0,"name":"","oneway":false},"geometry":{"type":"LineString","coordinates":[[126.91458,37.57526],[126.91437,37.57471],[126.91458,37.57456]]}},{"type":"Feature","properties":{"class":"minor","highway":"residential","sidewalk":"unknown","lanes":0,"name":"","oneway":false},"geometry":{"type":"LineString","coordinates":[[126.90112,37.5786],[126.90072,37.57823],[126.89928,37.57919],[126.89967,37.57953],[126.89977,37.57963]]}},{"type":"Feature","properties":{"class":"alley","highway":"service","sidewalk":"unknown","lanes":0,"name":"모래내로13길","oneway":false},"geometry":{"type":"LineString","coordinates":[[126.91646,37.56941],[126.91607,37.56938]]}},{"type":"Feature","properties":{"class":"major","highway":"tertiary","sidewalk":"likely","lanes":0,"name":"","oneway":false},"geometry":{"type":"LineString","coordinates":[[126.90657,37.57996],[126.90665,37.57991]]}},{"type":"Feature","properties":{"class":"major","highway":"tertiary","sidewalk":"likely","lanes":0,"name":"","oneway":false},"geometry":{"type":"LineString","coordinates":[[126.90604,37.5803],[126.90657,37.57996]]}},{"type":"Feature","properties":{"class":"major","highway":"primary","sidewalk":"likely","lanes":0,"name":"수색로","oneway":true},"geometry":{"type":"LineString","coordinates":[[126.90328,37.5767],[126.90333,37.57666]]}},{"type":"Feature","properties":{"class":"major","highway":"primary","sidewalk":"likely","lanes":0,"name":"성산로","oneway":true},"geometry":{"type":"LineString","coordinates":[[126.90432,37.56315],[126.90395,37.56303],[126.90381,37.56299]]}},{"type":"Feature","properties":{"class":"alley","highway":"service","sidewalk":"unknown","lanes":0,"name":"성미산로15길","oneway":false},"geometry":{"type":"LineString","coordinates":[[126.91686,37.56282],[126.9173,37.56287]]}},{"type":"Feature","properties":{"class":"alley","highway":"service","sidewalk":"unknown","lanes":0,"name":"성미산로15길","oneway":false},"geometry":{"type":"LineString","coordinates":[[126.91734,37.56179],[126.91758,37.56186]]}},{"type":"Feature","properties":{"class":"alley","highway":"service","sidewalk":"unknown","lanes":0,"name":"성미산로15길","oneway":false},"geometry":{"type":"LineString","coordinates":[[126.91764,37.56218],[126.91747,37.56215]]}},{"type":"Feature","properties":{"class":"alley","highway":"service","sidewalk":"unknown","lanes":0,"name":"월드컵북로","oneway":false},"geometry":{"type":"LineString","coordinates":[[126.91584,37.56104],[126.91642,37.56111]]}},{"type":"Feature","properties":{"class":"alley","highway":"service","sidewalk":"unknown","lanes":0,"name":"","oneway":false},"geometry":{"type":"LineString","coordinates":[[126.91647,37.56612],[126.91633,37.5661]]}},{"type":"Feature","properties":{"class":"alley","highway":"service","sidewalk":"unknown","lanes":0,"name":"성미산로15길","oneway":false},"geometry":{"type":"LineString","coordinates":[[126.91647,37.56612],[126.91643,37.56634]]}},{"type":"Feature","properties":{"class":"alley","highway":"service","sidewalk":"unknown","lanes":0,"name":"성미산로17길","oneway":false},"geometry":{"type":"LineString","coordinates":[[126.91725,37.56547],[126.917,37.56543],[126.91668,37.56539]]}},{"type":"Feature","properties":{"class":"alley","highway":"service","sidewalk":"unknown","lanes":0,"name":"성미산로17길","oneway":false},"geometry":{"type":"LineString","coordinates":[[126.917,37.56646],[126.91735,37.56649]]}},{"type":"Feature","properties":{"class":"alley","highway":"service","sidewalk":"unknown","lanes":0,"name":"","oneway":false},"geometry":{"type":"LineString","coordinates":[[126.91794,37.56562],[126.91797,37.56546]]}},{"type":"Feature","properties":{"class":"alley","highway":"service","sidewalk":"unknown","lanes":0,"name":"성미산로13길","oneway":false},"geometry":{"type":"LineString","coordinates":[[126.91641,37.56328],[126.91671,37.56331]]}},{"type":"Feature","properties":{"class":"alley","highway":"service","sidewalk":"unknown","lanes":0,"name":"성미산로15길","oneway":false},"geometry":{"type":"LineString","coordinates":[[126.91762,37.5638],[126.91742,37.56379],[126.91734,37.5638],[126.91704,37.56389]]}},{"type":"Feature","properties":{"class":"alley","highway":"service","sidewalk":"unknown","lanes":0,"name":"","oneway":false},"geometry":{"type":"LineString","coordinates":[[126.91689,37.56352],[126.91709,37.56355]]}},{"type":"Feature","properties":{"class":"alley","highway":"service","sidewalk":"unknown","lanes":0,"name":"성미산로13길","oneway":false},"geometry":{"type":"LineString","coordinates":[[126.91618,37.56502],[126.91673,37.5651]]}},{"type":"Feature","properties":{"class":"alley","highway":"service","sidewalk":"unknown","lanes":0,"name":"성미산로13길","oneway":false},"geometry":{"type":"LineString","coordinates":[[126.91625,37.56457],[126.91655,37.5646],[126.91666,37.56462],[126.91687,37.56464]]}},{"type":"Feature","properties":{"class":"alley","highway":"service","sidewalk":"unknown","lanes":0,"name":"성미산로13길","oneway":false},"geometry":{"type":"LineString","coordinates":[[126.91628,37.56432],[126.91662,37.56437],[126.91692,37.56443]]}},{"type":"Feature","properties":{"class":"alley","highway":"service","sidewalk":"unknown","lanes":0,"name":"","oneway":false},"geometry":{"type":"LineString","coordinates":[[126.91788,37.56414],[126.91764,37.56407]]}},{"type":"Feature","properties":{"class":"alley","highway":"service","sidewalk":"unknown","lanes":0,"name":"성미산로17길","oneway":false},"geometry":{"type":"LineString","coordinates":[[126.91733,37.56516],[126.91703,37.56512]]}},{"type":"Feature","properties":{"class":"alley","highway":"service","sidewalk":"unknown","lanes":0,"name":"성미산로11길","oneway":false},"geometry":{"type":"LineString","coordinates":[[126.91555,37.56546],[126.91575,37.56549]]}},{"type":"Feature","properties":{"class":"alley","highway":"service","sidewalk":"unknown","lanes":0,"name":"성미산로11길","oneway":false},"geometry":{"type":"LineString","coordinates":[[126.91554,37.56553],[126.91529,37.5655]]}},{"type":"Feature","properties":{"class":"alley","highway":"service","sidewalk":"unknown","lanes":0,"name":"성미산로11길","oneway":false},"geometry":{"type":"LineString","coordinates":[[126.91549,37.56577],[126.9153,37.56575]]}},{"type":"Feature","properties":{"class":"alley","highway":"service","sidewalk":"unknown","lanes":0,"name":"성미산로11길","oneway":false},"geometry":{"type":"LineString","coordinates":[[126.9158,37.56587],[126.91583,37.56571]]}},{"type":"Feature","properties":{"class":"alley","highway":"service","sidewalk":"unknown","lanes":0,"name":"성미산로15길","oneway":false},"geometry":{"type":"LineString","coordinates":[[126.91703,37.56393],[126.91683,37.56391]]}},{"type":"Feature","properties":{"class":"alley","highway":"service","sidewalk":"unknown","lanes":0,"name":"","oneway":false},"geometry":{"type":"LineString","coordinates":[[126.91689,37.56243],[126.91665,37.5624]]}},{"type":"Feature","properties":{"class":"alley","highway":"service","sidewalk":"unknown","lanes":0,"name":"월드컵북로12길","oneway":false},"geometry":{"type":"LineString","coordinates":[[126.9156,37.5622],[126.91581,37.56223]]}},{"type":"Feature","properties":{"class":"minor","highway":"residential","sidewalk":"unknown","lanes":0,"name":"성산로2길","oneway":false},"geometry":{"type":"LineString","coordinates":[[126.9052,37.5623],[126.90483,37.5627],[126.90481,37.56272],[126.90467,37.56288],[126.90464,37.56291],[126.90464,37.56298],[126.90509,37.56312],[126.90546,37.56323],[126.90617,37.56345],[126.90691,37.56374],[126.90734,37.56391]]}},{"type":"Feature","properties":{"class":"alley","highway":"service","sidewalk":"unknown","lanes":0,"name":"성미산로5길","oneway":false},"geometry":{"type":"LineString","coordinates":[[126.90892,37.56124],[126.90868,37.56088]]}},{"type":"Feature","properties":{"class":"alley","highway":"service","sidewalk":"unknown","lanes":0,"name":"월드컵로","oneway":false},"geometry":{"type":"LineString","coordinates":[[126.90693,37.56038],[126.90661,37.5602]]}},{"type":"Feature","properties":{"class":"alley","highway":"service","sidewalk":"unknown","lanes":0,"name":"","oneway":false},"geometry":{"type":"LineString","coordinates":[[126.90718,37.56056],[126.90736,37.56036]]}},{"type":"Feature","properties":{"class":"alley","highway":"service","sidewalk":"unknown","lanes":0,"name":"","oneway":false},"geometry":{"type":"LineString","coordinates":[[126.90727,37.56],[126.90711,37.5599]]}},{"type":"Feature","properties":{"class":"alley","highway":"service","sidewalk":"unknown","lanes":0,"name":"성미산로1길","oneway":false},"geometry":{"type":"LineString","coordinates":[[126.90741,37.55984],[126.90811,37.56025]]}},{"type":"Feature","properties":{"class":"alley","highway":"service","sidewalk":"unknown","lanes":0,"name":"성미산로1길","oneway":false},"geometry":{"type":"LineString","coordinates":[[126.9072,37.56009],[126.90781,37.56044]]}},{"type":"Feature","properties":{"class":"alley","highway":"service","sidewalk":"unknown","lanes":0,"name":"성미산로5길","oneway":false},"geometry":{"type":"LineString","coordinates":[[126.908,37.561],[126.90785,37.56041]]}},{"type":"Feature","properties":{"class":"minor","highway":"residential","sidewalk":"unknown","lanes":0,"name":"월드컵로","oneway":false},"geometry":{"type":"LineString","coordinates":[[126.90654,37.5608],[126.90623,37.56063],[126.90613,37.56058]]}},{"type":"Feature","properties":{"class":"alley","highway":"service","sidewalk":"unknown","lanes":0,"name":"월드컵로30길","oneway":false},"geometry":{"type":"LineString","coordinates":[[126.9066,37.56267],[126.90635,37.56255]]}},{"type":"Feature","properties":{"class":"alley","highway":"service","sidewalk":"unknown","lanes":0,"name":"월드컵로30다길","oneway":false},"geometry":{"type":"LineString","coordinates":[[126.90711,37.56218],[126.90702,37.56237]]}},{"type":"Feature","properties":{"class":"alley","highway":"service","sidewalk":"unknown","lanes":0,"name":"월드컵로30다길","oneway":false},"geometry":{"type":"LineString","coordinates":[[126.90753,37.56231],[126.90745,37.56249]]}},{"type":"Feature","properties":{"class":"alley","highway":"service","sidewalk":"unknown","lanes":0,"name":"","oneway":false},"geometry":{"type":"LineString","coordinates":[[126.90569,37.56175],[126.90603,37.5619]]}},{"type":"Feature","properties":{"class":"alley","highway":"service","sidewalk":"unknown","lanes":0,"name":"월드컵로30길","oneway":false},"geometry":{"type":"LineString","coordinates":[[126.90642,37.56231],[126.90664,37.56198],[126.90643,37.56189],[126.90658,37.56164]]}},{"type":"Feature","properties":{"class":"alley","highway":"service","sidewalk":"unknown","lanes":0,"name":"성미산로1길","oneway":false},"geometry":{"type":"LineString","coordinates":[[126.90623,37.56184],[126.90603,37.56214]]}},{"type":"Feature","properties":{"class":"alley","highway":"service","sidewalk":"unknown","lanes":0,"name":"","oneway":false},"geometry":{"type":"LineString","coordinates":[[126.90603,37.56214],[126.90594,37.56226]]}},{"type":"Feature","properties":{"class":"alley","highway":"service","sidewalk":"unknown","lanes":0,"name":"성미산로1길","oneway":false},"geometry":{"type":"LineString","coordinates":[[126.90579,37.56203],[126.90571,37.56215]]}},{"type":"Feature","properties":{"class":"alley","highway":"service","sidewalk":"unknown","lanes":0,"name":"","oneway":false},"geometry":{"type":"LineString","coordinates":[[126.90536,37.56237],[126.90521,37.56257]]}},{"type":"Feature","properties":{"class":"alley","highway":"service","sidewalk":"unknown","lanes":0,"name":"","oneway":false},"geometry":{"type":"LineString","coordinates":[[126.90483,37.5627],[126.90467,37.56261]]}},{"type":"Feature","properties":{"class":"alley","highway":"service","sidewalk":"unknown","lanes":0,"name":"","oneway":false},"geometry":{"type":"LineString","coordinates":[[126.90467,37.56288],[126.90451,37.5628]]}},{"type":"Feature","properties":{"class":"alley","highway":"service","sidewalk":"unknown","lanes":0,"name":"","oneway":false},"geometry":{"type":"LineString","coordinates":[[126.90603,37.56267],[126.9061,37.56257]]}},{"type":"Feature","properties":{"class":"alley","highway":"service","sidewalk":"unknown","lanes":0,"name":"","oneway":false},"geometry":{"type":"LineString","coordinates":[[126.90601,37.56267],[126.90584,37.56289]]}},{"type":"Feature","properties":{"class":"alley","highway":"service","sidewalk":"unknown","lanes":0,"name":"성산로2길","oneway":false},"geometry":{"type":"LineString","coordinates":[[126.90546,37.56323],[126.90559,37.56306]]}},{"type":"Feature","properties":{"class":"alley","highway":"service","sidewalk":"unknown","lanes":0,"name":"성산로2길","oneway":false},"geometry":{"type":"LineString","coordinates":[[126.90509,37.56312],[126.90528,37.56286]]}},{"type":"Feature","properties":{"class":"alley","highway":"service","sidewalk":"unknown","lanes":0,"name":"성산로2길","oneway":false},"geometry":{"type":"LineString","coordinates":[[126.90481,37.56272],[126.90499,37.5628]]}},{"type":"Feature","properties":{"class":"alley","highway":"service","sidewalk":"unknown","lanes":0,"name":"","oneway":false},"geometry":{"type":"LineString","coordinates":[[126.90753,37.56359],[126.90736,37.56352],[126.90738,37.56349]]}},{"type":"Feature","properties":{"class":"alley","highway":"service","sidewalk":"unknown","lanes":0,"name":"","oneway":false},"geometry":{"type":"LineString","coordinates":[[126.90747,37.56369],[126.90727,37.56362],[126.90726,37.56365]]}},{"type":"Feature","properties":{"class":"alley","highway":"service","sidewalk":"unknown","lanes":0,"name":"성산로2길","oneway":false},"geometry":{"type":"LineString","coordinates":[[126.90691,37.56374],[126.90702,37.56355]]}},{"type":"Feature","properties":{"class":"alley","highway":"service","sidewalk":"unknown","lanes":0,"name":"성산로2길","oneway":false},"geometry":{"type":"LineString","coordinates":[[126.90634,37.56313],[126.90605,37.563]]}},{"type":"Feature","properties":{"class":"alley","highway":"service","sidewalk":"unknown","lanes":0,"name":"성산로2길","oneway":false},"geometry":{"type":"LineString","coordinates":[[126.90627,37.56327],[126.90604,37.56317]]}},{"type":"Feature","properties":{"class":"alley","highway":"service","sidewalk":"unknown","lanes":0,"name":"월드컵로32길","oneway":false},"geometry":{"type":"LineString","coordinates":[[126.90669,37.56296],[126.9066,37.5631]]}},{"type":"Feature","properties":{"class":"alley","highway":"service","sidewalk":"unknown","lanes":0,"name":"월드컵로32길","oneway":false},"geometry":{"type":"LineString","coordinates":[[126.90726,37.56319],[126.90715,37.56337]]}},{"type":"Feature","properties":{"class":"alley","highway":"service","sidewalk":"unknown","lanes":0,"name":"월드컵로32길","oneway":false},"geometry":{"type":"LineString","coordinates":[[126.90698,37.56308],[126.90685,37.56329]]}},{"type":"Feature","properties":{"class":"alley","highway":"service","sidewalk":"unknown","lanes":0,"name":"성산로2길","oneway":false},"geometry":{"type":"LineString","coordinates":[[126.90627,37.56325],[126.9068,37.56347]]}},{"type":"Feature","properties":{"class":"alley","highway":"service","sidewalk":"unknown","lanes":0,"name":"성미산로7안길","oneway":false},"geometry":{"type":"LineString","coordinates":[[126.91068,37.56002],[126.91066,37.56008],[126.91065,37.56015],[126.91064,37.56033]]}},{"type":"Feature","properties":{"class":"minor","highway":"residential","sidewalk":"unknown","lanes":0,"name":"성미산로5길","oneway":false},"geometry":{"type":"LineString","coordinates":[[126.91068,37.56002],[126.91031,37.55997]]}},{"type":"Feature","properties":{"class":"alley","highway":"service","sidewalk":"unknown","lanes":0,"name":"성미산로3가길","oneway":false},"geometry":{"type":"LineString","coordinates":[[126.90899,37.56004],[126.90889,37.55989],[126.90887,37.55977],[126.90886,37.55963]]}},{"type":"Feature","properties":{"class":"alley","highway":"service","sidewalk":"unknown","lanes":0,"name":"월드컵북로","oneway":false},"geometry":{"type":"LineString","coordinates":[[126.91597,37.56064],[126.91569,37.56047],[126.91566,37.56046],[126.91563,37.56046],[126.91541,37.56072]]}},{"type":"Feature","properties":{"class":"alley","highway":"service","sidewalk":"unknown","lanes":0,"name":"월드컵북로11길","oneway":false},"geometry":{"type":"LineString","coordinates":[[126.9149,37.56065],[126.91525,37.56014]]}},{"type":"Feature","properties":{"class":"alley","highway":"service","sidewalk":"unknown","lanes":0,"name":"월드컵북로11길","oneway":false},"geometry":{"type":"LineString","coordinates":[[126.91525,37.56014],[126.91509,37.56002],[126.91486,37.5599],[126.91454,37.56035]]}},{"type":"Feature","properties":{"class":"alley","highway":"service","sidewalk":"unknown","lanes":0,"name":"","oneway":false},"geometry":{"type":"LineString","coordinates":[[126.90833,37.56117],[126.90849,37.56119]]}},{"type":"Feature","properties":{"class":"alley","highway":"service","sidewalk":"unknown","lanes":0,"name":"성미산로5길","oneway":false},"geometry":{"type":"LineString","coordinates":[[126.90841,37.56092],[126.90833,37.56117],[126.9083,37.56127]]}},{"type":"Feature","properties":{"class":"alley","highway":"service","sidewalk":"unknown","lanes":0,"name":"월드컵로","oneway":false},"geometry":{"type":"LineString","coordinates":[[126.90398,37.56183],[126.90457,37.56214]]}},{"type":"Feature","properties":{"class":"alley","highway":"service","sidewalk":"unknown","lanes":0,"name":"월드컵로","oneway":false},"geometry":{"type":"LineString","coordinates":[[126.90387,37.56195],[126.90445,37.56228]]}},{"type":"Feature","properties":{"class":"alley","highway":"service","sidewalk":"unknown","lanes":0,"name":"방울내로11길","oneway":false},"geometry":{"type":"LineString","coordinates":[[126.9037,37.56179],[126.90392,37.5619]]}},{"type":"Feature","properties":{"class":"alley","highway":"service","sidewalk":"unknown","lanes":0,"name":"방울내로7길","oneway":false},"geometry":{"type":"LineString","coordinates":[[126.9018,37.56195],[126.90143,37.56178]]}},{"type":"Feature","properties":{"class":"alley","highway":"service","sidewalk":"unknown","lanes":0,"name":"방울내로9안길","oneway":false},"geometry":{"type":"LineString","coordinates":[[126.90258,37.562],[126.9028,37.5621]]}},{"type":"Feature","properties":{"class":"alley","highway":"service","sidewalk":"unknown","lanes":0,"name":"방울내로9안길","oneway":false},"geometry":{"type":"LineString","coordinates":[[126.90159,37.56155],[126.90236,37.5619],[126.90247,37.56174]]}},{"type":"Feature","properties":{"class":"alley","highway":"service","sidewalk":"unknown","lanes":0,"name":"방울내로7길","oneway":false},"geometry":{"type":"LineString","coordinates":[[126.90139,37.56125],[126.9012,37.56152],[126.90152,37.56166]]}},{"type":"Feature","properties":{"class":"alley","highway":"service","sidewalk":"unknown","lanes":0,"name":"방울내로9안길","oneway":false},"geometry":{"type":"LineString","coordinates":[[126.90105,37.5611],[126.90084,37.5614]]}},{"type":"Feature","properties":{"class":"alley","highway":"service","sidewalk":"unknown","lanes":0,"name":"방울내로9안길","oneway":false},"geometry":{"type":"LineString","coordinates":[[126.90015,37.56138],[126.90041,37.5615],[126.90078,37.56098]]}},{"type":"Feature","properties":{"class":"alley","highway":"service","sidewalk":"unknown","lanes":0,"name":"방울내로","oneway":false},"geometry":{"type":"LineString","coordinates":[[126.90326,37.56019],[126.90301,37.56053],[126.90285,37.56046],[126.9031,37.56012]]}},{"type":"Feature","properties":{"class":"alley","highway":"service","sidewalk":"unknown","lanes":0,"name":"방울내로","oneway":false},"geometry":{"type":"LineString","coordinates":[[126.90355,37.56032],[126.90328,37.5607]]}},{"type":"Feature","properties":{"class":"alley","highway":"service","sidewalk":"unknown","lanes":0,"name":"","oneway":false},"geometry":{"type":"LineString","coordinates":[[126.90245,37.56093],[126.90265,37.56066]]}},{"type":"Feature","properties":{"class":"alley","highway":"service","sidewalk":"unknown","lanes":0,"name":"월드컵로31길","oneway":false},"geometry":{"type":"LineString","coordinates":[[126.90272,37.56105],[126.90289,37.56081]]}},{"type":"Feature","properties":{"class":"alley","highway":"service","sidewalk":"unknown","lanes":0,"name":"월드컵로31길","oneway":false},"geometry":{"type":"LineString","coordinates":[[126.90269,37.56104],[126.90252,37.56127],[126.90197,37.56102]]}},{"type":"Feature","properties":{"class":"alley","highway":"service","sidewalk":"unknown","lanes":0,"name":"방울내로9안길","oneway":false},"geometry":{"type":"LineString","coordinates":[[126.90216,37.5616],[126.90227,37.56143]]}},{"type":"Feature","properties":{"class":"alley","highway":"service","sidewalk":"unknown","lanes":0,"name":"방울내로9길","oneway":false},"geometry":{"type":"LineString","coordinates":[[126.90356,37.56103],[126.90339,37.56095]]}},{"type":"Feature","properties":{"class":"alley","highway":"service","sidewalk":"unknown","lanes":0,"name":"","oneway":false},"geometry":{"type":"LineString","coordinates":[[126.9037,37.56083],[126.90396,37.56094]]}},{"type":"Feature","properties":{"class":"alley","highway":"service","sidewalk":"unknown","lanes":0,"name":"방울내로9길","oneway":false},"geometry":{"type":"LineString","coordinates":[[126.90363,37.56093],[126.90386,37.56104]]}},{"type":"Feature","properties":{"class":"alley","highway":"service","sidewalk":"unknown","lanes":0,"name":"방울내로9길","oneway":false},"geometry":{"type":"LineString","coordinates":[[126.90353,37.56107],[126.90376,37.56117]]}},{"type":"Feature","properties":{"class":"alley","highway":"service","sidewalk":"unknown","lanes":0,"name":"방울내로11길","oneway":false},"geometry":{"type":"LineString","coordinates":[[126.90434,37.56143],[126.90402,37.56129]]}},{"type":"Feature","properties":{"class":"alley","highway":"service","sidewalk":"unknown","lanes":0,"name":"방울내로11길","oneway":false},"geometry":{"type":"LineString","coordinates":[[126.90461,37.56113],[126.90475,37.56121]]}},{"type":"Feature","properties":{"class":"alley","highway":"service","sidewalk":"unknown","lanes":0,"name":"월드컵로","oneway":false},"geometry":{"type":"LineString","coordinates":[[126.9049,37.56177],[126.90457,37.56159]]}},{"type":"Feature","properties":{"class":"alley","highway":"service","sidewalk":"unknown","lanes":0,"name":"방울내로11길","oneway":false},"geometry":{"type":"LineString","coordinates":[[126.90339,37.56217],[126.90359,37.56227]]}},{"type":"Feature","properties":{"class":"alley","highway":"service","sidewalk":"unknown","lanes":0,"name":"월드컵로","oneway":false},"geometry":{"type":"LineString","coordinates":[[126.90575,37.56082],[126.9054,37.56062],[126.90538,37.56065]]}},{"type":"Feature","properties":{"class":"alley","highway":"service","sidewalk":"unknown","lanes":0,"name":"망원로11길","oneway":false},"geometry":{"type":"LineString","coordinates":[[126.90529,37.56038],[126.90545,37.56047]]}},{"type":"Feature","properties":{"class":"alley","highway":"service","sidewalk":"unknown","lanes":0,"name":"월드컵로29길","oneway":false},"geometry":{"type":"LineString","coordinates":[[126.90504,37.55995],[126.90492,37.56007]]}},{"type":"Feature","properties":{"class":"alley","highway":"service","sidewalk":"unknown","lanes":0,"name":"망원로7길","oneway":false},"geometry":{"type":"LineString","coordinates":[[126.90451,37.56018],[126.90425,37.56006]]}},{"type":"Feature","properties":{"class":"alley","highway":"service","sidewalk":"unknown","lanes":0,"name":"방울내로","oneway":false},"geometry":{"type":"LineString","coordinates":[[126.90479,37.5598],[126.90451,37.56018],[126.9042,37.56062]]}},{"type":"Feature","properties":{"class":"alley","highway":"service","sidewalk":"unknown","lanes":0,"name":"방울내로","oneway":false},"geometry":{"type":"LineString","coordinates":[[126.90346,37.56028],[126.90377,37.55986]]}},{"type":"Feature","properties":{"class":"alley","highway":"service","sidewalk":"unknown","lanes":0,"name":"방울내로","oneway":false},"geometry":{"type":"LineString","coordinates":[[126.90292,37.55967],[126.90335,37.55986],[126.90315,37.56014]]}},{"type":"Feature","properties":{"class":"alley","highway":"service","sidewalk":"unknown","lanes":0,"name":"월드컵로31길","oneway":false},"geometry":{"type":"LineString","coordinates":[[126.90041,37.56002],[126.90062,37.55973]]}},{"type":"Feature","properties":{"class":"alley","highway":"service","sidewalk":"unknown","lanes":0,"name":"월드컵로31길","oneway":false},"geometry":{"type":"LineString","coordinates":[[126.9002,37.55992],[126.90006,37.56011]]}},{"type":"Feature","properties":{"class":"alley","highway":"service","sidewalk":"unknown","lanes":0,"name":"월드컵로31길","oneway":false},"geometry":{"type":"LineString","coordinates":[[126.90194,37.56106],[126.90143,37.56084]]}},{"type":"Feature","properties":{"class":"alley","highway":"service","sidewalk":"unknown","lanes":0,"name":"방울내로","oneway":false},"geometry":{"type":"LineString","coordinates":[[126.90196,37.55961],[126.90138,37.56044]]}},{"type":"Feature","properties":{"class":"alley","highway":"service","sidewalk":"unknown","lanes":0,"name":"방울내로","oneway":false},"geometry":{"type":"LineString","coordinates":[[126.90232,37.55977],[126.90206,37.56014]]}},{"type":"Feature","properties":{"class":"alley","highway":"service","sidewalk":"unknown","lanes":0,"name":"망원로11길","oneway":false},"geometry":{"type":"LineString","coordinates":[[126.90562,37.55998],[126.90586,37.56008]]}},{"type":"Feature","properties":{"class":"minor","highway":"residential","sidewalk":"unknown","lanes":0,"name":"성암로3가길","oneway":false},"geometry":{"type":"LineString","coordinates":[[126.91058,37.56904],[126.91076,37.56907]]}},{"type":"Feature","properties":{"class":"minor","highway":"residential","sidewalk":"unknown","lanes":0,"name":"","oneway":false},"geometry":{"type":"LineString","coordinates":[[126.91629,37.57022],[126.9163,37.57002],[126.9165,37.56997]]}},{"type":"Feature","properties":{"class":"minor","highway":"residential","sidewalk":"unknown","lanes":0,"name":"수색로2길","oneway":false},"geometry":{"type":"LineString","coordinates":[[126.91612,37.57014],[126.91629,37.57022]]}},{"type":"Feature","properties":{"class":"major","highway":"secondary_link","sidewalk":"likely","lanes":0,"name":"","oneway":false},"geometry":{"type":"LineString","coordinates":[[126.9025,37.57436],[126.90256,37.57455],[126.90226,37.57476],[126.90202,37.575],[126.90161,37.57527]]}},{"type":"Feature","properties":{"class":"major","highway":"primary_link","sidewalk":"likely","lanes":0,"name":"","oneway":true},"geometry":{"type":"LineString","coordinates":[[126.90281,37.57727],[126.90299,37.5774],[126.9041,37.57844],[126.90426,37.57872]]}},{"type":"Feature","properties":{"class":"major","highway":"primary_link","sidewalk":"likely","lanes":0,"name":"","oneway":true},"geometry":{"type":"LineString","coordinates":[[126.90228,37.57773],[126.9022,37.57792],[126.90218,37.578],[126.90218,37.57806],[126.9022,37.5781],[126.90224,37.57813],[126.9023,37.57817],[126.90248,37.57823],[126.90272,37.57835]]}},{"type":"Feature","properties":{"class":"major","highway":"primary_link","sidewalk":"likely","lanes":0,"name":"","oneway":false},"geometry":{"type":"LineString","coordinates":[[126.90272,37.57835],[126.90293,37.57841]]}},{"type":"Feature","properties":{"class":"major","highway":"primary_link","sidewalk":"likely","lanes":0,"name":"","oneway":true},"geometry":{"type":"LineString","coordinates":[[126.90414,37.5788],[126.90337,37.57854]]}},{"type":"Feature","properties":{"class":"major","highway":"primary","sidewalk":"likely","lanes":3,"name":"증산로","oneway":true},"geometry":{"type":"LineString","coordinates":[[126.89953,37.57403],[126.90067,37.57532]]}},{"type":"Feature","properties":{"class":"major","highway":"primary_link","sidewalk":"likely","lanes":0,"name":"","oneway":false},"geometry":{"type":"LineString","coordinates":[[126.90293,37.57841],[126.90337,37.57854]]}},{"type":"Feature","properties":{"class":"major","highway":"primary_link","sidewalk":"likely","lanes":0,"name":"","oneway":true},"geometry":{"type":"LineString","coordinates":[[126.90251,37.57829],[126.90224,37.57823],[126.90217,37.57822],[126.90188,37.57814],[126.90178,37.57809]]}},{"type":"Feature","properties":{"class":"major","highway":"primary","sidewalk":"likely","lanes":3,"name":"증산로","oneway":true},"geometry":{"type":"LineString","coordinates":[[126.90592,37.5804],[126.90579,37.58033],[126.90574,37.5803],[126.90567,37.58025],[126.90497,37.57958],[126.90414,37.5788]]}},{"type":"Feature","properties":{"class":"major","highway":"primary","sidewalk":"likely","lanes":3,"name":"증산지하차도","oneway":true},"geometry":{"type":"LineString","coordinates":[[126.90188,37.57665],[126.90056,37.57538]]}},{"type":"Feature","properties":{"class":"major","highway":"primary","sidewalk":"likely","lanes":3,"name":"증산지하차도","oneway":true},"geometry":{"type":"LineString","coordinates":[[126.90067,37.57532],[126.90201,37.57656]]}},{"type":"Feature","properties":{"class":"major","highway":"primary","sidewalk":"likely","lanes":3,"name":"증산로","oneway":true},"geometry":{"type":"LineString","coordinates":[[126.90201,37.57656],[126.90257,37.57709]]}},{"type":"Feature","properties":{"class":"major","highway":"primary","sidewalk":"likely","lanes":3,"name":"증산지하차도","oneway":true},"geometry":{"type":"LineString","coordinates":[[126.90257,37.57709],[126.90294,37.57745]]}},{"type":"Feature","properties":{"class":"major","highway":"primary","sidewalk":"likely","lanes":3,"name":"증산로","oneway":true},"geometry":{"type":"LineString","coordinates":[[126.90426,37.57872],[126.90558,37.58001],[126.90575,37.58018],[126.90582,37.58025],[126.90592,37.5804]]}},{"type":"Feature","properties":{"class":"major","highway":"primary","sidewalk":"likely","lanes":0,"name":"수색로","oneway":true},"geometry":{"type":"LineString","coordinates":[[126.90233,37.57758],[126.90254,37.57738]]}},{"type":"Feature","properties":{"class":"major","highway":"primary","sidewalk":"likely","lanes":0,"name":"수색로","oneway":true},"geometry":{"type":"LineString","coordinates":[[126.90254,37.57738],[126.90275,37.5772],[126.90278,37.57718]]}},{"type":"Feature","properties":{"class":"major","highway":"primary","sidewalk":"likely","lanes":0,"name":"수색로","oneway":true},"geometry":{"type":"LineString","coordinates":[[126.91093,37.57113],[126.91128,37.57096],[126.9116,37.57081],[126.91188,37.57067],[126.91223,37.57051],[126.91263,37.57031]]}},{"type":"Feature","properties":{"class":"major","highway":"primary","sidewalk":"likely","lanes":0,"name":"수색로","oneway":true},"geometry":{"type":"LineString","coordinates":[[126.91288,37.57032],[126.91271,37.57042],[126.91234,37.57061],[126.91197,37.57078],[126.91171,37.57091],[126.91137,37.57107]]}},{"type":"Feature","properties":{"class":"major","highway":"secondary","sidewalk":"likely","lanes":0,"name":"","oneway":false},"geometry":{"type":"LineString","coordinates":[[126.91674,37.56744],[126.91603,37.56773]]}},{"type":"Feature","properties":{"class":"major","highway":"secondary","sidewalk":"likely","lanes":0,"name":"연남로","oneway":false},"geometry":{"type":"LineString","coordinates":[[126.91603,37.56773],[126.91595,37.56776]]}},{"type":"Feature","properties":{"class":"minor","highway":"residential","sidewalk":"unknown","lanes":0,"name":"모래내로15길","oneway":false},"geometry":{"type":"LineString","coordinates":[[126.91889,37.57475],[126.91897,37.57468],[126.91906,37.57445],[126.91886,37.57423]]}},{"type":"Feature","properties":{"class":"minor","highway":"residential","sidewalk":"unknown","lanes":0,"name":"거북골로20길","oneway":false},"geometry":{"type":"LineString","coordinates":[[126.90912,37.57953],[126.90946,37.57995]]}},{"type":"Feature","properties":{"class":"minor","highway":"residential","sidewalk":"unknown","lanes":0,"name":"","oneway":false},"geometry":{"type":"LineString","coordinates":[[126.90904,37.57314],[126.90943,37.57276],[126.91051,37.5722],[126.91168,37.5716]]}},{"type":"Feature","properties":{"class":"minor","highway":"residential","sidewalk":"unknown","lanes":0,"name":"수색로2길","oneway":false},"geometry":{"type":"LineString","coordinates":[[126.91651,37.57055],[126.91629,37.57022]]}},{"type":"Feature","properties":{"class":"alley","highway":"service","sidewalk":"unknown","lanes":0,"name":"성암로5길","oneway":false},"geometry":{"type":"LineString","coordinates":[[126.91066,37.56852],[126.91042,37.56832]]}},{"type":"Feature","properties":{"class":"alley","highway":"service","sidewalk":"unknown","lanes":0,"name":"성암로3가길","oneway":false},"geometry":{"type":"LineString","coordinates":[[126.91092,37.56874],[126.91078,37.56862]]}},{"type":"Feature","properties":{"class":"alley","highway":"service","sidewalk":"unknown","lanes":0,"name":"성암로3길","oneway":false},"geometry":{"type":"LineString","coordinates":[[126.91082,37.56762],[126.91023,37.56778]]}},{"type":"Feature","properties":{"class":"alley","highway":"service","sidewalk":"unknown","lanes":0,"name":"","oneway":false},"geometry":{"type":"LineString","coordinates":[[126.91051,37.56388],[126.91053,37.5638],[126.91061,37.56376]]}},{"type":"Feature","properties":{"class":"alley","highway":"service","sidewalk":"unknown","lanes":0,"name":"성미산로18길","oneway":false},"geometry":{"type":"LineString","coordinates":[[126.9183,37.56098],[126.91842,37.561],[126.91853,37.56104]]}},{"type":"Feature","properties":{"class":"alley","highway":"service","sidewalk":"unknown","lanes":0,"name":"","oneway":false},"geometry":{"type":"LineString","coordinates":[[126.90661,37.5602],[126.90623,37.56063]]}},{"type":"Feature","properties":{"class":"alley","highway":"service","sidewalk":"unknown","lanes":0,"name":"망원로11길","oneway":false},"geometry":{"type":"LineString","coordinates":[[126.90538,37.56065],[126.90536,37.56066],[126.90514,37.56054]]}},{"type":"Feature","properties":{"class":"alley","highway":"service","sidewalk":"unknown","lanes":0,"name":"방울내로","oneway":false},"geometry":{"type":"LineString","coordinates":[[126.90393,37.55994],[126.90363,37.56036]]}},{"type":"Feature","properties":{"class":"minor","highway":"residential","sidewalk":"unknown","lanes":0,"name":"월드컵로36길","oneway":false},"geometry":{"type":"LineString","coordinates":[[126.90392,37.56704],[126.90443,37.56659],[126.90456,37.56647],[126.90459,37.56639]]}},{"type":"Feature","properties":{"class":"minor","highway":"residential","sidewalk":"unknown","lanes":0,"name":"새터산14길","oneway":false},"geometry":{"type":"LineString","coordinates":[[126.90895,37.56623],[126.90902,37.56625],[126.90916,37.56663]]}},{"type":"Feature","properties":{"class":"minor","highway":"residential","sidewalk":"unknown","lanes":0,"name":"새터산14길","oneway":true},"geometry":{"type":"LineString","coordinates":[[126.90824,37.56735],[126.90816,37.56723]]}},{"type":"Feature","properties":{"class":"minor","highway":"residential","sidewalk":"unknown","lanes":0,"name":"새터산16길","oneway":true},"geometry":{"type":"LineString","coordinates":[[126.90834,37.56751],[126.90824,37.56735]]}},{"type":"Feature","properties":{"class":"alley","highway":"service","sidewalk":"unknown","lanes":0,"name":"새터산11길","oneway":false},"geometry":{"type":"LineString","coordinates":[[126.90542,37.5681],[126.90557,37.56811]]}},{"type":"Feature","properties":{"class":"minor","highway":"residential","sidewalk":"unknown","lanes":0,"name":"월드컵북로38길","oneway":false},"geometry":{"type":"LineString","coordinates":[[126.9043,37.5713],[126.90363,37.57184]]}},{"type":"Feature","properties":{"class":"minor","highway":"residential","sidewalk":"unknown","lanes":0,"name":"성미산로11길","oneway":false},"geometry":{"type":"LineString","coordinates":[[126.91624,37.56201],[126.91681,37.56208]]}},{"type":"Feature","properties":{"class":"minor","highway":"residential","sidewalk":"unknown","lanes":0,"name":"연남로11길","oneway":false},"geometry":{"type":"LineString","coordinates":[[126.91886,37.56473],[126.91824,37.56549]]}},{"type":"Feature","properties":{"class":"minor","highway":"residential","sidewalk":"unknown","lanes":0,"name":"증산로1길","oneway":false},"geometry":{"type":"LineString","coordinates":[[126.90361,37.57915],[126.90407,37.57885],[126.90414,37.5788]]}},{"type":"Feature","properties":{"class":"major","highway":"tertiary","sidewalk":"likely","lanes":2,"name":"증산서길","oneway":false},"geometry":{"type":"LineString","coordinates":[[126.90148,37.5792],[126.90208,37.5796],[126.9028,37.58003],[126.90296,37.58014],[126.90345,37.58044],[126.90407,37.58083],[126.90449,37.58132],[126.90489,37.58173],[126.90491,37.58174],[126.90518,37.58204],[126.90544,37.58232],[126.90548,37.58237],[126.90587,37.58279],[126.9059,37.58282],[126.90599,37.58292],[126.90608,37.58301],[126.90636,37.58332],[126.90684,37.58383],[126.90716,37.58417],[126.90738,37.58442],[126.90779,37.58488],[126.90803,37.58512],[126.90824,37.58526],[126.90831,37.58529],[126.9088,37.5855],[126.9089,37.58554],[126.90936,37.58572],[126.90964,37.58584],[126.90993,37.58595],[126.91021,37.5861],[126.91033,37.5862],[126.91048,37.58635],[126.91103,37.58702],[126.91127,37.5873],[126.91182,37.58791],[126.91188,37.58799],[126.912,37.58814],[126.91215,37.58833],[126.9122,37.58838],[126.91227,37.58846],[126.91255,37.58879]]}},{"type":"Feature","properties":{"class":"minor","highway":"residential","sidewalk":"unknown","lanes":0,"name":"","oneway":false},"geometry":{"type":"LineString","coordinates":[[126.89889,37.58075],[126.89945,37.58044],[126.89951,37.58041],[126.8998,37.58024],[126.90004,37.5801],[126.90034,37.57994],[126.90044,37.57987]]}},{"type":"Feature","properties":{"class":"major","highway":"primary","sidewalk":"likely","lanes":0,"name":"수색로","oneway":true},"geometry":{"type":"LineString","coordinates":[[126.91881,37.56725],[126.9194,37.56702],[126.91986,37.56688],[126.92023,37.56679],[126.92062,37.56672],[126.92088,37.56667],[126.92148,37.56658],[126.92176,37.56658]]}},{"type":"Feature","properties":{"class":"major","highway":"secondary","sidewalk":"likely","lanes":0,"name":"수색로6길","oneway":false},"geometry":{"type":"LineString","coordinates":[[126.91319,37.57068],[126.91352,37.57105],[126.9138,37.57136],[126.91401,37.57166]]}},{"type":"Feature","properties":{"class":"major","highway":"primary","sidewalk":"likely","lanes":0,"name":"수색로","oneway":true},"geometry":{"type":"LineString","coordinates":[[126.91608,37.56878],[126.91589,37.56887],[126.9153,37.56914],[126.91482,37.56938],[126.91457,37.5695],[126.91442,37.56958],[126.91396,37.56981],[126.9136,37.56997],[126.91312,37.5702],[126.91288,37.57032]]}},{"type":"Feature","properties":{"class":"major","highway":"tertiary","sidewalk":"likely","lanes":0,"name":"홍제천로","oneway":false},"geometry":{"type":"LineString","coordinates":[[126.91877,37.56914],[126.91905,37.56943],[126.91931,37.56964],[126.91968,37.56992]]}},{"type":"Feature","properties":{"class":"major","highway":"tertiary","sidewalk":"likely","lanes":0,"name":"홍제천로","oneway":false},"geometry":{"type":"LineString","coordinates":[[126.91968,37.56992],[126.91986,37.57007],[126.92004,37.57021],[126.9216,37.57138],[126.92183,37.57145],[126.92216,37.57171]]}},{"type":"Feature","properties":{"class":"major","highway":"primary_link","sidewalk":"likely","lanes":0,"name":"","oneway":true},"geometry":{"type":"LineString","coordinates":[[126.91513,37.5662],[126.91559,37.56631],[126.91601,37.56645]]}},{"type":"Feature","properties":{"class":"major","highway":"primary_link","sidewalk":"likely","lanes":0,"name":"","oneway":true},"geometry":{"type":"LineString","coordinates":[[126.91601,37.56645],[126.91595,37.56647],[126.9159,37.56651],[126.91587,37.56655],[126.91589,37.56662]]}},{"type":"Feature","properties":{"class":"minor","highway":"residential","sidewalk":"unknown","lanes":0,"name":"연남로13길","oneway":false},"geometry":{"type":"LineString","coordinates":[[126.91601,37.56645],[126.91626,37.56653],[126.9165,37.56664],[126.91673,37.56682],[126.91695,37.567],[126.91718,37.56717]]}},{"type":"Feature","properties":{"class":"major","highway":"primary","sidewalk":"likely","lanes":0,"name":"성산로","oneway":true},"geometry":{"type":"LineString","coordinates":[[126.91589,37.56662],[126.91668,37.56713],[126.91684,37.56739]]}},{"type":"Feature","properties":{"class":"minor","highway":"residential","sidewalk":"unknown","lanes":0,"name":"월드컵북로12길","oneway":true},"geometry":{"type":"LineString","coordinates":[[126.91567,37.56194],[126.9156,37.5622],[126.91546,37.56295],[126.91535,37.56346],[126.91525,37.56397],[126.91514,37.56446],[126.91502,37.56508],[126.91496,37.56539],[126.91494,37.5655],[126.91485,37.56596]]}},{"type":"Feature","properties":{"class":"alley","highway":"service","sidewalk":"unknown","lanes":0,"name":"","oneway":false},"geometry":{"type":"LineString","coordinates":[[126.89987,37.57531],[126.9002,37.57513]]}},{"type":"Feature","properties":{"class":"alley","highway":"service","sidewalk":"unknown","lanes":0,"name":"","oneway":false},"geometry":{"type":"LineString","coordinates":[[126.91648,37.57558],[126.91706,37.57572]]}},{"type":"Feature","properties":{"class":"alley","highway":"service","sidewalk":"unknown","lanes":0,"name":"","oneway":false},"geometry":{"type":"LineString","coordinates":[[126.92011,37.57674],[126.91977,37.57698]]}},{"type":"Feature","properties":{"class":"alley","highway":"service","sidewalk":"unknown","lanes":0,"name":"","oneway":false},"geometry":{"type":"LineString","coordinates":[[126.91985,37.57793],[126.91966,37.57775],[126.9194,37.57789]]}},{"type":"Feature","properties":{"class":"major","highway":"secondary","sidewalk":"likely","lanes":0,"name":"증가로","oneway":false},"geometry":{"type":"LineString","coordinates":[[126.91772,37.57903],[126.91751,37.57914],[126.91728,37.57927],[126.91722,37.5793],[126.91706,37.57938],[126.91694,37.57945],[126.91688,37.57946],[126.91683,37.5795],[126.91664,37.57961],[126.91656,37.57968],[126.91641,37.57981],[126.91638,37.57983],[126.9162,37.57999],[126.91605,37.58013],[126.91594,37.58023],[126.91592,37.58025],[126.91569,37.58044],[126.91563,37.58049],[126.91544,37.58065],[126.91522,37.58083],[126.91518,37.58087],[126.91508,37.58096],[126.91491,37.5811],[126.91489,37.58112],[126.91473,37.58125],[126.91461,37.58135],[126.91453,37.58142],[126.9143,37.58161],[126.91417,37.58172],[126.91384,37.582],[126.9137,37.58212],[126.91364,37.58217],[126.91334,37.58239],[126.91326,37.58245],[126.91308,37.58257],[126.91283,37.58275],[126.91278,37.58279],[126.91241,37.58304],[126.91216,37.58322],[126.91172,37.58354],[126.91144,37.58373],[126.91128,37.58384],[126.91102,37.58404]]}},{"type":"Feature","properties":{"class":"alley","highway":"service","sidewalk":"unknown","lanes":0,"name":"","oneway":false},"geometry":{"type":"LineString","coordinates":[[126.91772,37.57903],[126.91779,37.57914],[126.91748,37.57936]]}},{"type":"Feature","properties":{"class":"minor","highway":"residential","sidewalk":"unknown","lanes":0,"name":"가재울로","oneway":false},"geometry":{"type":"LineString","coordinates":[[126.91935,37.57391],[126.92029,37.57443]]}},{"type":"Feature","properties":{"class":"alley","highway":"service","sidewalk":"unknown","lanes":0,"name":"","oneway":false},"geometry":{"type":"LineString","coordinates":[[126.91956,37.57532],[126.92036,37.57447]]}},{"type":"Feature","properties":{"class":"minor","highway":"residential","sidewalk":"unknown","lanes":0,"name":"","oneway":false},"geometry":{"type":"LineString","coordinates":[[126.90148,37.5792],[126.90146,37.57925],[126.90143,37.5793],[126.90139,37.57933],[126.90136,37.57935],[126.90065,37.57978],[126.90064,37.57979],[126.90055,37.57984],[126.90049,37.57986],[126.90044,37.57987],[126.90038,37.57984],[126.90031,37.57979],[126.90001,37.57948],[126.89992,37.57938]]}},{"type":"Feature","properties":{"class":"alley","highway":"service","sidewalk":"unknown","lanes":0,"name":"","oneway":false},"geometry":{"type":"LineString","coordinates":[[126.90177,37.564],[126.90184,37.56382],[126.90237,37.56396],[126.9023,37.56413],[126.90177,37.564],[126.90137,37.56391],[126.90121,37.56385],[126.90119,37.56382],[126.90117,37.5638],[126.90044,37.5636],[126.9003,37.56386]]}},{"type":"Feature","properties":{"class":"alley","highway":"service","sidewalk":"unknown","lanes":0,"name":"","oneway":false},"geometry":{"type":"LineString","coordinates":[[126.90101,37.56474],[126.90085,37.5647],[126.90048,37.56459],[126.90055,37.56445],[126.90093,37.56455],[126.90085,37.5647]]}},{"type":"Feature","properties":{"class":"alley","highway":"service","sidewalk":"unknown","lanes":0,"name":"","oneway":false},"geometry":{"type":"LineString","coordinates":[[126.90119,37.56433],[126.90158,37.56443],[126.90191,37.56452],[126.90198,37.56437],[126.90165,37.56429],[126.90158,37.56443]]}},{"type":"Feature","properties":{"class":"alley","highway":"service","sidewalk":"unknown","lanes":0,"name":"","oneway":false},"geometry":{"type":"LineString","coordinates":[[126.90055,37.56579],[126.90062,37.56605],[126.90067,37.56646],[126.90073,37.56674],[126.90077,37.56697]]}},{"type":"Feature","properties":{"class":"major","highway":"secondary_link","sidewalk":"likely","lanes":0,"name":"","oneway":true},"geometry":{"type":"LineString","coordinates":[[126.91728,37.57502],[126.91738,37.57494],[126.91742,37.57489],[126.91745,37.57486],[126.91747,37.57481],[126.91748,37.57478],[126.91748,37.57473],[126.91748,37.5747]]}},{"type":"Feature","properties":{"class":"major","highway":"secondary_link","sidewalk":"likely","lanes":0,"name":"","oneway":true},"geometry":{"type":"LineString","coordinates":[[126.91666,37.56874],[126.91664,37.56871],[126.91663,37.56869],[126.91664,37.56866],[126.91666,37.56864],[126.91668,37.56862],[126.9167,37.56861],[126.91672,37.56861],[126.91674,37.56861],[126.91677,37.56861],[126.9168,37.56861]]}},{"type":"Feature","properties":{"class":"major","highway":"primary","sidewalk":"likely","lanes":0,"name":"월드컵로","oneway":false},"geometry":{"type":"LineString","coordinates":[[126.90157,37.56534],[126.90134,37.56545]]}},{"type":"Feature","properties":{"class":"major","highway":"primary","sidewalk":"likely","lanes":3,"name":"월드컵로","oneway":true},"geometry":{"type":"LineString","coordinates":[[126.9034,37.5636],[126.90333,37.56367],[126.90323,37.56378],[126.90312,37.56389],[126.90266,37.56438],[126.90257,37.56448],[126.90225,37.56482]]}},{"type":"Feature","properties":{"class":"major","highway":"trunk_link","sidewalk":"likely","lanes":0,"name":"","oneway":true},"geometry":{"type":"LineString","coordinates":[[126.91904,37.57034],[126.91843,37.56987],[126.91806,37.5696]]}},{"type":"Feature","properties":{"class":"major","highway":"trunk_link","sidewalk":"likely","lanes":0,"name":"","oneway":true},"geometry":{"type":"LineString","coordinates":[[126.91968,37.56992],[126.91988,37.57003],[126.92013,37.57021],[126.92079,37.57072]]}},{"type":"Feature","properties":{"class":"major","highway":"trunk_link","sidewalk":"likely","lanes":0,"name":"","oneway":true},"geometry":{"type":"LineString","coordinates":[[126.90642,37.56442],[126.90614,37.56431],[126.90594,37.5642],[126.90567,37.56389],[126.90552,37.56372],[126.90536,37.56359]]}},{"type":"Feature","properties":{"class":"major","highway":"trunk_link","sidewalk":"likely","lanes":0,"name":"","oneway":true},"geometry":{"type":"LineString","coordinates":[[126.90536,37.56359],[126.90503,37.56344],[126.90432,37.56315]]}},{"type":"Feature","properties":{"class":"alley","highway":"service","sidewalk":"unknown","lanes":0,"name":"","oneway":false},"geometry":{"type":"LineString","coordinates":[[126.90367,37.57407],[126.90329,37.57433],[126.90291,37.57474],[126.90265,37.57494],[126.9026,37.57494],[126.90256,37.57492],[126.90244,37.57485],[126.90226,37.57476]]}},{"type":"Feature","properties":{"class":"alley","highway":"service","sidewalk":"unknown","lanes":0,"name":"","oneway":false},"geometry":{"type":"LineString","coordinates":[[126.90256,37.57492],[126.90204,37.57532],[126.90189,37.57536]]}},{"type":"Feature","properties":{"class":"major","highway":"primary","sidewalk":"likely","lanes":0,"name":"수색로","oneway":true},"geometry":{"type":"LineString","coordinates":[[126.91754,37.56787],[126.91784,37.56768],[126.91795,37.56761],[126.91814,37.5675],[126.9183,37.56744],[126.9185,37.56735],[126.91863,37.5673],[126.91881,37.56725]]}},{"type":"Feature","properties":{"class":"alley","highway":"service","sidewalk":"unknown","lanes":0,"name":"","oneway":false},"geometry":{"type":"LineString","coordinates":[[126.90272,37.57921],[126.90258,37.57934]]}},{"type":"Feature","properties":{"class":"alley","highway":"service","sidewalk":"unknown","lanes":0,"name":"","oneway":false},"geometry":{"type":"LineString","coordinates":[[126.90266,37.57909],[126.90273,37.57915],[126.90274,37.57918],[126.90272,37.57921]]}},{"type":"Feature","properties":{"class":"alley","highway":"service","sidewalk":"unknown","lanes":0,"name":"","oneway":true},"geometry":{"type":"LineString","coordinates":[[126.90217,37.57822],[126.90212,37.57825],[126.9021,37.57828],[126.9021,37.5783],[126.90208,37.57832],[126.90206,37.57834],[126.90187,37.5785],[126.90184,37.57851],[126.90181,37.5785],[126.90179,37.57849],[126.90164,37.57837]]}},{"type":"Feature","properties":{"class":"major","highway":"primary","sidewalk":"likely","lanes":0,"name":"수색로","oneway":true},"geometry":{"type":"LineString","coordinates":[[126.90154,37.5783],[126.90178,37.57809]]}},{"type":"Feature","properties":{"class":"major","highway":"primary","sidewalk":"likely","lanes":0,"name":"수색로","oneway":true},"geometry":{"type":"LineString","coordinates":[[126.90178,37.57809],[126.90233,37.57758]]}},{"type":"Feature","properties":{"class":"alley","highway":"service","sidewalk":"unknown","lanes":0,"name":"","oneway":true},"geometry":{"type":"LineString","coordinates":[[126.90206,37.57834],[126.90206,37.57835],[126.90206,37.57839],[126.90206,37.5784],[126.90192,37.57853],[126.90191,37.57853],[126.9019,37.57853],[126.90188,37.57853],[126.90187,37.57853],[126.90184,37.57852],[126.90181,37.5785]]}},{"type":"Feature","properties":{"class":"alley","highway":"service","sidewalk":"unknown","lanes":0,"name":"","oneway":false},"geometry":{"type":"LineString","coordinates":[[126.90314,37.57868],[126.90319,37.57864],[126.90321,37.57863],[126.90322,37.57862],[126.90326,37.57861],[126.9033,37.57861],[126.90374,37.57873]]}},{"type":"Feature","properties":{"class":"alley","highway":"service","sidewalk":"unknown","lanes":0,"name":"","oneway":false},"geometry":{"type":"LineString","coordinates":[[126.90335,37.57877],[126.90344,37.57886]]}},{"type":"Feature","properties":{"class":"alley","highway":"service","sidewalk":"unknown","lanes":0,"name":"","oneway":false},"geometry":{"type":"LineString","coordinates":[[126.90321,37.57863],[126.90335,37.57877]]}},{"type":"Feature","properties":{"class":"alley","highway":"service","sidewalk":"unknown","lanes":0,"name":"","oneway":false},"geometry":{"type":"LineString","coordinates":[[126.90447,37.57994],[126.90437,37.58],[126.90435,37.58002],[126.90434,37.58004],[126.90434,37.58008],[126.90435,37.5801],[126.90437,37.58012],[126.90459,37.58033]]}},{"type":"Feature","properties":{"class":"major","highway":"primary","sidewalk":"likely","lanes":0,"name":"수색로","oneway":true},"geometry":{"type":"LineString","coordinates":[[126.91263,37.57031],[126.9128,37.57023]]}},{"type":"Feature","properties":{"class":"major","highway":"secondary","sidewalk":"likely","lanes":0,"name":"수색로6길","oneway":false},"geometry":{"type":"LineString","coordinates":[[126.9128,37.57023],[126.91282,37.57025],[126.91285,37.57029],[126.91288,37.57032]]}},{"type":"Feature","properties":{"class":"major","highway":"primary","sidewalk":"likely","lanes":0,"name":"수색로","oneway":true},"geometry":{"type":"LineString","coordinates":[[126.90837,37.57236],[126.90879,37.57214],[126.90904,37.57202],[126.90991,37.57161],[126.91019,37.57148],[126.91028,37.57143],[126.91061,37.57127],[126.91093,37.57113]]}},{"type":"Feature","properties":{"class":"major","highway":"primary","sidewalk":"likely","lanes":0,"name":"수색로","oneway":true},"geometry":{"type":"LineString","coordinates":[[126.90597,37.57425],[126.90733,37.57304],[126.90765,37.57278],[126.90787,37.57264],[126.90802,37.57255],[126.90816,37.57247],[126.90837,37.57236]]}},{"type":"Feature","properties":{"class":"major","highway":"primary","sidewalk":"likely","lanes":0,"name":"수색로","oneway":true},"geometry":{"type":"LineString","coordinates":[[126.89992,37.57938],[126.90069,37.57892],[126.90086,37.57881],[126.9011,37.57862],[126.90112,37.5786],[126.90125,37.57851],[126.90154,37.5783]]}},{"type":"Feature","properties":{"class":"minor","highway":"residential","sidewalk":"unknown","lanes":0,"name":"","oneway":false},"geometry":{"type":"LineString","coordinates":[[126.90823,37.5795],[126.90864,37.57986]]}},{"type":"Feature","properties":{"class":"major","highway":"primary","sidewalk":"likely","lanes":3,"name":"증산로","oneway":true},"geometry":{"type":"LineString","coordinates":[[126.90294,37.57745],[126.90426,37.57872]]}},{"type":"Feature","properties":{"class":"major","highway":"primary","sidewalk":"likely","lanes":3,"name":"증산로","oneway":true},"geometry":{"type":"LineString","coordinates":[[126.90414,37.5788],[126.90337,37.57805],[126.90282,37.57753]]}},{"type":"Feature","properties":{"class":"major","highway":"primary","sidewalk":"likely","lanes":0,"name":"수색로","oneway":true},"geometry":{"type":"LineString","coordinates":[[126.91655,37.5684],[126.91739,37.56795]]}},{"type":"Feature","properties":{"class":"major","highway":"primary","sidewalk":"likely","lanes":0,"name":"홍제천로","oneway":true},"geometry":{"type":"LineString","coordinates":[[126.91754,37.56787],[126.91774,37.56782],[126.91785,37.56781],[126.91795,37.56785]]}},{"type":"Feature","properties":{"class":"major","highway":"primary","sidewalk":"likely","lanes":0,"name":"수색로","oneway":true},"geometry":{"type":"LineString","coordinates":[[126.91739,37.56795],[126.91754,37.56787]]}},{"type":"Feature","properties":{"class":"major","highway":"primary","sidewalk":"likely","lanes":0,"name":"수색로","oneway":true},"geometry":{"type":"LineString","coordinates":[[126.91637,37.5685],[126.91651,37.56842],[126.91655,37.5684]]}},{"type":"Feature","properties":{"class":"major","highway":"primary","sidewalk":"likely","lanes":0,"name":"수색로","oneway":true},"geometry":{"type":"LineString","coordinates":[[126.90844,37.57244],[126.90822,37.57254],[126.90796,37.5727],[126.90773,37.57285],[126.90606,37.57433]]}},{"type":"Feature","properties":{"class":"major","highway":"primary","sidewalk":"likely","lanes":0,"name":"수색로","oneway":true},"geometry":{"type":"LineString","coordinates":[[126.90338,37.57678],[126.90284,37.57724]]}},{"type":"Feature","properties":{"class":"major","highway":"primary","sidewalk":"likely","lanes":0,"name":"수색로","oneway":true},"geometry":{"type":"LineString","coordinates":[[126.90284,37.57724],[126.90281,37.57727],[126.90228,37.57773]]}},{"type":"Feature","properties":{"class":"major","highway":"primary","sidewalk":"likely","lanes":0,"name":"수색로","oneway":true},"geometry":{"type":"LineString","coordinates":[[126.90342,37.57674],[126.90338,37.57678]]}},{"type":"Feature","properties":{"class":"major","highway":"primary","sidewalk":"likely","lanes":0,"name":"수색로","oneway":true},"geometry":{"type":"LineString","coordinates":[[126.90606,37.57433],[126.90576,37.57458],[126.90555,37.57478],[126.90547,37.57486],[126.90532,37.57502],[126.90528,37.57506],[126.90481,37.57547],[126.90472,37.57555],[126.90438,37.57583],[126.90426,37.57594],[126.90342,37.57674]]}},{"type":"Feature","properties":{"class":"major","highway":"primary","sidewalk":"likely","lanes":0,"name":"수색로","oneway":true},"geometry":{"type":"LineString","coordinates":[[126.91137,37.57107],[126.91059,37.57146],[126.91,37.57173],[126.90985,37.5718],[126.90914,37.57211],[126.90882,37.57226],[126.90844,37.57244]]}},{"type":"Feature","properties":{"class":"major","highway":"primary","sidewalk":"likely","lanes":0,"name":"수색로","oneway":true},"geometry":{"type":"LineString","coordinates":[[126.90228,37.57773],[126.90188,37.57814],[126.90164,37.57837],[126.90157,37.57844],[126.90134,37.57863],[126.90083,37.57902],[126.90025,37.57935],[126.90001,37.57948]]}},{"type":"Feature","properties":{"class":"major","highway":"primary","sidewalk":"likely","lanes":0,"name":"수색로","oneway":true},"geometry":{"type":"LineString","coordinates":[[126.90001,37.57948],[126.89977,37.57963]]}},{"type":"Feature","properties":{"class":"major","highway":"tertiary","sidewalk":"likely","lanes":0,"name":"불광천길","oneway":false},"geometry":{"type":"LineString","coordinates":[[126.90333,37.57666],[126.90342,37.57674]]}},{"type":"Feature","properties":{"class":"major","highway":"trunk","sidewalk":"likely","lanes":3,"name":"내부순환로","oneway":true},"geometry":{"type":"LineString","coordinates":[[126.92187,37.57208],[126.92157,37.57182],[126.91899,37.56992],[126.91846,37.5695],[126.9182,37.56926],[126.91726,37.56828],[126.91685,37.56786],[126.91658,37.56763],[126.91629,37.5674],[126.91559,37.56696],[126.91516,37.56672],[126.9149,37.5666],[126.91425,37.56634],[126.91357,37.56613],[126.91298,37.56598],[126.91083,37.56539],[126.90988,37.56513],[126.90911,37.56494],[126.90661,37.56428],[126.90547,37.56397],[126.90495,37.56382],[126.90355,37.56344],[126.90225,37.56307],[126.90125,37.56279],[126.90054,37.56261],[126.89969,37.56236],[126.89882,37.56212],[126.89825,37.56196]]}},{"type":"Feature","properties":{"class":"major","highway":"trunk","sidewalk":"likely","lanes":3,"name":"내부순환로","oneway":true},"geometry":{"type":"LineString","coordinates":[[126.89769,37.56171],[126.89836,37.56189],[126.89874,37.56198],[126.89965,37.56225],[126.90056,37.5625],[126.90201,37.56291],[126.90279,37.5631],[126.90309,37.56318],[126.90479,37.56362],[126.90924,37.56485],[126.91068,37.56525],[126.91289,37.56586],[126.91357,37.56605],[126.91425,37.56625],[126.9147,37.56641],[126.91505,37.56656],[126.91543,37.56675],[126.91592,37.56704],[126.91638,37.56733],[126.91669,37.56756],[126.91698,37.56783],[126.91743,37.56831],[126.91813,37.56903],[126.91842,37.56931],[126.9191,37.56985],[126.92143,37.57154]]}},{"type":"Feature","properties":{"class":"major","highway":"tertiary_link","sidewalk":"likely","lanes":0,"name":"","oneway":true},"geometry":{"type":"LineString","coordinates":[[126.91742,37.56708],[126.91716,37.56733],[126.9171,37.5674],[126.91707,37.56747],[126.91702,37.56762]]}},{"type":"Feature","properties":{"class":"major","highway":"primary","sidewalk":"likely","lanes":0,"name":"","oneway":true},"geometry":{"type":"LineString","coordinates":[[126.90387,37.56292],[126.90401,37.56296],[126.90521,37.56332],[126.90601,37.56357],[126.90671,37.56382],[126.9071,37.56395],[126.90728,37.56401],[126.90893,37.56445],[126.91014,37.56477],[126.91084,37.56499],[126.91109,37.56505],[126.91179,37.56524]]}},{"type":"Feature","properties":{"class":"major","highway":"primary","sidewalk":"likely","lanes":0,"name":"성산로","oneway":true},"geometry":{"type":"LineString","coordinates":[[126.91179,37.56524],[126.91394,37.56588]]}},{"type":"Feature","properties":{"class":"major","highway":"primary","sidewalk":"likely","lanes":0,"name":"모래내고가도로","oneway":true},"geometry":{"type":"LineString","coordinates":[[126.91494,37.56631],[126.91415,37.56604]]}},{"type":"Feature","properties":{"class":"major","highway":"primary","sidewalk":"likely","lanes":0,"name":"모래내고가도로","oneway":true},"geometry":{"type":"LineString","coordinates":[[126.91498,37.56625],[126.91522,37.56636],[126.91546,37.56648],[126.9159,37.56672],[126.91614,37.56688],[126.91651,37.56711],[126.91663,37.56717],[126.91679,37.56726],[126.91705,37.56735],[126.91725,37.56741],[126.91745,37.56746],[126.91764,37.56748],[126.91784,37.56749],[126.91793,37.56749],[126.91809,37.56748],[126.91819,37.56747],[126.91831,37.56745],[126.91846,37.56742],[126.91879,37.56733],[126.91939,37.56712],[126.91987,37.56698]]}},{"type":"Feature","properties":{"class":"major","highway":"primary","sidewalk":"likely","lanes":0,"name":"모래내고가도로","oneway":true},"geometry":{"type":"LineString","coordinates":[[126.91987,37.56698],[126.92032,37.56687],[126.92084,37.56676],[126.9215,37.56665],[126.92176,37.56658]]}},{"type":"Feature","properties":{"class":"major","highway":"primary","sidewalk":"likely","lanes":0,"name":"모래내고가도로","oneway":true},"geometry":{"type":"LineString","coordinates":[[126.91394,37.56588],[126.91445,37.56605],[126.91498,37.56625]]}},{"type":"Feature","properties":{"class":"major","highway":"primary_link","sidewalk":"likely","lanes":1,"name":"","oneway":true},"geometry":{"type":"LineString","coordinates":[[126.90522,37.56141],[126.90532,37.56147]]}},{"type":"Feature","properties":{"class":"major","highway":"primary_link","sidewalk":"likely","lanes":1,"name":"","oneway":true},"geometry":{"type":"LineString","coordinates":[[126.90579,37.56095],[126.90569,37.56089]]}},{"type":"Feature","properties":{"class":"major","highway":"primary","sidewalk":"likely","lanes":4,"name":"월드컵로","oneway":true},"geometry":{"type":"LineString","coordinates":[[126.9049,37.56177],[126.90522,37.56141],[126.90543,37.56118]]}},{"type":"Feature","properties":{"class":"major","highway":"primary","sidewalk":"likely","lanes":4,"name":"월드컵로","oneway":true},"geometry":{"type":"LineString","coordinates":[[126.90225,37.56482],[126.90209,37.56499],[126.90192,37.56516],[126.90171,37.56533],[126.90157,37.56534]]}},{"type":"Feature","properties":{"class":"major","highway":"primary","sidewalk":"likely","lanes":4,"name":"월드컵로","oneway":true},"geometry":{"type":"LineString","coordinates":[[126.90395,37.56303],[126.90377,37.56321]]}},{"type":"Feature","properties":{"class":"major","highway":"primary","sidewalk":"likely","lanes":3,"name":"월드컵로","oneway":true},"geometry":{"type":"LineString","coordinates":[[126.90554,37.56123],[126.90532,37.56147],[126.9049,37.56194]]}},{"type":"Feature","properties":{"class":"major","highway":"primary","sidewalk":"likely","lanes":4,"name":"월드컵로","oneway":true},"geometry":{"type":"LineString","coordinates":[[126.90597,37.56075],[126.90579,37.56095],[126.90554,37.56123]]}},{"type":"Feature","properties":{"class":"major","highway":"primary","sidewalk":"likely","lanes":4,"name":"월드컵로","oneway":true},"geometry":{"type":"LineString","coordinates":[[126.9049,37.56194],[126.90479,37.56207],[126.90407,37.5629],[126.90401,37.56296],[126.90395,37.56303]]}},{"type":"Feature","properties":{"class":"major","highway":"primary","sidewalk":"likely","lanes":4,"name":"월드컵로","oneway":true},"geometry":{"type":"LineString","coordinates":[[126.90377,37.56321],[126.9034,37.5636]]}},{"type":"Feature","properties":{"class":"major","highway":"primary","sidewalk":"likely","lanes":3,"name":"월드컵로","oneway":true},"geometry":{"type":"LineString","coordinates":[[126.90788,37.55855],[126.90788,37.55862],[126.90779,37.55873],[126.90721,37.55938],[126.90698,37.55963],[126.90613,37.56058],[126.90597,37.56075]]}},{"type":"Feature","properties":{"class":"major","highway":"tertiary","sidewalk":"likely","lanes":0,"name":"월드컵로30길","oneway":false},"geometry":{"type":"LineString","coordinates":[[126.90554,37.56123],[126.90543,37.56118]]}},{"type":"Feature","properties":{"class":"minor","highway":"residential","sidewalk":"unknown","lanes":0,"name":"","oneway":false},"geometry":{"type":"LineString","coordinates":[[126.90899,37.57716],[126.90849,37.5775]]}},{"type":"Feature","properties":{"class":"alley","highway":"living_street","sidewalk":"unknown","lanes":0,"name":"","oneway":false},"geometry":{"type":"LineString","coordinates":[[126.90837,37.56325],[126.90831,37.5634],[126.90826,37.56353],[126.90815,37.56377]]}},{"type":"Feature","properties":{"class":"alley","highway":"living_street","sidewalk":"unknown","lanes":0,"name":"","oneway":false},"geometry":{"type":"LineString","coordinates":[[126.90831,37.5634],[126.90903,37.56359]]}},{"type":"Feature","properties":{"class":"alley","highway":"living_street","sidewalk":"unknown","lanes":0,"name":"","oneway":false},"geometry":{"type":"LineString","coordinates":[[126.90826,37.56353],[126.90866,37.56363]]}}]}