{"type":"FeatureCollection","features":[{"type":"Feature","properties":{"class":"major","highway":"primary_link","sidewalk":"likely","lanes":2,"name":"통일로","oneway":true},"geometry":{"type":"LineString","coordinates":[[126.89916,37.64977],[126.89964,37.64939],[126.90017,37.64905],[126.90234,37.64776],[126.9025,37.64768],[126.90335,37.64734],[126.90358,37.64727]]}},{"type":"Feature","properties":{"class":"major","highway":"primary","sidewalk":"likely","lanes":3,"name":"","oneway":false},"geometry":{"type":"LineString","coordinates":[[126.87916,37.64438],[126.88008,37.64376]]}},{"type":"Feature","properties":{"class":"major","highway":"primary","sidewalk":"likely","lanes":3,"name":"통일로","oneway":true},"geometry":{"type":"LineString","coordinates":[[126.89916,37.64977],[126.90241,37.64785]]}},{"type":"Feature","properties":{"class":"major","highway":"primary","sidewalk":"likely","lanes":4,"name":"통일로","oneway":true},"geometry":{"type":"LineString","coordinates":[[126.89836,37.65076],[126.89839,37.65067],[126.89845,37.65055],[126.89848,37.6505],[126.89852,37.65042],[126.89864,37.65024],[126.89877,37.65009],[126.89896,37.64992],[126.89916,37.64977]]}},{"type":"Feature","properties":{"class":"major","highway":"primary_link","sidewalk":"likely","lanes":2,"name":"통일로","oneway":true},"geometry":{"type":"LineString","coordinates":[[126.90374,37.64755],[126.90357,37.6476],[126.90321,37.64771],[126.90258,37.64798],[126.90201,37.64831],[126.90039,37.64927],[126.89992,37.64952],[126.8993,37.64983]]}},{"type":"Feature","properties":{"class":"major","highway":"secondary","sidewalk":"likely","lanes":2,"name":"화랑로","oneway":false},"geometry":{"type":"LineString","coordinates":[[126.88148,37.63175],[126.88145,37.63208],[126.88148,37.63282],[126.88163,37.63339],[126.88169,37.63361],[126.88202,37.63434],[126.88203,37.63435],[126.88251,37.63517],[126.88257,37.63527],[126.88287,37.63579],[126.88332,37.63641],[126.88417,37.63725],[126.88484,37.63774],[126.88607,37.63848],[126.88621,37.63861],[126.8865,37.63887],[126.88676,37.63925],[126.88742,37.64102],[126.88753,37.64163],[126.88755,37.64233],[126.88756,37.64262],[126.88756,37.64273],[126.88755,37.64287]]}},{"type":"Feature","properties":{"class":"major","highway":"tertiary","sidewalk":"likely","lanes":1,"name":"세솔로","oneway":false},"geometry":{"type":"LineString","coordinates":[[126.88951,37.64962],[126.88949,37.64965],[126.88932,37.64995],[126.88929,37.65001],[126.88925,37.65008],[126.8892,37.65018],[126.88908,37.65039],[126.88896,37.65059],[126.88891,37.65069],[126.88886,37.65078],[126.88815,37.65199],[126.88805,37.65215],[126.88797,37.6523],[126.88772,37.65272],[126.88752,37.65307],[126.88739,37.65327],[126.88733,37.65336],[126.88724,37.65345],[126.88709,37.6536],[126.88689,37.65376],[126.88666,37.6539],[126.88644,37.654],[126.8862,37.65407],[126.88606,37.6541],[126.88599,37.65412],[126.88592,37.65413],[126.88567,37.65416],[126.88542,37.65419],[126.88473,37.65419],[126.88441,37.65416],[126.88413,37.65413],[126.88406,37.65412],[126.88403,37.65411],[126.88394,37.65409]]}},{"type":"Feature","properties":{"class":"major","highway":"tertiary","sidewalk":"likely","lanes":2,"name":"신원1로","oneway":false},"geometry":{"type":"LineString","coordinates":[[126.88425,37.66017],[126.88436,37.66005],[126.88468,37.65969],[126.88502,37.65934],[126.88515,37.65921],[126.88538,37.65909],[126.88569,37.65902],[126.88602,37.659],[126.88619,37.659],[126.8865,37.659],[126.88666,37.659],[126.8868,37.65901],[126.88704,37.65903],[126.88747,37.65914],[126.88784,37.65931],[126.88823,37.65953],[126.88829,37.65957]]}},{"type":"Feature","properties":{"class":"major","highway":"secondary","sidewalk":"likely","lanes":2,"name":"동세로","oneway":false},"geometry":{"type":"LineString","coordinates":[[126.8847,37.64804],[126.88467,37.64808],[126.88445,37.64845],[126.88441,37.64853],[126.88436,37.64861],[126.88363,37.64989],[126.88333,37.65041],[126.88319,37.65066],[126.88311,37.65081]]}},{"type":"Feature","properties":{"class":"major","highway":"secondary","sidewalk":"likely","lanes":2,"name":"동송로","oneway":false},"geometry":{"type":"LineString","coordinates":[[126.89868,37.64687],[126.89862,37.64699],[126.89859,37.64704]]}},{"type":"Feature","properties":{"class":"major","highway":"tertiary","sidewalk":"likely","lanes":2,"name":"덕수천2로","oneway":false},"geometry":{"type":"LineString","coordinates":[[126.88068,37.64337],[126.88083,37.64348],[126.88101,37.64361],[126.88124,37.64378],[126.88133,37.64384],[126.8814,37.64389],[126.88181,37.64421],[126.88227,37.64455],[126.88233,37.64459],[126.8824,37.64463],[126.88351,37.6454],[126.88404,37.64577],[126.88439,37.646],[126.88481,37.64627],[126.88535,37.6466],[126.88548,37.64668],[126.88558,37.64674],[126.88588,37.64692],[126.88631,37.64712],[126.8865,37.64719],[126.88677,37.64728],[126.8874,37.64749],[126.88763,37.64758],[126.88903,37.64808],[126.88914,37.64812],[126.88924,37.64815],[126.89008,37.64847],[126.89017,37.6485],[126.89024,37.64853],[126.89037,37.64857],[126.89181,37.64908],[126.89188,37.6491],[126.89197,37.64913],[126.89358,37.6497],[126.89365,37.64972],[126.89392,37.64982],[126.89533,37.65032],[126.8954,37.65035],[126.89547,37.65037],[126.89565,37.65043],[126.89596,37.65051],[126.89649,37.6506],[126.89662,37.65064]]}},{"type":"Feature","properties":{"class":"minor","highway":"residential","sidewalk":"unknown","lanes":0,"name":"삼송로","oneway":false},"geometry":{"type":"LineString","coordinates":[[126.88363,37.64989],[126.88372,37.64992],[126.884,37.65001],[126.88405,37.65003],[126.88411,37.65004],[126.88478,37.65023],[126.88483,37.65029],[126.88484,37.65035],[126.88466,37.65069],[126.88463,37.65075],[126.88448,37.65102],[126.88439,37.65117]]}},{"type":"Feature","properties":{"class":"minor","highway":"residential","sidewalk":"unknown","lanes":0,"name":"삼송로","oneway":false},"geometry":{"type":"LineString","coordinates":[[126.88405,37.65003],[126.88402,37.65007],[126.88382,37.65043],[126.88383,37.65047],[126.88384,37.65051],[126.88386,37.65053],[126.88389,37.65055],[126.88457,37.65073],[126.88463,37.65075]]}},{"type":"Feature","properties":{"class":"major","highway":"tertiary","sidewalk":"likely","lanes":2,"name":"동송로","oneway":false},"geometry":{"type":"LineString","coordinates":[[126.89115,37.64676],[126.89122,37.64678],[126.89281,37.64729],[126.8929,37.64732],[126.89301,37.64736],[126.89312,37.6474],[126.89471,37.64797],[126.89513,37.64812],[126.89628,37.64853],[126.89637,37.64857],[126.89699,37.64873],[126.89747,37.64878],[126.89762,37.6488]]}},{"type":"Feature","properties":{"class":"minor","highway":"residential","sidewalk":"unknown","lanes":1,"name":"","oneway":false},"geometry":{"type":"LineString","coordinates":[[126.89534,37.65047],[126.89536,37.65043],[126.89538,37.65039],[126.8954,37.65035],[126.89543,37.6503],[126.89591,37.64941],[126.89594,37.64936],[126.89597,37.64929],[126.89634,37.64862],[126.89637,37.64857]]}},{"type":"Feature","properties":{"class":"minor","highway":"residential","sidewalk":"unknown","lanes":1,"name":"","oneway":false},"geometry":{"type":"LineString","coordinates":[[126.8929,37.64732],[126.89287,37.64738],[126.89244,37.64813],[126.8924,37.64819],[126.89237,37.64824],[126.89218,37.64858],[126.89215,37.64864],[126.89191,37.64905],[126.89188,37.6491]]}},{"type":"Feature","properties":{"class":"minor","highway":"residential","sidewalk":"unknown","lanes":0,"name":"신도3길","oneway":false},"geometry":{"type":"LineString","coordinates":[[126.88964,37.64976],[126.89011,37.64994],[126.89266,37.65084],[126.89446,37.65149],[126.8947,37.65158]]}},{"type":"Feature","properties":{"class":"minor","highway":"residential","sidewalk":"unknown","lanes":0,"name":"덕수천1로","oneway":false},"geometry":{"type":"LineString","coordinates":[[126.88334,37.6483],[126.88337,37.64823],[126.88352,37.64795]]}},{"type":"Feature","properties":{"class":"minor","highway":"residential","sidewalk":"unknown","lanes":0,"name":"","oneway":false},"geometry":{"type":"LineString","coordinates":[[126.88635,37.64512],[126.88647,37.64516],[126.88739,37.64551],[126.88743,37.64553]]}},{"type":"Feature","properties":{"class":"minor","highway":"residential","sidewalk":"unknown","lanes":0,"name":"","oneway":false},"geometry":{"type":"LineString","coordinates":[[126.88654,37.64481],[126.88663,37.64485],[126.88757,37.64518],[126.88761,37.6452],[126.88759,37.64523],[126.88746,37.64548],[126.88743,37.64553]]}},{"type":"Feature","properties":{"class":"minor","highway":"residential","sidewalk":"unknown","lanes":1,"name":"동산1로","oneway":false},"geometry":{"type":"LineString","coordinates":[[126.88722,37.64351],[126.88715,37.64349],[126.88678,37.64336],[126.88531,37.64284],[126.88524,37.64281],[126.88513,37.64278],[126.8847,37.64263],[126.88444,37.64257],[126.88414,37.64252],[126.8838,37.64251],[126.88351,37.64255],[126.88329,37.64261],[126.88297,37.64275],[126.88287,37.64279],[126.88279,37.64284],[126.88214,37.64328],[126.88139,37.64379],[126.88133,37.64384]]}},{"type":"Feature","properties":{"class":"minor","highway":"residential","sidewalk":"unknown","lanes":1,"name":"동산2로","oneway":false},"geometry":{"type":"LineString","coordinates":[[126.88635,37.64512],[126.8862,37.64506],[126.88545,37.6448],[126.88469,37.6445],[126.88446,37.64439],[126.88438,37.64435],[126.88429,37.64429],[126.88389,37.64401],[126.88363,37.64375],[126.88357,37.64369],[126.88351,37.64363],[126.88291,37.64284],[126.88287,37.64279]]}},{"type":"Feature","properties":{"class":"major","highway":"primary_link","sidewalk":"likely","lanes":3,"name":"삼송로","oneway":true},"geometry":{"type":"LineString","coordinates":[[126.89574,37.65353],[126.89655,37.65356],[126.89744,37.65356]]}},{"type":"Feature","properties":{"class":"major","highway":"primary_link","sidewalk":"likely","lanes":0,"name":"","oneway":true},"geometry":{"type":"LineString","coordinates":[[126.89744,37.65356],[126.89764,37.65349],[126.89772,37.65345],[126.8978,37.65339],[126.89792,37.65328]]}},{"type":"Feature","properties":{"class":"major","highway":"primary_link","sidewalk":"likely","lanes":2,"name":"삼송로","oneway":true},"geometry":{"type":"LineString","coordinates":[[126.89814,37.65385],[126.89803,37.65384],[126.89799,37.65384],[126.89784,37.65383]]}},{"type":"Feature","properties":{"class":"major","highway":"primary_link","sidewalk":"likely","lanes":0,"name":"","oneway":true},"geometry":{"type":"LineString","coordinates":[[126.89778,37.65425],[126.89768,37.65403],[126.8976,37.65393],[126.89743,37.65381]]}},{"type":"Feature","properties":{"class":"major","highway":"primary_link","sidewalk":"likely","lanes":0,"name":"","oneway":true},"geometry":{"type":"LineString","coordinates":[[126.89824,37.65311],[126.89832,37.65335],[126.89839,37.65347],[126.89848,37.65354],[126.89863,37.6536]]}},{"type":"Feature","properties":{"class":"major","highway":"primary_link","sidewalk":"likely","lanes":2,"name":"삼송로","oneway":true},"geometry":{"type":"LineString","coordinates":[[126.90044,37.65372],[126.90005,37.65383],[126.89944,37.65386],[126.89879,37.65387],[126.89852,37.65386]]}},{"type":"Feature","properties":{"class":"major","highway":"primary_link","sidewalk":"likely","lanes":0,"name":"","oneway":true},"geometry":{"type":"LineString","coordinates":[[126.89744,37.65356],[126.89748,37.6536],[126.89751,37.65363],[126.89754,37.65368],[126.89752,37.65374],[126.89748,37.65378],[126.89743,37.65381]]}},{"type":"Feature","properties":{"class":"major","highway":"primary_link","sidewalk":"likely","lanes":0,"name":"","oneway":true},"geometry":{"type":"LineString","coordinates":[[126.89852,37.65386],[126.89844,37.65382],[126.89841,37.65377],[126.89841,37.65369],[126.89844,37.65364],[126.89863,37.6536]]}},{"type":"Feature","properties":{"class":"major","highway":"primary_link","sidewalk":"likely","lanes":0,"name":"","oneway":true},"geometry":{"type":"LineString","coordinates":[[126.89538,37.65309],[126.89548,37.65328],[126.89553,37.65335],[126.89559,37.65343],[126.89574,37.65353]]}},{"type":"Feature","properties":{"class":"major","highway":"secondary_link","sidewalk":"likely","lanes":0,"name":"","oneway":true},"geometry":{"type":"LineString","coordinates":[[126.89453,37.65351],[126.89481,37.65339],[126.89488,37.65336],[126.89515,37.65329],[126.89526,37.65319],[126.89538,37.65309]]}},{"type":"Feature","properties":{"class":"alley","highway":"service","sidewalk":"unknown","lanes":0,"name":"","oneway":false},"geometry":{"type":"LineString","coordinates":[[126.89606,37.64589],[126.89599,37.64603],[126.89598,37.64607],[126.89584,37.64632]]}},{"type":"Feature","properties":{"class":"minor","highway":"unclassified","sidewalk":"unknown","lanes":0,"name":"","oneway":false},"geometry":{"type":"LineString","coordinates":[[126.88068,37.64337],[126.88054,37.64327],[126.88023,37.64303],[126.88015,37.64296],[126.88003,37.64284],[126.87994,37.6427],[126.87984,37.6425],[126.87982,37.64227],[126.8798,37.64206],[126.87987,37.64164],[126.87989,37.64154],[126.87989,37.64133],[126.87985,37.64108],[126.87981,37.64093],[126.8798,37.64092],[126.87965,37.6407],[126.87907,37.64021],[126.879,37.64016],[126.87886,37.64005],[126.8787,37.63985],[126.87862,37.63956],[126.87855,37.639],[126.87821,37.63854],[126.87809,37.6383],[126.87755,37.63832],[126.87741,37.63848],[126.87731,37.6387],[126.8773,37.63884]]}},{"type":"Feature","properties":{"class":"minor","highway":"residential","sidewalk":"unknown","lanes":1,"name":"신원1로","oneway":false},"geometry":{"type":"LineString","coordinates":[[126.88889,37.65988],[126.88882,37.65995],[126.88806,37.6608],[126.88801,37.66085],[126.88797,37.6609],[126.88729,37.66169],[126.88719,37.6618]]}},{"type":"Feature","properties":{"class":"minor","highway":"residential","sidewalk":"unknown","lanes":0,"name":"삼송로136번길","oneway":false},"geometry":{"type":"LineString","coordinates":[[126.88955,37.65205],[126.8901,37.65218],[126.89073,37.65233],[126.89133,37.65245],[126.89196,37.65259],[126.89258,37.65271],[126.89319,37.65282],[126.89308,37.65308],[126.89305,37.65317],[126.89299,37.65324]]}},{"type":"Feature","properties":{"class":"minor","highway":"residential","sidewalk":"unknown","lanes":0,"name":"","oneway":false},"geometry":{"type":"LineString","coordinates":[[126.89264,37.65255],[126.89258,37.65271],[126.89252,37.65296],[126.89247,37.65313]]}},{"type":"Feature","properties":{"class":"minor","highway":"residential","sidewalk":"unknown","lanes":0,"name":"","oneway":false},"geometry":{"type":"LineString","coordinates":[[126.89199,37.65243],[126.89196,37.65259],[126.8919,37.65283],[126.89186,37.653]]}},{"type":"Feature","properties":{"class":"minor","highway":"residential","sidewalk":"unknown","lanes":0,"name":"","oneway":false},"geometry":{"type":"LineString","coordinates":[[126.89133,37.65245],[126.89127,37.65269],[126.89122,37.65285]]}},{"type":"Feature","properties":{"class":"minor","highway":"residential","sidewalk":"unknown","lanes":0,"name":"","oneway":false},"geometry":{"type":"LineString","coordinates":[[126.89073,37.65233],[126.89066,37.65257],[126.89062,37.65271]]}},{"type":"Feature","properties":{"class":"minor","highway":"residential","sidewalk":"unknown","lanes":0,"name":"","oneway":false},"geometry":{"type":"LineString","coordinates":[[126.8901,37.65218],[126.89002,37.65242],[126.88997,37.65257]]}},{"type":"Feature","properties":{"class":"minor","highway":"residential","sidewalk":"unknown","lanes":0,"name":"세솔로1길","oneway":false},"geometry":{"type":"LineString","coordinates":[[126.88909,37.65199],[126.88859,37.65188],[126.88919,37.65079]]}},{"type":"Feature","properties":{"class":"minor","highway":"residential","sidewalk":"unknown","lanes":0,"name":"","oneway":false},"geometry":{"type":"LineString","coordinates":[[126.89319,37.65282],[126.89332,37.65244],[126.89355,37.65203],[126.89372,37.65176]]}},{"type":"Feature","properties":{"class":"minor","highway":"residential","sidewalk":"unknown","lanes":0,"name":"삼송로136번길","oneway":false},"geometry":{"type":"LineString","coordinates":[[126.8901,37.65218],[126.89021,37.65189]]}},{"type":"Feature","properties":{"class":"minor","highway":"residential","sidewalk":"unknown","lanes":0,"name":"신도2길","oneway":false},"geometry":{"type":"LineString","coordinates":[[126.88946,37.65029],[126.88932,37.65021],[126.88943,37.65],[126.88953,37.64979]]}},{"type":"Feature","properties":{"class":"minor","highway":"residential","sidewalk":"unknown","lanes":0,"name":"삼송로205번길","oneway":false},"geometry":{"type":"LineString","coordinates":[[126.89749,37.65601],[126.89745,37.65591],[126.89742,37.65586],[126.89737,37.65581],[126.89722,37.65572],[126.89693,37.65539],[126.89662,37.65506],[126.89642,37.65487],[126.89626,37.65461],[126.89628,37.65438],[126.89645,37.65413],[126.89667,37.65387],[126.89671,37.65383],[126.89674,37.65379]]}},{"type":"Feature","properties":{"class":"minor","highway":"residential","sidewalk":"unknown","lanes":0,"name":"삼송로205번길","oneway":false},"geometry":{"type":"LineString","coordinates":[[126.89722,37.65572],[126.89689,37.65599],[126.89642,37.65547],[126.89597,37.65528]]}},{"type":"Feature","properties":{"class":"minor","highway":"residential","sidewalk":"unknown","lanes":0,"name":"삼송로205번안길","oneway":false},"geometry":{"type":"LineString","coordinates":[[126.89642,37.65487],[126.89597,37.65528],[126.89572,37.6555],[126.89546,37.65578],[126.89521,37.65603],[126.89502,37.65624],[126.89479,37.65623],[126.89456,37.65636]]}},{"type":"Feature","properties":{"class":"minor","highway":"residential","sidewalk":"unknown","lanes":0,"name":"삼송로193번길","oneway":false},"geometry":{"type":"LineString","coordinates":[[126.89572,37.6555],[126.8954,37.65522],[126.89539,37.65509],[126.89538,37.65486],[126.89528,37.65476]]}},{"type":"Feature","properties":{"class":"minor","highway":"residential","sidewalk":"unknown","lanes":0,"name":"삼송로205번안길","oneway":false},"geometry":{"type":"LineString","coordinates":[[126.89572,37.6555],[126.89612,37.65579]]}},{"type":"Feature","properties":{"class":"minor","highway":"residential","sidewalk":"unknown","lanes":0,"name":"삼송로205번안길","oneway":false},"geometry":{"type":"LineString","coordinates":[[126.89521,37.65603],[126.89482,37.65574]]}},{"type":"Feature","properties":{"class":"minor","highway":"residential","sidewalk":"unknown","lanes":0,"name":"삼송로205번안길","oneway":false},"geometry":{"type":"LineString","coordinates":[[126.89521,37.65603],[126.89561,37.65626],[126.89542,37.65648]]}},{"type":"Feature","properties":{"class":"minor","highway":"residential","sidewalk":"unknown","lanes":0,"name":"삼송로205번안길","oneway":false},"geometry":{"type":"LineString","coordinates":[[126.89546,37.65578],[126.89589,37.65604],[126.89581,37.65617]]}},{"type":"Feature","properties":{"class":"minor","highway":"residential","sidewalk":"unknown","lanes":1,"name":"신도길","oneway":false},"geometry":{"type":"LineString","coordinates":[[126.89402,37.65345],[126.89407,37.65326],[126.89423,37.65259],[126.89435,37.65231],[126.89444,37.65205],[126.89458,37.65179],[126.89467,37.65163],[126.8947,37.65158],[126.89473,37.65154],[126.89476,37.6515]]}},{"type":"Feature","properties":{"class":"minor","highway":"residential","sidewalk":"unknown","lanes":0,"name":"신도2길","oneway":false},"geometry":{"type":"LineString","coordinates":[[126.88946,37.65029],[126.89029,37.65053],[126.8906,37.65064],[126.89114,37.65084],[126.892,37.65114],[126.89372,37.65176],[126.89444,37.65205],[126.89514,37.65226],[126.89554,37.6524],[126.89565,37.65246]]}},{"type":"Feature","properties":{"class":"minor","highway":"residential","sidewalk":"unknown","lanes":0,"name":"","oneway":false},"geometry":{"type":"LineString","coordinates":[[126.89319,37.65282],[126.89366,37.6529]]}},{"type":"Feature","properties":{"class":"minor","highway":"residential","sidewalk":"unknown","lanes":0,"name":"삼송로185번길","oneway":false},"geometry":{"type":"LineString","coordinates":[[126.89453,37.65351],[126.89443,37.6536],[126.89443,37.65363],[126.8944,37.65375],[126.89431,37.6541],[126.89423,37.6544],[126.8941,37.65483],[126.89379,37.65545],[126.89367,37.65573],[126.89351,37.65605],[126.89335,37.65613],[126.89312,37.65617]]}},{"type":"Feature","properties":{"class":"minor","highway":"residential","sidewalk":"unknown","lanes":0,"name":"삼송로193번길","oneway":false},"geometry":{"type":"LineString","coordinates":[[126.89606,37.65399],[126.89539,37.65467],[126.89528,37.65476],[126.89437,37.65566],[126.89416,37.65588],[126.89404,37.65614],[126.89395,37.65639],[126.89391,37.65654]]}},{"type":"Feature","properties":{"class":"minor","highway":"residential","sidewalk":"unknown","lanes":0,"name":"신도1길","oneway":false},"geometry":{"type":"LineString","coordinates":[[126.89316,37.6519],[126.89355,37.65203],[126.89435,37.65231],[126.895,37.65252]]}},{"type":"Feature","properties":{"class":"minor","highway":"residential","sidewalk":"unknown","lanes":0,"name":"삼송로193번길","oneway":false},"geometry":{"type":"LineString","coordinates":[[126.89645,37.65413],[126.89606,37.65399],[126.89528,37.65384],[126.89514,37.6538],[126.89516,37.65371],[126.89519,37.65356]]}},{"type":"Feature","properties":{"class":"minor","highway":"residential","sidewalk":"unknown","lanes":0,"name":"신도길","oneway":false},"geometry":{"type":"LineString","coordinates":[[126.89383,37.65153],[126.89458,37.65179],[126.89527,37.65201]]}},{"type":"Feature","properties":{"class":"minor","highway":"residential","sidewalk":"unknown","lanes":0,"name":"","oneway":false},"geometry":{"type":"LineString","coordinates":[[126.88946,37.65029],[126.88933,37.65055],[126.88919,37.65079]]}},{"type":"Feature","properties":{"class":"minor","highway":"residential","sidewalk":"unknown","lanes":1,"name":"오금3로","oneway":false},"geometry":{"type":"LineString","coordinates":[[126.89843,37.65664],[126.89861,37.65676],[126.89881,37.65699],[126.89919,37.65755],[126.89939,37.65787],[126.89967,37.65814],[126.89981,37.6583],[126.89984,37.65833]]}},{"type":"Feature","properties":{"class":"minor","highway":"residential","sidewalk":"unknown","lanes":0,"name":"동산1로1길","oneway":false},"geometry":{"type":"LineString","coordinates":[[126.88535,37.64358],[126.88648,37.64397]]}},{"type":"Feature","properties":{"class":"minor","highway":"residential","sidewalk":"unknown","lanes":0,"name":"동산1로2길","oneway":false},"geometry":{"type":"LineString","coordinates":[[126.88517,37.64396],[126.88535,37.64358],[126.88555,37.64324]]}},{"type":"Feature","properties":{"class":"minor","highway":"residential","sidewalk":"unknown","lanes":0,"name":"","oneway":false},"geometry":{"type":"LineString","coordinates":[[126.88434,37.64358],[126.88467,37.64292]]}},{"type":"Feature","properties":{"class":"minor","highway":"residential","sidewalk":"unknown","lanes":0,"name":"","oneway":false},"geometry":{"type":"LineString","coordinates":[[126.88398,37.64326],[126.88426,37.64309],[126.88437,37.64284]]}},{"type":"Feature","properties":{"class":"minor","highway":"residential","sidewalk":"unknown","lanes":0,"name":"동산1로2길","oneway":false},"geometry":{"type":"LineString","coordinates":[[126.88366,37.64284],[126.88386,37.6431],[126.88398,37.64326],[126.88421,37.64348],[126.88434,37.64358],[126.88465,37.64376],[126.8847,37.64378]]}},{"type":"Feature","properties":{"class":"minor","highway":"residential","sidewalk":"unknown","lanes":0,"name":"동산1로1길","oneway":false},"geometry":{"type":"LineString","coordinates":[[126.88664,37.6436],[126.88555,37.64324],[126.88513,37.64308],[126.88509,37.64306]]}},{"type":"Feature","properties":{"class":"minor","highway":"residential","sidewalk":"unknown","lanes":0,"name":"동산1로2길","oneway":false},"geometry":{"type":"LineString","coordinates":[[126.88524,37.64281],[126.88521,37.64286],[126.88511,37.64301],[126.88509,37.64306],[126.88507,37.6431],[126.88473,37.64373],[126.8847,37.64378],[126.88468,37.64382],[126.88457,37.64401],[126.88453,37.64408],[126.8845,37.64413],[126.88442,37.64428],[126.88438,37.64435]]}},{"type":"Feature","properties":{"class":"minor","highway":"residential","sidewalk":"unknown","lanes":0,"name":"동산1로1길","oneway":false},"geometry":{"type":"LineString","coordinates":[[126.88678,37.64336],[126.88675,37.6434],[126.88664,37.6436],[126.88648,37.64397],[126.88626,37.64437],[126.8861,37.64469],[126.88606,37.64471],[126.88603,37.64472],[126.88488,37.64428],[126.88459,37.64411],[126.88453,37.64408]]}},{"type":"Feature","properties":{"class":"major","highway":"secondary","sidewalk":"likely","lanes":2,"name":"동송로","oneway":false},"geometry":{"type":"LineString","coordinates":[[126.89593,37.65195],[126.89589,37.65202],[126.89568,37.65238],[126.89565,37.65246],[126.8956,37.65253],[126.89553,37.65265],[126.89544,37.65288],[126.89538,37.65309]]}},{"type":"Feature","properties":{"class":"major","highway":"tertiary","sidewalk":"likely","lanes":2,"name":"세솔로","oneway":false},"geometry":{"type":"LineString","coordinates":[[126.89237,37.64459],[126.8923,37.64472],[126.89219,37.6449]]}},{"type":"Feature","properties":{"class":"major","highway":"tertiary","sidewalk":"likely","lanes":1,"name":"","oneway":false},"geometry":{"type":"LineString","coordinates":[[126.89005,37.64873],[126.88951,37.64962]]}},{"type":"Feature","properties":{"class":"major","highway":"secondary","sidewalk":"likely","lanes":2,"name":"동세로","oneway":false},"geometry":{"type":"LineString","coordinates":[[126.88755,37.64287],[126.88751,37.64297],[126.88746,37.64306]]}},{"type":"Feature","properties":{"class":"major","highway":"secondary","sidewalk":"likely","lanes":2,"name":"","oneway":false},"geometry":{"type":"LineString","coordinates":[[126.88537,37.64686],[126.8847,37.64804]]}},{"type":"Feature","properties":{"class":"major","highway":"tertiary","sidewalk":"likely","lanes":2,"name":"덕수천1로","oneway":false},"geometry":{"type":"LineString","coordinates":[[126.8796,37.64682],[126.8797,37.64689],[126.87979,37.64694],[126.88038,37.64729],[126.88061,37.6474],[126.88086,37.6475],[126.88096,37.64755],[126.8811,37.6476],[126.88189,37.64788],[126.88261,37.64809],[126.88324,37.64827],[126.88334,37.6483],[126.88345,37.64833],[126.8837,37.6484],[126.88427,37.64851],[126.88441,37.64853]]}},{"type":"Feature","properties":{"class":"major","highway":"tertiary","sidewalk":"likely","lanes":1,"name":"","oneway":false},"geometry":{"type":"LineString","coordinates":[[126.88549,37.64874],[126.88586,37.64882]]}},{"type":"Feature","properties":{"class":"major","highway":"tertiary","sidewalk":"likely","lanes":1,"name":"덕수천1로","oneway":false},"geometry":{"type":"LineString","coordinates":[[126.88586,37.64882],[126.88597,37.64886],[126.88665,37.64906],[126.88732,37.64929],[126.88764,37.64941],[126.88776,37.64945],[126.88786,37.64949],[126.88853,37.64974],[126.88884,37.64986],[126.88922,37.64999],[126.88929,37.65001]]}},{"type":"Feature","properties":{"class":"major","highway":"primary","sidewalk":"likely","lanes":4,"name":"","oneway":false},"geometry":{"type":"LineString","coordinates":[[126.88507,37.65136],[126.88531,37.65142]]}},{"type":"Feature","properties":{"class":"major","highway":"primary","sidewalk":"likely","lanes":4,"name":"삼송로","oneway":false},"geometry":{"type":"LineString","coordinates":[[126.88531,37.65142],[126.88537,37.65144],[126.88545,37.65146],[126.88697,37.65188],[126.88787,37.6521],[126.88805,37.65215],[126.88828,37.6522],[126.88899,37.65236],[126.88942,37.65246]]}},{"type":"Feature","properties":{"class":"major","highway":"tertiary","sidewalk":"likely","lanes":1,"name":"세솔로","oneway":false},"geometry":{"type":"LineString","coordinates":[[126.88365,37.65401],[126.88304,37.65381],[126.88296,37.65378],[126.88289,37.65375],[126.8818,37.65336],[126.8817,37.65332]]}},{"type":"Feature","properties":{"class":"major","highway":"tertiary","sidewalk":"likely","lanes":1,"name":"","oneway":false},"geometry":{"type":"LineString","coordinates":[[126.88394,37.65409],[126.88365,37.65401]]}},{"type":"Feature","properties":{"class":"major","highway":"tertiary","sidewalk":"likely","lanes":2,"name":"신원1로","oneway":false},"geometry":{"type":"LineString","coordinates":[[126.88859,37.65974],[126.8888,37.65984],[126.88889,37.65988],[126.88896,37.65992],[126.89069,37.6609],[126.89077,37.66095],[126.89085,37.66099],[126.892,37.66164],[126.89208,37.66168],[126.89214,37.66172],[126.89324,37.66234],[126.89331,37.66238]]}},{"type":"Feature","properties":{"class":"major","highway":"primary_link","sidewalk":"likely","lanes":2,"name":"삼송로","oneway":true},"geometry":{"type":"LineString","coordinates":[[126.89743,37.65381],[126.89674,37.65379],[126.89574,37.6537],[126.8954,37.65361],[126.89519,37.65356]]}},{"type":"Feature","properties":{"class":"major","highway":"primary_link","sidewalk":"likely","lanes":2,"name":"삼송로","oneway":true},"geometry":{"type":"LineString","coordinates":[[126.89817,37.65359],[126.89832,37.6536],[126.89863,37.6536]]}},{"type":"Feature","properties":{"class":"major","highway":"primary","sidewalk":"likely","lanes":2,"name":"삼송로","oneway":false},"geometry":{"type":"LineString","coordinates":[[126.89519,37.65356],[126.8954,37.65357],[126.89674,37.65367],[126.89744,37.65368]]}},{"type":"Feature","properties":{"class":"minor","highway":"residential","sidewalk":"unknown","lanes":0,"name":"세솔로1길","oneway":false},"geometry":{"type":"LineString","coordinates":[[126.88899,37.65236],[126.88903,37.65221],[126.88909,37.65199],[126.8892,37.65201],[126.88945,37.65192]]}},{"type":"Feature","properties":{"class":"minor","highway":"residential","sidewalk":"unknown","lanes":1,"name":"오금1로","oneway":false},"geometry":{"type":"LineString","coordinates":[[126.89523,37.6635],[126.89528,37.66341],[126.89556,37.66262],[126.89582,37.66211],[126.89589,37.66198],[126.89594,37.66191],[126.89599,37.66183],[126.89612,37.66164],[126.89619,37.66155],[126.89626,37.66146],[126.89637,37.66133],[126.89664,37.66108],[126.89697,37.66091],[126.89725,37.66079],[126.89752,37.66071],[126.89769,37.66066],[126.89788,37.66058],[126.89838,37.6604],[126.89923,37.65999],[126.8993,37.65996],[126.89936,37.65992],[126.89988,37.6596],[126.90003,37.65952],[126.90024,37.65946],[126.90039,37.65942],[126.90073,37.65944],[126.90082,37.65944],[126.90091,37.65943],[126.90108,37.65941],[126.90123,37.65936],[126.9015,37.65929],[126.90178,37.6592],[126.90198,37.65914],[126.90221,37.65906],[126.90226,37.65905],[126.90241,37.65896],[126.90258,37.65887],[126.90279,37.65879],[126.90298,37.65876],[126.90303,37.65876],[126.90335,37.65875],[126.90362,37.65872],[126.90378,37.65869],[126.90392,37.65865],[126.90407,37.6586],[126.90437,37.65853],[126.90459,37.65849],[126.90479,37.6585],[126.90501,37.65852],[126.90508,37.65852],[126.90541,37.65863],[126.90562,37.6587],[126.90622,37.65893],[126.90642,37.65904],[126.90653,37.65914],[126.90657,37.65917],[126.90667,37.65928],[126.90688,37.65946],[126.90767,37.65979],[126.90772,37.65982]]}},{"type":"Feature","properties":{"class":"major","highway":"primary","sidewalk":"likely","lanes":3,"name":"권율대로","oneway":false},"geometry":{"type":"LineString","coordinates":[[126.87647,37.6518],[126.87714,37.65191],[126.87742,37.65198],[126.87766,37.65207],[126.87806,37.65225],[126.8783,37.65237],[126.8784,37.65242],[126.87851,37.6525],[126.87874,37.65266],[126.87904,37.6529],[126.87972,37.65355],[126.88039,37.65421],[126.88051,37.65432],[126.88058,37.6544],[126.88079,37.65461],[126.88091,37.65481],[126.88107,37.65507],[126.88124,37.65554],[126.88134,37.65592],[126.88139,37.6563],[126.88136,37.65709],[126.88138,37.65748],[126.88142,37.6577],[126.88149,37.65792],[126.88167,37.65827],[126.88191,37.65862],[126.88229,37.65901]]}},{"type":"Feature","properties":{"class":"major","highway":"primary","sidewalk":"likely","lanes":3,"name":"","oneway":false},"geometry":{"type":"LineString","coordinates":[[126.88229,37.65901],[126.8825,37.65915],[126.88277,37.65931]]}},{"type":"Feature","properties":{"class":"major","highway":"primary","sidewalk":"likely","lanes":3,"name":"권율대로","oneway":false},"geometry":{"type":"LineString","coordinates":[[126.88277,37.65931],[126.88353,37.65975],[126.88415,37.66012],[126.88425,37.66017],[126.88438,37.66024],[126.8865,37.66141],[126.88661,37.66147]]}},{"type":"Feature","properties":{"class":"major","highway":"primary","sidewalk":"likely","lanes":4,"name":"삼송로","oneway":false},"geometry":{"type":"LineString","coordinates":[[126.88311,37.65081],[126.8833,37.65087],[126.88355,37.65094],[126.88439,37.65117],[126.88473,37.65126],[126.88492,37.65132],[126.88507,37.65136]]}},{"type":"Feature","properties":{"class":"major","highway":"secondary","sidewalk":"likely","lanes":2,"name":"동세로","oneway":false},"geometry":{"type":"LineString","coordinates":[[126.88311,37.65081],[126.88303,37.65095],[126.88285,37.65127],[126.88248,37.65193],[126.88243,37.65201],[126.8824,37.65207],[126.88192,37.65296],[126.88175,37.65324],[126.8817,37.65332],[126.88165,37.65341],[126.88144,37.65376],[126.88103,37.65403],[126.88068,37.65423],[126.88051,37.65432]]}},{"type":"Feature","properties":{"class":"major","highway":"primary","sidewalk":"likely","lanes":3,"name":"고양대로","oneway":false},"geometry":{"type":"LineString","coordinates":[[126.88755,37.64287],[126.88764,37.6429],[126.88929,37.64348],[126.88943,37.64353],[126.89151,37.64427],[126.892,37.64443],[126.89211,37.64448],[126.89237,37.64459],[126.89255,37.64465],[126.89295,37.6448],[126.89433,37.64525],[126.89456,37.64533],[126.89474,37.64539],[126.89529,37.64559],[126.89591,37.64584],[126.89606,37.64589],[126.89671,37.64615],[126.89715,37.64631],[126.89769,37.6465],[126.8985,37.6468],[126.89868,37.64687],[126.89925,37.64699],[126.89952,37.64701],[126.89986,37.64704],[126.90015,37.64704],[126.90054,37.64705],[126.90112,37.64707]]}},{"type":"Feature","properties":{"class":"minor","highway":"residential","sidewalk":"unknown","lanes":0,"name":"통일로214번길","oneway":false},"geometry":{"type":"LineString","coordinates":[[126.89764,37.65504],[126.89787,37.65506],[126.89795,37.65507],[126.89809,37.65508],[126.89821,37.65509],[126.89844,37.65511],[126.89955,37.65508],[126.9005,37.65501],[126.90092,37.65503],[126.90114,37.65506],[126.9013,37.65503],[126.90147,37.65491],[126.90149,37.65468]]}},{"type":"Feature","properties":{"class":"minor","highway":"residential","sidewalk":"unknown","lanes":0,"name":"통일로240번길","oneway":false},"geometry":{"type":"LineString","coordinates":[[126.89817,37.65654],[126.89779,37.65674],[126.89761,37.65688],[126.89739,37.65726],[126.8973,37.65745],[126.89714,37.65763],[126.89676,37.65796],[126.897,37.65817],[126.89717,37.65832],[126.89737,37.65848],[126.89746,37.65857],[126.89821,37.65823]]}},{"type":"Feature","properties":{"class":"minor","highway":"residential","sidewalk":"unknown","lanes":0,"name":"삼송로139번길","oneway":false},"geometry":{"type":"LineString","coordinates":[[126.88942,37.65246],[126.88938,37.65261],[126.88928,37.65299],[126.8892,37.65328],[126.88914,37.6537],[126.88915,37.65378],[126.88918,37.65385],[126.88936,37.65403],[126.88943,37.65428],[126.88946,37.65446]]}},{"type":"Feature","properties":{"class":"major","highway":"secondary","sidewalk":"likely","lanes":2,"name":"동세로","oneway":false},"geometry":{"type":"LineString","coordinates":[[126.88727,37.64343],[126.88722,37.64351],[126.88692,37.64413],[126.88654,37.64481],[126.88641,37.64503],[126.88635,37.64512],[126.8863,37.64521],[126.88612,37.64555],[126.8858,37.64611],[126.88552,37.64661],[126.88548,37.64668],[126.88545,37.64673],[126.88543,37.64676],[126.88537,37.64686]]}},{"type":"Feature","properties":{"class":"major","highway":"secondary","sidewalk":"likely","lanes":2,"name":"","oneway":false},"geometry":{"type":"LineString","coordinates":[[126.88746,37.64306],[126.88727,37.64343]]}},{"type":"Feature","properties":{"class":"major","highway":"tertiary","sidewalk":"likely","lanes":2,"name":"세솔로","oneway":false},"geometry":{"type":"LineString","coordinates":[[126.89211,37.64506],[126.89208,37.64513],[126.89203,37.64523],[126.89172,37.64578],[126.8912,37.64667],[126.89115,37.64676],[126.8911,37.64684],[126.89097,37.64709],[126.89058,37.64779],[126.8902,37.64846],[126.89017,37.6485]]}},{"type":"Feature","properties":{"class":"major","highway":"tertiary","sidewalk":"likely","lanes":2,"name":"","oneway":false},"geometry":{"type":"LineString","coordinates":[[126.89219,37.6449],[126.89211,37.64506]]}},{"type":"Feature","properties":{"class":"alley","highway":"service","sidewalk":"unknown","lanes":0,"name":"","oneway":true},"geometry":{"type":"LineString","coordinates":[[126.8955,37.64676],[126.89548,37.64674],[126.89547,37.64672],[126.89547,37.64669],[126.89547,37.64666],[126.89549,37.64663],[126.89551,37.64661],[126.89553,37.64659],[126.89556,37.64658],[126.89562,37.64657],[126.89569,37.64659],[126.89572,37.64661],[126.89575,37.64664],[126.89576,37.64668],[126.89576,37.64672],[126.89574,37.64675],[126.89571,37.64678],[126.89567,37.6468],[126.89561,37.6468]]}},{"type":"Feature","properties":{"class":"alley","highway":"service","sidewalk":"unknown","lanes":0,"name":"","oneway":false},"geometry":{"type":"LineString","coordinates":[[126.89578,37.64642],[126.8957,37.64656],[126.89569,37.64659]]}},{"type":"Feature","properties":{"class":"alley","highway":"service","sidewalk":"unknown","lanes":0,"name":"","oneway":false},"geometry":{"type":"LineString","coordinates":[[126.89584,37.64632],[126.89578,37.64642]]}},{"type":"Feature","properties":{"class":"major","highway":"secondary","sidewalk":"likely","lanes":2,"name":"동송로","oneway":false},"geometry":{"type":"LineString","coordinates":[[126.89837,37.64743],[126.89818,37.64783],[126.89769,37.64868],[126.89762,37.6488],[126.89757,37.64889],[126.8974,37.64926],[126.89712,37.64977],[126.89665,37.65056],[126.89662,37.65064],[126.89658,37.65074]]}},{"type":"Feature","properties":{"class":"major","highway":"secondary","sidewalk":"likely","lanes":2,"name":"","oneway":false},"geometry":{"type":"LineString","coordinates":[[126.89859,37.64704],[126.89837,37.64743]]}},{"type":"Feature","properties":{"class":"minor","highway":"residential","sidewalk":"unknown","lanes":1,"name":"세솔다리","oneway":false},"geometry":{"type":"LineString","coordinates":[[126.89534,37.65047],[126.89476,37.6515]]}},{"type":"Feature","properties":{"class":"major","highway":"secondary","sidewalk":"likely","lanes":2,"name":"","oneway":false},"geometry":{"type":"LineString","coordinates":[[126.89658,37.65074],[126.89593,37.65195]]}},{"type":"Feature","properties":{"class":"minor","highway":"residential","sidewalk":"unknown","lanes":0,"name":"","oneway":false},"geometry":{"type":"LineString","coordinates":[[126.89535,37.65185],[126.89527,37.65201],[126.89514,37.65226],[126.895,37.65252],[126.89485,37.65279]]}},{"type":"Feature","properties":{"class":"major","highway":"tertiary","sidewalk":"likely","lanes":2,"name":"","oneway":false},"geometry":{"type":"LineString","coordinates":[[126.88829,37.65957],[126.88859,37.65974]]}},{"type":"Feature","properties":{"class":"minor","highway":"residential","sidewalk":"unknown","lanes":0,"name":"","oneway":false},"geometry":{"type":"LineString","coordinates":[[126.88413,37.65413],[126.88411,37.65419],[126.88407,37.65433],[126.88401,37.65441],[126.88444,37.65491],[126.88442,37.65574],[126.88441,37.6562]]}},{"type":"Feature","properties":{"class":"minor","highway":"residential","sidewalk":"unknown","lanes":0,"name":"","oneway":false},"geometry":{"type":"LineString","coordinates":[[126.88743,37.64553],[126.8874,37.64557],[126.88722,37.64587],[126.88718,37.64594],[126.88712,37.64592],[126.88624,37.6456],[126.88612,37.64555]]}},{"type":"Feature","properties":{"class":"major","highway":"primary_link","sidewalk":"likely","lanes":2,"name":"삼송로","oneway":true},"geometry":{"type":"LineString","coordinates":[[126.89863,37.6536],[126.89943,37.65362],[126.90002,37.65363],[126.90044,37.65372]]}},{"type":"Feature","properties":{"class":"major","highway":"primary","sidewalk":"likely","lanes":3,"name":"고양대로","oneway":false},"geometry":{"type":"LineString","coordinates":[[126.88068,37.64337],[126.88082,37.64327],[126.8812,37.643],[126.88155,37.64276],[126.88161,37.64271],[126.88197,37.64246],[126.88235,37.64223],[126.88262,37.64209],[126.88298,37.64196],[126.88346,37.64186],[126.8836,37.64184],[126.884,37.64182],[126.8845,37.64186],[126.88483,37.64192],[126.88519,37.64203],[126.88554,37.64216],[126.88582,37.64226],[126.88606,37.64234],[126.88621,37.64239],[126.88691,37.64264],[126.88745,37.64283],[126.88755,37.64287]]}},{"type":"Feature","properties":{"class":"major","highway":"primary","sidewalk":"likely","lanes":4,"name":"삼송로","oneway":false},"geometry":{"type":"LineString","coordinates":[[126.88942,37.65246],[126.88959,37.65249],[126.88997,37.65257],[126.89062,37.65271],[126.89122,37.65285],[126.89186,37.653],[126.89247,37.65313],[126.89299,37.65324],[126.89364,37.65338],[126.89386,37.65342],[126.89402,37.65345],[126.8942,37.65348],[126.89453,37.65351],[126.89507,37.65355],[126.89519,37.65356]]}},{"type":"Feature","properties":{"class":"major","highway":"secondary","sidewalk":"likely","lanes":2,"name":"동송로","oneway":false},"geometry":{"type":"LineString","coordinates":[[126.89538,37.65309],[126.89526,37.65339],[126.89519,37.65356]]}},{"type":"Feature","properties":{"class":"minor","highway":"residential","sidewalk":"unknown","lanes":0,"name":"동산1로2길","oneway":false},"geometry":{"type":"LineString","coordinates":[[126.88509,37.64306],[126.88503,37.64304],[126.88467,37.64292],[126.88437,37.64284],[126.88407,37.64279],[126.88385,37.64282],[126.88366,37.64284],[126.88349,37.64289],[126.88342,37.64294],[126.88343,37.64301],[126.88389,37.64357],[126.88426,37.6439],[126.88447,37.64404],[126.88453,37.64408]]}},{"type":"Feature","properties":{"class":"minor","highway":"residential","sidewalk":"unknown","lanes":0,"name":"동산1로1길","oneway":false},"geometry":{"type":"LineString","coordinates":[[126.8847,37.64378],[126.88474,37.6438],[126.88517,37.64396],[126.88626,37.64437]]}},{"type":"Feature","properties":{"class":"alley","highway":"service","sidewalk":"unknown","lanes":0,"name":"","oneway":false},"geometry":{"type":"LineString","coordinates":[[126.88243,37.65201],[126.88253,37.65205],[126.88257,37.65206],[126.88325,37.65232],[126.88343,37.65233],[126.88355,37.6524],[126.88363,37.65251],[126.88362,37.65265],[126.88355,37.65284],[126.88341,37.65295],[126.8833,37.65307],[126.88319,37.65328],[126.883,37.65367],[126.883,37.65369],[126.88296,37.65378]]}},{"type":"Feature","properties":{"class":"alley","highway":"service","sidewalk":"unknown","lanes":0,"name":"","oneway":false},"geometry":{"type":"LineString","coordinates":[[126.88345,37.65351],[126.88337,37.65338],[126.88332,37.65331],[126.88319,37.65328],[126.88282,37.65314],[126.88245,37.65301]]}},{"type":"Feature","properties":{"class":"alley","highway":"service","sidewalk":"unknown","lanes":0,"name":"","oneway":false},"geometry":{"type":"LineString","coordinates":[[126.88282,37.65314],[126.88299,37.65283]]}},{"type":"Feature","properties":{"class":"alley","highway":"service","sidewalk":"unknown","lanes":0,"name":"","oneway":false},"geometry":{"type":"LineString","coordinates":[[126.88282,37.65314],[126.88261,37.65321],[126.88238,37.65313],[126.88245,37.65301]]}},{"type":"Feature","properties":{"class":"alley","highway":"service","sidewalk":"unknown","lanes":0,"name":"","oneway":false},"geometry":{"type":"LineString","coordinates":[[126.88299,37.65283],[126.88306,37.65269],[126.88258,37.65252],[126.88252,37.65265],[126.88299,37.65283]]}},{"type":"Feature","properties":{"class":"alley","highway":"service","sidewalk":"unknown","lanes":0,"name":"","oneway":false},"geometry":{"type":"LineString","coordinates":[[126.88335,37.65363],[126.88338,37.65355],[126.88345,37.65351],[126.88364,37.65344],[126.88381,37.6535],[126.88388,37.65336],[126.88366,37.65328],[126.88337,37.65338]]}},{"type":"Feature","properties":{"class":"alley","highway":"service","sidewalk":"unknown","lanes":0,"name":"","oneway":false},"geometry":{"type":"LineString","coordinates":[[126.88096,37.64755],[126.88091,37.64763],[126.88089,37.64766],[126.88076,37.64788],[126.88062,37.648],[126.88047,37.64812],[126.88031,37.64829],[126.8802,37.64843],[126.8801,37.64859],[126.88006,37.64874],[126.87999,37.6489],[126.87987,37.649],[126.87969,37.64905],[126.87951,37.64904],[126.87936,37.649],[126.87924,37.64891],[126.87916,37.64879],[126.87911,37.64861],[126.87904,37.64844],[126.87893,37.64826],[126.87877,37.64806],[126.87857,37.6478],[126.87843,37.64759],[126.87838,37.64752]]}},{"type":"Feature","properties":{"class":"alley","highway":"service","sidewalk":"unknown","lanes":0,"name":"","oneway":false},"geometry":{"type":"LineString","coordinates":[[126.88062,37.648],[126.88107,37.64816]]}},{"type":"Feature","properties":{"class":"alley","highway":"service","sidewalk":"unknown","lanes":0,"name":"","oneway":false},"geometry":{"type":"LineString","coordinates":[[126.88107,37.64816],[126.88129,37.64825],[126.88118,37.64841],[126.88098,37.64833],[126.88107,37.64816]]}},{"type":"Feature","properties":{"class":"alley","highway":"service","sidewalk":"unknown","lanes":0,"name":"","oneway":false},"geometry":{"type":"LineString","coordinates":[[126.88062,37.648],[126.88044,37.64794],[126.88011,37.64782],[126.88,37.64778]]}},{"type":"Feature","properties":{"class":"alley","highway":"service","sidewalk":"unknown","lanes":0,"name":"","oneway":false},"geometry":{"type":"LineString","coordinates":[[126.88044,37.64794],[126.88049,37.64783],[126.88016,37.64771],[126.88011,37.64782]]}},{"type":"Feature","properties":{"class":"alley","highway":"service","sidewalk":"unknown","lanes":0,"name":"","oneway":false},"geometry":{"type":"LineString","coordinates":[[126.8802,37.64843],[126.88083,37.64866]]}},{"type":"Feature","properties":{"class":"alley","highway":"service","sidewalk":"unknown","lanes":0,"name":"","oneway":false},"geometry":{"type":"LineString","coordinates":[[126.88083,37.64866],[126.88109,37.64874],[126.881,37.6489],[126.88076,37.64882],[126.88083,37.64866]]}},{"type":"Feature","properties":{"class":"alley","highway":"service","sidewalk":"unknown","lanes":0,"name":"","oneway":false},"geometry":{"type":"LineString","coordinates":[[126.87999,37.6489],[126.88012,37.64895]]}},{"type":"Feature","properties":{"class":"alley","highway":"service","sidewalk":"unknown","lanes":0,"name":"","oneway":false},"geometry":{"type":"LineString","coordinates":[[126.88012,37.64895],[126.88075,37.64918],[126.88067,37.64935],[126.88005,37.64913],[126.88012,37.64895]]}},{"type":"Feature","properties":{"class":"alley","highway":"service","sidewalk":"unknown","lanes":0,"name":"","oneway":false},"geometry":{"type":"LineString","coordinates":[[126.88355,37.65284],[126.88379,37.65294]]}},{"type":"Feature","properties":{"class":"alley","highway":"service","sidewalk":"unknown","lanes":0,"name":"","oneway":false},"geometry":{"type":"LineString","coordinates":[[126.88363,37.65251],[126.88403,37.65234],[126.88413,37.65247],[126.88423,37.65259]]}},{"type":"Feature","properties":{"class":"alley","highway":"service","sidewalk":"unknown","lanes":0,"name":"","oneway":false},"geometry":{"type":"LineString","coordinates":[[126.88343,37.65233],[126.88355,37.65205]]}},{"type":"Feature","properties":{"class":"alley","highway":"service","sidewalk":"unknown","lanes":0,"name":"","oneway":false},"geometry":{"type":"LineString","coordinates":[[126.88429,37.65213],[126.88411,37.65187],[126.88367,37.65207],[126.88355,37.65205],[126.88345,37.65201]]}},{"type":"Feature","properties":{"class":"alley","highway":"service","sidewalk":"unknown","lanes":0,"name":"","oneway":false},"geometry":{"type":"LineString","coordinates":[[126.88345,37.65201],[126.88311,37.65189],[126.88317,37.65176],[126.88351,37.65187],[126.88345,37.65201]]}},{"type":"Feature","properties":{"class":"alley","highway":"service","sidewalk":"unknown","lanes":0,"name":"","oneway":false},"geometry":{"type":"LineString","coordinates":[[126.87981,37.65077],[126.87991,37.65077],[126.87992,37.65078],[126.88003,37.65081],[126.88001,37.65089],[126.87995,37.65096],[126.87989,37.65091],[126.87984,37.65083],[126.87981,37.65077]]}},{"type":"Feature","properties":{"class":"minor","highway":"residential","sidewalk":"unknown","lanes":0,"name":"권율대로","oneway":false},"geometry":{"type":"LineString","coordinates":[[126.88051,37.65432],[126.88035,37.65437],[126.88023,37.65442],[126.88013,37.65447],[126.87999,37.65455]]}},{"type":"Feature","properties":{"class":"minor","highway":"residential","sidewalk":"unknown","lanes":0,"name":"권율대로","oneway":false},"geometry":{"type":"LineString","coordinates":[[126.88013,37.65447],[126.87961,37.65399],[126.87903,37.65407],[126.8788,37.65408]]}},{"type":"Feature","properties":{"class":"minor","highway":"unclassified","sidewalk":"unknown","lanes":0,"name":"","oneway":false},"geometry":{"type":"LineString","coordinates":[[126.88023,37.65442],[126.88051,37.65475],[126.88075,37.65507],[126.88089,37.65546],[126.88099,37.65586],[126.88105,37.65628],[126.88101,37.65675],[126.88104,37.65752],[126.88114,37.65754]]}},{"type":"Feature","properties":{"class":"minor","highway":"residential","sidewalk":"unknown","lanes":0,"name":"","oneway":false},"geometry":{"type":"LineString","coordinates":[[126.88542,37.65419],[126.88543,37.65424],[126.88546,37.65446],[126.88552,37.65454],[126.88568,37.65459],[126.88593,37.65456],[126.88603,37.65449],[126.88607,37.65439],[126.88601,37.65417],[126.88599,37.65412]]}},{"type":"Feature","properties":{"class":"minor","highway":"residential","sidewalk":"unknown","lanes":0,"name":"신도2길","oneway":false},"geometry":{"type":"LineString","coordinates":[[126.88943,37.65],[126.89001,37.6502]]}},{"type":"Feature","properties":{"class":"minor","highway":"residential","sidewalk":"unknown","lanes":0,"name":"세솔로1길","oneway":false},"geometry":{"type":"LineString","coordinates":[[126.88909,37.65199],[126.88962,37.65093]]}},{"type":"Feature","properties":{"class":"minor","highway":"residential","sidewalk":"unknown","lanes":0,"name":"","oneway":false},"geometry":{"type":"LineString","coordinates":[[126.88945,37.65192],[126.88994,37.65106]]}},{"type":"Feature","properties":{"class":"minor","highway":"residential","sidewalk":"unknown","lanes":0,"name":"세솔로2길","oneway":false},"geometry":{"type":"LineString","coordinates":[[126.88733,37.65336],[126.88739,37.65339],[126.88765,37.6535],[126.88795,37.65361],[126.88806,37.65361],[126.88816,37.65357],[126.8884,37.65311],[126.88853,37.65285],[126.88806,37.65277],[126.88781,37.65274],[126.88772,37.65272]]}},{"type":"Feature","properties":{"class":"minor","highway":"residential","sidewalk":"unknown","lanes":0,"name":"세솔로2길","oneway":false},"geometry":{"type":"LineString","coordinates":[[126.88806,37.65277],[126.88765,37.6535]]}},{"type":"Feature","properties":{"class":"minor","highway":"residential","sidewalk":"unknown","lanes":0,"name":"세솔로2길","oneway":false},"geometry":{"type":"LineString","coordinates":[[126.8884,37.65311],[126.88855,37.65345],[126.88878,37.65385],[126.88883,37.65429],[126.88867,37.65434],[126.88842,37.65443],[126.88807,37.65435]]}},{"type":"Feature","properties":{"class":"minor","highway":"residential","sidewalk":"unknown","lanes":0,"name":"세솔로2길","oneway":false},"geometry":{"type":"LineString","coordinates":[[126.88795,37.65361],[126.88797,37.65382],[126.88801,37.65419],[126.88807,37.65435],[126.88801,37.65458]]}},{"type":"Feature","properties":{"class":"minor","highway":"residential","sidewalk":"unknown","lanes":0,"name":"","oneway":false},"geometry":{"type":"LineString","coordinates":[[126.88797,37.65382],[126.8875,37.65376],[126.88701,37.65392],[126.88693,37.65382],[126.88689,37.65376]]}},{"type":"Feature","properties":{"class":"minor","highway":"residential","sidewalk":"unknown","lanes":0,"name":"삼송로139번길","oneway":false},"geometry":{"type":"LineString","coordinates":[[126.88853,37.65285],[126.88928,37.65299],[126.89009,37.65314]]}},{"type":"Feature","properties":{"class":"minor","highway":"residential","sidewalk":"unknown","lanes":0,"name":"삼송로139번길","oneway":false},"geometry":{"type":"LineString","coordinates":[[126.88885,37.65322],[126.8892,37.65328],[126.88965,37.65337]]}},{"type":"Feature","properties":{"class":"minor","highway":"residential","sidewalk":"unknown","lanes":0,"name":"세솔로2길","oneway":false},"geometry":{"type":"LineString","coordinates":[[126.88855,37.65345],[126.88816,37.65357]]}},{"type":"Feature","properties":{"class":"minor","highway":"residential","sidewalk":"unknown","lanes":0,"name":"삼송로139번길","oneway":false},"geometry":{"type":"LineString","coordinates":[[126.88883,37.65429],[126.88896,37.65438],[126.88936,37.65441],[126.88946,37.65446],[126.88946,37.65461],[126.88946,37.65489]]}},{"type":"Feature","properties":{"class":"minor","highway":"residential","sidewalk":"unknown","lanes":0,"name":"","oneway":false},"geometry":{"type":"LineString","coordinates":[[126.88878,37.65385],[126.88849,37.65388],[126.88829,37.65389],[126.88828,37.65408]]}},{"type":"Feature","properties":{"class":"minor","highway":"residential","sidewalk":"unknown","lanes":0,"name":"삼송로","oneway":false},"geometry":{"type":"LineString","coordinates":[[126.89364,37.65338],[126.89361,37.65348],[126.8935,37.65385],[126.89338,37.65412]]}},{"type":"Feature","properties":{"class":"minor","highway":"residential","sidewalk":"unknown","lanes":0,"name":"삼송로","oneway":false},"geometry":{"type":"LineString","coordinates":[[126.89514,37.6538],[126.89492,37.65377],[126.8948,37.65419],[126.89472,37.65447],[126.89457,37.65498]]}},{"type":"Feature","properties":{"class":"minor","highway":"residential","sidewalk":"unknown","lanes":0,"name":"삼송로193번길","oneway":false},"geometry":{"type":"LineString","coordinates":[[126.89423,37.6544],[126.89472,37.65447],[126.89519,37.65457],[126.89539,37.65467],[126.89557,37.6548]]}},{"type":"Feature","properties":{"class":"minor","highway":"residential","sidewalk":"unknown","lanes":0,"name":"","oneway":false},"geometry":{"type":"LineString","coordinates":[[126.89431,37.6541],[126.8948,37.65419]]}},{"type":"Feature","properties":{"class":"minor","highway":"residential","sidewalk":"unknown","lanes":0,"name":"삼송로193번길","oneway":false},"geometry":{"type":"LineString","coordinates":[[126.89528,37.65384],[126.89516,37.65427],[126.8948,37.65419]]}},{"type":"Feature","properties":{"class":"minor","highway":"residential","sidewalk":"unknown","lanes":0,"name":"삼송로205번길","oneway":false},"geometry":{"type":"LineString","coordinates":[[126.89662,37.65506],[126.89682,37.65496],[126.8969,37.65494],[126.89724,37.65494],[126.89726,37.65464],[126.89692,37.65463],[126.89626,37.65461]]}},{"type":"Feature","properties":{"class":"minor","highway":"residential","sidewalk":"unknown","lanes":0,"name":"삼송로193번길","oneway":false},"geometry":{"type":"LineString","coordinates":[[126.89457,37.65498],[126.89435,37.65494],[126.89409,37.65554]]}},{"type":"Feature","properties":{"class":"minor","highway":"residential","sidewalk":"unknown","lanes":0,"name":"","oneway":false},"geometry":{"type":"LineString","coordinates":[[126.89379,37.65545],[126.89409,37.65554],[126.89437,37.65566]]}},{"type":"Feature","properties":{"class":"minor","highway":"residential","sidewalk":"unknown","lanes":0,"name":"통일로214번안길","oneway":false},"geometry":{"type":"LineString","coordinates":[[126.89955,37.65508],[126.89958,37.65537],[126.89961,37.65566],[126.89964,37.65592],[126.89967,37.6562],[126.89969,37.65638]]}},{"type":"Feature","properties":{"class":"minor","highway":"residential","sidewalk":"unknown","lanes":0,"name":"통일로214번안길","oneway":false},"geometry":{"type":"LineString","coordinates":[[126.89872,37.65543],[126.89958,37.65537],[126.89999,37.65533],[126.90051,37.6553]]}},{"type":"Feature","properties":{"class":"minor","highway":"residential","sidewalk":"unknown","lanes":0,"name":"통일로214번안길","oneway":false},"geometry":{"type":"LineString","coordinates":[[126.89878,37.6557],[126.89961,37.65566],[126.9005,37.65559]]}},{"type":"Feature","properties":{"class":"minor","highway":"residential","sidewalk":"unknown","lanes":0,"name":"통일로214번안길","oneway":false},"geometry":{"type":"LineString","coordinates":[[126.89905,37.65595],[126.89964,37.65592],[126.90014,37.6559],[126.90058,37.65584]]}},{"type":"Feature","properties":{"class":"minor","highway":"residential","sidewalk":"unknown","lanes":0,"name":"통일로214번안길","oneway":false},"geometry":{"type":"LineString","coordinates":[[126.89909,37.65625],[126.89967,37.6562],[126.90058,37.65617]]}},{"type":"Feature","properties":{"class":"minor","highway":"residential","sidewalk":"unknown","lanes":0,"name":"삼송로221번길","oneway":false},"geometry":{"type":"LineString","coordinates":[[126.89869,37.65394],[126.89878,37.65416],[126.89881,37.65468],[126.89854,37.65469]]}},{"type":"Feature","properties":{"class":"minor","highway":"residential","sidewalk":"unknown","lanes":0,"name":"삼송로221번길","oneway":false},"geometry":{"type":"LineString","coordinates":[[126.89878,37.65416],[126.89983,37.65418],[126.90049,37.65415],[126.90175,37.65416],[126.90223,37.65414],[126.90265,37.65413],[126.90306,37.65411],[126.9034,37.6541],[126.90369,37.65407],[126.90387,37.65403],[126.90396,37.65401],[126.90391,37.65369],[126.90404,37.65364]]}},{"type":"Feature","properties":{"class":"minor","highway":"residential","sidewalk":"unknown","lanes":0,"name":"고양대로1910번길","oneway":false},"geometry":{"type":"LineString","coordinates":[[126.89151,37.64427],[126.89157,37.64411],[126.89158,37.64407],[126.89137,37.6437],[126.89139,37.64329],[126.89132,37.64302],[126.89133,37.64278],[126.89133,37.64266],[126.89138,37.64252],[126.89158,37.64236],[126.89152,37.64216],[126.89147,37.64201],[126.89134,37.6419],[126.89109,37.64184],[126.89101,37.64175],[126.89085,37.64174],[126.89077,37.64168]]}},{"type":"Feature","properties":{"class":"minor","highway":"residential","sidewalk":"unknown","lanes":0,"name":"고양대로1912번길","oneway":false},"geometry":{"type":"LineString","coordinates":[[126.89158,37.64407],[126.89173,37.644],[126.89184,37.64376],[126.89202,37.64366],[126.89219,37.64342],[126.8923,37.64324],[126.89252,37.64311],[126.89295,37.64287]]}},{"type":"Feature","properties":{"class":"minor","highway":"residential","sidewalk":"unknown","lanes":0,"name":"고양대로1916번길","oneway":false},"geometry":{"type":"LineString","coordinates":[[126.89211,37.64448],[126.8922,37.64432],[126.89228,37.6442],[126.8925,37.64416],[126.89267,37.64409],[126.89286,37.64375],[126.89306,37.64354],[126.89325,37.64333],[126.8935,37.64297],[126.89375,37.64238],[126.89342,37.64212],[126.89298,37.64195],[126.89266,37.64181],[126.89246,37.64158],[126.89218,37.64163],[126.89203,37.64149],[126.89157,37.64161],[126.89144,37.64183],[126.89134,37.6419]]}},{"type":"Feature","properties":{"class":"minor","highway":"residential","sidewalk":"unknown","lanes":0,"name":"고양대로1940번길","oneway":false},"geometry":{"type":"LineString","coordinates":[[126.89456,37.64533],[126.8946,37.64525],[126.89469,37.64519],[126.8948,37.6451],[126.89488,37.64493],[126.89489,37.64476],[126.89491,37.64461],[126.89485,37.64449],[126.89466,37.64437],[126.89456,37.6443],[126.89455,37.64415],[126.89417,37.64388],[126.89417,37.64374],[126.89409,37.64354],[126.89402,37.64334],[126.89403,37.643],[126.89378,37.643],[126.8935,37.64297]]}},{"type":"Feature","properties":{"class":"minor","highway":"residential","sidewalk":"unknown","lanes":0,"name":"고양대로1940번길","oneway":false},"geometry":{"type":"LineString","coordinates":[[126.89255,37.64465],[126.89268,37.64448],[126.89281,37.64436],[126.89324,37.64436],[126.89358,37.6444],[126.89371,37.64435],[126.89386,37.64431],[126.89403,37.64434],[126.8945,37.64448],[126.89464,37.64466],[126.89482,37.64468],[126.89489,37.64476]]}},{"type":"Feature","properties":{"class":"minor","highway":"residential","sidewalk":"unknown","lanes":0,"name":"고양대로1954번길","oneway":false},"geometry":{"type":"LineString","coordinates":[[126.89606,37.64589],[126.89613,37.64576],[126.89622,37.64557],[126.89639,37.64526],[126.89661,37.6451],[126.8967,37.64497],[126.89674,37.64487],[126.89641,37.64431]]}},{"type":"Feature","properties":{"class":"minor","highway":"residential","sidewalk":"unknown","lanes":0,"name":"고양대로1978번길","oneway":false},"geometry":{"type":"LineString","coordinates":[[126.89868,37.64687],[126.89863,37.64669],[126.89886,37.64611],[126.89898,37.64569]]}},{"type":"Feature","properties":{"class":"minor","highway":"residential","sidewalk":"unknown","lanes":0,"name":"고양대로1978번길","oneway":false},"geometry":{"type":"LineString","coordinates":[[126.89898,37.64569],[126.89911,37.64533],[126.89895,37.64453],[126.89881,37.64419],[126.89856,37.64398],[126.89832,37.64382],[126.89815,37.64368],[126.89802,37.64351],[126.89778,37.64336],[126.8973,37.6434],[126.89716,37.64361],[126.89719,37.6438],[126.89725,37.64396],[126.89743,37.64413],[126.89777,37.64426],[126.89807,37.6445],[126.89838,37.64467],[126.89857,37.64479],[126.89869,37.64525],[126.89876,37.64553],[126.89898,37.64569]]}},{"type":"Feature","properties":{"class":"minor","highway":"residential","sidewalk":"unknown","lanes":0,"name":"고양대로1978번길","oneway":false},"geometry":{"type":"LineString","coordinates":[[126.8973,37.6434],[126.89692,37.64294]]}},{"type":"Feature","properties":{"class":"minor","highway":"residential","sidewalk":"unknown","lanes":0,"name":"고양대로2002번길","oneway":false},"geometry":{"type":"LineString","coordinates":[[126.90139,37.64413],[126.90106,37.64396],[126.9008,37.64384],[126.90048,37.64355],[126.9003,37.64322],[126.9001,37.64294],[126.89986,37.64271],[126.89952,37.64251],[126.89909,37.6418]]}},{"type":"Feature","properties":{"class":"minor","highway":"residential","sidewalk":"unknown","lanes":0,"name":"덕수천1로","oneway":false},"geometry":{"type":"LineString","coordinates":[[126.88352,37.64795],[126.88371,37.64762],[126.88378,37.64757],[126.88385,37.64758],[126.88417,37.64783],[126.88419,37.6479],[126.88411,37.64804],[126.88402,37.64805],[126.88358,37.64796],[126.88352,37.64795]]}},{"type":"Feature","properties":{"class":"minor","highway":"residential","sidewalk":"unknown","lanes":0,"name":"오금2길","oneway":false},"geometry":{"type":"LineString","coordinates":[[126.8993,37.65996],[126.89926,37.65991],[126.89917,37.65975],[126.89912,37.65965],[126.89916,37.65952],[126.89923,37.65943],[126.89963,37.65918],[126.89975,37.65909],[126.89982,37.65899],[126.89985,37.65886],[126.89984,37.65842],[126.89984,37.65833]]}},{"type":"Feature","properties":{"class":"minor","highway":"residential","sidewalk":"unknown","lanes":0,"name":"","oneway":false},"geometry":{"type":"LineString","coordinates":[[126.90039,37.65942],[126.90035,37.65938],[126.90015,37.65915],[126.89985,37.65886]]}},{"type":"Feature","properties":{"class":"minor","highway":"unclassified","sidewalk":"unknown","lanes":0,"name":"고양대로","oneway":false},"geometry":{"type":"LineString","coordinates":[[126.88606,37.64234],[126.88607,37.64221],[126.88614,37.64174],[126.88628,37.64137],[126.88627,37.64108],[126.88589,37.63987],[126.88518,37.63917],[126.88494,37.63894],[126.8847,37.63866],[126.88419,37.63836],[126.88362,37.63792],[126.88336,37.63731],[126.88297,37.63687],[126.88287,37.63651],[126.88268,37.63614],[126.88223,37.63535],[126.88232,37.63529],[126.88245,37.63521],[126.88251,37.63517]]}},{"type":"Feature","properties":{"class":"alley","highway":"service","sidewalk":"unknown","lanes":0,"name":"","oneway":false},"geometry":{"type":"LineString","coordinates":[[126.89797,37.6527],[126.89783,37.65269],[126.89778,37.65269],[126.89768,37.6527]]}},{"type":"Feature","properties":{"class":"major","highway":"primary","sidewalk":"likely","lanes":2,"name":"삼송로지하차도","oneway":false},"geometry":{"type":"LineString","coordinates":[[126.89744,37.65368],[126.89852,37.65372]]}},{"type":"Feature","properties":{"class":"major","highway":"primary","sidewalk":"likely","lanes":2,"name":"삼송로","oneway":false},"geometry":{"type":"LineString","coordinates":[[126.89852,37.65372],[126.89931,37.65374],[126.90044,37.65372]]}},{"type":"Feature","properties":{"class":"minor","highway":"residential","sidewalk":"unknown","lanes":0,"name":"삼송로193번길","oneway":false},"geometry":{"type":"LineString","coordinates":[[126.89398,37.65845],[126.89392,37.65863],[126.89384,37.6589],[126.89377,37.65935],[126.89375,37.65961],[126.89376,37.65982]]}},{"type":"Feature","properties":{"class":"alley","highway":"service","sidewalk":"unknown","lanes":0,"name":"","oneway":false},"geometry":{"type":"LineString","coordinates":[[126.89043,37.63569],[126.88896,37.63641],[126.88873,37.63652],[126.88828,37.63674],[126.88818,37.6368],[126.88785,37.63698],[126.8876,37.6371],[126.88754,37.63713],[126.88752,37.63715],[126.88752,37.63717],[126.88752,37.6372],[126.88755,37.63727],[126.88772,37.63767],[126.88776,37.63775],[126.88823,37.63834],[126.88826,37.63837],[126.88873,37.63895],[126.88876,37.63899],[126.88952,37.63989],[126.88954,37.63995],[126.88959,37.64001],[126.88997,37.64048],[126.89002,37.64052],[126.89027,37.64081],[126.89032,37.64084],[126.89038,37.64085],[126.89044,37.64086],[126.89065,37.64084],[126.8911,37.64066],[126.89114,37.64064],[126.89121,37.64057],[126.89129,37.64045],[126.89131,37.64037],[126.8914,37.6403],[126.89173,37.64012],[126.89183,37.64007],[126.89226,37.63989],[126.89291,37.6396],[126.89315,37.63957],[126.89351,37.63953]]}},{"type":"Feature","properties":{"class":"alley","highway":"service","sidewalk":"unknown","lanes":0,"name":"","oneway":false},"geometry":{"type":"LineString","coordinates":[[126.89226,37.63989],[126.8926,37.63999],[126.89298,37.63999],[126.89325,37.64001],[126.89392,37.63988],[126.89404,37.63986],[126.89429,37.63985]]}},{"type":"Feature","properties":{"class":"alley","highway":"service","sidewalk":"unknown","lanes":0,"name":"","oneway":false},"geometry":{"type":"LineString","coordinates":[[126.88797,37.63906],[126.88815,37.63911],[126.88818,37.63912],[126.88829,37.63917],[126.88843,37.63925],[126.88855,37.63934],[126.88865,37.63943],[126.88872,37.6395],[126.88929,37.64019],[126.88936,37.64028],[126.88937,37.64031],[126.88941,37.64036],[126.88942,37.64039],[126.88953,37.64053],[126.88966,37.64069],[126.88975,37.64079],[126.88906,37.64099],[126.88903,37.64097],[126.88902,37.64094],[126.88902,37.6409],[126.88907,37.64076],[126.88913,37.64064],[126.88922,37.6405],[126.88928,37.6404],[126.88932,37.64035],[126.88937,37.64031]]}},{"type":"Feature","properties":{"class":"alley","highway":"service","sidewalk":"unknown","lanes":0,"name":"","oneway":false},"geometry":{"type":"LineString","coordinates":[[126.88975,37.64079],[126.88979,37.64083],[126.8898,37.64084],[126.88983,37.64086],[126.88987,37.64089],[126.8899,37.64091],[126.88993,37.64092],[126.88997,37.64092],[126.89003,37.64092],[126.89007,37.64093],[126.89013,37.64095],[126.89017,37.64095],[126.89023,37.64093],[126.89026,37.64091],[126.89028,37.6409],[126.89032,37.64084]]}},{"type":"Feature","properties":{"class":"alley","highway":"service","sidewalk":"unknown","lanes":0,"name":"","oneway":false},"geometry":{"type":"LineString","coordinates":[[126.888,37.63909],[126.88803,37.63914],[126.88845,37.63973],[126.88847,37.63978],[126.88847,37.6398],[126.88846,37.63984],[126.88843,37.63987],[126.88837,37.63991],[126.88786,37.64014],[126.88777,37.64022],[126.88799,37.64061],[126.88799,37.64099],[126.88806,37.64114],[126.8881,37.64118],[126.88817,37.6412],[126.88865,37.64125],[126.88875,37.64127],[126.88883,37.64128],[126.8889,37.6413],[126.88899,37.6413],[126.88909,37.64129],[126.8892,37.64128],[126.88929,37.64127],[126.88939,37.64122],[126.88953,37.64119],[126.88966,37.64117],[126.88985,37.64109],[126.89017,37.64097],[126.89026,37.64091]]}},{"type":"Feature","properties":{"class":"alley","highway":"service","sidewalk":"unknown","lanes":0,"name":"","oneway":false},"geometry":{"type":"LineString","coordinates":[[126.88847,37.6398],[126.88867,37.64006],[126.8887,37.64007],[126.88873,37.64008],[126.88878,37.64008]]}},{"type":"Feature","properties":{"class":"alley","highway":"service","sidewalk":"unknown","lanes":0,"name":"","oneway":false},"geometry":{"type":"LineString","coordinates":[[126.88997,37.64048],[126.89036,37.64064],[126.89039,37.64065],[126.89041,37.64065],[126.89044,37.64064],[126.89048,37.64063],[126.89104,37.64033]]}},{"type":"Feature","properties":{"class":"alley","highway":"service","sidewalk":"unknown","lanes":0,"name":"","oneway":false},"geometry":{"type":"LineString","coordinates":[[126.89173,37.64012],[126.89168,37.64006],[126.89165,37.64004],[126.89162,37.64003],[126.89158,37.64003],[126.89153,37.64003],[126.89151,37.64003]]}},{"type":"Feature","properties":{"class":"alley","highway":"service","sidewalk":"unknown","lanes":0,"name":"","oneway":false},"geometry":{"type":"LineString","coordinates":[[126.89398,37.65845],[126.89377,37.65839],[126.8937,37.65838],[126.89368,37.6584],[126.89357,37.65855],[126.89348,37.65863],[126.89335,37.65871],[126.89321,37.65877],[126.89309,37.65882],[126.89294,37.65886],[126.8928,37.65891],[126.89271,37.65895],[126.89265,37.65901],[126.89261,37.65909],[126.89255,37.65923],[126.89248,37.65956],[126.8924,37.65967]]}},{"type":"Feature","properties":{"class":"alley","highway":"service","sidewalk":"unknown","lanes":0,"name":"","oneway":false},"geometry":{"type":"LineString","coordinates":[[126.89368,37.6584],[126.89315,37.65762],[126.89308,37.65757],[126.89302,37.65755],[126.89289,37.65754],[126.89196,37.65749],[126.89184,37.65748],[126.8916,37.65745],[126.89132,37.65743],[126.89119,37.65742],[126.89109,37.6574],[126.89097,37.65739],[126.89078,37.65735],[126.89065,37.65733],[126.8905,37.65732],[126.8904,37.65733],[126.89033,37.65734],[126.89028,37.65737],[126.89023,37.6574],[126.89019,37.65743],[126.89014,37.65745],[126.89008,37.65745],[126.89001,37.65745],[126.88991,37.65744],[126.88983,37.65744],[126.88976,37.65746],[126.88973,37.6575],[126.88961,37.65774]]}},{"type":"Feature","properties":{"class":"alley","highway":"service","sidewalk":"unknown","lanes":0,"name":"","oneway":false},"geometry":{"type":"LineString","coordinates":[[126.89119,37.65742],[126.89107,37.65742],[126.891,37.65743],[126.89094,37.65745],[126.89087,37.65748],[126.89081,37.65753],[126.89074,37.65759],[126.89068,37.65764],[126.89006,37.65823],[126.88995,37.65834],[126.88971,37.65857]]}},{"type":"Feature","properties":{"class":"alley","highway":"service","sidewalk":"unknown","lanes":0,"name":"","oneway":false},"geometry":{"type":"LineString","coordinates":[[126.88971,37.65857],[126.88904,37.65816],[126.88867,37.65793],[126.88849,37.65778]]}},{"type":"Feature","properties":{"class":"alley","highway":"service","sidewalk":"unknown","lanes":0,"name":"","oneway":false},"geometry":{"type":"LineString","coordinates":[[126.88904,37.65816],[126.88848,37.65818]]}},{"type":"Feature","properties":{"class":"alley","highway":"service","sidewalk":"unknown","lanes":0,"name":"","oneway":false},"geometry":{"type":"LineString","coordinates":[[126.88971,37.65857],[126.88989,37.65885],[126.89013,37.65915],[126.89039,37.65944],[126.89046,37.65949],[126.89053,37.65953],[126.89059,37.65955],[126.8907,37.65956],[126.89097,37.65957],[126.89144,37.65957],[126.89171,37.65967],[126.89175,37.65981],[126.89175,37.6599],[126.89176,37.65999],[126.89178,37.66005],[126.89183,37.66012]]}},{"type":"Feature","properties":{"class":"alley","highway":"service","sidewalk":"unknown","lanes":0,"name":"","oneway":false},"geometry":{"type":"LineString","coordinates":[[126.89368,37.6584],[126.89366,37.65873],[126.8936,37.65905],[126.89344,37.65986],[126.89349,37.66002]]}},{"type":"Feature","properties":{"class":"alley","highway":"service","sidewalk":"unknown","lanes":0,"name":"","oneway":false},"geometry":{"type":"LineString","coordinates":[[126.89344,37.65986],[126.8934,37.65997],[126.89331,37.66004],[126.89331,37.66047],[126.89339,37.66055],[126.89343,37.66087]]}},{"type":"Feature","properties":{"class":"alley","highway":"service","sidewalk":"unknown","lanes":0,"name":"","oneway":false},"geometry":{"type":"LineString","coordinates":[[126.89184,37.65748],[126.89183,37.65788],[126.89189,37.65806],[126.89191,37.65815],[126.89191,37.65817],[126.89193,37.65828],[126.89193,37.65837],[126.89193,37.65847],[126.89216,37.65866]]}},{"type":"Feature","properties":{"class":"alley","highway":"service","sidewalk":"unknown","lanes":0,"name":"","oneway":false},"geometry":{"type":"LineString","coordinates":[[126.89191,37.65815],[126.89278,37.65836]]}},{"type":"Feature","properties":{"class":"alley","highway":"service","sidewalk":"unknown","lanes":0,"name":"","oneway":false},"geometry":{"type":"LineString","coordinates":[[126.89193,37.65847],[126.89152,37.65841],[126.89146,37.65852]]}},{"type":"Feature","properties":{"class":"alley","highway":"service","sidewalk":"unknown","lanes":0,"name":"","oneway":false},"geometry":{"type":"LineString","coordinates":[[126.88995,37.65834],[126.88987,37.65827],[126.88982,37.65823],[126.88969,37.65817],[126.88953,37.65817],[126.88944,37.65821]]}},{"type":"Feature","properties":{"class":"alley","highway":"service","sidewalk":"unknown","lanes":0,"name":"","oneway":false},"geometry":{"type":"LineString","coordinates":[[126.88987,37.65827],[126.88964,37.65829],[126.88957,37.65827],[126.88944,37.65821],[126.88929,37.65815],[126.88915,37.65808]]}},{"type":"Feature","properties":{"class":"alley","highway":"service","sidewalk":"unknown","lanes":0,"name":"","oneway":false},"geometry":{"type":"LineString","coordinates":[[126.88987,37.65827],[126.88999,37.65809],[126.89014,37.65767],[126.8902,37.65764],[126.89029,37.65761],[126.89039,37.65759],[126.89049,37.65758],[126.89057,37.65759],[126.89064,37.65762],[126.89068,37.65764]]}},{"type":"Feature","properties":{"class":"alley","highway":"service","sidewalk":"unknown","lanes":0,"name":"","oneway":false},"geometry":{"type":"LineString","coordinates":[[126.88961,37.65774],[126.88883,37.65747],[126.88873,37.65769]]}},{"type":"Feature","properties":{"class":"alley","highway":"service","sidewalk":"unknown","lanes":0,"name":"","oneway":false},"geometry":{"type":"LineString","coordinates":[[126.88961,37.65774],[126.88951,37.65765],[126.88947,37.65764],[126.88912,37.65751],[126.88922,37.65731],[126.88956,37.65745],[126.88947,37.65764]]}},{"type":"Feature","properties":{"class":"alley","highway":"service","sidewalk":"unknown","lanes":0,"name":"","oneway":false},"geometry":{"type":"LineString","coordinates":[[126.8905,37.65732],[126.89047,37.65723],[126.89044,37.65716],[126.89039,37.65694],[126.89035,37.65669],[126.89033,37.65663],[126.89028,37.65659],[126.89014,37.65652],[126.89003,37.65649],[126.88998,37.65648],[126.88995,37.65648],[126.88989,37.65648],[126.88984,37.65647],[126.88979,37.65644],[126.88975,37.65643],[126.88953,37.65642],[126.88949,37.65643],[126.88946,37.65644],[126.88942,37.65646],[126.88939,37.65649],[126.88936,37.65653],[126.88933,37.65655],[126.88929,37.65656],[126.88923,37.65657],[126.8886,37.65663],[126.8878,37.65663],[126.88777,37.65663],[126.88693,37.65664],[126.88687,37.65664],[126.88679,37.65663],[126.88671,37.65661],[126.88662,37.6566],[126.88653,37.6566],[126.88645,37.65661],[126.88635,37.65663],[126.88627,37.65665],[126.88621,37.65667],[126.88615,37.65671],[126.8861,37.65676],[126.88608,37.65682],[126.88607,37.65687],[126.8861,37.65724],[126.88612,37.65728],[126.88617,37.65731],[126.88623,37.65733],[126.88628,37.65734],[126.88688,37.65742],[126.88703,37.65743],[126.88714,37.65743],[126.8872,37.65741],[126.88725,37.6574],[126.88745,37.65741]]}},{"type":"Feature","properties":{"class":"alley","highway":"service","sidewalk":"unknown","lanes":0,"name":"","oneway":false},"geometry":{"type":"LineString","coordinates":[[126.88745,37.65741],[126.88836,37.65718]]}},{"type":"Feature","properties":{"class":"alley","highway":"service","sidewalk":"unknown","lanes":0,"name":"","oneway":false},"geometry":{"type":"LineString","coordinates":[[126.88725,37.6574],[126.88725,37.65732],[126.88727,37.65721],[126.88732,37.65706],[126.88738,37.65702],[126.88741,37.65681],[126.88777,37.65663]]}},{"type":"Feature","properties":{"class":"alley","highway":"service","sidewalk":"unknown","lanes":0,"name":"","oneway":false},"geometry":{"type":"LineString","coordinates":[[126.88732,37.65706],[126.88724,37.65705],[126.88718,37.65704],[126.88713,37.65703],[126.88708,37.65702],[126.88704,37.65703],[126.88698,37.65704],[126.8869,37.65706],[126.88683,37.65709]]}},{"type":"Feature","properties":{"class":"alley","highway":"service","sidewalk":"unknown","lanes":0,"name":"","oneway":false},"geometry":{"type":"LineString","coordinates":[[126.88849,37.65778],[126.88838,37.65766],[126.88833,37.65756],[126.88831,37.65745],[126.8883,37.65742],[126.88833,37.65731],[126.88836,37.65721],[126.88836,37.65718],[126.88837,37.65707],[126.88831,37.65702],[126.88821,37.65701],[126.88807,37.65703],[126.88768,37.65717]]}},{"type":"Feature","properties":{"class":"alley","highway":"service","sidewalk":"unknown","lanes":0,"name":"","oneway":false},"geometry":{"type":"LineString","coordinates":[[126.88831,37.65745],[126.8877,37.65758]]}},{"type":"Feature","properties":{"class":"alley","highway":"service","sidewalk":"unknown","lanes":0,"name":"","oneway":false},"geometry":{"type":"LineString","coordinates":[[126.88998,37.65648],[126.88984,37.65668],[126.88973,37.65681],[126.88967,37.65693],[126.88965,37.65703],[126.88961,37.65708],[126.88956,37.65714],[126.88956,37.65719],[126.88958,37.65725],[126.88967,37.65728],[126.88978,37.65729]]}},{"type":"Feature","properties":{"class":"alley","highway":"service","sidewalk":"unknown","lanes":0,"name":"","oneway":false},"geometry":{"type":"LineString","coordinates":[[126.8924,37.65967],[126.89223,37.65966]]}},{"type":"Feature","properties":{"class":"alley","highway":"service","sidewalk":"unknown","lanes":0,"name":"","oneway":false},"geometry":{"type":"LineString","coordinates":[[126.8924,37.65967],[126.89234,37.66001],[126.89235,37.66007],[126.89239,37.66012],[126.89245,37.66014]]}},{"type":"Feature","properties":{"class":"alley","highway":"service","sidewalk":"unknown","lanes":0,"name":"","oneway":false},"geometry":{"type":"LineString","coordinates":[[126.89097,37.65957],[126.89118,37.6592],[126.89123,37.65912],[126.89127,37.65908]]}},{"type":"Feature","properties":{"class":"alley","highway":"service","sidewalk":"unknown","lanes":0,"name":"","oneway":false},"geometry":{"type":"LineString","coordinates":[[126.8916,37.65745],[126.89155,37.65778],[126.8915,37.65792],[126.89126,37.65834],[126.89112,37.65826],[126.89096,37.65817],[126.89123,37.65766],[126.8914,37.65772],[126.89155,37.65778]]}},{"type":"Feature","properties":{"class":"alley","highway":"service","sidewalk":"unknown","lanes":0,"name":"","oneway":false},"geometry":{"type":"LineString","coordinates":[[126.89112,37.65826],[126.8914,37.65772]]}},{"type":"Feature","properties":{"class":"alley","highway":"service","sidewalk":"unknown","lanes":0,"name":"","oneway":false},"geometry":{"type":"LineString","coordinates":[[126.89006,37.65823],[126.891,37.65886]]}},{"type":"Feature","properties":{"class":"alley","highway":"service","sidewalk":"unknown","lanes":0,"name":"","oneway":false},"geometry":{"type":"LineString","coordinates":[[126.88989,37.65885],[126.89059,37.65927],[126.891,37.65886]]}},{"type":"Feature","properties":{"class":"alley","highway":"service","sidewalk":"unknown","lanes":0,"name":"","oneway":false},"geometry":{"type":"LineString","coordinates":[[126.88883,37.65747],[126.88878,37.65742],[126.88879,37.65728],[126.8889,37.65709],[126.88892,37.65703],[126.88891,37.65694],[126.88922,37.65687]]}},{"type":"Feature","properties":{"class":"alley","highway":"service","sidewalk":"unknown","lanes":0,"name":"","oneway":false},"geometry":{"type":"LineString","coordinates":[[126.88085,37.65303],[126.88096,37.6531],[126.88119,37.65319],[126.8814,37.65325],[126.88153,37.65328],[126.88157,37.65329],[126.8817,37.65332]]}},{"type":"Feature","properties":{"class":"major","highway":"primary","sidewalk":"likely","lanes":4,"name":"삼송로","oneway":false},"geometry":{"type":"LineString","coordinates":[[126.87738,37.64963],[126.87765,37.64959],[126.87776,37.64958],[126.87803,37.64957],[126.87835,37.64959],[126.87868,37.64962],[126.87895,37.64969],[126.87934,37.6498],[126.88061,37.65012],[126.88149,37.65036],[126.88258,37.65065],[126.88293,37.65076],[126.88311,37.65081]]}},{"type":"Feature","properties":{"class":"minor","highway":"residential","sidewalk":"unknown","lanes":0,"name":"","oneway":false},"geometry":{"type":"LineString","coordinates":[[126.89133,37.65245],[126.89153,37.65206]]}},{"type":"Feature","properties":{"class":"minor","highway":"residential","sidewalk":"unknown","lanes":0,"name":"세솔로1길","oneway":false},"geometry":{"type":"LineString","coordinates":[[126.88933,37.65055],[126.89014,37.65081]]}},{"type":"Feature","properties":{"class":"minor","highway":"residential","sidewalk":"unknown","lanes":0,"name":"","oneway":false},"geometry":{"type":"LineString","coordinates":[[126.89029,37.65053],[126.89014,37.65081],[126.88994,37.65106]]}},{"type":"Feature","properties":{"class":"alley","highway":"service","sidewalk":"unknown","lanes":0,"name":"","oneway":false},"geometry":{"type":"LineString","coordinates":[[126.89172,37.64578],[126.89178,37.6458],[126.89202,37.64589],[126.89215,37.64599],[126.89218,37.64611],[126.89215,37.64663],[126.89216,37.64677],[126.8922,37.64679]]}},{"type":"Feature","properties":{"class":"alley","highway":"service","sidewalk":"unknown","lanes":0,"name":"","oneway":false},"geometry":{"type":"LineString","coordinates":[[126.89312,37.6474],[126.8933,37.64738],[126.89335,37.64738],[126.89342,37.64737],[126.89455,37.64776],[126.89459,37.64782],[126.89462,37.64785],[126.89471,37.64797]]}},{"type":"Feature","properties":{"class":"alley","highway":"service","sidewalk":"unknown","lanes":0,"name":"","oneway":false},"geometry":{"type":"LineString","coordinates":[[126.89115,37.64676],[126.89106,37.64673],[126.89104,37.64673],[126.89071,37.64662]]}},{"type":"Feature","properties":{"class":"minor","highway":"residential","sidewalk":"unknown","lanes":0,"name":"","oneway":false},"geometry":{"type":"LineString","coordinates":[[126.89821,37.65509],[126.89827,37.6547]]}},{"type":"Feature","properties":{"class":"alley","highway":"service","sidewalk":"unknown","lanes":0,"name":"","oneway":false},"geometry":{"type":"LineString","coordinates":[[126.89768,37.6527],[126.89765,37.65274],[126.89707,37.65291],[126.89687,37.65303],[126.89673,37.65311],[126.8964,37.65322],[126.89629,37.65321],[126.89603,37.65326],[126.89591,37.65328],[126.89581,37.65329],[126.89575,37.65318],[126.89595,37.6531],[126.89604,37.65306],[126.89646,37.65294],[126.89667,37.65286],[126.89703,37.65274],[126.89734,37.65265],[126.89755,37.65258],[126.89765,37.65262],[126.89768,37.6527]]}},{"type":"Feature","properties":{"class":"alley","highway":"service","sidewalk":"unknown","lanes":0,"name":"","oneway":false},"geometry":{"type":"LineString","coordinates":[[126.89603,37.65326],[126.896,37.6532],[126.89595,37.6531]]}},{"type":"Feature","properties":{"class":"alley","highway":"service","sidewalk":"unknown","lanes":0,"name":"","oneway":false},"geometry":{"type":"LineString","coordinates":[[126.89707,37.65291],[126.89705,37.65284],[126.89703,37.65274]]}},{"type":"Feature","properties":{"class":"alley","highway":"service","sidewalk":"unknown","lanes":0,"name":"","oneway":false},"geometry":{"type":"LineString","coordinates":[[126.896,37.6532],[126.8963,37.65313],[126.89638,37.65313],[126.89669,37.65303],[126.89676,37.65298],[126.89705,37.65284]]}},{"type":"Feature","properties":{"class":"alley","highway":"service","sidewalk":"unknown","lanes":0,"name":"","oneway":false},"geometry":{"type":"LineString","coordinates":[[126.89071,37.64662],[126.89061,37.64659]]}},{"type":"Feature","properties":{"class":"alley","highway":"service","sidewalk":"unknown","lanes":0,"name":"","oneway":false},"geometry":{"type":"LineString","coordinates":[[126.88914,37.64812],[126.88917,37.64807],[126.88918,37.64805],[126.88927,37.64787]]}},{"type":"Feature","properties":{"class":"alley","highway":"service","sidewalk":"unknown","lanes":0,"name":"","oneway":false},"geometry":{"type":"LineString","coordinates":[[126.88927,37.64787],[126.88936,37.64772]]}},{"type":"Feature","properties":{"class":"alley","highway":"service","sidewalk":"unknown","lanes":0,"name":"","oneway":false},"geometry":{"type":"LineString","coordinates":[[126.88438,37.64435],[126.88438,37.64442],[126.88437,37.64445],[126.88431,37.64456],[126.88426,37.64461]]}},{"type":"Feature","properties":{"class":"alley","highway":"service","sidewalk":"unknown","lanes":0,"name":"","oneway":false},"geometry":{"type":"LineString","coordinates":[[126.88426,37.64461],[126.88423,37.64466],[126.88422,37.64472]]}},{"type":"Feature","properties":{"class":"alley","highway":"service","sidewalk":"unknown","lanes":0,"name":"","oneway":false},"geometry":{"type":"LineString","coordinates":[[126.88357,37.64369],[126.88349,37.64373],[126.88346,37.64375],[126.88342,37.64377]]}},{"type":"Feature","properties":{"class":"alley","highway":"service","sidewalk":"unknown","lanes":0,"name":"","oneway":false},"geometry":{"type":"LineString","coordinates":[[126.88342,37.64377],[126.88334,37.64384]]}},{"type":"Feature","properties":{"class":"alley","highway":"service","sidewalk":"unknown","lanes":0,"name":"","oneway":false},"geometry":{"type":"LineString","coordinates":[[126.88233,37.64459],[126.88241,37.64454],[126.88243,37.64452],[126.88247,37.64449]]}},{"type":"Feature","properties":{"class":"alley","highway":"service","sidewalk":"unknown","lanes":0,"name":"","oneway":false},"geometry":{"type":"LineString","coordinates":[[126.88247,37.64449],[126.88258,37.64441]]}},{"type":"Feature","properties":{"class":"alley","highway":"service","sidewalk":"unknown","lanes":0,"name":"","oneway":false},"geometry":{"type":"LineString","coordinates":[[126.88891,37.65069],[126.88882,37.65067],[126.88863,37.65061]]}},{"type":"Feature","properties":{"class":"alley","highway":"service","sidewalk":"unknown","lanes":0,"name":"","oneway":false},"geometry":{"type":"LineString","coordinates":[[126.88863,37.65061],[126.88849,37.65056],[126.88839,37.6505]]}},{"type":"Feature","properties":{"class":"alley","highway":"service","sidewalk":"unknown","lanes":0,"name":"","oneway":false},"geometry":{"type":"LineString","coordinates":[[126.88776,37.64945],[126.88772,37.64951],[126.8877,37.64956],[126.88765,37.64966]]}},{"type":"Feature","properties":{"class":"alley","highway":"service","sidewalk":"unknown","lanes":0,"name":"","oneway":false},"geometry":{"type":"LineString","coordinates":[[126.88765,37.64966],[126.8876,37.64975]]}},{"type":"Feature","properties":{"class":"alley","highway":"service","sidewalk":"unknown","lanes":0,"name":"","oneway":false},"geometry":{"type":"LineString","coordinates":[[126.88334,37.6483],[126.88332,37.64837],[126.88331,37.6484],[126.88331,37.64846]]}},{"type":"Feature","properties":{"class":"alley","highway":"service","sidewalk":"unknown","lanes":0,"name":"","oneway":false},"geometry":{"type":"LineString","coordinates":[[126.88331,37.64846],[126.88329,37.6486]]}},{"type":"Feature","properties":{"class":"alley","highway":"service","sidewalk":"unknown","lanes":0,"name":"","oneway":false},"geometry":{"type":"LineString","coordinates":[[126.88129,37.64825],[126.8814,37.64828]]}},{"type":"Feature","properties":{"class":"alley","highway":"service","sidewalk":"unknown","lanes":0,"name":"","oneway":false},"geometry":{"type":"LineString","coordinates":[[126.88075,37.64918],[126.88086,37.64921],[126.88091,37.64926]]}},{"type":"Feature","properties":{"class":"alley","highway":"service","sidewalk":"unknown","lanes":0,"name":"","oneway":false},"geometry":{"type":"LineString","coordinates":[[126.88733,37.65336],[126.88723,37.65334],[126.88721,37.65333],[126.88715,37.65332]]}},{"type":"Feature","properties":{"class":"alley","highway":"service","sidewalk":"unknown","lanes":0,"name":"","oneway":false},"geometry":{"type":"LineString","coordinates":[[126.88715,37.65332],[126.88701,37.65329]]}},{"type":"Feature","properties":{"class":"alley","highway":"service","sidewalk":"unknown","lanes":0,"name":"","oneway":false},"geometry":{"type":"LineString","coordinates":[[126.88599,37.65412],[126.88597,37.65407],[126.88596,37.65404],[126.88591,37.65397],[126.8858,37.65385],[126.88568,37.65375]]}},{"type":"Feature","properties":{"class":"alley","highway":"service","sidewalk":"unknown","lanes":0,"name":"","oneway":false},"geometry":{"type":"LineString","coordinates":[[126.88568,37.65375],[126.88567,37.6537],[126.88572,37.65366]]}},{"type":"Feature","properties":{"class":"alley","highway":"service","sidewalk":"unknown","lanes":0,"name":"","oneway":false},"geometry":{"type":"LineString","coordinates":[[126.88388,37.65336],[126.88398,37.65339]]}},{"type":"Feature","properties":{"class":"alley","highway":"service","sidewalk":"unknown","lanes":0,"name":"","oneway":false},"geometry":{"type":"LineString","coordinates":[[126.88245,37.65301],[126.88239,37.65299]]}},{"type":"Feature","properties":{"class":"alley","highway":"service","sidewalk":"unknown","lanes":0,"name":"","oneway":false},"geometry":{"type":"LineString","coordinates":[[126.88413,37.65247],[126.88422,37.65241]]}},{"type":"Feature","properties":{"class":"alley","highway":"service","sidewalk":"unknown","lanes":0,"name":"","oneway":false},"geometry":{"type":"LineString","coordinates":[[126.88317,37.65176],[126.88309,37.65174]]}},{"type":"Feature","properties":{"class":"alley","highway":"service","sidewalk":"unknown","lanes":0,"name":"","oneway":false},"geometry":{"type":"LineString","coordinates":[[126.88243,37.65201],[126.8823,37.65197],[126.88225,37.65195],[126.88211,37.65184],[126.88192,37.65174],[126.88176,37.65167]]}},{"type":"Feature","properties":{"class":"alley","highway":"service","sidewalk":"unknown","lanes":0,"name":"","oneway":false},"geometry":{"type":"LineString","coordinates":[[126.88176,37.65167],[126.88169,37.65163]]}},{"type":"Feature","properties":{"class":"alley","highway":"service","sidewalk":"unknown","lanes":0,"name":"","oneway":false},"geometry":{"type":"LineString","coordinates":[[126.88085,37.65303],[126.88081,37.6531]]}},{"type":"Feature","properties":{"class":"alley","highway":"service","sidewalk":"unknown","lanes":0,"name":"","oneway":false},"geometry":{"type":"LineString","coordinates":[[126.88085,37.65303],[126.88077,37.65295]]}},{"type":"Feature","properties":{"class":"alley","highway":"service","sidewalk":"unknown","lanes":0,"name":"","oneway":false},"geometry":{"type":"LineString","coordinates":[[126.88666,37.659],[126.88664,37.65909],[126.88662,37.65916],[126.88661,37.65926]]}},{"type":"Feature","properties":{"class":"alley","highway":"service","sidewalk":"unknown","lanes":0,"name":"","oneway":false},"geometry":{"type":"LineString","coordinates":[[126.88661,37.65926],[126.88661,37.65937]]}},{"type":"Feature","properties":{"class":"minor","highway":"residential","sidewalk":"unknown","lanes":0,"name":"","oneway":false},"geometry":{"type":"LineString","coordinates":[[126.89488,37.65336],[126.89484,37.65327],[126.89482,37.65318],[126.89476,37.65309],[126.89461,37.65295],[126.89458,37.65291]]}},{"type":"Feature","properties":{"class":"minor","highway":"residential","sidewalk":"unknown","lanes":0,"name":"삼송로221번길","oneway":true},"geometry":{"type":"LineString","coordinates":[[126.89869,37.65394],[126.89862,37.6539],[126.89852,37.65386]]}},{"type":"Feature","properties":{"class":"minor","highway":"residential","sidewalk":"unknown","lanes":0,"name":"삼송로221번길","oneway":true},"geometry":{"type":"LineString","coordinates":[[126.89879,37.65387],[126.89873,37.6539],[126.89869,37.65394]]}},{"type":"Feature","properties":{"class":"major","highway":"primary_link","sidewalk":"likely","lanes":3,"name":"삼송로","oneway":true},"geometry":{"type":"LineString","coordinates":[[126.89519,37.65356],[126.89541,37.65355],[126.89574,37.65353]]}},{"type":"Feature","properties":{"class":"major","highway":"tertiary","sidewalk":"likely","lanes":1,"name":"세솔로","oneway":false},"geometry":{"type":"LineString","coordinates":[[126.89017,37.6485],[126.89015,37.64854],[126.89014,37.64857],[126.89005,37.64873]]}},{"type":"Feature","properties":{"class":"major","highway":"tertiary","sidewalk":"likely","lanes":1,"name":"덕수천1로","oneway":false},"geometry":{"type":"LineString","coordinates":[[126.88441,37.64853],[126.88454,37.64856],[126.88526,37.64869],[126.88549,37.64874]]}},{"type":"Feature","properties":{"class":"minor","highway":"residential","sidewalk":"unknown","lanes":0,"name":"통일로240번길","oneway":false},"geometry":{"type":"LineString","coordinates":[[126.8967,37.65839],[126.897,37.65817],[126.89737,37.65792]]}},{"type":"Feature","properties":{"class":"minor","highway":"residential","sidewalk":"unknown","lanes":0,"name":"통일로240번길","oneway":false},"geometry":{"type":"LineString","coordinates":[[126.89654,37.65876],[126.89717,37.65832],[126.89784,37.65793]]}},{"type":"Feature","properties":{"class":"minor","highway":"residential","sidewalk":"unknown","lanes":0,"name":"통일로240번길","oneway":false},"geometry":{"type":"LineString","coordinates":[[126.89716,37.65864],[126.89737,37.65848],[126.89778,37.65825]]}},{"type":"Feature","properties":{"class":"minor","highway":"residential","sidewalk":"unknown","lanes":0,"name":"","oneway":false},"geometry":{"type":"LineString","coordinates":[[126.89516,37.65427],[126.89522,37.65428]]}},{"type":"Feature","properties":{"class":"minor","highway":"residential","sidewalk":"unknown","lanes":0,"name":"삼송로205번길","oneway":false},"geometry":{"type":"LineString","coordinates":[[126.8969,37.65494],[126.89692,37.65463],[126.89694,37.6543],[126.89696,37.65416]]}},{"type":"Feature","properties":{"class":"minor","highway":"residential","sidewalk":"unknown","lanes":0,"name":"신도2길","oneway":false},"geometry":{"type":"LineString","coordinates":[[126.892,37.65114],[126.89173,37.65165],[126.89191,37.65172]]}},{"type":"Feature","properties":{"class":"minor","highway":"residential","sidewalk":"unknown","lanes":0,"name":"화랑로546번길","oneway":false},"geometry":{"type":"LineString","coordinates":[[126.88756,37.64262],[126.88778,37.64266],[126.88802,37.64266],[126.88849,37.64246],[126.88886,37.64263]]}},{"type":"Feature","properties":{"class":"minor","highway":"residential","sidewalk":"unknown","lanes":0,"name":"","oneway":false},"geometry":{"type":"LineString","coordinates":[[126.89715,37.64631],[126.89722,37.64615],[126.89753,37.64561]]}},{"type":"Feature","properties":{"class":"minor","highway":"residential","sidewalk":"unknown","lanes":0,"name":"삼송로193번길","oneway":false},"geometry":{"type":"LineString","coordinates":[[126.89297,37.6566],[126.89323,37.65656],[126.89351,37.65656],[126.89369,37.65654],[126.89391,37.65654]]}},{"type":"Feature","properties":{"class":"minor","highway":"residential","sidewalk":"unknown","lanes":0,"name":"","oneway":false},"geometry":{"type":"LineString","coordinates":[[126.89667,37.65387],[126.89684,37.65392]]}},{"type":"Feature","properties":{"class":"minor","highway":"unclassified","sidewalk":"unknown","lanes":0,"name":"","oneway":false},"geometry":{"type":"LineString","coordinates":[[126.88114,37.65754],[126.88158,37.65743]]}},{"type":"Feature","properties":{"class":"minor","highway":"unclassified","sidewalk":"unknown","lanes":0,"name":"","oneway":false},"geometry":{"type":"LineString","coordinates":[[126.88158,37.65743],[126.88164,37.6574],[126.88163,37.65713],[126.88172,37.65711]]}},{"type":"Feature","properties":{"class":"minor","highway":"residential","sidewalk":"unknown","lanes":0,"name":"","oneway":false},"geometry":{"type":"LineString","coordinates":[[126.90002,37.65363],[126.90001,37.65357],[126.8998,37.65298],[126.89978,37.65292],[126.89987,37.65289],[126.90028,37.6528],[126.90034,37.65279],[126.9009,37.65266],[126.90096,37.65265],[126.90169,37.65248],[126.90177,37.65246]]}},{"type":"Feature","properties":{"class":"alley","highway":"pedestrian","sidewalk":"unknown","lanes":0,"name":"","oneway":false},"geometry":{"type":"LineString","coordinates":[[126.88847,37.64433],[126.8885,37.64445],[126.88867,37.64458],[126.88872,37.64462],[126.88896,37.64463],[126.88899,37.64463],[126.889,37.64455],[126.88901,37.64451],[126.88923,37.64435],[126.88937,37.64431],[126.8895,37.64427],[126.88954,37.64424],[126.88957,37.64421],[126.88962,37.64407],[126.88963,37.64405],[126.88961,37.64405],[126.88919,37.64391],[126.88922,37.64387],[126.88911,37.64382],[126.88905,37.6438],[126.88904,37.64383],[126.88904,37.64388],[126.88904,37.64392],[126.88902,37.64394],[126.88899,37.64395],[126.88897,37.64397],[126.88885,37.64416],[126.8888,37.64421],[126.88877,37.64421],[126.88873,37.64422],[126.88868,37.64421],[126.8884,37.64404],[126.88834,37.64397],[126.88829,37.64391],[126.88825,37.64392],[126.88816,37.64395],[126.88814,37.64397],[126.88813,37.64399],[126.88813,37.64401],[126.88813,37.64402],[126.88813,37.64403],[126.88814,37.64406],[126.88815,37.64408],[126.88816,37.6441],[126.88818,37.64411],[126.88821,37.64412],[126.88824,37.64412],[126.88827,37.64412],[126.88831,37.64411],[126.88841,37.6442],[126.88847,37.64433]]}},{"type":"Feature","properties":{"class":"alley","highway":"service","sidewalk":"unknown","lanes":0,"name":"","oneway":false},"geometry":{"type":"LineString","coordinates":[[126.89598,37.64679],[126.89648,37.64697]]}},{"type":"Feature","properties":{"class":"major","highway":"primary","sidewalk":"likely","lanes":3,"name":"고양대로","oneway":false},"geometry":{"type":"LineString","coordinates":[[126.88008,37.64376],[126.88049,37.6435],[126.88059,37.64343],[126.88068,37.64337]]}},{"type":"Feature","properties":{"class":"minor","highway":"unclassified","sidewalk":"unknown","lanes":0,"name":"","oneway":false},"geometry":{"type":"LineString","coordinates":[[126.88161,37.64271],[126.88149,37.64261],[126.88126,37.64243]]}},{"type":"Feature","properties":{"class":"minor","highway":"unclassified","sidewalk":"unknown","lanes":0,"name":"","oneway":false},"geometry":{"type":"LineString","coordinates":[[126.88582,37.64226],[126.88586,37.64214],[126.88591,37.64195],[126.88589,37.64182]]}},{"type":"Feature","properties":{"class":"alley","highway":"service","sidewalk":"unknown","lanes":0,"name":"","oneway":false},"geometry":{"type":"LineString","coordinates":[[126.89576,37.64672],[126.89598,37.64679]]}},{"type":"Feature","properties":{"class":"alley","highway":"service","sidewalk":"unknown","lanes":0,"name":"","oneway":false},"geometry":{"type":"LineString","coordinates":[[126.89547,37.64669],[126.89503,37.64653]]}},{"type":"Feature","properties":{"class":"alley","highway":"service","sidewalk":"unknown","lanes":0,"name":"","oneway":false},"geometry":{"type":"LineString","coordinates":[[126.89503,37.64653],[126.89464,37.64639]]}},{"type":"Feature","properties":{"class":"alley","highway":"service","sidewalk":"unknown","lanes":0,"name":"","oneway":false},"geometry":{"type":"LineString","coordinates":[[126.89551,37.64661],[126.8949,37.64638],[126.89484,37.64638]]}},{"type":"Feature","properties":{"class":"alley","highway":"service","sidewalk":"unknown","lanes":0,"name":"","oneway":false},"geometry":{"type":"LineString","coordinates":[[126.89484,37.64638],[126.89479,37.64639],[126.89425,37.6462]]}},{"type":"Feature","properties":{"class":"alley","highway":"service","sidewalk":"unknown","lanes":0,"name":"","oneway":false},"geometry":{"type":"LineString","coordinates":[[126.89495,37.64573],[126.89456,37.64558]]}},{"type":"Feature","properties":{"class":"alley","highway":"service","sidewalk":"unknown","lanes":0,"name":"","oneway":false},"geometry":{"type":"LineString","coordinates":[[126.89529,37.64559],[126.8951,37.64568],[126.89505,37.64571],[126.89495,37.64573]]}},{"type":"Feature","properties":{"class":"alley","highway":"service","sidewalk":"unknown","lanes":0,"name":"","oneway":false},"geometry":{"type":"LineString","coordinates":[[126.8949,37.64577],[126.89451,37.64562],[126.89441,37.64547],[126.89438,37.64542],[126.89433,37.64525]]}},{"type":"Feature","properties":{"class":"alley","highway":"service","sidewalk":"unknown","lanes":0,"name":"","oneway":false},"geometry":{"type":"LineString","coordinates":[[126.89537,37.6459],[126.89506,37.64578],[126.89496,37.64579],[126.8949,37.64577]]}},{"type":"Feature","properties":{"class":"minor","highway":"residential","sidewalk":"unknown","lanes":0,"name":"","oneway":false},"geometry":{"type":"LineString","coordinates":[[126.89952,37.64701],[126.89953,37.64685],[126.89955,37.64651]]}},{"type":"Feature","properties":{"class":"minor","highway":"residential","sidewalk":"unknown","lanes":0,"name":"","oneway":false},"geometry":{"type":"LineString","coordinates":[[126.89955,37.64651],[126.89916,37.64646],[126.89918,37.64636],[126.89955,37.6464],[126.89955,37.64651]]}},{"type":"Feature","properties":{"class":"alley","highway":"service","sidewalk":"unknown","lanes":0,"name":"","oneway":false},"geometry":{"type":"LineString","coordinates":[[126.8929,37.64732],[126.89293,37.64726],[126.89294,37.64724],[126.893,37.64713],[126.89422,37.64754],[126.89536,37.64794],[126.89589,37.64812],[126.89649,37.64832],[126.89642,37.64846],[126.89641,37.64848],[126.89637,37.64857]]}},{"type":"Feature","properties":{"class":"alley","highway":"service","sidewalk":"unknown","lanes":0,"name":"","oneway":false},"geometry":{"type":"LineString","coordinates":[[126.89748,37.64823],[126.89763,37.64794],[126.89773,37.64791]]}},{"type":"Feature","properties":{"class":"alley","highway":"service","sidewalk":"unknown","lanes":0,"name":"","oneway":false},"geometry":{"type":"LineString","coordinates":[[126.89748,37.64844],[126.89772,37.64801],[126.89778,37.64795]]}},{"type":"Feature","properties":{"class":"alley","highway":"service","sidewalk":"unknown","lanes":0,"name":"","oneway":false},"geometry":{"type":"LineString","coordinates":[[126.89778,37.64795],[126.89783,37.64789]]}},{"type":"Feature","properties":{"class":"alley","highway":"service","sidewalk":"unknown","lanes":0,"name":"","oneway":false},"geometry":{"type":"LineString","coordinates":[[126.89773,37.64791],[126.89783,37.64789],[126.89799,37.64784],[126.89803,37.64784],[126.89818,37.64783]]}},{"type":"Feature","properties":{"class":"alley","highway":"service","sidewalk":"unknown","lanes":0,"name":"","oneway":false},"geometry":{"type":"LineString","coordinates":[[126.89215,37.64864],[126.89222,37.64866],[126.89224,37.64867],[126.89235,37.6487]]}},{"type":"Feature","properties":{"class":"alley","highway":"service","sidewalk":"unknown","lanes":0,"name":"","oneway":false},"geometry":{"type":"LineString","coordinates":[[126.89235,37.6487],[126.89252,37.64876]]}},{"type":"Feature","properties":{"class":"alley","highway":"service","sidewalk":"unknown","lanes":0,"name":"","oneway":false},"geometry":{"type":"LineString","coordinates":[[126.8924,37.64819],[126.89234,37.64817],[126.89232,37.64816],[126.89221,37.64813]]}},{"type":"Feature","properties":{"class":"alley","highway":"service","sidewalk":"unknown","lanes":0,"name":"","oneway":false},"geometry":{"type":"LineString","coordinates":[[126.89221,37.64813],[126.89205,37.64806]]}},{"type":"Feature","properties":{"class":"alley","highway":"service","sidewalk":"unknown","lanes":0,"name":"","oneway":false},"geometry":{"type":"LineString","coordinates":[[126.89358,37.6497],[126.89359,37.64964],[126.8936,37.64962],[126.89364,37.64954]]}},{"type":"Feature","properties":{"class":"alley","highway":"service","sidewalk":"unknown","lanes":0,"name":"","oneway":false},"geometry":{"type":"LineString","coordinates":[[126.89364,37.64954],[126.89372,37.64939]]}},{"type":"Feature","properties":{"class":"alley","highway":"service","sidewalk":"unknown","lanes":0,"name":"","oneway":false},"geometry":{"type":"LineString","coordinates":[[126.89583,37.64932],[126.89586,37.64933],[126.89588,37.64934],[126.89594,37.64936],[126.896,37.64938],[126.89603,37.64939],[126.89607,37.6494]]}},{"type":"Feature","properties":{"class":"alley","highway":"service","sidewalk":"unknown","lanes":0,"name":"","oneway":false},"geometry":{"type":"LineString","coordinates":[[126.8974,37.64926],[126.8975,37.64929],[126.89757,37.64931],[126.89763,37.64932]]}},{"type":"Feature","properties":{"class":"alley","highway":"service","sidewalk":"unknown","lanes":0,"name":"","oneway":false},"geometry":{"type":"LineString","coordinates":[[126.89565,37.65246],[126.89573,37.65249],[126.89579,37.6525],[126.89588,37.65252]]}},{"type":"Feature","properties":{"class":"minor","highway":"residential","sidewalk":"unknown","lanes":0,"name":"삼송로136번길","oneway":false},"geometry":{"type":"LineString","coordinates":[[126.88973,37.65175],[126.88993,37.65184],[126.89021,37.65189],[126.89065,37.65197]]}},{"type":"Feature","properties":{"class":"minor","highway":"residential","sidewalk":"unknown","lanes":0,"name":"신도2길","oneway":false},"geometry":{"type":"LineString","coordinates":[[126.89029,37.65053],[126.89038,37.65033]]}},{"type":"Feature","properties":{"class":"minor","highway":"residential","sidewalk":"unknown","lanes":0,"name":"","oneway":false},"geometry":{"type":"LineString","coordinates":[[126.88867,37.65434],[126.88868,37.65458],[126.88863,37.65473]]}},{"type":"Feature","properties":{"class":"minor","highway":"residential","sidewalk":"unknown","lanes":0,"name":"","oneway":false},"geometry":{"type":"LineString","coordinates":[[126.88946,37.65489],[126.88985,37.6549]]}},{"type":"Feature","properties":{"class":"minor","highway":"residential","sidewalk":"unknown","lanes":0,"name":"","oneway":false},"geometry":{"type":"LineString","coordinates":[[126.88946,37.65461],[126.88972,37.65458]]}},{"type":"Feature","properties":{"class":"alley","highway":"service","sidewalk":"unknown","lanes":0,"name":"","oneway":false},"geometry":{"type":"LineString","coordinates":[[126.89978,37.65292],[126.89967,37.65294],[126.89958,37.65296]]}},{"type":"Feature","properties":{"class":"minor","highway":"residential","sidewalk":"unknown","lanes":0,"name":"","oneway":false},"geometry":{"type":"LineString","coordinates":[[126.89769,37.6465],[126.89781,37.64637],[126.89787,37.64633],[126.89799,37.64626],[126.89813,37.6462],[126.89845,37.64601]]}},{"type":"Feature","properties":{"class":"minor","highway":"residential","sidewalk":"unknown","lanes":0,"name":"","oneway":false},"geometry":{"type":"LineString","coordinates":[[126.89489,37.64476],[126.89524,37.64474],[126.89527,37.64485]]}},{"type":"Feature","properties":{"class":"minor","highway":"residential","sidewalk":"unknown","lanes":0,"name":"고양대로1940번길","oneway":false},"geometry":{"type":"LineString","coordinates":[[126.89491,37.64461],[126.89515,37.64455],[126.89548,37.64436]]}},{"type":"Feature","properties":{"class":"minor","highway":"residential","sidewalk":"unknown","lanes":0,"name":"삼송로205번안길","oneway":false},"geometry":{"type":"LineString","coordinates":[[126.89382,37.65828],[126.89398,37.65814],[126.89402,37.65791],[126.89409,37.65771],[126.89434,37.65759]]}},{"type":"Feature","properties":{"class":"minor","highway":"residential","sidewalk":"unknown","lanes":0,"name":"","oneway":false},"geometry":{"type":"LineString","coordinates":[[126.89351,37.65605],[126.89359,37.65607]]}},{"type":"Feature","properties":{"class":"minor","highway":"residential","sidewalk":"unknown","lanes":0,"name":"삼송로205번길","oneway":false},"geometry":{"type":"LineString","coordinates":[[126.89726,37.65464],[126.89728,37.65439]]}},{"type":"Feature","properties":{"class":"minor","highway":"residential","sidewalk":"unknown","lanes":0,"name":"신도2길","oneway":false},"geometry":{"type":"LineString","coordinates":[[126.89114,37.65084],[126.89108,37.65096]]}},{"type":"Feature","properties":{"class":"minor","highway":"residential","sidewalk":"unknown","lanes":0,"name":"신도2길","oneway":false},"geometry":{"type":"LineString","coordinates":[[126.89071,37.65044],[126.8906,37.65064],[126.89054,37.65076]]}},{"type":"Feature","properties":{"class":"minor","highway":"residential","sidewalk":"unknown","lanes":0,"name":"세솔로1길","oneway":false},"geometry":{"type":"LineString","coordinates":[[126.89058,37.65128],[126.89008,37.65115],[126.88994,37.65106],[126.88962,37.65093],[126.88919,37.65079],[126.88899,37.65072],[126.88891,37.65069]]}},{"type":"Feature","properties":{"class":"minor","highway":"residential","sidewalk":"unknown","lanes":0,"name":"","oneway":false},"geometry":{"type":"LineString","coordinates":[[126.88842,37.65443],[126.88837,37.65462]]}},{"type":"Feature","properties":{"class":"minor","highway":"residential","sidewalk":"unknown","lanes":0,"name":"","oneway":false},"geometry":{"type":"LineString","coordinates":[[126.89869,37.64525],[126.89846,37.64533],[126.89831,37.64532],[126.89821,37.64529]]}},{"type":"Feature","properties":{"class":"minor","highway":"residential","sidewalk":"unknown","lanes":0,"name":"고양대로2002번길","oneway":false},"geometry":{"type":"LineString","coordinates":[[126.90054,37.64518],[126.90026,37.64502],[126.90041,37.64474],[126.89979,37.64441]]}},{"type":"Feature","properties":{"class":"major","highway":"primary","sidewalk":"likely","lanes":4,"name":"통일로","oneway":true},"geometry":{"type":"LineString","coordinates":[[126.89589,37.65815],[126.896,37.65804],[126.89624,37.65779],[126.89635,37.65766],[126.89682,37.65715],[126.89703,37.65692],[126.89735,37.65643],[126.89742,37.65625],[126.89749,37.65601],[126.89754,37.65584],[126.89764,37.65504],[126.89765,37.65497],[126.89778,37.65425],[126.89782,37.65391],[126.89784,37.65383],[126.89788,37.65358],[126.89789,37.65348],[126.89792,37.65328]]}},{"type":"Feature","properties":{"class":"major","highway":"primary","sidewalk":"likely","lanes":4,"name":"통일로","oneway":true},"geometry":{"type":"LineString","coordinates":[[126.89837,37.65172],[126.89828,37.65238],[126.89827,37.65275],[126.89824,37.65311],[126.89819,37.65349],[126.89817,37.65359],[126.89814,37.65385],[126.89812,37.65392],[126.89808,37.65428],[126.89806,37.65445],[126.89799,37.65488],[126.89795,37.65507],[126.89786,37.65542],[126.89777,37.65586],[126.89772,37.65611],[126.89764,37.65633],[126.89756,37.65648],[126.89724,37.65698],[126.89712,37.65713],[126.89679,37.65755],[126.89623,37.65816],[126.89611,37.65827]]}},{"type":"Feature","properties":{"class":"minor","highway":"residential","sidewalk":"unknown","lanes":0,"name":"","oneway":true},"geometry":{"type":"LineString","coordinates":[[126.89554,37.65807],[126.89567,37.65804],[126.89577,37.65801],[126.89591,37.65796],[126.89603,37.65791],[126.89624,37.65779]]}},{"type":"Feature","properties":{"class":"minor","highway":"residential","sidewalk":"unknown","lanes":0,"name":"","oneway":true},"geometry":{"type":"LineString","coordinates":[[126.89537,37.65885],[126.89552,37.65853],[126.89564,37.65835],[126.89564,37.65829]]}},{"type":"Feature","properties":{"class":"major","highway":"primary","sidewalk":"likely","lanes":4,"name":"통일로","oneway":true},"geometry":{"type":"LineString","coordinates":[[126.89817,37.65176],[126.89836,37.65076]]}},{"type":"Feature","properties":{"class":"major","highway":"primary","sidewalk":"likely","lanes":4,"name":"통일로","oneway":true},"geometry":{"type":"LineString","coordinates":[[126.89858,37.65074],[126.89837,37.65172]]}},{"type":"Feature","properties":{"class":"major","highway":"primary","sidewalk":"likely","lanes":3,"name":"통일로","oneway":true},"geometry":{"type":"LineString","coordinates":[[126.9025,37.6479],[126.8993,37.64983]]}},{"type":"Feature","properties":{"class":"major","highway":"primary","sidewalk":"likely","lanes":3,"name":"통일로","oneway":true},"geometry":{"type":"LineString","coordinates":[[126.8993,37.64983],[126.89908,37.64999],[126.89889,37.65017],[126.8988,37.65029],[126.8987,37.65043],[126.89866,37.65054],[126.89861,37.65065],[126.89858,37.65074]]}},{"type":"Feature","properties":{"class":"major","highway":"primary_link","sidewalk":"likely","lanes":0,"name":"","oneway":true},"geometry":{"type":"LineString","coordinates":[[126.89852,37.65386],[126.89829,37.65396],[126.89819,37.65406],[126.89808,37.65428]]}},{"type":"Feature","properties":{"class":"major","highway":"primary_link","sidewalk":"likely","lanes":2,"name":"삼송로","oneway":true},"geometry":{"type":"LineString","coordinates":[[126.89784,37.65383],[126.89766,37.65382],[126.89743,37.65381]]}},{"type":"Feature","properties":{"class":"major","highway":"primary_link","sidewalk":"likely","lanes":2,"name":"삼송로","oneway":true},"geometry":{"type":"LineString","coordinates":[[126.89852,37.65386],[126.89827,37.65385],[126.89814,37.65385]]}},{"type":"Feature","properties":{"class":"major","highway":"primary_link","sidewalk":"likely","lanes":2,"name":"삼송로","oneway":true},"geometry":{"type":"LineString","coordinates":[[126.89744,37.65356],[126.89772,37.65357],[126.89788,37.65358]]}},{"type":"Feature","properties":{"class":"major","highway":"primary_link","sidewalk":"likely","lanes":2,"name":"삼송로","oneway":true},"geometry":{"type":"LineString","coordinates":[[126.89788,37.65358],[126.89803,37.65358],[126.89817,37.65359]]}},{"type":"Feature","properties":{"class":"major","highway":"primary","sidewalk":"likely","lanes":4,"name":"통일로","oneway":true},"geometry":{"type":"LineString","coordinates":[[126.89792,37.65328],[126.89797,37.6527],[126.89803,37.65232],[126.8981,37.65195],[126.89817,37.65176]]}},{"type":"Feature","properties":{"class":"major","highway":"primary","sidewalk":"likely","lanes":4,"name":"통일로","oneway":true},"geometry":{"type":"LineString","coordinates":[[126.89388,37.66183],[126.89403,37.66164],[126.89436,37.66115],[126.89448,37.6609],[126.89472,37.66034],[126.89504,37.65952]]}},{"type":"Feature","properties":{"class":"major","highway":"primary","sidewalk":"likely","lanes":4,"name":"통일로","oneway":true},"geometry":{"type":"LineString","coordinates":[[126.89504,37.65952],[126.89509,37.65941],[126.8951,37.65938],[126.89516,37.65925]]}},{"type":"Feature","properties":{"class":"major","highway":"primary","sidewalk":"likely","lanes":4,"name":"통일로","oneway":true},"geometry":{"type":"LineString","coordinates":[[126.89523,37.65959],[126.89471,37.66087],[126.89453,37.66123],[126.89429,37.66161],[126.89418,37.66176],[126.89405,37.66191]]}},{"type":"Feature","properties":{"class":"major","highway":"primary","sidewalk":"likely","lanes":4,"name":"통일로","oneway":true},"geometry":{"type":"LineString","coordinates":[[126.89537,37.65931],[126.8953,37.65943],[126.89528,37.65947],[126.89523,37.65959]]}},{"type":"Feature","properties":{"class":"minor","highway":"residential","sidewalk":"unknown","lanes":0,"name":"","oneway":false},"geometry":{"type":"LineString","coordinates":[[126.89554,37.65807],[126.89519,37.65802],[126.89511,37.65801],[126.8949,37.65801],[126.89473,37.65802],[126.89455,37.65806],[126.89437,37.65812],[126.89421,37.6582],[126.89407,37.65832],[126.89401,37.6584],[126.89398,37.65845]]}},{"type":"Feature","properties":{"class":"minor","highway":"residential","sidewalk":"unknown","lanes":0,"name":"","oneway":false},"geometry":{"type":"LineString","coordinates":[[126.89611,37.65827],[126.89603,37.65823],[126.89599,37.65821],[126.89589,37.65815],[126.89577,37.65811],[126.89554,37.65807]]}},{"type":"Feature","properties":{"class":"minor","highway":"residential","sidewalk":"unknown","lanes":0,"name":"","oneway":true},"geometry":{"type":"LineString","coordinates":[[126.89564,37.65829],[126.89562,37.65816],[126.89554,37.65807]]}},{"type":"Feature","properties":{"class":"minor","highway":"residential","sidewalk":"unknown","lanes":0,"name":"오금3로","oneway":false},"geometry":{"type":"LineString","coordinates":[[126.89742,37.65625],[126.89756,37.6563],[126.89764,37.65633],[126.89779,37.65639]]}},{"type":"Feature","properties":{"class":"minor","highway":"residential","sidewalk":"unknown","lanes":0,"name":"오금3로","oneway":false},"geometry":{"type":"LineString","coordinates":[[126.89779,37.65639],[126.89817,37.65654],[126.89837,37.65661],[126.89843,37.65664]]}},{"type":"Feature","properties":{"class":"minor","highway":"residential","sidewalk":"unknown","lanes":0,"name":"삼송로193번길","oneway":false},"geometry":{"type":"LineString","coordinates":[[126.89391,37.65654],[126.89436,37.65662]]}},{"type":"Feature","properties":{"class":"minor","highway":"residential","sidewalk":"unknown","lanes":0,"name":"삼송로193번길","oneway":false},"geometry":{"type":"LineString","coordinates":[[126.89391,37.65654],[126.89382,37.65689],[126.89379,37.65707],[126.89377,37.65711],[126.89368,37.65802],[126.89371,37.65815],[126.89382,37.65828],[126.89398,37.65845]]}},{"type":"Feature","properties":{"class":"alley","highway":"service","sidewalk":"unknown","lanes":0,"name":"","oneway":false},"geometry":{"type":"LineString","coordinates":[[126.89379,37.65707],[126.89368,37.65704],[126.89362,37.65702],[126.89353,37.65696],[126.89346,37.65692],[126.8934,37.6569],[126.89318,37.65685],[126.89312,37.65684],[126.89306,37.65685],[126.893,37.65687],[126.89291,37.65692]]}},{"type":"Feature","properties":{"class":"minor","highway":"residential","sidewalk":"unknown","lanes":0,"name":"신도3길","oneway":false},"geometry":{"type":"LineString","coordinates":[[126.89392,37.65137],[126.89467,37.65163],[126.89535,37.65185]]}},{"type":"Feature","properties":{"class":"minor","highway":"residential","sidewalk":"unknown","lanes":0,"name":"","oneway":false},"geometry":{"type":"LineString","coordinates":[[126.89372,37.65176],[126.89383,37.65153],[126.89392,37.65137]]}},{"type":"Feature","properties":{"class":"minor","highway":"residential","sidewalk":"unknown","lanes":0,"name":"신도3길","oneway":false},"geometry":{"type":"LineString","coordinates":[[126.88953,37.64979],[126.89013,37.65]]}},{"type":"Feature","properties":{"class":"minor","highway":"residential","sidewalk":"unknown","lanes":0,"name":"고양대로1940번길","oneway":false},"geometry":{"type":"LineString","coordinates":[[126.89403,37.643],[126.89424,37.64297],[126.89437,37.64297],[126.89443,37.64304],[126.89451,37.64308],[126.89484,37.64295]]}},{"type":"Feature","properties":{"class":"major","highway":"primary","sidewalk":"likely","lanes":4,"name":"통일로","oneway":true},"geometry":{"type":"LineString","coordinates":[[126.89611,37.65827],[126.89598,37.6584],[126.89567,37.65881],[126.89537,37.65931]]}},{"type":"Feature","properties":{"class":"major","highway":"primary","sidewalk":"likely","lanes":4,"name":"통일로","oneway":true},"geometry":{"type":"LineString","coordinates":[[126.89516,37.65925],[126.89524,37.65908],[126.89527,37.65902],[126.89537,37.65885],[126.89566,37.65841],[126.8957,37.65835],[126.89575,37.6583],[126.89589,37.65815]]}},{"type":"Feature","properties":{"class":"minor","highway":"residential","sidewalk":"unknown","lanes":0,"name":"삼송로193번길","oneway":true},"geometry":{"type":"LineString","coordinates":[[126.89376,37.65982],[126.89383,37.66002],[126.89394,37.66055],[126.89395,37.66091],[126.89397,37.66101],[126.89398,37.6611],[126.89397,37.66113],[126.89394,37.66115],[126.8939,37.66116],[126.89386,37.66114],[126.89386,37.66101],[126.89388,37.6609],[126.89385,37.66055],[126.89376,37.66003],[126.89376,37.65982]]}},{"type":"Feature","properties":{"class":"minor","highway":"residential","sidewalk":"unknown","lanes":1,"name":"오금3로","oneway":false},"geometry":{"type":"LineString","coordinates":[[126.89984,37.65833],[126.90036,37.65894],[126.90078,37.65938],[126.90082,37.65944],[126.90089,37.65954],[126.90095,37.65965]]}},{"type":"Feature","properties":{"class":"alley","highway":"service","sidewalk":"unknown","lanes":0,"name":"","oneway":true},"geometry":{"type":"LineString","coordinates":[[126.89561,37.6468],[126.89557,37.6468],[126.89553,37.64678],[126.8955,37.64676]]}}]}