{"type":"FeatureCollection","features":[{"type":"Feature","properties":{"class":"minor","highway":"residential","sidewalk":"unknown","lanes":0,"name":"노원로38길","oneway":false},"geometry":{"type":"LineString","coordinates":[[127.06168,37.66089],[127.06185,37.6614],[127.06188,37.66166],[127.06188,37.66188],[127.06188,37.66205],[127.06177,37.6625],[127.06176,37.66256],[127.06164,37.66297],[127.06163,37.663],[127.06146,37.66371],[127.06143,37.66382],[127.06138,37.66399],[127.06136,37.6641],[127.06133,37.6642],[127.06131,37.66429],[127.06124,37.66456],[127.0612,37.66471],[127.06118,37.66478],[127.06113,37.66495],[127.0611,37.66508]]}},{"type":"Feature","properties":{"class":"major","highway":"tertiary","sidewalk":"likely","lanes":0,"name":"수락산로","oneway":false},"geometry":{"type":"LineString","coordinates":[[127.07533,37.66365],[127.0751,37.66384],[127.07489,37.664]]}},{"type":"Feature","properties":{"class":"major","highway":"tertiary","sidewalk":"likely","lanes":0,"name":"노원로34길","oneway":false},"geometry":{"type":"LineString","coordinates":[[127.06492,37.65891],[127.06508,37.65906],[127.0652,37.65938],[127.06528,37.6597],[127.06562,37.6611],[127.06564,37.66119],[127.0657,37.66156],[127.06575,37.66182],[127.06593,37.66278],[127.06595,37.66296],[127.066,37.6633],[127.06616,37.66423],[127.06619,37.66443]]}},{"type":"Feature","properties":{"class":"major","highway":"tertiary","sidewalk":"likely","lanes":0,"name":"한글비석로52길","oneway":false},"geometry":{"type":"LineString","coordinates":[[127.06619,37.66443],[127.06628,37.66501],[127.06628,37.66505],[127.06638,37.66569],[127.06644,37.66604],[127.0665,37.66643],[127.06654,37.66674],[127.06659,37.66704]]}},{"type":"Feature","properties":{"class":"minor","highway":"residential","sidewalk":"unknown","lanes":0,"name":"동일로242길","oneway":false},"geometry":{"type":"LineString","coordinates":[[127.05532,37.67601],[127.05548,37.67592],[127.05565,37.67584],[127.05592,37.67572],[127.05663,37.67542],[127.05704,37.67529],[127.05741,37.6751],[127.05791,37.67488],[127.05805,37.67488],[127.05817,37.67481],[127.05842,37.6747],[127.0588,37.67454],[127.05889,37.6745],[127.05933,37.67442],[127.0594,37.67442],[127.05959,37.67443],[127.06015,37.67449]]}},{"type":"Feature","properties":{"class":"minor","highway":"residential","sidewalk":"unknown","lanes":0,"name":"덕릉로129길","oneway":false},"geometry":{"type":"LineString","coordinates":[[127.07893,37.67738],[127.07894,37.67726],[127.07893,37.67707],[127.07892,37.67697],[127.07899,37.67688],[127.07902,37.67681],[127.07907,37.67671],[127.07903,37.67657],[127.07919,37.67627],[127.07915,37.67616],[127.07913,37.67604],[127.07913,37.67595],[127.07921,37.67583],[127.07927,37.67571],[127.07932,37.67569],[127.0795,37.67557],[127.07954,37.6755],[127.07956,37.67541],[127.07957,37.67529],[127.07967,37.67517],[127.0798,37.675],[127.07995,37.67479],[127.08,37.67475]]}},{"type":"Feature","properties":{"class":"minor","highway":"residential","sidewalk":"unknown","lanes":0,"name":"","oneway":false},"geometry":{"type":"LineString","coordinates":[[127.07896,37.67783],[127.07892,37.67774],[127.07891,37.67764],[127.07891,37.67751],[127.07891,37.67745],[127.07893,37.67738]]}},{"type":"Feature","properties":{"class":"minor","highway":"residential","sidewalk":"unknown","lanes":0,"name":"상계로1길","oneway":false},"geometry":{"type":"LineString","coordinates":[[127.06168,37.66089],[127.06164,37.66076],[127.06144,37.66018],[127.06142,37.66013],[127.06136,37.65993],[127.06131,37.65981],[127.06131,37.65974],[127.06131,37.65972],[127.06136,37.6593],[127.06137,37.65922],[127.06138,37.65911],[127.06142,37.65881],[127.06143,37.65874],[127.06144,37.65862],[127.06146,37.65849],[127.06149,37.65823],[127.0615,37.65812],[127.06155,37.65777],[127.06156,37.65768],[127.0616,37.6573],[127.06164,37.6569],[127.06166,37.65673],[127.06166,37.65669],[127.0617,37.65639],[127.06174,37.65604],[127.06175,37.65595]]}},{"type":"Feature","properties":{"class":"major","highway":"tertiary","sidewalk":"likely","lanes":0,"name":"한글비석로54길","oneway":false},"geometry":{"type":"LineString","coordinates":[[127.05997,37.66838],[127.06047,37.66796],[127.0612,37.6674],[127.06156,37.66711],[127.06188,37.66703],[127.06195,37.66702],[127.06289,37.66686],[127.06299,37.66685],[127.06347,37.66677],[127.06356,37.66675],[127.06368,37.66673],[127.0637,37.66671],[127.06375,37.66665],[127.06363,37.66598],[127.06363,37.66594],[127.06344,37.6648]]}},{"type":"Feature","properties":{"class":"alley","highway":"service","sidewalk":"unknown","lanes":0,"name":"","oneway":false},"geometry":{"type":"LineString","coordinates":[[127.06481,37.66459],[127.06486,37.66482],[127.06491,37.66509],[127.06492,37.66513]]}},{"type":"Feature","properties":{"class":"alley","highway":"service","sidewalk":"unknown","lanes":0,"name":"","oneway":false},"geometry":{"type":"LineString","coordinates":[[127.06188,37.66205],[127.06179,37.66203],[127.06113,37.66192],[127.06053,37.66182]]}},{"type":"Feature","properties":{"class":"alley","highway":"service","sidewalk":"unknown","lanes":0,"name":"","oneway":false},"geometry":{"type":"LineString","coordinates":[[127.06177,37.6625],[127.06169,37.66249],[127.06101,37.66238],[127.06031,37.66227]]}},{"type":"Feature","properties":{"class":"alley","highway":"service","sidewalk":"unknown","lanes":0,"name":"","oneway":false},"geometry":{"type":"LineString","coordinates":[[127.06481,37.66459],[127.06469,37.66409]]}},{"type":"Feature","properties":{"class":"alley","highway":"service","sidewalk":"unknown","lanes":0,"name":"","oneway":false},"geometry":{"type":"LineString","coordinates":[[127.06469,37.66409],[127.06353,37.66424]]}},{"type":"Feature","properties":{"class":"alley","highway":"service","sidewalk":"unknown","lanes":0,"name":"","oneway":false},"geometry":{"type":"LineString","coordinates":[[127.06353,37.66424],[127.06346,37.66382],[127.06346,37.66378],[127.06338,37.66332],[127.0633,37.66285],[127.06323,37.6624],[127.06315,37.66194],[127.06401,37.66181],[127.0643,37.66178],[127.06448,37.66183],[127.06549,37.66172],[127.06551,37.66185],[127.06558,37.66221],[127.06566,37.66269],[127.06575,37.66318],[127.06583,37.66361],[127.06495,37.66374],[127.06478,37.66398],[127.06469,37.66409]]}},{"type":"Feature","properties":{"class":"minor","highway":"residential","sidewalk":"unknown","lanes":0,"name":"한글비석로41가길","oneway":false},"geometry":{"type":"LineString","coordinates":[[127.06595,37.66296],[127.06647,37.6629],[127.06687,37.66286],[127.06692,37.66284],[127.06756,37.66254],[127.06802,37.66232],[127.06831,37.66218],[127.06863,37.66203]]}},{"type":"Feature","properties":{"class":"minor","highway":"residential","sidewalk":"unknown","lanes":0,"name":"한글비석로47길","oneway":false},"geometry":{"type":"LineString","coordinates":[[127.06709,37.66417],[127.06704,37.6638],[127.06692,37.66284]]}},{"type":"Feature","properties":{"class":"minor","highway":"residential","sidewalk":"unknown","lanes":0,"name":"한글비석로47길","oneway":false},"geometry":{"type":"LineString","coordinates":[[127.06687,37.66286],[127.06681,37.66244],[127.06676,37.66212],[127.06675,37.66204],[127.06665,37.66143],[127.06662,37.66126],[127.06651,37.66051],[127.06642,37.65997],[127.06639,37.65987]]}},{"type":"Feature","properties":{"class":"minor","highway":"residential","sidewalk":"unknown","lanes":0,"name":"상계로23길","oneway":false},"geometry":{"type":"LineString","coordinates":[[127.06651,37.66051],[127.06697,37.66016],[127.06726,37.65995],[127.06794,37.65944]]}},{"type":"Feature","properties":{"class":"minor","highway":"residential","sidewalk":"unknown","lanes":0,"name":"상계로9가길","oneway":false},"geometry":{"type":"LineString","coordinates":[[127.06597,37.6578],[127.0663,37.65806],[127.0664,37.65813],[127.06687,37.65855],[127.06709,37.65874],[127.0674,37.65901],[127.06794,37.65944],[127.06849,37.65986],[127.06852,37.65989],[127.06854,37.65991],[127.06903,37.66033]]}},{"type":"Feature","properties":{"class":"minor","highway":"residential","sidewalk":"unknown","lanes":0,"name":"상계로9나길","oneway":false},"geometry":{"type":"LineString","coordinates":[[127.06662,37.66126],[127.06707,37.66108],[127.06732,37.66088],[127.06758,37.66069],[127.06777,37.66054],[127.06852,37.65989]]}},{"type":"Feature","properties":{"class":"minor","highway":"residential","sidewalk":"unknown","lanes":0,"name":"한글비석로31가길","oneway":false},"geometry":{"type":"LineString","coordinates":[[127.06675,37.66204],[127.06724,37.66182],[127.06758,37.66167],[127.06803,37.66148],[127.06812,37.6614],[127.06836,37.6612],[127.06858,37.66101],[127.06879,37.66086],[127.06898,37.66071],[127.06924,37.66051]]}},{"type":"Feature","properties":{"class":"minor","highway":"residential","sidewalk":"unknown","lanes":0,"name":"한글비석로37길","oneway":false},"geometry":{"type":"LineString","coordinates":[[127.06777,37.66054],[127.06858,37.66101],[127.06927,37.66151]]}},{"type":"Feature","properties":{"class":"minor","highway":"residential","sidewalk":"unknown","lanes":0,"name":"한글비석로41길","oneway":false},"geometry":{"type":"LineString","coordinates":[[127.06803,37.66148],[127.06814,37.66158],[127.06863,37.66203],[127.0693,37.66265]]}},{"type":"Feature","properties":{"class":"minor","highway":"residential","sidewalk":"unknown","lanes":0,"name":"한글비석로41길","oneway":false},"geometry":{"type":"LineString","coordinates":[[127.06732,37.66088],[127.06784,37.66131],[127.06803,37.66148]]}},{"type":"Feature","properties":{"class":"minor","highway":"residential","sidewalk":"unknown","lanes":0,"name":"상계로27길","oneway":false},"geometry":{"type":"LineString","coordinates":[[127.06903,37.66033],[127.0692,37.6602],[127.0694,37.66004],[127.06945,37.66],[127.06958,37.6599],[127.0698,37.65973],[127.06987,37.65967],[127.07018,37.65943],[127.07043,37.65923],[127.07091,37.65886],[127.07096,37.65881]]}},{"type":"Feature","properties":{"class":"minor","highway":"residential","sidewalk":"unknown","lanes":0,"name":"한글비석로23길","oneway":false},"geometry":{"type":"LineString","coordinates":[[127.07096,37.65881],[127.07112,37.65959],[127.07118,37.65991],[127.07129,37.66048],[127.07138,37.6609]]}},{"type":"Feature","properties":{"class":"minor","highway":"residential","sidewalk":"unknown","lanes":0,"name":"한글비석로23길","oneway":false},"geometry":{"type":"LineString","coordinates":[[127.06985,37.66104],[127.07004,37.66089],[127.07022,37.66075],[127.07041,37.66059],[127.07061,37.66044],[127.07099,37.66046],[127.07129,37.66048]]}},{"type":"Feature","properties":{"class":"minor","highway":"residential","sidewalk":"unknown","lanes":0,"name":"상계로23다길","oneway":false},"geometry":{"type":"LineString","coordinates":[[127.06987,37.65967],[127.07029,37.65995],[127.07039,37.65999],[127.07053,37.66001],[127.07084,37.65996],[127.07087,37.65996],[127.07118,37.65991]]}},{"type":"Feature","properties":{"class":"minor","highway":"residential","sidewalk":"unknown","lanes":0,"name":"한글비석로46나길","oneway":false},"geometry":{"type":"LineString","coordinates":[[127.06659,37.66704],[127.0682,37.66688],[127.06855,37.66684],[127.0691,37.66678],[127.06937,37.66675],[127.06956,37.6667],[127.06966,37.66668]]}},{"type":"Feature","properties":{"class":"minor","highway":"residential","sidewalk":"unknown","lanes":0,"name":"한글비석로24바길","oneway":false},"geometry":{"type":"LineString","coordinates":[[127.07079,37.66585],[127.0712,37.66553],[127.07148,37.66531],[127.07178,37.66507],[127.07204,37.66486],[127.07229,37.66466],[127.07272,37.66431],[127.07276,37.66428],[127.07293,37.66414],[127.07335,37.66382],[127.07372,37.66353],[127.07378,37.66348]]}},{"type":"Feature","properties":{"class":"major","highway":"tertiary","sidewalk":"likely","lanes":0,"name":"한글비석로24길","oneway":false},"geometry":{"type":"LineString","coordinates":[[127.07489,37.664],[127.07454,37.66393],[127.07448,37.66391],[127.07426,37.66384],[127.07422,37.66382],[127.07406,37.66374],[127.07399,37.66369],[127.07389,37.66363],[127.07378,37.66348]]}},{"type":"Feature","properties":{"class":"minor","highway":"residential","sidewalk":"unknown","lanes":0,"name":"한글비석로46길","oneway":false},"geometry":{"type":"LineString","coordinates":[[127.07004,37.66748],[127.06966,37.66668]]}},{"type":"Feature","properties":{"class":"minor","highway":"residential","sidewalk":"unknown","lanes":0,"name":"한글비석로46가길","oneway":false},"geometry":{"type":"LineString","coordinates":[[127.06899,37.66514],[127.06816,37.66533],[127.06789,37.66539],[127.06728,37.66553]]}},{"type":"Feature","properties":{"class":"minor","highway":"residential","sidewalk":"unknown","lanes":0,"name":"한글비석로46길","oneway":false},"geometry":{"type":"LineString","coordinates":[[127.0686,37.66408],[127.06793,37.6637]]}},{"type":"Feature","properties":{"class":"minor","highway":"residential","sidewalk":"unknown","lanes":0,"name":"수락산로","oneway":false},"geometry":{"type":"LineString","coordinates":[[127.06833,37.66777],[127.06832,37.66771],[127.06831,37.66761],[127.06824,37.66716],[127.0682,37.66688]]}},{"type":"Feature","properties":{"class":"minor","highway":"residential","sidewalk":"unknown","lanes":0,"name":"한글비석로44길","oneway":false},"geometry":{"type":"LineString","coordinates":[[127.06884,37.66298],[127.06951,37.66355],[127.07018,37.66417],[127.07036,37.66433],[127.0708,37.66474],[127.07086,37.66479],[127.07104,37.66494],[127.07114,37.66503],[127.07129,37.66515],[127.07148,37.66531],[127.07197,37.66569],[127.07228,37.66594]]}},{"type":"Feature","properties":{"class":"minor","highway":"residential","sidewalk":"unknown","lanes":0,"name":"덕릉로84길","oneway":false},"geometry":{"type":"LineString","coordinates":[[127.07694,37.66023],[127.07691,37.65999],[127.07689,37.65966]]}},{"type":"Feature","properties":{"class":"minor","highway":"residential","sidewalk":"unknown","lanes":0,"name":"덕릉로86길","oneway":false},"geometry":{"type":"LineString","coordinates":[[127.07694,37.66023],[127.07699,37.66029],[127.07734,37.6604],[127.07787,37.66059],[127.07876,37.66089],[127.07972,37.66117],[127.07987,37.66119],[127.07991,37.6612]]}},{"type":"Feature","properties":{"class":"minor","highway":"residential","sidewalk":"unknown","lanes":0,"name":"덕릉로82길","oneway":false},"geometry":{"type":"LineString","coordinates":[[127.07796,37.65965],[127.07803,37.65982],[127.07874,37.66078],[127.07876,37.66089]]}},{"type":"Feature","properties":{"class":"minor","highway":"residential","sidewalk":"unknown","lanes":0,"name":"덕릉로94길","oneway":false},"geometry":{"type":"LineString","coordinates":[[127.07586,37.66253],[127.0764,37.66249],[127.07772,37.66235]]}},{"type":"Feature","properties":{"class":"minor","highway":"residential","sidewalk":"unknown","lanes":0,"name":"덕릉로112길","oneway":false},"geometry":{"type":"LineString","coordinates":[[127.07775,37.66593],[127.07795,37.6659],[127.07807,37.6659],[127.07874,37.66583]]}},{"type":"Feature","properties":{"class":"minor","highway":"residential","sidewalk":"unknown","lanes":0,"name":"덕릉로94길","oneway":false},"geometry":{"type":"LineString","coordinates":[[127.07772,37.66235],[127.07781,37.66229],[127.07782,37.66224],[127.07814,37.66206],[127.07833,37.66195],[127.07856,37.66179],[127.07865,37.66166],[127.07874,37.66154],[127.07884,37.66145]]}},{"type":"Feature","properties":{"class":"minor","highway":"residential","sidewalk":"unknown","lanes":0,"name":"","oneway":false},"geometry":{"type":"LineString","coordinates":[[127.0764,37.66249],[127.07666,37.66166],[127.07668,37.66162]]}},{"type":"Feature","properties":{"class":"minor","highway":"residential","sidewalk":"unknown","lanes":0,"name":"한글비석로24길","oneway":false},"geometry":{"type":"LineString","coordinates":[[127.07138,37.6609],[127.07138,37.66103],[127.07142,37.66118],[127.07147,37.66128],[127.07168,37.66149],[127.07184,37.66165],[127.07208,37.66191],[127.07223,37.66208],[127.07225,37.66211],[127.07234,37.66219],[127.07257,37.66243],[127.07277,37.6626],[127.07279,37.66262],[127.0729,37.6627],[127.07308,37.66285],[127.07316,37.66287],[127.07331,37.66292],[127.07352,37.663]]}},{"type":"Feature","properties":{"class":"minor","highway":"residential","sidewalk":"unknown","lanes":0,"name":"한글비석로24마길","oneway":false},"geometry":{"type":"LineString","coordinates":[[127.07104,37.66494],[127.07136,37.66448],[127.07162,37.66428],[127.07168,37.66425],[127.07178,37.66418],[127.07182,37.66415],[127.07198,37.66404],[127.07217,37.66391],[127.07246,37.66377],[127.07257,37.66372],[127.07281,37.6636],[127.07337,37.66315],[127.07352,37.663]]}},{"type":"Feature","properties":{"class":"minor","highway":"residential","sidewalk":"unknown","lanes":0,"name":"한글비석로36길","oneway":false},"geometry":{"type":"LineString","coordinates":[[127.07246,37.66377],[127.07222,37.66356],[127.0722,37.66354],[127.07192,37.66332],[127.07163,37.66309]]}},{"type":"Feature","properties":{"class":"minor","highway":"residential","sidewalk":"unknown","lanes":0,"name":"한글비석로24다길","oneway":false},"geometry":{"type":"LineString","coordinates":[[127.06899,37.66514],[127.06952,37.66471],[127.07018,37.66417],[127.07047,37.66395],[127.07091,37.66362]]}},{"type":"Feature","properties":{"class":"minor","highway":"residential","sidewalk":"unknown","lanes":0,"name":"한글비석로24다길","oneway":false},"geometry":{"type":"LineString","coordinates":[[127.07091,37.66362],[127.0714,37.66326],[127.07163,37.66309]]}},{"type":"Feature","properties":{"class":"minor","highway":"residential","sidewalk":"unknown","lanes":0,"name":"한글비석로36길","oneway":false},"geometry":{"type":"LineString","coordinates":[[127.07123,37.66279],[127.07083,37.66251],[127.07007,37.662]]}},{"type":"Feature","properties":{"class":"minor","highway":"residential","sidewalk":"unknown","lanes":0,"name":"한글비석로24다길","oneway":false},"geometry":{"type":"LineString","coordinates":[[127.07163,37.66309],[127.07178,37.66299],[127.07195,37.66286],[127.0722,37.66269],[127.07257,37.66243]]}},{"type":"Feature","properties":{"class":"minor","highway":"residential","sidewalk":"unknown","lanes":0,"name":"한글비석로24가길","oneway":false},"geometry":{"type":"LineString","coordinates":[[127.06985,37.6633],[127.07033,37.66291],[127.07055,37.66274],[127.07057,37.66272],[127.07083,37.66251],[127.07111,37.66228],[127.07137,37.66205],[127.07164,37.66183],[127.07176,37.66172],[127.07184,37.66165]]}},{"type":"Feature","properties":{"class":"minor","highway":"residential","sidewalk":"unknown","lanes":0,"name":"한글비석로36길","oneway":false},"geometry":{"type":"LineString","coordinates":[[127.07123,37.66279],[127.07135,37.66291],[127.07163,37.66309]]}},{"type":"Feature","properties":{"class":"minor","highway":"residential","sidewalk":"unknown","lanes":0,"name":"한글비석로24가길","oneway":false},"geometry":{"type":"LineString","coordinates":[[127.0686,37.66408],[127.06908,37.66383],[127.06951,37.66355],[127.06985,37.6633]]}},{"type":"Feature","properties":{"class":"minor","highway":"residential","sidewalk":"unknown","lanes":0,"name":"한글비석로24나길","oneway":false},"geometry":{"type":"LineString","coordinates":[[127.07022,37.66356],[127.07039,37.66338],[127.07056,37.66326],[127.0707,37.66317],[127.07082,37.66309],[127.07092,37.66302],[127.07123,37.66279]]}},{"type":"Feature","properties":{"class":"minor","highway":"residential","sidewalk":"unknown","lanes":0,"name":"한글비석로24바길","oneway":false},"geometry":{"type":"LineString","coordinates":[[127.07178,37.66418],[127.07187,37.66425],[127.07205,37.66426],[127.07223,37.66426],[127.07237,37.66427],[127.07247,37.66428],[127.07272,37.66431]]}},{"type":"Feature","properties":{"class":"minor","highway":"residential","sidewalk":"unknown","lanes":0,"name":"한글비석로36길","oneway":false},"geometry":{"type":"LineString","coordinates":[[127.07272,37.66431],[127.07305,37.66437],[127.0731,37.66438],[127.07329,37.66446],[127.07331,37.66447],[127.07334,37.66449],[127.07348,37.66457],[127.0735,37.66457],[127.07357,37.6646],[127.07364,37.66463],[127.07374,37.66469],[127.07386,37.66475]]}},{"type":"Feature","properties":{"class":"minor","highway":"residential","sidewalk":"unknown","lanes":0,"name":"수락산로","oneway":false},"geometry":{"type":"LineString","coordinates":[[127.07204,37.66486],[127.07221,37.66499],[127.07284,37.66551]]}},{"type":"Feature","properties":{"class":"minor","highway":"residential","sidewalk":"unknown","lanes":0,"name":"한글비석로44길","oneway":false},"geometry":{"type":"LineString","coordinates":[[127.07129,37.66515],[127.07179,37.66477],[127.07211,37.66451],[127.07212,37.66448],[127.07237,37.66427]]}},{"type":"Feature","properties":{"class":"minor","highway":"residential","sidewalk":"unknown","lanes":0,"name":"한글비석로24바길","oneway":false},"geometry":{"type":"LineString","coordinates":[[127.07229,37.66466],[127.07211,37.66451],[127.07209,37.66449],[127.07186,37.6643]]}},{"type":"Feature","properties":{"class":"minor","highway":"residential","sidewalk":"unknown","lanes":0,"name":"한글비석로44길","oneway":false},"geometry":{"type":"LineString","coordinates":[[127.07114,37.66503],[127.0717,37.66445],[127.07186,37.6643],[127.07187,37.66425]]}},{"type":"Feature","properties":{"class":"minor","highway":"residential","sidewalk":"unknown","lanes":0,"name":"한글비석로24라길","oneway":false},"geometry":{"type":"LineString","coordinates":[[127.0708,37.66474],[127.07148,37.66418]]}},{"type":"Feature","properties":{"class":"minor","highway":"residential","sidewalk":"unknown","lanes":0,"name":"한글비석로24다길","oneway":false},"geometry":{"type":"LineString","coordinates":[[127.07148,37.66418],[127.07133,37.66409],[127.07071,37.66408],[127.07047,37.66395]]}},{"type":"Feature","properties":{"class":"minor","highway":"residential","sidewalk":"unknown","lanes":0,"name":"한글비석로24다길","oneway":false},"geometry":{"type":"LineString","coordinates":[[127.07133,37.66409],[127.07107,37.66383],[127.07096,37.66372],[127.07091,37.66362]]}},{"type":"Feature","properties":{"class":"minor","highway":"residential","sidewalk":"unknown","lanes":0,"name":"한글비석로24라길","oneway":false},"geometry":{"type":"LineString","coordinates":[[127.07148,37.66418],[127.07177,37.66393],[127.07194,37.66376],[127.07202,37.66369],[127.07212,37.66361],[127.0722,37.66354]]}},{"type":"Feature","properties":{"class":"minor","highway":"residential","sidewalk":"unknown","lanes":0,"name":"한글비석로24라길","oneway":false},"geometry":{"type":"LineString","coordinates":[[127.0722,37.66354],[127.07249,37.66331],[127.07259,37.66321],[127.07271,37.66308],[127.07287,37.66298],[127.07308,37.66285]]}},{"type":"Feature","properties":{"class":"minor","highway":"residential","sidewalk":"unknown","lanes":0,"name":"한글비석로24길","oneway":false},"geometry":{"type":"LineString","coordinates":[[127.07204,37.66294],[127.07218,37.66287],[127.07241,37.66276],[127.07248,37.66272],[127.07257,37.66268],[127.07277,37.6626]]}},{"type":"Feature","properties":{"class":"minor","highway":"residential","sidewalk":"unknown","lanes":0,"name":"한글비석로24길","oneway":false},"geometry":{"type":"LineString","coordinates":[[127.07223,37.66311],[127.07271,37.66282],[127.07275,37.6628],[127.0729,37.6627]]}},{"type":"Feature","properties":{"class":"minor","highway":"residential","sidewalk":"unknown","lanes":0,"name":"","oneway":false},"geometry":{"type":"LineString","coordinates":[[127.07287,37.66298],[127.07271,37.66282],[127.07257,37.66268]]}},{"type":"Feature","properties":{"class":"minor","highway":"residential","sidewalk":"unknown","lanes":0,"name":"한글비석로24다길","oneway":false},"geometry":{"type":"LineString","coordinates":[[127.07178,37.66299],[127.07205,37.66322]]}},{"type":"Feature","properties":{"class":"minor","highway":"residential","sidewalk":"unknown","lanes":0,"name":"한글비석로24다길","oneway":false},"geometry":{"type":"LineString","coordinates":[[127.07205,37.66322],[127.07207,37.66323]]}},{"type":"Feature","properties":{"class":"minor","highway":"residential","sidewalk":"unknown","lanes":0,"name":"한글비석로24가길","oneway":false},"geometry":{"type":"LineString","coordinates":[[127.07137,37.66205],[127.07184,37.66241],[127.07186,37.66242]]}},{"type":"Feature","properties":{"class":"minor","highway":"residential","sidewalk":"unknown","lanes":0,"name":"한글비석로24나길","oneway":false},"geometry":{"type":"LineString","coordinates":[[127.07186,37.66242],[127.07187,37.66243],[127.07193,37.66246],[127.0722,37.66269]]}},{"type":"Feature","properties":{"class":"minor","highway":"residential","sidewalk":"unknown","lanes":0,"name":"한글비석로24나길","oneway":false},"geometry":{"type":"LineString","coordinates":[[127.07234,37.66219],[127.07215,37.66229],[127.07187,37.66243]]}},{"type":"Feature","properties":{"class":"minor","highway":"residential","sidewalk":"unknown","lanes":0,"name":"한글비석로24길","oneway":false},"geometry":{"type":"LineString","coordinates":[[127.07223,37.66208],[127.07207,37.66217],[127.07204,37.66219],[127.07184,37.66241]]}},{"type":"Feature","properties":{"class":"minor","highway":"residential","sidewalk":"unknown","lanes":0,"name":"한글비석로24가길","oneway":false},"geometry":{"type":"LineString","coordinates":[[127.07164,37.66183],[127.07191,37.66202],[127.072,37.6621],[127.07207,37.66217]]}},{"type":"Feature","properties":{"class":"minor","highway":"residential","sidewalk":"unknown","lanes":0,"name":"한글비석로","oneway":false},"geometry":{"type":"LineString","coordinates":[[127.07036,37.66175],[127.07111,37.66228]]}},{"type":"Feature","properties":{"class":"minor","highway":"residential","sidewalk":"unknown","lanes":0,"name":"한글비석로24가길","oneway":false},"geometry":{"type":"LineString","coordinates":[[127.07111,37.66228],[127.07151,37.66258]]}},{"type":"Feature","properties":{"class":"minor","highway":"residential","sidewalk":"unknown","lanes":0,"name":"한글비석로24나길","oneway":false},"geometry":{"type":"LineString","coordinates":[[127.07186,37.66242],[127.07171,37.66251],[127.07151,37.66258],[127.07123,37.66279]]}},{"type":"Feature","properties":{"class":"minor","highway":"residential","sidewalk":"unknown","lanes":0,"name":"한글비석로","oneway":false},"geometry":{"type":"LineString","coordinates":[[127.06984,37.66219],[127.07036,37.66257],[127.07057,37.66272]]}},{"type":"Feature","properties":{"class":"minor","highway":"residential","sidewalk":"unknown","lanes":0,"name":"한글비석로24가길","oneway":false},"geometry":{"type":"LineString","coordinates":[[127.07033,37.66291],[127.0707,37.66317]]}},{"type":"Feature","properties":{"class":"minor","highway":"residential","sidewalk":"unknown","lanes":0,"name":"한글비석로","oneway":false},"geometry":{"type":"LineString","coordinates":[[127.06985,37.6633],[127.06964,37.66311],[127.06948,37.66289]]}},{"type":"Feature","properties":{"class":"minor","highway":"residential","sidewalk":"unknown","lanes":0,"name":"한글비석로","oneway":false},"geometry":{"type":"LineString","coordinates":[[127.06892,37.66291],[127.06914,37.66305],[127.06938,37.66314],[127.06948,37.6632],[127.06964,37.66311]]}},{"type":"Feature","properties":{"class":"minor","highway":"residential","sidewalk":"unknown","lanes":0,"name":"한글비석로","oneway":false},"geometry":{"type":"LineString","coordinates":[[127.06964,37.66311],[127.06991,37.66292],[127.07006,37.66282],[127.07029,37.66263],[127.07036,37.66257]]}},{"type":"Feature","properties":{"class":"minor","highway":"residential","sidewalk":"unknown","lanes":0,"name":"한글비석로","oneway":false},"geometry":{"type":"LineString","coordinates":[[127.06991,37.66292],[127.06972,37.66277]]}},{"type":"Feature","properties":{"class":"minor","highway":"residential","sidewalk":"unknown","lanes":0,"name":"한글비석로24라길","oneway":false},"geometry":{"type":"LineString","coordinates":[[127.06928,37.66597],[127.0694,37.66589],[127.07017,37.66533],[127.0702,37.6653],[127.07047,37.66512],[127.07061,37.66499],[127.0708,37.66483],[127.07086,37.66479]]}},{"type":"Feature","properties":{"class":"minor","highway":"residential","sidewalk":"unknown","lanes":0,"name":"한글비석로46나길","oneway":false},"geometry":{"type":"LineString","coordinates":[[127.06956,37.6667],[127.06938,37.66755],[127.06936,37.66769]]}},{"type":"Feature","properties":{"class":"minor","highway":"residential","sidewalk":"unknown","lanes":0,"name":"한글비석로20길","oneway":false},"geometry":{"type":"LineString","coordinates":[[127.07399,37.66107],[127.07427,37.661]]}},{"type":"Feature","properties":{"class":"major","highway":"tertiary","sidewalk":"likely","lanes":0,"name":"한글비석로22길","oneway":true},"geometry":{"type":"LineString","coordinates":[[127.07275,37.65976],[127.07307,37.6601]]}},{"type":"Feature","properties":{"class":"minor","highway":"residential","sidewalk":"unknown","lanes":0,"name":"덕릉로89길","oneway":false},"geometry":{"type":"LineString","coordinates":[[127.07427,37.661],[127.07485,37.6609],[127.07554,37.66067]]}},{"type":"Feature","properties":{"class":"major","highway":"secondary","sidewalk":"likely","lanes":4,"name":"상계로","oneway":false},"geometry":{"type":"LineString","coordinates":[[127.08128,37.67041],[127.08117,37.67043],[127.08106,37.67046],[127.08103,37.67047],[127.08085,37.6705],[127.08074,37.67052],[127.08038,37.67059],[127.08024,37.67062],[127.08011,37.67062],[127.08,37.67062],[127.07996,37.67062],[127.07992,37.67062],[127.07985,37.6706],[127.07976,37.67057],[127.07967,37.67053],[127.07959,37.67049],[127.0795,37.67044],[127.07939,37.67038]]}},{"type":"Feature","properties":{"class":"minor","highway":"residential","sidewalk":"unknown","lanes":0,"name":"덕릉로115다길","oneway":true},"geometry":{"type":"LineString","coordinates":[[127.07664,37.6673],[127.07714,37.66781],[127.07758,37.66827],[127.07783,37.66855],[127.07803,37.66878],[127.07817,37.66895],[127.07833,37.66918],[127.07844,37.66935],[127.0787,37.66962],[127.07878,37.66971],[127.07895,37.66991],[127.0791,37.6701],[127.07922,37.67023]]}},{"type":"Feature","properties":{"class":"minor","highway":"residential","sidewalk":"unknown","lanes":0,"name":"동일로230길","oneway":false},"geometry":{"type":"LineString","coordinates":[[127.05616,37.67121],[127.05627,37.67122],[127.05711,37.67138],[127.05742,37.67144],[127.05786,37.67149],[127.05822,37.67153],[127.05841,37.67155],[127.05893,37.6719],[127.05936,37.67234],[127.05981,37.67271],[127.05986,37.67275],[127.061,37.67386],[127.06108,37.67395],[127.06117,37.67404],[127.06133,37.67423],[127.06141,37.67443]]}},{"type":"Feature","properties":{"class":"minor","highway":"residential","sidewalk":"unknown","lanes":0,"name":"동일로242바길","oneway":false},"geometry":{"type":"LineString","coordinates":[[127.06117,37.67404],[127.06084,37.67412],[127.06078,37.67401],[127.06072,37.67398],[127.06062,37.67402],[127.06058,37.67404],[127.06048,37.67407],[127.06032,37.67412],[127.06013,37.67417],[127.06015,37.6744],[127.06015,37.67449]]}},{"type":"Feature","properties":{"class":"minor","highway":"residential","sidewalk":"unknown","lanes":0,"name":"한글비석로36길","oneway":false},"geometry":{"type":"LineString","coordinates":[[127.07246,37.66377],[127.07264,37.66408],[127.07276,37.66428]]}},{"type":"Feature","properties":{"class":"minor","highway":"residential","sidewalk":"unknown","lanes":0,"name":"한글비석로24사길","oneway":false},"geometry":{"type":"LineString","coordinates":[[127.0731,37.66438],[127.07358,37.66401],[127.07399,37.66369]]}},{"type":"Feature","properties":{"class":"minor","highway":"residential","sidewalk":"unknown","lanes":0,"name":"한글비석로24아길","oneway":false},"geometry":{"type":"LineString","coordinates":[[127.07334,37.66449],[127.07377,37.66416],[127.07422,37.66382]]}},{"type":"Feature","properties":{"class":"minor","highway":"residential","sidewalk":"unknown","lanes":0,"name":"한글비석로24자길","oneway":false},"geometry":{"type":"LineString","coordinates":[[127.07448,37.66391],[127.07395,37.66431],[127.07357,37.6646]]}},{"type":"Feature","properties":{"class":"minor","highway":"residential","sidewalk":"unknown","lanes":0,"name":"한글비석로24바길","oneway":false},"geometry":{"type":"LineString","coordinates":[[127.07335,37.66382],[127.07358,37.66401]]}},{"type":"Feature","properties":{"class":"minor","highway":"residential","sidewalk":"unknown","lanes":0,"name":"한글비석로36길","oneway":false},"geometry":{"type":"LineString","coordinates":[[127.07198,37.66404],[127.07264,37.66408]]}},{"type":"Feature","properties":{"class":"minor","highway":"residential","sidewalk":"unknown","lanes":0,"name":"한글비석로24다길","oneway":false},"geometry":{"type":"LineString","coordinates":[[127.0714,37.66326],[127.07202,37.66369]]}},{"type":"Feature","properties":{"class":"minor","highway":"residential","sidewalk":"unknown","lanes":0,"name":"","oneway":false},"geometry":{"type":"LineString","coordinates":[[127.07092,37.66302],[127.07055,37.66274]]}},{"type":"Feature","properties":{"class":"minor","highway":"residential","sidewalk":"unknown","lanes":0,"name":"한글비석로48길","oneway":false},"geometry":{"type":"LineString","coordinates":[[127.06728,37.66553],[127.06713,37.66458],[127.0672,37.66452],[127.06709,37.66417]]}},{"type":"Feature","properties":{"class":"alley","highway":"service","sidewalk":"unknown","lanes":0,"name":"","oneway":false},"geometry":{"type":"LineString","coordinates":[[127.06698,37.66559],[127.06706,37.66569],[127.06711,37.6657],[127.0677,37.66561]]}},{"type":"Feature","properties":{"class":"minor","highway":"residential","sidewalk":"unknown","lanes":0,"name":"한글비석로46길","oneway":false},"geometry":{"type":"LineString","coordinates":[[127.06885,37.66476],[127.06925,37.66463]]}},{"type":"Feature","properties":{"class":"minor","highway":"residential","sidewalk":"unknown","lanes":0,"name":"한글비석로24가길","oneway":false},"geometry":{"type":"LineString","coordinates":[[127.06908,37.66383],[127.06925,37.66463],[127.06952,37.66471]]}},{"type":"Feature","properties":{"class":"minor","highway":"residential","sidewalk":"unknown","lanes":0,"name":"한글비석로","oneway":false},"geometry":{"type":"LineString","coordinates":[[127.06908,37.66383],[127.06884,37.66339],[127.06868,37.6631]]}},{"type":"Feature","properties":{"class":"minor","highway":"residential","sidewalk":"unknown","lanes":0,"name":"한글비석로44가길","oneway":false},"geometry":{"type":"LineString","coordinates":[[127.06979,37.66487],[127.07004,37.66496],[127.07008,37.66509],[127.07017,37.66533]]}},{"type":"Feature","properties":{"class":"minor","highway":"residential","sidewalk":"unknown","lanes":0,"name":"한글비석로44가길","oneway":false},"geometry":{"type":"LineString","coordinates":[[127.07004,37.66496],[127.07061,37.66499]]}},{"type":"Feature","properties":{"class":"minor","highway":"residential","sidewalk":"unknown","lanes":0,"name":"한글비석로44가길","oneway":false},"geometry":{"type":"LineString","coordinates":[[127.06979,37.66487],[127.06978,37.66491],[127.06974,37.66497],[127.06944,37.66526],[127.06943,37.66528],[127.06943,37.66529],[127.06946,37.66533],[127.06959,37.66541]]}},{"type":"Feature","properties":{"class":"minor","highway":"residential","sidewalk":"unknown","lanes":0,"name":"한글비석로24라길","oneway":false},"geometry":{"type":"LineString","coordinates":[[127.07017,37.66533],[127.07042,37.66612]]}},{"type":"Feature","properties":{"class":"minor","highway":"residential","sidewalk":"unknown","lanes":0,"name":"한글비석로24바길","oneway":false},"geometry":{"type":"LineString","coordinates":[[127.07042,37.66612],[127.07078,37.66699]]}},{"type":"Feature","properties":{"class":"minor","highway":"residential","sidewalk":"unknown","lanes":0,"name":"한글비석로24바길","oneway":false},"geometry":{"type":"LineString","coordinates":[[127.0702,37.66629],[127.07058,37.66714]]}},{"type":"Feature","properties":{"class":"minor","highway":"residential","sidewalk":"unknown","lanes":0,"name":"덕릉로113길","oneway":false},"geometry":{"type":"LineString","coordinates":[[127.07671,37.66592],[127.07693,37.66606],[127.07718,37.66622],[127.07749,37.66637],[127.07768,37.66647],[127.07817,37.66646]]}},{"type":"Feature","properties":{"class":"minor","highway":"residential","sidewalk":"unknown","lanes":0,"name":"덕릉로109길","oneway":false},"geometry":{"type":"LineString","coordinates":[[127.07693,37.66606],[127.07729,37.66591],[127.07764,37.66577]]}},{"type":"Feature","properties":{"class":"minor","highway":"residential","sidewalk":"unknown","lanes":0,"name":"덕릉로109길","oneway":false},"geometry":{"type":"LineString","coordinates":[[127.07643,37.66707],[127.07655,37.66689],[127.07669,37.66667],[127.07693,37.66606]]}},{"type":"Feature","properties":{"class":"minor","highway":"residential","sidewalk":"unknown","lanes":0,"name":"덕릉로115길","oneway":false},"geometry":{"type":"LineString","coordinates":[[127.07645,37.6674],[127.07664,37.6673],[127.07697,37.66708],[127.07742,37.66684],[127.07779,37.66665],[127.07783,37.66663],[127.07817,37.66646]]}},{"type":"Feature","properties":{"class":"minor","highway":"residential","sidewalk":"unknown","lanes":0,"name":"덕릉로109다길","oneway":false},"geometry":{"type":"LineString","coordinates":[[127.07755,37.66787],[127.07797,37.66768],[127.07829,37.66755],[127.07846,37.66751],[127.07855,37.66746],[127.07882,37.66734]]}},{"type":"Feature","properties":{"class":"minor","highway":"residential","sidewalk":"unknown","lanes":0,"name":"","oneway":false},"geometry":{"type":"LineString","coordinates":[[127.07755,37.66787],[127.07755,37.66791],[127.07756,37.66794],[127.07757,37.66798],[127.07772,37.66819]]}},{"type":"Feature","properties":{"class":"minor","highway":"residential","sidewalk":"unknown","lanes":0,"name":"덕릉로119길","oneway":false},"geometry":{"type":"LineString","coordinates":[[127.07912,37.66863],[127.07922,37.66863],[127.07931,37.66863],[127.07938,37.66855],[127.07957,37.66833]]}},{"type":"Feature","properties":{"class":"minor","highway":"residential","sidewalk":"unknown","lanes":0,"name":"덕릉로119길","oneway":false},"geometry":{"type":"LineString","coordinates":[[127.07817,37.66895],[127.07836,37.66886],[127.07872,37.66866]]}},{"type":"Feature","properties":{"class":"minor","highway":"residential","sidewalk":"unknown","lanes":0,"name":"덕릉로109다길","oneway":false},"geometry":{"type":"LineString","coordinates":[[127.07755,37.66787],[127.07697,37.66708]]}},{"type":"Feature","properties":{"class":"minor","highway":"residential","sidewalk":"unknown","lanes":0,"name":"덕릉로113가길","oneway":false},"geometry":{"type":"LineString","coordinates":[[127.07872,37.66866],[127.07831,37.66815],[127.07797,37.66768]]}},{"type":"Feature","properties":{"class":"minor","highway":"residential","sidewalk":"unknown","lanes":0,"name":"덕릉로113가길","oneway":false},"geometry":{"type":"LineString","coordinates":[[127.07797,37.66768],[127.07742,37.66684]]}},{"type":"Feature","properties":{"class":"minor","highway":"residential","sidewalk":"unknown","lanes":0,"name":"덕릉로115나길","oneway":false},"geometry":{"type":"LineString","coordinates":[[127.07829,37.66755],[127.07865,37.668],[127.07912,37.66863]]}},{"type":"Feature","properties":{"class":"minor","highway":"residential","sidewalk":"unknown","lanes":0,"name":"덕릉로115가길","oneway":false},"geometry":{"type":"LineString","coordinates":[[127.07855,37.66746],[127.07888,37.66789],[127.07938,37.66855]]}},{"type":"Feature","properties":{"class":"minor","highway":"residential","sidewalk":"unknown","lanes":0,"name":"덕릉로115가길","oneway":false},"geometry":{"type":"LineString","coordinates":[[127.07846,37.66751],[127.07783,37.66663]]}},{"type":"Feature","properties":{"class":"minor","highway":"residential","sidewalk":"unknown","lanes":0,"name":"덕릉로123길","oneway":false},"geometry":{"type":"LineString","coordinates":[[127.07836,37.66886],[127.07854,37.66899],[127.0787,37.66911],[127.07879,37.66918],[127.07903,37.66946],[127.0791,37.66955],[127.07926,37.66976],[127.07939,37.66993],[127.07941,37.66996],[127.07944,37.67002],[127.07949,37.67007],[127.0796,37.67012],[127.07995,37.67026],[127.08013,37.67031],[127.08022,37.67033],[127.08031,37.67032],[127.08103,37.67013]]}},{"type":"Feature","properties":{"class":"minor","highway":"residential","sidewalk":"unknown","lanes":0,"name":"덕릉로119가길","oneway":false},"geometry":{"type":"LineString","coordinates":[[127.07912,37.66863],[127.07904,37.6687],[127.07893,37.66879],[127.07938,37.6693],[127.07938,37.66931],[127.07942,37.66935],[127.07958,37.66954],[127.07961,37.66957],[127.07969,37.66967],[127.07978,37.66977],[127.07983,37.66985],[127.07989,37.66992],[127.08003,37.67011],[127.08022,37.67033]]}},{"type":"Feature","properties":{"class":"minor","highway":"residential","sidewalk":"unknown","lanes":0,"name":"덕릉로","oneway":false},"geometry":{"type":"LineString","coordinates":[[127.08011,37.669],[127.07942,37.66935]]}},{"type":"Feature","properties":{"class":"minor","highway":"residential","sidewalk":"unknown","lanes":0,"name":"덕릉로","oneway":false},"geometry":{"type":"LineString","coordinates":[[127.07915,37.66777],[127.07888,37.66789]]}},{"type":"Feature","properties":{"class":"minor","highway":"residential","sidewalk":"unknown","lanes":0,"name":"덕릉로118길","oneway":false},"geometry":{"type":"LineString","coordinates":[[127.07884,37.66736],[127.0794,37.66748],[127.07958,37.66752],[127.08019,37.66763],[127.08063,37.66771]]}},{"type":"Feature","properties":{"class":"minor","highway":"residential","sidewalk":"unknown","lanes":0,"name":"덕릉로112길","oneway":false},"geometry":{"type":"LineString","coordinates":[[127.07874,37.66583],[127.07946,37.66619],[127.07991,37.66652],[127.08032,37.66654],[127.08037,37.66655],[127.08047,37.66656],[127.0806,37.66659],[127.08068,37.66664],[127.08077,37.66674],[127.08081,37.66679],[127.08089,37.66684],[127.08112,37.66691],[127.08131,37.66702],[127.08171,37.66718]]}},{"type":"Feature","properties":{"class":"alley","highway":"service","sidewalk":"unknown","lanes":0,"name":"","oneway":false},"geometry":{"type":"LineString","coordinates":[[127.07838,37.66674],[127.07854,37.66667],[127.0791,37.66645]]}},{"type":"Feature","properties":{"class":"alley","highway":"service","sidewalk":"unknown","lanes":0,"name":"","oneway":false},"geometry":{"type":"LineString","coordinates":[[127.07854,37.66667],[127.07827,37.66631],[127.07824,37.66621],[127.07831,37.66612],[127.07848,37.66603],[127.07867,37.66592],[127.07874,37.66583]]}},{"type":"Feature","properties":{"class":"minor","highway":"residential","sidewalk":"unknown","lanes":0,"name":"","oneway":false},"geometry":{"type":"LineString","coordinates":[[127.08064,37.66896],[127.0804,37.66867],[127.07999,37.66883]]}},{"type":"Feature","properties":{"class":"minor","highway":"residential","sidewalk":"unknown","lanes":0,"name":"","oneway":false},"geometry":{"type":"LineString","coordinates":[[127.07801,37.66328],[127.07829,37.66322],[127.07817,37.66281],[127.07788,37.66287]]}},{"type":"Feature","properties":{"class":"minor","highway":"residential","sidewalk":"unknown","lanes":0,"name":"","oneway":false},"geometry":{"type":"LineString","coordinates":[[127.07781,37.66229],[127.07805,37.66227],[127.0787,37.66228],[127.07896,37.66224],[127.079,37.66222],[127.07943,37.66219],[127.07946,37.66219]]}},{"type":"Feature","properties":{"class":"minor","highway":"residential","sidewalk":"unknown","lanes":0,"name":"덕릉로","oneway":false},"geometry":{"type":"LineString","coordinates":[[127.07562,37.66116],[127.07635,37.66114],[127.07669,37.66114]]}},{"type":"Feature","properties":{"class":"minor","highway":"residential","sidewalk":"unknown","lanes":0,"name":"덕릉로","oneway":false},"geometry":{"type":"LineString","coordinates":[[127.07635,37.66169],[127.07636,37.66156],[127.07635,37.66134],[127.07635,37.66114]]}},{"type":"Feature","properties":{"class":"minor","highway":"residential","sidewalk":"unknown","lanes":0,"name":"덕릉로","oneway":false},"geometry":{"type":"LineString","coordinates":[[127.07636,37.66156],[127.07643,37.66158],[127.07653,37.66162],[127.07666,37.66166]]}},{"type":"Feature","properties":{"class":"minor","highway":"residential","sidewalk":"unknown","lanes":0,"name":"덕릉로","oneway":false},"geometry":{"type":"LineString","coordinates":[[127.07635,37.66134],[127.07663,37.66134]]}},{"type":"Feature","properties":{"class":"minor","highway":"residential","sidewalk":"unknown","lanes":0,"name":"덕릉로86길","oneway":false},"geometry":{"type":"LineString","coordinates":[[127.07542,37.65997],[127.0757,37.65999],[127.07584,37.66001],[127.07626,37.66001],[127.07665,37.66002],[127.07691,37.65999]]}},{"type":"Feature","properties":{"class":"minor","highway":"residential","sidewalk":"unknown","lanes":0,"name":"상계로33길","oneway":false},"geometry":{"type":"LineString","coordinates":[[127.07854,37.67004],[127.07802,37.67022],[127.07796,37.67023],[127.0779,37.67022],[127.07783,37.6702],[127.07766,37.67012],[127.07757,37.67015],[127.07753,37.6702],[127.07743,37.67036],[127.07742,37.67062],[127.07741,37.67075],[127.07737,37.6709],[127.0772,37.67136],[127.07709,37.67151]]}},{"type":"Feature","properties":{"class":"minor","highway":"residential","sidewalk":"unknown","lanes":1,"name":"상계로31길","oneway":false},"geometry":{"type":"LineString","coordinates":[[127.07774,37.66907],[127.07765,37.66914],[127.07762,37.6692],[127.07753,37.6694],[127.07707,37.66988],[127.07705,37.66991],[127.07704,37.66994],[127.07688,37.67061],[127.07681,37.67069],[127.07632,37.67097]]}},{"type":"Feature","properties":{"class":"minor","highway":"residential","sidewalk":"unknown","lanes":0,"name":"상계로33길","oneway":false},"geometry":{"type":"LineString","coordinates":[[127.07673,37.67187],[127.07701,37.67162],[127.07709,37.67151]]}},{"type":"Feature","properties":{"class":"minor","highway":"residential","sidewalk":"unknown","lanes":0,"name":"상계로37라길","oneway":false},"geometry":{"type":"LineString","coordinates":[[127.07673,37.67187],[127.07687,37.67199],[127.07712,37.67195],[127.07726,37.67195],[127.07752,37.67207],[127.07783,37.6722],[127.07803,37.67231],[127.07825,37.67241],[127.07832,37.67243],[127.07853,37.67249],[127.07873,37.67254],[127.07879,37.67256],[127.07888,37.67259],[127.07904,37.67266],[127.07906,37.67266],[127.07938,37.6726],[127.0798,37.67247]]}},{"type":"Feature","properties":{"class":"minor","highway":"residential","sidewalk":"unknown","lanes":0,"name":"상계로37가길","oneway":false},"geometry":{"type":"LineString","coordinates":[[127.07965,37.67216],[127.07942,37.67155],[127.07933,37.67139],[127.07933,37.67125],[127.07932,37.67111],[127.07932,37.6709]]}},{"type":"Feature","properties":{"class":"minor","highway":"residential","sidewalk":"unknown","lanes":0,"name":"상계로35길","oneway":false},"geometry":{"type":"LineString","coordinates":[[127.07889,37.67043],[127.07819,37.67082]]}},{"type":"Feature","properties":{"class":"minor","highway":"residential","sidewalk":"unknown","lanes":0,"name":"상계로35길","oneway":false},"geometry":{"type":"LineString","coordinates":[[127.07819,37.67082],[127.07799,37.67091],[127.07792,37.67097],[127.07784,37.67111],[127.07783,37.67117],[127.07783,37.67123],[127.07784,37.6713],[127.07785,37.67134],[127.07789,37.67139],[127.07816,37.67173],[127.07834,37.67207],[127.07832,37.67243]]}},{"type":"Feature","properties":{"class":"minor","highway":"residential","sidewalk":"unknown","lanes":0,"name":"상계로35길","oneway":false},"geometry":{"type":"LineString","coordinates":[[127.0783,37.67311],[127.07845,37.67337],[127.07843,37.67362],[127.07836,37.67377],[127.07817,37.67388],[127.07805,37.67397],[127.07791,37.67401],[127.07779,37.67404],[127.07766,37.67411],[127.07726,37.67433]]}},{"type":"Feature","properties":{"class":"minor","highway":"residential","sidewalk":"unknown","lanes":0,"name":"상계로35길","oneway":false},"geometry":{"type":"LineString","coordinates":[[127.07836,37.67377],[127.07854,37.67371],[127.07879,37.67364],[127.07885,37.67368],[127.0789,37.67374]]}},{"type":"Feature","properties":{"class":"minor","highway":"residential","sidewalk":"unknown","lanes":0,"name":"상계로33길","oneway":false},"geometry":{"type":"LineString","coordinates":[[127.07789,37.67139],[127.07769,37.67143],[127.0774,37.67148],[127.07707,37.67167],[127.07701,37.67162]]}},{"type":"Feature","properties":{"class":"minor","highway":"residential","sidewalk":"unknown","lanes":0,"name":"상계로37가길","oneway":false},"geometry":{"type":"LineString","coordinates":[[127.0798,37.67247],[127.07995,37.67279],[127.0801,37.67275],[127.08025,37.67271]]}},{"type":"Feature","properties":{"class":"minor","highway":"residential","sidewalk":"unknown","lanes":0,"name":"상계로35가길","oneway":false},"geometry":{"type":"LineString","coordinates":[[127.07819,37.67082],[127.07835,37.67105],[127.07864,37.67148],[127.07887,37.67185],[127.07938,37.6726],[127.07959,37.67292],[127.07967,37.67302]]}},{"type":"Feature","properties":{"class":"minor","highway":"residential","sidewalk":"unknown","lanes":0,"name":"상계로37다길","oneway":false},"geometry":{"type":"LineString","coordinates":[[127.07967,37.67302],[127.07947,37.67311],[127.07953,37.67324],[127.07945,37.67333]]}},{"type":"Feature","properties":{"class":"minor","highway":"residential","sidewalk":"unknown","lanes":0,"name":"상계로37다길","oneway":false},"geometry":{"type":"LineString","coordinates":[[127.07945,37.67333],[127.07941,37.67337],[127.07938,37.67344],[127.07936,37.67353],[127.0793,37.67363],[127.07932,37.67375]]}},{"type":"Feature","properties":{"class":"minor","highway":"residential","sidewalk":"unknown","lanes":0,"name":"상계로37마길","oneway":false},"geometry":{"type":"LineString","coordinates":[[127.07879,37.67256],[127.07882,37.67268],[127.07882,37.6727],[127.07883,37.67278],[127.07884,37.67293],[127.07884,37.67295],[127.07885,37.67306],[127.07886,37.6731],[127.07891,37.6732],[127.07905,37.67336],[127.07907,37.67341],[127.0793,37.67363]]}},{"type":"Feature","properties":{"class":"minor","highway":"residential","sidewalk":"unknown","lanes":0,"name":"상계로35길","oneway":false},"geometry":{"type":"LineString","coordinates":[[127.07864,37.67148],[127.07816,37.67173]]}},{"type":"Feature","properties":{"class":"minor","highway":"residential","sidewalk":"unknown","lanes":0,"name":"상계로35가길","oneway":false},"geometry":{"type":"LineString","coordinates":[[127.07864,37.67148],[127.07932,37.67111]]}},{"type":"Feature","properties":{"class":"minor","highway":"residential","sidewalk":"unknown","lanes":0,"name":"상계로35나길","oneway":false},"geometry":{"type":"LineString","coordinates":[[127.07834,37.67207],[127.07887,37.67185],[127.07942,37.67155]]}},{"type":"Feature","properties":{"class":"minor","highway":"residential","sidewalk":"unknown","lanes":0,"name":"상계로37다길","oneway":false},"geometry":{"type":"LineString","coordinates":[[127.08067,37.67226],[127.08064,37.67234],[127.08064,37.67257],[127.08063,37.67259],[127.08062,37.67265],[127.08062,37.67269],[127.08059,37.67272],[127.08054,37.67275],[127.0805,37.67278],[127.08049,37.67281],[127.08032,37.67283],[127.07967,37.67302]]}},{"type":"Feature","properties":{"class":"minor","highway":"residential","sidewalk":"unknown","lanes":0,"name":"덕릉로123길","oneway":false},"geometry":{"type":"LineString","coordinates":[[127.0791,37.6701],[127.07927,37.67002],[127.07941,37.66996],[127.07954,37.6699],[127.07966,37.66984],[127.07968,37.66984],[127.07978,37.66977]]}},{"type":"Feature","properties":{"class":"minor","highway":"residential","sidewalk":"unknown","lanes":0,"name":"덕릉로123길","oneway":false},"geometry":{"type":"LineString","coordinates":[[127.07895,37.66991],[127.07913,37.66982],[127.07926,37.66976],[127.0794,37.6697],[127.07951,37.66964],[127.07961,37.66957]]}},{"type":"Feature","properties":{"class":"minor","highway":"residential","sidewalk":"unknown","lanes":0,"name":"덕릉로123길","oneway":false},"geometry":{"type":"LineString","coordinates":[[127.07954,37.6699],[127.0794,37.6697],[127.07924,37.66949],[127.07917,37.66939],[127.07895,37.66915]]}},{"type":"Feature","properties":{"class":"minor","highway":"residential","sidewalk":"unknown","lanes":0,"name":"덕릉로123길","oneway":false},"geometry":{"type":"LineString","coordinates":[[127.07878,37.66971],[127.07898,37.66962],[127.0791,37.66955],[127.07924,37.66949],[127.07936,37.66944]]}},{"type":"Feature","properties":{"class":"minor","highway":"residential","sidewalk":"unknown","lanes":0,"name":"덕릉로123길","oneway":false},"geometry":{"type":"LineString","coordinates":[[127.07968,37.66984],[127.07958,37.66973],[127.07951,37.66964],[127.07936,37.66944],[127.07929,37.66934]]}},{"type":"Feature","properties":{"class":"minor","highway":"residential","sidewalk":"unknown","lanes":0,"name":"덕릉로123길","oneway":false},"geometry":{"type":"LineString","coordinates":[[127.07903,37.66946],[127.07917,37.66939],[127.07929,37.66934],[127.07938,37.6693]]}},{"type":"Feature","properties":{"class":"minor","highway":"residential","sidewalk":"unknown","lanes":0,"name":"덕릉로123길","oneway":false},"geometry":{"type":"LineString","coordinates":[[127.07903,37.66946],[127.07889,37.66953]]}},{"type":"Feature","properties":{"class":"minor","highway":"residential","sidewalk":"unknown","lanes":0,"name":"덕릉로123길","oneway":false},"geometry":{"type":"LineString","coordinates":[[127.07927,37.67002],[127.07913,37.66982],[127.07898,37.66962]]}},{"type":"Feature","properties":{"class":"minor","highway":"residential","sidewalk":"unknown","lanes":0,"name":"덕릉로123길","oneway":false},"geometry":{"type":"LineString","coordinates":[[127.07922,37.67023],[127.07934,37.67015],[127.07949,37.67007]]}},{"type":"Feature","properties":{"class":"minor","highway":"residential","sidewalk":"unknown","lanes":0,"name":"덕릉로123길","oneway":false},"geometry":{"type":"LineString","coordinates":[[127.07939,37.67038],[127.0796,37.67012]]}},{"type":"Feature","properties":{"class":"alley","highway":"service","sidewalk":"unknown","lanes":0,"name":"","oneway":false},"geometry":{"type":"LineString","coordinates":[[127.06227,37.66609],[127.06213,37.66613],[127.06188,37.66616],[127.06197,37.66601],[127.062,37.66597],[127.06203,37.66594],[127.06203,37.66577],[127.06202,37.66572],[127.062,37.66566],[127.06196,37.6655],[127.062,37.66543],[127.06206,37.66545]]}},{"type":"Feature","properties":{"class":"alley","highway":"service","sidewalk":"unknown","lanes":0,"name":"","oneway":false},"geometry":{"type":"LineString","coordinates":[[127.06197,37.66601],[127.06217,37.66599]]}},{"type":"Feature","properties":{"class":"alley","highway":"service","sidewalk":"unknown","lanes":0,"name":"","oneway":false},"geometry":{"type":"LineString","coordinates":[[127.06196,37.6655],[127.0618,37.66551]]}},{"type":"Feature","properties":{"class":"alley","highway":"service","sidewalk":"unknown","lanes":0,"name":"","oneway":false},"geometry":{"type":"LineString","coordinates":[[127.06236,37.66617],[127.06227,37.66609],[127.06217,37.66599],[127.06212,37.66575],[127.06206,37.66545],[127.06284,37.66533],[127.06311,37.66529]]}},{"type":"Feature","properties":{"class":"alley","highway":"service","sidewalk":"unknown","lanes":0,"name":"","oneway":false},"geometry":{"type":"LineString","coordinates":[[127.05989,37.66106],[127.0599,37.66117],[127.05991,37.66132],[127.06022,37.66132],[127.06068,37.66133],[127.06122,37.66141],[127.06125,37.66141],[127.0616,37.66143],[127.06164,37.66143],[127.06177,37.66141],[127.06185,37.6614]]}},{"type":"Feature","properties":{"class":"minor","highway":"residential","sidewalk":"unknown","lanes":0,"name":"한글비석로31길","oneway":false},"geometry":{"type":"LineString","coordinates":[[127.06985,37.66104],[127.06924,37.66051],[127.06903,37.66033]]}},{"type":"Feature","properties":{"class":"minor","highway":"residential","sidewalk":"unknown","lanes":0,"name":"상계로23길","oneway":false},"geometry":{"type":"LineString","coordinates":[[127.06758,37.66069],[127.06736,37.66051],[127.06726,37.65995]]}},{"type":"Feature","properties":{"class":"minor","highway":"residential","sidewalk":"unknown","lanes":0,"name":"상계로23길","oneway":false},"geometry":{"type":"LineString","coordinates":[[127.06697,37.66016],[127.06724,37.66047],[127.06736,37.66051]]}},{"type":"Feature","properties":{"class":"minor","highway":"residential","sidewalk":"unknown","lanes":0,"name":"한글비석로31가길","oneway":false},"geometry":{"type":"LineString","coordinates":[[127.06758,37.66069],[127.06794,37.66124],[127.06812,37.6614]]}},{"type":"Feature","properties":{"class":"minor","highway":"residential","sidewalk":"unknown","lanes":0,"name":"","oneway":false},"geometry":{"type":"LineString","coordinates":[[127.06794,37.66124],[127.06784,37.66131]]}},{"type":"Feature","properties":{"class":"minor","highway":"residential","sidewalk":"unknown","lanes":0,"name":"한글비석로31길","oneway":false},"geometry":{"type":"LineString","coordinates":[[127.06985,37.66104],[127.07053,37.66161]]}},{"type":"Feature","properties":{"class":"minor","highway":"residential","sidewalk":"unknown","lanes":0,"name":"한글비석로39길","oneway":false},"geometry":{"type":"LineString","coordinates":[[127.06863,37.66203],[127.06906,37.66168]]}},{"type":"Feature","properties":{"class":"minor","highway":"residential","sidewalk":"unknown","lanes":0,"name":"한글비석로","oneway":false},"geometry":{"type":"LineString","coordinates":[[127.07137,37.66205],[127.07108,37.66184],[127.07063,37.66152]]}},{"type":"Feature","properties":{"class":"minor","highway":"residential","sidewalk":"unknown","lanes":0,"name":"한글비석로24가길","oneway":false},"geometry":{"type":"LineString","coordinates":[[127.07108,37.66184],[127.07134,37.66163],[127.07164,37.66183]]}},{"type":"Feature","properties":{"class":"minor","highway":"residential","sidewalk":"unknown","lanes":0,"name":"한글비석로24마길","oneway":false},"geometry":{"type":"LineString","coordinates":[[127.07099,37.66685],[127.07092,37.66647],[127.07075,37.66587],[127.07072,37.66571],[127.07073,37.6655],[127.07076,37.66535],[127.07079,37.66529],[127.07081,37.66525],[127.07086,37.66513],[127.07104,37.66494]]}},{"type":"Feature","properties":{"class":"minor","highway":"residential","sidewalk":"unknown","lanes":0,"name":"한글비석로24마길","oneway":false},"geometry":{"type":"LineString","coordinates":[[127.07092,37.66647],[127.07166,37.66592],[127.07197,37.66569]]}},{"type":"Feature","properties":{"class":"minor","highway":"residential","sidewalk":"unknown","lanes":0,"name":"수락산로8길","oneway":false},"geometry":{"type":"LineString","coordinates":[[127.07099,37.66685],[127.071,37.66689],[127.07109,37.66732],[127.07123,37.66749],[127.07141,37.66768],[127.07146,37.66791]]}},{"type":"Feature","properties":{"class":"minor","highway":"residential","sidewalk":"unknown","lanes":0,"name":"한글비석로22길","oneway":false},"geometry":{"type":"LineString","coordinates":[[127.07399,37.66107],[127.07428,37.66134],[127.0747,37.66172],[127.07523,37.66216],[127.07561,37.66243],[127.07575,37.66249],[127.07586,37.66253]]}},{"type":"Feature","properties":{"class":"minor","highway":"residential","sidewalk":"unknown","lanes":0,"name":"덕릉로94가길","oneway":false},"geometry":{"type":"LineString","coordinates":[[127.07874,37.66583],[127.07868,37.66532],[127.07868,37.66529],[127.0786,37.6649],[127.07854,37.66461],[127.07844,37.66443],[127.07838,37.66425],[127.07803,37.66332],[127.07801,37.66328],[127.07801,37.66326],[127.07788,37.66287],[127.07785,37.6628],[127.07772,37.66235]]}},{"type":"Feature","properties":{"class":"minor","highway":"residential","sidewalk":"unknown","lanes":0,"name":"덕릉로94길","oneway":false},"geometry":{"type":"LineString","coordinates":[[127.07884,37.66145],[127.0793,37.66153],[127.07965,37.66155]]}},{"type":"Feature","properties":{"class":"minor","highway":"residential","sidewalk":"unknown","lanes":0,"name":"덕릉로119길","oneway":false},"geometry":{"type":"LineString","coordinates":[[127.07872,37.66866],[127.07898,37.66863],[127.07912,37.66863]]}},{"type":"Feature","properties":{"class":"minor","highway":"residential","sidewalk":"unknown","lanes":0,"name":"덕릉로109다길","oneway":false},"geometry":{"type":"LineString","coordinates":[[127.07758,37.66827],[127.07772,37.66819],[127.07802,37.66829],[127.07825,37.66841],[127.07844,37.66851],[127.0786,37.66859],[127.07872,37.66866]]}},{"type":"Feature","properties":{"class":"minor","highway":"residential","sidewalk":"unknown","lanes":0,"name":"덕릉로95가길","oneway":false},"geometry":{"type":"LineString","coordinates":[[127.07703,37.6658],[127.07716,37.66575]]}},{"type":"Feature","properties":{"class":"major","highway":"secondary","sidewalk":"likely","lanes":0,"name":"상계로","oneway":false},"geometry":{"type":"LineString","coordinates":[[127.0757,37.66577],[127.07564,37.66489],[127.07559,37.66434],[127.07557,37.66399],[127.07555,37.66348]]}},{"type":"Feature","properties":{"class":"minor","highway":"residential","sidewalk":"unknown","lanes":0,"name":"수락산로","oneway":false},"geometry":{"type":"LineString","coordinates":[[127.07229,37.66466],[127.07247,37.66482],[127.07263,37.66495],[127.07283,37.66512],[127.07307,37.66533]]}},{"type":"Feature","properties":{"class":"minor","highway":"residential","sidewalk":"unknown","lanes":0,"name":"한글비석로24사길","oneway":false},"geometry":{"type":"LineString","coordinates":[[127.07247,37.66482],[127.07305,37.66437]]}},{"type":"Feature","properties":{"class":"minor","highway":"residential","sidewalk":"unknown","lanes":0,"name":"한글비석로24아길","oneway":false},"geometry":{"type":"LineString","coordinates":[[127.07263,37.66495],[127.07317,37.66457],[127.07331,37.66447]]}},{"type":"Feature","properties":{"class":"minor","highway":"residential","sidewalk":"unknown","lanes":0,"name":"한글비석로24자길","oneway":false},"geometry":{"type":"LineString","coordinates":[[127.07283,37.66512],[127.07337,37.66472],[127.07339,37.6647],[127.0735,37.66457]]}},{"type":"Feature","properties":{"class":"minor","highway":"residential","sidewalk":"unknown","lanes":0,"name":"","oneway":false},"geometry":{"type":"LineString","coordinates":[[127.07317,37.66457],[127.07337,37.66472]]}},{"type":"Feature","properties":{"class":"minor","highway":"residential","sidewalk":"unknown","lanes":0,"name":"상계로35나길","oneway":false},"geometry":{"type":"LineString","coordinates":[[127.07942,37.67155],[127.07968,37.67135],[127.07985,37.6712]]}},{"type":"Feature","properties":{"class":"minor","highway":"residential","sidewalk":"unknown","lanes":0,"name":"상계로37가길","oneway":false},"geometry":{"type":"LineString","coordinates":[[127.07932,37.67111],[127.07939,37.67112],[127.07956,37.6712]]}},{"type":"Feature","properties":{"class":"minor","highway":"residential","sidewalk":"unknown","lanes":0,"name":"상계로35길","oneway":false},"geometry":{"type":"LineString","coordinates":[[127.07827,37.673],[127.07884,37.67293]]}},{"type":"Feature","properties":{"class":"minor","highway":"residential","sidewalk":"unknown","lanes":0,"name":"상계로35길","oneway":false},"geometry":{"type":"LineString","coordinates":[[127.07827,37.673],[127.07818,37.67305],[127.07797,37.67308],[127.07781,37.67316],[127.0776,37.67336],[127.07756,37.6734],[127.07747,37.67345]]}},{"type":"Feature","properties":{"class":"minor","highway":"residential","sidewalk":"unknown","lanes":0,"name":"상계로37마길","oneway":false},"geometry":{"type":"LineString","coordinates":[[127.07854,37.67278],[127.07883,37.67278]]}},{"type":"Feature","properties":{"class":"minor","highway":"residential","sidewalk":"unknown","lanes":0,"name":"상계로37마길","oneway":false},"geometry":{"type":"LineString","coordinates":[[127.07866,37.67267],[127.07882,37.67268]]}},{"type":"Feature","properties":{"class":"minor","highway":"residential","sidewalk":"unknown","lanes":0,"name":"상계로37라길","oneway":false},"geometry":{"type":"LineString","coordinates":[[127.07885,37.67306],[127.07902,37.67303],[127.07904,37.67266]]}},{"type":"Feature","properties":{"class":"minor","highway":"residential","sidewalk":"unknown","lanes":0,"name":"상계로35가길","oneway":false},"geometry":{"type":"LineString","coordinates":[[127.07932,37.67375],[127.07911,37.67395],[127.07879,37.67422],[127.07858,37.67442]]}},{"type":"Feature","properties":{"class":"minor","highway":"residential","sidewalk":"unknown","lanes":0,"name":"덕릉로129길","oneway":false},"geometry":{"type":"LineString","coordinates":[[127.07911,37.67395],[127.07911,37.67403],[127.07905,37.67413],[127.07904,37.67419],[127.07906,37.67433],[127.07904,37.67451],[127.07906,37.67459],[127.07913,37.67481],[127.07914,37.6749],[127.07912,37.67494],[127.0791,37.67496],[127.07909,37.67499],[127.0791,37.67501],[127.07918,37.67501],[127.07924,37.67497],[127.07935,37.67483],[127.07952,37.67482],[127.07961,37.67478],[127.07968,37.67472],[127.07978,37.67458],[127.07991,37.6745]]}},{"type":"Feature","properties":{"class":"minor","highway":"residential","sidewalk":"unknown","lanes":0,"name":"상계로35가길","oneway":false},"geometry":{"type":"LineString","coordinates":[[127.07988,37.6739],[127.07978,37.67379],[127.07979,37.67366],[127.0799,37.67342],[127.07987,37.67328],[127.07967,37.67302]]}},{"type":"Feature","properties":{"class":"minor","highway":"residential","sidewalk":"unknown","lanes":0,"name":"상계로37길","oneway":false},"geometry":{"type":"LineString","coordinates":[[127.07965,37.67216],[127.08011,37.672],[127.08012,37.67176],[127.08011,37.67147],[127.07997,37.6713],[127.07985,37.6712],[127.07975,37.67114],[127.07959,37.67106],[127.0795,37.67101],[127.07932,37.6709],[127.07921,37.67081],[127.07901,37.67065],[127.0789,37.67054],[127.07889,37.67052],[127.07888,37.67049],[127.07887,37.67047],[127.07887,37.67045],[127.07889,37.67043]]}},{"type":"Feature","properties":{"class":"minor","highway":"residential","sidewalk":"unknown","lanes":0,"name":"상계로37가길","oneway":false},"geometry":{"type":"LineString","coordinates":[[127.0798,37.67247],[127.07965,37.67216]]}},{"type":"Feature","properties":{"class":"minor","highway":"residential","sidewalk":"unknown","lanes":0,"name":"상계로33길","oneway":false},"geometry":{"type":"LineString","coordinates":[[127.07673,37.67187],[127.07648,37.67198],[127.07631,37.67228],[127.07623,37.67246],[127.07608,37.67255],[127.07597,37.6726],[127.07585,37.67269],[127.07579,37.67289]]}},{"type":"Feature","properties":{"class":"major","highway":"tertiary","sidewalk":"likely","lanes":0,"name":"상계로","oneway":false},"geometry":{"type":"LineString","coordinates":[[127.07352,37.663],[127.07403,37.66202],[127.0742,37.6617]]}},{"type":"Feature","properties":{"class":"minor","highway":"residential","sidewalk":"unknown","lanes":0,"name":"수락산로","oneway":false},"geometry":{"type":"LineString","coordinates":[[127.07178,37.66507],[127.07193,37.6652],[127.07234,37.66553],[127.0726,37.66542],[127.07278,37.66555]]}},{"type":"Feature","properties":{"class":"minor","highway":"residential","sidewalk":"unknown","lanes":0,"name":"","oneway":false},"geometry":{"type":"LineString","coordinates":[[127.07193,37.6652],[127.07221,37.66499]]}},{"type":"Feature","properties":{"class":"minor","highway":"residential","sidewalk":"unknown","lanes":0,"name":"한글비석로39길","oneway":false},"geometry":{"type":"LineString","coordinates":[[127.06906,37.66168],[127.0696,37.66207],[127.06981,37.66222]]}},{"type":"Feature","properties":{"class":"minor","highway":"residential","sidewalk":"unknown","lanes":0,"name":"한글비석로37길","oneway":false},"geometry":{"type":"LineString","coordinates":[[127.06919,37.66157],[127.06974,37.66196],[127.06994,37.6621]]}},{"type":"Feature","properties":{"class":"minor","highway":"residential","sidewalk":"unknown","lanes":0,"name":"","oneway":false},"geometry":{"type":"LineString","coordinates":[[127.0696,37.66207],[127.06974,37.66196]]}},{"type":"Feature","properties":{"class":"minor","highway":"residential","sidewalk":"unknown","lanes":0,"name":"한글비석로39길","oneway":false},"geometry":{"type":"LineString","coordinates":[[127.06836,37.6612],[127.06859,37.66135],[127.06868,37.66142],[127.06879,37.6615],[127.06906,37.66168]]}},{"type":"Feature","properties":{"class":"minor","highway":"residential","sidewalk":"unknown","lanes":0,"name":"한글비석로35길","oneway":false},"geometry":{"type":"LineString","coordinates":[[127.06879,37.66086],[127.06947,37.66135]]}},{"type":"Feature","properties":{"class":"minor","highway":"residential","sidewalk":"unknown","lanes":0,"name":"한글비석로33길","oneway":false},"geometry":{"type":"LineString","coordinates":[[127.06898,37.66071],[127.06964,37.6612]]}},{"type":"Feature","properties":{"class":"minor","highway":"residential","sidewalk":"unknown","lanes":0,"name":"한글비석로35길","oneway":false},"geometry":{"type":"LineString","coordinates":[[127.06947,37.66135],[127.07018,37.6619]]}},{"type":"Feature","properties":{"class":"minor","highway":"residential","sidewalk":"unknown","lanes":0,"name":"한글비석로33길","oneway":false},"geometry":{"type":"LineString","coordinates":[[127.06964,37.6612],[127.07036,37.66175]]}},{"type":"Feature","properties":{"class":"minor","highway":"residential","sidewalk":"unknown","lanes":0,"name":"한글비석로29길","oneway":false},"geometry":{"type":"LineString","coordinates":[[127.07004,37.66089],[127.07075,37.66143]]}},{"type":"Feature","properties":{"class":"minor","highway":"residential","sidewalk":"unknown","lanes":0,"name":"한글비석로27길","oneway":false},"geometry":{"type":"LineString","coordinates":[[127.07022,37.66075],[127.07049,37.66091],[127.07055,37.66098],[127.07066,37.66107],[127.07093,37.66127]]}},{"type":"Feature","properties":{"class":"minor","highway":"residential","sidewalk":"unknown","lanes":0,"name":"한글비석로25길","oneway":false},"geometry":{"type":"LineString","coordinates":[[127.07041,37.66059],[127.07109,37.66114]]}},{"type":"Feature","properties":{"class":"minor","highway":"residential","sidewalk":"unknown","lanes":0,"name":"한글비석로","oneway":false},"geometry":{"type":"LineString","coordinates":[[127.07061,37.66044],[127.07111,37.66081],[127.07131,37.66096]]}},{"type":"Feature","properties":{"class":"minor","highway":"residential","sidewalk":"unknown","lanes":0,"name":"","oneway":false},"geometry":{"type":"LineString","coordinates":[[127.07111,37.66081],[127.07114,37.66069],[127.07099,37.66046]]}},{"type":"Feature","properties":{"class":"minor","highway":"residential","sidewalk":"unknown","lanes":0,"name":"한글비석로29길","oneway":false},"geometry":{"type":"LineString","coordinates":[[127.07004,37.66089],[127.0692,37.6602]]}},{"type":"Feature","properties":{"class":"minor","highway":"residential","sidewalk":"unknown","lanes":0,"name":"한글비석로27길","oneway":false},"geometry":{"type":"LineString","coordinates":[[127.07022,37.66075],[127.0694,37.66004]]}},{"type":"Feature","properties":{"class":"minor","highway":"residential","sidewalk":"unknown","lanes":0,"name":"한글비석로25길","oneway":false},"geometry":{"type":"LineString","coordinates":[[127.07041,37.66059],[127.07019,37.66041],[127.06958,37.6599]]}},{"type":"Feature","properties":{"class":"minor","highway":"residential","sidewalk":"unknown","lanes":0,"name":"","oneway":false},"geometry":{"type":"LineString","coordinates":[[127.07019,37.66041],[127.07036,37.66031],[127.07067,37.66029]]}},{"type":"Feature","properties":{"class":"minor","highway":"residential","sidewalk":"unknown","lanes":0,"name":"","oneway":false},"geometry":{"type":"LineString","coordinates":[[127.07036,37.66031],[127.07032,37.66023],[127.07064,37.6602]]}},{"type":"Feature","properties":{"class":"minor","highway":"residential","sidewalk":"unknown","lanes":0,"name":"한글비석로20길","oneway":false},"geometry":{"type":"LineString","coordinates":[[127.07427,37.661],[127.07417,37.66074],[127.0739,37.66024],[127.07389,37.66022],[127.07371,37.6599],[127.07343,37.65941],[127.07338,37.65933],[127.07335,37.65927],[127.07328,37.65915]]}},{"type":"Feature","properties":{"class":"minor","highway":"residential","sidewalk":"unknown","lanes":0,"name":"한글비석로24나길","oneway":false},"geometry":{"type":"LineString","coordinates":[[127.07022,37.66356],[127.07028,37.66382],[127.07047,37.66395]]}},{"type":"Feature","properties":{"class":"minor","highway":"residential","sidewalk":"unknown","lanes":0,"name":"상계로35길","oneway":false},"geometry":{"type":"LineString","coordinates":[[127.07825,37.67241],[127.07823,37.67247],[127.07827,37.673],[127.07828,37.67306],[127.0783,37.67311]]}},{"type":"Feature","properties":{"class":"minor","highway":"residential","sidewalk":"unknown","lanes":0,"name":"상계로23나길","oneway":false},"geometry":{"type":"LineString","coordinates":[[127.07087,37.65996],[127.07099,37.66046]]}},{"type":"Feature","properties":{"class":"minor","highway":"residential","sidewalk":"unknown","lanes":0,"name":"한글비석로20길","oneway":true},"geometry":{"type":"LineString","coordinates":[[127.07344,37.66049],[127.07389,37.66022]]}},{"type":"Feature","properties":{"class":"minor","highway":"residential","sidewalk":"unknown","lanes":0,"name":"덕릉로83길","oneway":true},"geometry":{"type":"LineString","coordinates":[[127.07389,37.66022],[127.07426,37.6601],[127.07463,37.65997],[127.07484,37.6599],[127.07537,37.6597]]}},{"type":"Feature","properties":{"class":"minor","highway":"residential","sidewalk":"unknown","lanes":0,"name":"","oneway":true},"geometry":{"type":"LineString","coordinates":[[127.07318,37.66022],[127.07343,37.66008]]}},{"type":"Feature","properties":{"class":"minor","highway":"residential","sidewalk":"unknown","lanes":0,"name":"한글비석로20길","oneway":false},"geometry":{"type":"LineString","coordinates":[[127.07427,37.661],[127.07489,37.6616],[127.07525,37.66187],[127.07573,37.66182]]}},{"type":"Feature","properties":{"class":"minor","highway":"residential","sidewalk":"unknown","lanes":0,"name":"덕릉로83길","oneway":false},"geometry":{"type":"LineString","coordinates":[[127.07397,37.65951],[127.07426,37.6601]]}},{"type":"Feature","properties":{"class":"minor","highway":"residential","sidewalk":"unknown","lanes":0,"name":"","oneway":true},"geometry":{"type":"LineString","coordinates":[[127.07281,37.66026],[127.07299,37.66015]]}},{"type":"Feature","properties":{"class":"minor","highway":"residential","sidewalk":"unknown","lanes":0,"name":"덕릉로90길","oneway":true},"geometry":{"type":"LineString","coordinates":[[127.07552,37.66063],[127.07581,37.66058],[127.07607,37.66054],[127.07621,37.66036],[127.07626,37.66001]]}},{"type":"Feature","properties":{"class":"alley","highway":"service","sidewalk":"unknown","lanes":0,"name":"","oneway":false},"geometry":{"type":"LineString","coordinates":[[127.06236,37.66617],[127.06242,37.66643]]}},{"type":"Feature","properties":{"class":"alley","highway":"service","sidewalk":"unknown","lanes":0,"name":"","oneway":false},"geometry":{"type":"LineString","coordinates":[[127.06107,37.66602],[127.06164,37.66611],[127.06188,37.66616],[127.06182,37.66632],[127.06186,37.66653],[127.06194,37.66695],[127.06195,37.66702]]}},{"type":"Feature","properties":{"class":"alley","highway":"service","sidewalk":"unknown","lanes":0,"name":"","oneway":false},"geometry":{"type":"LineString","coordinates":[[127.0633,37.66602],[127.0635,37.66608],[127.06355,37.66639],[127.0635,37.66642],[127.06337,37.66651],[127.06289,37.66657],[127.06242,37.66643],[127.06186,37.66653]]}},{"type":"Feature","properties":{"class":"alley","highway":"pedestrian","sidewalk":"unknown","lanes":0,"name":"","oneway":false},"geometry":{"type":"LineString","coordinates":[[127.06491,37.66545],[127.0649,37.66533],[127.06487,37.66522]]}},{"type":"Feature","properties":{"class":"alley","highway":"service","sidewalk":"unknown","lanes":0,"name":"","oneway":false},"geometry":{"type":"LineString","coordinates":[[127.06414,37.66726],[127.06412,37.66715],[127.06406,37.66688],[127.06404,37.66679],[127.06402,37.66671],[127.06395,37.66641],[127.06393,37.66631],[127.06391,37.66621],[127.06386,37.66593],[127.06384,37.66583],[127.06382,37.66572],[127.06376,37.66544],[127.06374,37.66534],[127.06393,37.66534],[127.06439,37.66528],[127.06468,37.66524],[127.06477,37.6652],[127.06492,37.66513]]}},{"type":"Feature","properties":{"class":"alley","highway":"service","sidewalk":"unknown","lanes":0,"name":"","oneway":false},"geometry":{"type":"LineString","coordinates":[[127.06513,37.66711],[127.06507,37.6671],[127.06474,37.66714],[127.06425,37.66721],[127.06414,37.66726]]}},{"type":"Feature","properties":{"class":"alley","highway":"service","sidewalk":"unknown","lanes":0,"name":"","oneway":false},"geometry":{"type":"LineString","coordinates":[[127.06492,37.66513],[127.06545,37.66506],[127.06603,37.66498],[127.06604,37.66505],[127.06609,37.66531],[127.0661,37.66541],[127.06612,37.66551],[127.06617,37.66579],[127.06619,37.6659],[127.0662,37.666],[127.06625,37.66627],[127.06627,37.66638],[127.06629,37.66649],[127.06634,37.66677],[127.06635,37.66684],[127.06577,37.66692],[127.06536,37.66697],[127.06525,37.66704],[127.06513,37.66711],[127.06507,37.66716],[127.06472,37.6672],[127.06427,37.66727],[127.06414,37.66726]]}},{"type":"Feature","properties":{"class":"alley","highway":"service","sidewalk":"unknown","lanes":0,"name":"","oneway":false},"geometry":{"type":"LineString","coordinates":[[127.06435,37.66765],[127.06502,37.66757],[127.06524,37.66754]]}},{"type":"Feature","properties":{"class":"alley","highway":"service","sidewalk":"unknown","lanes":0,"name":"","oneway":false},"geometry":{"type":"LineString","coordinates":[[127.0661,37.66541],[127.06597,37.66545],[127.06554,37.6655],[127.06509,37.66556],[127.06508,37.66549],[127.06554,37.66544],[127.06596,37.66538],[127.0661,37.66541]]}},{"type":"Feature","properties":{"class":"alley","highway":"service","sidewalk":"unknown","lanes":0,"name":"","oneway":false},"geometry":{"type":"LineString","coordinates":[[127.06619,37.6659],[127.066,37.66595],[127.06563,37.666],[127.06509,37.66607],[127.06508,37.666],[127.06561,37.66593],[127.06601,37.66588],[127.06619,37.6659]]}},{"type":"Feature","properties":{"class":"alley","highway":"service","sidewalk":"unknown","lanes":0,"name":"","oneway":false},"geometry":{"type":"LineString","coordinates":[[127.06627,37.66638],[127.06607,37.66643],[127.06568,37.66648],[127.06525,37.66654],[127.06524,37.66647],[127.06568,37.66641],[127.06607,37.66636],[127.06627,37.66638]]}},{"type":"Feature","properties":{"class":"alley","highway":"service","sidewalk":"unknown","lanes":0,"name":"","oneway":false},"geometry":{"type":"LineString","coordinates":[[127.06404,37.66679],[127.06415,37.6668],[127.06467,37.66672],[127.06474,37.66671],[127.06473,37.66666],[127.06467,37.66667],[127.06416,37.66674],[127.06404,37.66679]]}},{"type":"Feature","properties":{"class":"alley","highway":"service","sidewalk":"unknown","lanes":0,"name":"","oneway":false},"geometry":{"type":"LineString","coordinates":[[127.06393,37.66631],[127.0641,37.66631],[127.06458,37.66624],[127.06487,37.6662],[127.06486,37.66613],[127.06458,37.66617],[127.06408,37.66624],[127.06393,37.66631]]}},{"type":"Feature","properties":{"class":"alley","highway":"service","sidewalk":"unknown","lanes":0,"name":"","oneway":false},"geometry":{"type":"LineString","coordinates":[[127.06384,37.66583],[127.064,37.66583],[127.06441,37.66577],[127.0645,37.66576],[127.06464,37.66574],[127.06463,37.66567],[127.06449,37.66569],[127.06398,37.66576],[127.06384,37.66583]]}},{"type":"Feature","properties":{"class":"alley","highway":"service","sidewalk":"unknown","lanes":0,"name":"","oneway":false},"geometry":{"type":"LineString","coordinates":[[127.06603,37.66498],[127.06602,37.66488]]}},{"type":"Feature","properties":{"class":"alley","highway":"service","sidewalk":"unknown","lanes":0,"name":"","oneway":false},"geometry":{"type":"LineString","coordinates":[[127.06604,37.66505],[127.06628,37.66501]]}},{"type":"Feature","properties":{"class":"alley","highway":"service","sidewalk":"unknown","lanes":0,"name":"","oneway":false},"geometry":{"type":"LineString","coordinates":[[127.06414,37.66726],[127.06419,37.66739],[127.06422,37.66745],[127.06435,37.66765]]}},{"type":"Feature","properties":{"class":"alley","highway":"service","sidewalk":"unknown","lanes":0,"name":"","oneway":false},"geometry":{"type":"LineString","coordinates":[[127.06492,37.66513],[127.06469,37.66517],[127.06437,37.66521],[127.06392,37.66527],[127.06374,37.66534],[127.06372,37.66525],[127.06366,37.66498]]}},{"type":"Feature","properties":{"class":"alley","highway":"service","sidewalk":"unknown","lanes":0,"name":"","oneway":false},"geometry":{"type":"LineString","coordinates":[[127.06236,37.66617],[127.06271,37.66611],[127.0633,37.66602],[127.06363,37.66598]]}},{"type":"Feature","properties":{"class":"alley","highway":"service","sidewalk":"unknown","lanes":0,"name":"","oneway":false},"geometry":{"type":"LineString","coordinates":[[127.06203,37.66577],[127.06212,37.66575]]}},{"type":"Feature","properties":{"class":"alley","highway":"service","sidewalk":"unknown","lanes":0,"name":"","oneway":false},"geometry":{"type":"LineString","coordinates":[[127.06164,37.66297],[127.06156,37.66296],[127.06088,37.66286],[127.06025,37.66278],[127.0601,37.66258],[127.06001,37.6625],[127.05987,37.66249],[127.05989,37.66236]]}},{"type":"Feature","properties":{"class":"alley","highway":"service","sidewalk":"unknown","lanes":0,"name":"","oneway":false},"geometry":{"type":"LineString","coordinates":[[127.06001,37.6625],[127.06002,37.6624]]}},{"type":"Feature","properties":{"class":"alley","highway":"service","sidewalk":"unknown","lanes":0,"name":"","oneway":false},"geometry":{"type":"LineString","coordinates":[[127.06136,37.6641],[127.06125,37.66408],[127.06116,37.66407],[127.0609,37.66408],[127.06043,37.66401],[127.05974,37.66391],[127.0598,37.66373],[127.05983,37.66373],[127.06027,37.6638],[127.06048,37.66383],[127.06095,37.66391],[127.06116,37.66407]]}},{"type":"Feature","properties":{"class":"alley","highway":"service","sidewalk":"unknown","lanes":0,"name":"","oneway":false},"geometry":{"type":"LineString","coordinates":[[127.06053,37.66182],[127.06042,37.6618]]}},{"type":"Feature","properties":{"class":"alley","highway":"service","sidewalk":"unknown","lanes":0,"name":"","oneway":false},"geometry":{"type":"LineString","coordinates":[[127.06124,37.66456],[127.06111,37.66453],[127.06083,37.66448],[127.06069,37.66454],[127.06033,37.66449],[127.05961,37.66438],[127.05964,37.66423],[127.06037,37.66432],[127.06072,37.66437],[127.06083,37.66448]]}},{"type":"Feature","properties":{"class":"minor","highway":"residential","sidewalk":"unknown","lanes":1,"name":"한글비석로24바길","oneway":false},"geometry":{"type":"LineString","coordinates":[[127.0701,37.66637],[127.07009,37.66635],[127.06998,37.66623],[127.06988,37.66613],[127.06984,37.66609],[127.06988,37.66606],[127.06991,37.66605],[127.06997,37.66603],[127.07002,37.666],[127.07007,37.666]]}},{"type":"Feature","properties":{"class":"minor","highway":"residential","sidewalk":"unknown","lanes":0,"name":"","oneway":false},"geometry":{"type":"LineString","coordinates":[[127.06344,37.6648],[127.06312,37.663],[127.06312,37.66292],[127.06308,37.66287],[127.06302,37.66285],[127.06175,37.663],[127.06163,37.663]]}},{"type":"Feature","properties":{"class":"alley","highway":"service","sidewalk":"unknown","lanes":0,"name":"","oneway":false},"geometry":{"type":"LineString","coordinates":[[127.05853,37.66554],[127.05897,37.66561],[127.06009,37.66579],[127.06026,37.66581],[127.06036,37.66583]]}},{"type":"Feature","properties":{"class":"alley","highway":"service","sidewalk":"unknown","lanes":0,"name":"","oneway":false},"geometry":{"type":"LineString","coordinates":[[127.05858,37.66511],[127.05907,37.66519],[127.06044,37.66542]]}},{"type":"Feature","properties":{"class":"alley","highway":"service","sidewalk":"unknown","lanes":0,"name":"","oneway":false},"geometry":{"type":"LineString","coordinates":[[127.06157,37.66113],[127.06164,37.66143]]}},{"type":"Feature","properties":{"class":"minor","highway":"residential","sidewalk":"unknown","lanes":0,"name":"한글비석로47길","oneway":false},"geometry":{"type":"LineString","coordinates":[[127.06651,37.66051],[127.06623,37.66019],[127.06593,37.66001],[127.06559,37.65973]]}},{"type":"Feature","properties":{"class":"minor","highway":"residential","sidewalk":"unknown","lanes":0,"name":"노원로34길","oneway":false},"geometry":{"type":"LineString","coordinates":[[127.06564,37.66119],[127.06605,37.66113]]}},{"type":"Feature","properties":{"class":"minor","highway":"residential","sidewalk":"unknown","lanes":0,"name":"한글비석로47길","oneway":false},"geometry":{"type":"LineString","coordinates":[[127.06633,37.66147],[127.06627,37.66129],[127.06605,37.66113]]}},{"type":"Feature","properties":{"class":"alley","highway":"service","sidewalk":"unknown","lanes":0,"name":"","oneway":false},"geometry":{"type":"LineString","coordinates":[[127.06346,37.66378],[127.06441,37.66367]]}},{"type":"Feature","properties":{"class":"alley","highway":"service","sidewalk":"unknown","lanes":0,"name":"","oneway":false},"geometry":{"type":"LineString","coordinates":[[127.06338,37.66332],[127.06431,37.66319]]}},{"type":"Feature","properties":{"class":"alley","highway":"service","sidewalk":"unknown","lanes":0,"name":"","oneway":false},"geometry":{"type":"LineString","coordinates":[[127.0633,37.66285],[127.06416,37.66274]]}},{"type":"Feature","properties":{"class":"alley","highway":"service","sidewalk":"unknown","lanes":0,"name":"","oneway":false},"geometry":{"type":"LineString","coordinates":[[127.06323,37.6624],[127.06419,37.66226]]}},{"type":"Feature","properties":{"class":"alley","highway":"service","sidewalk":"unknown","lanes":0,"name":"","oneway":false},"geometry":{"type":"LineString","coordinates":[[127.06558,37.66221],[127.06478,37.6623]]}},{"type":"Feature","properties":{"class":"alley","highway":"service","sidewalk":"unknown","lanes":0,"name":"","oneway":false},"geometry":{"type":"LineString","coordinates":[[127.06566,37.66269],[127.06468,37.6628]]}},{"type":"Feature","properties":{"class":"alley","highway":"service","sidewalk":"unknown","lanes":0,"name":"","oneway":false},"geometry":{"type":"LineString","coordinates":[[127.06575,37.66318],[127.06489,37.66327]]}},{"type":"Feature","properties":{"class":"alley","highway":"service","sidewalk":"unknown","lanes":0,"name":"","oneway":false},"geometry":{"type":"LineString","coordinates":[[127.06551,37.66185],[127.06575,37.66182]]}},{"type":"Feature","properties":{"class":"minor","highway":"residential","sidewalk":"unknown","lanes":0,"name":"한글비석로49길","oneway":false},"geometry":{"type":"LineString","coordinates":[[127.06669,37.66432],[127.06647,37.6629]]}},{"type":"Feature","properties":{"class":"minor","highway":"residential","sidewalk":"unknown","lanes":0,"name":"한글비석로","oneway":false},"geometry":{"type":"LineString","coordinates":[[127.06689,37.66425],[127.06687,37.66403],[127.06691,37.66399],[127.06694,37.66385],[127.06704,37.6638]]}},{"type":"Feature","properties":{"class":"minor","highway":"residential","sidewalk":"unknown","lanes":0,"name":"한글비석로49길","oneway":false},"geometry":{"type":"LineString","coordinates":[[127.06647,37.6629],[127.06628,37.66148]]}},{"type":"Feature","properties":{"class":"minor","highway":"residential","sidewalk":"unknown","lanes":0,"name":"한글비석로47길","oneway":false},"geometry":{"type":"LineString","coordinates":[[127.06675,37.66204],[127.0664,37.66146]]}},{"type":"Feature","properties":{"class":"minor","highway":"residential","sidewalk":"unknown","lanes":0,"name":"한글비석로47길","oneway":false},"geometry":{"type":"LineString","coordinates":[[127.06665,37.66143],[127.0664,37.66146],[127.06633,37.66147],[127.06628,37.66148]]}},{"type":"Feature","properties":{"class":"alley","highway":"service","sidewalk":"unknown","lanes":0,"name":"","oneway":false},"geometry":{"type":"LineString","coordinates":[[127.06706,37.66569],[127.06713,37.66588],[127.06726,37.66592],[127.06767,37.66588],[127.06769,37.66602],[127.0677,37.66608],[127.06794,37.66605],[127.06786,37.66564],[127.0677,37.66561]]}},{"type":"Feature","properties":{"class":"alley","highway":"service","sidewalk":"unknown","lanes":0,"name":"","oneway":false},"geometry":{"type":"LineString","coordinates":[[127.06713,37.66588],[127.06703,37.66599],[127.06715,37.66629],[127.06711,37.66633],[127.06716,37.66657],[127.06729,37.66658],[127.0673,37.66663],[127.06739,37.66689],[127.06806,37.66681],[127.06805,37.66674],[127.06794,37.66605]]}},{"type":"Feature","properties":{"class":"minor","highway":"residential","sidewalk":"unknown","lanes":0,"name":"한글비석로50길","oneway":false},"geometry":{"type":"LineString","coordinates":[[127.06689,37.66561],[127.06669,37.66432]]}},{"type":"Feature","properties":{"class":"minor","highway":"residential","sidewalk":"unknown","lanes":1,"name":"한글비석로24라길","oneway":false},"geometry":{"type":"LineString","coordinates":[[127.06994,37.66653],[127.06993,37.66652],[127.06983,37.66637],[127.06973,37.66621],[127.06959,37.66604],[127.06944,37.66592],[127.0694,37.66589],[127.0694,37.66589]]}},{"type":"Feature","properties":{"class":"alley","highway":"service","sidewalk":"unknown","lanes":0,"name":"","oneway":false},"geometry":{"type":"LineString","coordinates":[[127.06144,37.66018],[127.0608,37.66006],[127.06029,37.65997],[127.05981,37.65988],[127.05942,37.65981]]}},{"type":"Feature","properties":{"class":"alley","highway":"service","sidewalk":"unknown","lanes":0,"name":"","oneway":false},"geometry":{"type":"LineString","coordinates":[[127.06072,37.66036],[127.06073,37.66031],[127.0608,37.66006]]}},{"type":"Feature","properties":{"class":"alley","highway":"service","sidewalk":"unknown","lanes":0,"name":"","oneway":false},"geometry":{"type":"LineString","coordinates":[[127.06073,37.66031],[127.06036,37.66025],[127.06016,37.66022],[127.06012,37.66023],[127.05969,37.66034],[127.05964,37.66054]]}},{"type":"Feature","properties":{"class":"alley","highway":"service","sidewalk":"unknown","lanes":0,"name":"","oneway":false},"geometry":{"type":"LineString","coordinates":[[127.06007,37.66043],[127.06012,37.66023]]}},{"type":"Feature","properties":{"class":"alley","highway":"service","sidewalk":"unknown","lanes":0,"name":"","oneway":false},"geometry":{"type":"LineString","coordinates":[[127.06031,37.66046],[127.06036,37.66025]]}},{"type":"Feature","properties":{"class":"alley","highway":"service","sidewalk":"unknown","lanes":0,"name":"","oneway":false},"geometry":{"type":"LineString","coordinates":[[127.06072,37.66036],[127.06093,37.66054],[127.06092,37.66073],[127.06054,37.66072]]}},{"type":"Feature","properties":{"class":"alley","highway":"service","sidewalk":"unknown","lanes":0,"name":"","oneway":false},"geometry":{"type":"LineString","coordinates":[[127.06054,37.66072],[127.05997,37.66082]]}},{"type":"Feature","properties":{"class":"alley","highway":"service","sidewalk":"unknown","lanes":0,"name":"","oneway":false},"geometry":{"type":"LineString","coordinates":[[127.06142,37.66013],[127.06164,37.66007],[127.06163,37.66005],[127.06156,37.65983],[127.0625,37.65974],[127.06263,37.65977],[127.06336,37.66004]]}},{"type":"Feature","properties":{"class":"alley","highway":"service","sidewalk":"unknown","lanes":0,"name":"","oneway":false},"geometry":{"type":"LineString","coordinates":[[127.06163,37.66005],[127.06202,37.66016],[127.06214,37.66013],[127.06239,37.66007],[127.06262,37.66001],[127.06265,37.66016]]}},{"type":"Feature","properties":{"class":"alley","highway":"service","sidewalk":"unknown","lanes":0,"name":"","oneway":false},"geometry":{"type":"LineString","coordinates":[[127.06244,37.66022],[127.06239,37.66007]]}},{"type":"Feature","properties":{"class":"alley","highway":"service","sidewalk":"unknown","lanes":0,"name":"","oneway":false},"geometry":{"type":"LineString","coordinates":[[127.0622,37.66029],[127.06214,37.66013]]}},{"type":"Feature","properties":{"class":"minor","highway":"residential","sidewalk":"unknown","lanes":0,"name":"동일로242바길","oneway":false},"geometry":{"type":"LineString","coordinates":[[127.06108,37.67395],[127.06126,37.67385],[127.06143,37.67361],[127.06172,37.67343],[127.06192,37.67335],[127.06209,37.67326],[127.06222,37.67312],[127.06226,37.67307]]}},{"type":"Feature","properties":{"class":"minor","highway":"residential","sidewalk":"unknown","lanes":0,"name":"","oneway":false},"geometry":{"type":"LineString","coordinates":[[127.06126,37.67385],[127.06162,37.67385],[127.06177,37.67378]]}},{"type":"Feature","properties":{"class":"minor","highway":"residential","sidewalk":"unknown","lanes":0,"name":"동일로242바길","oneway":false},"geometry":{"type":"LineString","coordinates":[[127.06192,37.67335],[127.06187,37.67328],[127.06178,37.67322],[127.06169,37.67315],[127.0616,37.67307],[127.06154,37.67303],[127.06145,37.67302],[127.06138,37.67303],[127.06135,37.67307],[127.06132,37.67326]]}},{"type":"Feature","properties":{"class":"minor","highway":"residential","sidewalk":"unknown","lanes":0,"name":"","oneway":false},"geometry":{"type":"LineString","coordinates":[[127.06126,37.67385],[127.06097,37.67355],[127.06074,37.67331],[127.06059,37.67314],[127.06067,37.67309]]}},{"type":"Feature","properties":{"class":"minor","highway":"residential","sidewalk":"unknown","lanes":0,"name":"","oneway":false},"geometry":{"type":"LineString","coordinates":[[127.06074,37.67331],[127.06084,37.67323]]}},{"type":"Feature","properties":{"class":"minor","highway":"residential","sidewalk":"unknown","lanes":0,"name":"","oneway":false},"geometry":{"type":"LineString","coordinates":[[127.06097,37.67355],[127.06116,37.67343]]}},{"type":"Feature","properties":{"class":"alley","highway":"service","sidewalk":"unknown","lanes":0,"name":"","oneway":false},"geometry":{"type":"LineString","coordinates":[[127.06047,37.66796],[127.0607,37.66815],[127.06075,37.66837],[127.06081,37.66863]]}},{"type":"Feature","properties":{"class":"alley","highway":"service","sidewalk":"unknown","lanes":0,"name":"","oneway":false},"geometry":{"type":"LineString","coordinates":[[127.06075,37.66837],[127.06123,37.66837],[127.06135,37.66848],[127.06147,37.66859]]}},{"type":"Feature","properties":{"class":"alley","highway":"service","sidewalk":"unknown","lanes":0,"name":"","oneway":false},"geometry":{"type":"LineString","coordinates":[[127.06135,37.66848],[127.06153,37.66841],[127.0616,37.66843]]}},{"type":"Feature","properties":{"class":"alley","highway":"service","sidewalk":"unknown","lanes":0,"name":"","oneway":false},"geometry":{"type":"LineString","coordinates":[[127.0612,37.6674],[127.06164,37.6677],[127.06171,37.66775]]}},{"type":"Feature","properties":{"class":"alley","highway":"service","sidewalk":"unknown","lanes":0,"name":"","oneway":false},"geometry":{"type":"LineString","coordinates":[[127.06164,37.6677],[127.06154,37.66788],[127.06136,37.66791],[127.0614,37.66806]]}},{"type":"Feature","properties":{"class":"alley","highway":"service","sidewalk":"unknown","lanes":0,"name":"","oneway":false},"geometry":{"type":"LineString","coordinates":[[127.06021,37.66601],[127.06026,37.66581]]}},{"type":"Feature","properties":{"class":"alley","highway":"service","sidewalk":"unknown","lanes":0,"name":"","oneway":false},"geometry":{"type":"LineString","coordinates":[[127.06003,37.66595],[127.06009,37.66579]]}},{"type":"Feature","properties":{"class":"alley","highway":"service","sidewalk":"unknown","lanes":0,"name":"","oneway":false},"geometry":{"type":"LineString","coordinates":[[127.06026,37.66916],[127.06062,37.66938]]}},{"type":"Feature","properties":{"class":"alley","highway":"service","sidewalk":"unknown","lanes":0,"name":"","oneway":false},"geometry":{"type":"LineString","coordinates":[[127.05992,37.6695],[127.06029,37.66969],[127.06025,37.66983],[127.06008,37.66987]]}},{"type":"Feature","properties":{"class":"alley","highway":"service","sidewalk":"unknown","lanes":0,"name":"","oneway":false},"geometry":{"type":"LineString","coordinates":[[127.05901,37.67038],[127.05951,37.67069],[127.0595,37.67075],[127.06004,37.67086]]}},{"type":"Feature","properties":{"class":"minor","highway":"residential","sidewalk":"unknown","lanes":2,"name":"","oneway":false},"geometry":{"type":"LineString","coordinates":[[127.07403,37.66202],[127.07208,37.66029]]}},{"type":"Feature","properties":{"class":"alley","highway":"service","sidewalk":"unknown","lanes":0,"name":"","oneway":false},"geometry":{"type":"LineString","coordinates":[[127.06188,37.66703],[127.0619,37.66723],[127.06191,37.66727],[127.0624,37.66747],[127.06261,37.66744],[127.06288,37.6674],[127.06311,37.66737],[127.06327,37.66733],[127.06349,37.66714],[127.06385,37.66709]]}},{"type":"Feature","properties":{"class":"alley","highway":"service","sidewalk":"unknown","lanes":0,"name":"","oneway":false},"geometry":{"type":"LineString","coordinates":[[127.06155,37.66728],[127.0619,37.66723]]}},{"type":"Feature","properties":{"class":"alley","highway":"service","sidewalk":"unknown","lanes":0,"name":"","oneway":false},"geometry":{"type":"LineString","coordinates":[[127.0637,37.66671],[127.06381,37.66689],[127.06385,37.66709],[127.0639,37.66732],[127.06396,37.66759]]}},{"type":"Feature","properties":{"class":"alley","highway":"service","sidewalk":"unknown","lanes":0,"name":"","oneway":false},"geometry":{"type":"LineString","coordinates":[[127.06369,37.66735],[127.0639,37.66732]]}},{"type":"Feature","properties":{"class":"alley","highway":"service","sidewalk":"unknown","lanes":0,"name":"","oneway":false},"geometry":{"type":"LineString","coordinates":[[127.06261,37.66744],[127.06255,37.66714]]}},{"type":"Feature","properties":{"class":"alley","highway":"service","sidewalk":"unknown","lanes":0,"name":"","oneway":false},"geometry":{"type":"LineString","coordinates":[[127.06288,37.6674],[127.06296,37.6678],[127.06246,37.66786]]}},{"type":"Feature","properties":{"class":"alley","highway":"service","sidewalk":"unknown","lanes":0,"name":"","oneway":false},"geometry":{"type":"LineString","coordinates":[[127.06664,37.66736],[127.06702,37.66733],[127.06749,37.66729],[127.06763,37.66727],[127.06768,37.66731],[127.06785,37.66729],[127.06785,37.66721],[127.06824,37.66716]]}},{"type":"Feature","properties":{"class":"alley","highway":"service","sidewalk":"unknown","lanes":0,"name":"","oneway":false},"geometry":{"type":"LineString","coordinates":[[127.06785,37.66729],[127.06787,37.66743]]}},{"type":"Feature","properties":{"class":"alley","highway":"service","sidewalk":"unknown","lanes":0,"name":"","oneway":false},"geometry":{"type":"LineString","coordinates":[[127.06702,37.66733],[127.06704,37.66749],[127.0675,37.66744],[127.06759,37.66743]]}},{"type":"Feature","properties":{"class":"alley","highway":"service","sidewalk":"unknown","lanes":0,"name":"","oneway":false},"geometry":{"type":"LineString","coordinates":[[127.0675,37.66744],[127.06749,37.66729]]}},{"type":"Feature","properties":{"class":"alley","highway":"service","sidewalk":"unknown","lanes":0,"name":"","oneway":false},"geometry":{"type":"LineString","coordinates":[[127.06855,37.66684],[127.06861,37.66696],[127.06911,37.66691],[127.0691,37.66678]]}},{"type":"Feature","properties":{"class":"alley","highway":"service","sidewalk":"unknown","lanes":0,"name":"","oneway":false},"geometry":{"type":"LineString","coordinates":[[127.06911,37.66691],[127.06913,37.66711],[127.06925,37.66712],[127.06927,37.66733]]}},{"type":"Feature","properties":{"class":"alley","highway":"service","sidewalk":"unknown","lanes":0,"name":"","oneway":false},"geometry":{"type":"LineString","coordinates":[[127.06913,37.66711],[127.06896,37.66713],[127.06857,37.66718],[127.06861,37.66742],[127.06899,37.66739],[127.06896,37.66713]]}},{"type":"Feature","properties":{"class":"alley","highway":"service","sidewalk":"unknown","lanes":0,"name":"","oneway":false},"geometry":{"type":"LineString","coordinates":[[127.06832,37.66677],[127.06828,37.66658],[127.06818,37.66604],[127.06812,37.66571],[127.06808,37.66548],[127.06819,37.66545],[127.06816,37.66533]]}},{"type":"Feature","properties":{"class":"alley","highway":"service","sidewalk":"unknown","lanes":0,"name":"","oneway":false},"geometry":{"type":"LineString","coordinates":[[127.06819,37.66545],[127.06865,37.66537],[127.069,37.66554],[127.06914,37.66602],[127.06928,37.66597]]}},{"type":"Feature","properties":{"class":"alley","highway":"service","sidewalk":"unknown","lanes":0,"name":"","oneway":false},"geometry":{"type":"LineString","coordinates":[[127.06914,37.66602],[127.06893,37.66604],[127.06899,37.66622],[127.06889,37.66624],[127.06893,37.6664],[127.06899,37.66667],[127.06832,37.66677]]}},{"type":"Feature","properties":{"class":"alley","highway":"service","sidewalk":"unknown","lanes":0,"name":"","oneway":false},"geometry":{"type":"LineString","coordinates":[[127.06828,37.66658],[127.06845,37.66656]]}},{"type":"Feature","properties":{"class":"alley","highway":"service","sidewalk":"unknown","lanes":0,"name":"","oneway":false},"geometry":{"type":"LineString","coordinates":[[127.06865,37.66645],[127.06893,37.6664]]}},{"type":"Feature","properties":{"class":"alley","highway":"service","sidewalk":"unknown","lanes":0,"name":"","oneway":false},"geometry":{"type":"LineString","coordinates":[[127.06889,37.66624],[127.06861,37.66629]]}},{"type":"Feature","properties":{"class":"alley","highway":"service","sidewalk":"unknown","lanes":0,"name":"","oneway":false},"geometry":{"type":"LineString","coordinates":[[127.06818,37.66604],[127.06841,37.666],[127.06871,37.66594],[127.06864,37.66562],[127.06812,37.66571]]}},{"type":"Feature","properties":{"class":"alley","highway":"service","sidewalk":"unknown","lanes":0,"name":"","oneway":false},"geometry":{"type":"LineString","coordinates":[[127.06841,37.666],[127.06836,37.66573]]}},{"type":"Feature","properties":{"class":"alley","highway":"service","sidewalk":"unknown","lanes":0,"name":"한글비석로46가길","oneway":false},"geometry":{"type":"LineString","coordinates":[[127.0665,37.66643],[127.06671,37.66632],[127.06679,37.66611],[127.06697,37.66587],[127.06706,37.66569]]}},{"type":"Feature","properties":{"class":"alley","highway":"service","sidewalk":"unknown","lanes":0,"name":"","oneway":false},"geometry":{"type":"LineString","coordinates":[[127.06738,37.66606],[127.06769,37.66602]]}},{"type":"Feature","properties":{"class":"alley","highway":"service","sidewalk":"unknown","lanes":0,"name":"","oneway":false},"geometry":{"type":"LineString","coordinates":[[127.0673,37.66663],[127.06745,37.66661],[127.06777,37.66656]]}},{"type":"Feature","properties":{"class":"alley","highway":"service","sidewalk":"unknown","lanes":0,"name":"","oneway":false},"geometry":{"type":"LineString","coordinates":[[127.06745,37.66661],[127.06744,37.66643],[127.06771,37.66638]]}},{"type":"Feature","properties":{"class":"minor","highway":"residential","sidewalk":"unknown","lanes":0,"name":"","oneway":false},"geometry":{"type":"LineString","coordinates":[[127.0672,37.66452],[127.06757,37.66445]]}},{"type":"Feature","properties":{"class":"alley","highway":"service","sidewalk":"unknown","lanes":0,"name":"","oneway":false},"geometry":{"type":"LineString","coordinates":[[127.06757,37.66445],[127.06761,37.66446],[127.06766,37.66447],[127.06768,37.66454],[127.06771,37.66465],[127.06776,37.66484],[127.06781,37.66503],[127.06739,37.66511],[127.0675,37.66539],[127.06856,37.66514],[127.06885,37.66508]]}},{"type":"Feature","properties":{"class":"alley","highway":"service","sidewalk":"unknown","lanes":0,"name":"","oneway":false},"geometry":{"type":"LineString","coordinates":[[127.06738,37.66492],[127.06776,37.66484]]}},{"type":"Feature","properties":{"class":"alley","highway":"service","sidewalk":"unknown","lanes":0,"name":"","oneway":false},"geometry":{"type":"LineString","coordinates":[[127.06749,37.6647],[127.06771,37.66465]]}},{"type":"Feature","properties":{"class":"alley","highway":"service","sidewalk":"unknown","lanes":0,"name":"","oneway":false},"geometry":{"type":"LineString","coordinates":[[127.06856,37.66514],[127.06868,37.66489],[127.0685,37.66425],[127.0684,37.66419],[127.06768,37.66436],[127.06761,37.66446]]}},{"type":"Feature","properties":{"class":"alley","highway":"service","sidewalk":"unknown","lanes":0,"name":"","oneway":false},"geometry":{"type":"LineString","coordinates":[[127.06768,37.66454],[127.06799,37.66449],[127.06812,37.66496],[127.06836,37.66493],[127.06823,37.66445]]}},{"type":"Feature","properties":{"class":"major","highway":"secondary","sidewalk":"likely","lanes":0,"name":"한글비석로","oneway":false},"geometry":{"type":"LineString","coordinates":[[127.06619,37.66443],[127.06647,37.66437],[127.06669,37.66432],[127.06676,37.6643],[127.06679,37.66429],[127.06689,37.66425],[127.06709,37.66417]]}},{"type":"Feature","properties":{"class":"major","highway":"secondary","sidewalk":"likely","lanes":4,"name":"덕릉로","oneway":false},"geometry":{"type":"LineString","coordinates":[[127.07671,37.66451],[127.07702,37.66495],[127.07709,37.66503],[127.07739,37.66543],[127.07764,37.66577],[127.07775,37.66593],[127.07817,37.66646],[127.07838,37.66674],[127.07882,37.66734],[127.07884,37.66736],[127.07915,37.66777],[127.07957,37.66833],[127.07999,37.66883],[127.08011,37.669],[127.08022,37.66913],[127.0805,37.66949],[127.08055,37.66956],[127.08085,37.66991],[127.08103,37.67013]]}},{"type":"Feature","properties":{"class":"major","highway":"secondary","sidewalk":"likely","lanes":0,"name":"덕릉로","oneway":false},"geometry":{"type":"LineString","coordinates":[[127.07671,37.66451],[127.07642,37.66411],[127.0762,37.6638],[127.07611,37.66363],[127.07604,37.66349],[127.076,37.66338],[127.07597,37.66324],[127.07595,37.66311],[127.07586,37.66253],[127.07573,37.66182],[127.07562,37.66116],[127.07554,37.66067],[127.07552,37.66063],[127.07542,37.65997],[127.07537,37.6597],[127.07528,37.65914],[127.07513,37.65816],[127.07509,37.65788],[127.07506,37.65775]]}},{"type":"Feature","properties":{"class":"major","highway":"secondary","sidewalk":"likely","lanes":0,"name":"","oneway":true},"geometry":{"type":"LineString","coordinates":[[127.07536,37.6627],[127.0755,37.66271],[127.07558,37.66271],[127.07572,37.66267],[127.07575,37.66265],[127.07577,37.66264],[127.07581,37.6626],[127.07586,37.66253]]}},{"type":"Feature","properties":{"class":"major","highway":"secondary","sidewalk":"likely","lanes":0,"name":"상계로","oneway":false},"geometry":{"type":"LineString","coordinates":[[127.07555,37.66348],[127.07551,37.66315],[127.07549,37.66301],[127.07546,37.66289],[127.07543,37.66282],[127.0754,37.66275],[127.07536,37.6627]]}},{"type":"Feature","properties":{"class":"major","highway":"secondary","sidewalk":"likely","lanes":0,"name":"상계로","oneway":false},"geometry":{"type":"LineString","coordinates":[[127.07246,37.65998],[127.07274,37.6603]]}},{"type":"Feature","properties":{"class":"major","highway":"tertiary","sidewalk":"likely","lanes":0,"name":"한글비석로22길","oneway":true},"geometry":{"type":"LineString","coordinates":[[127.07307,37.6601],[127.0731,37.66014],[127.07318,37.66022],[127.07344,37.66049],[127.07399,37.66107]]}},{"type":"Feature","properties":{"class":"major","highway":"secondary","sidewalk":"likely","lanes":0,"name":"상계로","oneway":false},"geometry":{"type":"LineString","coordinates":[[127.07274,37.6603],[127.07292,37.66049],[127.07366,37.66124]]}},{"type":"Feature","properties":{"class":"major","highway":"secondary","sidewalk":"likely","lanes":0,"name":"한글비석로","oneway":false},"geometry":{"type":"LineString","coordinates":[[127.06709,37.66417],[127.06739,37.66403],[127.0675,37.66398],[127.06777,37.66382],[127.06793,37.6637],[127.06826,37.66343],[127.06868,37.6631],[127.06884,37.66298],[127.06892,37.66291],[127.06927,37.66268],[127.0693,37.66265],[127.06952,37.66246],[127.06981,37.66222],[127.06984,37.66219],[127.06994,37.6621],[127.07007,37.662],[127.07018,37.6619],[127.07036,37.66175],[127.0705,37.66163],[127.07053,37.66161],[127.07062,37.66153],[127.07063,37.66152],[127.07075,37.66143],[127.07082,37.66137],[127.07093,37.66127],[127.07109,37.66114],[127.07117,37.66107],[127.07131,37.66096],[127.07138,37.6609]]}},{"type":"Feature","properties":{"class":"minor","highway":"residential","sidewalk":"unknown","lanes":0,"name":"","oneway":true},"geometry":{"type":"LineString","coordinates":[[127.07394,37.6611],[127.07374,37.6612]]}},{"type":"Feature","properties":{"class":"major","highway":"secondary","sidewalk":"likely","lanes":0,"name":"상계로","oneway":false},"geometry":{"type":"LineString","coordinates":[[127.07366,37.66124],[127.07406,37.66158],[127.0742,37.6617]]}},{"type":"Feature","properties":{"class":"major","highway":"tertiary","sidewalk":"likely","lanes":0,"name":"한글비석로24길","oneway":false},"geometry":{"type":"LineString","coordinates":[[127.07378,37.66348],[127.07352,37.663]]}},{"type":"Feature","properties":{"class":"minor","highway":"residential","sidewalk":"unknown","lanes":0,"name":"한글비석로24바길","oneway":false},"geometry":{"type":"LineString","coordinates":[[127.06966,37.66668],[127.0697,37.66667],[127.06992,37.66655],[127.06994,37.66653],[127.06994,37.66653],[127.07009,37.66639],[127.0701,37.66637],[127.07018,37.66631],[127.0702,37.66629],[127.07042,37.66612],[127.07075,37.66587],[127.07079,37.66585]]}},{"type":"Feature","properties":{"class":"minor","highway":"residential","sidewalk":"unknown","lanes":0,"name":"한글비석로46길","oneway":false},"geometry":{"type":"LineString","coordinates":[[127.06966,37.66668],[127.06928,37.66597],[127.06927,37.66595],[127.06899,37.66514]]}},{"type":"Feature","properties":{"class":"minor","highway":"residential","sidewalk":"unknown","lanes":0,"name":"한글비석로46길","oneway":false},"geometry":{"type":"LineString","coordinates":[[127.06899,37.66514],[127.06885,37.66476],[127.0686,37.66408]]}},{"type":"Feature","properties":{"class":"minor","highway":"residential","sidewalk":"unknown","lanes":0,"name":"한글비석로46가길","oneway":false},"geometry":{"type":"LineString","coordinates":[[127.06728,37.66553],[127.06698,37.66559],[127.06689,37.66561],[127.06638,37.66569]]}},{"type":"Feature","properties":{"class":"major","highway":"tertiary","sidewalk":"likely","lanes":2,"name":"수락산로","oneway":false},"geometry":{"type":"LineString","coordinates":[[127.06056,37.66885],[127.06026,37.66916],[127.05992,37.6695],[127.05953,37.66989],[127.05946,37.66996],[127.05901,37.67038],[127.05887,37.67051],[127.05871,37.67068],[127.05854,37.67084],[127.05845,37.6709],[127.05836,37.67096],[127.05828,37.67099],[127.05821,37.67101],[127.05812,37.67102],[127.05804,37.67102],[127.0579,37.67101],[127.05779,37.671],[127.05759,37.67092],[127.05722,37.67079],[127.05656,37.67052],[127.05633,37.67049],[127.05622,37.67048]]}},{"type":"Feature","properties":{"class":"major","highway":"tertiary","sidewalk":"likely","lanes":0,"name":"동일로228길","oneway":false},"geometry":{"type":"LineString","coordinates":[[127.05997,37.66838],[127.06048,37.6688],[127.06056,37.66885]]}},{"type":"Feature","properties":{"class":"major","highway":"secondary","sidewalk":"likely","lanes":0,"name":"한글비석로","oneway":false},"geometry":{"type":"LineString","coordinates":[[127.06344,37.6648],[127.06405,37.66468],[127.06481,37.66459],[127.06608,37.66444],[127.06619,37.66443]]}},{"type":"Feature","properties":{"class":"major","highway":"tertiary","sidewalk":"likely","lanes":0,"name":"한글비석로52길","oneway":false},"geometry":{"type":"LineString","coordinates":[[127.06659,37.66704],[127.06661,37.66716],[127.06664,37.66736],[127.06667,37.66754],[127.06671,37.66781]]}},{"type":"Feature","properties":{"class":"major","highway":"secondary","sidewalk":"likely","lanes":0,"name":"한글비석로","oneway":false},"geometry":{"type":"LineString","coordinates":[[127.07138,37.6609],[127.07144,37.66085],[127.07164,37.66067],[127.07181,37.66052],[127.07208,37.66029],[127.07215,37.66023],[127.07246,37.65998]]}},{"type":"Feature","properties":{"class":"major","highway":"secondary","sidewalk":"likely","lanes":0,"name":"한글비석로","oneway":false},"geometry":{"type":"LineString","coordinates":[[127.0611,37.66508],[127.06158,37.66515],[127.06185,37.66518],[127.06192,37.66518],[127.06198,37.66519],[127.06215,37.66518],[127.06234,37.66515],[127.06259,37.66508],[127.06344,37.6648]]}},{"type":"Feature","properties":{"class":"minor","highway":"residential","sidewalk":"unknown","lanes":0,"name":"동일로242길","oneway":false},"geometry":{"type":"LineString","coordinates":[[127.06015,37.67449],[127.06029,37.67451],[127.06041,37.67453],[127.0606,37.67455],[127.06071,37.67454],[127.06082,37.67453],[127.06101,37.67451],[127.06123,37.67446],[127.06124,37.67446],[127.06141,37.67443],[127.06152,37.67442],[127.06162,37.67443],[127.0617,37.67447],[127.06189,37.67464]]}},{"type":"Feature","properties":{"class":"major","highway":"secondary","sidewalk":"likely","lanes":0,"name":"상계로","oneway":false},"geometry":{"type":"LineString","coordinates":[[127.0742,37.6617],[127.07438,37.66185],[127.07474,37.66216],[127.07527,37.66262],[127.07536,37.6627]]}},{"type":"Feature","properties":{"class":"major","highway":"tertiary","sidewalk":"likely","lanes":0,"name":"수락산로","oneway":false},"geometry":{"type":"LineString","coordinates":[[127.07489,37.664],[127.07448,37.66431],[127.07421,37.66452],[127.07394,37.66469],[127.07386,37.66475],[127.07382,37.66478],[127.07375,37.66483],[127.07351,37.66501],[127.07328,37.66518],[127.07307,37.66533],[127.07284,37.66551],[127.07281,37.66553],[127.07278,37.66555],[127.07266,37.66564],[127.07236,37.66588],[127.07228,37.66594],[127.07206,37.66609],[127.07181,37.66626],[127.07156,37.66644],[127.07148,37.66649],[127.07122,37.66668],[127.071,37.66684],[127.07099,37.66685],[127.07078,37.66699],[127.07058,37.66714],[127.07015,37.66742],[127.07004,37.66748],[127.06999,37.6675],[127.0696,37.66762],[127.06951,37.66764],[127.06936,37.66769],[127.06904,37.66772],[127.06897,37.66773],[127.06833,37.66777],[127.06692,37.6678],[127.06671,37.66781],[127.06618,37.66784],[127.06582,37.66786],[127.06548,37.66788],[127.06497,37.66793],[127.0633,37.66829],[127.06284,37.66841],[127.06257,37.66848],[127.06249,37.6685],[127.06148,37.66878],[127.06124,37.66881],[127.06115,37.66882],[127.06065,37.66886],[127.06056,37.66885]]}},{"type":"Feature","properties":{"class":"alley","highway":"service","sidewalk":"unknown","lanes":0,"name":"","oneway":false},"geometry":{"type":"LineString","coordinates":[[127.062,37.66543],[127.06198,37.66519]]}},{"type":"Feature","properties":{"class":"minor","highway":"residential","sidewalk":"unknown","lanes":0,"name":"","oneway":false},"geometry":{"type":"LineString","coordinates":[[127.0799,37.66175],[127.07968,37.66177],[127.07953,37.66177],[127.07949,37.66177],[127.07918,37.66186],[127.0787,37.66228]]}},{"type":"Feature","properties":{"class":"minor","highway":"residential","sidewalk":"unknown","lanes":1,"name":"","oneway":false},"geometry":{"type":"LineString","coordinates":[[127.07007,37.666],[127.06997,37.66604],[127.06994,37.66608],[127.07,37.66615],[127.07005,37.66622],[127.07017,37.6663],[127.07018,37.66631]]}},{"type":"Feature","properties":{"class":"minor","highway":"residential","sidewalk":"unknown","lanes":0,"name":"한글비석로24가길","oneway":false},"geometry":{"type":"LineString","coordinates":[[127.06985,37.6633],[127.07022,37.66356]]}},{"type":"Feature","properties":{"class":"major","highway":"secondary","sidewalk":"likely","lanes":6,"name":"노원로","oneway":false},"geometry":{"type":"LineString","coordinates":[[127.05946,37.6611],[127.05989,37.66106],[127.06146,37.66091],[127.06168,37.66089],[127.06189,37.66085],[127.06221,37.66079],[127.06241,37.66074],[127.06267,37.66065],[127.06288,37.66058],[127.06319,37.66043],[127.06332,37.66037],[127.06367,37.66016],[127.06373,37.6601],[127.06375,37.66008],[127.06401,37.65985],[127.06425,37.65964],[127.06426,37.65963],[127.06465,37.6592],[127.06492,37.65891]]}},{"type":"Feature","properties":{"class":"minor","highway":"residential","sidewalk":"unknown","lanes":0,"name":"상계로3길","oneway":false},"geometry":{"type":"LineString","coordinates":[[127.06264,37.65966],[127.06375,37.66008]]}},{"type":"Feature","properties":{"class":"minor","highway":"residential","sidewalk":"unknown","lanes":0,"name":"한글비석로24자길","oneway":false},"geometry":{"type":"LineString","coordinates":[[127.07395,37.66431],[127.07421,37.66452]]}},{"type":"Feature","properties":{"class":"minor","highway":"residential","sidewalk":"unknown","lanes":0,"name":"한글비석로24아길","oneway":false},"geometry":{"type":"LineString","coordinates":[[127.07377,37.66416],[127.07395,37.66431]]}},{"type":"Feature","properties":{"class":"minor","highway":"residential","sidewalk":"unknown","lanes":0,"name":"한글비석로24사길","oneway":false},"geometry":{"type":"LineString","coordinates":[[127.07358,37.66401],[127.07377,37.66416]]}},{"type":"Feature","properties":{"class":"minor","highway":"residential","sidewalk":"unknown","lanes":0,"name":"수락산로","oneway":false},"geometry":{"type":"LineString","coordinates":[[127.07078,37.66699],[127.07095,37.66732]]}},{"type":"Feature","properties":{"class":"minor","highway":"residential","sidewalk":"unknown","lanes":0,"name":"한글비석로24다길","oneway":false},"geometry":{"type":"LineString","coordinates":[[127.06952,37.66471],[127.06979,37.66487]]}},{"type":"Feature","properties":{"class":"minor","highway":"residential","sidewalk":"unknown","lanes":0,"name":"상계로35가길","oneway":false},"geometry":{"type":"LineString","coordinates":[[127.0789,37.67374],[127.07911,37.67395]]}},{"type":"Feature","properties":{"class":"minor","highway":"residential","sidewalk":"unknown","lanes":0,"name":"상계로35가길","oneway":false},"geometry":{"type":"LineString","coordinates":[[127.07959,37.67292],[127.07995,37.67279]]}},{"type":"Feature","properties":{"class":"minor","highway":"residential","sidewalk":"unknown","lanes":0,"name":"","oneway":true},"geometry":{"type":"LineString","coordinates":[[127.0757,37.66577],[127.07572,37.66582],[127.07574,37.66584],[127.07576,37.66586],[127.07595,37.66606],[127.07599,37.66611],[127.07601,37.66616],[127.07603,37.66622],[127.07609,37.66643],[127.07621,37.66673],[127.07634,37.66694],[127.07643,37.66707],[127.07655,37.66721],[127.07664,37.6673]]}},{"type":"Feature","properties":{"class":"minor","highway":"residential","sidewalk":"unknown","lanes":0,"name":"","oneway":false},"geometry":{"type":"LineString","coordinates":[[127.07889,37.66953],[127.0787,37.66962]]}},{"type":"Feature","properties":{"class":"minor","highway":"residential","sidewalk":"unknown","lanes":0,"name":"덕릉로113가길","oneway":false},"geometry":{"type":"LineString","coordinates":[[127.07831,37.66815],[127.07802,37.66829]]}},{"type":"Feature","properties":{"class":"minor","highway":"residential","sidewalk":"unknown","lanes":0,"name":"덕릉로115나길","oneway":false},"geometry":{"type":"LineString","coordinates":[[127.07865,37.668],[127.07831,37.66815]]}},{"type":"Feature","properties":{"class":"minor","highway":"residential","sidewalk":"unknown","lanes":0,"name":"덕릉로115가길","oneway":false},"geometry":{"type":"LineString","coordinates":[[127.07888,37.66789],[127.07865,37.668]]}},{"type":"Feature","properties":{"class":"minor","highway":"residential","sidewalk":"unknown","lanes":0,"name":"","oneway":false},"geometry":{"type":"LineString","coordinates":[[127.07729,37.66591],[127.07729,37.66592],[127.07751,37.66626],[127.07749,37.66637]]}},{"type":"Feature","properties":{"class":"minor","highway":"residential","sidewalk":"unknown","lanes":0,"name":"한글비석로20길","oneway":true},"geometry":{"type":"LineString","coordinates":[[127.07343,37.66008],[127.07371,37.6599]]}},{"type":"Feature","properties":{"class":"minor","highway":"residential","sidewalk":"unknown","lanes":0,"name":"한글비석로24라길","oneway":false},"geometry":{"type":"LineString","coordinates":[[127.07168,37.66425],[127.07148,37.66418]]}},{"type":"Feature","properties":{"class":"minor","highway":"residential","sidewalk":"unknown","lanes":0,"name":"한글비석로24다길","oneway":false},"geometry":{"type":"LineString","coordinates":[[127.07207,37.66323],[127.07223,37.66311]]}},{"type":"Feature","properties":{"class":"minor","highway":"residential","sidewalk":"unknown","lanes":0,"name":"","oneway":false},"geometry":{"type":"LineString","coordinates":[[127.07192,37.66332],[127.07205,37.66322]]}},{"type":"Feature","properties":{"class":"minor","highway":"residential","sidewalk":"unknown","lanes":0,"name":"한글비석로24다길","oneway":false},"geometry":{"type":"LineString","coordinates":[[127.07195,37.66286],[127.07204,37.66294],[127.07223,37.66311]]}},{"type":"Feature","properties":{"class":"minor","highway":"residential","sidewalk":"unknown","lanes":0,"name":"한글비석로49길","oneway":false},"geometry":{"type":"LineString","coordinates":[[127.06628,37.66148],[127.0657,37.66156]]}},{"type":"Feature","properties":{"class":"minor","highway":"residential","sidewalk":"unknown","lanes":0,"name":"한글비석로37길","oneway":false},"geometry":{"type":"LineString","coordinates":[[127.06906,37.66168],[127.06919,37.66157]]}},{"type":"Feature","properties":{"class":"minor","highway":"residential","sidewalk":"unknown","lanes":0,"name":"한글비석로35길","oneway":false},"geometry":{"type":"LineString","coordinates":[[127.06919,37.66157],[127.06927,37.66151],[127.06947,37.66135]]}},{"type":"Feature","properties":{"class":"minor","highway":"residential","sidewalk":"unknown","lanes":0,"name":"한글비석로31길","oneway":false},"geometry":{"type":"LineString","coordinates":[[127.06964,37.6612],[127.06985,37.66104]]}},{"type":"Feature","properties":{"class":"minor","highway":"residential","sidewalk":"unknown","lanes":0,"name":"한글비석로33길","oneway":false},"geometry":{"type":"LineString","coordinates":[[127.06947,37.66135],[127.06964,37.6612]]}},{"type":"Feature","properties":{"class":"minor","highway":"residential","sidewalk":"unknown","lanes":0,"name":"한글비석로47길","oneway":false},"geometry":{"type":"LineString","coordinates":[[127.06605,37.66113],[127.06651,37.66051]]}},{"type":"Feature","properties":{"class":"minor","highway":"residential","sidewalk":"unknown","lanes":1,"name":"상계로31길","oneway":false},"geometry":{"type":"LineString","coordinates":[[127.07632,37.67097],[127.07673,37.67124],[127.07709,37.67151]]}},{"type":"Feature","properties":{"class":"major","highway":"secondary","sidewalk":"likely","lanes":2,"name":"상계로","oneway":false},"geometry":{"type":"LineString","coordinates":[[127.07889,37.67043],[127.07873,37.67026],[127.07854,37.67004],[127.07812,37.66953],[127.07799,37.66937],[127.07774,37.66907]]}},{"type":"Feature","properties":{"class":"major","highway":"secondary","sidewalk":"likely","lanes":2,"name":"상계로","oneway":false},"geometry":{"type":"LineString","coordinates":[[127.07774,37.66907],[127.07759,37.66887],[127.07721,37.66844],[127.07694,37.66809],[127.07648,37.66752],[127.07647,37.66751],[127.07647,37.6675],[127.07646,37.66749],[127.07646,37.66748],[127.07645,37.6674],[127.07634,37.66726],[127.07618,37.66707],[127.07601,37.66686],[127.07586,37.6666],[127.07582,37.66653],[127.07579,37.66645],[127.07577,37.66637],[127.07574,37.66627],[127.07573,37.66617],[127.07572,37.66602],[127.0757,37.66577]]}},{"type":"Feature","properties":{"class":"minor","highway":"residential","sidewalk":"unknown","lanes":0,"name":"덕릉로95가길","oneway":false},"geometry":{"type":"LineString","coordinates":[[127.07716,37.66575],[127.07729,37.66591]]}},{"type":"Feature","properties":{"class":"major","highway":"secondary","sidewalk":"likely","lanes":2,"name":"상계로","oneway":true},"geometry":{"type":"LineString","coordinates":[[127.07929,37.67033],[127.07927,37.67032],[127.07925,37.67032],[127.07924,37.67032],[127.07921,37.67031],[127.07919,37.67031],[127.07917,37.67032],[127.07902,37.67039]]}},{"type":"Feature","properties":{"class":"major","highway":"secondary","sidewalk":"likely","lanes":2,"name":"상계로","oneway":false},"geometry":{"type":"LineString","coordinates":[[127.07939,37.67038],[127.07938,37.67036],[127.07934,37.67035]]}},{"type":"Feature","properties":{"class":"minor","highway":"residential","sidewalk":"unknown","lanes":0,"name":"","oneway":false},"geometry":{"type":"LineString","coordinates":[[127.06028,37.67499],[127.06028,37.67462],[127.06029,37.67451]]}},{"type":"Feature","properties":{"class":"minor","highway":"residential","sidewalk":"unknown","lanes":0,"name":"","oneway":false},"geometry":{"type":"LineString","coordinates":[[127.06671,37.66007],[127.06704,37.65979]]}},{"type":"Feature","properties":{"class":"minor","highway":"residential","sidewalk":"unknown","lanes":0,"name":"","oneway":false},"geometry":{"type":"LineString","coordinates":[[127.06642,37.65997],[127.06671,37.66007],[127.06697,37.66016]]}},{"type":"Feature","properties":{"class":"minor","highway":"residential","sidewalk":"unknown","lanes":0,"name":"","oneway":false},"geometry":{"type":"LineString","coordinates":[[127.06757,37.66234],[127.06745,37.66237],[127.06732,37.6624],[127.06718,37.66242],[127.06707,37.66241],[127.06695,37.66242],[127.06681,37.66244]]}},{"type":"Feature","properties":{"class":"minor","highway":"residential","sidewalk":"unknown","lanes":0,"name":"","oneway":false},"geometry":{"type":"LineString","coordinates":[[127.06831,37.66218],[127.06814,37.66158]]}},{"type":"Feature","properties":{"class":"minor","highway":"residential","sidewalk":"unknown","lanes":0,"name":"","oneway":false},"geometry":{"type":"LineString","coordinates":[[127.06676,37.66212],[127.06693,37.66213],[127.06711,37.66212],[127.06736,37.66209],[127.06744,37.66208],[127.06764,37.66205],[127.0677,37.662],[127.06769,37.66192],[127.06764,37.66179],[127.06758,37.66167]]}},{"type":"Feature","properties":{"class":"minor","highway":"residential","sidewalk":"unknown","lanes":0,"name":"","oneway":false},"geometry":{"type":"LineString","coordinates":[[127.06741,37.66223],[127.06736,37.66209]]}},{"type":"Feature","properties":{"class":"minor","highway":"residential","sidewalk":"unknown","lanes":0,"name":"","oneway":false},"geometry":{"type":"LineString","coordinates":[[127.06711,37.66212],[127.06719,37.6623]]}},{"type":"Feature","properties":{"class":"minor","highway":"residential","sidewalk":"unknown","lanes":0,"name":"","oneway":false},"geometry":{"type":"LineString","coordinates":[[127.06756,37.66254],[127.06745,37.66237]]}},{"type":"Feature","properties":{"class":"minor","highway":"residential","sidewalk":"unknown","lanes":0,"name":"","oneway":false},"geometry":{"type":"LineString","coordinates":[[127.06764,37.66205],[127.06769,37.66214],[127.06775,37.66223],[127.06783,37.66227],[127.06792,37.66228],[127.06802,37.66232]]}},{"type":"Feature","properties":{"class":"minor","highway":"residential","sidewalk":"unknown","lanes":0,"name":"","oneway":false},"geometry":{"type":"LineString","coordinates":[[127.06736,37.66209],[127.06724,37.66182]]}},{"type":"Feature","properties":{"class":"minor","highway":"residential","sidewalk":"unknown","lanes":0,"name":"","oneway":false},"geometry":{"type":"LineString","coordinates":[[127.07166,37.66592],[127.0712,37.66553],[127.07081,37.66525]]}},{"type":"Feature","properties":{"class":"minor","highway":"residential","sidewalk":"unknown","lanes":0,"name":"","oneway":false},"geometry":{"type":"LineString","coordinates":[[127.07047,37.66512],[127.07064,37.66571]]}},{"type":"Feature","properties":{"class":"minor","highway":"residential","sidewalk":"unknown","lanes":0,"name":"","oneway":false},"geometry":{"type":"LineString","coordinates":[[127.06979,37.66487],[127.07036,37.66433]]}},{"type":"Feature","properties":{"class":"minor","highway":"residential","sidewalk":"unknown","lanes":0,"name":"","oneway":false},"geometry":{"type":"LineString","coordinates":[[127.07008,37.66509],[127.07,37.66522],[127.06996,37.66527],[127.0699,37.66531],[127.06973,37.66541],[127.06969,37.66544],[127.06966,37.66545],[127.06963,37.66544],[127.06959,37.66541]]}},{"type":"Feature","properties":{"class":"alley","highway":"service","sidewalk":"unknown","lanes":0,"name":"","oneway":false},"geometry":{"type":"LineString","coordinates":[[127.06041,37.67453],[127.06043,37.67464],[127.06048,37.67518],[127.05912,37.67536]]}},{"type":"Feature","properties":{"class":"minor","highway":"residential","sidewalk":"unknown","lanes":0,"name":"","oneway":false},"geometry":{"type":"LineString","coordinates":[[127.07844,37.66935],[127.07812,37.66953]]}},{"type":"Feature","properties":{"class":"major","highway":"secondary","sidewalk":"likely","lanes":2,"name":"상계로","oneway":true},"geometry":{"type":"LineString","coordinates":[[127.07897,37.67035],[127.07913,37.67026],[127.07916,37.67026],[127.07919,37.67026],[127.07922,37.67027],[127.07925,37.67028],[127.07934,37.67035]]}},{"type":"Feature","properties":{"class":"major","highway":"secondary","sidewalk":"likely","lanes":2,"name":"상계로","oneway":true},"geometry":{"type":"LineString","coordinates":[[127.07902,37.67039],[127.07896,37.67043],[127.07894,37.67043],[127.07892,37.67043],[127.07889,37.67043]]}},{"type":"Feature","properties":{"class":"major","highway":"secondary","sidewalk":"likely","lanes":2,"name":"상계로","oneway":true},"geometry":{"type":"LineString","coordinates":[[127.07889,37.67043],[127.0789,37.67041],[127.07891,37.67038],[127.07894,37.67037],[127.07897,37.67035]]}},{"type":"Feature","properties":{"class":"major","highway":"secondary","sidewalk":"likely","lanes":2,"name":"상계로","oneway":true},"geometry":{"type":"LineString","coordinates":[[127.07934,37.67035],[127.07929,37.67033]]}},{"type":"Feature","properties":{"class":"minor","highway":"residential","sidewalk":"unknown","lanes":0,"name":"덕릉로115다길","oneway":false},"geometry":{"type":"LineString","coordinates":[[127.07922,37.67023],[127.07924,37.67024],[127.07924,37.67025],[127.07925,37.67026],[127.07925,37.67028]]}},{"type":"Feature","properties":{"class":"major","highway":"secondary_link","sidewalk":"likely","lanes":0,"name":"","oneway":true},"geometry":{"type":"LineString","coordinates":[[127.07557,37.66399],[127.07555,37.66394],[127.07552,37.6639],[127.07549,37.66387],[127.07544,37.66384],[127.07539,37.66381],[127.07535,37.66379],[127.0753,37.66378],[127.07524,37.66378],[127.07521,37.66378],[127.07518,37.66379],[127.0751,37.66384]]}},{"type":"Feature","properties":{"class":"major","highway":"tertiary","sidewalk":"likely","lanes":0,"name":"수락산로","oneway":false},"geometry":{"type":"LineString","coordinates":[[127.07597,37.66324],[127.07555,37.66348]]}},{"type":"Feature","properties":{"class":"minor","highway":"residential","sidewalk":"unknown","lanes":0,"name":"","oneway":true},"geometry":{"type":"LineString","coordinates":[[127.07274,37.6603],[127.07281,37.66026]]}},{"type":"Feature","properties":{"class":"minor","highway":"residential","sidewalk":"unknown","lanes":0,"name":"","oneway":true},"geometry":{"type":"LineString","coordinates":[[127.07299,37.66015],[127.07302,37.66013],[127.07307,37.6601]]}},{"type":"Feature","properties":{"class":"minor","highway":"residential","sidewalk":"unknown","lanes":0,"name":"","oneway":true},"geometry":{"type":"LineString","coordinates":[[127.07374,37.6612],[127.07366,37.66124]]}},{"type":"Feature","properties":{"class":"minor","highway":"residential","sidewalk":"unknown","lanes":0,"name":"","oneway":true},"geometry":{"type":"LineString","coordinates":[[127.07399,37.66107],[127.07398,37.66108],[127.07396,37.66109],[127.07394,37.6611]]}},{"type":"Feature","properties":{"class":"major","highway":"tertiary","sidewalk":"likely","lanes":0,"name":"","oneway":false},"geometry":{"type":"LineString","coordinates":[[127.07671,37.66451],[127.07633,37.6647],[127.07615,37.66479],[127.07603,37.66484],[127.07595,37.66486],[127.07586,37.66487],[127.07576,37.66488],[127.07564,37.66489]]}},{"type":"Feature","properties":{"class":"major","highway":"tertiary","sidewalk":"likely","lanes":0,"name":"수락산로","oneway":false},"geometry":{"type":"LineString","coordinates":[[127.07555,37.66348],[127.07533,37.66365]]}},{"type":"Feature","properties":{"class":"minor","highway":"residential","sidewalk":"unknown","lanes":0,"name":"덕릉로82길","oneway":false},"geometry":{"type":"LineString","coordinates":[[127.07691,37.65999],[127.07717,37.66007],[127.07767,37.6602],[127.07796,37.65965]]}},{"type":"Feature","properties":{"class":"major","highway":"secondary","sidewalk":"likely","lanes":4,"name":"한글비석로","oneway":false},"geometry":{"type":"LineString","coordinates":[[127.0576,37.6645],[127.05776,37.66451],[127.05791,37.66454],[127.05814,37.66458],[127.05841,37.66463],[127.05918,37.66475],[127.06104,37.66507],[127.0611,37.66508]]}},{"type":"Feature","properties":{"class":"minor","highway":"residential","sidewalk":"unknown","lanes":0,"name":"덕릉로129길","oneway":true},"geometry":{"type":"LineString","coordinates":[[127.07982,37.67405],[127.0799,37.67418],[127.08002,37.67431],[127.08009,37.67451],[127.08011,37.67464],[127.08007,37.6747],[127.08,37.67475]]}},{"type":"Feature","properties":{"class":"minor","highway":"residential","sidewalk":"unknown","lanes":0,"name":"덕릉로129길","oneway":true},"geometry":{"type":"LineString","coordinates":[[127.08,37.67475],[127.07999,37.6747],[127.07991,37.6745],[127.07988,37.67445],[127.07984,37.67437],[127.07976,37.67424],[127.07976,37.67413],[127.07982,37.67405]]}},{"type":"Feature","properties":{"class":"minor","highway":"residential","sidewalk":"unknown","lanes":0,"name":"덕릉로129길","oneway":false},"geometry":{"type":"LineString","coordinates":[[127.07982,37.67405],[127.07988,37.6739],[127.07998,37.67383],[127.08005,37.67377],[127.08018,37.67367],[127.0802,37.67358],[127.08027,37.67348],[127.08036,37.6734],[127.08043,37.67339],[127.08048,37.67337],[127.08058,37.67331],[127.08072,37.67322],[127.08086,37.67316],[127.08109,37.67306],[127.08129,37.67298],[127.08149,37.67289]]}}]}